source_dataset,case_id,base_case_id,split_group,source_split,operation_id,axis,pp,pp0,llcoil,rrc,nncoil,rrce,zzc,fields_npz,structure_npz,coil_01_active,coil_01_r_center,coil_01_z_center,coil_01_width,coil_01_height,coil_02_active,coil_02_r_center,coil_02_z_center,coil_02_width,coil_02_height,coil_03_active,coil_03_r_center,coil_03_z_center,coil_03_width,coil_03_height,coil_04_active,coil_04_r_center,coil_04_z_center,coil_04_width,coil_04_height,coil_05_active,coil_05_r_center,coil_05_z_center,coil_05_width,coil_05_height,coil_06_active,coil_06_r_center,coil_06_z_center,coil_06_width,coil_06_height
legacy_stage4,case_g001_op01,case_g001,case_g001,train,op01,0.0,2544.405,0.004861,1.0145,9.2677,2.0,24.3392,4.2826,fields/case_g001_op01.npz,structure_features/case_g001_op01.npz,1.0,9.77495,18.78985,1.0145,1.0145,1.0,17.3107,18.78985,1.0145,1.0145,0.0,0.0,0.0,0.0,0.0,0.0,0.0,0.0,0.0,0.0,0.0,0.0,0.0,0.0,0.0,0.0,0.0,0.0,0.0,0.0
legacy_stage4,case_g001_op02,case_g001,case_g001,train,op02,0.0,898.414,0.018023,1.0145,9.2677,2.0,24.3392,4.2826,fields/case_g001_op02.npz,structure_features/case_g001_op02.npz,1.0,9.77495,18.78985,1.0145,1.0145,1.0,17.3107,18.78985,1.0145,1.0145,0.0,0.0,0.0,0.0,0.0,0.0,0.0,0.0,0.0,0.0,0.0,0.0,0.0,0.0,0.0,0.0,0.0,0.0,0.0,0.0
legacy_stage4,case_g001_op03,case_g001,case_g001,train,op03,0.0,1924.545,0.012253,1.0145,9.2677,2.0,24.3392,4.2826,fields/case_g001_op03.npz,structure_features/case_g001_op03.npz,1.0,9.77495,18.78985,1.0145,1.0145,1.0,17.3107,18.78985,1.0145,1.0145,0.0,0.0,0.0,0.0,0.0,0.0,0.0,0.0,0.0,0.0,0.0,0.0,0.0,0.0,0.0,0.0,0.0,0.0,0.0,0.0
legacy_stage4,case_g001_op04,case_g001,case_g001,train,op04,0.0,1253.892,0.078856,1.0145,9.2677,2.0,24.3392,4.2826,fields/case_g001_op04.npz,structure_features/case_g001_op04.npz,1.0,9.77495,18.78985,1.0145,1.0145,1.0,17.3107,18.78985,1.0145,1.0145,0.0,0.0,0.0,0.0,0.0,0.0,0.0,0.0,0.0,0.0,0.0,0.0,0.0,0.0,0.0,0.0,0.0,0.0,0.0,0.0
legacy_stage4,case_g001_op05,case_g001,case_g001,train,op05,0.0,2840.12,0.008301,1.0145,9.2677,2.0,24.3392,4.2826,fields/case_g001_op05.npz,structure_features/case_g001_op05.npz,1.0,9.77495,18.78985,1.0145,1.0145,1.0,17.3107,18.78985,1.0145,1.0145,0.0,0.0,0.0,0.0,0.0,0.0,0.0,0.0,0.0,0.0,0.0,0.0,0.0,0.0,0.0,0.0,0.0,0.0,0.0,0.0
legacy_stage4,case_g001_op06,case_g001,case_g001,train,op06,0.0,1380.501,0.03792,1.0145,9.2677,2.0,24.3392,4.2826,fields/case_g001_op06.npz,structure_features/case_g001_op06.npz,1.0,9.77495,18.78985,1.0145,1.0145,1.0,17.3107,18.78985,1.0145,1.0145,0.0,0.0,0.0,0.0,0.0,0.0,0.0,0.0,0.0,0.0,0.0,0.0,0.0,0.0,0.0,0.0,0.0,0.0,0.0,0.0
legacy_stage4,case_g002_op01,case_g002,case_g002,train,op01,0.0,2823.804,0.08349,0.5543,3.7458,6.0,29.6998,0.9013,fields/case_g002_op01.npz,structure_features/case_g002_op01.npz,1.0,4.02295,15.17845,0.5543,0.5543,1.0,8.348616667,15.17845,0.5543,0.5543,1.0,12.67428333,15.17845,0.5543,0.5543,1.0,16.99995,15.17845,0.5543,0.5543,1.0,21.32561667,15.17845,0.5543,0.5543,1.0,25.65128333,15.17845,0.5543,0.5543
legacy_stage4,case_g002_op02,case_g002,case_g002,train,op02,0.0,2255.197,0.01382,0.5543,3.7458,6.0,29.6998,0.9013,fields/case_g002_op02.npz,structure_features/case_g002_op02.npz,1.0,4.02295,15.17845,0.5543,0.5543,1.0,8.348616667,15.17845,0.5543,0.5543,1.0,12.67428333,15.17845,0.5543,0.5543,1.0,16.99995,15.17845,0.5543,0.5543,1.0,21.32561667,15.17845,0.5543,0.5543,1.0,25.65128333,15.17845,0.5543,0.5543
legacy_stage4,case_g002_op03,case_g002,case_g002,train,op03,0.0,1339.878,0.00714,0.5543,3.7458,6.0,29.6998,0.9013,fields/case_g002_op03.npz,structure_features/case_g002_op03.npz,1.0,4.02295,15.17845,0.5543,0.5543,1.0,8.348616667,15.17845,0.5543,0.5543,1.0,12.67428333,15.17845,0.5543,0.5543,1.0,16.99995,15.17845,0.5543,0.5543,1.0,21.32561667,15.17845,0.5543,0.5543,1.0,25.65128333,15.17845,0.5543,0.5543
legacy_stage4,case_g002_op04,case_g002,case_g002,train,op04,0.0,2138.902,0.004544,0.5543,3.7458,6.0,29.6998,0.9013,fields/case_g002_op04.npz,structure_features/case_g002_op04.npz,1.0,4.02295,15.17845,0.5543,0.5543,1.0,8.348616667,15.17845,0.5543,0.5543,1.0,12.67428333,15.17845,0.5543,0.5543,1.0,16.99995,15.17845,0.5543,0.5543,1.0,21.32561667,15.17845,0.5543,0.5543,1.0,25.65128333,15.17845,0.5543,0.5543
legacy_stage4,case_g002_op05,case_g002,case_g002,train,op05,0.0,1298.352,0.030519,0.5543,3.7458,6.0,29.6998,0.9013,fields/case_g002_op05.npz,structure_features/case_g002_op05.npz,1.0,4.02295,15.17845,0.5543,0.5543,1.0,8.348616667,15.17845,0.5543,0.5543,1.0,12.67428333,15.17845,0.5543,0.5543,1.0,16.99995,15.17845,0.5543,0.5543,1.0,21.32561667,15.17845,0.5543,0.5543,1.0,25.65128333,15.17845,0.5543,0.5543
legacy_stage4,case_g002_op06,case_g002,case_g002,train,op06,0.0,540.079,0.045388,0.5543,3.7458,6.0,29.6998,0.9013,fields/case_g002_op06.npz,structure_features/case_g002_op06.npz,1.0,4.02295,15.17845,0.5543,0.5543,1.0,8.348616667,15.17845,0.5543,0.5543,1.0,12.67428333,15.17845,0.5543,0.5543,1.0,16.99995,15.17845,0.5543,0.5543,1.0,21.32561667,15.17845,0.5543,0.5543,1.0,25.65128333,15.17845,0.5543,0.5543
legacy_stage4,case_g003_op01,case_g003,case_g003,test,op01,0.0,2289.741,0.035203,1.2392,5.0505,5.0,22.809,0.9599,fields/case_g003_op01.npz,structure_features/case_g003_op01.npz,1.0,5.6701,15.5795,1.2392,1.2392,1.0,9.2218,15.5795,1.2392,1.2392,1.0,12.7735,15.5795,1.2392,1.2392,1.0,16.3252,15.5795,1.2392,1.2392,1.0,19.8769,15.5795,1.2392,1.2392,0.0,0.0,0.0,0.0,0.0
legacy_stage4,case_g003_op02,case_g003,case_g003,test,op02,0.0,1076.493,0.064528,1.2392,5.0505,5.0,22.809,0.9599,fields/case_g003_op02.npz,structure_features/case_g003_op02.npz,1.0,5.6701,15.5795,1.2392,1.2392,1.0,9.2218,15.5795,1.2392,1.2392,1.0,12.7735,15.5795,1.2392,1.2392,1.0,16.3252,15.5795,1.2392,1.2392,1.0,19.8769,15.5795,1.2392,1.2392,0.0,0.0,0.0,0.0,0.0
legacy_stage4,case_g003_op03,case_g003,case_g003,test,op03,0.0,2074.407,0.003524,1.2392,5.0505,5.0,22.809,0.9599,fields/case_g003_op03.npz,structure_features/case_g003_op03.npz,1.0,5.6701,15.5795,1.2392,1.2392,1.0,9.2218,15.5795,1.2392,1.2392,1.0,12.7735,15.5795,1.2392,1.2392,1.0,16.3252,15.5795,1.2392,1.2392,1.0,19.8769,15.5795,1.2392,1.2392,0.0,0.0,0.0,0.0,0.0
legacy_stage4,case_g003_op04,case_g003,case_g003,test,op04,0.0,2972.138,0.015613,1.2392,5.0505,5.0,22.809,0.9599,fields/case_g003_op04.npz,structure_features/case_g003_op04.npz,1.0,5.6701,15.5795,1.2392,1.2392,1.0,9.2218,15.5795,1.2392,1.2392,1.0,12.7735,15.5795,1.2392,1.2392,1.0,16.3252,15.5795,1.2392,1.2392,1.0,19.8769,15.5795,1.2392,1.2392,0.0,0.0,0.0,0.0,0.0
legacy_stage4,case_g003_op05,case_g003,case_g003,test,op05,0.0,1698.161,0.023815,1.2392,5.0505,5.0,22.809,0.9599,fields/case_g003_op05.npz,structure_features/case_g003_op05.npz,1.0,5.6701,15.5795,1.2392,1.2392,1.0,9.2218,15.5795,1.2392,1.2392,1.0,12.7735,15.5795,1.2392,1.2392,1.0,16.3252,15.5795,1.2392,1.2392,1.0,19.8769,15.5795,1.2392,1.2392,0.0,0.0,0.0,0.0,0.0
legacy_stage4,case_g003_op06,case_g003,case_g003,test,op06,0.0,802.001,0.006996,1.2392,5.0505,5.0,22.809,0.9599,fields/case_g003_op06.npz,structure_features/case_g003_op06.npz,1.0,5.6701,15.5795,1.2392,1.2392,1.0,9.2218,15.5795,1.2392,1.2392,1.0,12.7735,15.5795,1.2392,1.2392,1.0,16.3252,15.5795,1.2392,1.2392,1.0,19.8769,15.5795,1.2392,1.2392,0.0,0.0,0.0,0.0,0.0
legacy_stage4,case_g004_op01,case_g004,case_g004,val,op01,0.0,2746.254,0.029361,1.1281,9.5068,5.0,26.3024,3.9108,fields/case_g004_op01.npz,structure_features/case_g004_op01.npz,1.0,10.07085,18.47485,1.1281,1.1281,1.0,13.42997,18.47485,1.1281,1.1281,1.0,16.78909,18.47485,1.1281,1.1281,1.0,20.14821,18.47485,1.1281,1.1281,1.0,23.50733,18.47485,1.1281,1.1281,0.0,0.0,0.0,0.0,0.0
legacy_stage4,case_g004_op02,case_g004,case_g004,val,op02,0.0,2102.909,0.080753,1.1281,9.5068,5.0,26.3024,3.9108,fields/case_g004_op02.npz,structure_features/case_g004_op02.npz,1.0,10.07085,18.47485,1.1281,1.1281,1.0,13.42997,18.47485,1.1281,1.1281,1.0,16.78909,18.47485,1.1281,1.1281,1.0,20.14821,18.47485,1.1281,1.1281,1.0,23.50733,18.47485,1.1281,1.1281,0.0,0.0,0.0,0.0,0.0
legacy_stage4,case_g004_op03,case_g004,case_g004,val,op03,0.0,963.897,0.008853,1.1281,9.5068,5.0,26.3024,3.9108,fields/case_g004_op03.npz,structure_features/case_g004_op03.npz,1.0,10.07085,18.47485,1.1281,1.1281,1.0,13.42997,18.47485,1.1281,1.1281,1.0,16.78909,18.47485,1.1281,1.1281,1.0,20.14821,18.47485,1.1281,1.1281,1.0,23.50733,18.47485,1.1281,1.1281,0.0,0.0,0.0,0.0,0.0
legacy_stage4,case_g004_op04,case_g004,case_g004,val,op04,0.0,2325.093,0.052924,1.1281,9.5068,5.0,26.3024,3.9108,fields/case_g004_op04.npz,structure_features/case_g004_op04.npz,1.0,10.07085,18.47485,1.1281,1.1281,1.0,13.42997,18.47485,1.1281,1.1281,1.0,16.78909,18.47485,1.1281,1.1281,1.0,20.14821,18.47485,1.1281,1.1281,1.0,23.50733,18.47485,1.1281,1.1281,0.0,0.0,0.0,0.0,0.0
legacy_stage4,case_g004_op05,case_g004,case_g004,val,op05,0.0,765.905,0.00433,1.1281,9.5068,5.0,26.3024,3.9108,fields/case_g004_op05.npz,structure_features/case_g004_op05.npz,1.0,10.07085,18.47485,1.1281,1.1281,1.0,13.42997,18.47485,1.1281,1.1281,1.0,16.78909,18.47485,1.1281,1.1281,1.0,20.14821,18.47485,1.1281,1.1281,1.0,23.50733,18.47485,1.1281,1.1281,0.0,0.0,0.0,0.0,0.0
legacy_stage4,case_g004_op06,case_g004,case_g004,val,op06,0.0,1696.586,0.01662,1.1281,9.5068,5.0,26.3024,3.9108,fields/case_g004_op06.npz,structure_features/case_g004_op06.npz,1.0,10.07085,18.47485,1.1281,1.1281,1.0,13.42997,18.47485,1.1281,1.1281,1.0,16.78909,18.47485,1.1281,1.1281,1.0,20.14821,18.47485,1.1281,1.1281,1.0,23.50733,18.47485,1.1281,1.1281,0.0,0.0,0.0,0.0,0.0
legacy_stage4,case_g005_op01,case_g005,case_g005,test,op01,0.0,957.798,0.019928,1.0834,9.923,4.0,21.6876,2.1761,fields/case_g005_op01.npz,structure_features/case_g005_op01.npz,1.0,10.4647,16.7178,1.0834,1.0834,1.0,13.40585,16.7178,1.0834,1.0834,1.0,16.347,16.7178,1.0834,1.0834,1.0,19.28815,16.7178,1.0834,1.0834,0.0,0.0,0.0,0.0,0.0,0.0,0.0,0.0,0.0,0.0
legacy_stage4,case_g005_op02,case_g005,case_g005,test,op02,0.0,2993.496,0.006443,1.0834,9.923,4.0,21.6876,2.1761,fields/case_g005_op02.npz,structure_features/case_g005_op02.npz,1.0,10.4647,16.7178,1.0834,1.0834,1.0,13.40585,16.7178,1.0834,1.0834,1.0,16.347,16.7178,1.0834,1.0834,1.0,19.28815,16.7178,1.0834,1.0834,0.0,0.0,0.0,0.0,0.0,0.0,0.0,0.0,0.0,0.0
legacy_stage4,case_g005_op03,case_g005,case_g005,test,op03,0.0,1686.36,0.063267,1.0834,9.923,4.0,21.6876,2.1761,fields/case_g005_op03.npz,structure_features/case_g005_op03.npz,1.0,10.4647,16.7178,1.0834,1.0834,1.0,13.40585,16.7178,1.0834,1.0834,1.0,16.347,16.7178,1.0834,1.0834,1.0,19.28815,16.7178,1.0834,1.0834,0.0,0.0,0.0,0.0,0.0,0.0,0.0,0.0,0.0,0.0
legacy_stage4,case_g005_op04,case_g005,case_g005,test,op04,0.0,785.996,0.004168,1.0834,9.923,4.0,21.6876,2.1761,fields/case_g005_op04.npz,structure_features/case_g005_op04.npz,1.0,10.4647,16.7178,1.0834,1.0834,1.0,13.40585,16.7178,1.0834,1.0834,1.0,16.347,16.7178,1.0834,1.0834,1.0,19.28815,16.7178,1.0834,1.0834,0.0,0.0,0.0,0.0,0.0,0.0,0.0,0.0,0.0,0.0
legacy_stage4,case_g005_op05,case_g005,case_g005,test,op05,0.0,1823.168,0.033453,1.0834,9.923,4.0,21.6876,2.1761,fields/case_g005_op05.npz,structure_features/case_g005_op05.npz,1.0,10.4647,16.7178,1.0834,1.0834,1.0,13.40585,16.7178,1.0834,1.0834,1.0,16.347,16.7178,1.0834,1.0834,1.0,19.28815,16.7178,1.0834,1.0834,0.0,0.0,0.0,0.0,0.0,0.0,0.0,0.0,0.0,0.0
legacy_stage4,case_g005_op06,case_g005,case_g005,test,op06,0.0,2486.109,0.014636,1.0834,9.923,4.0,21.6876,2.1761,fields/case_g005_op06.npz,structure_features/case_g005_op06.npz,1.0,10.4647,16.7178,1.0834,1.0834,1.0,13.40585,16.7178,1.0834,1.0834,1.0,16.347,16.7178,1.0834,1.0834,1.0,19.28815,16.7178,1.0834,1.0834,0.0,0.0,0.0,0.0,0.0,0.0,0.0,0.0,0.0,0.0
legacy_stage4,case_g006_op01,case_g006,case_g006,val,op01,0.0,1651.974,0.014676,1.1126,8.1527,6.0,28.7674,1.3607,fields/case_g006_op01.npz,structure_features/case_g006_op01.npz,1.0,8.709,15.917,1.1126,1.1126,1.0,12.14478333,15.917,1.1126,1.1126,1.0,15.58056667,15.917,1.1126,1.1126,1.0,19.01635,15.917,1.1126,1.1126,1.0,22.45213333,15.917,1.1126,1.1126,1.0,25.88791667,15.917,1.1126,1.1126
legacy_stage4,case_g006_op02,case_g006,case_g006,val,op02,0.0,2097.135,0.003347,1.1126,8.1527,6.0,28.7674,1.3607,fields/case_g006_op02.npz,structure_features/case_g006_op02.npz,1.0,8.709,15.917,1.1126,1.1126,1.0,12.14478333,15.917,1.1126,1.1126,1.0,15.58056667,15.917,1.1126,1.1126,1.0,19.01635,15.917,1.1126,1.1126,1.0,22.45213333,15.917,1.1126,1.1126,1.0,25.88791667,15.917,1.1126,1.1126
legacy_stage4,case_g006_op03,case_g006,case_g006,val,op03,0.0,1226.853,0.006867,1.1126,8.1527,6.0,28.7674,1.3607,fields/case_g006_op03.npz,structure_features/case_g006_op03.npz,1.0,8.709,15.917,1.1126,1.1126,1.0,12.14478333,15.917,1.1126,1.1126,1.0,15.58056667,15.917,1.1126,1.1126,1.0,19.01635,15.917,1.1126,1.1126,1.0,22.45213333,15.917,1.1126,1.1126,1.0,25.88791667,15.917,1.1126,1.1126
legacy_stage4,case_g006_op04,case_g006,case_g006,val,op04,0.0,508.82,0.069336,1.1126,8.1527,6.0,28.7674,1.3607,fields/case_g006_op04.npz,structure_features/case_g006_op04.npz,1.0,8.709,15.917,1.1126,1.1126,1.0,12.14478333,15.917,1.1126,1.1126,1.0,15.58056667,15.917,1.1126,1.1126,1.0,19.01635,15.917,1.1126,1.1126,1.0,22.45213333,15.917,1.1126,1.1126,1.0,25.88791667,15.917,1.1126,1.1126
legacy_stage4,case_g006_op05,case_g006,case_g006,val,op05,0.0,2697.189,0.055361,1.1126,8.1527,6.0,28.7674,1.3607,fields/case_g006_op05.npz,structure_features/case_g006_op05.npz,1.0,8.709,15.917,1.1126,1.1126,1.0,12.14478333,15.917,1.1126,1.1126,1.0,15.58056667,15.917,1.1126,1.1126,1.0,19.01635,15.917,1.1126,1.1126,1.0,22.45213333,15.917,1.1126,1.1126,1.0,25.88791667,15.917,1.1126,1.1126
legacy_stage4,case_g006_op06,case_g006,case_g006,val,op06,0.0,2208.471,0.018586,1.1126,8.1527,6.0,28.7674,1.3607,fields/case_g006_op06.npz,structure_features/case_g006_op06.npz,1.0,8.709,15.917,1.1126,1.1126,1.0,12.14478333,15.917,1.1126,1.1126,1.0,15.58056667,15.917,1.1126,1.1126,1.0,19.01635,15.917,1.1126,1.1126,1.0,22.45213333,15.917,1.1126,1.1126,1.0,25.88791667,15.917,1.1126,1.1126
legacy_stage4,case_g007_op01,case_g007,case_g007,train,op01,0.0,2381.877,0.006287,1.4125,2.5678,5.0,28.4397,2.2672,fields/case_g007_op01.npz,structure_features/case_g007_op01.npz,1.0,3.27405,16.97345,1.4125,1.4125,1.0,8.44843,16.97345,1.4125,1.4125,1.0,13.62281,16.97345,1.4125,1.4125,1.0,18.79719,16.97345,1.4125,1.4125,1.0,23.97157,16.97345,1.4125,1.4125,0.0,0.0,0.0,0.0,0.0
legacy_stage4,case_g007_op02,case_g007,case_g007,train,op02,0.0,544.984,0.020938,1.4125,2.5678,5.0,28.4397,2.2672,fields/case_g007_op02.npz,structure_features/case_g007_op02.npz,1.0,3.27405,16.97345,1.4125,1.4125,1.0,8.44843,16.97345,1.4125,1.4125,1.0,13.62281,16.97345,1.4125,1.4125,1.0,18.79719,16.97345,1.4125,1.4125,1.0,23.97157,16.97345,1.4125,1.4125,0.0,0.0,0.0,0.0,0.0
legacy_stage4,case_g007_op03,case_g007,case_g007,train,op03,0.0,2720.752,0.004372,1.4125,2.5678,5.0,28.4397,2.2672,fields/case_g007_op03.npz,structure_features/case_g007_op03.npz,1.0,3.27405,16.97345,1.4125,1.4125,1.0,8.44843,16.97345,1.4125,1.4125,1.0,13.62281,16.97345,1.4125,1.4125,1.0,18.79719,16.97345,1.4125,1.4125,1.0,23.97157,16.97345,1.4125,1.4125,0.0,0.0,0.0,0.0,0.0
legacy_stage4,case_g007_op04,case_g007,case_g007,train,op04,0.0,972.562,0.076489,1.4125,2.5678,5.0,28.4397,2.2672,fields/case_g007_op04.npz,structure_features/case_g007_op04.npz,1.0,3.27405,16.97345,1.4125,1.4125,1.0,8.44843,16.97345,1.4125,1.4125,1.0,13.62281,16.97345,1.4125,1.4125,1.0,18.79719,16.97345,1.4125,1.4125,1.0,23.97157,16.97345,1.4125,1.4125,0.0,0.0,0.0,0.0,0.0
legacy_stage4,case_g007_op05,case_g007,case_g007,train,op05,0.0,1375.023,0.011913,1.4125,2.5678,5.0,28.4397,2.2672,fields/case_g007_op05.npz,structure_features/case_g007_op05.npz,1.0,3.27405,16.97345,1.4125,1.4125,1.0,8.44843,16.97345,1.4125,1.4125,1.0,13.62281,16.97345,1.4125,1.4125,1.0,18.79719,16.97345,1.4125,1.4125,1.0,23.97157,16.97345,1.4125,1.4125,0.0,0.0,0.0,0.0,0.0
legacy_stage4,case_g007_op06,case_g007,case_g007,train,op06,0.0,2049.814,0.04898,1.4125,2.5678,5.0,28.4397,2.2672,fields/case_g007_op06.npz,structure_features/case_g007_op06.npz,1.0,3.27405,16.97345,1.4125,1.4125,1.0,8.44843,16.97345,1.4125,1.4125,1.0,13.62281,16.97345,1.4125,1.4125,1.0,18.79719,16.97345,1.4125,1.4125,1.0,23.97157,16.97345,1.4125,1.4125,0.0,0.0,0.0,0.0,0.0
legacy_stage4,case_g008_op01,case_g008,case_g008,train,op01,0.0,2530.878,0.046163,1.3629,4.3377,6.0,21.6621,0.808,fields/case_g008_op01.npz,structure_features/case_g008_op01.npz,1.0,5.01915,15.48945,1.3629,1.3629,1.0,7.90655,15.48945,1.3629,1.3629,1.0,10.79395,15.48945,1.3629,1.3629,1.0,13.68135,15.48945,1.3629,1.3629,1.0,16.56875,15.48945,1.3629,1.3629,1.0,19.45615,15.48945,1.3629,1.3629
legacy_stage4,case_g008_op02,case_g008,case_g008,train,op02,0.0,2046.352,0.004025,1.3629,4.3377,6.0,21.6621,0.808,fields/case_g008_op02.npz,structure_features/case_g008_op02.npz,1.0,5.01915,15.48945,1.3629,1.3629,1.0,7.90655,15.48945,1.3629,1.3629,1.0,10.79395,15.48945,1.3629,1.3629,1.0,13.68135,15.48945,1.3629,1.3629,1.0,16.56875,15.48945,1.3629,1.3629,1.0,19.45615,15.48945,1.3629,1.3629
legacy_stage4,case_g008_op03,case_g008,case_g008,train,op03,0.0,994.497,0.010639,1.3629,4.3377,6.0,21.6621,0.808,fields/case_g008_op03.npz,structure_features/case_g008_op03.npz,1.0,5.01915,15.48945,1.3629,1.3629,1.0,7.90655,15.48945,1.3629,1.3629,1.0,10.79395,15.48945,1.3629,1.3629,1.0,13.68135,15.48945,1.3629,1.3629,1.0,16.56875,15.48945,1.3629,1.3629,1.0,19.45615,15.48945,1.3629,1.3629
legacy_stage4,case_g008_op04,case_g008,case_g008,train,op04,0.0,1577.991,0.086737,1.3629,4.3377,6.0,21.6621,0.808,fields/case_g008_op04.npz,structure_features/case_g008_op04.npz,1.0,5.01915,15.48945,1.3629,1.3629,1.0,7.90655,15.48945,1.3629,1.3629,1.0,10.79395,15.48945,1.3629,1.3629,1.0,13.68135,15.48945,1.3629,1.3629,1.0,16.56875,15.48945,1.3629,1.3629,1.0,19.45615,15.48945,1.3629,1.3629
legacy_stage4,case_g008_op05,case_g008,case_g008,train,op05,0.0,785.068,0.01938,1.3629,4.3377,6.0,21.6621,0.808,fields/case_g008_op05.npz,structure_features/case_g008_op05.npz,1.0,5.01915,15.48945,1.3629,1.3629,1.0,7.90655,15.48945,1.3629,1.3629,1.0,10.79395,15.48945,1.3629,1.3629,1.0,13.68135,15.48945,1.3629,1.3629,1.0,16.56875,15.48945,1.3629,1.3629,1.0,19.45615,15.48945,1.3629,1.3629
legacy_stage4,case_g008_op06,case_g008,case_g008,train,op06,0.0,2678.826,0.006554,1.3629,4.3377,6.0,21.6621,0.808,fields/case_g008_op06.npz,structure_features/case_g008_op06.npz,1.0,5.01915,15.48945,1.3629,1.3629,1.0,7.90655,15.48945,1.3629,1.3629,1.0,10.79395,15.48945,1.3629,1.3629,1.0,13.68135,15.48945,1.3629,1.3629,1.0,16.56875,15.48945,1.3629,1.3629,1.0,19.45615,15.48945,1.3629,1.3629
legacy_stage4,case_g009_op01,case_g009,case_g009,train,op01,0.0,2361.009,0.016339,0.7593,2.3979,6.0,22.0172,3.8181,fields/case_g009_op01.npz,structure_features/case_g009_op01.npz,1.0,2.77755,18.19775,0.7593,0.7593,1.0,6.047433333,18.19775,0.7593,0.7593,1.0,9.317316667,18.19775,0.7593,0.7593,1.0,12.5872,18.19775,0.7593,0.7593,1.0,15.85708333,18.19775,0.7593,0.7593,1.0,19.12696667,18.19775,0.7593,0.7593
legacy_stage4,case_g009_op02,case_g009,case_g009,train,op02,0.0,1717.242,0.039051,0.7593,2.3979,6.0,22.0172,3.8181,fields/case_g009_op02.npz,structure_features/case_g009_op02.npz,1.0,2.77755,18.19775,0.7593,0.7593,1.0,6.047433333,18.19775,0.7593,0.7593,1.0,9.317316667,18.19775,0.7593,0.7593,1.0,12.5872,18.19775,0.7593,0.7593,1.0,15.85708333,18.19775,0.7593,0.7593,1.0,19.12696667,18.19775,0.7593,0.7593
legacy_stage4,case_g009_op03,case_g009,case_g009,train,op03,0.0,534.195,0.004345,0.7593,2.3979,6.0,22.0172,3.8181,fields/case_g009_op03.npz,structure_features/case_g009_op03.npz,1.0,2.77755,18.19775,0.7593,0.7593,1.0,6.047433333,18.19775,0.7593,0.7593,1.0,9.317316667,18.19775,0.7593,0.7593,1.0,12.5872,18.19775,0.7593,0.7593,1.0,15.85708333,18.19775,0.7593,0.7593,1.0,19.12696667,18.19775,0.7593,0.7593
legacy_stage4,case_g009_op04,case_g009,case_g009,train,op04,0.0,2655.26,0.083361,0.7593,2.3979,6.0,22.0172,3.8181,fields/case_g009_op04.npz,structure_features/case_g009_op04.npz,1.0,2.77755,18.19775,0.7593,0.7593,1.0,6.047433333,18.19775,0.7593,0.7593,1.0,9.317316667,18.19775,0.7593,0.7593,1.0,12.5872,18.19775,0.7593,0.7593,1.0,15.85708333,18.19775,0.7593,0.7593,1.0,19.12696667,18.19775,0.7593,0.7593
legacy_stage4,case_g009_op05,case_g009,case_g009,train,op05,0.0,1769.027,0.030281,0.7593,2.3979,6.0,22.0172,3.8181,fields/case_g009_op05.npz,structure_features/case_g009_op05.npz,1.0,2.77755,18.19775,0.7593,0.7593,1.0,6.047433333,18.19775,0.7593,0.7593,1.0,9.317316667,18.19775,0.7593,0.7593,1.0,12.5872,18.19775,0.7593,0.7593,1.0,15.85708333,18.19775,0.7593,0.7593,1.0,19.12696667,18.19775,0.7593,0.7593
legacy_stage4,case_g009_op06,case_g009,case_g009,train,op06,0.0,953.106,0.005715,0.7593,2.3979,6.0,22.0172,3.8181,fields/case_g009_op06.npz,structure_features/case_g009_op06.npz,1.0,2.77755,18.19775,0.7593,0.7593,1.0,6.047433333,18.19775,0.7593,0.7593,1.0,9.317316667,18.19775,0.7593,0.7593,1.0,12.5872,18.19775,0.7593,0.7593,1.0,15.85708333,18.19775,0.7593,0.7593,1.0,19.12696667,18.19775,0.7593,0.7593
legacy_stage4,case_g010_op01,case_g010,case_g010,train,op01,0.0,2609.697,0.012744,1.1905,5.6347,3.0,25.2853,0.6686,fields/case_g010_op01.npz,structure_features/case_g010_op01.npz,1.0,6.22995,15.26385,1.1905,1.1905,1.0,12.78015,15.26385,1.1905,1.1905,1.0,19.33035,15.26385,1.1905,1.1905,0.0,0.0,0.0,0.0,0.0,0.0,0.0,0.0,0.0,0.0,0.0,0.0,0.0,0.0,0.0
legacy_stage4,case_g010_op02,case_g010,case_g010,train,op02,0.0,1326.046,0.090886,1.1905,5.6347,3.0,25.2853,0.6686,fields/case_g010_op02.npz,structure_features/case_g010_op02.npz,1.0,6.22995,15.26385,1.1905,1.1905,1.0,12.78015,15.26385,1.1905,1.1905,1.0,19.33035,15.26385,1.1905,1.1905,0.0,0.0,0.0,0.0,0.0,0.0,0.0,0.0,0.0,0.0,0.0,0.0,0.0,0.0,0.0
legacy_stage4,case_g010_op03,case_g010,case_g010,train,op03,0.0,1559.857,0.030712,1.1905,5.6347,3.0,25.2853,0.6686,fields/case_g010_op03.npz,structure_features/case_g010_op03.npz,1.0,6.22995,15.26385,1.1905,1.1905,1.0,12.78015,15.26385,1.1905,1.1905,1.0,19.33035,15.26385,1.1905,1.1905,0.0,0.0,0.0,0.0,0.0,0.0,0.0,0.0,0.0,0.0,0.0,0.0,0.0,0.0,0.0
legacy_stage4,case_g010_op04,case_g010,case_g010,train,op04,0.0,772.231,0.00901,1.1905,5.6347,3.0,25.2853,0.6686,fields/case_g010_op04.npz,structure_features/case_g010_op04.npz,1.0,6.22995,15.26385,1.1905,1.1905,1.0,12.78015,15.26385,1.1905,1.1905,1.0,19.33035,15.26385,1.1905,1.1905,0.0,0.0,0.0,0.0,0.0,0.0,0.0,0.0,0.0,0.0,0.0,0.0,0.0,0.0,0.0
legacy_stage4,case_g010_op05,case_g010,case_g010,train,op05,0.0,1954.307,0.052366,1.1905,5.6347,3.0,25.2853,0.6686,fields/case_g010_op05.npz,structure_features/case_g010_op05.npz,1.0,6.22995,15.26385,1.1905,1.1905,1.0,12.78015,15.26385,1.1905,1.1905,1.0,19.33035,15.26385,1.1905,1.1905,0.0,0.0,0.0,0.0,0.0,0.0,0.0,0.0,0.0,0.0,0.0,0.0,0.0,0.0,0.0
legacy_stage4,case_g010_op06,case_g010,case_g010,train,op06,0.0,2497.882,0.003747,1.1905,5.6347,3.0,25.2853,0.6686,fields/case_g010_op06.npz,structure_features/case_g010_op06.npz,1.0,6.22995,15.26385,1.1905,1.1905,1.0,12.78015,15.26385,1.1905,1.1905,1.0,19.33035,15.26385,1.1905,1.1905,0.0,0.0,0.0,0.0,0.0,0.0,0.0,0.0,0.0,0.0,0.0,0.0,0.0,0.0,0.0
legacy_stage4,case_g011_op01,case_g011,case_g011,train,op01,0.0,786.667,0.003414,1.2037,7.1533,5.0,20.6227,0.3507,fields/case_g011_op01.npz,structure_features/case_g011_op01.npz,1.0,7.75515,14.95255,1.2037,1.2037,1.0,10.44903,14.95255,1.2037,1.2037,1.0,13.14291,14.95255,1.2037,1.2037,1.0,15.83679,14.95255,1.2037,1.2037,1.0,18.53067,14.95255,1.2037,1.2037,0.0,0.0,0.0,0.0,0.0
legacy_stage4,case_g011_op02,case_g011,case_g011,train,op02,0.0,2977.218,0.054394,1.2037,7.1533,5.0,20.6227,0.3507,fields/case_g011_op02.npz,structure_features/case_g011_op02.npz,1.0,7.75515,14.95255,1.2037,1.2037,1.0,10.44903,14.95255,1.2037,1.2037,1.0,13.14291,14.95255,1.2037,1.2037,1.0,15.83679,14.95255,1.2037,1.2037,1.0,18.53067,14.95255,1.2037,1.2037,0.0,0.0,0.0,0.0,0.0
legacy_stage4,case_g011_op03,case_g011,case_g011,train,op03,0.0,2432.559,0.06245,1.2037,7.1533,5.0,20.6227,0.3507,fields/case_g011_op03.npz,structure_features/case_g011_op03.npz,1.0,7.75515,14.95255,1.2037,1.2037,1.0,10.44903,14.95255,1.2037,1.2037,1.0,13.14291,14.95255,1.2037,1.2037,1.0,15.83679,14.95255,1.2037,1.2037,1.0,18.53067,14.95255,1.2037,1.2037,0.0,0.0,0.0,0.0,0.0
legacy_stage4,case_g011_op04,case_g011,case_g011,train,op04,0.0,1211.841,0.020751,1.2037,7.1533,5.0,20.6227,0.3507,fields/case_g011_op04.npz,structure_features/case_g011_op04.npz,1.0,7.75515,14.95255,1.2037,1.2037,1.0,10.44903,14.95255,1.2037,1.2037,1.0,13.14291,14.95255,1.2037,1.2037,1.0,15.83679,14.95255,1.2037,1.2037,1.0,18.53067,14.95255,1.2037,1.2037,0.0,0.0,0.0,0.0,0.0
legacy_stage4,case_g011_op05,case_g011,case_g011,train,op05,0.0,1411.908,0.007382,1.2037,7.1533,5.0,20.6227,0.3507,fields/case_g011_op05.npz,structure_features/case_g011_op05.npz,1.0,7.75515,14.95255,1.2037,1.2037,1.0,10.44903,14.95255,1.2037,1.2037,1.0,13.14291,14.95255,1.2037,1.2037,1.0,15.83679,14.95255,1.2037,1.2037,1.0,18.53067,14.95255,1.2037,1.2037,0.0,0.0,0.0,0.0,0.0
legacy_stage4,case_g011_op06,case_g011,case_g011,train,op06,0.0,1851.359,0.011925,1.2037,7.1533,5.0,20.6227,0.3507,fields/case_g011_op06.npz,structure_features/case_g011_op06.npz,1.0,7.75515,14.95255,1.2037,1.2037,1.0,10.44903,14.95255,1.2037,1.2037,1.0,13.14291,14.95255,1.2037,1.2037,1.0,15.83679,14.95255,1.2037,1.2037,1.0,18.53067,14.95255,1.2037,1.2037,0.0,0.0,0.0,0.0,0.0
legacy_stage4,case_g012_op02,case_g012,case_g012,train,op02,0.0,2570.373,0.046821,0.8325,7.4265,2.0,29.8473,3.544,fields/case_g012_op02.npz,structure_features/case_g012_op02.npz,1.0,7.84275,17.96025,0.8325,0.8325,1.0,19.05315,17.96025,0.8325,0.8325,0.0,0.0,0.0,0.0,0.0,0.0,0.0,0.0,0.0,0.0,0.0,0.0,0.0,0.0,0.0,0.0,0.0,0.0,0.0,0.0
legacy_stage4,case_g012_op03,case_g012,case_g012,train,op03,0.0,785.058,0.074151,0.8325,7.4265,2.0,29.8473,3.544,fields/case_g012_op03.npz,structure_features/case_g012_op03.npz,1.0,7.84275,17.96025,0.8325,0.8325,1.0,19.05315,17.96025,0.8325,0.8325,0.0,0.0,0.0,0.0,0.0,0.0,0.0,0.0,0.0,0.0,0.0,0.0,0.0,0.0,0.0,0.0,0.0,0.0,0.0,0.0
legacy_stage4,case_g012_op04,case_g012,case_g012,train,op04,0.0,922.949,0.022467,0.8325,7.4265,2.0,29.8473,3.544,fields/case_g012_op04.npz,structure_features/case_g012_op04.npz,1.0,7.84275,17.96025,0.8325,0.8325,1.0,19.05315,17.96025,0.8325,0.8325,0.0,0.0,0.0,0.0,0.0,0.0,0.0,0.0,0.0,0.0,0.0,0.0,0.0,0.0,0.0,0.0,0.0,0.0,0.0,0.0
legacy_stage4,case_g012_op05,case_g012,case_g012,train,op05,0.0,2659.983,0.01534,0.8325,7.4265,2.0,29.8473,3.544,fields/case_g012_op05.npz,structure_features/case_g012_op05.npz,1.0,7.84275,17.96025,0.8325,0.8325,1.0,19.05315,17.96025,0.8325,0.8325,0.0,0.0,0.0,0.0,0.0,0.0,0.0,0.0,0.0,0.0,0.0,0.0,0.0,0.0,0.0,0.0,0.0,0.0,0.0,0.0
legacy_stage4,case_g012_op06,case_g012,case_g012,train,op06,0.0,1817.036,0.008216,0.8325,7.4265,2.0,29.8473,3.544,fields/case_g012_op06.npz,structure_features/case_g012_op06.npz,1.0,7.84275,17.96025,0.8325,0.8325,1.0,19.05315,17.96025,0.8325,0.8325,0.0,0.0,0.0,0.0,0.0,0.0,0.0,0.0,0.0,0.0,0.0,0.0,0.0,0.0,0.0,0.0,0.0,0.0,0.0,0.0
legacy_stage4,case_g013_op01,case_g013,case_g013,train,op01,0.0,2581.908,0.021504,0.586,9.7999,6.0,24.9477,2.9606,fields/case_g013_op01.npz,structure_features/case_g013_op01.npz,1.0,10.0929,17.2536,0.586,0.586,1.0,12.61753333,17.2536,0.586,0.586,1.0,15.14216667,17.2536,0.586,0.586,1.0,17.6668,17.2536,0.586,0.586,1.0,20.19143333,17.2536,0.586,0.586,1.0,22.71606667,17.2536,0.586,0.586
legacy_stage4,case_g013_op02,case_g013,case_g013,train,op02,0.0,1159.565,0.043038,0.586,9.7999,6.0,24.9477,2.9606,fields/case_g013_op02.npz,structure_features/case_g013_op02.npz,1.0,10.0929,17.2536,0.586,0.586,1.0,12.61753333,17.2536,0.586,0.586,1.0,15.14216667,17.2536,0.586,0.586,1.0,17.6668,17.2536,0.586,0.586,1.0,20.19143333,17.2536,0.586,0.586,1.0,22.71606667,17.2536,0.586,0.586
legacy_stage4,case_g013_op03,case_g013,case_g013,train,op03,0.0,1504.147,0.00806,0.586,9.7999,6.0,24.9477,2.9606,fields/case_g013_op03.npz,structure_features/case_g013_op03.npz,1.0,10.0929,17.2536,0.586,0.586,1.0,12.61753333,17.2536,0.586,0.586,1.0,15.14216667,17.2536,0.586,0.586,1.0,17.6668,17.2536,0.586,0.586,1.0,20.19143333,17.2536,0.586,0.586,1.0,22.71606667,17.2536,0.586,0.586
legacy_stage4,case_g013_op04,case_g013,case_g013,train,op04,0.0,781.925,0.079699,0.586,9.7999,6.0,24.9477,2.9606,fields/case_g013_op04.npz,structure_features/case_g013_op04.npz,1.0,10.0929,17.2536,0.586,0.586,1.0,12.61753333,17.2536,0.586,0.586,1.0,15.14216667,17.2536,0.586,0.586,1.0,17.6668,17.2536,0.586,0.586,1.0,20.19143333,17.2536,0.586,0.586,1.0,22.71606667,17.2536,0.586,0.586
legacy_stage4,case_g013_op05,case_g013,case_g013,train,op05,0.0,2129.261,0.010236,0.586,9.7999,6.0,24.9477,2.9606,fields/case_g013_op05.npz,structure_features/case_g013_op05.npz,1.0,10.0929,17.2536,0.586,0.586,1.0,12.61753333,17.2536,0.586,0.586,1.0,15.14216667,17.2536,0.586,0.586,1.0,17.6668,17.2536,0.586,0.586,1.0,20.19143333,17.2536,0.586,0.586,1.0,22.71606667,17.2536,0.586,0.586
legacy_stage4,case_g013_op06,case_g013,case_g013,train,op06,0.0,2839.725,0.004884,0.586,9.7999,6.0,24.9477,2.9606,fields/case_g013_op06.npz,structure_features/case_g013_op06.npz,1.0,10.0929,17.2536,0.586,0.586,1.0,12.61753333,17.2536,0.586,0.586,1.0,15.14216667,17.2536,0.586,0.586,1.0,17.6668,17.2536,0.586,0.586,1.0,20.19143333,17.2536,0.586,0.586,1.0,22.71606667,17.2536,0.586,0.586
legacy_stage4,case_g014_op01,case_g014,case_g014,test,op01,0.0,2215.74,0.008922,0.8971,7.5881,5.0,21.2997,2.8605,fields/case_g014_op01.npz,structure_features/case_g014_op01.npz,1.0,8.03665,17.30905,0.8971,0.8971,1.0,10.77897,17.30905,0.8971,0.8971,1.0,13.52129,17.30905,0.8971,0.8971,1.0,16.26361,17.30905,0.8971,0.8971,1.0,19.00593,17.30905,0.8971,0.8971,0.0,0.0,0.0,0.0,0.0
legacy_stage4,case_g014_op02,case_g014,case_g014,test,op02,0.0,2890.047,0.015543,0.8971,7.5881,5.0,21.2997,2.8605,fields/case_g014_op02.npz,structure_features/case_g014_op02.npz,1.0,8.03665,17.30905,0.8971,0.8971,1.0,10.77897,17.30905,0.8971,0.8971,1.0,13.52129,17.30905,0.8971,0.8971,1.0,16.26361,17.30905,0.8971,0.8971,1.0,19.00593,17.30905,0.8971,0.8971,0.0,0.0,0.0,0.0,0.0
legacy_stage4,case_g014_op03,case_g014,case_g014,test,op03,0.0,755.716,0.036879,0.8971,7.5881,5.0,21.2997,2.8605,fields/case_g014_op03.npz,structure_features/case_g014_op03.npz,1.0,8.03665,17.30905,0.8971,0.8971,1.0,10.77897,17.30905,0.8971,0.8971,1.0,13.52129,17.30905,0.8971,0.8971,1.0,16.26361,17.30905,0.8971,0.8971,1.0,19.00593,17.30905,0.8971,0.8971,0.0,0.0,0.0,0.0,0.0
legacy_stage4,case_g014_op04,case_g014,case_g014,test,op04,0.0,1404.541,0.004454,0.8971,7.5881,5.0,21.2997,2.8605,fields/case_g014_op04.npz,structure_features/case_g014_op04.npz,1.0,8.03665,17.30905,0.8971,0.8971,1.0,10.77897,17.30905,0.8971,0.8971,1.0,13.52129,17.30905,0.8971,0.8971,1.0,16.26361,17.30905,0.8971,0.8971,1.0,19.00593,17.30905,0.8971,0.8971,0.0,0.0,0.0,0.0,0.0
legacy_stage4,case_g014_op05,case_g014,case_g014,test,op05,0.0,1992.414,0.026482,0.8971,7.5881,5.0,21.2997,2.8605,fields/case_g014_op05.npz,structure_features/case_g014_op05.npz,1.0,8.03665,17.30905,0.8971,0.8971,1.0,10.77897,17.30905,0.8971,0.8971,1.0,13.52129,17.30905,0.8971,0.8971,1.0,16.26361,17.30905,0.8971,0.8971,1.0,19.00593,17.30905,0.8971,0.8971,0.0,0.0,0.0,0.0,0.0
legacy_stage4,case_g014_op06,case_g014,case_g014,test,op06,0.0,1094.375,0.081995,0.8971,7.5881,5.0,21.2997,2.8605,fields/case_g014_op06.npz,structure_features/case_g014_op06.npz,1.0,8.03665,17.30905,0.8971,0.8971,1.0,10.77897,17.30905,0.8971,0.8971,1.0,13.52129,17.30905,0.8971,0.8971,1.0,16.26361,17.30905,0.8971,0.8971,1.0,19.00593,17.30905,0.8971,0.8971,0.0,0.0,0.0,0.0,0.0
legacy_stage4,case_g015_op01,case_g015,case_g015,train,op01,0.0,952.48,0.01585,0.6757,6.8195,4.0,25.6039,2.0429,fields/case_g015_op01.npz,structure_features/case_g015_op01.npz,1.0,7.15735,16.38075,0.6757,0.6757,1.0,11.85345,16.38075,0.6757,0.6757,1.0,16.54955,16.38075,0.6757,0.6757,1.0,21.24565,16.38075,0.6757,0.6757,0.0,0.0,0.0,0.0,0.0,0.0,0.0,0.0,0.0,0.0
legacy_stage4,case_g015_op02,case_g015,case_g015,train,op02,0.0,1651.975,0.003884,0.6757,6.8195,4.0,25.6039,2.0429,fields/case_g015_op02.npz,structure_features/case_g015_op02.npz,1.0,7.15735,16.38075,0.6757,0.6757,1.0,11.85345,16.38075,0.6757,0.6757,1.0,16.54955,16.38075,0.6757,0.6757,1.0,21.24565,16.38075,0.6757,0.6757,0.0,0.0,0.0,0.0,0.0,0.0,0.0,0.0,0.0,0.0
legacy_stage4,case_g015_op03,case_g015,case_g015,train,op03,0.0,2712.684,0.069718,0.6757,6.8195,4.0,25.6039,2.0429,fields/case_g015_op03.npz,structure_features/case_g015_op03.npz,1.0,7.15735,16.38075,0.6757,0.6757,1.0,11.85345,16.38075,0.6757,0.6757,1.0,16.54955,16.38075,0.6757,0.6757,1.0,21.24565,16.38075,0.6757,0.6757,0.0,0.0,0.0,0.0,0.0,0.0,0.0,0.0,0.0,0.0
legacy_stage4,case_g015_op04,case_g015,case_g015,train,op04,0.0,2189.677,0.042818,0.6757,6.8195,4.0,25.6039,2.0429,fields/case_g015_op04.npz,structure_features/case_g015_op04.npz,1.0,7.15735,16.38075,0.6757,0.6757,1.0,11.85345,16.38075,0.6757,0.6757,1.0,16.54955,16.38075,0.6757,0.6757,1.0,21.24565,16.38075,0.6757,0.6757,0.0,0.0,0.0,0.0,0.0,0.0,0.0,0.0,0.0,0.0
legacy_stage4,case_g015_op05,case_g015,case_g015,train,op05,0.0,629.192,0.00553,0.6757,6.8195,4.0,25.6039,2.0429,fields/case_g015_op05.npz,structure_features/case_g015_op05.npz,1.0,7.15735,16.38075,0.6757,0.6757,1.0,11.85345,16.38075,0.6757,0.6757,1.0,16.54955,16.38075,0.6757,0.6757,1.0,21.24565,16.38075,0.6757,0.6757,0.0,0.0,0.0,0.0,0.0,0.0,0.0,0.0,0.0,0.0
legacy_stage4,case_g015_op06,case_g015,case_g015,train,op06,0.0,1984.31,0.022501,0.6757,6.8195,4.0,25.6039,2.0429,fields/case_g015_op06.npz,structure_features/case_g015_op06.npz,1.0,7.15735,16.38075,0.6757,0.6757,1.0,11.85345,16.38075,0.6757,0.6757,1.0,16.54955,16.38075,0.6757,0.6757,1.0,21.24565,16.38075,0.6757,0.6757,0.0,0.0,0.0,0.0,0.0,0.0,0.0,0.0,0.0,0.0
legacy_stage4,case_g016_op01,case_g016,case_g016,train,op01,0.0,554.54,0.098504,1.4219,6.3873,2.0,23.3846,2.126,fields/case_g016_op01.npz,structure_features/case_g016_op01.npz,1.0,7.09825,16.83695,1.4219,1.4219,1.0,15.5969,16.83695,1.4219,1.4219,0.0,0.0,0.0,0.0,0.0,0.0,0.0,0.0,0.0,0.0,0.0,0.0,0.0,0.0,0.0,0.0,0.0,0.0,0.0,0.0
legacy_stage4,case_g016_op02,case_g016,case_g016,train,op02,0.0,2951.916,0.014714,1.4219,6.3873,2.0,23.3846,2.126,fields/case_g016_op02.npz,structure_features/case_g016_op02.npz,1.0,7.09825,16.83695,1.4219,1.4219,1.0,15.5969,16.83695,1.4219,1.4219,0.0,0.0,0.0,0.0,0.0,0.0,0.0,0.0,0.0,0.0,0.0,0.0,0.0,0.0,0.0,0.0,0.0,0.0,0.0,0.0
legacy_stage4,case_g016_op03,case_g016,case_g016,train,op03,0.0,1224.656,0.031988,1.4219,6.3873,2.0,23.3846,2.126,fields/case_g016_op03.npz,structure_features/case_g016_op03.npz,1.0,7.09825,16.83695,1.4219,1.4219,1.0,15.5969,16.83695,1.4219,1.4219,0.0,0.0,0.0,0.0,0.0,0.0,0.0,0.0,0.0,0.0,0.0,0.0,0.0,0.0,0.0,0.0,0.0,0.0,0.0,0.0
legacy_stage4,case_g016_op04,case_g016,case_g016,train,op04,0.0,1776.493,0.006051,1.4219,6.3873,2.0,23.3846,2.126,fields/case_g016_op04.npz,structure_features/case_g016_op04.npz,1.0,7.09825,16.83695,1.4219,1.4219,1.0,15.5969,16.83695,1.4219,1.4219,0.0,0.0,0.0,0.0,0.0,0.0,0.0,0.0,0.0,0.0,0.0,0.0,0.0,0.0,0.0,0.0,0.0,0.0,0.0,0.0
legacy_stage4,case_g016_op05,case_g016,case_g016,train,op05,0.0,1495.217,0.01891,1.4219,6.3873,2.0,23.3846,2.126,fields/case_g016_op05.npz,structure_features/case_g016_op05.npz,1.0,7.09825,16.83695,1.4219,1.4219,1.0,15.5969,16.83695,1.4219,1.4219,0.0,0.0,0.0,0.0,0.0,0.0,0.0,0.0,0.0,0.0,0.0,0.0,0.0,0.0,0.0,0.0,0.0,0.0,0.0,0.0
legacy_stage4,case_g016_op06,case_g016,case_g016,train,op06,0.0,2326.342,0.003006,1.4219,6.3873,2.0,23.3846,2.126,fields/case_g016_op06.npz,structure_features/case_g016_op06.npz,1.0,7.09825,16.83695,1.4219,1.4219,1.0,15.5969,16.83695,1.4219,1.4219,0.0,0.0,0.0,0.0,0.0,0.0,0.0,0.0,0.0,0.0,0.0,0.0,0.0,0.0,0.0,0.0,0.0,0.0,0.0,0.0
legacy_stage4,case_g017_op01,case_g017,case_g017,train,op01,0.0,731.331,0.037275,1.0617,2.6982,3.0,27.4963,3.1409,fields/case_g017_op01.npz,structure_features/case_g017_op01.npz,1.0,3.22905,17.67175,1.0617,1.0617,1.0,11.49508333,17.67175,1.0617,1.0617,1.0,19.76111667,17.67175,1.0617,1.0617,0.0,0.0,0.0,0.0,0.0,0.0,0.0,0.0,0.0,0.0,0.0,0.0,0.0,0.0,0.0
legacy_stage4,case_g017_op02,case_g017,case_g017,train,op02,0.0,1698.217,0.026894,1.0617,2.6982,3.0,27.4963,3.1409,fields/case_g017_op02.npz,structure_features/case_g017_op02.npz,1.0,3.22905,17.67175,1.0617,1.0617,1.0,11.49508333,17.67175,1.0617,1.0617,1.0,19.76111667,17.67175,1.0617,1.0617,0.0,0.0,0.0,0.0,0.0,0.0,0.0,0.0,0.0,0.0,0.0,0.0,0.0,0.0,0.0
legacy_stage4,case_g017_op03,case_g017,case_g017,train,op03,0.0,1330.552,0.016079,1.0617,2.6982,3.0,27.4963,3.1409,fields/case_g017_op03.npz,structure_features/case_g017_op03.npz,1.0,3.22905,17.67175,1.0617,1.0617,1.0,11.49508333,17.67175,1.0617,1.0617,1.0,19.76111667,17.67175,1.0617,1.0617,0.0,0.0,0.0,0.0,0.0,0.0,0.0,0.0,0.0,0.0,0.0,0.0,0.0,0.0,0.0
legacy_stage4,case_g017_op04,case_g017,case_g017,train,op04,0.0,2589.425,0.006824,1.0617,2.6982,3.0,27.4963,3.1409,fields/case_g017_op04.npz,structure_features/case_g017_op04.npz,1.0,3.22905,17.67175,1.0617,1.0617,1.0,11.49508333,17.67175,1.0617,1.0617,1.0,19.76111667,17.67175,1.0617,1.0617,0.0,0.0,0.0,0.0,0.0,0.0,0.0,0.0,0.0,0.0,0.0,0.0,0.0,0.0,0.0
legacy_stage4,case_g017_op05,case_g017,case_g017,train,op05,0.0,1941.943,0.004278,1.0617,2.6982,3.0,27.4963,3.1409,fields/case_g017_op05.npz,structure_features/case_g017_op05.npz,1.0,3.22905,17.67175,1.0617,1.0617,1.0,11.49508333,17.67175,1.0617,1.0617,1.0,19.76111667,17.67175,1.0617,1.0617,0.0,0.0,0.0,0.0,0.0,0.0,0.0,0.0,0.0,0.0,0.0,0.0,0.0,0.0,0.0
legacy_stage4,case_g017_op06,case_g017,case_g017,train,op06,0.0,2184.368,0.088111,1.0617,2.6982,3.0,27.4963,3.1409,fields/case_g017_op06.npz,structure_features/case_g017_op06.npz,1.0,3.22905,17.67175,1.0617,1.0617,1.0,11.49508333,17.67175,1.0617,1.0617,1.0,19.76111667,17.67175,1.0617,1.0617,0.0,0.0,0.0,0.0,0.0,0.0,0.0,0.0,0.0,0.0,0.0,0.0,0.0,0.0,0.0
legacy_stage4,case_g018_op01,case_g018,case_g018,train,op01,0.0,2819.523,0.039754,1.1482,6.2389,3.0,26.0867,0.2423,fields/case_g018_op01.npz,structure_features/case_g018_op01.npz,1.0,6.813,14.8164,1.1482,1.1482,1.0,13.42893333,14.8164,1.1482,1.1482,1.0,20.04486667,14.8164,1.1482,1.1482,0.0,0.0,0.0,0.0,0.0,0.0,0.0,0.0,0.0,0.0,0.0,0.0,0.0,0.0,0.0
legacy_stage4,case_g018_op02,case_g018,case_g018,train,op02,0.0,2082.427,0.010455,1.1482,6.2389,3.0,26.0867,0.2423,fields/case_g018_op02.npz,structure_features/case_g018_op02.npz,1.0,6.813,14.8164,1.1482,1.1482,1.0,13.42893333,14.8164,1.1482,1.1482,1.0,20.04486667,14.8164,1.1482,1.1482,0.0,0.0,0.0,0.0,0.0,0.0,0.0,0.0,0.0,0.0,0.0,0.0,0.0,0.0,0.0
legacy_stage4,case_g018_op03,case_g018,case_g018,train,op03,0.0,2424.654,0.00425,1.1482,6.2389,3.0,26.0867,0.2423,fields/case_g018_op03.npz,structure_features/case_g018_op03.npz,1.0,6.813,14.8164,1.1482,1.1482,1.0,13.42893333,14.8164,1.1482,1.1482,1.0,20.04486667,14.8164,1.1482,1.1482,0.0,0.0,0.0,0.0,0.0,0.0,0.0,0.0,0.0,0.0,0.0,0.0,0.0,0.0,0.0
legacy_stage4,case_g018_op04,case_g018,case_g018,train,op04,0.0,1532.034,0.00891,1.1482,6.2389,3.0,26.0867,0.2423,fields/case_g018_op04.npz,structure_features/case_g018_op04.npz,1.0,6.813,14.8164,1.1482,1.1482,1.0,13.42893333,14.8164,1.1482,1.1482,1.0,20.04486667,14.8164,1.1482,1.1482,0.0,0.0,0.0,0.0,0.0,0.0,0.0,0.0,0.0,0.0,0.0,0.0,0.0,0.0,0.0
legacy_stage4,case_g018_op05,case_g018,case_g018,train,op05,0.0,1303.221,0.019698,1.1482,6.2389,3.0,26.0867,0.2423,fields/case_g018_op05.npz,structure_features/case_g018_op05.npz,1.0,6.813,14.8164,1.1482,1.1482,1.0,13.42893333,14.8164,1.1482,1.1482,1.0,20.04486667,14.8164,1.1482,1.1482,0.0,0.0,0.0,0.0,0.0,0.0,0.0,0.0,0.0,0.0,0.0,0.0,0.0,0.0,0.0
legacy_stage4,case_g018_op06,case_g018,case_g018,train,op06,0.0,681.957,0.090135,1.1482,6.2389,3.0,26.0867,0.2423,fields/case_g018_op06.npz,structure_features/case_g018_op06.npz,1.0,6.813,14.8164,1.1482,1.1482,1.0,13.42893333,14.8164,1.1482,1.1482,1.0,20.04486667,14.8164,1.1482,1.1482,0.0,0.0,0.0,0.0,0.0,0.0,0.0,0.0,0.0,0.0,0.0,0.0,0.0,0.0,0.0
legacy_stage4,case_g019_op01,case_g019,case_g019,test,op01,0.0,2192.543,0.095287,0.7812,2.9485,3.0,25.8921,3.6025,fields/case_g019_op01.npz,structure_features/case_g019_op01.npz,1.0,3.3391,17.9931,0.7812,0.7812,1.0,10.98696667,17.9931,0.7812,0.7812,1.0,18.63483333,17.9931,0.7812,0.7812,0.0,0.0,0.0,0.0,0.0,0.0,0.0,0.0,0.0,0.0,0.0,0.0,0.0,0.0,0.0
legacy_stage4,case_g019_op02,case_g019,case_g019,test,op02,0.0,1453.024,0.029932,0.7812,2.9485,3.0,25.8921,3.6025,fields/case_g019_op02.npz,structure_features/case_g019_op02.npz,1.0,3.3391,17.9931,0.7812,0.7812,1.0,10.98696667,17.9931,0.7812,0.7812,1.0,18.63483333,17.9931,0.7812,0.7812,0.0,0.0,0.0,0.0,0.0,0.0,0.0,0.0,0.0,0.0,0.0,0.0,0.0,0.0,0.0
legacy_stage4,case_g019_op03,case_g019,case_g019,test,op03,0.0,1051.527,0.011824,0.7812,2.9485,3.0,25.8921,3.6025,fields/case_g019_op03.npz,structure_features/case_g019_op03.npz,1.0,3.3391,17.9931,0.7812,0.7812,1.0,10.98696667,17.9931,0.7812,0.7812,1.0,18.63483333,17.9931,0.7812,0.7812,0.0,0.0,0.0,0.0,0.0,0.0,0.0,0.0,0.0,0.0,0.0,0.0,0.0,0.0,0.0
legacy_stage4,case_g019_op04,case_g019,case_g019,test,op04,0.0,1870.008,0.051809,0.7812,2.9485,3.0,25.8921,3.6025,fields/case_g019_op04.npz,structure_features/case_g019_op04.npz,1.0,3.3391,17.9931,0.7812,0.7812,1.0,10.98696667,17.9931,0.7812,0.7812,1.0,18.63483333,17.9931,0.7812,0.7812,0.0,0.0,0.0,0.0,0.0,0.0,0.0,0.0,0.0,0.0,0.0,0.0,0.0,0.0,0.0
legacy_stage4,case_g019_op05,case_g019,case_g019,test,op05,0.0,826.545,0.006203,0.7812,2.9485,3.0,25.8921,3.6025,fields/case_g019_op05.npz,structure_features/case_g019_op05.npz,1.0,3.3391,17.9931,0.7812,0.7812,1.0,10.98696667,17.9931,0.7812,0.7812,1.0,18.63483333,17.9931,0.7812,0.7812,0.0,0.0,0.0,0.0,0.0,0.0,0.0,0.0,0.0,0.0,0.0,0.0,0.0,0.0,0.0
legacy_stage4,case_g019_op06,case_g019,case_g019,test,op06,0.0,2785.645,0.004736,0.7812,2.9485,3.0,25.8921,3.6025,fields/case_g019_op06.npz,structure_features/case_g019_op06.npz,1.0,3.3391,17.9931,0.7812,0.7812,1.0,10.98696667,17.9931,0.7812,0.7812,1.0,18.63483333,17.9931,0.7812,0.7812,0.0,0.0,0.0,0.0,0.0,0.0,0.0,0.0,0.0,0.0,0.0,0.0,0.0,0.0,0.0
legacy_stage4,case_g020_op01,case_g020,case_g020,test,op01,0.0,1747.712,0.012898,1.4857,2.9051,3.0,26.4683,1.2596,fields/case_g020_op01.npz,structure_features/case_g020_op01.npz,1.0,3.64795,16.00245,1.4857,1.4857,1.0,11.50235,16.00245,1.4857,1.4857,1.0,19.35675,16.00245,1.4857,1.4857,0.0,0.0,0.0,0.0,0.0,0.0,0.0,0.0,0.0,0.0,0.0,0.0,0.0,0.0,0.0
legacy_stage4,case_g020_op02,case_g020,case_g020,test,op02,0.0,2915.701,0.092036,1.4857,2.9051,3.0,26.4683,1.2596,fields/case_g020_op02.npz,structure_features/case_g020_op02.npz,1.0,3.64795,16.00245,1.4857,1.4857,1.0,11.50235,16.00245,1.4857,1.4857,1.0,19.35675,16.00245,1.4857,1.4857,0.0,0.0,0.0,0.0,0.0,0.0,0.0,0.0,0.0,0.0,0.0,0.0,0.0,0.0,0.0
legacy_stage4,case_g020_op03,case_g020,case_g020,test,op03,0.0,762.282,0.040396,1.4857,2.9051,3.0,26.4683,1.2596,fields/case_g020_op03.npz,structure_features/case_g020_op03.npz,1.0,3.64795,16.00245,1.4857,1.4857,1.0,11.50235,16.00245,1.4857,1.4857,1.0,19.35675,16.00245,1.4857,1.4857,0.0,0.0,0.0,0.0,0.0,0.0,0.0,0.0,0.0,0.0,0.0,0.0,0.0,0.0,0.0
legacy_stage4,case_g020_op04,case_g020,case_g020,test,op04,0.0,2250.678,0.028844,1.4857,2.9051,3.0,26.4683,1.2596,fields/case_g020_op04.npz,structure_features/case_g020_op04.npz,1.0,3.64795,16.00245,1.4857,1.4857,1.0,11.50235,16.00245,1.4857,1.4857,1.0,19.35675,16.00245,1.4857,1.4857,0.0,0.0,0.0,0.0,0.0,0.0,0.0,0.0,0.0,0.0,0.0,0.0,0.0,0.0,0.0
legacy_stage4,case_g020_op05,case_g020,case_g020,test,op05,0.0,1002.493,0.003945,1.4857,2.9051,3.0,26.4683,1.2596,fields/case_g020_op05.npz,structure_features/case_g020_op05.npz,1.0,3.64795,16.00245,1.4857,1.4857,1.0,11.50235,16.00245,1.4857,1.4857,1.0,19.35675,16.00245,1.4857,1.4857,0.0,0.0,0.0,0.0,0.0,0.0,0.0,0.0,0.0,0.0,0.0,0.0,0.0,0.0,0.0
legacy_stage4,case_g020_op06,case_g020,case_g020,test,op06,0.0,1758.995,0.00607,1.4857,2.9051,3.0,26.4683,1.2596,fields/case_g020_op06.npz,structure_features/case_g020_op06.npz,1.0,3.64795,16.00245,1.4857,1.4857,1.0,11.50235,16.00245,1.4857,1.4857,1.0,19.35675,16.00245,1.4857,1.4857,0.0,0.0,0.0,0.0,0.0,0.0,0.0,0.0,0.0,0.0,0.0,0.0,0.0,0.0,0.0
legacy_stage4,case_g021_op01,case_g021,case_g021,train,op01,0.0,1228.741,0.030524,0.7271,2.5039,4.0,28.2794,4.4232,fields/case_g021_op01.npz,structure_features/case_g021_op01.npz,1.0,2.86745,18.78675,0.7271,0.7271,1.0,9.311325,18.78675,0.7271,0.7271,1.0,15.7552,18.78675,0.7271,0.7271,1.0,22.199075,18.78675,0.7271,0.7271,0.0,0.0,0.0,0.0,0.0,0.0,0.0,0.0,0.0,0.0
legacy_stage4,case_g021_op02,case_g021,case_g021,train,op02,0.0,1959.972,0.004417,0.7271,2.5039,4.0,28.2794,4.4232,fields/case_g021_op02.npz,structure_features/case_g021_op02.npz,1.0,2.86745,18.78675,0.7271,0.7271,1.0,9.311325,18.78675,0.7271,0.7271,1.0,15.7552,18.78675,0.7271,0.7271,1.0,22.199075,18.78675,0.7271,0.7271,0.0,0.0,0.0,0.0,0.0,0.0,0.0,0.0,0.0,0.0
legacy_stage4,case_g021_op03,case_g021,case_g021,train,op03,0.0,2324.939,0.083374,0.7271,2.5039,4.0,28.2794,4.4232,fields/case_g021_op03.npz,structure_features/case_g021_op03.npz,1.0,2.86745,18.78675,0.7271,0.7271,1.0,9.311325,18.78675,0.7271,0.7271,1.0,15.7552,18.78675,0.7271,0.7271,1.0,22.199075,18.78675,0.7271,0.7271,0.0,0.0,0.0,0.0,0.0,0.0,0.0,0.0,0.0,0.0
legacy_stage4,case_g021_op04,case_g021,case_g021,train,op04,0.0,1347.895,0.006347,0.7271,2.5039,4.0,28.2794,4.4232,fields/case_g021_op04.npz,structure_features/case_g021_op04.npz,1.0,2.86745,18.78675,0.7271,0.7271,1.0,9.311325,18.78675,0.7271,0.7271,1.0,15.7552,18.78675,0.7271,0.7271,1.0,22.199075,18.78675,0.7271,0.7271,0.0,0.0,0.0,0.0,0.0,0.0,0.0,0.0,0.0,0.0
legacy_stage4,case_g021_op05,case_g021,case_g021,train,op05,0.0,2704.832,0.014323,0.7271,2.5039,4.0,28.2794,4.4232,fields/case_g021_op05.npz,structure_features/case_g021_op05.npz,1.0,2.86745,18.78675,0.7271,0.7271,1.0,9.311325,18.78675,0.7271,0.7271,1.0,15.7552,18.78675,0.7271,0.7271,1.0,22.199075,18.78675,0.7271,0.7271,0.0,0.0,0.0,0.0,0.0,0.0,0.0,0.0,0.0,0.0
legacy_stage4,case_g021_op06,case_g021,case_g021,train,op06,0.0,586.464,0.051862,0.7271,2.5039,4.0,28.2794,4.4232,fields/case_g021_op06.npz,structure_features/case_g021_op06.npz,1.0,2.86745,18.78675,0.7271,0.7271,1.0,9.311325,18.78675,0.7271,0.7271,1.0,15.7552,18.78675,0.7271,0.7271,1.0,22.199075,18.78675,0.7271,0.7271,0.0,0.0,0.0,0.0,0.0,0.0,0.0,0.0,0.0,0.0
legacy_stage4,case_g022_op01,case_g022,case_g022,train,op01,0.0,1852.433,0.047827,1.0737,9.1209,6.0,23.5575,2.5955,fields/case_g022_op01.npz,structure_features/case_g022_op01.npz,1.0,9.65775,17.13235,1.0737,1.0737,1.0,12.06385,17.13235,1.0737,1.0737,1.0,14.46995,17.13235,1.0737,1.0737,1.0,16.87605,17.13235,1.0737,1.0737,1.0,19.28215,17.13235,1.0737,1.0737,1.0,21.68825,17.13235,1.0737,1.0737
legacy_stage4,case_g022_op02,case_g022,case_g022,train,op02,0.0,2564.625,0.093193,1.0737,9.1209,6.0,23.5575,2.5955,fields/case_g022_op02.npz,structure_features/case_g022_op02.npz,1.0,9.65775,17.13235,1.0737,1.0737,1.0,12.06385,17.13235,1.0737,1.0737,1.0,14.46995,17.13235,1.0737,1.0737,1.0,16.87605,17.13235,1.0737,1.0737,1.0,19.28215,17.13235,1.0737,1.0737,1.0,21.68825,17.13235,1.0737,1.0737
legacy_stage4,case_g022_op03,case_g022,case_g022,train,op03,0.0,734.287,0.01046,1.0737,9.1209,6.0,23.5575,2.5955,fields/case_g022_op03.npz,structure_features/case_g022_op03.npz,1.0,9.65775,17.13235,1.0737,1.0737,1.0,12.06385,17.13235,1.0737,1.0737,1.0,14.46995,17.13235,1.0737,1.0737,1.0,16.87605,17.13235,1.0737,1.0737,1.0,19.28215,17.13235,1.0737,1.0737,1.0,21.68825,17.13235,1.0737,1.0737
legacy_stage4,case_g022_op04,case_g022,case_g022,train,op04,0.0,1510.091,0.00796,1.0737,9.1209,6.0,23.5575,2.5955,fields/case_g022_op04.npz,structure_features/case_g022_op04.npz,1.0,9.65775,17.13235,1.0737,1.0737,1.0,12.06385,17.13235,1.0737,1.0737,1.0,14.46995,17.13235,1.0737,1.0737,1.0,16.87605,17.13235,1.0737,1.0737,1.0,19.28215,17.13235,1.0737,1.0737,1.0,21.68825,17.13235,1.0737,1.0737
legacy_stage4,case_g022_op05,case_g022,case_g022,train,op05,0.0,2999.798,0.00444,1.0737,9.1209,6.0,23.5575,2.5955,fields/case_g022_op05.npz,structure_features/case_g022_op05.npz,1.0,9.65775,17.13235,1.0737,1.0737,1.0,12.06385,17.13235,1.0737,1.0737,1.0,14.46995,17.13235,1.0737,1.0737,1.0,16.87605,17.13235,1.0737,1.0737,1.0,19.28215,17.13235,1.0737,1.0737,1.0,21.68825,17.13235,1.0737,1.0737
legacy_stage4,case_g022_op06,case_g022,case_g022,train,op06,0.0,1108.979,0.022248,1.0737,9.1209,6.0,23.5575,2.5955,fields/case_g022_op06.npz,structure_features/case_g022_op06.npz,1.0,9.65775,17.13235,1.0737,1.0737,1.0,12.06385,17.13235,1.0737,1.0737,1.0,14.46995,17.13235,1.0737,1.0737,1.0,16.87605,17.13235,1.0737,1.0737,1.0,19.28215,17.13235,1.0737,1.0737,1.0,21.68825,17.13235,1.0737,1.0737
legacy_stage4,case_g023_op01,case_g023,case_g023,test,op01,0.0,702.374,0.008296,0.9982,7.949,3.0,20.9332,3.2936,fields/case_g023_op01.npz,structure_features/case_g023_op01.npz,1.0,8.4481,17.7927,0.9982,0.9982,1.0,12.77616667,17.7927,0.9982,0.9982,1.0,17.10423333,17.7927,0.9982,0.9982,0.0,0.0,0.0,0.0,0.0,0.0,0.0,0.0,0.0,0.0,0.0,0.0,0.0,0.0,0.0
legacy_stage4,case_g023_op02,case_g023,case_g023,test,op02,0.0,1831.375,0.005235,0.9982,7.949,3.0,20.9332,3.2936,fields/case_g023_op02.npz,structure_features/case_g023_op02.npz,1.0,8.4481,17.7927,0.9982,0.9982,1.0,12.77616667,17.7927,0.9982,0.9982,1.0,17.10423333,17.7927,0.9982,0.9982,0.0,0.0,0.0,0.0,0.0,0.0,0.0,0.0,0.0,0.0,0.0,0.0,0.0,0.0,0.0
legacy_stage4,case_g023_op03,case_g023,case_g023,test,op03,0.0,1467.423,0.05646,0.9982,7.949,3.0,20.9332,3.2936,fields/case_g023_op03.npz,structure_features/case_g023_op03.npz,1.0,8.4481,17.7927,0.9982,0.9982,1.0,12.77616667,17.7927,0.9982,0.9982,1.0,17.10423333,17.7927,0.9982,0.9982,0.0,0.0,0.0,0.0,0.0,0.0,0.0,0.0,0.0,0.0,0.0,0.0,0.0,0.0,0.0
legacy_stage4,case_g023_op04,case_g023,case_g023,test,op04,0.0,2650.91,0.021963,0.9982,7.949,3.0,20.9332,3.2936,fields/case_g023_op04.npz,structure_features/case_g023_op04.npz,1.0,8.4481,17.7927,0.9982,0.9982,1.0,12.77616667,17.7927,0.9982,0.9982,1.0,17.10423333,17.7927,0.9982,0.9982,0.0,0.0,0.0,0.0,0.0,0.0,0.0,0.0,0.0,0.0,0.0,0.0,0.0,0.0,0.0
legacy_stage4,case_g023_op05,case_g023,case_g023,test,op05,0.0,2429.099,0.031822,0.9982,7.949,3.0,20.9332,3.2936,fields/case_g023_op05.npz,structure_features/case_g023_op05.npz,1.0,8.4481,17.7927,0.9982,0.9982,1.0,12.77616667,17.7927,0.9982,0.9982,1.0,17.10423333,17.7927,0.9982,0.9982,0.0,0.0,0.0,0.0,0.0,0.0,0.0,0.0,0.0,0.0,0.0,0.0,0.0,0.0,0.0
legacy_stage4,case_g023_op06,case_g023,case_g023,test,op06,0.0,1157.832,0.012115,0.9982,7.949,3.0,20.9332,3.2936,fields/case_g023_op06.npz,structure_features/case_g023_op06.npz,1.0,8.4481,17.7927,0.9982,0.9982,1.0,12.77616667,17.7927,0.9982,0.9982,1.0,17.10423333,17.7927,0.9982,0.9982,0.0,0.0,0.0,0.0,0.0,0.0,0.0,0.0,0.0,0.0,0.0,0.0,0.0,0.0,0.0
legacy_stage4,case_g024_op01,case_g024,case_g024,train,op01,0.0,1035.483,0.042461,0.8752,8.4834,3.0,26.5261,4.3349,fields/case_g024_op01.npz,structure_features/case_g024_op01.npz,1.0,8.921,18.7725,0.8752,0.8752,1.0,14.93523333,18.7725,0.8752,0.8752,1.0,20.94946667,18.7725,0.8752,0.8752,0.0,0.0,0.0,0.0,0.0,0.0,0.0,0.0,0.0,0.0,0.0,0.0,0.0,0.0,0.0
legacy_stage4,case_g024_op02,case_g024,case_g024,train,op02,0.0,515.151,0.009398,0.8752,8.4834,3.0,26.5261,4.3349,fields/case_g024_op02.npz,structure_features/case_g024_op02.npz,1.0,8.921,18.7725,0.8752,0.8752,1.0,14.93523333,18.7725,0.8752,0.8752,1.0,20.94946667,18.7725,0.8752,0.8752,0.0,0.0,0.0,0.0,0.0,0.0,0.0,0.0,0.0,0.0,0.0,0.0,0.0,0.0,0.0
legacy_stage4,case_g024_op03,case_g024,case_g024,train,op03,0.0,2636.835,0.030114,0.8752,8.4834,3.0,26.5261,4.3349,fields/case_g024_op03.npz,structure_features/case_g024_op03.npz,1.0,8.921,18.7725,0.8752,0.8752,1.0,14.93523333,18.7725,0.8752,0.8752,1.0,20.94946667,18.7725,0.8752,0.8752,0.0,0.0,0.0,0.0,0.0,0.0,0.0,0.0,0.0,0.0,0.0,0.0,0.0,0.0,0.0
legacy_stage4,case_g024_op04,case_g024,case_g024,train,op04,0.0,2566.842,0.00481,0.8752,8.4834,3.0,26.5261,4.3349,fields/case_g024_op04.npz,structure_features/case_g024_op04.npz,1.0,8.921,18.7725,0.8752,0.8752,1.0,14.93523333,18.7725,0.8752,0.8752,1.0,20.94946667,18.7725,0.8752,0.8752,0.0,0.0,0.0,0.0,0.0,0.0,0.0,0.0,0.0,0.0,0.0,0.0,0.0,0.0,0.0
legacy_stage4,case_g024_op05,case_g024,case_g024,train,op05,0.0,1910.961,0.011167,0.8752,8.4834,3.0,26.5261,4.3349,fields/case_g024_op05.npz,structure_features/case_g024_op05.npz,1.0,8.921,18.7725,0.8752,0.8752,1.0,14.93523333,18.7725,0.8752,0.8752,1.0,20.94946667,18.7725,0.8752,0.8752,0.0,0.0,0.0,0.0,0.0,0.0,0.0,0.0,0.0,0.0,0.0,0.0,0.0,0.0,0.0
legacy_stage4,case_g024_op06,case_g024,case_g024,train,op06,0.0,1537.939,0.070944,0.8752,8.4834,3.0,26.5261,4.3349,fields/case_g024_op06.npz,structure_features/case_g024_op06.npz,1.0,8.921,18.7725,0.8752,0.8752,1.0,14.93523333,18.7725,0.8752,0.8752,1.0,20.94946667,18.7725,0.8752,0.8752,0.0,0.0,0.0,0.0,0.0,0.0,0.0,0.0,0.0,0.0,0.0,0.0,0.0,0.0,0.0
legacy_stage4,case_g025_op01,case_g025,case_g025,train,op01,0.0,549.618,0.042543,1.3931,5.9389,6.0,21.8965,3.9211,fields/case_g025_op01.npz,structure_features/case_g025_op01.npz,1.0,6.63545,18.61765,1.3931,1.3931,1.0,9.29505,18.61765,1.3931,1.3931,1.0,11.95465,18.61765,1.3931,1.3931,1.0,14.61425,18.61765,1.3931,1.3931,1.0,17.27385,18.61765,1.3931,1.3931,1.0,19.93345,18.61765,1.3931,1.3931
legacy_stage4,case_g025_op02,case_g025,case_g025,train,op02,0.0,2030.989,0.016283,1.3931,5.9389,6.0,21.8965,3.9211,fields/case_g025_op02.npz,structure_features/case_g025_op02.npz,1.0,6.63545,18.61765,1.3931,1.3931,1.0,9.29505,18.61765,1.3931,1.3931,1.0,11.95465,18.61765,1.3931,1.3931,1.0,14.61425,18.61765,1.3931,1.3931,1.0,17.27385,18.61765,1.3931,1.3931,1.0,19.93345,18.61765,1.3931,1.3931
legacy_stage4,case_g025_op03,case_g025,case_g025,train,op03,0.0,2595.717,0.095993,1.3931,5.9389,6.0,21.8965,3.9211,fields/case_g025_op03.npz,structure_features/case_g025_op03.npz,1.0,6.63545,18.61765,1.3931,1.3931,1.0,9.29505,18.61765,1.3931,1.3931,1.0,11.95465,18.61765,1.3931,1.3931,1.0,14.61425,18.61765,1.3931,1.3931,1.0,17.27385,18.61765,1.3931,1.3931,1.0,19.93345,18.61765,1.3931,1.3931
legacy_stage4,case_g025_op04,case_g025,case_g025,train,op04,0.0,1304.172,0.022455,1.3931,5.9389,6.0,21.8965,3.9211,fields/case_g025_op04.npz,structure_features/case_g025_op04.npz,1.0,6.63545,18.61765,1.3931,1.3931,1.0,9.29505,18.61765,1.3931,1.3931,1.0,11.95465,18.61765,1.3931,1.3931,1.0,14.61425,18.61765,1.3931,1.3931,1.0,17.27385,18.61765,1.3931,1.3931,1.0,19.93345,18.61765,1.3931,1.3931
legacy_stage4,case_g025_op05,case_g025,case_g025,train,op05,0.0,1527.726,0.005363,1.3931,5.9389,6.0,21.8965,3.9211,fields/case_g025_op05.npz,structure_features/case_g025_op05.npz,1.0,6.63545,18.61765,1.3931,1.3931,1.0,9.29505,18.61765,1.3931,1.3931,1.0,11.95465,18.61765,1.3931,1.3931,1.0,14.61425,18.61765,1.3931,1.3931,1.0,17.27385,18.61765,1.3931,1.3931,1.0,19.93345,18.61765,1.3931,1.3931
legacy_stage4,case_g025_op06,case_g025,case_g025,train,op06,0.0,2233.196,0.00736,1.3931,5.9389,6.0,21.8965,3.9211,fields/case_g025_op06.npz,structure_features/case_g025_op06.npz,1.0,6.63545,18.61765,1.3931,1.3931,1.0,9.29505,18.61765,1.3931,1.3931,1.0,11.95465,18.61765,1.3931,1.3931,1.0,14.61425,18.61765,1.3931,1.3931,1.0,17.27385,18.61765,1.3931,1.3931,1.0,19.93345,18.61765,1.3931,1.3931
legacy_stage4,case_g026_op01,case_g026,case_g026,val,op01,0.0,1729.149,0.004247,0.8501,2.1985,4.0,21.3798,4.6393,fields/case_g026_op01.npz,structure_features/case_g026_op01.npz,1.0,2.62355,19.06435,0.8501,0.8501,1.0,7.418875,19.06435,0.8501,0.8501,1.0,12.2142,19.06435,0.8501,0.8501,1.0,17.009525,19.06435,0.8501,0.8501,0.0,0.0,0.0,0.0,0.0,0.0,0.0,0.0,0.0,0.0
legacy_stage4,case_g026_op02,case_g026,case_g026,val,op02,0.0,2501.416,0.015836,0.8501,2.1985,4.0,21.3798,4.6393,fields/case_g026_op02.npz,structure_features/case_g026_op02.npz,1.0,2.62355,19.06435,0.8501,0.8501,1.0,7.418875,19.06435,0.8501,0.8501,1.0,12.2142,19.06435,0.8501,0.8501,1.0,17.009525,19.06435,0.8501,0.8501,0.0,0.0,0.0,0.0,0.0,0.0,0.0,0.0,0.0,0.0
legacy_stage4,case_g026_op03,case_g026,case_g026,val,op03,0.0,1979.342,0.035924,0.8501,2.1985,4.0,21.3798,4.6393,fields/case_g026_op03.npz,structure_features/case_g026_op03.npz,1.0,2.62355,19.06435,0.8501,0.8501,1.0,7.418875,19.06435,0.8501,0.8501,1.0,12.2142,19.06435,0.8501,0.8501,1.0,17.009525,19.06435,0.8501,0.8501,0.0,0.0,0.0,0.0,0.0,0.0,0.0,0.0,0.0,0.0
legacy_stage4,case_g026_op04,case_g026,case_g026,val,op04,0.0,2640.439,0.025937,0.8501,2.1985,4.0,21.3798,4.6393,fields/case_g026_op04.npz,structure_features/case_g026_op04.npz,1.0,2.62355,19.06435,0.8501,0.8501,1.0,7.418875,19.06435,0.8501,0.8501,1.0,12.2142,19.06435,0.8501,0.8501,1.0,17.009525,19.06435,0.8501,0.8501,0.0,0.0,0.0,0.0,0.0,0.0,0.0,0.0,0.0,0.0
legacy_stage4,case_g026_op05,case_g026,case_g026,val,op05,0.0,881.683,0.006531,0.8501,2.1985,4.0,21.3798,4.6393,fields/case_g026_op05.npz,structure_features/case_g026_op05.npz,1.0,2.62355,19.06435,0.8501,0.8501,1.0,7.418875,19.06435,0.8501,0.8501,1.0,12.2142,19.06435,0.8501,0.8501,1.0,17.009525,19.06435,0.8501,0.8501,0.0,0.0,0.0,0.0,0.0,0.0,0.0,0.0,0.0,0.0
legacy_stage4,case_g026_op06,case_g026,case_g026,val,op06,0.0,1188.138,0.067243,0.8501,2.1985,4.0,21.3798,4.6393,fields/case_g026_op06.npz,structure_features/case_g026_op06.npz,1.0,2.62355,19.06435,0.8501,0.8501,1.0,7.418875,19.06435,0.8501,0.8501,1.0,12.2142,19.06435,0.8501,0.8501,1.0,17.009525,19.06435,0.8501,0.8501,0.0,0.0,0.0,0.0,0.0,0.0,0.0,0.0,0.0,0.0
legacy_stage4,case_g027_op01,case_g027,case_g027,train,op01,0.0,2490.669,0.066645,0.6373,3.9335,2.0,20.3595,1.9989,fields/case_g027_op01.npz,structure_features/case_g027_op01.npz,1.0,4.25215,16.31755,0.6373,0.6373,1.0,12.46515,16.31755,0.6373,0.6373,0.0,0.0,0.0,0.0,0.0,0.0,0.0,0.0,0.0,0.0,0.0,0.0,0.0,0.0,0.0,0.0,0.0,0.0,0.0,0.0
legacy_stage4,case_g027_op02,case_g027,case_g027,train,op02,0.0,2061.477,0.015391,0.6373,3.9335,2.0,20.3595,1.9989,fields/case_g027_op02.npz,structure_features/case_g027_op02.npz,1.0,4.25215,16.31755,0.6373,0.6373,1.0,12.46515,16.31755,0.6373,0.6373,0.0,0.0,0.0,0.0,0.0,0.0,0.0,0.0,0.0,0.0,0.0,0.0,0.0,0.0,0.0,0.0,0.0,0.0,0.0,0.0
legacy_stage4,case_g027_op03,case_g027,case_g027,train,op03,0.0,2921.017,0.003696,0.6373,3.9335,2.0,20.3595,1.9989,fields/case_g027_op03.npz,structure_features/case_g027_op03.npz,1.0,4.25215,16.31755,0.6373,0.6373,1.0,12.46515,16.31755,0.6373,0.6373,0.0,0.0,0.0,0.0,0.0,0.0,0.0,0.0,0.0,0.0,0.0,0.0,0.0,0.0,0.0,0.0,0.0,0.0,0.0,0.0
legacy_stage4,case_g027_op04,case_g027,case_g027,train,op04,0.0,1429.66,0.044277,0.6373,3.9335,2.0,20.3595,1.9989,fields/case_g027_op04.npz,structure_features/case_g027_op04.npz,1.0,4.25215,16.31755,0.6373,0.6373,1.0,12.46515,16.31755,0.6373,0.6373,0.0,0.0,0.0,0.0,0.0,0.0,0.0,0.0,0.0,0.0,0.0,0.0,0.0,0.0,0.0,0.0,0.0,0.0,0.0,0.0
legacy_stage4,case_g027_op05,case_g027,case_g027,train,op05,0.0,571.187,0.020203,0.6373,3.9335,2.0,20.3595,1.9989,fields/case_g027_op05.npz,structure_features/case_g027_op05.npz,1.0,4.25215,16.31755,0.6373,0.6373,1.0,12.46515,16.31755,0.6373,0.6373,0.0,0.0,0.0,0.0,0.0,0.0,0.0,0.0,0.0,0.0,0.0,0.0,0.0,0.0,0.0,0.0,0.0,0.0,0.0,0.0
legacy_stage4,case_g027_op06,case_g027,case_g027,train,op06,0.0,1180.886,0.007297,0.6373,3.9335,2.0,20.3595,1.9989,fields/case_g027_op06.npz,structure_features/case_g027_op06.npz,1.0,4.25215,16.31755,0.6373,0.6373,1.0,12.46515,16.31755,0.6373,0.6373,0.0,0.0,0.0,0.0,0.0,0.0,0.0,0.0,0.0,0.0,0.0,0.0,0.0,0.0,0.0,0.0,0.0,0.0,0.0,0.0
legacy_stage4,case_g028_op01,case_g028,case_g028,train,op01,0.0,524.198,0.058975,0.9595,5.3396,2.0,24.2031,2.7029,fields/case_g028_op01.npz,structure_features/case_g028_op01.npz,1.0,5.81935,17.18265,0.9595,0.9595,1.0,15.2511,17.18265,0.9595,0.9595,0.0,0.0,0.0,0.0,0.0,0.0,0.0,0.0,0.0,0.0,0.0,0.0,0.0,0.0,0.0,0.0,0.0,0.0,0.0,0.0
legacy_stage4,case_g028_op02,case_g028,case_g028,train,op02,0.0,2800.226,0.035077,0.9595,5.3396,2.0,24.2031,2.7029,fields/case_g028_op02.npz,structure_features/case_g028_op02.npz,1.0,5.81935,17.18265,0.9595,0.9595,1.0,15.2511,17.18265,0.9595,0.9595,0.0,0.0,0.0,0.0,0.0,0.0,0.0,0.0,0.0,0.0,0.0,0.0,0.0,0.0,0.0,0.0,0.0,0.0,0.0,0.0
legacy_stage4,case_g028_op03,case_g028,case_g028,train,op03,0.0,1242.467,0.003858,0.9595,5.3396,2.0,24.2031,2.7029,fields/case_g028_op03.npz,structure_features/case_g028_op03.npz,1.0,5.81935,17.18265,0.9595,0.9595,1.0,15.2511,17.18265,0.9595,0.9595,0.0,0.0,0.0,0.0,0.0,0.0,0.0,0.0,0.0,0.0,0.0,0.0,0.0,0.0,0.0,0.0,0.0,0.0,0.0,0.0
legacy_stage4,case_g028_op04,case_g028,case_g028,train,op04,0.0,2562.836,0.010272,0.9595,5.3396,2.0,24.2031,2.7029,fields/case_g028_op04.npz,structure_features/case_g028_op04.npz,1.0,5.81935,17.18265,0.9595,0.9595,1.0,15.2511,17.18265,0.9595,0.9595,0.0,0.0,0.0,0.0,0.0,0.0,0.0,0.0,0.0,0.0,0.0,0.0,0.0,0.0,0.0,0.0,0.0,0.0,0.0,0.0
legacy_stage4,case_g028_op05,case_g028,case_g028,train,op05,0.0,1664.051,0.006597,0.9595,5.3396,2.0,24.2031,2.7029,fields/case_g028_op05.npz,structure_features/case_g028_op05.npz,1.0,5.81935,17.18265,0.9595,0.9595,1.0,15.2511,17.18265,0.9595,0.9595,0.0,0.0,0.0,0.0,0.0,0.0,0.0,0.0,0.0,0.0,0.0,0.0,0.0,0.0,0.0,0.0,0.0,0.0,0.0,0.0
legacy_stage4,case_g028_op06,case_g028,case_g028,train,op06,0.0,1951.291,0.025159,0.9595,5.3396,2.0,24.2031,2.7029,fields/case_g028_op06.npz,structure_features/case_g028_op06.npz,1.0,5.81935,17.18265,0.9595,0.9595,1.0,15.2511,17.18265,0.9595,0.9595,0.0,0.0,0.0,0.0,0.0,0.0,0.0,0.0,0.0,0.0,0.0,0.0,0.0,0.0,0.0,0.0,0.0,0.0,0.0,0.0
legacy_stage4,case_g029_op01,case_g029,case_g029,train,op01,0.0,2605.267,0.009363,1.307,5.2743,4.0,25.417,1.2306,fields/case_g029_op01.npz,structure_features/case_g029_op01.npz,1.0,5.9278,15.8841,1.307,1.307,1.0,10.963475,15.8841,1.307,1.307,1.0,15.99915,15.8841,1.307,1.307,1.0,21.034825,15.8841,1.307,1.307,0.0,0.0,0.0,0.0,0.0,0.0,0.0,0.0,0.0,0.0
legacy_stage4,case_g029_op02,case_g029,case_g029,train,op02,0.0,1494.187,0.003506,1.307,5.2743,4.0,25.417,1.2306,fields/case_g029_op02.npz,structure_features/case_g029_op02.npz,1.0,5.9278,15.8841,1.307,1.307,1.0,10.963475,15.8841,1.307,1.307,1.0,15.99915,15.8841,1.307,1.307,1.0,21.034825,15.8841,1.307,1.307,0.0,0.0,0.0,0.0,0.0,0.0,0.0,0.0,0.0,0.0
legacy_stage4,case_g029_op03,case_g029,case_g029,train,op03,0.0,2162.207,0.019373,1.307,5.2743,4.0,25.417,1.2306,fields/case_g029_op03.npz,structure_features/case_g029_op03.npz,1.0,5.9278,15.8841,1.307,1.307,1.0,10.963475,15.8841,1.307,1.307,1.0,15.99915,15.8841,1.307,1.307,1.0,21.034825,15.8841,1.307,1.307,0.0,0.0,0.0,0.0,0.0,0.0,0.0,0.0,0.0,0.0
legacy_stage4,case_g029_op04,case_g029,case_g029,train,op04,0.0,2282.176,0.08268,1.307,5.2743,4.0,25.417,1.2306,fields/case_g029_op04.npz,structure_features/case_g029_op04.npz,1.0,5.9278,15.8841,1.307,1.307,1.0,10.963475,15.8841,1.307,1.307,1.0,15.99915,15.8841,1.307,1.307,1.0,21.034825,15.8841,1.307,1.307,0.0,0.0,0.0,0.0,0.0,0.0,0.0,0.0,0.0,0.0
legacy_stage4,case_g029_op05,case_g029,case_g029,train,op05,0.0,923.158,0.039582,1.307,5.2743,4.0,25.417,1.2306,fields/case_g029_op05.npz,structure_features/case_g029_op05.npz,1.0,5.9278,15.8841,1.307,1.307,1.0,10.963475,15.8841,1.307,1.307,1.0,15.99915,15.8841,1.307,1.307,1.0,21.034825,15.8841,1.307,1.307,0.0,0.0,0.0,0.0,0.0,0.0,0.0,0.0,0.0,0.0
legacy_stage4,case_g029_op06,case_g029,case_g029,train,op06,0.0,763.479,0.010885,1.307,5.2743,4.0,25.417,1.2306,fields/case_g029_op06.npz,structure_features/case_g029_op06.npz,1.0,5.9278,15.8841,1.307,1.307,1.0,10.963475,15.8841,1.307,1.307,1.0,15.99915,15.8841,1.307,1.307,1.0,21.034825,15.8841,1.307,1.307,0.0,0.0,0.0,0.0,0.0,0.0,0.0,0.0,0.0,0.0
legacy_stage4,case_g030_op01,case_g030,case_g030,train,op01,0.0,1444.859,0.058853,0.9395,5.7368,4.0,29.3805,2.8133,fields/case_g030_op01.npz,structure_features/case_g030_op01.npz,1.0,6.20655,17.28305,0.9395,0.9395,1.0,12.117475,17.28305,0.9395,0.9395,1.0,18.0284,17.28305,0.9395,0.9395,1.0,23.939325,17.28305,0.9395,0.9395,0.0,0.0,0.0,0.0,0.0,0.0,0.0,0.0,0.0,0.0
legacy_stage4,case_g030_op02,case_g030,case_g030,train,op02,0.0,2373.355,0.008496,0.9395,5.7368,4.0,29.3805,2.8133,fields/case_g030_op02.npz,structure_features/case_g030_op02.npz,1.0,6.20655,17.28305,0.9395,0.9395,1.0,12.117475,17.28305,0.9395,0.9395,1.0,18.0284,17.28305,0.9395,0.9395,1.0,23.939325,17.28305,0.9395,0.9395,0.0,0.0,0.0,0.0,0.0,0.0,0.0,0.0,0.0,0.0
legacy_stage4,case_g030_op03,case_g030,case_g030,train,op03,0.0,2972.367,0.004755,0.9395,5.7368,4.0,29.3805,2.8133,fields/case_g030_op03.npz,structure_features/case_g030_op03.npz,1.0,6.20655,17.28305,0.9395,0.9395,1.0,12.117475,17.28305,0.9395,0.9395,1.0,18.0284,17.28305,0.9395,0.9395,1.0,23.939325,17.28305,0.9395,0.9395,0.0,0.0,0.0,0.0,0.0,0.0,0.0,0.0,0.0,0.0
legacy_stage4,case_g030_op04,case_g030,case_g030,train,op04,0.0,847.527,0.046415,0.9395,5.7368,4.0,29.3805,2.8133,fields/case_g030_op04.npz,structure_features/case_g030_op04.npz,1.0,6.20655,17.28305,0.9395,0.9395,1.0,12.117475,17.28305,0.9395,0.9395,1.0,18.0284,17.28305,0.9395,0.9395,1.0,23.939325,17.28305,0.9395,0.9395,0.0,0.0,0.0,0.0,0.0,0.0,0.0,0.0,0.0,0.0
legacy_stage4,case_g030_op05,case_g030,case_g030,train,op05,0.0,1966.352,0.021203,0.9395,5.7368,4.0,29.3805,2.8133,fields/case_g030_op05.npz,structure_features/case_g030_op05.npz,1.0,6.20655,17.28305,0.9395,0.9395,1.0,12.117475,17.28305,0.9395,0.9395,1.0,18.0284,17.28305,0.9395,0.9395,1.0,23.939325,17.28305,0.9395,0.9395,0.0,0.0,0.0,0.0,0.0,0.0,0.0,0.0,0.0,0.0
legacy_stage4,case_g030_op06,case_g030,case_g030,train,op06,0.0,1281.757,0.013018,0.9395,5.7368,4.0,29.3805,2.8133,fields/case_g030_op06.npz,structure_features/case_g030_op06.npz,1.0,6.20655,17.28305,0.9395,0.9395,1.0,12.117475,17.28305,0.9395,0.9395,1.0,18.0284,17.28305,0.9395,0.9395,1.0,23.939325,17.28305,0.9395,0.9395,0.0,0.0,0.0,0.0,0.0,0.0,0.0,0.0,0.0,0.0
legacy_stage4,case_g031_op01,case_g031,case_g031,train,op01,0.0,1992.369,0.005902,0.6971,7.7339,2.0,24.122,1.7477,fields/case_g031_op01.npz,structure_features/case_g031_op01.npz,1.0,8.08245,16.09625,0.6971,0.6971,1.0,16.2765,16.09625,0.6971,0.6971,0.0,0.0,0.0,0.0,0.0,0.0,0.0,0.0,0.0,0.0,0.0,0.0,0.0,0.0,0.0,0.0,0.0,0.0,0.0,0.0
legacy_stage4,case_g031_op02,case_g031,case_g031,train,op02,0.0,1006.081,0.018765,0.6971,7.7339,2.0,24.122,1.7477,fields/case_g031_op02.npz,structure_features/case_g031_op02.npz,1.0,8.08245,16.09625,0.6971,0.6971,1.0,16.2765,16.09625,0.6971,0.6971,0.0,0.0,0.0,0.0,0.0,0.0,0.0,0.0,0.0,0.0,0.0,0.0,0.0,0.0,0.0,0.0,0.0,0.0,0.0,0.0
legacy_stage4,case_g031_op03,case_g031,case_g031,train,op03,0.0,2934.06,0.068796,0.6971,7.7339,2.0,24.122,1.7477,fields/case_g031_op03.npz,structure_features/case_g031_op03.npz,1.0,8.08245,16.09625,0.6971,0.6971,1.0,16.2765,16.09625,0.6971,0.6971,0.0,0.0,0.0,0.0,0.0,0.0,0.0,0.0,0.0,0.0,0.0,0.0,0.0,0.0,0.0,0.0,0.0,0.0,0.0,0.0
legacy_stage4,case_g031_op04,case_g031,case_g031,train,op04,0.0,1338.718,0.046612,0.6971,7.7339,2.0,24.122,1.7477,fields/case_g031_op04.npz,structure_features/case_g031_op04.npz,1.0,8.08245,16.09625,0.6971,0.6971,1.0,16.2765,16.09625,0.6971,0.6971,0.0,0.0,0.0,0.0,0.0,0.0,0.0,0.0,0.0,0.0,0.0,0.0,0.0,0.0,0.0,0.0,0.0,0.0,0.0,0.0
legacy_stage4,case_g031_op05,case_g031,case_g031,train,op05,0.0,2348.677,0.013642,0.6971,7.7339,2.0,24.122,1.7477,fields/case_g031_op05.npz,structure_features/case_g031_op05.npz,1.0,8.08245,16.09625,0.6971,0.6971,1.0,16.2765,16.09625,0.6971,0.6971,0.0,0.0,0.0,0.0,0.0,0.0,0.0,0.0,0.0,0.0,0.0,0.0,0.0,0.0,0.0,0.0,0.0,0.0,0.0,0.0
legacy_stage4,case_g031_op06,case_g031,case_g031,train,op06,0.0,577.961,0.004223,0.6971,7.7339,2.0,24.122,1.7477,fields/case_g031_op06.npz,structure_features/case_g031_op06.npz,1.0,8.08245,16.09625,0.6971,0.6971,1.0,16.2765,16.09625,0.6971,0.6971,0.0,0.0,0.0,0.0,0.0,0.0,0.0,0.0,0.0,0.0,0.0,0.0,0.0,0.0,0.0,0.0,0.0,0.0,0.0,0.0
legacy_stage4,case_g032_op01,case_g032,case_g032,val,op01,0.0,2662.504,0.022414,1.047,8.8516,6.0,23.7685,3.2095,fields/case_g032_op01.npz,structure_features/case_g032_op01.npz,1.0,9.3751,17.733,1.047,1.047,1.0,11.86125,17.733,1.047,1.047,1.0,14.3474,17.733,1.047,1.047,1.0,16.83355,17.733,1.047,1.047,1.0,19.3197,17.733,1.047,1.047,1.0,21.80585,17.733,1.047,1.047
legacy_stage4,case_g032_op02,case_g032,case_g032,val,op02,0.0,1272.284,0.062847,1.047,8.8516,6.0,23.7685,3.2095,fields/case_g032_op02.npz,structure_features/case_g032_op02.npz,1.0,9.3751,17.733,1.047,1.047,1.0,11.86125,17.733,1.047,1.047,1.0,14.3474,17.733,1.047,1.047,1.0,16.83355,17.733,1.047,1.047,1.0,19.3197,17.733,1.047,1.047,1.0,21.80585,17.733,1.047,1.047
legacy_stage4,case_g032_op03,case_g032,case_g032,val,op03,0.0,2146.84,0.042618,1.047,8.8516,6.0,23.7685,3.2095,fields/case_g032_op03.npz,structure_features/case_g032_op03.npz,1.0,9.3751,17.733,1.047,1.047,1.0,11.86125,17.733,1.047,1.047,1.0,14.3474,17.733,1.047,1.047,1.0,16.83355,17.733,1.047,1.047,1.0,19.3197,17.733,1.047,1.047,1.0,21.80585,17.733,1.047,1.047
legacy_stage4,case_g032_op04,case_g032,case_g032,val,op04,0.0,2384.061,0.005418,1.047,8.8516,6.0,23.7685,3.2095,fields/case_g032_op04.npz,structure_features/case_g032_op04.npz,1.0,9.3751,17.733,1.047,1.047,1.0,11.86125,17.733,1.047,1.047,1.0,14.3474,17.733,1.047,1.047,1.0,16.83355,17.733,1.047,1.047,1.0,19.3197,17.733,1.047,1.047,1.0,21.80585,17.733,1.047,1.047
legacy_stage4,case_g032_op05,case_g032,case_g032,val,op05,0.0,1588.65,0.012724,1.047,8.8516,6.0,23.7685,3.2095,fields/case_g032_op05.npz,structure_features/case_g032_op05.npz,1.0,9.3751,17.733,1.047,1.047,1.0,11.86125,17.733,1.047,1.047,1.0,14.3474,17.733,1.047,1.047,1.0,16.83355,17.733,1.047,1.047,1.0,19.3197,17.733,1.047,1.047,1.0,21.80585,17.733,1.047,1.047
legacy_stage4,case_g032_op06,case_g032,case_g032,val,op06,0.0,801.032,0.003226,1.047,8.8516,6.0,23.7685,3.2095,fields/case_g032_op06.npz,structure_features/case_g032_op06.npz,1.0,9.3751,17.733,1.047,1.047,1.0,11.86125,17.733,1.047,1.047,1.0,14.3474,17.733,1.047,1.047,1.0,16.83355,17.733,1.047,1.047,1.0,19.3197,17.733,1.047,1.047,1.0,21.80585,17.733,1.047,1.047
legacy_stage4,case_g033_op01,case_g033,case_g033,train,op01,0.0,2602.606,0.008406,1.2705,6.9747,2.0,22.9835,0.1338,fields/case_g033_op01.npz,structure_features/case_g033_op01.npz,1.0,7.60995,14.76905,1.2705,1.2705,1.0,15.61435,14.76905,1.2705,1.2705,0.0,0.0,0.0,0.0,0.0,0.0,0.0,0.0,0.0,0.0,0.0,0.0,0.0,0.0,0.0,0.0,0.0,0.0,0.0,0.0
legacy_stage4,case_g033_op02,case_g033,case_g033,train,op02,0.0,1526.179,0.003005,1.2705,6.9747,2.0,22.9835,0.1338,fields/case_g033_op02.npz,structure_features/case_g033_op02.npz,1.0,7.60995,14.76905,1.2705,1.2705,1.0,15.61435,14.76905,1.2705,1.2705,0.0,0.0,0.0,0.0,0.0,0.0,0.0,0.0,0.0,0.0,0.0,0.0,0.0,0.0,0.0,0.0,0.0,0.0,0.0,0.0
legacy_stage4,case_g033_op03,case_g033,case_g033,train,op03,0.0,861.47,0.075272,1.2705,6.9747,2.0,22.9835,0.1338,fields/case_g033_op03.npz,structure_features/case_g033_op03.npz,1.0,7.60995,14.76905,1.2705,1.2705,1.0,15.61435,14.76905,1.2705,1.2705,0.0,0.0,0.0,0.0,0.0,0.0,0.0,0.0,0.0,0.0,0.0,0.0,0.0,0.0,0.0,0.0,0.0,0.0,0.0,0.0
legacy_stage4,case_g033_op04,case_g033,case_g033,train,op04,0.0,2511.754,0.042554,1.2705,6.9747,2.0,22.9835,0.1338,fields/case_g033_op04.npz,structure_features/case_g033_op04.npz,1.0,7.60995,14.76905,1.2705,1.2705,1.0,15.61435,14.76905,1.2705,1.2705,0.0,0.0,0.0,0.0,0.0,0.0,0.0,0.0,0.0,0.0,0.0,0.0,0.0,0.0,0.0,0.0,0.0,0.0,0.0,0.0
legacy_stage4,case_g033_op05,case_g033,case_g033,train,op05,0.0,1107.015,0.012124,1.2705,6.9747,2.0,22.9835,0.1338,fields/case_g033_op05.npz,structure_features/case_g033_op05.npz,1.0,7.60995,14.76905,1.2705,1.2705,1.0,15.61435,14.76905,1.2705,1.2705,0.0,0.0,0.0,0.0,0.0,0.0,0.0,0.0,0.0,0.0,0.0,0.0,0.0,0.0,0.0,0.0,0.0,0.0,0.0,0.0
legacy_stage4,case_g033_op06,case_g033,case_g033,train,op06,0.0,1985.208,0.020741,1.2705,6.9747,2.0,22.9835,0.1338,fields/case_g033_op06.npz,structure_features/case_g033_op06.npz,1.0,7.60995,14.76905,1.2705,1.2705,1.0,15.61435,14.76905,1.2705,1.2705,0.0,0.0,0.0,0.0,0.0,0.0,0.0,0.0,0.0,0.0,0.0,0.0,0.0,0.0,0.0,0.0,0.0,0.0,0.0,0.0
legacy_stage4,case_g034_op01,case_g034,case_g034,train,op01,0.0,2718.681,0.008036,0.8061,8.0444,3.0,26.8125,0.3049,fields/case_g034_op01.npz,structure_features/case_g034_op01.npz,1.0,8.44745,14.70795,0.8061,0.8061,1.0,14.70348333,14.70795,0.8061,0.8061,1.0,20.95951667,14.70795,0.8061,0.8061,0.0,0.0,0.0,0.0,0.0,0.0,0.0,0.0,0.0,0.0,0.0,0.0,0.0,0.0,0.0
legacy_stage4,case_g034_op02,case_g034,case_g034,train,op02,0.0,2343.127,0.027429,0.8061,8.0444,3.0,26.8125,0.3049,fields/case_g034_op02.npz,structure_features/case_g034_op02.npz,1.0,8.44745,14.70795,0.8061,0.8061,1.0,14.70348333,14.70795,0.8061,0.8061,1.0,20.95951667,14.70795,0.8061,0.8061,0.0,0.0,0.0,0.0,0.0,0.0,0.0,0.0,0.0,0.0,0.0,0.0,0.0,0.0,0.0
legacy_stage4,case_g034_op03,case_g034,case_g034,train,op03,0.0,1203.177,0.075541,0.8061,8.0444,3.0,26.8125,0.3049,fields/case_g034_op03.npz,structure_features/case_g034_op03.npz,1.0,8.44745,14.70795,0.8061,0.8061,1.0,14.70348333,14.70795,0.8061,0.8061,1.0,20.95951667,14.70795,0.8061,0.8061,0.0,0.0,0.0,0.0,0.0,0.0,0.0,0.0,0.0,0.0,0.0,0.0,0.0,0.0,0.0
legacy_stage4,case_g034_op04,case_g034,case_g034,train,op04,0.0,1831.474,0.038002,0.8061,8.0444,3.0,26.8125,0.3049,fields/case_g034_op04.npz,structure_features/case_g034_op04.npz,1.0,8.44745,14.70795,0.8061,0.8061,1.0,14.70348333,14.70795,0.8061,0.8061,1.0,20.95951667,14.70795,0.8061,0.8061,0.0,0.0,0.0,0.0,0.0,0.0,0.0,0.0,0.0,0.0,0.0,0.0,0.0,0.0,0.0
legacy_stage4,case_g034_op05,case_g034,case_g034,train,op05,0.0,1737.158,0.003157,0.8061,8.0444,3.0,26.8125,0.3049,fields/case_g034_op05.npz,structure_features/case_g034_op05.npz,1.0,8.44745,14.70795,0.8061,0.8061,1.0,14.70348333,14.70795,0.8061,0.8061,1.0,20.95951667,14.70795,0.8061,0.8061,0.0,0.0,0.0,0.0,0.0,0.0,0.0,0.0,0.0,0.0,0.0,0.0,0.0,0.0,0.0
legacy_stage4,case_g034_op06,case_g034,case_g034,train,op06,0.0,627.685,0.012652,0.8061,8.0444,3.0,26.8125,0.3049,fields/case_g034_op06.npz,structure_features/case_g034_op06.npz,1.0,8.44745,14.70795,0.8061,0.8061,1.0,14.70348333,14.70795,0.8061,0.8061,1.0,20.95951667,14.70795,0.8061,0.8061,0.0,0.0,0.0,0.0,0.0,0.0,0.0,0.0,0.0,0.0,0.0,0.0,0.0,0.0,0.0
legacy_stage4,case_g035_op01,case_g035,case_g035,train,op01,0.0,2258.515,0.04143,0.6566,2.018,5.0,23.8754,4.6792,fields/case_g035_op01.npz,structure_features/case_g035_op01.npz,1.0,2.3463,19.0075,0.6566,0.6566,1.0,6.71778,19.0075,0.6566,0.6566,1.0,11.08926,19.0075,0.6566,0.6566,1.0,15.46074,19.0075,0.6566,0.6566,1.0,19.83222,19.0075,0.6566,0.6566,0.0,0.0,0.0,0.0,0.0
legacy_stage4,case_g035_op02,case_g035,case_g035,train,op02,0.0,992.326,0.018101,0.6566,2.018,5.0,23.8754,4.6792,fields/case_g035_op02.npz,structure_features/case_g035_op02.npz,1.0,2.3463,19.0075,0.6566,0.6566,1.0,6.71778,19.0075,0.6566,0.6566,1.0,11.08926,19.0075,0.6566,0.6566,1.0,15.46074,19.0075,0.6566,0.6566,1.0,19.83222,19.0075,0.6566,0.6566,0.0,0.0,0.0,0.0,0.0
legacy_stage4,case_g035_op03,case_g035,case_g035,train,op03,0.0,546.398,0.008268,0.6566,2.018,5.0,23.8754,4.6792,fields/case_g035_op03.npz,structure_features/case_g035_op03.npz,1.0,2.3463,19.0075,0.6566,0.6566,1.0,6.71778,19.0075,0.6566,0.6566,1.0,11.08926,19.0075,0.6566,0.6566,1.0,15.46074,19.0075,0.6566,0.6566,1.0,19.83222,19.0075,0.6566,0.6566,0.0,0.0,0.0,0.0,0.0
legacy_stage4,case_g035_op04,case_g035,case_g035,train,op04,0.0,1560.012,0.062564,0.6566,2.018,5.0,23.8754,4.6792,fields/case_g035_op04.npz,structure_features/case_g035_op04.npz,1.0,2.3463,19.0075,0.6566,0.6566,1.0,6.71778,19.0075,0.6566,0.6566,1.0,11.08926,19.0075,0.6566,0.6566,1.0,15.46074,19.0075,0.6566,0.6566,1.0,19.83222,19.0075,0.6566,0.6566,0.0,0.0,0.0,0.0,0.0
legacy_stage4,case_g035_op05,case_g035,case_g035,train,op05,0.0,1914.917,0.004681,0.6566,2.018,5.0,23.8754,4.6792,fields/case_g035_op05.npz,structure_features/case_g035_op05.npz,1.0,2.3463,19.0075,0.6566,0.6566,1.0,6.71778,19.0075,0.6566,0.6566,1.0,11.08926,19.0075,0.6566,0.6566,1.0,15.46074,19.0075,0.6566,0.6566,1.0,19.83222,19.0075,0.6566,0.6566,0.0,0.0,0.0,0.0,0.0
legacy_stage4,case_g035_op06,case_g035,case_g035,train,op06,0.0,2808.741,0.012801,0.6566,2.018,5.0,23.8754,4.6792,fields/case_g035_op06.npz,structure_features/case_g035_op06.npz,1.0,2.3463,19.0075,0.6566,0.6566,1.0,6.71778,19.0075,0.6566,0.6566,1.0,11.08926,19.0075,0.6566,0.6566,1.0,15.46074,19.0075,0.6566,0.6566,1.0,19.83222,19.0075,0.6566,0.6566,0.0,0.0,0.0,0.0,0.0
legacy_stage4,case_g036_op01,case_g036,case_g036,train,op01,0.0,1525.527,0.003568,1.0281,4.6732,6.0,24.7462,1.5513,fields/case_g036_op01.npz,structure_features/case_g036_op01.npz,1.0,5.18725,16.06535,1.0281,1.0281,1.0,8.53275,16.06535,1.0281,1.0281,1.0,11.87825,16.06535,1.0281,1.0281,1.0,15.22375,16.06535,1.0281,1.0281,1.0,18.56925,16.06535,1.0281,1.0281,1.0,21.91475,16.06535,1.0281,1.0281
legacy_stage4,case_g036_op02,case_g036,case_g036,train,op02,0.0,2979.16,0.099295,1.0281,4.6732,6.0,24.7462,1.5513,fields/case_g036_op02.npz,structure_features/case_g036_op02.npz,1.0,5.18725,16.06535,1.0281,1.0281,1.0,8.53275,16.06535,1.0281,1.0281,1.0,11.87825,16.06535,1.0281,1.0281,1.0,15.22375,16.06535,1.0281,1.0281,1.0,18.56925,16.06535,1.0281,1.0281,1.0,21.91475,16.06535,1.0281,1.0281
legacy_stage4,case_g036_op03,case_g036,case_g036,train,op03,0.0,762.244,0.046624,1.0281,4.6732,6.0,24.7462,1.5513,fields/case_g036_op03.npz,structure_features/case_g036_op03.npz,1.0,5.18725,16.06535,1.0281,1.0281,1.0,8.53275,16.06535,1.0281,1.0281,1.0,11.87825,16.06535,1.0281,1.0281,1.0,15.22375,16.06535,1.0281,1.0281,1.0,18.56925,16.06535,1.0281,1.0281,1.0,21.91475,16.06535,1.0281,1.0281
legacy_stage4,case_g036_op04,case_g036,case_g036,train,op04,0.0,1167.375,0.006726,1.0281,4.6732,6.0,24.7462,1.5513,fields/case_g036_op04.npz,structure_features/case_g036_op04.npz,1.0,5.18725,16.06535,1.0281,1.0281,1.0,8.53275,16.06535,1.0281,1.0281,1.0,11.87825,16.06535,1.0281,1.0281,1.0,15.22375,16.06535,1.0281,1.0281,1.0,18.56925,16.06535,1.0281,1.0281,1.0,21.91475,16.06535,1.0281,1.0281
legacy_stage4,case_g036_op05,case_g036,case_g036,train,op05,0.0,2119.989,0.01359,1.0281,4.6732,6.0,24.7462,1.5513,fields/case_g036_op05.npz,structure_features/case_g036_op05.npz,1.0,5.18725,16.06535,1.0281,1.0281,1.0,8.53275,16.06535,1.0281,1.0281,1.0,11.87825,16.06535,1.0281,1.0281,1.0,15.22375,16.06535,1.0281,1.0281,1.0,18.56925,16.06535,1.0281,1.0281,1.0,21.91475,16.06535,1.0281,1.0281
legacy_stage4,case_g036_op06,case_g036,case_g036,train,op06,0.0,2405.816,0.027262,1.0281,4.6732,6.0,24.7462,1.5513,fields/case_g036_op06.npz,structure_features/case_g036_op06.npz,1.0,5.18725,16.06535,1.0281,1.0281,1.0,8.53275,16.06535,1.0281,1.0281,1.0,11.87825,16.06535,1.0281,1.0281,1.0,15.22375,16.06535,1.0281,1.0281,1.0,18.56925,16.06535,1.0281,1.0281,1.0,21.91475,16.06535,1.0281,1.0281
legacy_stage4,case_g037_op01,case_g037,case_g037,train,op01,0.0,2421.544,0.012476,0.5457,5.114,2.0,23.1172,1.8082,fields/case_g037_op01.npz,structure_features/case_g037_op01.npz,1.0,5.38685,16.08105,0.5457,0.5457,1.0,14.38845,16.08105,0.5457,0.5457,0.0,0.0,0.0,0.0,0.0,0.0,0.0,0.0,0.0,0.0,0.0,0.0,0.0,0.0,0.0,0.0,0.0,0.0,0.0,0.0
legacy_stage4,case_g037_op02,case_g037,case_g037,train,op02,0.0,2910.967,0.006919,0.5457,5.114,2.0,23.1172,1.8082,fields/case_g037_op02.npz,structure_features/case_g037_op02.npz,1.0,5.38685,16.08105,0.5457,0.5457,1.0,14.38845,16.08105,0.5457,0.5457,0.0,0.0,0.0,0.0,0.0,0.0,0.0,0.0,0.0,0.0,0.0,0.0,0.0,0.0,0.0,0.0,0.0,0.0,0.0,0.0
legacy_stage4,case_g037_op03,case_g037,case_g037,train,op03,0.0,967.767,0.022995,0.5457,5.114,2.0,23.1172,1.8082,fields/case_g037_op03.npz,structure_features/case_g037_op03.npz,1.0,5.38685,16.08105,0.5457,0.5457,1.0,14.38845,16.08105,0.5457,0.5457,0.0,0.0,0.0,0.0,0.0,0.0,0.0,0.0,0.0,0.0,0.0,0.0,0.0,0.0,0.0,0.0,0.0,0.0,0.0,0.0
legacy_stage4,case_g037_op04,case_g037,case_g037,train,op04,0.0,1885.112,0.003254,0.5457,5.114,2.0,23.1172,1.8082,fields/case_g037_op04.npz,structure_features/case_g037_op04.npz,1.0,5.38685,16.08105,0.5457,0.5457,1.0,14.38845,16.08105,0.5457,0.5457,0.0,0.0,0.0,0.0,0.0,0.0,0.0,0.0,0.0,0.0,0.0,0.0,0.0,0.0,0.0,0.0,0.0,0.0,0.0,0.0
legacy_stage4,case_g037_op05,case_g037,case_g037,train,op05,0.0,763.707,0.086815,0.5457,5.114,2.0,23.1172,1.8082,fields/case_g037_op05.npz,structure_features/case_g037_op05.npz,1.0,5.38685,16.08105,0.5457,0.5457,1.0,14.38845,16.08105,0.5457,0.5457,0.0,0.0,0.0,0.0,0.0,0.0,0.0,0.0,0.0,0.0,0.0,0.0,0.0,0.0,0.0,0.0,0.0,0.0,0.0,0.0
legacy_stage4,case_g037_op06,case_g037,case_g037,train,op06,0.0,1351.902,0.038514,0.5457,5.114,2.0,23.1172,1.8082,fields/case_g037_op06.npz,structure_features/case_g037_op06.npz,1.0,5.38685,16.08105,0.5457,0.5457,1.0,14.38845,16.08105,0.5457,0.5457,0.0,0.0,0.0,0.0,0.0,0.0,0.0,0.0,0.0,0.0,0.0,0.0,0.0,0.0,0.0,0.0,0.0,0.0,0.0,0.0
legacy_stage4,case_g038_op01,case_g038,case_g038,train,op01,0.0,2707.684,0.04689,0.5085,6.5168,4.0,23.1915,4.9224,fields/case_g038_op01.npz,structure_features/case_g038_op01.npz,1.0,6.77105,19.17665,0.5085,0.5085,1.0,10.939725,19.17665,0.5085,0.5085,1.0,15.1084,19.17665,0.5085,0.5085,1.0,19.277075,19.17665,0.5085,0.5085,0.0,0.0,0.0,0.0,0.0,0.0,0.0,0.0,0.0,0.0
legacy_stage4,case_g038_op02,case_g038,case_g038,train,op02,0.0,1576.034,0.011287,0.5085,6.5168,4.0,23.1915,4.9224,fields/case_g038_op02.npz,structure_features/case_g038_op02.npz,1.0,6.77105,19.17665,0.5085,0.5085,1.0,10.939725,19.17665,0.5085,0.5085,1.0,15.1084,19.17665,0.5085,0.5085,1.0,19.277075,19.17665,0.5085,0.5085,0.0,0.0,0.0,0.0,0.0,0.0,0.0,0.0,0.0,0.0
legacy_stage4,case_g038_op03,case_g038,case_g038,train,op03,0.0,1143.712,0.004435,0.5085,6.5168,4.0,23.1915,4.9224,fields/case_g038_op03.npz,structure_features/case_g038_op03.npz,1.0,6.77105,19.17665,0.5085,0.5085,1.0,10.939725,19.17665,0.5085,0.5085,1.0,15.1084,19.17665,0.5085,0.5085,1.0,19.277075,19.17665,0.5085,0.5085,0.0,0.0,0.0,0.0,0.0,0.0,0.0,0.0,0.0,0.0
legacy_stage4,case_g038_op04,case_g038,case_g038,train,op04,0.0,2507.835,0.017961,0.5085,6.5168,4.0,23.1915,4.9224,fields/case_g038_op04.npz,structure_features/case_g038_op04.npz,1.0,6.77105,19.17665,0.5085,0.5085,1.0,10.939725,19.17665,0.5085,0.5085,1.0,15.1084,19.17665,0.5085,0.5085,1.0,19.277075,19.17665,0.5085,0.5085,0.0,0.0,0.0,0.0,0.0,0.0,0.0,0.0,0.0,0.0
legacy_stage4,case_g038_op05,case_g038,case_g038,train,op05,0.0,707.543,0.099809,0.5085,6.5168,4.0,23.1915,4.9224,fields/case_g038_op05.npz,structure_features/case_g038_op05.npz,1.0,6.77105,19.17665,0.5085,0.5085,1.0,10.939725,19.17665,0.5085,0.5085,1.0,15.1084,19.17665,0.5085,0.5085,1.0,19.277075,19.17665,0.5085,0.5085,0.0,0.0,0.0,0.0,0.0,0.0,0.0,0.0,0.0,0.0
legacy_stage4,case_g038_op06,case_g038,case_g038,train,op06,0.0,2071.426,0.005416,0.5085,6.5168,4.0,23.1915,4.9224,fields/case_g038_op06.npz,structure_features/case_g038_op06.npz,1.0,6.77105,19.17665,0.5085,0.5085,1.0,10.939725,19.17665,0.5085,0.5085,1.0,15.1084,19.17665,0.5085,0.5085,1.0,19.277075,19.17665,0.5085,0.5085,0.0,0.0,0.0,0.0,0.0,0.0,0.0,0.0,0.0,0.0
legacy_stage4,case_g039_op01,case_g039,case_g039,train,op01,0.0,1845.064,0.074421,0.8484,7.6339,6.0,28.549,4.7948,fields/case_g039_op01.npz,structure_features/case_g039_op01.npz,1.0,8.0581,19.219,0.8484,0.8484,1.0,11.54395,19.219,0.8484,0.8484,1.0,15.0298,19.219,0.8484,0.8484,1.0,18.51565,19.219,0.8484,0.8484,1.0,22.0015,19.219,0.8484,0.8484,1.0,25.48735,19.219,0.8484,0.8484
legacy_stage4,case_g039_op02,case_g039,case_g039,train,op02,0.0,559.893,0.004082,0.8484,7.6339,6.0,28.549,4.7948,fields/case_g039_op02.npz,structure_features/case_g039_op02.npz,1.0,8.0581,19.219,0.8484,0.8484,1.0,11.54395,19.219,0.8484,0.8484,1.0,15.0298,19.219,0.8484,0.8484,1.0,18.51565,19.219,0.8484,0.8484,1.0,22.0015,19.219,0.8484,0.8484,1.0,25.48735,19.219,0.8484,0.8484
legacy_stage4,case_g039_op03,case_g039,case_g039,train,op03,0.0,2742.7,0.007909,0.8484,7.6339,6.0,28.549,4.7948,fields/case_g039_op03.npz,structure_features/case_g039_op03.npz,1.0,8.0581,19.219,0.8484,0.8484,1.0,11.54395,19.219,0.8484,0.8484,1.0,15.0298,19.219,0.8484,0.8484,1.0,18.51565,19.219,0.8484,0.8484,1.0,22.0015,19.219,0.8484,0.8484,1.0,25.48735,19.219,0.8484,0.8484
legacy_stage4,case_g039_op04,case_g039,case_g039,train,op04,0.0,1175.02,0.049479,0.8484,7.6339,6.0,28.549,4.7948,fields/case_g039_op04.npz,structure_features/case_g039_op04.npz,1.0,8.0581,19.219,0.8484,0.8484,1.0,11.54395,19.219,0.8484,0.8484,1.0,15.0298,19.219,0.8484,0.8484,1.0,18.51565,19.219,0.8484,0.8484,1.0,22.0015,19.219,0.8484,0.8484,1.0,25.48735,19.219,0.8484,0.8484
legacy_stage4,case_g039_op05,case_g039,case_g039,train,op05,0.0,2250.841,0.01099,0.8484,7.6339,6.0,28.549,4.7948,fields/case_g039_op05.npz,structure_features/case_g039_op05.npz,1.0,8.0581,19.219,0.8484,0.8484,1.0,11.54395,19.219,0.8484,0.8484,1.0,15.0298,19.219,0.8484,0.8484,1.0,18.51565,19.219,0.8484,0.8484,1.0,22.0015,19.219,0.8484,0.8484,1.0,25.48735,19.219,0.8484,0.8484
legacy_stage4,case_g039_op06,case_g039,case_g039,train,op06,0.0,1414.939,0.028898,0.8484,7.6339,6.0,28.549,4.7948,fields/case_g039_op06.npz,structure_features/case_g039_op06.npz,1.0,8.0581,19.219,0.8484,0.8484,1.0,11.54395,19.219,0.8484,0.8484,1.0,15.0298,19.219,0.8484,0.8484,1.0,18.51565,19.219,0.8484,0.8484,1.0,22.0015,19.219,0.8484,0.8484,1.0,25.48735,19.219,0.8484,0.8484
legacy_stage4,case_g040_op01,case_g040,case_g040,train,op01,0.0,567.573,0.02515,1.4532,3.4583,5.0,22.2608,0.5765,fields/case_g040_op01.npz,structure_features/case_g040_op01.npz,1.0,4.1849,15.3031,1.4532,1.4532,1.0,7.9454,15.3031,1.4532,1.4532,1.0,11.7059,15.3031,1.4532,1.4532,1.0,15.4664,15.3031,1.4532,1.4532,1.0,19.2269,15.3031,1.4532,1.4532,0.0,0.0,0.0,0.0,0.0
legacy_stage4,case_g040_op02,case_g040,case_g040,train,op02,0.0,2409.115,0.006243,1.4532,3.4583,5.0,22.2608,0.5765,fields/case_g040_op02.npz,structure_features/case_g040_op02.npz,1.0,4.1849,15.3031,1.4532,1.4532,1.0,7.9454,15.3031,1.4532,1.4532,1.0,11.7059,15.3031,1.4532,1.4532,1.0,15.4664,15.3031,1.4532,1.4532,1.0,19.2269,15.3031,1.4532,1.4532,0.0,0.0,0.0,0.0,0.0
legacy_stage4,case_g040_op03,case_g040,case_g040,train,op03,0.0,1809.879,0.00494,1.4532,3.4583,5.0,22.2608,0.5765,fields/case_g040_op03.npz,structure_features/case_g040_op03.npz,1.0,4.1849,15.3031,1.4532,1.4532,1.0,7.9454,15.3031,1.4532,1.4532,1.0,11.7059,15.3031,1.4532,1.4532,1.0,15.4664,15.3031,1.4532,1.4532,1.0,19.2269,15.3031,1.4532,1.4532,0.0,0.0,0.0,0.0,0.0
legacy_stage4,case_g040_op04,case_g040,case_g040,train,op04,0.0,2757.412,0.015979,1.4532,3.4583,5.0,22.2608,0.5765,fields/case_g040_op04.npz,structure_features/case_g040_op04.npz,1.0,4.1849,15.3031,1.4532,1.4532,1.0,7.9454,15.3031,1.4532,1.4532,1.0,11.7059,15.3031,1.4532,1.4532,1.0,15.4664,15.3031,1.4532,1.4532,1.0,19.2269,15.3031,1.4532,1.4532,0.0,0.0,0.0,0.0,0.0
legacy_stage4,case_g040_op05,case_g040,case_g040,train,op05,0.0,1619.993,0.0743,1.4532,3.4583,5.0,22.2608,0.5765,fields/case_g040_op05.npz,structure_features/case_g040_op05.npz,1.0,4.1849,15.3031,1.4532,1.4532,1.0,7.9454,15.3031,1.4532,1.4532,1.0,11.7059,15.3031,1.4532,1.4532,1.0,15.4664,15.3031,1.4532,1.4532,1.0,19.2269,15.3031,1.4532,1.4532,0.0,0.0,0.0,0.0,0.0
legacy_stage4,case_g040_op06,case_g040,case_g040,train,op06,0.0,1089.219,0.03134,1.4532,3.4583,5.0,22.2608,0.5765,fields/case_g040_op06.npz,structure_features/case_g040_op06.npz,1.0,4.1849,15.3031,1.4532,1.4532,1.0,7.9454,15.3031,1.4532,1.4532,1.0,11.7059,15.3031,1.4532,1.4532,1.0,15.4664,15.3031,1.4532,1.4532,1.0,19.2269,15.3031,1.4532,1.4532,0.0,0.0,0.0,0.0,0.0
legacy_stage4,case_g041_op01,case_g041,case_g041,train,op01,0.0,1130.121,0.022361,1.444,3.5557,5.0,21.0841,2.4968,fields/case_g041_op01.npz,structure_features/case_g041_op01.npz,1.0,4.2777,17.2188,1.444,1.444,1.0,7.78338,17.2188,1.444,1.444,1.0,11.28906,17.2188,1.444,1.444,1.0,14.79474,17.2188,1.444,1.444,1.0,18.30042,17.2188,1.444,1.444,0.0,0.0,0.0,0.0,0.0
legacy_stage4,case_g041_op02,case_g041,case_g041,train,op02,0.0,589.532,0.091023,1.444,3.5557,5.0,21.0841,2.4968,fields/case_g041_op02.npz,structure_features/case_g041_op02.npz,1.0,4.2777,17.2188,1.444,1.444,1.0,7.78338,17.2188,1.444,1.444,1.0,11.28906,17.2188,1.444,1.444,1.0,14.79474,17.2188,1.444,1.444,1.0,18.30042,17.2188,1.444,1.444,0.0,0.0,0.0,0.0,0.0
legacy_stage4,case_g041_op03,case_g041,case_g041,train,op03,0.0,2110.674,0.00698,1.444,3.5557,5.0,21.0841,2.4968,fields/case_g041_op03.npz,structure_features/case_g041_op03.npz,1.0,4.2777,17.2188,1.444,1.444,1.0,7.78338,17.2188,1.444,1.444,1.0,11.28906,17.2188,1.444,1.444,1.0,14.79474,17.2188,1.444,1.444,1.0,18.30042,17.2188,1.444,1.444,0.0,0.0,0.0,0.0,0.0
legacy_stage4,case_g041_op04,case_g041,case_g041,train,op04,0.0,2930.136,0.038923,1.444,3.5557,5.0,21.0841,2.4968,fields/case_g041_op04.npz,structure_features/case_g041_op04.npz,1.0,4.2777,17.2188,1.444,1.444,1.0,7.78338,17.2188,1.444,1.444,1.0,11.28906,17.2188,1.444,1.444,1.0,14.79474,17.2188,1.444,1.444,1.0,18.30042,17.2188,1.444,1.444,0.0,0.0,0.0,0.0,0.0
legacy_stage4,case_g041_op05,case_g041,case_g041,train,op05,0.0,2409.145,0.005174,1.444,3.5557,5.0,21.0841,2.4968,fields/case_g041_op05.npz,structure_features/case_g041_op05.npz,1.0,4.2777,17.2188,1.444,1.444,1.0,7.78338,17.2188,1.444,1.444,1.0,11.28906,17.2188,1.444,1.444,1.0,14.79474,17.2188,1.444,1.444,1.0,18.30042,17.2188,1.444,1.444,0.0,0.0,0.0,0.0,0.0
legacy_stage4,case_g041_op06,case_g041,case_g041,train,op06,0.0,1491.309,0.012189,1.444,3.5557,5.0,21.0841,2.4968,fields/case_g041_op06.npz,structure_features/case_g041_op06.npz,1.0,4.2777,17.2188,1.444,1.444,1.0,7.78338,17.2188,1.444,1.444,1.0,11.28906,17.2188,1.444,1.444,1.0,14.79474,17.2188,1.444,1.444,1.0,18.30042,17.2188,1.444,1.444,0.0,0.0,0.0,0.0,0.0
legacy_stage4,case_g042_op01,case_g042,case_g042,train,op01,0.0,1964.92,0.012545,0.5286,4.6296,6.0,25.6956,0.489,fields/case_g042_op01.npz,structure_features/case_g042_op01.npz,1.0,4.8939,14.7533,0.5286,0.5286,1.0,8.4049,14.7533,0.5286,0.5286,1.0,11.9159,14.7533,0.5286,0.5286,1.0,15.4269,14.7533,0.5286,0.5286,1.0,18.9379,14.7533,0.5286,0.5286,1.0,22.4489,14.7533,0.5286,0.5286
legacy_stage4,case_g042_op02,case_g042,case_g042,train,op02,0.0,918.403,0.046676,0.5286,4.6296,6.0,25.6956,0.489,fields/case_g042_op02.npz,structure_features/case_g042_op02.npz,1.0,4.8939,14.7533,0.5286,0.5286,1.0,8.4049,14.7533,0.5286,0.5286,1.0,11.9159,14.7533,0.5286,0.5286,1.0,15.4269,14.7533,0.5286,0.5286,1.0,18.9379,14.7533,0.5286,0.5286,1.0,22.4489,14.7533,0.5286,0.5286
legacy_stage4,case_g042_op03,case_g042,case_g042,train,op03,0.0,1600.892,0.003107,0.5286,4.6296,6.0,25.6956,0.489,fields/case_g042_op03.npz,structure_features/case_g042_op03.npz,1.0,4.8939,14.7533,0.5286,0.5286,1.0,8.4049,14.7533,0.5286,0.5286,1.0,11.9159,14.7533,0.5286,0.5286,1.0,15.4269,14.7533,0.5286,0.5286,1.0,18.9379,14.7533,0.5286,0.5286,1.0,22.4489,14.7533,0.5286,0.5286
legacy_stage4,case_g042_op04,case_g042,case_g042,train,op04,0.0,2215.544,0.006813,0.5286,4.6296,6.0,25.6956,0.489,fields/case_g042_op04.npz,structure_features/case_g042_op04.npz,1.0,4.8939,14.7533,0.5286,0.5286,1.0,8.4049,14.7533,0.5286,0.5286,1.0,11.9159,14.7533,0.5286,0.5286,1.0,15.4269,14.7533,0.5286,0.5286,1.0,18.9379,14.7533,0.5286,0.5286,1.0,22.4489,14.7533,0.5286,0.5286
legacy_stage4,case_g042_op05,case_g042,case_g042,train,op05,0.0,850.192,0.030694,0.5286,4.6296,6.0,25.6956,0.489,fields/case_g042_op05.npz,structure_features/case_g042_op05.npz,1.0,4.8939,14.7533,0.5286,0.5286,1.0,8.4049,14.7533,0.5286,0.5286,1.0,11.9159,14.7533,0.5286,0.5286,1.0,15.4269,14.7533,0.5286,0.5286,1.0,18.9379,14.7533,0.5286,0.5286,1.0,22.4489,14.7533,0.5286,0.5286
legacy_stage4,case_g042_op06,case_g042,case_g042,train,op06,0.0,2959.021,0.099498,0.5286,4.6296,6.0,25.6956,0.489,fields/case_g042_op06.npz,structure_features/case_g042_op06.npz,1.0,4.8939,14.7533,0.5286,0.5286,1.0,8.4049,14.7533,0.5286,0.5286,1.0,11.9159,14.7533,0.5286,0.5286,1.0,15.4269,14.7533,0.5286,0.5286,1.0,18.9379,14.7533,0.5286,0.5286,1.0,22.4489,14.7533,0.5286,0.5286
legacy_stage4,case_g043_op01,case_g043,case_g043,train,op01,0.0,2011.231,0.097027,0.9065,4.0362,3.0,29.2876,1.624,fields/case_g043_op01.npz,structure_features/case_g043_op01.npz,1.0,4.48945,16.07725,0.9065,0.9065,1.0,12.90658333,16.07725,0.9065,0.9065,1.0,21.32371667,16.07725,0.9065,0.9065,0.0,0.0,0.0,0.0,0.0,0.0,0.0,0.0,0.0,0.0,0.0,0.0,0.0,0.0,0.0
legacy_stage4,case_g043_op02,case_g043,case_g043,train,op02,0.0,1634.315,0.010561,0.9065,4.0362,3.0,29.2876,1.624,fields/case_g043_op02.npz,structure_features/case_g043_op02.npz,1.0,4.48945,16.07725,0.9065,0.9065,1.0,12.90658333,16.07725,0.9065,0.9065,1.0,21.32371667,16.07725,0.9065,0.9065,0.0,0.0,0.0,0.0,0.0,0.0,0.0,0.0,0.0,0.0,0.0,0.0,0.0,0.0,0.0
legacy_stage4,case_g043_op03,case_g043,case_g043,train,op03,0.0,640.483,0.026782,0.9065,4.0362,3.0,29.2876,1.624,fields/case_g043_op03.npz,structure_features/case_g043_op03.npz,1.0,4.48945,16.07725,0.9065,0.9065,1.0,12.90658333,16.07725,0.9065,0.9065,1.0,21.32371667,16.07725,0.9065,0.9065,0.0,0.0,0.0,0.0,0.0,0.0,0.0,0.0,0.0,0.0,0.0,0.0,0.0,0.0,0.0
legacy_stage4,case_g043_op04,case_g043,case_g043,train,op04,0.0,2170.62,0.004451,0.9065,4.0362,3.0,29.2876,1.624,fields/case_g043_op04.npz,structure_features/case_g043_op04.npz,1.0,4.48945,16.07725,0.9065,0.9065,1.0,12.90658333,16.07725,0.9065,0.9065,1.0,21.32371667,16.07725,0.9065,0.9065,0.0,0.0,0.0,0.0,0.0,0.0,0.0,0.0,0.0,0.0,0.0,0.0,0.0,0.0,0.0
legacy_stage4,case_g043_op05,case_g043,case_g043,train,op05,0.0,2911.932,0.040305,0.9065,4.0362,3.0,29.2876,1.624,fields/case_g043_op05.npz,structure_features/case_g043_op05.npz,1.0,4.48945,16.07725,0.9065,0.9065,1.0,12.90658333,16.07725,0.9065,0.9065,1.0,21.32371667,16.07725,0.9065,0.9065,0.0,0.0,0.0,0.0,0.0,0.0,0.0,0.0,0.0,0.0,0.0,0.0,0.0,0.0,0.0
legacy_stage4,case_g043_op06,case_g043,case_g043,train,op06,0.0,1083.051,0.006746,0.9065,4.0362,3.0,29.2876,1.624,fields/case_g043_op06.npz,structure_features/case_g043_op06.npz,1.0,4.48945,16.07725,0.9065,0.9065,1.0,12.90658333,16.07725,0.9065,0.9065,1.0,21.32371667,16.07725,0.9065,0.9065,0.0,0.0,0.0,0.0,0.0,0.0,0.0,0.0,0.0,0.0,0.0,0.0,0.0,0.0,0.0
legacy_stage4,case_g044_op01,case_g044,case_g044,val,op01,0.0,1073.552,0.004825,1.2253,4.4843,3.0,28.0605,1.1445,fields/case_g044_op01.npz,structure_features/case_g044_op01.npz,1.0,5.09695,15.75715,1.2253,1.2253,1.0,12.95568333,15.75715,1.2253,1.2253,1.0,20.81441667,15.75715,1.2253,1.2253,0.0,0.0,0.0,0.0,0.0,0.0,0.0,0.0,0.0,0.0,0.0,0.0,0.0,0.0,0.0
legacy_stage4,case_g044_op02,case_g044,case_g044,val,op02,0.0,868.758,0.011639,1.2253,4.4843,3.0,28.0605,1.1445,fields/case_g044_op02.npz,structure_features/case_g044_op02.npz,1.0,5.09695,15.75715,1.2253,1.2253,1.0,12.95568333,15.75715,1.2253,1.2253,1.0,20.81441667,15.75715,1.2253,1.2253,0.0,0.0,0.0,0.0,0.0,0.0,0.0,0.0,0.0,0.0,0.0,0.0,0.0,0.0,0.0
legacy_stage4,case_g044_op03,case_g044,case_g044,val,op03,0.0,1668.861,0.008997,1.2253,4.4843,3.0,28.0605,1.1445,fields/case_g044_op03.npz,structure_features/case_g044_op03.npz,1.0,5.09695,15.75715,1.2253,1.2253,1.0,12.95568333,15.75715,1.2253,1.2253,1.0,20.81441667,15.75715,1.2253,1.2253,0.0,0.0,0.0,0.0,0.0,0.0,0.0,0.0,0.0,0.0,0.0,0.0,0.0,0.0,0.0
legacy_stage4,case_g044_op04,case_g044,case_g044,val,op04,0.0,2419.296,0.02087,1.2253,4.4843,3.0,28.0605,1.1445,fields/case_g044_op04.npz,structure_features/case_g044_op04.npz,1.0,5.09695,15.75715,1.2253,1.2253,1.0,12.95568333,15.75715,1.2253,1.2253,1.0,20.81441667,15.75715,1.2253,1.2253,0.0,0.0,0.0,0.0,0.0,0.0,0.0,0.0,0.0,0.0,0.0,0.0,0.0,0.0,0.0
legacy_stage4,case_g044_op05,case_g044,case_g044,val,op05,0.0,1819.396,0.068224,1.2253,4.4843,3.0,28.0605,1.1445,fields/case_g044_op05.npz,structure_features/case_g044_op05.npz,1.0,5.09695,15.75715,1.2253,1.2253,1.0,12.95568333,15.75715,1.2253,1.2253,1.0,20.81441667,15.75715,1.2253,1.2253,0.0,0.0,0.0,0.0,0.0,0.0,0.0,0.0,0.0,0.0,0.0,0.0,0.0,0.0,0.0
legacy_stage4,case_g044_op06,case_g044,case_g044,val,op06,0.0,2840.468,0.036556,1.2253,4.4843,3.0,28.0605,1.1445,fields/case_g044_op06.npz,structure_features/case_g044_op06.npz,1.0,5.09695,15.75715,1.2253,1.2253,1.0,12.95568333,15.75715,1.2253,1.2253,1.0,20.81441667,15.75715,1.2253,1.2253,0.0,0.0,0.0,0.0,0.0,0.0,0.0,0.0,0.0,0.0,0.0,0.0,0.0,0.0,0.0
legacy_stage4,case_g045_op01,case_g045,case_g045,train,op01,0.0,1168.967,0.037717,1.3309,3.3135,6.0,20.0582,3.0681,fields/case_g045_op01.npz,structure_features/case_g045_op01.npz,1.0,3.97895,17.73355,1.3309,1.3309,1.0,6.769733333,17.73355,1.3309,1.3309,1.0,9.560516667,17.73355,1.3309,1.3309,1.0,12.3513,17.73355,1.3309,1.3309,1.0,15.14208333,17.73355,1.3309,1.3309,1.0,17.93286667,17.73355,1.3309,1.3309
legacy_stage4,case_g045_op02,case_g045,case_g045,train,op02,0.0,2557.74,0.076666,1.3309,3.3135,6.0,20.0582,3.0681,fields/case_g045_op02.npz,structure_features/case_g045_op02.npz,1.0,3.97895,17.73355,1.3309,1.3309,1.0,6.769733333,17.73355,1.3309,1.3309,1.0,9.560516667,17.73355,1.3309,1.3309,1.0,12.3513,17.73355,1.3309,1.3309,1.0,15.14208333,17.73355,1.3309,1.3309,1.0,17.93286667,17.73355,1.3309,1.3309
legacy_stage4,case_g045_op03,case_g045,case_g045,train,op03,0.0,2788.441,0.00674,1.3309,3.3135,6.0,20.0582,3.0681,fields/case_g045_op03.npz,structure_features/case_g045_op03.npz,1.0,3.97895,17.73355,1.3309,1.3309,1.0,6.769733333,17.73355,1.3309,1.3309,1.0,9.560516667,17.73355,1.3309,1.3309,1.0,12.3513,17.73355,1.3309,1.3309,1.0,15.14208333,17.73355,1.3309,1.3309,1.0,17.93286667,17.73355,1.3309,1.3309
legacy_stage4,case_g045_op04,case_g045,case_g045,train,op04,0.0,1995.86,0.011875,1.3309,3.3135,6.0,20.0582,3.0681,fields/case_g045_op04.npz,structure_features/case_g045_op04.npz,1.0,3.97895,17.73355,1.3309,1.3309,1.0,6.769733333,17.73355,1.3309,1.3309,1.0,9.560516667,17.73355,1.3309,1.3309,1.0,12.3513,17.73355,1.3309,1.3309,1.0,15.14208333,17.73355,1.3309,1.3309,1.0,17.93286667,17.73355,1.3309,1.3309
legacy_stage4,case_g045_op05,case_g045,case_g045,train,op05,0.0,1619.353,0.019415,1.3309,3.3135,6.0,20.0582,3.0681,fields/case_g045_op05.npz,structure_features/case_g045_op05.npz,1.0,3.97895,17.73355,1.3309,1.3309,1.0,6.769733333,17.73355,1.3309,1.3309,1.0,9.560516667,17.73355,1.3309,1.3309,1.0,12.3513,17.73355,1.3309,1.3309,1.0,15.14208333,17.73355,1.3309,1.3309,1.0,17.93286667,17.73355,1.3309,1.3309
legacy_stage4,case_g045_op06,case_g045,case_g045,train,op06,0.0,586.673,0.003263,1.3309,3.3135,6.0,20.0582,3.0681,fields/case_g045_op06.npz,structure_features/case_g045_op06.npz,1.0,3.97895,17.73355,1.3309,1.3309,1.0,6.769733333,17.73355,1.3309,1.3309,1.0,9.560516667,17.73355,1.3309,1.3309,1.0,12.3513,17.73355,1.3309,1.3309,1.0,15.14208333,17.73355,1.3309,1.3309,1.0,17.93286667,17.73355,1.3309,1.3309
legacy_stage4,case_g046_op01,case_g046,case_g046,train,op01,0.0,2051.052,0.040033,0.7492,8.7111,2.0,20.699,4.0017,fields/case_g046_op01.npz,structure_features/case_g046_op01.npz,1.0,9.0857,18.3763,0.7492,0.7492,1.0,15.07965,18.3763,0.7492,0.7492,0.0,0.0,0.0,0.0,0.0,0.0,0.0,0.0,0.0,0.0,0.0,0.0,0.0,0.0,0.0,0.0,0.0,0.0,0.0,0.0
legacy_stage4,case_g046_op02,case_g046,case_g046,train,op02,0.0,680.292,0.014512,0.7492,8.7111,2.0,20.699,4.0017,fields/case_g046_op02.npz,structure_features/case_g046_op02.npz,1.0,9.0857,18.3763,0.7492,0.7492,1.0,15.07965,18.3763,0.7492,0.7492,0.0,0.0,0.0,0.0,0.0,0.0,0.0,0.0,0.0,0.0,0.0,0.0,0.0,0.0,0.0,0.0,0.0,0.0,0.0,0.0
legacy_stage4,case_g046_op03,case_g046,case_g046,train,op03,0.0,1533.481,0.008957,0.7492,8.7111,2.0,20.699,4.0017,fields/case_g046_op03.npz,structure_features/case_g046_op03.npz,1.0,9.0857,18.3763,0.7492,0.7492,1.0,15.07965,18.3763,0.7492,0.7492,0.0,0.0,0.0,0.0,0.0,0.0,0.0,0.0,0.0,0.0,0.0,0.0,0.0,0.0,0.0,0.0,0.0,0.0,0.0,0.0
legacy_stage4,case_g046_op04,case_g046,case_g046,train,op04,0.0,2602.594,0.023777,0.7492,8.7111,2.0,20.699,4.0017,fields/case_g046_op04.npz,structure_features/case_g046_op04.npz,1.0,9.0857,18.3763,0.7492,0.7492,1.0,15.07965,18.3763,0.7492,0.7492,0.0,0.0,0.0,0.0,0.0,0.0,0.0,0.0,0.0,0.0,0.0,0.0,0.0,0.0,0.0,0.0,0.0,0.0,0.0,0.0
legacy_stage4,case_g046_op05,case_g046,case_g046,train,op05,0.0,2168.234,0.088174,0.7492,8.7111,2.0,20.699,4.0017,fields/case_g046_op05.npz,structure_features/case_g046_op05.npz,1.0,9.0857,18.3763,0.7492,0.7492,1.0,15.07965,18.3763,0.7492,0.7492,0.0,0.0,0.0,0.0,0.0,0.0,0.0,0.0,0.0,0.0,0.0,0.0,0.0,0.0,0.0,0.0,0.0,0.0,0.0,0.0
legacy_stage4,case_g046_op06,case_g046,case_g046,train,op06,0.0,1226.178,0.00489,0.7492,8.7111,2.0,20.699,4.0017,fields/case_g046_op06.npz,structure_features/case_g046_op06.npz,1.0,9.0857,18.3763,0.7492,0.7492,1.0,15.07965,18.3763,0.7492,0.7492,0.0,0.0,0.0,0.0,0.0,0.0,0.0,0.0,0.0,0.0,0.0,0.0,0.0,0.0,0.0,0.0,0.0,0.0,0.0,0.0
legacy_stage4,case_g047_op01,case_g047,case_g047,train,op01,0.0,1630.214,0.004476,1.4815,8.3751,5.0,27.9323,0.0705,fields/case_g047_op01.npz,structure_features/case_g047_op01.npz,1.0,9.11585,14.81125,1.4815,1.4815,1.0,13.02729,14.81125,1.4815,1.4815,1.0,16.93873,14.81125,1.4815,1.4815,1.0,20.85017,14.81125,1.4815,1.4815,1.0,24.76161,14.81125,1.4815,1.4815,0.0,0.0,0.0,0.0,0.0
legacy_stage4,case_g047_op02,case_g047,case_g047,train,op02,0.0,2420.007,0.011998,1.4815,8.3751,5.0,27.9323,0.0705,fields/case_g047_op02.npz,structure_features/case_g047_op02.npz,1.0,9.11585,14.81125,1.4815,1.4815,1.0,13.02729,14.81125,1.4815,1.4815,1.0,16.93873,14.81125,1.4815,1.4815,1.0,20.85017,14.81125,1.4815,1.4815,1.0,24.76161,14.81125,1.4815,1.4815,0.0,0.0,0.0,0.0,0.0
legacy_stage4,case_g047_op03,case_g047,case_g047,train,op03,0.0,2913.984,0.005855,1.4815,8.3751,5.0,27.9323,0.0705,fields/case_g047_op03.npz,structure_features/case_g047_op03.npz,1.0,9.11585,14.81125,1.4815,1.4815,1.0,13.02729,14.81125,1.4815,1.4815,1.0,16.93873,14.81125,1.4815,1.4815,1.0,20.85017,14.81125,1.4815,1.4815,1.0,24.76161,14.81125,1.4815,1.4815,0.0,0.0,0.0,0.0,0.0
legacy_stage4,case_g047_op04,case_g047,case_g047,train,op04,0.0,1140.751,0.019738,1.4815,8.3751,5.0,27.9323,0.0705,fields/case_g047_op04.npz,structure_features/case_g047_op04.npz,1.0,9.11585,14.81125,1.4815,1.4815,1.0,13.02729,14.81125,1.4815,1.4815,1.0,16.93873,14.81125,1.4815,1.4815,1.0,20.85017,14.81125,1.4815,1.4815,1.0,24.76161,14.81125,1.4815,1.4815,0.0,0.0,0.0,0.0,0.0
legacy_stage4,case_g047_op05,case_g047,case_g047,train,op05,0.0,505.725,0.094646,1.4815,8.3751,5.0,27.9323,0.0705,fields/case_g047_op05.npz,structure_features/case_g047_op05.npz,1.0,9.11585,14.81125,1.4815,1.4815,1.0,13.02729,14.81125,1.4815,1.4815,1.0,16.93873,14.81125,1.4815,1.4815,1.0,20.85017,14.81125,1.4815,1.4815,1.0,24.76161,14.81125,1.4815,1.4815,0.0,0.0,0.0,0.0,0.0
legacy_stage4,case_g047_op06,case_g047,case_g047,train,op06,0.0,2044.711,0.031925,1.4815,8.3751,5.0,27.9323,0.0705,fields/case_g047_op06.npz,structure_features/case_g047_op06.npz,1.0,9.11585,14.81125,1.4815,1.4815,1.0,13.02729,14.81125,1.4815,1.4815,1.0,16.93873,14.81125,1.4815,1.4815,1.0,20.85017,14.81125,1.4815,1.4815,1.0,24.76161,14.81125,1.4815,1.4815,0.0,0.0,0.0,0.0,0.0
legacy_stage4,case_g048_op01,case_g048,case_g048,train,op01,0.0,2090.044,0.015468,0.9815,4.8642,4.0,22.5178,4.1875,fields/case_g048_op01.npz,structure_features/case_g048_op01.npz,1.0,5.35495,18.67825,0.9815,0.9815,1.0,9.76835,18.67825,0.9815,0.9815,1.0,14.18175,18.67825,0.9815,0.9815,1.0,18.59515,18.67825,0.9815,0.9815,0.0,0.0,0.0,0.0,0.0,0.0,0.0,0.0,0.0,0.0
legacy_stage4,case_g048_op02,case_g048,case_g048,train,op02,0.0,2454.964,0.023225,0.9815,4.8642,4.0,22.5178,4.1875,fields/case_g048_op02.npz,structure_features/case_g048_op02.npz,1.0,5.35495,18.67825,0.9815,0.9815,1.0,9.76835,18.67825,0.9815,0.9815,1.0,14.18175,18.67825,0.9815,0.9815,1.0,18.59515,18.67825,0.9815,0.9815,0.0,0.0,0.0,0.0,0.0,0.0,0.0,0.0,0.0,0.0
legacy_stage4,case_g048_op03,case_g048,case_g048,train,op03,0.0,1493.72,0.008646,0.9815,4.8642,4.0,22.5178,4.1875,fields/case_g048_op03.npz,structure_features/case_g048_op03.npz,1.0,5.35495,18.67825,0.9815,0.9815,1.0,9.76835,18.67825,0.9815,0.9815,1.0,14.18175,18.67825,0.9815,0.9815,1.0,18.59515,18.67825,0.9815,0.9815,0.0,0.0,0.0,0.0,0.0,0.0,0.0,0.0,0.0,0.0
legacy_stage4,case_g048_op04,case_g048,case_g048,train,op04,0.0,868.996,0.046723,0.9815,4.8642,4.0,22.5178,4.1875,fields/case_g048_op04.npz,structure_features/case_g048_op04.npz,1.0,5.35495,18.67825,0.9815,0.9815,1.0,9.76835,18.67825,0.9815,0.9815,1.0,14.18175,18.67825,0.9815,0.9815,1.0,18.59515,18.67825,0.9815,0.9815,0.0,0.0,0.0,0.0,0.0,0.0,0.0,0.0,0.0,0.0
legacy_stage4,case_g048_op05,case_g048,case_g048,train,op05,0.0,1017.5,0.07855,0.9815,4.8642,4.0,22.5178,4.1875,fields/case_g048_op05.npz,structure_features/case_g048_op05.npz,1.0,5.35495,18.67825,0.9815,0.9815,1.0,9.76835,18.67825,0.9815,0.9815,1.0,14.18175,18.67825,0.9815,0.9815,1.0,18.59515,18.67825,0.9815,0.9815,0.0,0.0,0.0,0.0,0.0,0.0,0.0,0.0,0.0,0.0
legacy_stage4,case_g048_op06,case_g048,case_g048,train,op06,0.0,2902.307,0.00398,0.9815,4.8642,4.0,22.5178,4.1875,fields/case_g048_op06.npz,structure_features/case_g048_op06.npz,1.0,5.35495,18.67825,0.9815,0.9815,1.0,9.76835,18.67825,0.9815,0.9815,1.0,14.18175,18.67825,0.9815,0.9815,1.0,18.59515,18.67825,0.9815,0.9815,0.0,0.0,0.0,0.0,0.0,0.0,0.0,0.0,0.0,0.0
legacy_stage4,case_g049_op01,case_g049,case_g049,train,op01,0.0,2817.491,0.00531,0.5798,3.1007,3.0,24.5572,1.4788,fields/case_g049_op01.npz,structure_features/case_g049_op01.npz,1.0,3.3906,15.7687,0.5798,0.5798,1.0,10.54276667,15.7687,0.5798,0.5798,1.0,17.69493333,15.7687,0.5798,0.5798,0.0,0.0,0.0,0.0,0.0,0.0,0.0,0.0,0.0,0.0,0.0,0.0,0.0,0.0,0.0
legacy_stage4,case_g049_op02,case_g049,case_g049,train,op02,0.0,781.667,0.066353,0.5798,3.1007,3.0,24.5572,1.4788,fields/case_g049_op02.npz,structure_features/case_g049_op02.npz,1.0,3.3906,15.7687,0.5798,0.5798,1.0,10.54276667,15.7687,0.5798,0.5798,1.0,17.69493333,15.7687,0.5798,0.5798,0.0,0.0,0.0,0.0,0.0,0.0,0.0,0.0,0.0,0.0,0.0,0.0,0.0,0.0,0.0
legacy_stage4,case_g049_op03,case_g049,case_g049,train,op03,0.0,2151.38,0.041339,0.5798,3.1007,3.0,24.5572,1.4788,fields/case_g049_op03.npz,structure_features/case_g049_op03.npz,1.0,3.3906,15.7687,0.5798,0.5798,1.0,10.54276667,15.7687,0.5798,0.5798,1.0,17.69493333,15.7687,0.5798,0.5798,0.0,0.0,0.0,0.0,0.0,0.0,0.0,0.0,0.0,0.0,0.0,0.0,0.0,0.0,0.0
legacy_stage4,case_g049_op04,case_g049,case_g049,train,op04,0.0,1494.212,0.009165,0.5798,3.1007,3.0,24.5572,1.4788,fields/case_g049_op04.npz,structure_features/case_g049_op04.npz,1.0,3.3906,15.7687,0.5798,0.5798,1.0,10.54276667,15.7687,0.5798,0.5798,1.0,17.69493333,15.7687,0.5798,0.5798,0.0,0.0,0.0,0.0,0.0,0.0,0.0,0.0,0.0,0.0,0.0,0.0,0.0,0.0,0.0
legacy_stage4,case_g049_op05,case_g049,case_g049,train,op05,0.0,1220.207,0.014383,0.5798,3.1007,3.0,24.5572,1.4788,fields/case_g049_op05.npz,structure_features/case_g049_op05.npz,1.0,3.3906,15.7687,0.5798,0.5798,1.0,10.54276667,15.7687,0.5798,0.5798,1.0,17.69493333,15.7687,0.5798,0.5798,0.0,0.0,0.0,0.0,0.0,0.0,0.0,0.0,0.0,0.0,0.0,0.0,0.0,0.0,0.0
legacy_stage4,case_g049_op06,case_g049,case_g049,train,op06,0.0,2314.731,0.030967,0.5798,3.1007,3.0,24.5572,1.4788,fields/case_g049_op06.npz,structure_features/case_g049_op06.npz,1.0,3.3906,15.7687,0.5798,0.5798,1.0,10.54276667,15.7687,0.5798,0.5798,1.0,17.69493333,15.7687,0.5798,0.5798,0.0,0.0,0.0,0.0,0.0,0.0,0.0,0.0,0.0,0.0,0.0,0.0,0.0,0.0,0.0
legacy_stage4,case_g050_op01,case_g050,case_g050,train,op01,0.0,2826.787,0.036798,0.7141,6.7937,5.0,25.1542,3.3421,fields/case_g050_op01.npz,structure_features/case_g050_op01.npz,1.0,7.15075,17.69915,0.7141,0.7141,1.0,10.82285,17.69915,0.7141,0.7141,1.0,14.49495,17.69915,0.7141,0.7141,1.0,18.16705,17.69915,0.7141,0.7141,1.0,21.83915,17.69915,0.7141,0.7141,0.0,0.0,0.0,0.0,0.0
legacy_stage4,case_g050_op02,case_g050,case_g050,train,op02,0.0,517.347,0.022304,0.7141,6.7937,5.0,25.1542,3.3421,fields/case_g050_op02.npz,structure_features/case_g050_op02.npz,1.0,7.15075,17.69915,0.7141,0.7141,1.0,10.82285,17.69915,0.7141,0.7141,1.0,14.49495,17.69915,0.7141,0.7141,1.0,18.16705,17.69915,0.7141,0.7141,1.0,21.83915,17.69915,0.7141,0.7141,0.0,0.0,0.0,0.0,0.0
legacy_stage4,case_g050_op03,case_g050,case_g050,train,op03,0.0,2561.731,0.060639,0.7141,6.7937,5.0,25.1542,3.3421,fields/case_g050_op03.npz,structure_features/case_g050_op03.npz,1.0,7.15075,17.69915,0.7141,0.7141,1.0,10.82285,17.69915,0.7141,0.7141,1.0,14.49495,17.69915,0.7141,0.7141,1.0,18.16705,17.69915,0.7141,0.7141,1.0,21.83915,17.69915,0.7141,0.7141,0.0,0.0,0.0,0.0,0.0
legacy_stage4,case_g050_op04,case_g050,case_g050,train,op04,0.0,2001.61,0.003518,0.7141,6.7937,5.0,25.1542,3.3421,fields/case_g050_op04.npz,structure_features/case_g050_op04.npz,1.0,7.15075,17.69915,0.7141,0.7141,1.0,10.82285,17.69915,0.7141,0.7141,1.0,14.49495,17.69915,0.7141,0.7141,1.0,18.16705,17.69915,0.7141,0.7141,1.0,21.83915,17.69915,0.7141,0.7141,0.0,0.0,0.0,0.0,0.0
legacy_stage4,case_g050_op05,case_g050,case_g050,train,op05,0.0,925.959,0.008606,0.7141,6.7937,5.0,25.1542,3.3421,fields/case_g050_op05.npz,structure_features/case_g050_op05.npz,1.0,7.15075,17.69915,0.7141,0.7141,1.0,10.82285,17.69915,0.7141,0.7141,1.0,14.49495,17.69915,0.7141,0.7141,1.0,18.16705,17.69915,0.7141,0.7141,1.0,21.83915,17.69915,0.7141,0.7141,0.0,0.0,0.0,0.0,0.0
legacy_stage4,case_g050_op06,case_g050,case_g050,train,op06,0.0,1726.913,0.009789,0.7141,6.7937,5.0,25.1542,3.3421,fields/case_g050_op06.npz,structure_features/case_g050_op06.npz,1.0,7.15075,17.69915,0.7141,0.7141,1.0,10.82285,17.69915,0.7141,0.7141,1.0,14.49495,17.69915,0.7141,0.7141,1.0,18.16705,17.69915,0.7141,0.7141,1.0,21.83915,17.69915,0.7141,0.7141,0.0,0.0,0.0,0.0,0.0
legacy_stage4,case_g051_op01,case_g051,case_g051,train,op01,0.0,2850.063,0.087659,1.3733,8.6493,3.0,26.9035,4.5524,fields/case_g051_op01.npz,structure_features/case_g051_op01.npz,1.0,9.33595,19.23905,1.3733,1.3733,1.0,15.42068333,19.23905,1.3733,1.3733,1.0,21.50541667,19.23905,1.3733,1.3733,0.0,0.0,0.0,0.0,0.0,0.0,0.0,0.0,0.0,0.0,0.0,0.0,0.0,0.0,0.0
legacy_stage4,case_g051_op02,case_g051,case_g051,train,op02,0.0,2145.649,0.019365,1.3733,8.6493,3.0,26.9035,4.5524,fields/case_g051_op02.npz,structure_features/case_g051_op02.npz,1.0,9.33595,19.23905,1.3733,1.3733,1.0,15.42068333,19.23905,1.3733,1.3733,1.0,21.50541667,19.23905,1.3733,1.3733,0.0,0.0,0.0,0.0,0.0,0.0,0.0,0.0,0.0,0.0,0.0,0.0,0.0,0.0,0.0
legacy_stage4,case_g051_op03,case_g051,case_g051,train,op03,0.0,1155.89,0.00992,1.3733,8.6493,3.0,26.9035,4.5524,fields/case_g051_op03.npz,structure_features/case_g051_op03.npz,1.0,9.33595,19.23905,1.3733,1.3733,1.0,15.42068333,19.23905,1.3733,1.3733,1.0,21.50541667,19.23905,1.3733,1.3733,0.0,0.0,0.0,0.0,0.0,0.0,0.0,0.0,0.0,0.0,0.0,0.0,0.0,0.0,0.0
legacy_stage4,case_g051_op04,case_g051,case_g051,train,op04,0.0,749.778,0.036531,1.3733,8.6493,3.0,26.9035,4.5524,fields/case_g051_op04.npz,structure_features/case_g051_op04.npz,1.0,9.33595,19.23905,1.3733,1.3733,1.0,15.42068333,19.23905,1.3733,1.3733,1.0,21.50541667,19.23905,1.3733,1.3733,0.0,0.0,0.0,0.0,0.0,0.0,0.0,0.0,0.0,0.0,0.0,0.0,0.0,0.0,0.0
legacy_stage4,case_g051_op05,case_g051,case_g051,train,op05,0.0,2424.545,0.008988,1.3733,8.6493,3.0,26.9035,4.5524,fields/case_g051_op05.npz,structure_features/case_g051_op05.npz,1.0,9.33595,19.23905,1.3733,1.3733,1.0,15.42068333,19.23905,1.3733,1.3733,1.0,21.50541667,19.23905,1.3733,1.3733,0.0,0.0,0.0,0.0,0.0,0.0,0.0,0.0,0.0,0.0,0.0,0.0,0.0,0.0,0.0
legacy_stage4,case_g051_op06,case_g051,case_g051,train,op06,0.0,1642.247,0.005121,1.3733,8.6493,3.0,26.9035,4.5524,fields/case_g051_op06.npz,structure_features/case_g051_op06.npz,1.0,9.33595,19.23905,1.3733,1.3733,1.0,15.42068333,19.23905,1.3733,1.3733,1.0,21.50541667,19.23905,1.3733,1.3733,0.0,0.0,0.0,0.0,0.0,0.0,0.0,0.0,0.0,0.0,0.0,0.0,0.0,0.0,0.0
legacy_stage4,case_g052_op01,case_g052,case_g052,train,op01,0.0,766.731,0.057702,0.7954,6.5974,2.0,29.5972,0.6287,fields/case_g052_op01.npz,structure_features/case_g052_op01.npz,1.0,6.9951,15.0264,0.7954,0.7954,1.0,18.495,15.0264,0.7954,0.7954,0.0,0.0,0.0,0.0,0.0,0.0,0.0,0.0,0.0,0.0,0.0,0.0,0.0,0.0,0.0,0.0,0.0,0.0,0.0,0.0
legacy_stage4,case_g052_op02,case_g052,case_g052,train,op02,0.0,2499.106,0.033356,0.7954,6.5974,2.0,29.5972,0.6287,fields/case_g052_op02.npz,structure_features/case_g052_op02.npz,1.0,6.9951,15.0264,0.7954,0.7954,1.0,18.495,15.0264,0.7954,0.7954,0.0,0.0,0.0,0.0,0.0,0.0,0.0,0.0,0.0,0.0,0.0,0.0,0.0,0.0,0.0,0.0,0.0,0.0,0.0,0.0
legacy_stage4,case_g052_op03,case_g052,case_g052,train,op03,0.0,1604.199,0.005334,0.7954,6.5974,2.0,29.5972,0.6287,fields/case_g052_op03.npz,structure_features/case_g052_op03.npz,1.0,6.9951,15.0264,0.7954,0.7954,1.0,18.495,15.0264,0.7954,0.7954,0.0,0.0,0.0,0.0,0.0,0.0,0.0,0.0,0.0,0.0,0.0,0.0,0.0,0.0,0.0,0.0,0.0,0.0,0.0,0.0
legacy_stage4,case_g052_op04,case_g052,case_g052,train,op04,0.0,2718.429,0.027067,0.7954,6.5974,2.0,29.5972,0.6287,fields/case_g052_op04.npz,structure_features/case_g052_op04.npz,1.0,6.9951,15.0264,0.7954,0.7954,1.0,18.495,15.0264,0.7954,0.7954,0.0,0.0,0.0,0.0,0.0,0.0,0.0,0.0,0.0,0.0,0.0,0.0,0.0,0.0,0.0,0.0,0.0,0.0,0.0,0.0
legacy_stage4,case_g052_op05,case_g052,case_g052,train,op05,0.0,1800.957,0.010712,0.7954,6.5974,2.0,29.5972,0.6287,fields/case_g052_op05.npz,structure_features/case_g052_op05.npz,1.0,6.9951,15.0264,0.7954,0.7954,1.0,18.495,15.0264,0.7954,0.7954,0.0,0.0,0.0,0.0,0.0,0.0,0.0,0.0,0.0,0.0,0.0,0.0,0.0,0.0,0.0,0.0,0.0,0.0,0.0,0.0
legacy_stage4,case_g052_op06,case_g052,case_g052,train,op06,0.0,1202.183,0.008187,0.7954,6.5974,2.0,29.5972,0.6287,fields/case_g052_op06.npz,structure_features/case_g052_op06.npz,1.0,6.9951,15.0264,0.7954,0.7954,1.0,18.495,15.0264,0.7954,0.7954,0.0,0.0,0.0,0.0,0.0,0.0,0.0,0.0,0.0,0.0,0.0,0.0,0.0,0.0,0.0,0.0,0.0,0.0,0.0,0.0
legacy_stage4,case_g053_op01,case_g053,case_g053,train,op01,0.0,2537.715,0.01919,1.1818,4.2127,4.0,27.2901,1.0463,fields/case_g053_op01.npz,structure_features/case_g053_op01.npz,1.0,4.8036,15.6372,1.1818,1.1818,1.0,10.57295,15.6372,1.1818,1.1818,1.0,16.3423,15.6372,1.1818,1.1818,1.0,22.11165,15.6372,1.1818,1.1818,0.0,0.0,0.0,0.0,0.0,0.0,0.0,0.0,0.0,0.0
legacy_stage4,case_g053_op02,case_g053,case_g053,train,op02,0.0,1908.205,0.011809,1.1818,4.2127,4.0,27.2901,1.0463,fields/case_g053_op02.npz,structure_features/case_g053_op02.npz,1.0,4.8036,15.6372,1.1818,1.1818,1.0,10.57295,15.6372,1.1818,1.1818,1.0,16.3423,15.6372,1.1818,1.1818,1.0,22.11165,15.6372,1.1818,1.1818,0.0,0.0,0.0,0.0,0.0,0.0,0.0,0.0,0.0,0.0
legacy_stage4,case_g053_op03,case_g053,case_g053,train,op03,0.0,1141.659,0.033384,1.1818,4.2127,4.0,27.2901,1.0463,fields/case_g053_op03.npz,structure_features/case_g053_op03.npz,1.0,4.8036,15.6372,1.1818,1.1818,1.0,10.57295,15.6372,1.1818,1.1818,1.0,16.3423,15.6372,1.1818,1.1818,1.0,22.11165,15.6372,1.1818,1.1818,0.0,0.0,0.0,0.0,0.0,0.0,0.0,0.0,0.0,0.0
legacy_stage4,case_g053_op04,case_g053,case_g053,train,op04,0.0,2913.91,0.071061,1.1818,4.2127,4.0,27.2901,1.0463,fields/case_g053_op04.npz,structure_features/case_g053_op04.npz,1.0,4.8036,15.6372,1.1818,1.1818,1.0,10.57295,15.6372,1.1818,1.1818,1.0,16.3423,15.6372,1.1818,1.1818,1.0,22.11165,15.6372,1.1818,1.1818,0.0,0.0,0.0,0.0,0.0,0.0,0.0,0.0,0.0,0.0
legacy_stage4,case_g053_op05,case_g053,case_g053,train,op05,0.0,805.664,0.00505,1.1818,4.2127,4.0,27.2901,1.0463,fields/case_g053_op05.npz,structure_features/case_g053_op05.npz,1.0,4.8036,15.6372,1.1818,1.1818,1.0,10.57295,15.6372,1.1818,1.1818,1.0,16.3423,15.6372,1.1818,1.1818,1.0,22.11165,15.6372,1.1818,1.1818,0.0,0.0,0.0,0.0,0.0,0.0,0.0,0.0,0.0,0.0
legacy_stage4,case_g053_op06,case_g053,case_g053,train,op06,0.0,1434.857,0.005652,1.1818,4.2127,4.0,27.2901,1.0463,fields/case_g053_op06.npz,structure_features/case_g053_op06.npz,1.0,4.8036,15.6372,1.1818,1.1818,1.0,10.57295,15.6372,1.1818,1.1818,1.0,16.3423,15.6372,1.1818,1.1818,1.0,22.11165,15.6372,1.1818,1.1818,0.0,0.0,0.0,0.0,0.0,0.0,0.0,0.0,0.0,0.0
legacy_stage4,case_g054_op01,case_g054,case_g054,train,op01,0.0,2229.45,0.065513,0.6004,9.4474,4.0,20.2625,3.4984,fields/case_g054_op01.npz,structure_features/case_g054_op01.npz,1.0,9.7476,17.7986,0.6004,0.6004,1.0,12.451375,17.7986,0.6004,0.6004,1.0,15.15515,17.7986,0.6004,0.6004,1.0,17.858925,17.7986,0.6004,0.6004,0.0,0.0,0.0,0.0,0.0,0.0,0.0,0.0,0.0,0.0
legacy_stage4,case_g054_op02,case_g054,case_g054,train,op02,0.0,2940.484,0.010172,0.6004,9.4474,4.0,20.2625,3.4984,fields/case_g054_op02.npz,structure_features/case_g054_op02.npz,1.0,9.7476,17.7986,0.6004,0.6004,1.0,12.451375,17.7986,0.6004,0.6004,1.0,15.15515,17.7986,0.6004,0.6004,1.0,17.858925,17.7986,0.6004,0.6004,0.0,0.0,0.0,0.0,0.0,0.0,0.0,0.0,0.0,0.0
legacy_stage4,case_g054_op03,case_g054,case_g054,train,op03,0.0,551.562,0.006481,0.6004,9.4474,4.0,20.2625,3.4984,fields/case_g054_op03.npz,structure_features/case_g054_op03.npz,1.0,9.7476,17.7986,0.6004,0.6004,1.0,12.451375,17.7986,0.6004,0.6004,1.0,15.15515,17.7986,0.6004,0.6004,1.0,17.858925,17.7986,0.6004,0.6004,0.0,0.0,0.0,0.0,0.0,0.0,0.0,0.0,0.0,0.0
legacy_stage4,case_g054_op04,case_g054,case_g054,train,op04,0.0,1887.822,0.005175,0.6004,9.4474,4.0,20.2625,3.4984,fields/case_g054_op04.npz,structure_features/case_g054_op04.npz,1.0,9.7476,17.7986,0.6004,0.6004,1.0,12.451375,17.7986,0.6004,0.6004,1.0,15.15515,17.7986,0.6004,0.6004,1.0,17.858925,17.7986,0.6004,0.6004,0.0,0.0,0.0,0.0,0.0,0.0,0.0,0.0,0.0,0.0
legacy_stage4,case_g054_op05,case_g054,case_g054,train,op05,0.0,1732.101,0.040643,0.6004,9.4474,4.0,20.2625,3.4984,fields/case_g054_op05.npz,structure_features/case_g054_op05.npz,1.0,9.7476,17.7986,0.6004,0.6004,1.0,12.451375,17.7986,0.6004,0.6004,1.0,15.15515,17.7986,0.6004,0.6004,1.0,17.858925,17.7986,0.6004,0.6004,0.0,0.0,0.0,0.0,0.0,0.0,0.0,0.0,0.0,0.0
legacy_stage4,case_g054_op06,case_g054,case_g054,train,op06,0.0,1201.513,0.020114,0.6004,9.4474,4.0,20.2625,3.4984,fields/case_g054_op06.npz,structure_features/case_g054_op06.npz,1.0,9.7476,17.7986,0.6004,0.6004,1.0,12.451375,17.7986,0.6004,0.6004,1.0,15.15515,17.7986,0.6004,0.6004,1.0,17.858925,17.7986,0.6004,0.6004,0.0,0.0,0.0,0.0,0.0,0.0,0.0,0.0,0.0,0.0
legacy_stage4,case_g055_op01,case_g055,case_g055,val,op01,0.0,935.257,0.005034,1.1582,3.6694,2.0,27.0803,2.5807,fields/case_g055_op01.npz,structure_features/case_g055_op01.npz,1.0,4.2485,17.1598,1.1582,1.1582,1.0,15.95395,17.1598,1.1582,1.1582,0.0,0.0,0.0,0.0,0.0,0.0,0.0,0.0,0.0,0.0,0.0,0.0,0.0,0.0,0.0,0.0,0.0,0.0,0.0,0.0
legacy_stage4,case_g055_op02,case_g055,case_g055,val,op02,0.0,2241.475,0.007836,1.1582,3.6694,2.0,27.0803,2.5807,fields/case_g055_op02.npz,structure_features/case_g055_op02.npz,1.0,4.2485,17.1598,1.1582,1.1582,1.0,15.95395,17.1598,1.1582,1.1582,0.0,0.0,0.0,0.0,0.0,0.0,0.0,0.0,0.0,0.0,0.0,0.0,0.0,0.0,0.0,0.0,0.0,0.0,0.0,0.0
legacy_stage4,case_g055_op03,case_g055,case_g055,val,op03,0.0,765.152,0.064382,1.1582,3.6694,2.0,27.0803,2.5807,fields/case_g055_op03.npz,structure_features/case_g055_op03.npz,1.0,4.2485,17.1598,1.1582,1.1582,1.0,15.95395,17.1598,1.1582,1.1582,0.0,0.0,0.0,0.0,0.0,0.0,0.0,0.0,0.0,0.0,0.0,0.0,0.0,0.0,0.0,0.0,0.0,0.0,0.0,0.0
legacy_stage4,case_g055_op04,case_g055,case_g055,val,op04,0.0,1613.253,0.0216,1.1582,3.6694,2.0,27.0803,2.5807,fields/case_g055_op04.npz,structure_features/case_g055_op04.npz,1.0,4.2485,17.1598,1.1582,1.1582,1.0,15.95395,17.1598,1.1582,1.1582,0.0,0.0,0.0,0.0,0.0,0.0,0.0,0.0,0.0,0.0,0.0,0.0,0.0,0.0,0.0,0.0,0.0,0.0,0.0,0.0
legacy_stage4,case_g055_op05,case_g055,case_g055,val,op05,0.0,2098.915,0.01231,1.1582,3.6694,2.0,27.0803,2.5807,fields/case_g055_op05.npz,structure_features/case_g055_op05.npz,1.0,4.2485,17.1598,1.1582,1.1582,1.0,15.95395,17.1598,1.1582,1.1582,0.0,0.0,0.0,0.0,0.0,0.0,0.0,0.0,0.0,0.0,0.0,0.0,0.0,0.0,0.0,0.0,0.0,0.0,0.0,0.0
legacy_stage4,case_g055_op06,case_g055,case_g055,val,op06,0.0,2747.169,0.040032,1.1582,3.6694,2.0,27.0803,2.5807,fields/case_g055_op06.npz,structure_features/case_g055_op06.npz,1.0,4.2485,17.1598,1.1582,1.1582,1.0,15.95395,17.1598,1.1582,1.1582,0.0,0.0,0.0,0.0,0.0,0.0,0.0,0.0,0.0,0.0,0.0,0.0,0.0,0.0,0.0,0.0,0.0,0.0,0.0,0.0
legacy_stage4,case_g056_op01,case_g056,case_g056,train,op01,0.0,2456.3,0.028441,0.6201,5.5094,5.0,28.9418,4.1562,fields/case_g056_op01.npz,structure_features/case_g056_op01.npz,1.0,5.81945,18.46625,0.6201,0.6201,1.0,10.50593,18.46625,0.6201,0.6201,1.0,15.19241,18.46625,0.6201,0.6201,1.0,19.87889,18.46625,0.6201,0.6201,1.0,24.56537,18.46625,0.6201,0.6201,0.0,0.0,0.0,0.0,0.0
legacy_stage4,case_g056_op02,case_g056,case_g056,train,op02,0.0,2705.914,0.00368,0.6201,5.5094,5.0,28.9418,4.1562,fields/case_g056_op02.npz,structure_features/case_g056_op02.npz,1.0,5.81945,18.46625,0.6201,0.6201,1.0,10.50593,18.46625,0.6201,0.6201,1.0,15.19241,18.46625,0.6201,0.6201,1.0,19.87889,18.46625,0.6201,0.6201,1.0,24.56537,18.46625,0.6201,0.6201,0.0,0.0,0.0,0.0,0.0
legacy_stage4,case_g056_op03,case_g056,case_g056,train,op03,0.0,1034.147,0.053739,0.6201,5.5094,5.0,28.9418,4.1562,fields/case_g056_op03.npz,structure_features/case_g056_op03.npz,1.0,5.81945,18.46625,0.6201,0.6201,1.0,10.50593,18.46625,0.6201,0.6201,1.0,15.19241,18.46625,0.6201,0.6201,1.0,19.87889,18.46625,0.6201,0.6201,1.0,24.56537,18.46625,0.6201,0.6201,0.0,0.0,0.0,0.0,0.0
legacy_stage4,case_g056_op04,case_g056,case_g056,train,op04,0.0,1878.774,0.017126,0.6201,5.5094,5.0,28.9418,4.1562,fields/case_g056_op04.npz,structure_features/case_g056_op04.npz,1.0,5.81945,18.46625,0.6201,0.6201,1.0,10.50593,18.46625,0.6201,0.6201,1.0,15.19241,18.46625,0.6201,0.6201,1.0,19.87889,18.46625,0.6201,0.6201,1.0,24.56537,18.46625,0.6201,0.6201,0.0,0.0,0.0,0.0,0.0
legacy_stage4,case_g056_op05,case_g056,case_g056,train,op05,0.0,781.373,0.008896,0.6201,5.5094,5.0,28.9418,4.1562,fields/case_g056_op05.npz,structure_features/case_g056_op05.npz,1.0,5.81945,18.46625,0.6201,0.6201,1.0,10.50593,18.46625,0.6201,0.6201,1.0,15.19241,18.46625,0.6201,0.6201,1.0,19.87889,18.46625,0.6201,0.6201,1.0,24.56537,18.46625,0.6201,0.6201,0.0,0.0,0.0,0.0,0.0
legacy_stage4,case_g056_op06,case_g056,case_g056,train,op06,0.0,1392.954,0.05768,0.6201,5.5094,5.0,28.9418,4.1562,fields/case_g056_op06.npz,structure_features/case_g056_op06.npz,1.0,5.81945,18.46625,0.6201,0.6201,1.0,10.50593,18.46625,0.6201,0.6201,1.0,15.19241,18.46625,0.6201,0.6201,1.0,19.87889,18.46625,0.6201,0.6201,1.0,24.56537,18.46625,0.6201,0.6201,0.0,0.0,0.0,0.0,0.0
legacy_stage4,case_g057_op01,case_g057,case_g057,train,op01,0.0,555.866,0.011268,1.2986,7.2123,4.0,27.5701,1.8568,fields/case_g057_op01.npz,structure_features/case_g057_op01.npz,1.0,7.8616,16.5061,1.2986,1.2986,1.0,12.95105,16.5061,1.2986,1.2986,1.0,18.0405,16.5061,1.2986,1.2986,1.0,23.12995,16.5061,1.2986,1.2986,0.0,0.0,0.0,0.0,0.0,0.0,0.0,0.0,0.0,0.0
legacy_stage4,case_g057_op02,case_g057,case_g057,train,op02,0.0,1175.122,0.003807,1.2986,7.2123,4.0,27.5701,1.8568,fields/case_g057_op02.npz,structure_features/case_g057_op02.npz,1.0,7.8616,16.5061,1.2986,1.2986,1.0,12.95105,16.5061,1.2986,1.2986,1.0,18.0405,16.5061,1.2986,1.2986,1.0,23.12995,16.5061,1.2986,1.2986,0.0,0.0,0.0,0.0,0.0,0.0,0.0,0.0,0.0,0.0
legacy_stage4,case_g057_op03,case_g057,case_g057,train,op03,0.0,2837.68,0.025079,1.2986,7.2123,4.0,27.5701,1.8568,fields/case_g057_op03.npz,structure_features/case_g057_op03.npz,1.0,7.8616,16.5061,1.2986,1.2986,1.0,12.95105,16.5061,1.2986,1.2986,1.0,18.0405,16.5061,1.2986,1.2986,1.0,23.12995,16.5061,1.2986,1.2986,0.0,0.0,0.0,0.0,0.0,0.0,0.0,0.0,0.0,0.0
legacy_stage4,case_g057_op04,case_g057,case_g057,train,op04,0.0,1725.389,0.03578,1.2986,7.2123,4.0,27.5701,1.8568,fields/case_g057_op04.npz,structure_features/case_g057_op04.npz,1.0,7.8616,16.5061,1.2986,1.2986,1.0,12.95105,16.5061,1.2986,1.2986,1.0,18.0405,16.5061,1.2986,1.2986,1.0,23.12995,16.5061,1.2986,1.2986,0.0,0.0,0.0,0.0,0.0,0.0,0.0,0.0,0.0,0.0
legacy_stage4,case_g057_op05,case_g057,case_g057,train,op05,0.0,2096.795,0.075927,1.2986,7.2123,4.0,27.5701,1.8568,fields/case_g057_op05.npz,structure_features/case_g057_op05.npz,1.0,7.8616,16.5061,1.2986,1.2986,1.0,12.95105,16.5061,1.2986,1.2986,1.0,18.0405,16.5061,1.2986,1.2986,1.0,23.12995,16.5061,1.2986,1.2986,0.0,0.0,0.0,0.0,0.0,0.0,0.0,0.0,0.0,0.0
legacy_stage4,case_g057_op06,case_g057,case_g057,train,op06,0.0,2551.299,0.007061,1.2986,7.2123,4.0,27.5701,1.8568,fields/case_g057_op06.npz,structure_features/case_g057_op06.npz,1.0,7.8616,16.5061,1.2986,1.2986,1.0,12.95105,16.5061,1.2986,1.2986,1.0,18.0405,16.5061,1.2986,1.2986,1.0,23.12995,16.5061,1.2986,1.2986,0.0,0.0,0.0,0.0,0.0,0.0,0.0,0.0,0.0,0.0
legacy_stage4,case_g058_op01,case_g058,case_g058,train,op01,0.0,2012.861,0.014973,1.3344,9.6987,4.0,22.4029,3.7083,fields/case_g058_op01.npz,structure_features/case_g058_op01.npz,1.0,10.3659,18.3755,1.3344,1.3344,1.0,13.54195,18.3755,1.3344,1.3344,1.0,16.718,18.3755,1.3344,1.3344,1.0,19.89405,18.3755,1.3344,1.3344,0.0,0.0,0.0,0.0,0.0,0.0,0.0,0.0,0.0,0.0
legacy_stage4,case_g058_op02,case_g058,case_g058,train,op02,0.0,2552.604,0.027378,1.3344,9.6987,4.0,22.4029,3.7083,fields/case_g058_op02.npz,structure_features/case_g058_op02.npz,1.0,10.3659,18.3755,1.3344,1.3344,1.0,13.54195,18.3755,1.3344,1.3344,1.0,16.718,18.3755,1.3344,1.3344,1.0,19.89405,18.3755,1.3344,1.3344,0.0,0.0,0.0,0.0,0.0,0.0,0.0,0.0,0.0,0.0
legacy_stage4,case_g058_op03,case_g058,case_g058,train,op03,0.0,1024.806,0.033465,1.3344,9.6987,4.0,22.4029,3.7083,fields/case_g058_op03.npz,structure_features/case_g058_op03.npz,1.0,10.3659,18.3755,1.3344,1.3344,1.0,13.54195,18.3755,1.3344,1.3344,1.0,16.718,18.3755,1.3344,1.3344,1.0,19.89405,18.3755,1.3344,1.3344,0.0,0.0,0.0,0.0,0.0,0.0,0.0,0.0,0.0,0.0
legacy_stage4,case_g058_op04,case_g058,case_g058,train,op04,0.0,1509.796,0.066305,1.3344,9.6987,4.0,22.4029,3.7083,fields/case_g058_op04.npz,structure_features/case_g058_op04.npz,1.0,10.3659,18.3755,1.3344,1.3344,1.0,13.54195,18.3755,1.3344,1.3344,1.0,16.718,18.3755,1.3344,1.3344,1.0,19.89405,18.3755,1.3344,1.3344,0.0,0.0,0.0,0.0,0.0,0.0,0.0,0.0,0.0,0.0
legacy_stage4,case_g058_op05,case_g058,case_g058,train,op05,0.0,2902.557,0.007694,1.3344,9.6987,4.0,22.4029,3.7083,fields/case_g058_op05.npz,structure_features/case_g058_op05.npz,1.0,10.3659,18.3755,1.3344,1.3344,1.0,13.54195,18.3755,1.3344,1.3344,1.0,16.718,18.3755,1.3344,1.3344,1.0,19.89405,18.3755,1.3344,1.3344,0.0,0.0,0.0,0.0,0.0,0.0,0.0,0.0,0.0,0.0
legacy_stage4,case_g058_op06,case_g058,case_g058,train,op06,0.0,768.171,0.004344,1.3344,9.6987,4.0,22.4029,3.7083,fields/case_g058_op06.npz,structure_features/case_g058_op06.npz,1.0,10.3659,18.3755,1.3344,1.3344,1.0,13.54195,18.3755,1.3344,1.3344,1.0,16.718,18.3755,1.3344,1.3344,1.0,19.89405,18.3755,1.3344,1.3344,0.0,0.0,0.0,0.0,0.0,0.0,0.0,0.0,0.0,0.0
legacy_stage4,case_g059_op01,case_g059,case_g059,train,op01,0.0,1863.233,0.012296,1.264,8.969,5.0,27.6773,2.4025,fields/case_g059_op01.npz,structure_features/case_g059_op01.npz,1.0,9.601,17.0345,1.264,1.264,1.0,13.34266,17.0345,1.264,1.264,1.0,17.08432,17.0345,1.264,1.264,1.0,20.82598,17.0345,1.264,1.264,1.0,24.56764,17.0345,1.264,1.264,0.0,0.0,0.0,0.0,0.0
legacy_stage4,case_g059_op02,case_g059,case_g059,train,op02,0.0,1367.0,0.017931,1.264,8.969,5.0,27.6773,2.4025,fields/case_g059_op02.npz,structure_features/case_g059_op02.npz,1.0,9.601,17.0345,1.264,1.264,1.0,13.34266,17.0345,1.264,1.264,1.0,17.08432,17.0345,1.264,1.264,1.0,20.82598,17.0345,1.264,1.264,1.0,24.56764,17.0345,1.264,1.264,0.0,0.0,0.0,0.0,0.0
legacy_stage4,case_g059_op03,case_g059,case_g059,train,op03,0.0,1245.585,0.092113,1.264,8.969,5.0,27.6773,2.4025,fields/case_g059_op03.npz,structure_features/case_g059_op03.npz,1.0,9.601,17.0345,1.264,1.264,1.0,13.34266,17.0345,1.264,1.264,1.0,17.08432,17.0345,1.264,1.264,1.0,20.82598,17.0345,1.264,1.264,1.0,24.56764,17.0345,1.264,1.264,0.0,0.0,0.0,0.0,0.0
legacy_stage4,case_g059_op04,case_g059,case_g059,train,op04,0.0,843.867,0.037631,1.264,8.969,5.0,27.6773,2.4025,fields/case_g059_op04.npz,structure_features/case_g059_op04.npz,1.0,9.601,17.0345,1.264,1.264,1.0,13.34266,17.0345,1.264,1.264,1.0,17.08432,17.0345,1.264,1.264,1.0,20.82598,17.0345,1.264,1.264,1.0,24.56764,17.0345,1.264,1.264,0.0,0.0,0.0,0.0,0.0
legacy_stage4,case_g059_op05,case_g059,case_g059,train,op05,0.0,2469.133,0.004049,1.264,8.969,5.0,27.6773,2.4025,fields/case_g059_op05.npz,structure_features/case_g059_op05.npz,1.0,9.601,17.0345,1.264,1.264,1.0,13.34266,17.0345,1.264,1.264,1.0,17.08432,17.0345,1.264,1.264,1.0,20.82598,17.0345,1.264,1.264,1.0,24.56764,17.0345,1.264,1.264,0.0,0.0,0.0,0.0,0.0
legacy_stage4,case_g059_op06,case_g059,case_g059,train,op06,0.0,2942.465,0.00912,1.264,8.969,5.0,27.6773,2.4025,fields/case_g059_op06.npz,structure_features/case_g059_op06.npz,1.0,9.601,17.0345,1.264,1.264,1.0,13.34266,17.0345,1.264,1.264,1.0,17.08432,17.0345,1.264,1.264,1.0,20.82598,17.0345,1.264,1.264,1.0,24.56764,17.0345,1.264,1.264,0.0,0.0,0.0,0.0,0.0
legacy_stage4,case_g060_op01,case_g060,case_g060,train,op01,0.0,1702.541,0.020779,0.9226,6.036,2.0,29.14,4.84,fields/case_g060_op01.npz,structure_features/case_g060_op01.npz,1.0,6.4973,19.3013,0.9226,0.9226,1.0,18.0493,19.3013,0.9226,0.9226,0.0,0.0,0.0,0.0,0.0,0.0,0.0,0.0,0.0,0.0,0.0,0.0,0.0,0.0,0.0,0.0,0.0,0.0,0.0,0.0
legacy_stage4,case_g060_op02,case_g060,case_g060,train,op02,0.0,700.132,0.006247,0.9226,6.036,2.0,29.14,4.84,fields/case_g060_op02.npz,structure_features/case_g060_op02.npz,1.0,6.4973,19.3013,0.9226,0.9226,1.0,18.0493,19.3013,0.9226,0.9226,0.0,0.0,0.0,0.0,0.0,0.0,0.0,0.0,0.0,0.0,0.0,0.0,0.0,0.0,0.0,0.0,0.0,0.0,0.0,0.0
legacy_stage4,case_g060_op03,case_g060,case_g060,train,op03,0.0,1100.74,0.057308,0.9226,6.036,2.0,29.14,4.84,fields/case_g060_op03.npz,structure_features/case_g060_op03.npz,1.0,6.4973,19.3013,0.9226,0.9226,1.0,18.0493,19.3013,0.9226,0.9226,0.0,0.0,0.0,0.0,0.0,0.0,0.0,0.0,0.0,0.0,0.0,0.0,0.0,0.0,0.0,0.0,0.0,0.0,0.0,0.0
legacy_stage4,case_g060_op04,case_g060,case_g060,train,op04,0.0,2235.127,0.046489,0.9226,6.036,2.0,29.14,4.84,fields/case_g060_op04.npz,structure_features/case_g060_op04.npz,1.0,6.4973,19.3013,0.9226,0.9226,1.0,18.0493,19.3013,0.9226,0.9226,0.0,0.0,0.0,0.0,0.0,0.0,0.0,0.0,0.0,0.0,0.0,0.0,0.0,0.0,0.0,0.0,0.0,0.0,0.0,0.0
legacy_stage4,case_g060_op05,case_g060,case_g060,train,op05,0.0,2821.78,0.004518,0.9226,6.036,2.0,29.14,4.84,fields/case_g060_op05.npz,structure_features/case_g060_op05.npz,1.0,6.4973,19.3013,0.9226,0.9226,1.0,18.0493,19.3013,0.9226,0.9226,0.0,0.0,0.0,0.0,0.0,0.0,0.0,0.0,0.0,0.0,0.0,0.0,0.0,0.0,0.0,0.0,0.0,0.0,0.0,0.0
legacy_stage4,case_g060_op06,case_g060,case_g060,train,op06,0.0,1796.647,0.010978,0.9226,6.036,2.0,29.14,4.84,fields/case_g060_op06.npz,structure_features/case_g060_op06.npz,1.0,6.4973,19.3013,0.9226,0.9226,1.0,18.0493,19.3013,0.9226,0.9226,0.0,0.0,0.0,0.0,0.0,0.0,0.0,0.0,0.0,0.0,0.0,0.0,0.0,0.0,0.0,0.0,0.0,0.0,0.0,0.0
v43_structure,v43_tr_n2_anchor_a__center,train_fixed_n2,train_fixed_n2,train,center,0.0,1758.995,0.017931,1.0,3.5,2.0,47.5,2.5,fields/v43_tr_n2_anchor_a__center.npz,structure_features/v43_tr_n2_anchor_a__center.npz,1.0,4.0,17.0,1.0,1.0,1.0,26.0,17.0,1.0,1.0,0.0,0.0,0.0,0.0,0.0,0.0,0.0,0.0,0.0,0.0,0.0,0.0,0.0,0.0,0.0,0.0,0.0,0.0,0.0,0.0
v43_structure,v43_tr_n2_anchor_a__low_low,train_fixed_n2,train_fixed_n2,train,low_low,0.0,1141.205,0.0073285,1.0,3.5,2.0,47.5,2.5,fields/v43_tr_n2_anchor_a__low_low.npz,structure_features/v43_tr_n2_anchor_a__low_low.npz,1.0,4.0,17.0,1.0,1.0,1.0,26.0,17.0,1.0,1.0,0.0,0.0,0.0,0.0,0.0,0.0,0.0,0.0,0.0,0.0,0.0,0.0,0.0,0.0,0.0,0.0,0.0,0.0,0.0,0.0
v43_structure,v43_tr_n2_anchor_a__high_low,train_fixed_n2,train_fixed_n2,train,high_low,0.0,2409.13,0.0073285,1.0,3.5,2.0,47.5,2.5,fields/v43_tr_n2_anchor_a__high_low.npz,structure_features/v43_tr_n2_anchor_a__high_low.npz,1.0,4.0,17.0,1.0,1.0,1.0,26.0,17.0,1.0,1.0,0.0,0.0,0.0,0.0,0.0,0.0,0.0,0.0,0.0,0.0,0.0,0.0,0.0,0.0,0.0,0.0,0.0,0.0,0.0,0.0
v43_structure,v43_tr_n2_anchor_a__low_high,train_fixed_n2,train_fixed_n2,train,low_high,0.0,1141.205,0.0405195,1.0,3.5,2.0,47.5,2.5,fields/v43_tr_n2_anchor_a__low_high.npz,structure_features/v43_tr_n2_anchor_a__low_high.npz,1.0,4.0,17.0,1.0,1.0,1.0,26.0,17.0,1.0,1.0,0.0,0.0,0.0,0.0,0.0,0.0,0.0,0.0,0.0,0.0,0.0,0.0,0.0,0.0,0.0,0.0,0.0,0.0,0.0,0.0
v43_structure,v43_tr_n2_anchor_a__high_high,train_fixed_n2,train_fixed_n2,train,high_high,0.0,2409.13,0.0405195,1.0,3.5,2.0,47.5,2.5,fields/v43_tr_n2_anchor_a__high_high.npz,structure_features/v43_tr_n2_anchor_a__high_high.npz,1.0,4.0,17.0,1.0,1.0,1.0,26.0,17.0,1.0,1.0,0.0,0.0,0.0,0.0,0.0,0.0,0.0,0.0,0.0,0.0,0.0,0.0,0.0,0.0,0.0,0.0,0.0,0.0,0.0,0.0
v43_structure,v43_tr_n2_anchor_b__center,train_fixed_n2,train_fixed_n2,train,center,0.0,1758.995,0.017931,1.1,5.45,2.0,41.45,1.5,fields/v43_tr_n2_anchor_b__center.npz,structure_features/v43_tr_n2_anchor_b__center.npz,1.0,6.0,16.05,1.1,1.1,1.0,24.0,16.05,1.1,1.1,0.0,0.0,0.0,0.0,0.0,0.0,0.0,0.0,0.0,0.0,0.0,0.0,0.0,0.0,0.0,0.0,0.0,0.0,0.0,0.0
v43_structure,v43_tr_n2_anchor_b__low_low,train_fixed_n2,train_fixed_n2,train,low_low,0.0,1141.205,0.0073285,1.1,5.45,2.0,41.45,1.5,fields/v43_tr_n2_anchor_b__low_low.npz,structure_features/v43_tr_n2_anchor_b__low_low.npz,1.0,6.0,16.05,1.1,1.1,1.0,24.0,16.05,1.1,1.1,0.0,0.0,0.0,0.0,0.0,0.0,0.0,0.0,0.0,0.0,0.0,0.0,0.0,0.0,0.0,0.0,0.0,0.0,0.0,0.0
v43_structure,v43_tr_n2_anchor_b__high_low,train_fixed_n2,train_fixed_n2,train,high_low,0.0,2409.13,0.0073285,1.1,5.45,2.0,41.45,1.5,fields/v43_tr_n2_anchor_b__high_low.npz,structure_features/v43_tr_n2_anchor_b__high_low.npz,1.0,6.0,16.05,1.1,1.1,1.0,24.0,16.05,1.1,1.1,0.0,0.0,0.0,0.0,0.0,0.0,0.0,0.0,0.0,0.0,0.0,0.0,0.0,0.0,0.0,0.0,0.0,0.0,0.0,0.0
v43_structure,v43_tr_n2_anchor_b__low_high,train_fixed_n2,train_fixed_n2,train,low_high,0.0,1141.205,0.0405195,1.1,5.45,2.0,41.45,1.5,fields/v43_tr_n2_anchor_b__low_high.npz,structure_features/v43_tr_n2_anchor_b__low_high.npz,1.0,6.0,16.05,1.1,1.1,1.0,24.0,16.05,1.1,1.1,0.0,0.0,0.0,0.0,0.0,0.0,0.0,0.0,0.0,0.0,0.0,0.0,0.0,0.0,0.0,0.0,0.0,0.0,0.0,0.0
v43_structure,v43_tr_n2_anchor_b__high_high,train_fixed_n2,train_fixed_n2,train,high_high,0.0,2409.13,0.0405195,1.1,5.45,2.0,41.45,1.5,fields/v43_tr_n2_anchor_b__high_high.npz,structure_features/v43_tr_n2_anchor_b__high_high.npz,1.0,6.0,16.05,1.1,1.1,1.0,24.0,16.05,1.1,1.1,0.0,0.0,0.0,0.0,0.0,0.0,0.0,0.0,0.0,0.0,0.0,0.0,0.0,0.0,0.0,0.0,0.0,0.0,0.0,0.0
v43_structure,v43_tr_n2_radial_minus__center,train_fixed_n2,train_fixed_n2,train,center,0.0,1758.995,0.017931,1.0,2.7,2.0,48.3,2.5,fields/v43_tr_n2_radial_minus__center.npz,structure_features/v43_tr_n2_radial_minus__center.npz,1.0,3.2,17.0,1.0,1.0,1.0,26.0,17.0,1.0,1.0,0.0,0.0,0.0,0.0,0.0,0.0,0.0,0.0,0.0,0.0,0.0,0.0,0.0,0.0,0.0,0.0,0.0,0.0,0.0,0.0
v43_structure,v43_tr_n2_radial_minus__low_low,train_fixed_n2,train_fixed_n2,train,low_low,0.0,1141.205,0.0073285,1.0,2.7,2.0,48.3,2.5,fields/v43_tr_n2_radial_minus__low_low.npz,structure_features/v43_tr_n2_radial_minus__low_low.npz,1.0,3.2,17.0,1.0,1.0,1.0,26.0,17.0,1.0,1.0,0.0,0.0,0.0,0.0,0.0,0.0,0.0,0.0,0.0,0.0,0.0,0.0,0.0,0.0,0.0,0.0,0.0,0.0,0.0,0.0
v43_structure,v43_tr_n2_radial_minus__high_low,train_fixed_n2,train_fixed_n2,train,high_low,0.0,2409.13,0.0073285,1.0,2.7,2.0,48.3,2.5,fields/v43_tr_n2_radial_minus__high_low.npz,structure_features/v43_tr_n2_radial_minus__high_low.npz,1.0,3.2,17.0,1.0,1.0,1.0,26.0,17.0,1.0,1.0,0.0,0.0,0.0,0.0,0.0,0.0,0.0,0.0,0.0,0.0,0.0,0.0,0.0,0.0,0.0,0.0,0.0,0.0,0.0,0.0
v43_structure,v43_tr_n2_radial_minus__low_high,train_fixed_n2,train_fixed_n2,train,low_high,0.0,1141.205,0.0405195,1.0,2.7,2.0,48.3,2.5,fields/v43_tr_n2_radial_minus__low_high.npz,structure_features/v43_tr_n2_radial_minus__low_high.npz,1.0,3.2,17.0,1.0,1.0,1.0,26.0,17.0,1.0,1.0,0.0,0.0,0.0,0.0,0.0,0.0,0.0,0.0,0.0,0.0,0.0,0.0,0.0,0.0,0.0,0.0,0.0,0.0,0.0,0.0
v43_structure,v43_tr_n2_radial_minus__high_high,train_fixed_n2,train_fixed_n2,train,high_high,0.0,2409.13,0.0405195,1.0,2.7,2.0,48.3,2.5,fields/v43_tr_n2_radial_minus__high_high.npz,structure_features/v43_tr_n2_radial_minus__high_high.npz,1.0,3.2,17.0,1.0,1.0,1.0,26.0,17.0,1.0,1.0,0.0,0.0,0.0,0.0,0.0,0.0,0.0,0.0,0.0,0.0,0.0,0.0,0.0,0.0,0.0,0.0,0.0,0.0,0.0,0.0
v43_structure,v43_tr_n2_radial_plus__center,train_fixed_n2,train_fixed_n2,train,center,0.0,1758.995,0.017931,1.0,4.3,2.0,46.7,2.5,fields/v43_tr_n2_radial_plus__center.npz,structure_features/v43_tr_n2_radial_plus__center.npz,1.0,4.8,17.0,1.0,1.0,1.0,26.0,17.0,1.0,1.0,0.0,0.0,0.0,0.0,0.0,0.0,0.0,0.0,0.0,0.0,0.0,0.0,0.0,0.0,0.0,0.0,0.0,0.0,0.0,0.0
v43_structure,v43_tr_n2_radial_plus__low_low,train_fixed_n2,train_fixed_n2,train,low_low,0.0,1141.205,0.0073285,1.0,4.3,2.0,46.7,2.5,fields/v43_tr_n2_radial_plus__low_low.npz,structure_features/v43_tr_n2_radial_plus__low_low.npz,1.0,4.8,17.0,1.0,1.0,1.0,26.0,17.0,1.0,1.0,0.0,0.0,0.0,0.0,0.0,0.0,0.0,0.0,0.0,0.0,0.0,0.0,0.0,0.0,0.0,0.0,0.0,0.0,0.0,0.0
v43_structure,v43_tr_n2_radial_plus__high_low,train_fixed_n2,train_fixed_n2,train,high_low,0.0,2409.13,0.0073285,1.0,4.3,2.0,46.7,2.5,fields/v43_tr_n2_radial_plus__high_low.npz,structure_features/v43_tr_n2_radial_plus__high_low.npz,1.0,4.8,17.0,1.0,1.0,1.0,26.0,17.0,1.0,1.0,0.0,0.0,0.0,0.0,0.0,0.0,0.0,0.0,0.0,0.0,0.0,0.0,0.0,0.0,0.0,0.0,0.0,0.0,0.0,0.0
v43_structure,v43_tr_n2_radial_plus__low_high,train_fixed_n2,train_fixed_n2,train,low_high,0.0,1141.205,0.0405195,1.0,4.3,2.0,46.7,2.5,fields/v43_tr_n2_radial_plus__low_high.npz,structure_features/v43_tr_n2_radial_plus__low_high.npz,1.0,4.8,17.0,1.0,1.0,1.0,26.0,17.0,1.0,1.0,0.0,0.0,0.0,0.0,0.0,0.0,0.0,0.0,0.0,0.0,0.0,0.0,0.0,0.0,0.0,0.0,0.0,0.0,0.0,0.0
v43_structure,v43_tr_n2_radial_plus__high_high,train_fixed_n2,train_fixed_n2,train,high_high,0.0,2409.13,0.0405195,1.0,4.3,2.0,46.7,2.5,fields/v43_tr_n2_radial_plus__high_high.npz,structure_features/v43_tr_n2_radial_plus__high_high.npz,1.0,4.8,17.0,1.0,1.0,1.0,26.0,17.0,1.0,1.0,0.0,0.0,0.0,0.0,0.0,0.0,0.0,0.0,0.0,0.0,0.0,0.0,0.0,0.0,0.0,0.0,0.0,0.0,0.0,0.0
v43_structure,v43_tr_n2_vertical_minus__center,train_fixed_n2,train_fixed_n2,train,center,0.0,1758.995,0.017931,1.0,3.5,2.0,47.5,2.0,fields/v43_tr_n2_vertical_minus__center.npz,structure_features/v43_tr_n2_vertical_minus__center.npz,1.0,4.0,16.0,1.0,1.0,1.0,26.0,17.0,1.0,1.0,0.0,0.0,0.0,0.0,0.0,0.0,0.0,0.0,0.0,0.0,0.0,0.0,0.0,0.0,0.0,0.0,0.0,0.0,0.0,0.0
v43_structure,v43_tr_n2_vertical_minus__low_low,train_fixed_n2,train_fixed_n2,train,low_low,0.0,1141.205,0.0073285,1.0,3.5,2.0,47.5,2.0,fields/v43_tr_n2_vertical_minus__low_low.npz,structure_features/v43_tr_n2_vertical_minus__low_low.npz,1.0,4.0,16.0,1.0,1.0,1.0,26.0,17.0,1.0,1.0,0.0,0.0,0.0,0.0,0.0,0.0,0.0,0.0,0.0,0.0,0.0,0.0,0.0,0.0,0.0,0.0,0.0,0.0,0.0,0.0
v43_structure,v43_tr_n2_vertical_minus__high_low,train_fixed_n2,train_fixed_n2,train,high_low,0.0,2409.13,0.0073285,1.0,3.5,2.0,47.5,2.0,fields/v43_tr_n2_vertical_minus__high_low.npz,structure_features/v43_tr_n2_vertical_minus__high_low.npz,1.0,4.0,16.0,1.0,1.0,1.0,26.0,17.0,1.0,1.0,0.0,0.0,0.0,0.0,0.0,0.0,0.0,0.0,0.0,0.0,0.0,0.0,0.0,0.0,0.0,0.0,0.0,0.0,0.0,0.0
v43_structure,v43_tr_n2_vertical_minus__low_high,train_fixed_n2,train_fixed_n2,train,low_high,0.0,1141.205,0.0405195,1.0,3.5,2.0,47.5,2.0,fields/v43_tr_n2_vertical_minus__low_high.npz,structure_features/v43_tr_n2_vertical_minus__low_high.npz,1.0,4.0,16.0,1.0,1.0,1.0,26.0,17.0,1.0,1.0,0.0,0.0,0.0,0.0,0.0,0.0,0.0,0.0,0.0,0.0,0.0,0.0,0.0,0.0,0.0,0.0,0.0,0.0,0.0,0.0
v43_structure,v43_tr_n2_vertical_minus__high_high,train_fixed_n2,train_fixed_n2,train,high_high,0.0,2409.13,0.0405195,1.0,3.5,2.0,47.5,2.0,fields/v43_tr_n2_vertical_minus__high_high.npz,structure_features/v43_tr_n2_vertical_minus__high_high.npz,1.0,4.0,16.0,1.0,1.0,1.0,26.0,17.0,1.0,1.0,0.0,0.0,0.0,0.0,0.0,0.0,0.0,0.0,0.0,0.0,0.0,0.0,0.0,0.0,0.0,0.0,0.0,0.0,0.0,0.0
v43_structure,v43_tr_n2_vertical_plus__center,train_fixed_n2,train_fixed_n2,train,center,0.0,1758.995,0.017931,1.0,3.5,2.0,47.5,3.0,fields/v43_tr_n2_vertical_plus__center.npz,structure_features/v43_tr_n2_vertical_plus__center.npz,1.0,4.0,18.0,1.0,1.0,1.0,26.0,17.0,1.0,1.0,0.0,0.0,0.0,0.0,0.0,0.0,0.0,0.0,0.0,0.0,0.0,0.0,0.0,0.0,0.0,0.0,0.0,0.0,0.0,0.0
v43_structure,v43_tr_n2_vertical_plus__low_low,train_fixed_n2,train_fixed_n2,train,low_low,0.0,1141.205,0.0073285,1.0,3.5,2.0,47.5,3.0,fields/v43_tr_n2_vertical_plus__low_low.npz,structure_features/v43_tr_n2_vertical_plus__low_low.npz,1.0,4.0,18.0,1.0,1.0,1.0,26.0,17.0,1.0,1.0,0.0,0.0,0.0,0.0,0.0,0.0,0.0,0.0,0.0,0.0,0.0,0.0,0.0,0.0,0.0,0.0,0.0,0.0,0.0,0.0
v43_structure,v43_tr_n2_vertical_plus__high_low,train_fixed_n2,train_fixed_n2,train,high_low,0.0,2409.13,0.0073285,1.0,3.5,2.0,47.5,3.0,fields/v43_tr_n2_vertical_plus__high_low.npz,structure_features/v43_tr_n2_vertical_plus__high_low.npz,1.0,4.0,18.0,1.0,1.0,1.0,26.0,17.0,1.0,1.0,0.0,0.0,0.0,0.0,0.0,0.0,0.0,0.0,0.0,0.0,0.0,0.0,0.0,0.0,0.0,0.0,0.0,0.0,0.0,0.0
v43_structure,v43_tr_n2_vertical_plus__low_high,train_fixed_n2,train_fixed_n2,train,low_high,0.0,1141.205,0.0405195,1.0,3.5,2.0,47.5,3.0,fields/v43_tr_n2_vertical_plus__low_high.npz,structure_features/v43_tr_n2_vertical_plus__low_high.npz,1.0,4.0,18.0,1.0,1.0,1.0,26.0,17.0,1.0,1.0,0.0,0.0,0.0,0.0,0.0,0.0,0.0,0.0,0.0,0.0,0.0,0.0,0.0,0.0,0.0,0.0,0.0,0.0,0.0,0.0
v43_structure,v43_tr_n2_vertical_plus__high_high,train_fixed_n2,train_fixed_n2,train,high_high,0.0,2409.13,0.0405195,1.0,3.5,2.0,47.5,3.0,fields/v43_tr_n2_vertical_plus__high_high.npz,structure_features/v43_tr_n2_vertical_plus__high_high.npz,1.0,4.0,18.0,1.0,1.0,1.0,26.0,17.0,1.0,1.0,0.0,0.0,0.0,0.0,0.0,0.0,0.0,0.0,0.0,0.0,0.0,0.0,0.0,0.0,0.0,0.0,0.0,0.0,0.0,0.0
v43_structure,v43_tr_n2_width_minus__center,train_fixed_n2,train_fixed_n2,train,center,0.0,1758.995,0.017931,0.925,3.65,2.0,47.5,2.5,fields/v43_tr_n2_width_minus__center.npz,structure_features/v43_tr_n2_width_minus__center.npz,1.0,4.0,17.0,0.7,1.0,1.0,26.0,17.0,1.0,1.0,0.0,0.0,0.0,0.0,0.0,0.0,0.0,0.0,0.0,0.0,0.0,0.0,0.0,0.0,0.0,0.0,0.0,0.0,0.0,0.0
v43_structure,v43_tr_n2_width_minus__low_low,train_fixed_n2,train_fixed_n2,train,low_low,0.0,1141.205,0.0073285,0.925,3.65,2.0,47.5,2.5,fields/v43_tr_n2_width_minus__low_low.npz,structure_features/v43_tr_n2_width_minus__low_low.npz,1.0,4.0,17.0,0.7,1.0,1.0,26.0,17.0,1.0,1.0,0.0,0.0,0.0,0.0,0.0,0.0,0.0,0.0,0.0,0.0,0.0,0.0,0.0,0.0,0.0,0.0,0.0,0.0,0.0,0.0
v43_structure,v43_tr_n2_width_minus__high_low,train_fixed_n2,train_fixed_n2,train,high_low,0.0,2409.13,0.0073285,0.925,3.65,2.0,47.5,2.5,fields/v43_tr_n2_width_minus__high_low.npz,structure_features/v43_tr_n2_width_minus__high_low.npz,1.0,4.0,17.0,0.7,1.0,1.0,26.0,17.0,1.0,1.0,0.0,0.0,0.0,0.0,0.0,0.0,0.0,0.0,0.0,0.0,0.0,0.0,0.0,0.0,0.0,0.0,0.0,0.0,0.0,0.0
v43_structure,v43_tr_n2_width_minus__low_high,train_fixed_n2,train_fixed_n2,train,low_high,0.0,1141.205,0.0405195,0.925,3.65,2.0,47.5,2.5,fields/v43_tr_n2_width_minus__low_high.npz,structure_features/v43_tr_n2_width_minus__low_high.npz,1.0,4.0,17.0,0.7,1.0,1.0,26.0,17.0,1.0,1.0,0.0,0.0,0.0,0.0,0.0,0.0,0.0,0.0,0.0,0.0,0.0,0.0,0.0,0.0,0.0,0.0,0.0,0.0,0.0,0.0
v43_structure,v43_tr_n2_width_minus__high_high,train_fixed_n2,train_fixed_n2,train,high_high,0.0,2409.13,0.0405195,0.925,3.65,2.0,47.5,2.5,fields/v43_tr_n2_width_minus__high_high.npz,structure_features/v43_tr_n2_width_minus__high_high.npz,1.0,4.0,17.0,0.7,1.0,1.0,26.0,17.0,1.0,1.0,0.0,0.0,0.0,0.0,0.0,0.0,0.0,0.0,0.0,0.0,0.0,0.0,0.0,0.0,0.0,0.0,0.0,0.0,0.0,0.0
v43_structure,v43_tr_n2_width_plus__center,train_fixed_n2,train_fixed_n2,train,center,0.0,1758.995,0.017931,1.075,3.35,2.0,47.5,2.5,fields/v43_tr_n2_width_plus__center.npz,structure_features/v43_tr_n2_width_plus__center.npz,1.0,4.0,17.0,1.3,1.0,1.0,26.0,17.0,1.0,1.0,0.0,0.0,0.0,0.0,0.0,0.0,0.0,0.0,0.0,0.0,0.0,0.0,0.0,0.0,0.0,0.0,0.0,0.0,0.0,0.0
v43_structure,v43_tr_n2_width_plus__low_low,train_fixed_n2,train_fixed_n2,train,low_low,0.0,1141.205,0.0073285,1.075,3.35,2.0,47.5,2.5,fields/v43_tr_n2_width_plus__low_low.npz,structure_features/v43_tr_n2_width_plus__low_low.npz,1.0,4.0,17.0,1.3,1.0,1.0,26.0,17.0,1.0,1.0,0.0,0.0,0.0,0.0,0.0,0.0,0.0,0.0,0.0,0.0,0.0,0.0,0.0,0.0,0.0,0.0,0.0,0.0,0.0,0.0
v43_structure,v43_tr_n2_width_plus__high_low,train_fixed_n2,train_fixed_n2,train,high_low,0.0,2409.13,0.0073285,1.075,3.35,2.0,47.5,2.5,fields/v43_tr_n2_width_plus__high_low.npz,structure_features/v43_tr_n2_width_plus__high_low.npz,1.0,4.0,17.0,1.3,1.0,1.0,26.0,17.0,1.0,1.0,0.0,0.0,0.0,0.0,0.0,0.0,0.0,0.0,0.0,0.0,0.0,0.0,0.0,0.0,0.0,0.0,0.0,0.0,0.0,0.0
v43_structure,v43_tr_n2_width_plus__low_high,train_fixed_n2,train_fixed_n2,train,low_high,0.0,1141.205,0.0405195,1.075,3.35,2.0,47.5,2.5,fields/v43_tr_n2_width_plus__low_high.npz,structure_features/v43_tr_n2_width_plus__low_high.npz,1.0,4.0,17.0,1.3,1.0,1.0,26.0,17.0,1.0,1.0,0.0,0.0,0.0,0.0,0.0,0.0,0.0,0.0,0.0,0.0,0.0,0.0,0.0,0.0,0.0,0.0,0.0,0.0,0.0,0.0
v43_structure,v43_tr_n2_width_plus__high_high,train_fixed_n2,train_fixed_n2,train,high_high,0.0,2409.13,0.0405195,1.075,3.35,2.0,47.5,2.5,fields/v43_tr_n2_width_plus__high_high.npz,structure_features/v43_tr_n2_width_plus__high_high.npz,1.0,4.0,17.0,1.3,1.0,1.0,26.0,17.0,1.0,1.0,0.0,0.0,0.0,0.0,0.0,0.0,0.0,0.0,0.0,0.0,0.0,0.0,0.0,0.0,0.0,0.0,0.0,0.0,0.0,0.0
v43_structure,v43_tr_n2_height_minus__center,train_fixed_n2,train_fixed_n2,train,center,0.0,1758.995,0.017931,0.925,3.5,2.0,47.5,2.5,fields/v43_tr_n2_height_minus__center.npz,structure_features/v43_tr_n2_height_minus__center.npz,1.0,4.0,16.85,1.0,0.7,1.0,26.0,17.0,1.0,1.0,0.0,0.0,0.0,0.0,0.0,0.0,0.0,0.0,0.0,0.0,0.0,0.0,0.0,0.0,0.0,0.0,0.0,0.0,0.0,0.0
v43_structure,v43_tr_n2_height_minus__low_low,train_fixed_n2,train_fixed_n2,train,low_low,0.0,1141.205,0.0073285,0.925,3.5,2.0,47.5,2.5,fields/v43_tr_n2_height_minus__low_low.npz,structure_features/v43_tr_n2_height_minus__low_low.npz,1.0,4.0,16.85,1.0,0.7,1.0,26.0,17.0,1.0,1.0,0.0,0.0,0.0,0.0,0.0,0.0,0.0,0.0,0.0,0.0,0.0,0.0,0.0,0.0,0.0,0.0,0.0,0.0,0.0,0.0
v43_structure,v43_tr_n2_height_minus__high_low,train_fixed_n2,train_fixed_n2,train,high_low,0.0,2409.13,0.0073285,0.925,3.5,2.0,47.5,2.5,fields/v43_tr_n2_height_minus__high_low.npz,structure_features/v43_tr_n2_height_minus__high_low.npz,1.0,4.0,16.85,1.0,0.7,1.0,26.0,17.0,1.0,1.0,0.0,0.0,0.0,0.0,0.0,0.0,0.0,0.0,0.0,0.0,0.0,0.0,0.0,0.0,0.0,0.0,0.0,0.0,0.0,0.0
v43_structure,v43_tr_n2_height_minus__low_high,train_fixed_n2,train_fixed_n2,train,low_high,0.0,1141.205,0.0405195,0.925,3.5,2.0,47.5,2.5,fields/v43_tr_n2_height_minus__low_high.npz,structure_features/v43_tr_n2_height_minus__low_high.npz,1.0,4.0,16.85,1.0,0.7,1.0,26.0,17.0,1.0,1.0,0.0,0.0,0.0,0.0,0.0,0.0,0.0,0.0,0.0,0.0,0.0,0.0,0.0,0.0,0.0,0.0,0.0,0.0,0.0,0.0
v43_structure,v43_tr_n2_height_minus__high_high,train_fixed_n2,train_fixed_n2,train,high_high,0.0,2409.13,0.0405195,0.925,3.5,2.0,47.5,2.5,fields/v43_tr_n2_height_minus__high_high.npz,structure_features/v43_tr_n2_height_minus__high_high.npz,1.0,4.0,16.85,1.0,0.7,1.0,26.0,17.0,1.0,1.0,0.0,0.0,0.0,0.0,0.0,0.0,0.0,0.0,0.0,0.0,0.0,0.0,0.0,0.0,0.0,0.0,0.0,0.0,0.0,0.0
v43_structure,v43_tr_n2_height_plus__center,train_fixed_n2,train_fixed_n2,train,center,0.0,1758.995,0.017931,1.075,3.5,2.0,47.5,2.5,fields/v43_tr_n2_height_plus__center.npz,structure_features/v43_tr_n2_height_plus__center.npz,1.0,4.0,17.15,1.0,1.3,1.0,26.0,17.0,1.0,1.0,0.0,0.0,0.0,0.0,0.0,0.0,0.0,0.0,0.0,0.0,0.0,0.0,0.0,0.0,0.0,0.0,0.0,0.0,0.0,0.0
v43_structure,v43_tr_n2_height_plus__low_low,train_fixed_n2,train_fixed_n2,train,low_low,0.0,1141.205,0.0073285,1.075,3.5,2.0,47.5,2.5,fields/v43_tr_n2_height_plus__low_low.npz,structure_features/v43_tr_n2_height_plus__low_low.npz,1.0,4.0,17.15,1.0,1.3,1.0,26.0,17.0,1.0,1.0,0.0,0.0,0.0,0.0,0.0,0.0,0.0,0.0,0.0,0.0,0.0,0.0,0.0,0.0,0.0,0.0,0.0,0.0,0.0,0.0
v43_structure,v43_tr_n2_height_plus__high_low,train_fixed_n2,train_fixed_n2,train,high_low,0.0,2409.13,0.0073285,1.075,3.5,2.0,47.5,2.5,fields/v43_tr_n2_height_plus__high_low.npz,structure_features/v43_tr_n2_height_plus__high_low.npz,1.0,4.0,17.15,1.0,1.3,1.0,26.0,17.0,1.0,1.0,0.0,0.0,0.0,0.0,0.0,0.0,0.0,0.0,0.0,0.0,0.0,0.0,0.0,0.0,0.0,0.0,0.0,0.0,0.0,0.0
v43_structure,v43_tr_n2_height_plus__low_high,train_fixed_n2,train_fixed_n2,train,low_high,0.0,1141.205,0.0405195,1.075,3.5,2.0,47.5,2.5,fields/v43_tr_n2_height_plus__low_high.npz,structure_features/v43_tr_n2_height_plus__low_high.npz,1.0,4.0,17.15,1.0,1.3,1.0,26.0,17.0,1.0,1.0,0.0,0.0,0.0,0.0,0.0,0.0,0.0,0.0,0.0,0.0,0.0,0.0,0.0,0.0,0.0,0.0,0.0,0.0,0.0,0.0
v43_structure,v43_tr_n2_height_plus__high_high,train_fixed_n2,train_fixed_n2,train,high_high,0.0,2409.13,0.0405195,1.075,3.5,2.0,47.5,2.5,fields/v43_tr_n2_height_plus__high_high.npz,structure_features/v43_tr_n2_height_plus__high_high.npz,1.0,4.0,17.15,1.0,1.3,1.0,26.0,17.0,1.0,1.0,0.0,0.0,0.0,0.0,0.0,0.0,0.0,0.0,0.0,0.0,0.0,0.0,0.0,0.0,0.0,0.0,0.0,0.0,0.0,0.0
v43_structure,v43_tr_n2_irregular_a__center,train_fixed_n2,train_fixed_n2,train,center,0.0,1758.995,0.017931,1.0702790160052638,26.767532454088034,2.0,30.786913309264346,2.3543683706656573,fields/v43_tr_n2_irregular_a__center.npz,structure_features/v43_tr_n2_irregular_a__center.npz,1.0,27.3831952627,15.3933785766,1.23132561716,0.947236038837,1.0,29.2739358141,18.4624903318,0.755526112549,1.34702829548,0.0,0.0,0.0,0.0,0.0,0.0,0.0,0.0,0.0,0.0,0.0,0.0,0.0,0.0,0.0,0.0,0.0,0.0,0.0,0.0
v43_structure,v43_tr_n2_irregular_a__low_low,train_fixed_n2,train_fixed_n2,train,low_low,0.0,1141.205,0.0073285,1.0702790160052638,26.767532454088034,2.0,30.786913309264346,2.3543683706656573,fields/v43_tr_n2_irregular_a__low_low.npz,structure_features/v43_tr_n2_irregular_a__low_low.npz,1.0,27.3831952627,15.3933785766,1.23132561716,0.947236038837,1.0,29.2739358141,18.4624903318,0.755526112549,1.34702829548,0.0,0.0,0.0,0.0,0.0,0.0,0.0,0.0,0.0,0.0,0.0,0.0,0.0,0.0,0.0,0.0,0.0,0.0,0.0,0.0
v43_structure,v43_tr_n2_irregular_a__high_low,train_fixed_n2,train_fixed_n2,train,high_low,0.0,2409.13,0.0073285,1.0702790160052638,26.767532454088034,2.0,30.786913309264346,2.3543683706656573,fields/v43_tr_n2_irregular_a__high_low.npz,structure_features/v43_tr_n2_irregular_a__high_low.npz,1.0,27.3831952627,15.3933785766,1.23132561716,0.947236038837,1.0,29.2739358141,18.4624903318,0.755526112549,1.34702829548,0.0,0.0,0.0,0.0,0.0,0.0,0.0,0.0,0.0,0.0,0.0,0.0,0.0,0.0,0.0,0.0,0.0,0.0,0.0,0.0
v43_structure,v43_tr_n2_irregular_a__low_high,train_fixed_n2,train_fixed_n2,train,low_high,0.0,1141.205,0.0405195,1.0702790160052638,26.767532454088034,2.0,30.786913309264346,2.3543683706656573,fields/v43_tr_n2_irregular_a__low_high.npz,structure_features/v43_tr_n2_irregular_a__low_high.npz,1.0,27.3831952627,15.3933785766,1.23132561716,0.947236038837,1.0,29.2739358141,18.4624903318,0.755526112549,1.34702829548,0.0,0.0,0.0,0.0,0.0,0.0,0.0,0.0,0.0,0.0,0.0,0.0,0.0,0.0,0.0,0.0,0.0,0.0,0.0,0.0
v43_structure,v43_tr_n2_irregular_a__high_high,train_fixed_n2,train_fixed_n2,train,high_high,0.0,2409.13,0.0405195,1.0702790160052638,26.767532454088034,2.0,30.786913309264346,2.3543683706656573,fields/v43_tr_n2_irregular_a__high_high.npz,structure_features/v43_tr_n2_irregular_a__high_high.npz,1.0,27.3831952627,15.3933785766,1.23132561716,0.947236038837,1.0,29.2739358141,18.4624903318,0.755526112549,1.34702829548,0.0,0.0,0.0,0.0,0.0,0.0,0.0,0.0,0.0,0.0,0.0,0.0,0.0,0.0,0.0,0.0,0.0,0.0,0.0,0.0
v43_structure,v43_tr_n2_irregular_b__center,train_fixed_n2,train_fixed_n2,train,center,0.0,1758.995,0.017931,0.7128694800132714,27.39691446174706,2.0,30.746724173191208,1.5134801938833462,fields/v43_tr_n2_irregular_b__center.npz,structure_features/v43_tr_n2_irregular_b__center.npz,1.0,27.7273866767,15.8305468609,0.660944429961,0.722199279787,1.0,29.4242979825,15.9171951567,0.748970230243,0.719363980062,0.0,0.0,0.0,0.0,0.0,0.0,0.0,0.0,0.0,0.0,0.0,0.0,0.0,0.0,0.0,0.0,0.0,0.0,0.0,0.0
v43_structure,v43_tr_n2_irregular_b__high_low,train_fixed_n2,train_fixed_n2,train,high_low,0.0,2409.13,0.0073285,0.7128694800132714,27.39691446174706,2.0,30.746724173191208,1.5134801938833462,fields/v43_tr_n2_irregular_b__high_low.npz,structure_features/v43_tr_n2_irregular_b__high_low.npz,1.0,27.7273866767,15.8305468609,0.660944429961,0.722199279787,1.0,29.4242979825,15.9171951567,0.748970230243,0.719363980062,0.0,0.0,0.0,0.0,0.0,0.0,0.0,0.0,0.0,0.0,0.0,0.0,0.0,0.0,0.0,0.0,0.0,0.0,0.0,0.0
v43_structure,v43_tr_n2_irregular_b__low_high,train_fixed_n2,train_fixed_n2,train,low_high,0.0,1141.205,0.0405195,0.7128694800132714,27.39691446174706,2.0,30.746724173191208,1.5134801938833462,fields/v43_tr_n2_irregular_b__low_high.npz,structure_features/v43_tr_n2_irregular_b__low_high.npz,1.0,27.7273866767,15.8305468609,0.660944429961,0.722199279787,1.0,29.4242979825,15.9171951567,0.748970230243,0.719363980062,0.0,0.0,0.0,0.0,0.0,0.0,0.0,0.0,0.0,0.0,0.0,0.0,0.0,0.0,0.0,0.0,0.0,0.0,0.0,0.0
v43_structure,v43_tr_n2_irregular_b__high_high,train_fixed_n2,train_fixed_n2,train,high_high,0.0,2409.13,0.0405195,0.7128694800132714,27.39691446174706,2.0,30.746724173191208,1.5134801938833462,fields/v43_tr_n2_irregular_b__high_high.npz,structure_features/v43_tr_n2_irregular_b__high_high.npz,1.0,27.7273866767,15.8305468609,0.660944429961,0.722199279787,1.0,29.4242979825,15.9171951567,0.748970230243,0.719363980062,0.0,0.0,0.0,0.0,0.0,0.0,0.0,0.0,0.0,0.0,0.0,0.0,0.0,0.0,0.0,0.0,0.0,0.0,0.0,0.0
v43_structure,v43_tr_n3_anchor_a__center,train_fixed_n3,train_fixed_n3,train,center,0.0,1758.995,0.017931,1.0,3.5,3.0,36.5,2.5,fields/v43_tr_n3_anchor_a__center.npz,structure_features/v43_tr_n3_anchor_a__center.npz,1.0,4.0,17.0,1.0,1.0,1.0,15.0,17.0,1.0,1.0,1.0,26.0,17.0,1.0,1.0,0.0,0.0,0.0,0.0,0.0,0.0,0.0,0.0,0.0,0.0,0.0,0.0,0.0,0.0,0.0
v43_structure,v43_tr_n3_anchor_a__low_low,train_fixed_n3,train_fixed_n3,train,low_low,0.0,1141.205,0.0073285,1.0,3.5,3.0,36.5,2.5,fields/v43_tr_n3_anchor_a__low_low.npz,structure_features/v43_tr_n3_anchor_a__low_low.npz,1.0,4.0,17.0,1.0,1.0,1.0,15.0,17.0,1.0,1.0,1.0,26.0,17.0,1.0,1.0,0.0,0.0,0.0,0.0,0.0,0.0,0.0,0.0,0.0,0.0,0.0,0.0,0.0,0.0,0.0
v43_structure,v43_tr_n3_anchor_a__high_low,train_fixed_n3,train_fixed_n3,train,high_low,0.0,2409.13,0.0073285,1.0,3.5,3.0,36.5,2.5,fields/v43_tr_n3_anchor_a__high_low.npz,structure_features/v43_tr_n3_anchor_a__high_low.npz,1.0,4.0,17.0,1.0,1.0,1.0,15.0,17.0,1.0,1.0,1.0,26.0,17.0,1.0,1.0,0.0,0.0,0.0,0.0,0.0,0.0,0.0,0.0,0.0,0.0,0.0,0.0,0.0,0.0,0.0
v43_structure,v43_tr_n3_anchor_a__low_high,train_fixed_n3,train_fixed_n3,train,low_high,0.0,1141.205,0.0405195,1.0,3.5,3.0,36.5,2.5,fields/v43_tr_n3_anchor_a__low_high.npz,structure_features/v43_tr_n3_anchor_a__low_high.npz,1.0,4.0,17.0,1.0,1.0,1.0,15.0,17.0,1.0,1.0,1.0,26.0,17.0,1.0,1.0,0.0,0.0,0.0,0.0,0.0,0.0,0.0,0.0,0.0,0.0,0.0,0.0,0.0,0.0,0.0
v43_structure,v43_tr_n3_anchor_a__high_high,train_fixed_n3,train_fixed_n3,train,high_high,0.0,2409.13,0.0405195,1.0,3.5,3.0,36.5,2.5,fields/v43_tr_n3_anchor_a__high_high.npz,structure_features/v43_tr_n3_anchor_a__high_high.npz,1.0,4.0,17.0,1.0,1.0,1.0,15.0,17.0,1.0,1.0,1.0,26.0,17.0,1.0,1.0,0.0,0.0,0.0,0.0,0.0,0.0,0.0,0.0,0.0,0.0,0.0,0.0,0.0,0.0,0.0
v43_structure,v43_tr_n3_anchor_b__center,train_fixed_n3,train_fixed_n3,train,center,0.0,1758.995,0.017931,1.1,5.45,3.0,32.45,1.5,fields/v43_tr_n3_anchor_b__center.npz,structure_features/v43_tr_n3_anchor_b__center.npz,1.0,6.0,16.05,1.1,1.1,1.0,15.0,16.05,1.1,1.1,1.0,24.0,16.05,1.1,1.1,0.0,0.0,0.0,0.0,0.0,0.0,0.0,0.0,0.0,0.0,0.0,0.0,0.0,0.0,0.0
v43_structure,v43_tr_n3_anchor_b__low_low,train_fixed_n3,train_fixed_n3,train,low_low,0.0,1141.205,0.0073285,1.1,5.45,3.0,32.45,1.5,fields/v43_tr_n3_anchor_b__low_low.npz,structure_features/v43_tr_n3_anchor_b__low_low.npz,1.0,6.0,16.05,1.1,1.1,1.0,15.0,16.05,1.1,1.1,1.0,24.0,16.05,1.1,1.1,0.0,0.0,0.0,0.0,0.0,0.0,0.0,0.0,0.0,0.0,0.0,0.0,0.0,0.0,0.0
v43_structure,v43_tr_n3_anchor_b__high_low,train_fixed_n3,train_fixed_n3,train,high_low,0.0,2409.13,0.0073285,1.1,5.45,3.0,32.45,1.5,fields/v43_tr_n3_anchor_b__high_low.npz,structure_features/v43_tr_n3_anchor_b__high_low.npz,1.0,6.0,16.05,1.1,1.1,1.0,15.0,16.05,1.1,1.1,1.0,24.0,16.05,1.1,1.1,0.0,0.0,0.0,0.0,0.0,0.0,0.0,0.0,0.0,0.0,0.0,0.0,0.0,0.0,0.0
v43_structure,v43_tr_n3_anchor_b__low_high,train_fixed_n3,train_fixed_n3,train,low_high,0.0,1141.205,0.0405195,1.1,5.45,3.0,32.45,1.5,fields/v43_tr_n3_anchor_b__low_high.npz,structure_features/v43_tr_n3_anchor_b__low_high.npz,1.0,6.0,16.05,1.1,1.1,1.0,15.0,16.05,1.1,1.1,1.0,24.0,16.05,1.1,1.1,0.0,0.0,0.0,0.0,0.0,0.0,0.0,0.0,0.0,0.0,0.0,0.0,0.0,0.0,0.0
v43_structure,v43_tr_n3_anchor_b__high_high,train_fixed_n3,train_fixed_n3,train,high_high,0.0,2409.13,0.0405195,1.1,5.45,3.0,32.45,1.5,fields/v43_tr_n3_anchor_b__high_high.npz,structure_features/v43_tr_n3_anchor_b__high_high.npz,1.0,6.0,16.05,1.1,1.1,1.0,15.0,16.05,1.1,1.1,1.0,24.0,16.05,1.1,1.1,0.0,0.0,0.0,0.0,0.0,0.0,0.0,0.0,0.0,0.0,0.0,0.0,0.0,0.0,0.0
v43_structure,v43_tr_n3_radial_minus__center,train_fixed_n3,train_fixed_n3,train,center,0.0,1758.995,0.017931,1.0,3.5,3.0,36.5,2.5,fields/v43_tr_n3_radial_minus__center.npz,structure_features/v43_tr_n3_radial_minus__center.npz,1.0,4.0,17.0,1.0,1.0,1.0,14.2,17.0,1.0,1.0,1.0,26.0,17.0,1.0,1.0,0.0,0.0,0.0,0.0,0.0,0.0,0.0,0.0,0.0,0.0,0.0,0.0,0.0,0.0,0.0
v43_structure,v43_tr_n3_radial_minus__low_low,train_fixed_n3,train_fixed_n3,train,low_low,0.0,1141.205,0.0073285,1.0,3.5,3.0,36.5,2.5,fields/v43_tr_n3_radial_minus__low_low.npz,structure_features/v43_tr_n3_radial_minus__low_low.npz,1.0,4.0,17.0,1.0,1.0,1.0,14.2,17.0,1.0,1.0,1.0,26.0,17.0,1.0,1.0,0.0,0.0,0.0,0.0,0.0,0.0,0.0,0.0,0.0,0.0,0.0,0.0,0.0,0.0,0.0
v43_structure,v43_tr_n3_radial_minus__high_low,train_fixed_n3,train_fixed_n3,train,high_low,0.0,2409.13,0.0073285,1.0,3.5,3.0,36.5,2.5,fields/v43_tr_n3_radial_minus__high_low.npz,structure_features/v43_tr_n3_radial_minus__high_low.npz,1.0,4.0,17.0,1.0,1.0,1.0,14.2,17.0,1.0,1.0,1.0,26.0,17.0,1.0,1.0,0.0,0.0,0.0,0.0,0.0,0.0,0.0,0.0,0.0,0.0,0.0,0.0,0.0,0.0,0.0
v43_structure,v43_tr_n3_radial_minus__low_high,train_fixed_n3,train_fixed_n3,train,low_high,0.0,1141.205,0.0405195,1.0,3.5,3.0,36.5,2.5,fields/v43_tr_n3_radial_minus__low_high.npz,structure_features/v43_tr_n3_radial_minus__low_high.npz,1.0,4.0,17.0,1.0,1.0,1.0,14.2,17.0,1.0,1.0,1.0,26.0,17.0,1.0,1.0,0.0,0.0,0.0,0.0,0.0,0.0,0.0,0.0,0.0,0.0,0.0,0.0,0.0,0.0,0.0
v43_structure,v43_tr_n3_radial_minus__high_high,train_fixed_n3,train_fixed_n3,train,high_high,0.0,2409.13,0.0405195,1.0,3.5,3.0,36.5,2.5,fields/v43_tr_n3_radial_minus__high_high.npz,structure_features/v43_tr_n3_radial_minus__high_high.npz,1.0,4.0,17.0,1.0,1.0,1.0,14.2,17.0,1.0,1.0,1.0,26.0,17.0,1.0,1.0,0.0,0.0,0.0,0.0,0.0,0.0,0.0,0.0,0.0,0.0,0.0,0.0,0.0,0.0,0.0
v43_structure,v43_tr_n3_radial_plus__center,train_fixed_n3,train_fixed_n3,train,center,0.0,1758.995,0.017931,1.0,3.5,3.0,36.5,2.5,fields/v43_tr_n3_radial_plus__center.npz,structure_features/v43_tr_n3_radial_plus__center.npz,1.0,4.0,17.0,1.0,1.0,1.0,15.8,17.0,1.0,1.0,1.0,26.0,17.0,1.0,1.0,0.0,0.0,0.0,0.0,0.0,0.0,0.0,0.0,0.0,0.0,0.0,0.0,0.0,0.0,0.0
v43_structure,v43_tr_n3_radial_plus__low_low,train_fixed_n3,train_fixed_n3,train,low_low,0.0,1141.205,0.0073285,1.0,3.5,3.0,36.5,2.5,fields/v43_tr_n3_radial_plus__low_low.npz,structure_features/v43_tr_n3_radial_plus__low_low.npz,1.0,4.0,17.0,1.0,1.0,1.0,15.8,17.0,1.0,1.0,1.0,26.0,17.0,1.0,1.0,0.0,0.0,0.0,0.0,0.0,0.0,0.0,0.0,0.0,0.0,0.0,0.0,0.0,0.0,0.0
v43_structure,v43_tr_n3_radial_plus__high_low,train_fixed_n3,train_fixed_n3,train,high_low,0.0,2409.13,0.0073285,1.0,3.5,3.0,36.5,2.5,fields/v43_tr_n3_radial_plus__high_low.npz,structure_features/v43_tr_n3_radial_plus__high_low.npz,1.0,4.0,17.0,1.0,1.0,1.0,15.8,17.0,1.0,1.0,1.0,26.0,17.0,1.0,1.0,0.0,0.0,0.0,0.0,0.0,0.0,0.0,0.0,0.0,0.0,0.0,0.0,0.0,0.0,0.0
v43_structure,v43_tr_n3_radial_plus__low_high,train_fixed_n3,train_fixed_n3,train,low_high,0.0,1141.205,0.0405195,1.0,3.5,3.0,36.5,2.5,fields/v43_tr_n3_radial_plus__low_high.npz,structure_features/v43_tr_n3_radial_plus__low_high.npz,1.0,4.0,17.0,1.0,1.0,1.0,15.8,17.0,1.0,1.0,1.0,26.0,17.0,1.0,1.0,0.0,0.0,0.0,0.0,0.0,0.0,0.0,0.0,0.0,0.0,0.0,0.0,0.0,0.0,0.0
v43_structure,v43_tr_n3_radial_plus__high_high,train_fixed_n3,train_fixed_n3,train,high_high,0.0,2409.13,0.0405195,1.0,3.5,3.0,36.5,2.5,fields/v43_tr_n3_radial_plus__high_high.npz,structure_features/v43_tr_n3_radial_plus__high_high.npz,1.0,4.0,17.0,1.0,1.0,1.0,15.8,17.0,1.0,1.0,1.0,26.0,17.0,1.0,1.0,0.0,0.0,0.0,0.0,0.0,0.0,0.0,0.0,0.0,0.0,0.0,0.0,0.0,0.0,0.0
v43_structure,v43_tr_n3_vertical_minus__center,train_fixed_n3,train_fixed_n3,train,center,0.0,1758.995,0.017931,1.0,3.5,3.0,36.5,2.166666666666668,fields/v43_tr_n3_vertical_minus__center.npz,structure_features/v43_tr_n3_vertical_minus__center.npz,1.0,4.0,17.0,1.0,1.0,1.0,15.0,16.0,1.0,1.0,1.0,26.0,17.0,1.0,1.0,0.0,0.0,0.0,0.0,0.0,0.0,0.0,0.0,0.0,0.0,0.0,0.0,0.0,0.0,0.0
v43_structure,v43_tr_n3_vertical_minus__low_low,train_fixed_n3,train_fixed_n3,train,low_low,0.0,1141.205,0.0073285,1.0,3.5,3.0,36.5,2.166666666666668,fields/v43_tr_n3_vertical_minus__low_low.npz,structure_features/v43_tr_n3_vertical_minus__low_low.npz,1.0,4.0,17.0,1.0,1.0,1.0,15.0,16.0,1.0,1.0,1.0,26.0,17.0,1.0,1.0,0.0,0.0,0.0,0.0,0.0,0.0,0.0,0.0,0.0,0.0,0.0,0.0,0.0,0.0,0.0
v43_structure,v43_tr_n3_vertical_minus__high_low,train_fixed_n3,train_fixed_n3,train,high_low,0.0,2409.13,0.0073285,1.0,3.5,3.0,36.5,2.166666666666668,fields/v43_tr_n3_vertical_minus__high_low.npz,structure_features/v43_tr_n3_vertical_minus__high_low.npz,1.0,4.0,17.0,1.0,1.0,1.0,15.0,16.0,1.0,1.0,1.0,26.0,17.0,1.0,1.0,0.0,0.0,0.0,0.0,0.0,0.0,0.0,0.0,0.0,0.0,0.0,0.0,0.0,0.0,0.0
v43_structure,v43_tr_n3_vertical_minus__low_high,train_fixed_n3,train_fixed_n3,train,low_high,0.0,1141.205,0.0405195,1.0,3.5,3.0,36.5,2.166666666666668,fields/v43_tr_n3_vertical_minus__low_high.npz,structure_features/v43_tr_n3_vertical_minus__low_high.npz,1.0,4.0,17.0,1.0,1.0,1.0,15.0,16.0,1.0,1.0,1.0,26.0,17.0,1.0,1.0,0.0,0.0,0.0,0.0,0.0,0.0,0.0,0.0,0.0,0.0,0.0,0.0,0.0,0.0,0.0
v43_structure,v43_tr_n3_vertical_minus__high_high,train_fixed_n3,train_fixed_n3,train,high_high,0.0,2409.13,0.0405195,1.0,3.5,3.0,36.5,2.166666666666668,fields/v43_tr_n3_vertical_minus__high_high.npz,structure_features/v43_tr_n3_vertical_minus__high_high.npz,1.0,4.0,17.0,1.0,1.0,1.0,15.0,16.0,1.0,1.0,1.0,26.0,17.0,1.0,1.0,0.0,0.0,0.0,0.0,0.0,0.0,0.0,0.0,0.0,0.0,0.0,0.0,0.0,0.0,0.0
v43_structure,v43_tr_n3_vertical_plus__center,train_fixed_n3,train_fixed_n3,train,center,0.0,1758.995,0.017931,1.0,3.5,3.0,36.5,2.833333333333332,fields/v43_tr_n3_vertical_plus__center.npz,structure_features/v43_tr_n3_vertical_plus__center.npz,1.0,4.0,17.0,1.0,1.0,1.0,15.0,18.0,1.0,1.0,1.0,26.0,17.0,1.0,1.0,0.0,0.0,0.0,0.0,0.0,0.0,0.0,0.0,0.0,0.0,0.0,0.0,0.0,0.0,0.0
v43_structure,v43_tr_n3_vertical_plus__low_low,train_fixed_n3,train_fixed_n3,train,low_low,0.0,1141.205,0.0073285,1.0,3.5,3.0,36.5,2.833333333333332,fields/v43_tr_n3_vertical_plus__low_low.npz,structure_features/v43_tr_n3_vertical_plus__low_low.npz,1.0,4.0,17.0,1.0,1.0,1.0,15.0,18.0,1.0,1.0,1.0,26.0,17.0,1.0,1.0,0.0,0.0,0.0,0.0,0.0,0.0,0.0,0.0,0.0,0.0,0.0,0.0,0.0,0.0,0.0
v43_structure,v43_tr_n3_vertical_plus__high_low,train_fixed_n3,train_fixed_n3,train,high_low,0.0,2409.13,0.0073285,1.0,3.5,3.0,36.5,2.833333333333332,fields/v43_tr_n3_vertical_plus__high_low.npz,structure_features/v43_tr_n3_vertical_plus__high_low.npz,1.0,4.0,17.0,1.0,1.0,1.0,15.0,18.0,1.0,1.0,1.0,26.0,17.0,1.0,1.0,0.0,0.0,0.0,0.0,0.0,0.0,0.0,0.0,0.0,0.0,0.0,0.0,0.0,0.0,0.0
v43_structure,v43_tr_n3_vertical_plus__low_high,train_fixed_n3,train_fixed_n3,train,low_high,0.0,1141.205,0.0405195,1.0,3.5,3.0,36.5,2.833333333333332,fields/v43_tr_n3_vertical_plus__low_high.npz,structure_features/v43_tr_n3_vertical_plus__low_high.npz,1.0,4.0,17.0,1.0,1.0,1.0,15.0,18.0,1.0,1.0,1.0,26.0,17.0,1.0,1.0,0.0,0.0,0.0,0.0,0.0,0.0,0.0,0.0,0.0,0.0,0.0,0.0,0.0,0.0,0.0
v43_structure,v43_tr_n3_vertical_plus__high_high,train_fixed_n3,train_fixed_n3,train,high_high,0.0,2409.13,0.0405195,1.0,3.5,3.0,36.5,2.833333333333332,fields/v43_tr_n3_vertical_plus__high_high.npz,structure_features/v43_tr_n3_vertical_plus__high_high.npz,1.0,4.0,17.0,1.0,1.0,1.0,15.0,18.0,1.0,1.0,1.0,26.0,17.0,1.0,1.0,0.0,0.0,0.0,0.0,0.0,0.0,0.0,0.0,0.0,0.0,0.0,0.0,0.0,0.0,0.0
v43_structure,v43_tr_n3_width_minus__center,train_fixed_n3,train_fixed_n3,train,center,0.0,1758.995,0.017931,0.9500000000000001,3.5,3.0,36.5,2.5,fields/v43_tr_n3_width_minus__center.npz,structure_features/v43_tr_n3_width_minus__center.npz,1.0,4.0,17.0,1.0,1.0,1.0,15.0,17.0,0.7,1.0,1.0,26.0,17.0,1.0,1.0,0.0,0.0,0.0,0.0,0.0,0.0,0.0,0.0,0.0,0.0,0.0,0.0,0.0,0.0,0.0
v43_structure,v43_tr_n3_width_minus__low_low,train_fixed_n3,train_fixed_n3,train,low_low,0.0,1141.205,0.0073285,0.9500000000000001,3.5,3.0,36.5,2.5,fields/v43_tr_n3_width_minus__low_low.npz,structure_features/v43_tr_n3_width_minus__low_low.npz,1.0,4.0,17.0,1.0,1.0,1.0,15.0,17.0,0.7,1.0,1.0,26.0,17.0,1.0,1.0,0.0,0.0,0.0,0.0,0.0,0.0,0.0,0.0,0.0,0.0,0.0,0.0,0.0,0.0,0.0
v43_structure,v43_tr_n3_width_minus__high_low,train_fixed_n3,train_fixed_n3,train,high_low,0.0,2409.13,0.0073285,0.9500000000000001,3.5,3.0,36.5,2.5,fields/v43_tr_n3_width_minus__high_low.npz,structure_features/v43_tr_n3_width_minus__high_low.npz,1.0,4.0,17.0,1.0,1.0,1.0,15.0,17.0,0.7,1.0,1.0,26.0,17.0,1.0,1.0,0.0,0.0,0.0,0.0,0.0,0.0,0.0,0.0,0.0,0.0,0.0,0.0,0.0,0.0,0.0
v43_structure,v43_tr_n3_width_minus__low_high,train_fixed_n3,train_fixed_n3,train,low_high,0.0,1141.205,0.0405195,0.9500000000000001,3.5,3.0,36.5,2.5,fields/v43_tr_n3_width_minus__low_high.npz,structure_features/v43_tr_n3_width_minus__low_high.npz,1.0,4.0,17.0,1.0,1.0,1.0,15.0,17.0,0.7,1.0,1.0,26.0,17.0,1.0,1.0,0.0,0.0,0.0,0.0,0.0,0.0,0.0,0.0,0.0,0.0,0.0,0.0,0.0,0.0,0.0
v43_structure,v43_tr_n3_width_minus__high_high,train_fixed_n3,train_fixed_n3,train,high_high,0.0,2409.13,0.0405195,0.9500000000000001,3.5,3.0,36.5,2.5,fields/v43_tr_n3_width_minus__high_high.npz,structure_features/v43_tr_n3_width_minus__high_high.npz,1.0,4.0,17.0,1.0,1.0,1.0,15.0,17.0,0.7,1.0,1.0,26.0,17.0,1.0,1.0,0.0,0.0,0.0,0.0,0.0,0.0,0.0,0.0,0.0,0.0,0.0,0.0,0.0,0.0,0.0
v43_structure,v43_tr_n3_width_plus__center,train_fixed_n3,train_fixed_n3,train,center,0.0,1758.995,0.017931,1.05,3.5,3.0,36.5,2.5,fields/v43_tr_n3_width_plus__center.npz,structure_features/v43_tr_n3_width_plus__center.npz,1.0,4.0,17.0,1.0,1.0,1.0,15.0,17.0,1.3,1.0,1.0,26.0,17.0,1.0,1.0,0.0,0.0,0.0,0.0,0.0,0.0,0.0,0.0,0.0,0.0,0.0,0.0,0.0,0.0,0.0
v43_structure,v43_tr_n3_width_plus__low_low,train_fixed_n3,train_fixed_n3,train,low_low,0.0,1141.205,0.0073285,1.05,3.5,3.0,36.5,2.5,fields/v43_tr_n3_width_plus__low_low.npz,structure_features/v43_tr_n3_width_plus__low_low.npz,1.0,4.0,17.0,1.0,1.0,1.0,15.0,17.0,1.3,1.0,1.0,26.0,17.0,1.0,1.0,0.0,0.0,0.0,0.0,0.0,0.0,0.0,0.0,0.0,0.0,0.0,0.0,0.0,0.0,0.0
v43_structure,v43_tr_n3_width_plus__high_low,train_fixed_n3,train_fixed_n3,train,high_low,0.0,2409.13,0.0073285,1.05,3.5,3.0,36.5,2.5,fields/v43_tr_n3_width_plus__high_low.npz,structure_features/v43_tr_n3_width_plus__high_low.npz,1.0,4.0,17.0,1.0,1.0,1.0,15.0,17.0,1.3,1.0,1.0,26.0,17.0,1.0,1.0,0.0,0.0,0.0,0.0,0.0,0.0,0.0,0.0,0.0,0.0,0.0,0.0,0.0,0.0,0.0
v43_structure,v43_tr_n3_width_plus__low_high,train_fixed_n3,train_fixed_n3,train,low_high,0.0,1141.205,0.0405195,1.05,3.5,3.0,36.5,2.5,fields/v43_tr_n3_width_plus__low_high.npz,structure_features/v43_tr_n3_width_plus__low_high.npz,1.0,4.0,17.0,1.0,1.0,1.0,15.0,17.0,1.3,1.0,1.0,26.0,17.0,1.0,1.0,0.0,0.0,0.0,0.0,0.0,0.0,0.0,0.0,0.0,0.0,0.0,0.0,0.0,0.0,0.0
v43_structure,v43_tr_n3_width_plus__high_high,train_fixed_n3,train_fixed_n3,train,high_high,0.0,2409.13,0.0405195,1.05,3.5,3.0,36.5,2.5,fields/v43_tr_n3_width_plus__high_high.npz,structure_features/v43_tr_n3_width_plus__high_high.npz,1.0,4.0,17.0,1.0,1.0,1.0,15.0,17.0,1.3,1.0,1.0,26.0,17.0,1.0,1.0,0.0,0.0,0.0,0.0,0.0,0.0,0.0,0.0,0.0,0.0,0.0,0.0,0.0,0.0,0.0
v43_structure,v43_tr_n3_height_minus__center,train_fixed_n3,train_fixed_n3,train,center,0.0,1758.995,0.017931,0.9500000000000001,3.5,3.0,36.5,2.5,fields/v43_tr_n3_height_minus__center.npz,structure_features/v43_tr_n3_height_minus__center.npz,1.0,4.0,17.0,1.0,1.0,1.0,15.0,16.85,1.0,0.7,1.0,26.0,17.0,1.0,1.0,0.0,0.0,0.0,0.0,0.0,0.0,0.0,0.0,0.0,0.0,0.0,0.0,0.0,0.0,0.0
v43_structure,v43_tr_n3_height_minus__low_low,train_fixed_n3,train_fixed_n3,train,low_low,0.0,1141.205,0.0073285,0.9500000000000001,3.5,3.0,36.5,2.5,fields/v43_tr_n3_height_minus__low_low.npz,structure_features/v43_tr_n3_height_minus__low_low.npz,1.0,4.0,17.0,1.0,1.0,1.0,15.0,16.85,1.0,0.7,1.0,26.0,17.0,1.0,1.0,0.0,0.0,0.0,0.0,0.0,0.0,0.0,0.0,0.0,0.0,0.0,0.0,0.0,0.0,0.0
v43_structure,v43_tr_n3_height_minus__high_low,train_fixed_n3,train_fixed_n3,train,high_low,0.0,2409.13,0.0073285,0.9500000000000001,3.5,3.0,36.5,2.5,fields/v43_tr_n3_height_minus__high_low.npz,structure_features/v43_tr_n3_height_minus__high_low.npz,1.0,4.0,17.0,1.0,1.0,1.0,15.0,16.85,1.0,0.7,1.0,26.0,17.0,1.0,1.0,0.0,0.0,0.0,0.0,0.0,0.0,0.0,0.0,0.0,0.0,0.0,0.0,0.0,0.0,0.0
v43_structure,v43_tr_n3_height_minus__low_high,train_fixed_n3,train_fixed_n3,train,low_high,0.0,1141.205,0.0405195,0.9500000000000001,3.5,3.0,36.5,2.5,fields/v43_tr_n3_height_minus__low_high.npz,structure_features/v43_tr_n3_height_minus__low_high.npz,1.0,4.0,17.0,1.0,1.0,1.0,15.0,16.85,1.0,0.7,1.0,26.0,17.0,1.0,1.0,0.0,0.0,0.0,0.0,0.0,0.0,0.0,0.0,0.0,0.0,0.0,0.0,0.0,0.0,0.0
v43_structure,v43_tr_n3_height_minus__high_high,train_fixed_n3,train_fixed_n3,train,high_high,0.0,2409.13,0.0405195,0.9500000000000001,3.5,3.0,36.5,2.5,fields/v43_tr_n3_height_minus__high_high.npz,structure_features/v43_tr_n3_height_minus__high_high.npz,1.0,4.0,17.0,1.0,1.0,1.0,15.0,16.85,1.0,0.7,1.0,26.0,17.0,1.0,1.0,0.0,0.0,0.0,0.0,0.0,0.0,0.0,0.0,0.0,0.0,0.0,0.0,0.0,0.0,0.0
v43_structure,v43_tr_n3_height_plus__center,train_fixed_n3,train_fixed_n3,train,center,0.0,1758.995,0.017931,1.05,3.5,3.0,36.5,2.5,fields/v43_tr_n3_height_plus__center.npz,structure_features/v43_tr_n3_height_plus__center.npz,1.0,4.0,17.0,1.0,1.0,1.0,15.0,17.15,1.0,1.3,1.0,26.0,17.0,1.0,1.0,0.0,0.0,0.0,0.0,0.0,0.0,0.0,0.0,0.0,0.0,0.0,0.0,0.0,0.0,0.0
v43_structure,v43_tr_n3_height_plus__low_low,train_fixed_n3,train_fixed_n3,train,low_low,0.0,1141.205,0.0073285,1.05,3.5,3.0,36.5,2.5,fields/v43_tr_n3_height_plus__low_low.npz,structure_features/v43_tr_n3_height_plus__low_low.npz,1.0,4.0,17.0,1.0,1.0,1.0,15.0,17.15,1.0,1.3,1.0,26.0,17.0,1.0,1.0,0.0,0.0,0.0,0.0,0.0,0.0,0.0,0.0,0.0,0.0,0.0,0.0,0.0,0.0,0.0
v43_structure,v43_tr_n3_height_plus__high_low,train_fixed_n3,train_fixed_n3,train,high_low,0.0,2409.13,0.0073285,1.05,3.5,3.0,36.5,2.5,fields/v43_tr_n3_height_plus__high_low.npz,structure_features/v43_tr_n3_height_plus__high_low.npz,1.0,4.0,17.0,1.0,1.0,1.0,15.0,17.15,1.0,1.3,1.0,26.0,17.0,1.0,1.0,0.0,0.0,0.0,0.0,0.0,0.0,0.0,0.0,0.0,0.0,0.0,0.0,0.0,0.0,0.0
v43_structure,v43_tr_n3_height_plus__low_high,train_fixed_n3,train_fixed_n3,train,low_high,0.0,1141.205,0.0405195,1.05,3.5,3.0,36.5,2.5,fields/v43_tr_n3_height_plus__low_high.npz,structure_features/v43_tr_n3_height_plus__low_high.npz,1.0,4.0,17.0,1.0,1.0,1.0,15.0,17.15,1.0,1.3,1.0,26.0,17.0,1.0,1.0,0.0,0.0,0.0,0.0,0.0,0.0,0.0,0.0,0.0,0.0,0.0,0.0,0.0,0.0,0.0
v43_structure,v43_tr_n3_height_plus__high_high,train_fixed_n3,train_fixed_n3,train,high_high,0.0,2409.13,0.0405195,1.05,3.5,3.0,36.5,2.5,fields/v43_tr_n3_height_plus__high_high.npz,structure_features/v43_tr_n3_height_plus__high_high.npz,1.0,4.0,17.0,1.0,1.0,1.0,15.0,17.15,1.0,1.3,1.0,26.0,17.0,1.0,1.0,0.0,0.0,0.0,0.0,0.0,0.0,0.0,0.0,0.0,0.0,0.0,0.0,0.0,0.0,0.0
v43_structure,v43_tr_n3_irregular_a__center,train_fixed_n3,train_fixed_n3,train,center,0.0,1758.995,0.017931,0.9627994593865988,25.136358142401647,3.0,30.508030205993343,1.8437829055345816,fields/v43_tr_n3_irregular_a__center.npz,structure_features/v43_tr_n3_irregular_a__center.npz,1.0,25.5780754446,18.6948235736,0.883434604405,0.929169620634,1.0,27.1460990993,14.9464802629,1.12481286993,0.736542171669,1.0,29.3118784753,15.1035697364,1.34149956944,0.761337920245,0.0,0.0,0.0,0.0,0.0,0.0,0.0,0.0,0.0,0.0,0.0,0.0,0.0,0.0,0.0
v43_structure,v43_tr_n3_irregular_a__low_low,train_fixed_n3,train_fixed_n3,train,low_low,0.0,1141.205,0.0073285,0.9627994593865988,25.136358142401647,3.0,30.508030205993343,1.8437829055345816,fields/v43_tr_n3_irregular_a__low_low.npz,structure_features/v43_tr_n3_irregular_a__low_low.npz,1.0,25.5780754446,18.6948235736,0.883434604405,0.929169620634,1.0,27.1460990993,14.9464802629,1.12481286993,0.736542171669,1.0,29.3118784753,15.1035697364,1.34149956944,0.761337920245,0.0,0.0,0.0,0.0,0.0,0.0,0.0,0.0,0.0,0.0,0.0,0.0,0.0,0.0,0.0
v43_structure,v43_tr_n3_irregular_a__high_low,train_fixed_n3,train_fixed_n3,train,high_low,0.0,2409.13,0.0073285,0.9627994593865988,25.136358142401647,3.0,30.508030205993343,1.8437829055345816,fields/v43_tr_n3_irregular_a__high_low.npz,structure_features/v43_tr_n3_irregular_a__high_low.npz,1.0,25.5780754446,18.6948235736,0.883434604405,0.929169620634,1.0,27.1460990993,14.9464802629,1.12481286993,0.736542171669,1.0,29.3118784753,15.1035697364,1.34149956944,0.761337920245,0.0,0.0,0.0,0.0,0.0,0.0,0.0,0.0,0.0,0.0,0.0,0.0,0.0,0.0,0.0
v43_structure,v43_tr_n3_irregular_a__low_high,train_fixed_n3,train_fixed_n3,train,low_high,0.0,1141.205,0.0405195,0.9627994593865988,25.136358142401647,3.0,30.508030205993343,1.8437829055345816,fields/v43_tr_n3_irregular_a__low_high.npz,structure_features/v43_tr_n3_irregular_a__low_high.npz,1.0,25.5780754446,18.6948235736,0.883434604405,0.929169620634,1.0,27.1460990993,14.9464802629,1.12481286993,0.736542171669,1.0,29.3118784753,15.1035697364,1.34149956944,0.761337920245,0.0,0.0,0.0,0.0,0.0,0.0,0.0,0.0,0.0,0.0,0.0,0.0,0.0,0.0,0.0
v43_structure,v43_tr_n3_irregular_a__high_high,train_fixed_n3,train_fixed_n3,train,high_high,0.0,2409.13,0.0405195,0.9627994593865988,25.136358142401647,3.0,30.508030205993343,1.8437829055345816,fields/v43_tr_n3_irregular_a__high_high.npz,structure_features/v43_tr_n3_irregular_a__high_high.npz,1.0,25.5780754446,18.6948235736,0.883434604405,0.929169620634,1.0,27.1460990993,14.9464802629,1.12481286993,0.736542171669,1.0,29.3118784753,15.1035697364,1.34149956944,0.761337920245,0.0,0.0,0.0,0.0,0.0,0.0,0.0,0.0,0.0,0.0,0.0,0.0,0.0,0.0,0.0
v43_structure,v43_tr_n3_irregular_b__center,train_fixed_n3,train_fixed_n3,train,center,0.0,1758.995,0.017931,0.9878064584738624,25.38624752885008,3.0,30.508212423279712,3.0903405013882796,fields/v43_tr_n3_irregular_b__center.npz,structure_features/v43_tr_n3_irregular_b__center.npz,1.0,26.0467515146,17.8323054449,1.3210079715,1.11208087734,1.0,27.7302037139,16.1012812791,0.701200418772,1.10118697303,1.0,29.2421605627,18.958097297,0.663305326964,1.02805718324,0.0,0.0,0.0,0.0,0.0,0.0,0.0,0.0,0.0,0.0,0.0,0.0,0.0,0.0,0.0
v43_structure,v43_tr_n3_irregular_b__low_low,train_fixed_n3,train_fixed_n3,train,low_low,0.0,1141.205,0.0073285,0.9878064584738624,25.38624752885008,3.0,30.508212423279712,3.0903405013882796,fields/v43_tr_n3_irregular_b__low_low.npz,structure_features/v43_tr_n3_irregular_b__low_low.npz,1.0,26.0467515146,17.8323054449,1.3210079715,1.11208087734,1.0,27.7302037139,16.1012812791,0.701200418772,1.10118697303,1.0,29.2421605627,18.958097297,0.663305326964,1.02805718324,0.0,0.0,0.0,0.0,0.0,0.0,0.0,0.0,0.0,0.0,0.0,0.0,0.0,0.0,0.0
v43_structure,v43_tr_n3_irregular_b__high_low,train_fixed_n3,train_fixed_n3,train,high_low,0.0,2409.13,0.0073285,0.9878064584738624,25.38624752885008,3.0,30.508212423279712,3.0903405013882796,fields/v43_tr_n3_irregular_b__high_low.npz,structure_features/v43_tr_n3_irregular_b__high_low.npz,1.0,26.0467515146,17.8323054449,1.3210079715,1.11208087734,1.0,27.7302037139,16.1012812791,0.701200418772,1.10118697303,1.0,29.2421605627,18.958097297,0.663305326964,1.02805718324,0.0,0.0,0.0,0.0,0.0,0.0,0.0,0.0,0.0,0.0,0.0,0.0,0.0,0.0,0.0
v43_structure,v43_tr_n3_irregular_b__low_high,train_fixed_n3,train_fixed_n3,train,low_high,0.0,1141.205,0.0405195,0.9878064584738624,25.38624752885008,3.0,30.508212423279712,3.0903405013882796,fields/v43_tr_n3_irregular_b__low_high.npz,structure_features/v43_tr_n3_irregular_b__low_high.npz,1.0,26.0467515146,17.8323054449,1.3210079715,1.11208087734,1.0,27.7302037139,16.1012812791,0.701200418772,1.10118697303,1.0,29.2421605627,18.958097297,0.663305326964,1.02805718324,0.0,0.0,0.0,0.0,0.0,0.0,0.0,0.0,0.0,0.0,0.0,0.0,0.0,0.0,0.0
v43_structure,v43_tr_n3_irregular_b__high_high,train_fixed_n3,train_fixed_n3,train,high_high,0.0,2409.13,0.0405195,0.9878064584738624,25.38624752885008,3.0,30.508212423279712,3.0903405013882796,fields/v43_tr_n3_irregular_b__high_high.npz,structure_features/v43_tr_n3_irregular_b__high_high.npz,1.0,26.0467515146,17.8323054449,1.3210079715,1.11208087734,1.0,27.7302037139,16.1012812791,0.701200418772,1.10118697303,1.0,29.2421605627,18.958097297,0.663305326964,1.02805718324,0.0,0.0,0.0,0.0,0.0,0.0,0.0,0.0,0.0,0.0,0.0,0.0,0.0,0.0,0.0
v43_structure,v43_tr_n4_anchor_a__center,train_fixed_n4,train_fixed_n4,train,center,0.0,1758.995,0.017931,1.0,3.5,4.0,32.833333333333336,2.5,fields/v43_tr_n4_anchor_a__center.npz,structure_features/v43_tr_n4_anchor_a__center.npz,1.0,4.0,17.0,1.0,1.0,1.0,11.3333333333,17.0,1.0,1.0,1.0,18.6666666667,17.0,1.0,1.0,1.0,26.0,17.0,1.0,1.0,0.0,0.0,0.0,0.0,0.0,0.0,0.0,0.0,0.0,0.0
v43_structure,v43_tr_n4_anchor_a__low_low,train_fixed_n4,train_fixed_n4,train,low_low,0.0,1141.205,0.0073285,1.0,3.5,4.0,32.833333333333336,2.5,fields/v43_tr_n4_anchor_a__low_low.npz,structure_features/v43_tr_n4_anchor_a__low_low.npz,1.0,4.0,17.0,1.0,1.0,1.0,11.3333333333,17.0,1.0,1.0,1.0,18.6666666667,17.0,1.0,1.0,1.0,26.0,17.0,1.0,1.0,0.0,0.0,0.0,0.0,0.0,0.0,0.0,0.0,0.0,0.0
v43_structure,v43_tr_n4_anchor_a__high_low,train_fixed_n4,train_fixed_n4,train,high_low,0.0,2409.13,0.0073285,1.0,3.5,4.0,32.833333333333336,2.5,fields/v43_tr_n4_anchor_a__high_low.npz,structure_features/v43_tr_n4_anchor_a__high_low.npz,1.0,4.0,17.0,1.0,1.0,1.0,11.3333333333,17.0,1.0,1.0,1.0,18.6666666667,17.0,1.0,1.0,1.0,26.0,17.0,1.0,1.0,0.0,0.0,0.0,0.0,0.0,0.0,0.0,0.0,0.0,0.0
v43_structure,v43_tr_n4_anchor_a__low_high,train_fixed_n4,train_fixed_n4,train,low_high,0.0,1141.205,0.0405195,1.0,3.5,4.0,32.833333333333336,2.5,fields/v43_tr_n4_anchor_a__low_high.npz,structure_features/v43_tr_n4_anchor_a__low_high.npz,1.0,4.0,17.0,1.0,1.0,1.0,11.3333333333,17.0,1.0,1.0,1.0,18.6666666667,17.0,1.0,1.0,1.0,26.0,17.0,1.0,1.0,0.0,0.0,0.0,0.0,0.0,0.0,0.0,0.0,0.0,0.0
v43_structure,v43_tr_n4_anchor_a__high_high,train_fixed_n4,train_fixed_n4,train,high_high,0.0,2409.13,0.0405195,1.0,3.5,4.0,32.833333333333336,2.5,fields/v43_tr_n4_anchor_a__high_high.npz,structure_features/v43_tr_n4_anchor_a__high_high.npz,1.0,4.0,17.0,1.0,1.0,1.0,11.3333333333,17.0,1.0,1.0,1.0,18.6666666667,17.0,1.0,1.0,1.0,26.0,17.0,1.0,1.0,0.0,0.0,0.0,0.0,0.0,0.0,0.0,0.0,0.0,0.0
v43_structure,v43_tr_n4_anchor_b__center,train_fixed_n4,train_fixed_n4,train,center,0.0,1758.995,0.017931,1.1,5.45,4.0,29.45,1.5,fields/v43_tr_n4_anchor_b__center.npz,structure_features/v43_tr_n4_anchor_b__center.npz,1.0,6.0,16.05,1.1,1.1,1.0,12.0,16.05,1.1,1.1,1.0,18.0,16.05,1.1,1.1,1.0,24.0,16.05,1.1,1.1,0.0,0.0,0.0,0.0,0.0,0.0,0.0,0.0,0.0,0.0
v43_structure,v43_tr_n4_anchor_b__low_low,train_fixed_n4,train_fixed_n4,train,low_low,0.0,1141.205,0.0073285,1.1,5.45,4.0,29.45,1.5,fields/v43_tr_n4_anchor_b__low_low.npz,structure_features/v43_tr_n4_anchor_b__low_low.npz,1.0,6.0,16.05,1.1,1.1,1.0,12.0,16.05,1.1,1.1,1.0,18.0,16.05,1.1,1.1,1.0,24.0,16.05,1.1,1.1,0.0,0.0,0.0,0.0,0.0,0.0,0.0,0.0,0.0,0.0
v43_structure,v43_tr_n4_anchor_b__high_low,train_fixed_n4,train_fixed_n4,train,high_low,0.0,2409.13,0.0073285,1.1,5.45,4.0,29.45,1.5,fields/v43_tr_n4_anchor_b__high_low.npz,structure_features/v43_tr_n4_anchor_b__high_low.npz,1.0,6.0,16.05,1.1,1.1,1.0,12.0,16.05,1.1,1.1,1.0,18.0,16.05,1.1,1.1,1.0,24.0,16.05,1.1,1.1,0.0,0.0,0.0,0.0,0.0,0.0,0.0,0.0,0.0,0.0
v43_structure,v43_tr_n4_anchor_b__low_high,train_fixed_n4,train_fixed_n4,train,low_high,0.0,1141.205,0.0405195,1.1,5.45,4.0,29.45,1.5,fields/v43_tr_n4_anchor_b__low_high.npz,structure_features/v43_tr_n4_anchor_b__low_high.npz,1.0,6.0,16.05,1.1,1.1,1.0,12.0,16.05,1.1,1.1,1.0,18.0,16.05,1.1,1.1,1.0,24.0,16.05,1.1,1.1,0.0,0.0,0.0,0.0,0.0,0.0,0.0,0.0,0.0,0.0
v43_structure,v43_tr_n4_anchor_b__high_high,train_fixed_n4,train_fixed_n4,train,high_high,0.0,2409.13,0.0405195,1.1,5.45,4.0,29.45,1.5,fields/v43_tr_n4_anchor_b__high_high.npz,structure_features/v43_tr_n4_anchor_b__high_high.npz,1.0,6.0,16.05,1.1,1.1,1.0,12.0,16.05,1.1,1.1,1.0,18.0,16.05,1.1,1.1,1.0,24.0,16.05,1.1,1.1,0.0,0.0,0.0,0.0,0.0,0.0,0.0,0.0,0.0,0.0
v43_structure,v43_tr_n4_radial_minus__center,train_fixed_n4,train_fixed_n4,train,center,0.0,1758.995,0.017931,1.0,3.5,4.0,32.833333333333336,2.5,fields/v43_tr_n4_radial_minus__center.npz,structure_features/v43_tr_n4_radial_minus__center.npz,1.0,4.0,17.0,1.0,1.0,1.0,10.5333333333,17.0,1.0,1.0,1.0,18.6666666667,17.0,1.0,1.0,1.0,26.0,17.0,1.0,1.0,0.0,0.0,0.0,0.0,0.0,0.0,0.0,0.0,0.0,0.0
v43_structure,v43_tr_n4_radial_minus__low_low,train_fixed_n4,train_fixed_n4,train,low_low,0.0,1141.205,0.0073285,1.0,3.5,4.0,32.833333333333336,2.5,fields/v43_tr_n4_radial_minus__low_low.npz,structure_features/v43_tr_n4_radial_minus__low_low.npz,1.0,4.0,17.0,1.0,1.0,1.0,10.5333333333,17.0,1.0,1.0,1.0,18.6666666667,17.0,1.0,1.0,1.0,26.0,17.0,1.0,1.0,0.0,0.0,0.0,0.0,0.0,0.0,0.0,0.0,0.0,0.0
v43_structure,v43_tr_n4_radial_minus__high_low,train_fixed_n4,train_fixed_n4,train,high_low,0.0,2409.13,0.0073285,1.0,3.5,4.0,32.833333333333336,2.5,fields/v43_tr_n4_radial_minus__high_low.npz,structure_features/v43_tr_n4_radial_minus__high_low.npz,1.0,4.0,17.0,1.0,1.0,1.0,10.5333333333,17.0,1.0,1.0,1.0,18.6666666667,17.0,1.0,1.0,1.0,26.0,17.0,1.0,1.0,0.0,0.0,0.0,0.0,0.0,0.0,0.0,0.0,0.0,0.0
v43_structure,v43_tr_n4_radial_minus__low_high,train_fixed_n4,train_fixed_n4,train,low_high,0.0,1141.205,0.0405195,1.0,3.5,4.0,32.833333333333336,2.5,fields/v43_tr_n4_radial_minus__low_high.npz,structure_features/v43_tr_n4_radial_minus__low_high.npz,1.0,4.0,17.0,1.0,1.0,1.0,10.5333333333,17.0,1.0,1.0,1.0,18.6666666667,17.0,1.0,1.0,1.0,26.0,17.0,1.0,1.0,0.0,0.0,0.0,0.0,0.0,0.0,0.0,0.0,0.0,0.0
v43_structure,v43_tr_n4_radial_minus__high_high,train_fixed_n4,train_fixed_n4,train,high_high,0.0,2409.13,0.0405195,1.0,3.5,4.0,32.833333333333336,2.5,fields/v43_tr_n4_radial_minus__high_high.npz,structure_features/v43_tr_n4_radial_minus__high_high.npz,1.0,4.0,17.0,1.0,1.0,1.0,10.5333333333,17.0,1.0,1.0,1.0,18.6666666667,17.0,1.0,1.0,1.0,26.0,17.0,1.0,1.0,0.0,0.0,0.0,0.0,0.0,0.0,0.0,0.0,0.0,0.0
v43_structure,v43_tr_n4_radial_plus__center,train_fixed_n4,train_fixed_n4,train,center,0.0,1758.995,0.017931,1.0,3.5,4.0,32.833333333333336,2.5,fields/v43_tr_n4_radial_plus__center.npz,structure_features/v43_tr_n4_radial_plus__center.npz,1.0,4.0,17.0,1.0,1.0,1.0,12.1333333333,17.0,1.0,1.0,1.0,18.6666666667,17.0,1.0,1.0,1.0,26.0,17.0,1.0,1.0,0.0,0.0,0.0,0.0,0.0,0.0,0.0,0.0,0.0,0.0
v43_structure,v43_tr_n4_radial_plus__low_low,train_fixed_n4,train_fixed_n4,train,low_low,0.0,1141.205,0.0073285,1.0,3.5,4.0,32.833333333333336,2.5,fields/v43_tr_n4_radial_plus__low_low.npz,structure_features/v43_tr_n4_radial_plus__low_low.npz,1.0,4.0,17.0,1.0,1.0,1.0,12.1333333333,17.0,1.0,1.0,1.0,18.6666666667,17.0,1.0,1.0,1.0,26.0,17.0,1.0,1.0,0.0,0.0,0.0,0.0,0.0,0.0,0.0,0.0,0.0,0.0
v43_structure,v43_tr_n4_radial_plus__high_low,train_fixed_n4,train_fixed_n4,train,high_low,0.0,2409.13,0.0073285,1.0,3.5,4.0,32.833333333333336,2.5,fields/v43_tr_n4_radial_plus__high_low.npz,structure_features/v43_tr_n4_radial_plus__high_low.npz,1.0,4.0,17.0,1.0,1.0,1.0,12.1333333333,17.0,1.0,1.0,1.0,18.6666666667,17.0,1.0,1.0,1.0,26.0,17.0,1.0,1.0,0.0,0.0,0.0,0.0,0.0,0.0,0.0,0.0,0.0,0.0
v43_structure,v43_tr_n4_radial_plus__low_high,train_fixed_n4,train_fixed_n4,train,low_high,0.0,1141.205,0.0405195,1.0,3.5,4.0,32.833333333333336,2.5,fields/v43_tr_n4_radial_plus__low_high.npz,structure_features/v43_tr_n4_radial_plus__low_high.npz,1.0,4.0,17.0,1.0,1.0,1.0,12.1333333333,17.0,1.0,1.0,1.0,18.6666666667,17.0,1.0,1.0,1.0,26.0,17.0,1.0,1.0,0.0,0.0,0.0,0.0,0.0,0.0,0.0,0.0,0.0,0.0
v43_structure,v43_tr_n4_radial_plus__high_high,train_fixed_n4,train_fixed_n4,train,high_high,0.0,2409.13,0.0405195,1.0,3.5,4.0,32.833333333333336,2.5,fields/v43_tr_n4_radial_plus__high_high.npz,structure_features/v43_tr_n4_radial_plus__high_high.npz,1.0,4.0,17.0,1.0,1.0,1.0,12.1333333333,17.0,1.0,1.0,1.0,18.6666666667,17.0,1.0,1.0,1.0,26.0,17.0,1.0,1.0,0.0,0.0,0.0,0.0,0.0,0.0,0.0,0.0,0.0,0.0
v43_structure,v43_tr_n4_vertical_minus__center,train_fixed_n4,train_fixed_n4,train,center,0.0,1758.995,0.017931,1.0,3.5,4.0,32.833333333333336,2.25,fields/v43_tr_n4_vertical_minus__center.npz,structure_features/v43_tr_n4_vertical_minus__center.npz,1.0,4.0,17.0,1.0,1.0,1.0,11.3333333333,16.0,1.0,1.0,1.0,18.6666666667,17.0,1.0,1.0,1.0,26.0,17.0,1.0,1.0,0.0,0.0,0.0,0.0,0.0,0.0,0.0,0.0,0.0,0.0
v43_structure,v43_tr_n4_vertical_minus__low_low,train_fixed_n4,train_fixed_n4,train,low_low,0.0,1141.205,0.0073285,1.0,3.5,4.0,32.833333333333336,2.25,fields/v43_tr_n4_vertical_minus__low_low.npz,structure_features/v43_tr_n4_vertical_minus__low_low.npz,1.0,4.0,17.0,1.0,1.0,1.0,11.3333333333,16.0,1.0,1.0,1.0,18.6666666667,17.0,1.0,1.0,1.0,26.0,17.0,1.0,1.0,0.0,0.0,0.0,0.0,0.0,0.0,0.0,0.0,0.0,0.0
v43_structure,v43_tr_n4_vertical_minus__high_low,train_fixed_n4,train_fixed_n4,train,high_low,0.0,2409.13,0.0073285,1.0,3.5,4.0,32.833333333333336,2.25,fields/v43_tr_n4_vertical_minus__high_low.npz,structure_features/v43_tr_n4_vertical_minus__high_low.npz,1.0,4.0,17.0,1.0,1.0,1.0,11.3333333333,16.0,1.0,1.0,1.0,18.6666666667,17.0,1.0,1.0,1.0,26.0,17.0,1.0,1.0,0.0,0.0,0.0,0.0,0.0,0.0,0.0,0.0,0.0,0.0
v43_structure,v43_tr_n4_vertical_minus__low_high,train_fixed_n4,train_fixed_n4,train,low_high,0.0,1141.205,0.0405195,1.0,3.5,4.0,32.833333333333336,2.25,fields/v43_tr_n4_vertical_minus__low_high.npz,structure_features/v43_tr_n4_vertical_minus__low_high.npz,1.0,4.0,17.0,1.0,1.0,1.0,11.3333333333,16.0,1.0,1.0,1.0,18.6666666667,17.0,1.0,1.0,1.0,26.0,17.0,1.0,1.0,0.0,0.0,0.0,0.0,0.0,0.0,0.0,0.0,0.0,0.0
v43_structure,v43_tr_n4_vertical_minus__high_high,train_fixed_n4,train_fixed_n4,train,high_high,0.0,2409.13,0.0405195,1.0,3.5,4.0,32.833333333333336,2.25,fields/v43_tr_n4_vertical_minus__high_high.npz,structure_features/v43_tr_n4_vertical_minus__high_high.npz,1.0,4.0,17.0,1.0,1.0,1.0,11.3333333333,16.0,1.0,1.0,1.0,18.6666666667,17.0,1.0,1.0,1.0,26.0,17.0,1.0,1.0,0.0,0.0,0.0,0.0,0.0,0.0,0.0,0.0,0.0,0.0
v43_structure,v43_tr_n4_vertical_plus__center,train_fixed_n4,train_fixed_n4,train,center,0.0,1758.995,0.017931,1.0,3.5,4.0,32.833333333333336,2.75,fields/v43_tr_n4_vertical_plus__center.npz,structure_features/v43_tr_n4_vertical_plus__center.npz,1.0,4.0,17.0,1.0,1.0,1.0,11.3333333333,18.0,1.0,1.0,1.0,18.6666666667,17.0,1.0,1.0,1.0,26.0,17.0,1.0,1.0,0.0,0.0,0.0,0.0,0.0,0.0,0.0,0.0,0.0,0.0
v43_structure,v43_tr_n4_vertical_plus__low_low,train_fixed_n4,train_fixed_n4,train,low_low,0.0,1141.205,0.0073285,1.0,3.5,4.0,32.833333333333336,2.75,fields/v43_tr_n4_vertical_plus__low_low.npz,structure_features/v43_tr_n4_vertical_plus__low_low.npz,1.0,4.0,17.0,1.0,1.0,1.0,11.3333333333,18.0,1.0,1.0,1.0,18.6666666667,17.0,1.0,1.0,1.0,26.0,17.0,1.0,1.0,0.0,0.0,0.0,0.0,0.0,0.0,0.0,0.0,0.0,0.0
v43_structure,v43_tr_n4_vertical_plus__high_low,train_fixed_n4,train_fixed_n4,train,high_low,0.0,2409.13,0.0073285,1.0,3.5,4.0,32.833333333333336,2.75,fields/v43_tr_n4_vertical_plus__high_low.npz,structure_features/v43_tr_n4_vertical_plus__high_low.npz,1.0,4.0,17.0,1.0,1.0,1.0,11.3333333333,18.0,1.0,1.0,1.0,18.6666666667,17.0,1.0,1.0,1.0,26.0,17.0,1.0,1.0,0.0,0.0,0.0,0.0,0.0,0.0,0.0,0.0,0.0,0.0
v43_structure,v43_tr_n4_vertical_plus__low_high,train_fixed_n4,train_fixed_n4,train,low_high,0.0,1141.205,0.0405195,1.0,3.5,4.0,32.833333333333336,2.75,fields/v43_tr_n4_vertical_plus__low_high.npz,structure_features/v43_tr_n4_vertical_plus__low_high.npz,1.0,4.0,17.0,1.0,1.0,1.0,11.3333333333,18.0,1.0,1.0,1.0,18.6666666667,17.0,1.0,1.0,1.0,26.0,17.0,1.0,1.0,0.0,0.0,0.0,0.0,0.0,0.0,0.0,0.0,0.0,0.0
v43_structure,v43_tr_n4_vertical_plus__high_high,train_fixed_n4,train_fixed_n4,train,high_high,0.0,2409.13,0.0405195,1.0,3.5,4.0,32.833333333333336,2.75,fields/v43_tr_n4_vertical_plus__high_high.npz,structure_features/v43_tr_n4_vertical_plus__high_high.npz,1.0,4.0,17.0,1.0,1.0,1.0,11.3333333333,18.0,1.0,1.0,1.0,18.6666666667,17.0,1.0,1.0,1.0,26.0,17.0,1.0,1.0,0.0,0.0,0.0,0.0,0.0,0.0,0.0,0.0,0.0,0.0
v43_structure,v43_tr_n4_width_minus__center,train_fixed_n4,train_fixed_n4,train,center,0.0,1758.995,0.017931,0.9625,3.5,4.0,32.833333333333336,2.5,fields/v43_tr_n4_width_minus__center.npz,structure_features/v43_tr_n4_width_minus__center.npz,1.0,4.0,17.0,1.0,1.0,1.0,11.3333333333,17.0,0.7,1.0,1.0,18.6666666667,17.0,1.0,1.0,1.0,26.0,17.0,1.0,1.0,0.0,0.0,0.0,0.0,0.0,0.0,0.0,0.0,0.0,0.0
v43_structure,v43_tr_n4_width_minus__low_low,train_fixed_n4,train_fixed_n4,train,low_low,0.0,1141.205,0.0073285,0.9625,3.5,4.0,32.833333333333336,2.5,fields/v43_tr_n4_width_minus__low_low.npz,structure_features/v43_tr_n4_width_minus__low_low.npz,1.0,4.0,17.0,1.0,1.0,1.0,11.3333333333,17.0,0.7,1.0,1.0,18.6666666667,17.0,1.0,1.0,1.0,26.0,17.0,1.0,1.0,0.0,0.0,0.0,0.0,0.0,0.0,0.0,0.0,0.0,0.0
v43_structure,v43_tr_n4_width_minus__high_low,train_fixed_n4,train_fixed_n4,train,high_low,0.0,2409.13,0.0073285,0.9625,3.5,4.0,32.833333333333336,2.5,fields/v43_tr_n4_width_minus__high_low.npz,structure_features/v43_tr_n4_width_minus__high_low.npz,1.0,4.0,17.0,1.0,1.0,1.0,11.3333333333,17.0,0.7,1.0,1.0,18.6666666667,17.0,1.0,1.0,1.0,26.0,17.0,1.0,1.0,0.0,0.0,0.0,0.0,0.0,0.0,0.0,0.0,0.0,0.0
v43_structure,v43_tr_n4_width_minus__low_high,train_fixed_n4,train_fixed_n4,train,low_high,0.0,1141.205,0.0405195,0.9625,3.5,4.0,32.833333333333336,2.5,fields/v43_tr_n4_width_minus__low_high.npz,structure_features/v43_tr_n4_width_minus__low_high.npz,1.0,4.0,17.0,1.0,1.0,1.0,11.3333333333,17.0,0.7,1.0,1.0,18.6666666667,17.0,1.0,1.0,1.0,26.0,17.0,1.0,1.0,0.0,0.0,0.0,0.0,0.0,0.0,0.0,0.0,0.0,0.0
v43_structure,v43_tr_n4_width_minus__high_high,train_fixed_n4,train_fixed_n4,train,high_high,0.0,2409.13,0.0405195,0.9625,3.5,4.0,32.833333333333336,2.5,fields/v43_tr_n4_width_minus__high_high.npz,structure_features/v43_tr_n4_width_minus__high_high.npz,1.0,4.0,17.0,1.0,1.0,1.0,11.3333333333,17.0,0.7,1.0,1.0,18.6666666667,17.0,1.0,1.0,1.0,26.0,17.0,1.0,1.0,0.0,0.0,0.0,0.0,0.0,0.0,0.0,0.0,0.0,0.0
v43_structure,v43_tr_n4_width_plus__center,train_fixed_n4,train_fixed_n4,train,center,0.0,1758.995,0.017931,1.0375,3.5,4.0,32.833333333333336,2.5,fields/v43_tr_n4_width_plus__center.npz,structure_features/v43_tr_n4_width_plus__center.npz,1.0,4.0,17.0,1.0,1.0,1.0,11.3333333333,17.0,1.3,1.0,1.0,18.6666666667,17.0,1.0,1.0,1.0,26.0,17.0,1.0,1.0,0.0,0.0,0.0,0.0,0.0,0.0,0.0,0.0,0.0,0.0
v43_structure,v43_tr_n4_width_plus__low_low,train_fixed_n4,train_fixed_n4,train,low_low,0.0,1141.205,0.0073285,1.0375,3.5,4.0,32.833333333333336,2.5,fields/v43_tr_n4_width_plus__low_low.npz,structure_features/v43_tr_n4_width_plus__low_low.npz,1.0,4.0,17.0,1.0,1.0,1.0,11.3333333333,17.0,1.3,1.0,1.0,18.6666666667,17.0,1.0,1.0,1.0,26.0,17.0,1.0,1.0,0.0,0.0,0.0,0.0,0.0,0.0,0.0,0.0,0.0,0.0
v43_structure,v43_tr_n4_width_plus__high_low,train_fixed_n4,train_fixed_n4,train,high_low,0.0,2409.13,0.0073285,1.0375,3.5,4.0,32.833333333333336,2.5,fields/v43_tr_n4_width_plus__high_low.npz,structure_features/v43_tr_n4_width_plus__high_low.npz,1.0,4.0,17.0,1.0,1.0,1.0,11.3333333333,17.0,1.3,1.0,1.0,18.6666666667,17.0,1.0,1.0,1.0,26.0,17.0,1.0,1.0,0.0,0.0,0.0,0.0,0.0,0.0,0.0,0.0,0.0,0.0
v43_structure,v43_tr_n4_width_plus__low_high,train_fixed_n4,train_fixed_n4,train,low_high,0.0,1141.205,0.0405195,1.0375,3.5,4.0,32.833333333333336,2.5,fields/v43_tr_n4_width_plus__low_high.npz,structure_features/v43_tr_n4_width_plus__low_high.npz,1.0,4.0,17.0,1.0,1.0,1.0,11.3333333333,17.0,1.3,1.0,1.0,18.6666666667,17.0,1.0,1.0,1.0,26.0,17.0,1.0,1.0,0.0,0.0,0.0,0.0,0.0,0.0,0.0,0.0,0.0,0.0
v43_structure,v43_tr_n4_width_plus__high_high,train_fixed_n4,train_fixed_n4,train,high_high,0.0,2409.13,0.0405195,1.0375,3.5,4.0,32.833333333333336,2.5,fields/v43_tr_n4_width_plus__high_high.npz,structure_features/v43_tr_n4_width_plus__high_high.npz,1.0,4.0,17.0,1.0,1.0,1.0,11.3333333333,17.0,1.3,1.0,1.0,18.6666666667,17.0,1.0,1.0,1.0,26.0,17.0,1.0,1.0,0.0,0.0,0.0,0.0,0.0,0.0,0.0,0.0,0.0,0.0
v43_structure,v43_tr_n4_height_minus__center,train_fixed_n4,train_fixed_n4,train,center,0.0,1758.995,0.017931,0.9625,3.5,4.0,32.833333333333336,2.5,fields/v43_tr_n4_height_minus__center.npz,structure_features/v43_tr_n4_height_minus__center.npz,1.0,4.0,17.0,1.0,1.0,1.0,11.3333333333,16.85,1.0,0.7,1.0,18.6666666667,17.0,1.0,1.0,1.0,26.0,17.0,1.0,1.0,0.0,0.0,0.0,0.0,0.0,0.0,0.0,0.0,0.0,0.0
v43_structure,v43_tr_n4_height_minus__low_low,train_fixed_n4,train_fixed_n4,train,low_low,0.0,1141.205,0.0073285,0.9625,3.5,4.0,32.833333333333336,2.5,fields/v43_tr_n4_height_minus__low_low.npz,structure_features/v43_tr_n4_height_minus__low_low.npz,1.0,4.0,17.0,1.0,1.0,1.0,11.3333333333,16.85,1.0,0.7,1.0,18.6666666667,17.0,1.0,1.0,1.0,26.0,17.0,1.0,1.0,0.0,0.0,0.0,0.0,0.0,0.0,0.0,0.0,0.0,0.0
v43_structure,v43_tr_n4_height_minus__high_low,train_fixed_n4,train_fixed_n4,train,high_low,0.0,2409.13,0.0073285,0.9625,3.5,4.0,32.833333333333336,2.5,fields/v43_tr_n4_height_minus__high_low.npz,structure_features/v43_tr_n4_height_minus__high_low.npz,1.0,4.0,17.0,1.0,1.0,1.0,11.3333333333,16.85,1.0,0.7,1.0,18.6666666667,17.0,1.0,1.0,1.0,26.0,17.0,1.0,1.0,0.0,0.0,0.0,0.0,0.0,0.0,0.0,0.0,0.0,0.0
v43_structure,v43_tr_n4_height_minus__low_high,train_fixed_n4,train_fixed_n4,train,low_high,0.0,1141.205,0.0405195,0.9625,3.5,4.0,32.833333333333336,2.5,fields/v43_tr_n4_height_minus__low_high.npz,structure_features/v43_tr_n4_height_minus__low_high.npz,1.0,4.0,17.0,1.0,1.0,1.0,11.3333333333,16.85,1.0,0.7,1.0,18.6666666667,17.0,1.0,1.0,1.0,26.0,17.0,1.0,1.0,0.0,0.0,0.0,0.0,0.0,0.0,0.0,0.0,0.0,0.0
v43_structure,v43_tr_n4_height_minus__high_high,train_fixed_n4,train_fixed_n4,train,high_high,0.0,2409.13,0.0405195,0.9625,3.5,4.0,32.833333333333336,2.5,fields/v43_tr_n4_height_minus__high_high.npz,structure_features/v43_tr_n4_height_minus__high_high.npz,1.0,4.0,17.0,1.0,1.0,1.0,11.3333333333,16.85,1.0,0.7,1.0,18.6666666667,17.0,1.0,1.0,1.0,26.0,17.0,1.0,1.0,0.0,0.0,0.0,0.0,0.0,0.0,0.0,0.0,0.0,0.0
v43_structure,v43_tr_n4_height_plus__center,train_fixed_n4,train_fixed_n4,train,center,0.0,1758.995,0.017931,1.0375,3.5,4.0,32.833333333333336,2.5,fields/v43_tr_n4_height_plus__center.npz,structure_features/v43_tr_n4_height_plus__center.npz,1.0,4.0,17.0,1.0,1.0,1.0,11.3333333333,17.15,1.0,1.3,1.0,18.6666666667,17.0,1.0,1.0,1.0,26.0,17.0,1.0,1.0,0.0,0.0,0.0,0.0,0.0,0.0,0.0,0.0,0.0,0.0
v43_structure,v43_tr_n4_height_plus__low_low,train_fixed_n4,train_fixed_n4,train,low_low,0.0,1141.205,0.0073285,1.0375,3.5,4.0,32.833333333333336,2.5,fields/v43_tr_n4_height_plus__low_low.npz,structure_features/v43_tr_n4_height_plus__low_low.npz,1.0,4.0,17.0,1.0,1.0,1.0,11.3333333333,17.15,1.0,1.3,1.0,18.6666666667,17.0,1.0,1.0,1.0,26.0,17.0,1.0,1.0,0.0,0.0,0.0,0.0,0.0,0.0,0.0,0.0,0.0,0.0
v43_structure,v43_tr_n4_height_plus__high_low,train_fixed_n4,train_fixed_n4,train,high_low,0.0,2409.13,0.0073285,1.0375,3.5,4.0,32.833333333333336,2.5,fields/v43_tr_n4_height_plus__high_low.npz,structure_features/v43_tr_n4_height_plus__high_low.npz,1.0,4.0,17.0,1.0,1.0,1.0,11.3333333333,17.15,1.0,1.3,1.0,18.6666666667,17.0,1.0,1.0,1.0,26.0,17.0,1.0,1.0,0.0,0.0,0.0,0.0,0.0,0.0,0.0,0.0,0.0,0.0
v43_structure,v43_tr_n4_height_plus__low_high,train_fixed_n4,train_fixed_n4,train,low_high,0.0,1141.205,0.0405195,1.0375,3.5,4.0,32.833333333333336,2.5,fields/v43_tr_n4_height_plus__low_high.npz,structure_features/v43_tr_n4_height_plus__low_high.npz,1.0,4.0,17.0,1.0,1.0,1.0,11.3333333333,17.15,1.0,1.3,1.0,18.6666666667,17.0,1.0,1.0,1.0,26.0,17.0,1.0,1.0,0.0,0.0,0.0,0.0,0.0,0.0,0.0,0.0,0.0,0.0
v43_structure,v43_tr_n4_height_plus__high_high,train_fixed_n4,train_fixed_n4,train,high_high,0.0,2409.13,0.0405195,1.0375,3.5,4.0,32.833333333333336,2.5,fields/v43_tr_n4_height_plus__high_high.npz,structure_features/v43_tr_n4_height_plus__high_high.npz,1.0,4.0,17.0,1.0,1.0,1.0,11.3333333333,17.15,1.0,1.3,1.0,18.6666666667,17.0,1.0,1.0,1.0,26.0,17.0,1.0,1.0,0.0,0.0,0.0,0.0,0.0,0.0,0.0,0.0,0.0,0.0
v43_structure,v43_tr_n4_irregular_a__center,train_fixed_n4,train_fixed_n4,train,center,0.0,1758.995,0.017931,0.8935951544844583,16.62299395141451,4.0,33.137101547873314,2.1278735915848834,fields/v43_tr_n4_irregular_a__center.npz,structure_features/v43_tr_n4_irregular_a__center.npz,1.0,17.0455596492,18.1130967321,0.845131395629,0.711326350073,1.0,23.4548142506,17.2561528538,1.27323099335,0.711342289604,1.0,27.766830478,15.6405115778,1.23854535786,0.688767199938,1.0,29.3631090214,15.0658026828,0.663714528575,1.01670312085,0.0,0.0,0.0,0.0,0.0,0.0,0.0,0.0,0.0,0.0
v43_structure,v43_tr_n4_irregular_a__low_low,train_fixed_n4,train_fixed_n4,train,low_low,0.0,1141.205,0.0073285,0.8935951544844583,16.62299395141451,4.0,33.137101547873314,2.1278735915848834,fields/v43_tr_n4_irregular_a__low_low.npz,structure_features/v43_tr_n4_irregular_a__low_low.npz,1.0,17.0455596492,18.1130967321,0.845131395629,0.711326350073,1.0,23.4548142506,17.2561528538,1.27323099335,0.711342289604,1.0,27.766830478,15.6405115778,1.23854535786,0.688767199938,1.0,29.3631090214,15.0658026828,0.663714528575,1.01670312085,0.0,0.0,0.0,0.0,0.0,0.0,0.0,0.0,0.0,0.0
v43_structure,v43_tr_n4_irregular_a__high_low,train_fixed_n4,train_fixed_n4,train,high_low,0.0,2409.13,0.0073285,0.8935951544844583,16.62299395141451,4.0,33.137101547873314,2.1278735915848834,fields/v43_tr_n4_irregular_a__high_low.npz,structure_features/v43_tr_n4_irregular_a__high_low.npz,1.0,17.0455596492,18.1130967321,0.845131395629,0.711326350073,1.0,23.4548142506,17.2561528538,1.27323099335,0.711342289604,1.0,27.766830478,15.6405115778,1.23854535786,0.688767199938,1.0,29.3631090214,15.0658026828,0.663714528575,1.01670312085,0.0,0.0,0.0,0.0,0.0,0.0,0.0,0.0,0.0,0.0
v43_structure,v43_tr_n4_irregular_a__low_high,train_fixed_n4,train_fixed_n4,train,low_high,0.0,1141.205,0.0405195,0.8935951544844583,16.62299395141451,4.0,33.137101547873314,2.1278735915848834,fields/v43_tr_n4_irregular_a__low_high.npz,structure_features/v43_tr_n4_irregular_a__low_high.npz,1.0,17.0455596492,18.1130967321,0.845131395629,0.711326350073,1.0,23.4548142506,17.2561528538,1.27323099335,0.711342289604,1.0,27.766830478,15.6405115778,1.23854535786,0.688767199938,1.0,29.3631090214,15.0658026828,0.663714528575,1.01670312085,0.0,0.0,0.0,0.0,0.0,0.0,0.0,0.0,0.0,0.0
v43_structure,v43_tr_n4_irregular_a__high_high,train_fixed_n4,train_fixed_n4,train,high_high,0.0,2409.13,0.0405195,0.8935951544844583,16.62299395141451,4.0,33.137101547873314,2.1278735915848834,fields/v43_tr_n4_irregular_a__high_high.npz,structure_features/v43_tr_n4_irregular_a__high_high.npz,1.0,17.0455596492,18.1130967321,0.845131395629,0.711326350073,1.0,23.4548142506,17.2561528538,1.27323099335,0.711342289604,1.0,27.766830478,15.6405115778,1.23854535786,0.688767199938,1.0,29.3631090214,15.0658026828,0.663714528575,1.01670312085,0.0,0.0,0.0,0.0,0.0,0.0,0.0,0.0,0.0,0.0
v43_structure,v43_tr_n4_irregular_b__center,train_fixed_n4,train_fixed_n4,train,center,0.0,1758.995,0.017931,0.8472041672666503,22.877561221873115,4.0,31.089120688492862,1.789388441065757,fields/v43_tr_n4_irregular_b__center.npz,structure_features/v43_tr_n4_irregular_b__center.npz,1.0,23.2566477621,16.9422753846,0.758173080371,1.34639295261,1.0,24.4102838303,16.3039594894,0.773510074899,0.687318502255,1.0,26.3752150853,14.9344427266,0.845770618213,0.731333453675,1.0,29.450109478,16.7514899178,0.850952056328,0.784182599781,0.0,0.0,0.0,0.0,0.0,0.0,0.0,0.0,0.0,0.0
v43_structure,v43_tr_n4_irregular_b__low_low,train_fixed_n4,train_fixed_n4,train,low_low,0.0,1141.205,0.0073285,0.8472041672666503,22.877561221873115,4.0,31.089120688492862,1.789388441065757,fields/v43_tr_n4_irregular_b__low_low.npz,structure_features/v43_tr_n4_irregular_b__low_low.npz,1.0,23.2566477621,16.9422753846,0.758173080371,1.34639295261,1.0,24.4102838303,16.3039594894,0.773510074899,0.687318502255,1.0,26.3752150853,14.9344427266,0.845770618213,0.731333453675,1.0,29.450109478,16.7514899178,0.850952056328,0.784182599781,0.0,0.0,0.0,0.0,0.0,0.0,0.0,0.0,0.0,0.0
v43_structure,v43_tr_n4_irregular_b__high_low,train_fixed_n4,train_fixed_n4,train,high_low,0.0,2409.13,0.0073285,0.8472041672666503,22.877561221873115,4.0,31.089120688492862,1.789388441065757,fields/v43_tr_n4_irregular_b__high_low.npz,structure_features/v43_tr_n4_irregular_b__high_low.npz,1.0,23.2566477621,16.9422753846,0.758173080371,1.34639295261,1.0,24.4102838303,16.3039594894,0.773510074899,0.687318502255,1.0,26.3752150853,14.9344427266,0.845770618213,0.731333453675,1.0,29.450109478,16.7514899178,0.850952056328,0.784182599781,0.0,0.0,0.0,0.0,0.0,0.0,0.0,0.0,0.0,0.0
v43_structure,v43_tr_n4_irregular_b__low_high,train_fixed_n4,train_fixed_n4,train,low_high,0.0,1141.205,0.0405195,0.8472041672666503,22.877561221873115,4.0,31.089120688492862,1.789388441065757,fields/v43_tr_n4_irregular_b__low_high.npz,structure_features/v43_tr_n4_irregular_b__low_high.npz,1.0,23.2566477621,16.9422753846,0.758173080371,1.34639295261,1.0,24.4102838303,16.3039594894,0.773510074899,0.687318502255,1.0,26.3752150853,14.9344427266,0.845770618213,0.731333453675,1.0,29.450109478,16.7514899178,0.850952056328,0.784182599781,0.0,0.0,0.0,0.0,0.0,0.0,0.0,0.0,0.0,0.0
v43_structure,v43_tr_n4_irregular_b__high_high,train_fixed_n4,train_fixed_n4,train,high_high,0.0,2409.13,0.0405195,0.8472041672666503,22.877561221873115,4.0,31.089120688492862,1.789388441065757,fields/v43_tr_n4_irregular_b__high_high.npz,structure_features/v43_tr_n4_irregular_b__high_high.npz,1.0,23.2566477621,16.9422753846,0.758173080371,1.34639295261,1.0,24.4102838303,16.3039594894,0.773510074899,0.687318502255,1.0,26.3752150853,14.9344427266,0.845770618213,0.731333453675,1.0,29.450109478,16.7514899178,0.850952056328,0.784182599781,0.0,0.0,0.0,0.0,0.0,0.0,0.0,0.0,0.0,0.0
v43_structure,v43_tr_n5_anchor_a__center,train_fixed_n5,train_fixed_n5,train,center,0.0,1758.995,0.017931,1.0,3.5,5.0,31.0,2.5,fields/v43_tr_n5_anchor_a__center.npz,structure_features/v43_tr_n5_anchor_a__center.npz,1.0,4.0,17.0,1.0,1.0,1.0,9.5,17.0,1.0,1.0,1.0,15.0,17.0,1.0,1.0,1.0,20.5,17.0,1.0,1.0,1.0,26.0,17.0,1.0,1.0,0.0,0.0,0.0,0.0,0.0
v43_structure,v43_tr_n5_anchor_a__low_low,train_fixed_n5,train_fixed_n5,train,low_low,0.0,1141.205,0.0073285,1.0,3.5,5.0,31.0,2.5,fields/v43_tr_n5_anchor_a__low_low.npz,structure_features/v43_tr_n5_anchor_a__low_low.npz,1.0,4.0,17.0,1.0,1.0,1.0,9.5,17.0,1.0,1.0,1.0,15.0,17.0,1.0,1.0,1.0,20.5,17.0,1.0,1.0,1.0,26.0,17.0,1.0,1.0,0.0,0.0,0.0,0.0,0.0
v43_structure,v43_tr_n5_anchor_a__high_low,train_fixed_n5,train_fixed_n5,train,high_low,0.0,2409.13,0.0073285,1.0,3.5,5.0,31.0,2.5,fields/v43_tr_n5_anchor_a__high_low.npz,structure_features/v43_tr_n5_anchor_a__high_low.npz,1.0,4.0,17.0,1.0,1.0,1.0,9.5,17.0,1.0,1.0,1.0,15.0,17.0,1.0,1.0,1.0,20.5,17.0,1.0,1.0,1.0,26.0,17.0,1.0,1.0,0.0,0.0,0.0,0.0,0.0
v43_structure,v43_tr_n5_anchor_a__low_high,train_fixed_n5,train_fixed_n5,train,low_high,0.0,1141.205,0.0405195,1.0,3.5,5.0,31.0,2.5,fields/v43_tr_n5_anchor_a__low_high.npz,structure_features/v43_tr_n5_anchor_a__low_high.npz,1.0,4.0,17.0,1.0,1.0,1.0,9.5,17.0,1.0,1.0,1.0,15.0,17.0,1.0,1.0,1.0,20.5,17.0,1.0,1.0,1.0,26.0,17.0,1.0,1.0,0.0,0.0,0.0,0.0,0.0
v43_structure,v43_tr_n5_anchor_a__high_high,train_fixed_n5,train_fixed_n5,train,high_high,0.0,2409.13,0.0405195,1.0,3.5,5.0,31.0,2.5,fields/v43_tr_n5_anchor_a__high_high.npz,structure_features/v43_tr_n5_anchor_a__high_high.npz,1.0,4.0,17.0,1.0,1.0,1.0,9.5,17.0,1.0,1.0,1.0,15.0,17.0,1.0,1.0,1.0,20.5,17.0,1.0,1.0,1.0,26.0,17.0,1.0,1.0,0.0,0.0,0.0,0.0,0.0
v43_structure,v43_tr_n5_anchor_b__center,train_fixed_n5,train_fixed_n5,train,center,0.0,1758.995,0.017931,1.1,5.45,5.0,27.95,1.5,fields/v43_tr_n5_anchor_b__center.npz,structure_features/v43_tr_n5_anchor_b__center.npz,1.0,6.0,16.05,1.1,1.1,1.0,10.5,16.05,1.1,1.1,1.0,15.0,16.05,1.1,1.1,1.0,19.5,16.05,1.1,1.1,1.0,24.0,16.05,1.1,1.1,0.0,0.0,0.0,0.0,0.0
v43_structure,v43_tr_n5_anchor_b__low_low,train_fixed_n5,train_fixed_n5,train,low_low,0.0,1141.205,0.0073285,1.1,5.45,5.0,27.95,1.5,fields/v43_tr_n5_anchor_b__low_low.npz,structure_features/v43_tr_n5_anchor_b__low_low.npz,1.0,6.0,16.05,1.1,1.1,1.0,10.5,16.05,1.1,1.1,1.0,15.0,16.05,1.1,1.1,1.0,19.5,16.05,1.1,1.1,1.0,24.0,16.05,1.1,1.1,0.0,0.0,0.0,0.0,0.0
v43_structure,v43_tr_n5_anchor_b__high_low,train_fixed_n5,train_fixed_n5,train,high_low,0.0,2409.13,0.0073285,1.1,5.45,5.0,27.95,1.5,fields/v43_tr_n5_anchor_b__high_low.npz,structure_features/v43_tr_n5_anchor_b__high_low.npz,1.0,6.0,16.05,1.1,1.1,1.0,10.5,16.05,1.1,1.1,1.0,15.0,16.05,1.1,1.1,1.0,19.5,16.05,1.1,1.1,1.0,24.0,16.05,1.1,1.1,0.0,0.0,0.0,0.0,0.0
v43_structure,v43_tr_n5_anchor_b__low_high,train_fixed_n5,train_fixed_n5,train,low_high,0.0,1141.205,0.0405195,1.1,5.45,5.0,27.95,1.5,fields/v43_tr_n5_anchor_b__low_high.npz,structure_features/v43_tr_n5_anchor_b__low_high.npz,1.0,6.0,16.05,1.1,1.1,1.0,10.5,16.05,1.1,1.1,1.0,15.0,16.05,1.1,1.1,1.0,19.5,16.05,1.1,1.1,1.0,24.0,16.05,1.1,1.1,0.0,0.0,0.0,0.0,0.0
v43_structure,v43_tr_n5_anchor_b__high_high,train_fixed_n5,train_fixed_n5,train,high_high,0.0,2409.13,0.0405195,1.1,5.45,5.0,27.95,1.5,fields/v43_tr_n5_anchor_b__high_high.npz,structure_features/v43_tr_n5_anchor_b__high_high.npz,1.0,6.0,16.05,1.1,1.1,1.0,10.5,16.05,1.1,1.1,1.0,15.0,16.05,1.1,1.1,1.0,19.5,16.05,1.1,1.1,1.0,24.0,16.05,1.1,1.1,0.0,0.0,0.0,0.0,0.0
v43_structure,v43_tr_n5_radial_minus__center,train_fixed_n5,train_fixed_n5,train,center,0.0,1758.995,0.017931,1.0,3.5,5.0,31.0,2.5,fields/v43_tr_n5_radial_minus__center.npz,structure_features/v43_tr_n5_radial_minus__center.npz,1.0,4.0,17.0,1.0,1.0,1.0,9.5,17.0,1.0,1.0,1.0,14.2,17.0,1.0,1.0,1.0,20.5,17.0,1.0,1.0,1.0,26.0,17.0,1.0,1.0,0.0,0.0,0.0,0.0,0.0
v43_structure,v43_tr_n5_radial_minus__low_low,train_fixed_n5,train_fixed_n5,train,low_low,0.0,1141.205,0.0073285,1.0,3.5,5.0,31.0,2.5,fields/v43_tr_n5_radial_minus__low_low.npz,structure_features/v43_tr_n5_radial_minus__low_low.npz,1.0,4.0,17.0,1.0,1.0,1.0,9.5,17.0,1.0,1.0,1.0,14.2,17.0,1.0,1.0,1.0,20.5,17.0,1.0,1.0,1.0,26.0,17.0,1.0,1.0,0.0,0.0,0.0,0.0,0.0
v43_structure,v43_tr_n5_radial_minus__high_low,train_fixed_n5,train_fixed_n5,train,high_low,0.0,2409.13,0.0073285,1.0,3.5,5.0,31.0,2.5,fields/v43_tr_n5_radial_minus__high_low.npz,structure_features/v43_tr_n5_radial_minus__high_low.npz,1.0,4.0,17.0,1.0,1.0,1.0,9.5,17.0,1.0,1.0,1.0,14.2,17.0,1.0,1.0,1.0,20.5,17.0,1.0,1.0,1.0,26.0,17.0,1.0,1.0,0.0,0.0,0.0,0.0,0.0
v43_structure,v43_tr_n5_radial_minus__low_high,train_fixed_n5,train_fixed_n5,train,low_high,0.0,1141.205,0.0405195,1.0,3.5,5.0,31.0,2.5,fields/v43_tr_n5_radial_minus__low_high.npz,structure_features/v43_tr_n5_radial_minus__low_high.npz,1.0,4.0,17.0,1.0,1.0,1.0,9.5,17.0,1.0,1.0,1.0,14.2,17.0,1.0,1.0,1.0,20.5,17.0,1.0,1.0,1.0,26.0,17.0,1.0,1.0,0.0,0.0,0.0,0.0,0.0
v43_structure,v43_tr_n5_radial_minus__high_high,train_fixed_n5,train_fixed_n5,train,high_high,0.0,2409.13,0.0405195,1.0,3.5,5.0,31.0,2.5,fields/v43_tr_n5_radial_minus__high_high.npz,structure_features/v43_tr_n5_radial_minus__high_high.npz,1.0,4.0,17.0,1.0,1.0,1.0,9.5,17.0,1.0,1.0,1.0,14.2,17.0,1.0,1.0,1.0,20.5,17.0,1.0,1.0,1.0,26.0,17.0,1.0,1.0,0.0,0.0,0.0,0.0,0.0
v43_structure,v43_tr_n5_radial_plus__center,train_fixed_n5,train_fixed_n5,train,center,0.0,1758.995,0.017931,1.0,3.5,5.0,31.0,2.5,fields/v43_tr_n5_radial_plus__center.npz,structure_features/v43_tr_n5_radial_plus__center.npz,1.0,4.0,17.0,1.0,1.0,1.0,9.5,17.0,1.0,1.0,1.0,15.8,17.0,1.0,1.0,1.0,20.5,17.0,1.0,1.0,1.0,26.0,17.0,1.0,1.0,0.0,0.0,0.0,0.0,0.0
v43_structure,v43_tr_n5_radial_plus__low_low,train_fixed_n5,train_fixed_n5,train,low_low,0.0,1141.205,0.0073285,1.0,3.5,5.0,31.0,2.5,fields/v43_tr_n5_radial_plus__low_low.npz,structure_features/v43_tr_n5_radial_plus__low_low.npz,1.0,4.0,17.0,1.0,1.0,1.0,9.5,17.0,1.0,1.0,1.0,15.8,17.0,1.0,1.0,1.0,20.5,17.0,1.0,1.0,1.0,26.0,17.0,1.0,1.0,0.0,0.0,0.0,0.0,0.0
v43_structure,v43_tr_n5_radial_plus__high_low,train_fixed_n5,train_fixed_n5,train,high_low,0.0,2409.13,0.0073285,1.0,3.5,5.0,31.0,2.5,fields/v43_tr_n5_radial_plus__high_low.npz,structure_features/v43_tr_n5_radial_plus__high_low.npz,1.0,4.0,17.0,1.0,1.0,1.0,9.5,17.0,1.0,1.0,1.0,15.8,17.0,1.0,1.0,1.0,20.5,17.0,1.0,1.0,1.0,26.0,17.0,1.0,1.0,0.0,0.0,0.0,0.0,0.0
v43_structure,v43_tr_n5_radial_plus__low_high,train_fixed_n5,train_fixed_n5,train,low_high,0.0,1141.205,0.0405195,1.0,3.5,5.0,31.0,2.5,fields/v43_tr_n5_radial_plus__low_high.npz,structure_features/v43_tr_n5_radial_plus__low_high.npz,1.0,4.0,17.0,1.0,1.0,1.0,9.5,17.0,1.0,1.0,1.0,15.8,17.0,1.0,1.0,1.0,20.5,17.0,1.0,1.0,1.0,26.0,17.0,1.0,1.0,0.0,0.0,0.0,0.0,0.0
v43_structure,v43_tr_n5_radial_plus__high_high,train_fixed_n5,train_fixed_n5,train,high_high,0.0,2409.13,0.0405195,1.0,3.5,5.0,31.0,2.5,fields/v43_tr_n5_radial_plus__high_high.npz,structure_features/v43_tr_n5_radial_plus__high_high.npz,1.0,4.0,17.0,1.0,1.0,1.0,9.5,17.0,1.0,1.0,1.0,15.8,17.0,1.0,1.0,1.0,20.5,17.0,1.0,1.0,1.0,26.0,17.0,1.0,1.0,0.0,0.0,0.0,0.0,0.0
v43_structure,v43_tr_n5_vertical_minus__center,train_fixed_n5,train_fixed_n5,train,center,0.0,1758.995,0.017931,1.0,3.5,5.0,31.0,2.3000000000000007,fields/v43_tr_n5_vertical_minus__center.npz,structure_features/v43_tr_n5_vertical_minus__center.npz,1.0,4.0,17.0,1.0,1.0,1.0,9.5,17.0,1.0,1.0,1.0,15.0,16.0,1.0,1.0,1.0,20.5,17.0,1.0,1.0,1.0,26.0,17.0,1.0,1.0,0.0,0.0,0.0,0.0,0.0
v43_structure,v43_tr_n5_vertical_minus__low_low,train_fixed_n5,train_fixed_n5,train,low_low,0.0,1141.205,0.0073285,1.0,3.5,5.0,31.0,2.3000000000000007,fields/v43_tr_n5_vertical_minus__low_low.npz,structure_features/v43_tr_n5_vertical_minus__low_low.npz,1.0,4.0,17.0,1.0,1.0,1.0,9.5,17.0,1.0,1.0,1.0,15.0,16.0,1.0,1.0,1.0,20.5,17.0,1.0,1.0,1.0,26.0,17.0,1.0,1.0,0.0,0.0,0.0,0.0,0.0
v43_structure,v43_tr_n5_vertical_minus__high_low,train_fixed_n5,train_fixed_n5,train,high_low,0.0,2409.13,0.0073285,1.0,3.5,5.0,31.0,2.3000000000000007,fields/v43_tr_n5_vertical_minus__high_low.npz,structure_features/v43_tr_n5_vertical_minus__high_low.npz,1.0,4.0,17.0,1.0,1.0,1.0,9.5,17.0,1.0,1.0,1.0,15.0,16.0,1.0,1.0,1.0,20.5,17.0,1.0,1.0,1.0,26.0,17.0,1.0,1.0,0.0,0.0,0.0,0.0,0.0
v43_structure,v43_tr_n5_vertical_minus__low_high,train_fixed_n5,train_fixed_n5,train,low_high,0.0,1141.205,0.0405195,1.0,3.5,5.0,31.0,2.3000000000000007,fields/v43_tr_n5_vertical_minus__low_high.npz,structure_features/v43_tr_n5_vertical_minus__low_high.npz,1.0,4.0,17.0,1.0,1.0,1.0,9.5,17.0,1.0,1.0,1.0,15.0,16.0,1.0,1.0,1.0,20.5,17.0,1.0,1.0,1.0,26.0,17.0,1.0,1.0,0.0,0.0,0.0,0.0,0.0
v43_structure,v43_tr_n5_vertical_minus__high_high,train_fixed_n5,train_fixed_n5,train,high_high,0.0,2409.13,0.0405195,1.0,3.5,5.0,31.0,2.3000000000000007,fields/v43_tr_n5_vertical_minus__high_high.npz,structure_features/v43_tr_n5_vertical_minus__high_high.npz,1.0,4.0,17.0,1.0,1.0,1.0,9.5,17.0,1.0,1.0,1.0,15.0,16.0,1.0,1.0,1.0,20.5,17.0,1.0,1.0,1.0,26.0,17.0,1.0,1.0,0.0,0.0,0.0,0.0,0.0
v43_structure,v43_tr_n5_vertical_plus__center,train_fixed_n5,train_fixed_n5,train,center,0.0,1758.995,0.017931,1.0,3.5,5.0,31.0,2.6999999999999993,fields/v43_tr_n5_vertical_plus__center.npz,structure_features/v43_tr_n5_vertical_plus__center.npz,1.0,4.0,17.0,1.0,1.0,1.0,9.5,17.0,1.0,1.0,1.0,15.0,18.0,1.0,1.0,1.0,20.5,17.0,1.0,1.0,1.0,26.0,17.0,1.0,1.0,0.0,0.0,0.0,0.0,0.0
v43_structure,v43_tr_n5_vertical_plus__low_low,train_fixed_n5,train_fixed_n5,train,low_low,0.0,1141.205,0.0073285,1.0,3.5,5.0,31.0,2.6999999999999993,fields/v43_tr_n5_vertical_plus__low_low.npz,structure_features/v43_tr_n5_vertical_plus__low_low.npz,1.0,4.0,17.0,1.0,1.0,1.0,9.5,17.0,1.0,1.0,1.0,15.0,18.0,1.0,1.0,1.0,20.5,17.0,1.0,1.0,1.0,26.0,17.0,1.0,1.0,0.0,0.0,0.0,0.0,0.0
v43_structure,v43_tr_n5_vertical_plus__high_low,train_fixed_n5,train_fixed_n5,train,high_low,0.0,2409.13,0.0073285,1.0,3.5,5.0,31.0,2.6999999999999993,fields/v43_tr_n5_vertical_plus__high_low.npz,structure_features/v43_tr_n5_vertical_plus__high_low.npz,1.0,4.0,17.0,1.0,1.0,1.0,9.5,17.0,1.0,1.0,1.0,15.0,18.0,1.0,1.0,1.0,20.5,17.0,1.0,1.0,1.0,26.0,17.0,1.0,1.0,0.0,0.0,0.0,0.0,0.0
v43_structure,v43_tr_n5_vertical_plus__low_high,train_fixed_n5,train_fixed_n5,train,low_high,0.0,1141.205,0.0405195,1.0,3.5,5.0,31.0,2.6999999999999993,fields/v43_tr_n5_vertical_plus__low_high.npz,structure_features/v43_tr_n5_vertical_plus__low_high.npz,1.0,4.0,17.0,1.0,1.0,1.0,9.5,17.0,1.0,1.0,1.0,15.0,18.0,1.0,1.0,1.0,20.5,17.0,1.0,1.0,1.0,26.0,17.0,1.0,1.0,0.0,0.0,0.0,0.0,0.0
v43_structure,v43_tr_n5_vertical_plus__high_high,train_fixed_n5,train_fixed_n5,train,high_high,0.0,2409.13,0.0405195,1.0,3.5,5.0,31.0,2.6999999999999993,fields/v43_tr_n5_vertical_plus__high_high.npz,structure_features/v43_tr_n5_vertical_plus__high_high.npz,1.0,4.0,17.0,1.0,1.0,1.0,9.5,17.0,1.0,1.0,1.0,15.0,18.0,1.0,1.0,1.0,20.5,17.0,1.0,1.0,1.0,26.0,17.0,1.0,1.0,0.0,0.0,0.0,0.0,0.0
v43_structure,v43_tr_n5_width_minus__center,train_fixed_n5,train_fixed_n5,train,center,0.0,1758.995,0.017931,0.97,3.5,5.0,31.0,2.5,fields/v43_tr_n5_width_minus__center.npz,structure_features/v43_tr_n5_width_minus__center.npz,1.0,4.0,17.0,1.0,1.0,1.0,9.5,17.0,1.0,1.0,1.0,15.0,17.0,0.7,1.0,1.0,20.5,17.0,1.0,1.0,1.0,26.0,17.0,1.0,1.0,0.0,0.0,0.0,0.0,0.0
v43_structure,v43_tr_n5_width_minus__low_low,train_fixed_n5,train_fixed_n5,train,low_low,0.0,1141.205,0.0073285,0.97,3.5,5.0,31.0,2.5,fields/v43_tr_n5_width_minus__low_low.npz,structure_features/v43_tr_n5_width_minus__low_low.npz,1.0,4.0,17.0,1.0,1.0,1.0,9.5,17.0,1.0,1.0,1.0,15.0,17.0,0.7,1.0,1.0,20.5,17.0,1.0,1.0,1.0,26.0,17.0,1.0,1.0,0.0,0.0,0.0,0.0,0.0
v43_structure,v43_tr_n5_width_minus__high_low,train_fixed_n5,train_fixed_n5,train,high_low,0.0,2409.13,0.0073285,0.97,3.5,5.0,31.0,2.5,fields/v43_tr_n5_width_minus__high_low.npz,structure_features/v43_tr_n5_width_minus__high_low.npz,1.0,4.0,17.0,1.0,1.0,1.0,9.5,17.0,1.0,1.0,1.0,15.0,17.0,0.7,1.0,1.0,20.5,17.0,1.0,1.0,1.0,26.0,17.0,1.0,1.0,0.0,0.0,0.0,0.0,0.0
v43_structure,v43_tr_n5_width_minus__low_high,train_fixed_n5,train_fixed_n5,train,low_high,0.0,1141.205,0.0405195,0.97,3.5,5.0,31.0,2.5,fields/v43_tr_n5_width_minus__low_high.npz,structure_features/v43_tr_n5_width_minus__low_high.npz,1.0,4.0,17.0,1.0,1.0,1.0,9.5,17.0,1.0,1.0,1.0,15.0,17.0,0.7,1.0,1.0,20.5,17.0,1.0,1.0,1.0,26.0,17.0,1.0,1.0,0.0,0.0,0.0,0.0,0.0
v43_structure,v43_tr_n5_width_minus__high_high,train_fixed_n5,train_fixed_n5,train,high_high,0.0,2409.13,0.0405195,0.97,3.5,5.0,31.0,2.5,fields/v43_tr_n5_width_minus__high_high.npz,structure_features/v43_tr_n5_width_minus__high_high.npz,1.0,4.0,17.0,1.0,1.0,1.0,9.5,17.0,1.0,1.0,1.0,15.0,17.0,0.7,1.0,1.0,20.5,17.0,1.0,1.0,1.0,26.0,17.0,1.0,1.0,0.0,0.0,0.0,0.0,0.0
v43_structure,v43_tr_n5_width_plus__center,train_fixed_n5,train_fixed_n5,train,center,0.0,1758.995,0.017931,1.03,3.5,5.0,31.0,2.5,fields/v43_tr_n5_width_plus__center.npz,structure_features/v43_tr_n5_width_plus__center.npz,1.0,4.0,17.0,1.0,1.0,1.0,9.5,17.0,1.0,1.0,1.0,15.0,17.0,1.3,1.0,1.0,20.5,17.0,1.0,1.0,1.0,26.0,17.0,1.0,1.0,0.0,0.0,0.0,0.0,0.0
v43_structure,v43_tr_n5_width_plus__low_low,train_fixed_n5,train_fixed_n5,train,low_low,0.0,1141.205,0.0073285,1.03,3.5,5.0,31.0,2.5,fields/v43_tr_n5_width_plus__low_low.npz,structure_features/v43_tr_n5_width_plus__low_low.npz,1.0,4.0,17.0,1.0,1.0,1.0,9.5,17.0,1.0,1.0,1.0,15.0,17.0,1.3,1.0,1.0,20.5,17.0,1.0,1.0,1.0,26.0,17.0,1.0,1.0,0.0,0.0,0.0,0.0,0.0
v43_structure,v43_tr_n5_width_plus__high_low,train_fixed_n5,train_fixed_n5,train,high_low,0.0,2409.13,0.0073285,1.03,3.5,5.0,31.0,2.5,fields/v43_tr_n5_width_plus__high_low.npz,structure_features/v43_tr_n5_width_plus__high_low.npz,1.0,4.0,17.0,1.0,1.0,1.0,9.5,17.0,1.0,1.0,1.0,15.0,17.0,1.3,1.0,1.0,20.5,17.0,1.0,1.0,1.0,26.0,17.0,1.0,1.0,0.0,0.0,0.0,0.0,0.0
v43_structure,v43_tr_n5_width_plus__low_high,train_fixed_n5,train_fixed_n5,train,low_high,0.0,1141.205,0.0405195,1.03,3.5,5.0,31.0,2.5,fields/v43_tr_n5_width_plus__low_high.npz,structure_features/v43_tr_n5_width_plus__low_high.npz,1.0,4.0,17.0,1.0,1.0,1.0,9.5,17.0,1.0,1.0,1.0,15.0,17.0,1.3,1.0,1.0,20.5,17.0,1.0,1.0,1.0,26.0,17.0,1.0,1.0,0.0,0.0,0.0,0.0,0.0
v43_structure,v43_tr_n5_width_plus__high_high,train_fixed_n5,train_fixed_n5,train,high_high,0.0,2409.13,0.0405195,1.03,3.5,5.0,31.0,2.5,fields/v43_tr_n5_width_plus__high_high.npz,structure_features/v43_tr_n5_width_plus__high_high.npz,1.0,4.0,17.0,1.0,1.0,1.0,9.5,17.0,1.0,1.0,1.0,15.0,17.0,1.3,1.0,1.0,20.5,17.0,1.0,1.0,1.0,26.0,17.0,1.0,1.0,0.0,0.0,0.0,0.0,0.0
v43_structure,v43_tr_n5_height_minus__center,train_fixed_n5,train_fixed_n5,train,center,0.0,1758.995,0.017931,0.97,3.5,5.0,31.0,2.5,fields/v43_tr_n5_height_minus__center.npz,structure_features/v43_tr_n5_height_minus__center.npz,1.0,4.0,17.0,1.0,1.0,1.0,9.5,17.0,1.0,1.0,1.0,15.0,16.85,1.0,0.7,1.0,20.5,17.0,1.0,1.0,1.0,26.0,17.0,1.0,1.0,0.0,0.0,0.0,0.0,0.0
v43_structure,v43_tr_n5_height_minus__low_low,train_fixed_n5,train_fixed_n5,train,low_low,0.0,1141.205,0.0073285,0.97,3.5,5.0,31.0,2.5,fields/v43_tr_n5_height_minus__low_low.npz,structure_features/v43_tr_n5_height_minus__low_low.npz,1.0,4.0,17.0,1.0,1.0,1.0,9.5,17.0,1.0,1.0,1.0,15.0,16.85,1.0,0.7,1.0,20.5,17.0,1.0,1.0,1.0,26.0,17.0,1.0,1.0,0.0,0.0,0.0,0.0,0.0
v43_structure,v43_tr_n5_height_minus__high_low,train_fixed_n5,train_fixed_n5,train,high_low,0.0,2409.13,0.0073285,0.97,3.5,5.0,31.0,2.5,fields/v43_tr_n5_height_minus__high_low.npz,structure_features/v43_tr_n5_height_minus__high_low.npz,1.0,4.0,17.0,1.0,1.0,1.0,9.5,17.0,1.0,1.0,1.0,15.0,16.85,1.0,0.7,1.0,20.5,17.0,1.0,1.0,1.0,26.0,17.0,1.0,1.0,0.0,0.0,0.0,0.0,0.0
v43_structure,v43_tr_n5_height_minus__low_high,train_fixed_n5,train_fixed_n5,train,low_high,0.0,1141.205,0.0405195,0.97,3.5,5.0,31.0,2.5,fields/v43_tr_n5_height_minus__low_high.npz,structure_features/v43_tr_n5_height_minus__low_high.npz,1.0,4.0,17.0,1.0,1.0,1.0,9.5,17.0,1.0,1.0,1.0,15.0,16.85,1.0,0.7,1.0,20.5,17.0,1.0,1.0,1.0,26.0,17.0,1.0,1.0,0.0,0.0,0.0,0.0,0.0
v43_structure,v43_tr_n5_height_minus__high_high,train_fixed_n5,train_fixed_n5,train,high_high,0.0,2409.13,0.0405195,0.97,3.5,5.0,31.0,2.5,fields/v43_tr_n5_height_minus__high_high.npz,structure_features/v43_tr_n5_height_minus__high_high.npz,1.0,4.0,17.0,1.0,1.0,1.0,9.5,17.0,1.0,1.0,1.0,15.0,16.85,1.0,0.7,1.0,20.5,17.0,1.0,1.0,1.0,26.0,17.0,1.0,1.0,0.0,0.0,0.0,0.0,0.0
v43_structure,v43_tr_n5_height_plus__center,train_fixed_n5,train_fixed_n5,train,center,0.0,1758.995,0.017931,1.03,3.5,5.0,31.0,2.5,fields/v43_tr_n5_height_plus__center.npz,structure_features/v43_tr_n5_height_plus__center.npz,1.0,4.0,17.0,1.0,1.0,1.0,9.5,17.0,1.0,1.0,1.0,15.0,17.15,1.0,1.3,1.0,20.5,17.0,1.0,1.0,1.0,26.0,17.0,1.0,1.0,0.0,0.0,0.0,0.0,0.0
v43_structure,v43_tr_n5_height_plus__low_low,train_fixed_n5,train_fixed_n5,train,low_low,0.0,1141.205,0.0073285,1.03,3.5,5.0,31.0,2.5,fields/v43_tr_n5_height_plus__low_low.npz,structure_features/v43_tr_n5_height_plus__low_low.npz,1.0,4.0,17.0,1.0,1.0,1.0,9.5,17.0,1.0,1.0,1.0,15.0,17.15,1.0,1.3,1.0,20.5,17.0,1.0,1.0,1.0,26.0,17.0,1.0,1.0,0.0,0.0,0.0,0.0,0.0
v43_structure,v43_tr_n5_height_plus__high_low,train_fixed_n5,train_fixed_n5,train,high_low,0.0,2409.13,0.0073285,1.03,3.5,5.0,31.0,2.5,fields/v43_tr_n5_height_plus__high_low.npz,structure_features/v43_tr_n5_height_plus__high_low.npz,1.0,4.0,17.0,1.0,1.0,1.0,9.5,17.0,1.0,1.0,1.0,15.0,17.15,1.0,1.3,1.0,20.5,17.0,1.0,1.0,1.0,26.0,17.0,1.0,1.0,0.0,0.0,0.0,0.0,0.0
v43_structure,v43_tr_n5_height_plus__low_high,train_fixed_n5,train_fixed_n5,train,low_high,0.0,1141.205,0.0405195,1.03,3.5,5.0,31.0,2.5,fields/v43_tr_n5_height_plus__low_high.npz,structure_features/v43_tr_n5_height_plus__low_high.npz,1.0,4.0,17.0,1.0,1.0,1.0,9.5,17.0,1.0,1.0,1.0,15.0,17.15,1.0,1.3,1.0,20.5,17.0,1.0,1.0,1.0,26.0,17.0,1.0,1.0,0.0,0.0,0.0,0.0,0.0
v43_structure,v43_tr_n5_height_plus__high_high,train_fixed_n5,train_fixed_n5,train,high_high,0.0,2409.13,0.0405195,1.03,3.5,5.0,31.0,2.5,fields/v43_tr_n5_height_plus__high_high.npz,structure_features/v43_tr_n5_height_plus__high_high.npz,1.0,4.0,17.0,1.0,1.0,1.0,9.5,17.0,1.0,1.0,1.0,15.0,17.15,1.0,1.3,1.0,20.5,17.0,1.0,1.0,1.0,26.0,17.0,1.0,1.0,0.0,0.0,0.0,0.0,0.0
v43_structure,v43_tr_n5_irregular_a__center,train_fixed_n5,train_fixed_n5,train,center,0.0,1758.995,0.017931,0.9359818091963984,8.973366569076592,5.0,33.040168546731316,2.5747193563706077,fields/v43_tr_n5_irregular_a__center.npz,structure_features/v43_tr_n5_irregular_a__center.npz,1.0,9.3173977505,15.0155100561,0.688062362852,0.670576172224,1.0,23.1765586394,17.845439963,0.67779194272,0.673071341601,1.0,24.801533826,17.8716112692,1.15726518605,1.13576562384,1.0,26.82448337,17.5988690073,1.100008978,0.67612452124,1.0,28.8219454063,16.7525975239,1.31582754705,1.26532441639,0.0,0.0,0.0,0.0,0.0
v43_structure,v43_tr_n5_irregular_a__low_low,train_fixed_n5,train_fixed_n5,train,low_low,0.0,1141.205,0.0073285,0.9359818091963984,8.973366569076592,5.0,33.040168546731316,2.5747193563706077,fields/v43_tr_n5_irregular_a__low_low.npz,structure_features/v43_tr_n5_irregular_a__low_low.npz,1.0,9.3173977505,15.0155100561,0.688062362852,0.670576172224,1.0,23.1765586394,17.845439963,0.67779194272,0.673071341601,1.0,24.801533826,17.8716112692,1.15726518605,1.13576562384,1.0,26.82448337,17.5988690073,1.100008978,0.67612452124,1.0,28.8219454063,16.7525975239,1.31582754705,1.26532441639,0.0,0.0,0.0,0.0,0.0
v43_structure,v43_tr_n5_irregular_a__high_low,train_fixed_n5,train_fixed_n5,train,high_low,0.0,2409.13,0.0073285,0.9359818091963984,8.973366569076592,5.0,33.040168546731316,2.5747193563706077,fields/v43_tr_n5_irregular_a__high_low.npz,structure_features/v43_tr_n5_irregular_a__high_low.npz,1.0,9.3173977505,15.0155100561,0.688062362852,0.670576172224,1.0,23.1765586394,17.845439963,0.67779194272,0.673071341601,1.0,24.801533826,17.8716112692,1.15726518605,1.13576562384,1.0,26.82448337,17.5988690073,1.100008978,0.67612452124,1.0,28.8219454063,16.7525975239,1.31582754705,1.26532441639,0.0,0.0,0.0,0.0,0.0
v43_structure,v43_tr_n5_irregular_a__low_high,train_fixed_n5,train_fixed_n5,train,low_high,0.0,1141.205,0.0405195,0.9359818091963984,8.973366569076592,5.0,33.040168546731316,2.5747193563706077,fields/v43_tr_n5_irregular_a__low_high.npz,structure_features/v43_tr_n5_irregular_a__low_high.npz,1.0,9.3173977505,15.0155100561,0.688062362852,0.670576172224,1.0,23.1765586394,17.845439963,0.67779194272,0.673071341601,1.0,24.801533826,17.8716112692,1.15726518605,1.13576562384,1.0,26.82448337,17.5988690073,1.100008978,0.67612452124,1.0,28.8219454063,16.7525975239,1.31582754705,1.26532441639,0.0,0.0,0.0,0.0,0.0
v43_structure,v43_tr_n5_irregular_a__high_high,train_fixed_n5,train_fixed_n5,train,high_high,0.0,2409.13,0.0405195,0.9359818091963984,8.973366569076592,5.0,33.040168546731316,2.5747193563706077,fields/v43_tr_n5_irregular_a__high_high.npz,structure_features/v43_tr_n5_irregular_a__high_high.npz,1.0,9.3173977505,15.0155100561,0.688062362852,0.670576172224,1.0,23.1765586394,17.845439963,0.67779194272,0.673071341601,1.0,24.801533826,17.8716112692,1.15726518605,1.13576562384,1.0,26.82448337,17.5988690073,1.100008978,0.67612452124,1.0,28.8219454063,16.7525975239,1.31582754705,1.26532441639,0.0,0.0,0.0,0.0,0.0
v43_structure,v43_tr_n5_irregular_b__center,train_fixed_n5,train_fixed_n5,train,center,0.0,1758.995,0.017931,1.077836929537293,2.038914748681588,5.0,34.632660012394716,2.316549676740795,fields/v43_tr_n5_irregular_b__center.npz,structure_features/v43_tr_n5_irregular_b__center.npz,1.0,2.68681066019,16.8082311987,1.29579182302,1.3262281821,1.0,21.1107594509,15.3428988815,1.07557106004,1.18814218012,1.0,24.9317040271,18.6869776283,0.721941054569,0.662106597419,1.0,26.246468666,15.644466218,0.676177425395,1.18631349629,1.0,28.7737938673,17.9417387668,1.32575931331,1.32033816312,0.0,0.0,0.0,0.0,0.0
v43_structure,v43_tr_n5_irregular_b__low_low,train_fixed_n5,train_fixed_n5,train,low_low,0.0,1141.205,0.0073285,1.077836929537293,2.038914748681588,5.0,34.632660012394716,2.316549676740795,fields/v43_tr_n5_irregular_b__low_low.npz,structure_features/v43_tr_n5_irregular_b__low_low.npz,1.0,2.68681066019,16.8082311987,1.29579182302,1.3262281821,1.0,21.1107594509,15.3428988815,1.07557106004,1.18814218012,1.0,24.9317040271,18.6869776283,0.721941054569,0.662106597419,1.0,26.246468666,15.644466218,0.676177425395,1.18631349629,1.0,28.7737938673,17.9417387668,1.32575931331,1.32033816312,0.0,0.0,0.0,0.0,0.0
v43_structure,v43_tr_n5_irregular_b__high_low,train_fixed_n5,train_fixed_n5,train,high_low,0.0,2409.13,0.0073285,1.077836929537293,2.038914748681588,5.0,34.632660012394716,2.316549676740795,fields/v43_tr_n5_irregular_b__high_low.npz,structure_features/v43_tr_n5_irregular_b__high_low.npz,1.0,2.68681066019,16.8082311987,1.29579182302,1.3262281821,1.0,21.1107594509,15.3428988815,1.07557106004,1.18814218012,1.0,24.9317040271,18.6869776283,0.721941054569,0.662106597419,1.0,26.246468666,15.644466218,0.676177425395,1.18631349629,1.0,28.7737938673,17.9417387668,1.32575931331,1.32033816312,0.0,0.0,0.0,0.0,0.0
v43_structure,v43_tr_n5_irregular_b__low_high,train_fixed_n5,train_fixed_n5,train,low_high,0.0,1141.205,0.0405195,1.077836929537293,2.038914748681588,5.0,34.632660012394716,2.316549676740795,fields/v43_tr_n5_irregular_b__low_high.npz,structure_features/v43_tr_n5_irregular_b__low_high.npz,1.0,2.68681066019,16.8082311987,1.29579182302,1.3262281821,1.0,21.1107594509,15.3428988815,1.07557106004,1.18814218012,1.0,24.9317040271,18.6869776283,0.721941054569,0.662106597419,1.0,26.246468666,15.644466218,0.676177425395,1.18631349629,1.0,28.7737938673,17.9417387668,1.32575931331,1.32033816312,0.0,0.0,0.0,0.0,0.0
v43_structure,v43_tr_n5_irregular_b__high_high,train_fixed_n5,train_fixed_n5,train,high_high,0.0,2409.13,0.0405195,1.077836929537293,2.038914748681588,5.0,34.632660012394716,2.316549676740795,fields/v43_tr_n5_irregular_b__high_high.npz,structure_features/v43_tr_n5_irregular_b__high_high.npz,1.0,2.68681066019,16.8082311987,1.29579182302,1.3262281821,1.0,21.1107594509,15.3428988815,1.07557106004,1.18814218012,1.0,24.9317040271,18.6869776283,0.721941054569,0.662106597419,1.0,26.246468666,15.644466218,0.676177425395,1.18631349629,1.0,28.7737938673,17.9417387668,1.32575931331,1.32033816312,0.0,0.0,0.0,0.0,0.0
v43_structure,v43_tr_n6_anchor_a__center,train_fixed_n6,train_fixed_n6,train,center,0.0,1758.995,0.017931,1.0,3.5,6.0,29.9,2.5,fields/v43_tr_n6_anchor_a__center.npz,structure_features/v43_tr_n6_anchor_a__center.npz,1.0,4.0,17.0,1.0,1.0,1.0,8.4,17.0,1.0,1.0,1.0,12.8,17.0,1.0,1.0,1.0,17.2,17.0,1.0,1.0,1.0,21.6,17.0,1.0,1.0,1.0,26.0,17.0,1.0,1.0
v43_structure,v43_tr_n6_anchor_a__low_low,train_fixed_n6,train_fixed_n6,train,low_low,0.0,1141.205,0.0073285,1.0,3.5,6.0,29.9,2.5,fields/v43_tr_n6_anchor_a__low_low.npz,structure_features/v43_tr_n6_anchor_a__low_low.npz,1.0,4.0,17.0,1.0,1.0,1.0,8.4,17.0,1.0,1.0,1.0,12.8,17.0,1.0,1.0,1.0,17.2,17.0,1.0,1.0,1.0,21.6,17.0,1.0,1.0,1.0,26.0,17.0,1.0,1.0
v43_structure,v43_tr_n6_anchor_a__high_low,train_fixed_n6,train_fixed_n6,train,high_low,0.0,2409.13,0.0073285,1.0,3.5,6.0,29.9,2.5,fields/v43_tr_n6_anchor_a__high_low.npz,structure_features/v43_tr_n6_anchor_a__high_low.npz,1.0,4.0,17.0,1.0,1.0,1.0,8.4,17.0,1.0,1.0,1.0,12.8,17.0,1.0,1.0,1.0,17.2,17.0,1.0,1.0,1.0,21.6,17.0,1.0,1.0,1.0,26.0,17.0,1.0,1.0
v43_structure,v43_tr_n6_anchor_a__low_high,train_fixed_n6,train_fixed_n6,train,low_high,0.0,1141.205,0.0405195,1.0,3.5,6.0,29.9,2.5,fields/v43_tr_n6_anchor_a__low_high.npz,structure_features/v43_tr_n6_anchor_a__low_high.npz,1.0,4.0,17.0,1.0,1.0,1.0,8.4,17.0,1.0,1.0,1.0,12.8,17.0,1.0,1.0,1.0,17.2,17.0,1.0,1.0,1.0,21.6,17.0,1.0,1.0,1.0,26.0,17.0,1.0,1.0
v43_structure,v43_tr_n6_anchor_a__high_high,train_fixed_n6,train_fixed_n6,train,high_high,0.0,2409.13,0.0405195,1.0,3.5,6.0,29.9,2.5,fields/v43_tr_n6_anchor_a__high_high.npz,structure_features/v43_tr_n6_anchor_a__high_high.npz,1.0,4.0,17.0,1.0,1.0,1.0,8.4,17.0,1.0,1.0,1.0,12.8,17.0,1.0,1.0,1.0,17.2,17.0,1.0,1.0,1.0,21.6,17.0,1.0,1.0,1.0,26.0,17.0,1.0,1.0
v43_structure,v43_tr_n6_anchor_b__center,train_fixed_n6,train_fixed_n6,train,center,0.0,1758.995,0.017931,1.0999999999999999,5.45,6.0,27.05,1.5,fields/v43_tr_n6_anchor_b__center.npz,structure_features/v43_tr_n6_anchor_b__center.npz,1.0,6.0,16.05,1.1,1.1,1.0,9.6,16.05,1.1,1.1,1.0,13.2,16.05,1.1,1.1,1.0,16.8,16.05,1.1,1.1,1.0,20.4,16.05,1.1,1.1,1.0,24.0,16.05,1.1,1.1
v43_structure,v43_tr_n6_anchor_b__low_low,train_fixed_n6,train_fixed_n6,train,low_low,0.0,1141.205,0.0073285,1.0999999999999999,5.45,6.0,27.05,1.5,fields/v43_tr_n6_anchor_b__low_low.npz,structure_features/v43_tr_n6_anchor_b__low_low.npz,1.0,6.0,16.05,1.1,1.1,1.0,9.6,16.05,1.1,1.1,1.0,13.2,16.05,1.1,1.1,1.0,16.8,16.05,1.1,1.1,1.0,20.4,16.05,1.1,1.1,1.0,24.0,16.05,1.1,1.1
v43_structure,v43_tr_n6_anchor_b__high_low,train_fixed_n6,train_fixed_n6,train,high_low,0.0,2409.13,0.0073285,1.0999999999999999,5.45,6.0,27.05,1.5,fields/v43_tr_n6_anchor_b__high_low.npz,structure_features/v43_tr_n6_anchor_b__high_low.npz,1.0,6.0,16.05,1.1,1.1,1.0,9.6,16.05,1.1,1.1,1.0,13.2,16.05,1.1,1.1,1.0,16.8,16.05,1.1,1.1,1.0,20.4,16.05,1.1,1.1,1.0,24.0,16.05,1.1,1.1
v43_structure,v43_tr_n6_anchor_b__low_high,train_fixed_n6,train_fixed_n6,train,low_high,0.0,1141.205,0.0405195,1.0999999999999999,5.45,6.0,27.05,1.5,fields/v43_tr_n6_anchor_b__low_high.npz,structure_features/v43_tr_n6_anchor_b__low_high.npz,1.0,6.0,16.05,1.1,1.1,1.0,9.6,16.05,1.1,1.1,1.0,13.2,16.05,1.1,1.1,1.0,16.8,16.05,1.1,1.1,1.0,20.4,16.05,1.1,1.1,1.0,24.0,16.05,1.1,1.1
v43_structure,v43_tr_n6_anchor_b__high_high,train_fixed_n6,train_fixed_n6,train,high_high,0.0,2409.13,0.0405195,1.0999999999999999,5.45,6.0,27.05,1.5,fields/v43_tr_n6_anchor_b__high_high.npz,structure_features/v43_tr_n6_anchor_b__high_high.npz,1.0,6.0,16.05,1.1,1.1,1.0,9.6,16.05,1.1,1.1,1.0,13.2,16.05,1.1,1.1,1.0,16.8,16.05,1.1,1.1,1.0,20.4,16.05,1.1,1.1,1.0,24.0,16.05,1.1,1.1
v43_structure,v43_tr_n6_radial_minus__center,train_fixed_n6,train_fixed_n6,train,center,0.0,1758.995,0.017931,1.0,3.5,6.0,29.9,2.5,fields/v43_tr_n6_radial_minus__center.npz,structure_features/v43_tr_n6_radial_minus__center.npz,1.0,4.0,17.0,1.0,1.0,1.0,8.4,17.0,1.0,1.0,1.0,12.0,17.0,1.0,1.0,1.0,17.2,17.0,1.0,1.0,1.0,21.6,17.0,1.0,1.0,1.0,26.0,17.0,1.0,1.0
v43_structure,v43_tr_n6_radial_minus__low_low,train_fixed_n6,train_fixed_n6,train,low_low,0.0,1141.205,0.0073285,1.0,3.5,6.0,29.9,2.5,fields/v43_tr_n6_radial_minus__low_low.npz,structure_features/v43_tr_n6_radial_minus__low_low.npz,1.0,4.0,17.0,1.0,1.0,1.0,8.4,17.0,1.0,1.0,1.0,12.0,17.0,1.0,1.0,1.0,17.2,17.0,1.0,1.0,1.0,21.6,17.0,1.0,1.0,1.0,26.0,17.0,1.0,1.0
v43_structure,v43_tr_n6_radial_minus__high_low,train_fixed_n6,train_fixed_n6,train,high_low,0.0,2409.13,0.0073285,1.0,3.5,6.0,29.9,2.5,fields/v43_tr_n6_radial_minus__high_low.npz,structure_features/v43_tr_n6_radial_minus__high_low.npz,1.0,4.0,17.0,1.0,1.0,1.0,8.4,17.0,1.0,1.0,1.0,12.0,17.0,1.0,1.0,1.0,17.2,17.0,1.0,1.0,1.0,21.6,17.0,1.0,1.0,1.0,26.0,17.0,1.0,1.0
v43_structure,v43_tr_n6_radial_minus__low_high,train_fixed_n6,train_fixed_n6,train,low_high,0.0,1141.205,0.0405195,1.0,3.5,6.0,29.9,2.5,fields/v43_tr_n6_radial_minus__low_high.npz,structure_features/v43_tr_n6_radial_minus__low_high.npz,1.0,4.0,17.0,1.0,1.0,1.0,8.4,17.0,1.0,1.0,1.0,12.0,17.0,1.0,1.0,1.0,17.2,17.0,1.0,1.0,1.0,21.6,17.0,1.0,1.0,1.0,26.0,17.0,1.0,1.0
v43_structure,v43_tr_n6_radial_minus__high_high,train_fixed_n6,train_fixed_n6,train,high_high,0.0,2409.13,0.0405195,1.0,3.5,6.0,29.9,2.5,fields/v43_tr_n6_radial_minus__high_high.npz,structure_features/v43_tr_n6_radial_minus__high_high.npz,1.0,4.0,17.0,1.0,1.0,1.0,8.4,17.0,1.0,1.0,1.0,12.0,17.0,1.0,1.0,1.0,17.2,17.0,1.0,1.0,1.0,21.6,17.0,1.0,1.0,1.0,26.0,17.0,1.0,1.0
v43_structure,v43_tr_n6_radial_plus__center,train_fixed_n6,train_fixed_n6,train,center,0.0,1758.995,0.017931,1.0,3.5,6.0,29.9,2.5,fields/v43_tr_n6_radial_plus__center.npz,structure_features/v43_tr_n6_radial_plus__center.npz,1.0,4.0,17.0,1.0,1.0,1.0,8.4,17.0,1.0,1.0,1.0,13.6,17.0,1.0,1.0,1.0,17.2,17.0,1.0,1.0,1.0,21.6,17.0,1.0,1.0,1.0,26.0,17.0,1.0,1.0
v43_structure,v43_tr_n6_radial_plus__low_low,train_fixed_n6,train_fixed_n6,train,low_low,0.0,1141.205,0.0073285,1.0,3.5,6.0,29.9,2.5,fields/v43_tr_n6_radial_plus__low_low.npz,structure_features/v43_tr_n6_radial_plus__low_low.npz,1.0,4.0,17.0,1.0,1.0,1.0,8.4,17.0,1.0,1.0,1.0,13.6,17.0,1.0,1.0,1.0,17.2,17.0,1.0,1.0,1.0,21.6,17.0,1.0,1.0,1.0,26.0,17.0,1.0,1.0
v43_structure,v43_tr_n6_radial_plus__high_low,train_fixed_n6,train_fixed_n6,train,high_low,0.0,2409.13,0.0073285,1.0,3.5,6.0,29.9,2.5,fields/v43_tr_n6_radial_plus__high_low.npz,structure_features/v43_tr_n6_radial_plus__high_low.npz,1.0,4.0,17.0,1.0,1.0,1.0,8.4,17.0,1.0,1.0,1.0,13.6,17.0,1.0,1.0,1.0,17.2,17.0,1.0,1.0,1.0,21.6,17.0,1.0,1.0,1.0,26.0,17.0,1.0,1.0
v43_structure,v43_tr_n6_radial_plus__low_high,train_fixed_n6,train_fixed_n6,train,low_high,0.0,1141.205,0.0405195,1.0,3.5,6.0,29.9,2.5,fields/v43_tr_n6_radial_plus__low_high.npz,structure_features/v43_tr_n6_radial_plus__low_high.npz,1.0,4.0,17.0,1.0,1.0,1.0,8.4,17.0,1.0,1.0,1.0,13.6,17.0,1.0,1.0,1.0,17.2,17.0,1.0,1.0,1.0,21.6,17.0,1.0,1.0,1.0,26.0,17.0,1.0,1.0
v43_structure,v43_tr_n6_radial_plus__high_high,train_fixed_n6,train_fixed_n6,train,high_high,0.0,2409.13,0.0405195,1.0,3.5,6.0,29.9,2.5,fields/v43_tr_n6_radial_plus__high_high.npz,structure_features/v43_tr_n6_radial_plus__high_high.npz,1.0,4.0,17.0,1.0,1.0,1.0,8.4,17.0,1.0,1.0,1.0,13.6,17.0,1.0,1.0,1.0,17.2,17.0,1.0,1.0,1.0,21.6,17.0,1.0,1.0,1.0,26.0,17.0,1.0,1.0
v43_structure,v43_tr_n6_vertical_minus__center,train_fixed_n6,train_fixed_n6,train,center,0.0,1758.995,0.017931,1.0,3.5,6.0,29.9,2.333333333333332,fields/v43_tr_n6_vertical_minus__center.npz,structure_features/v43_tr_n6_vertical_minus__center.npz,1.0,4.0,17.0,1.0,1.0,1.0,8.4,17.0,1.0,1.0,1.0,12.8,16.0,1.0,1.0,1.0,17.2,17.0,1.0,1.0,1.0,21.6,17.0,1.0,1.0,1.0,26.0,17.0,1.0,1.0
v43_structure,v43_tr_n6_vertical_minus__low_low,train_fixed_n6,train_fixed_n6,train,low_low,0.0,1141.205,0.0073285,1.0,3.5,6.0,29.9,2.333333333333332,fields/v43_tr_n6_vertical_minus__low_low.npz,structure_features/v43_tr_n6_vertical_minus__low_low.npz,1.0,4.0,17.0,1.0,1.0,1.0,8.4,17.0,1.0,1.0,1.0,12.8,16.0,1.0,1.0,1.0,17.2,17.0,1.0,1.0,1.0,21.6,17.0,1.0,1.0,1.0,26.0,17.0,1.0,1.0
v43_structure,v43_tr_n6_vertical_minus__high_low,train_fixed_n6,train_fixed_n6,train,high_low,0.0,2409.13,0.0073285,1.0,3.5,6.0,29.9,2.333333333333332,fields/v43_tr_n6_vertical_minus__high_low.npz,structure_features/v43_tr_n6_vertical_minus__high_low.npz,1.0,4.0,17.0,1.0,1.0,1.0,8.4,17.0,1.0,1.0,1.0,12.8,16.0,1.0,1.0,1.0,17.2,17.0,1.0,1.0,1.0,21.6,17.0,1.0,1.0,1.0,26.0,17.0,1.0,1.0
v43_structure,v43_tr_n6_vertical_minus__low_high,train_fixed_n6,train_fixed_n6,train,low_high,0.0,1141.205,0.0405195,1.0,3.5,6.0,29.9,2.333333333333332,fields/v43_tr_n6_vertical_minus__low_high.npz,structure_features/v43_tr_n6_vertical_minus__low_high.npz,1.0,4.0,17.0,1.0,1.0,1.0,8.4,17.0,1.0,1.0,1.0,12.8,16.0,1.0,1.0,1.0,17.2,17.0,1.0,1.0,1.0,21.6,17.0,1.0,1.0,1.0,26.0,17.0,1.0,1.0
v43_structure,v43_tr_n6_vertical_minus__high_high,train_fixed_n6,train_fixed_n6,train,high_high,0.0,2409.13,0.0405195,1.0,3.5,6.0,29.9,2.333333333333332,fields/v43_tr_n6_vertical_minus__high_high.npz,structure_features/v43_tr_n6_vertical_minus__high_high.npz,1.0,4.0,17.0,1.0,1.0,1.0,8.4,17.0,1.0,1.0,1.0,12.8,16.0,1.0,1.0,1.0,17.2,17.0,1.0,1.0,1.0,21.6,17.0,1.0,1.0,1.0,26.0,17.0,1.0,1.0
v43_structure,v43_tr_n6_vertical_plus__center,train_fixed_n6,train_fixed_n6,train,center,0.0,1758.995,0.017931,1.0,3.5,6.0,29.9,2.666666666666668,fields/v43_tr_n6_vertical_plus__center.npz,structure_features/v43_tr_n6_vertical_plus__center.npz,1.0,4.0,17.0,1.0,1.0,1.0,8.4,17.0,1.0,1.0,1.0,12.8,18.0,1.0,1.0,1.0,17.2,17.0,1.0,1.0,1.0,21.6,17.0,1.0,1.0,1.0,26.0,17.0,1.0,1.0
v43_structure,v43_tr_n6_vertical_plus__low_low,train_fixed_n6,train_fixed_n6,train,low_low,0.0,1141.205,0.0073285,1.0,3.5,6.0,29.9,2.666666666666668,fields/v43_tr_n6_vertical_plus__low_low.npz,structure_features/v43_tr_n6_vertical_plus__low_low.npz,1.0,4.0,17.0,1.0,1.0,1.0,8.4,17.0,1.0,1.0,1.0,12.8,18.0,1.0,1.0,1.0,17.2,17.0,1.0,1.0,1.0,21.6,17.0,1.0,1.0,1.0,26.0,17.0,1.0,1.0
v43_structure,v43_tr_n6_vertical_plus__high_low,train_fixed_n6,train_fixed_n6,train,high_low,0.0,2409.13,0.0073285,1.0,3.5,6.0,29.9,2.666666666666668,fields/v43_tr_n6_vertical_plus__high_low.npz,structure_features/v43_tr_n6_vertical_plus__high_low.npz,1.0,4.0,17.0,1.0,1.0,1.0,8.4,17.0,1.0,1.0,1.0,12.8,18.0,1.0,1.0,1.0,17.2,17.0,1.0,1.0,1.0,21.6,17.0,1.0,1.0,1.0,26.0,17.0,1.0,1.0
v43_structure,v43_tr_n6_vertical_plus__low_high,train_fixed_n6,train_fixed_n6,train,low_high,0.0,1141.205,0.0405195,1.0,3.5,6.0,29.9,2.666666666666668,fields/v43_tr_n6_vertical_plus__low_high.npz,structure_features/v43_tr_n6_vertical_plus__low_high.npz,1.0,4.0,17.0,1.0,1.0,1.0,8.4,17.0,1.0,1.0,1.0,12.8,18.0,1.0,1.0,1.0,17.2,17.0,1.0,1.0,1.0,21.6,17.0,1.0,1.0,1.0,26.0,17.0,1.0,1.0
v43_structure,v43_tr_n6_vertical_plus__high_high,train_fixed_n6,train_fixed_n6,train,high_high,0.0,2409.13,0.0405195,1.0,3.5,6.0,29.9,2.666666666666668,fields/v43_tr_n6_vertical_plus__high_high.npz,structure_features/v43_tr_n6_vertical_plus__high_high.npz,1.0,4.0,17.0,1.0,1.0,1.0,8.4,17.0,1.0,1.0,1.0,12.8,18.0,1.0,1.0,1.0,17.2,17.0,1.0,1.0,1.0,21.6,17.0,1.0,1.0,1.0,26.0,17.0,1.0,1.0
v43_structure,v43_tr_n6_width_minus__center,train_fixed_n6,train_fixed_n6,train,center,0.0,1758.995,0.017931,0.975,3.5,6.0,29.9,2.5,fields/v43_tr_n6_width_minus__center.npz,structure_features/v43_tr_n6_width_minus__center.npz,1.0,4.0,17.0,1.0,1.0,1.0,8.4,17.0,1.0,1.0,1.0,12.8,17.0,0.7,1.0,1.0,17.2,17.0,1.0,1.0,1.0,21.6,17.0,1.0,1.0,1.0,26.0,17.0,1.0,1.0
v43_structure,v43_tr_n6_width_minus__low_low,train_fixed_n6,train_fixed_n6,train,low_low,0.0,1141.205,0.0073285,0.975,3.5,6.0,29.9,2.5,fields/v43_tr_n6_width_minus__low_low.npz,structure_features/v43_tr_n6_width_minus__low_low.npz,1.0,4.0,17.0,1.0,1.0,1.0,8.4,17.0,1.0,1.0,1.0,12.8,17.0,0.7,1.0,1.0,17.2,17.0,1.0,1.0,1.0,21.6,17.0,1.0,1.0,1.0,26.0,17.0,1.0,1.0
v43_structure,v43_tr_n6_width_minus__high_low,train_fixed_n6,train_fixed_n6,train,high_low,0.0,2409.13,0.0073285,0.975,3.5,6.0,29.9,2.5,fields/v43_tr_n6_width_minus__high_low.npz,structure_features/v43_tr_n6_width_minus__high_low.npz,1.0,4.0,17.0,1.0,1.0,1.0,8.4,17.0,1.0,1.0,1.0,12.8,17.0,0.7,1.0,1.0,17.2,17.0,1.0,1.0,1.0,21.6,17.0,1.0,1.0,1.0,26.0,17.0,1.0,1.0
v43_structure,v43_tr_n6_width_minus__low_high,train_fixed_n6,train_fixed_n6,train,low_high,0.0,1141.205,0.0405195,0.975,3.5,6.0,29.9,2.5,fields/v43_tr_n6_width_minus__low_high.npz,structure_features/v43_tr_n6_width_minus__low_high.npz,1.0,4.0,17.0,1.0,1.0,1.0,8.4,17.0,1.0,1.0,1.0,12.8,17.0,0.7,1.0,1.0,17.2,17.0,1.0,1.0,1.0,21.6,17.0,1.0,1.0,1.0,26.0,17.0,1.0,1.0
v43_structure,v43_tr_n6_width_minus__high_high,train_fixed_n6,train_fixed_n6,train,high_high,0.0,2409.13,0.0405195,0.975,3.5,6.0,29.9,2.5,fields/v43_tr_n6_width_minus__high_high.npz,structure_features/v43_tr_n6_width_minus__high_high.npz,1.0,4.0,17.0,1.0,1.0,1.0,8.4,17.0,1.0,1.0,1.0,12.8,17.0,0.7,1.0,1.0,17.2,17.0,1.0,1.0,1.0,21.6,17.0,1.0,1.0,1.0,26.0,17.0,1.0,1.0
v43_structure,v43_tr_n6_width_plus__center,train_fixed_n6,train_fixed_n6,train,center,0.0,1758.995,0.017931,1.0250000000000001,3.5,6.0,29.9,2.5,fields/v43_tr_n6_width_plus__center.npz,structure_features/v43_tr_n6_width_plus__center.npz,1.0,4.0,17.0,1.0,1.0,1.0,8.4,17.0,1.0,1.0,1.0,12.8,17.0,1.3,1.0,1.0,17.2,17.0,1.0,1.0,1.0,21.6,17.0,1.0,1.0,1.0,26.0,17.0,1.0,1.0
v43_structure,v43_tr_n6_width_plus__low_low,train_fixed_n6,train_fixed_n6,train,low_low,0.0,1141.205,0.0073285,1.0250000000000001,3.5,6.0,29.9,2.5,fields/v43_tr_n6_width_plus__low_low.npz,structure_features/v43_tr_n6_width_plus__low_low.npz,1.0,4.0,17.0,1.0,1.0,1.0,8.4,17.0,1.0,1.0,1.0,12.8,17.0,1.3,1.0,1.0,17.2,17.0,1.0,1.0,1.0,21.6,17.0,1.0,1.0,1.0,26.0,17.0,1.0,1.0
v43_structure,v43_tr_n6_width_plus__high_low,train_fixed_n6,train_fixed_n6,train,high_low,0.0,2409.13,0.0073285,1.0250000000000001,3.5,6.0,29.9,2.5,fields/v43_tr_n6_width_plus__high_low.npz,structure_features/v43_tr_n6_width_plus__high_low.npz,1.0,4.0,17.0,1.0,1.0,1.0,8.4,17.0,1.0,1.0,1.0,12.8,17.0,1.3,1.0,1.0,17.2,17.0,1.0,1.0,1.0,21.6,17.0,1.0,1.0,1.0,26.0,17.0,1.0,1.0
v43_structure,v43_tr_n6_width_plus__low_high,train_fixed_n6,train_fixed_n6,train,low_high,0.0,1141.205,0.0405195,1.0250000000000001,3.5,6.0,29.9,2.5,fields/v43_tr_n6_width_plus__low_high.npz,structure_features/v43_tr_n6_width_plus__low_high.npz,1.0,4.0,17.0,1.0,1.0,1.0,8.4,17.0,1.0,1.0,1.0,12.8,17.0,1.3,1.0,1.0,17.2,17.0,1.0,1.0,1.0,21.6,17.0,1.0,1.0,1.0,26.0,17.0,1.0,1.0
v43_structure,v43_tr_n6_width_plus__high_high,train_fixed_n6,train_fixed_n6,train,high_high,0.0,2409.13,0.0405195,1.0250000000000001,3.5,6.0,29.9,2.5,fields/v43_tr_n6_width_plus__high_high.npz,structure_features/v43_tr_n6_width_plus__high_high.npz,1.0,4.0,17.0,1.0,1.0,1.0,8.4,17.0,1.0,1.0,1.0,12.8,17.0,1.3,1.0,1.0,17.2,17.0,1.0,1.0,1.0,21.6,17.0,1.0,1.0,1.0,26.0,17.0,1.0,1.0
v43_structure,v43_tr_n6_height_minus__center,train_fixed_n6,train_fixed_n6,train,center,0.0,1758.995,0.017931,0.975,3.5,6.0,29.9,2.5,fields/v43_tr_n6_height_minus__center.npz,structure_features/v43_tr_n6_height_minus__center.npz,1.0,4.0,17.0,1.0,1.0,1.0,8.4,17.0,1.0,1.0,1.0,12.8,16.85,1.0,0.7,1.0,17.2,17.0,1.0,1.0,1.0,21.6,17.0,1.0,1.0,1.0,26.0,17.0,1.0,1.0
v43_structure,v43_tr_n6_height_minus__low_low,train_fixed_n6,train_fixed_n6,train,low_low,0.0,1141.205,0.0073285,0.975,3.5,6.0,29.9,2.5,fields/v43_tr_n6_height_minus__low_low.npz,structure_features/v43_tr_n6_height_minus__low_low.npz,1.0,4.0,17.0,1.0,1.0,1.0,8.4,17.0,1.0,1.0,1.0,12.8,16.85,1.0,0.7,1.0,17.2,17.0,1.0,1.0,1.0,21.6,17.0,1.0,1.0,1.0,26.0,17.0,1.0,1.0
v43_structure,v43_tr_n6_height_minus__high_low,train_fixed_n6,train_fixed_n6,train,high_low,0.0,2409.13,0.0073285,0.975,3.5,6.0,29.9,2.5,fields/v43_tr_n6_height_minus__high_low.npz,structure_features/v43_tr_n6_height_minus__high_low.npz,1.0,4.0,17.0,1.0,1.0,1.0,8.4,17.0,1.0,1.0,1.0,12.8,16.85,1.0,0.7,1.0,17.2,17.0,1.0,1.0,1.0,21.6,17.0,1.0,1.0,1.0,26.0,17.0,1.0,1.0
v43_structure,v43_tr_n6_height_minus__low_high,train_fixed_n6,train_fixed_n6,train,low_high,0.0,1141.205,0.0405195,0.975,3.5,6.0,29.9,2.5,fields/v43_tr_n6_height_minus__low_high.npz,structure_features/v43_tr_n6_height_minus__low_high.npz,1.0,4.0,17.0,1.0,1.0,1.0,8.4,17.0,1.0,1.0,1.0,12.8,16.85,1.0,0.7,1.0,17.2,17.0,1.0,1.0,1.0,21.6,17.0,1.0,1.0,1.0,26.0,17.0,1.0,1.0
v43_structure,v43_tr_n6_height_minus__high_high,train_fixed_n6,train_fixed_n6,train,high_high,0.0,2409.13,0.0405195,0.975,3.5,6.0,29.9,2.5,fields/v43_tr_n6_height_minus__high_high.npz,structure_features/v43_tr_n6_height_minus__high_high.npz,1.0,4.0,17.0,1.0,1.0,1.0,8.4,17.0,1.0,1.0,1.0,12.8,16.85,1.0,0.7,1.0,17.2,17.0,1.0,1.0,1.0,21.6,17.0,1.0,1.0,1.0,26.0,17.0,1.0,1.0
v43_structure,v43_tr_n6_height_plus__center,train_fixed_n6,train_fixed_n6,train,center,0.0,1758.995,0.017931,1.0250000000000001,3.5,6.0,29.9,2.5,fields/v43_tr_n6_height_plus__center.npz,structure_features/v43_tr_n6_height_plus__center.npz,1.0,4.0,17.0,1.0,1.0,1.0,8.4,17.0,1.0,1.0,1.0,12.8,17.15,1.0,1.3,1.0,17.2,17.0,1.0,1.0,1.0,21.6,17.0,1.0,1.0,1.0,26.0,17.0,1.0,1.0
v43_structure,v43_tr_n6_height_plus__low_low,train_fixed_n6,train_fixed_n6,train,low_low,0.0,1141.205,0.0073285,1.0250000000000001,3.5,6.0,29.9,2.5,fields/v43_tr_n6_height_plus__low_low.npz,structure_features/v43_tr_n6_height_plus__low_low.npz,1.0,4.0,17.0,1.0,1.0,1.0,8.4,17.0,1.0,1.0,1.0,12.8,17.15,1.0,1.3,1.0,17.2,17.0,1.0,1.0,1.0,21.6,17.0,1.0,1.0,1.0,26.0,17.0,1.0,1.0
v43_structure,v43_tr_n6_height_plus__high_low,train_fixed_n6,train_fixed_n6,train,high_low,0.0,2409.13,0.0073285,1.0250000000000001,3.5,6.0,29.9,2.5,fields/v43_tr_n6_height_plus__high_low.npz,structure_features/v43_tr_n6_height_plus__high_low.npz,1.0,4.0,17.0,1.0,1.0,1.0,8.4,17.0,1.0,1.0,1.0,12.8,17.15,1.0,1.3,1.0,17.2,17.0,1.0,1.0,1.0,21.6,17.0,1.0,1.0,1.0,26.0,17.0,1.0,1.0
v43_structure,v43_tr_n6_height_plus__low_high,train_fixed_n6,train_fixed_n6,train,low_high,0.0,1141.205,0.0405195,1.0250000000000001,3.5,6.0,29.9,2.5,fields/v43_tr_n6_height_plus__low_high.npz,structure_features/v43_tr_n6_height_plus__low_high.npz,1.0,4.0,17.0,1.0,1.0,1.0,8.4,17.0,1.0,1.0,1.0,12.8,17.15,1.0,1.3,1.0,17.2,17.0,1.0,1.0,1.0,21.6,17.0,1.0,1.0,1.0,26.0,17.0,1.0,1.0
v43_structure,v43_tr_n6_height_plus__high_high,train_fixed_n6,train_fixed_n6,train,high_high,0.0,2409.13,0.0405195,1.0250000000000001,3.5,6.0,29.9,2.5,fields/v43_tr_n6_height_plus__high_high.npz,structure_features/v43_tr_n6_height_plus__high_high.npz,1.0,4.0,17.0,1.0,1.0,1.0,8.4,17.0,1.0,1.0,1.0,12.8,17.15,1.0,1.3,1.0,17.2,17.0,1.0,1.0,1.0,21.6,17.0,1.0,1.0,1.0,26.0,17.0,1.0,1.0
v43_structure,v43_tr_n6_irregular_a__center,train_fixed_n6,train_fixed_n6,train,center,0.0,1758.995,0.017931,1.109904929227938,5.958940751457847,6.0,32.53891557339544,2.8661566650773658,fields/v43_tr_n6_irregular_a__center.npz,structure_features/v43_tr_n6_irregular_a__center.npz,1.0,6.59783215524,18.6090908817,1.27778280756,0.779475468372,1.0,18.0142673047,15.20193327,0.707671359452,1.21189789122,1.0,20.0461556578,15.6370314913,1.28099881898,1.05417043388,1.0,21.986505846,17.5267480181,1.27862127113,0.747630496754,1.0,25.7616162031,18.9792877137,1.27719472732,1.26230449329,1.0,28.7448873787,18.3557608488,1.27076570009,1.1703456827
v43_structure,v43_tr_n6_irregular_a__low_low,train_fixed_n6,train_fixed_n6,train,low_low,0.0,1141.205,0.0073285,1.109904929227938,5.958940751457847,6.0,32.53891557339544,2.8661566650773658,fields/v43_tr_n6_irregular_a__low_low.npz,structure_features/v43_tr_n6_irregular_a__low_low.npz,1.0,6.59783215524,18.6090908817,1.27778280756,0.779475468372,1.0,18.0142673047,15.20193327,0.707671359452,1.21189789122,1.0,20.0461556578,15.6370314913,1.28099881898,1.05417043388,1.0,21.986505846,17.5267480181,1.27862127113,0.747630496754,1.0,25.7616162031,18.9792877137,1.27719472732,1.26230449329,1.0,28.7448873787,18.3557608488,1.27076570009,1.1703456827
v43_structure,v43_tr_n6_irregular_a__high_low,train_fixed_n6,train_fixed_n6,train,high_low,0.0,2409.13,0.0073285,1.109904929227938,5.958940751457847,6.0,32.53891557339544,2.8661566650773658,fields/v43_tr_n6_irregular_a__high_low.npz,structure_features/v43_tr_n6_irregular_a__high_low.npz,1.0,6.59783215524,18.6090908817,1.27778280756,0.779475468372,1.0,18.0142673047,15.20193327,0.707671359452,1.21189789122,1.0,20.0461556578,15.6370314913,1.28099881898,1.05417043388,1.0,21.986505846,17.5267480181,1.27862127113,0.747630496754,1.0,25.7616162031,18.9792877137,1.27719472732,1.26230449329,1.0,28.7448873787,18.3557608488,1.27076570009,1.1703456827
v43_structure,v43_tr_n6_irregular_a__low_high,train_fixed_n6,train_fixed_n6,train,low_high,0.0,1141.205,0.0405195,1.109904929227938,5.958940751457847,6.0,32.53891557339544,2.8661566650773658,fields/v43_tr_n6_irregular_a__low_high.npz,structure_features/v43_tr_n6_irregular_a__low_high.npz,1.0,6.59783215524,18.6090908817,1.27778280756,0.779475468372,1.0,18.0142673047,15.20193327,0.707671359452,1.21189789122,1.0,20.0461556578,15.6370314913,1.28099881898,1.05417043388,1.0,21.986505846,17.5267480181,1.27862127113,0.747630496754,1.0,25.7616162031,18.9792877137,1.27719472732,1.26230449329,1.0,28.7448873787,18.3557608488,1.27076570009,1.1703456827
v43_structure,v43_tr_n6_irregular_a__high_high,train_fixed_n6,train_fixed_n6,train,high_high,0.0,2409.13,0.0405195,1.109904929227938,5.958940751457847,6.0,32.53891557339544,2.8661566650773658,fields/v43_tr_n6_irregular_a__high_high.npz,structure_features/v43_tr_n6_irregular_a__high_high.npz,1.0,6.59783215524,18.6090908817,1.27778280756,0.779475468372,1.0,18.0142673047,15.20193327,0.707671359452,1.21189789122,1.0,20.0461556578,15.6370314913,1.28099881898,1.05417043388,1.0,21.986505846,17.5267480181,1.27862127113,0.747630496754,1.0,25.7616162031,18.9792877137,1.27719472732,1.26230449329,1.0,28.7448873787,18.3557608488,1.27076570009,1.1703456827
v43_structure,v43_tr_n6_irregular_b__center,train_fixed_n6,train_fixed_n6,train,center,0.0,1758.995,0.017931,1.1018764002791326,2.0033463511886205,6.0,19.479174359593213,2.3722186176756423,fields/v43_tr_n6_irregular_b__center.npz,structure_features/v43_tr_n6_irregular_b__center.npz,1.0,2.58843003719,15.5004042473,1.170167372,1.22196227011,1.0,5.24447285183,15.9946141485,1.26693898476,0.683952063262,1.0,7.02063830089,15.9904611145,0.799199069429,1.24776530796,1.0,8.56095582195,17.6123838473,1.04072070941,1.22984896755,1.0,10.3943698232,18.5153233169,1.31198860666,1.29134921065,1.0,17.1905378274,17.8050910363,1.26357005177,0.695054189796
v43_structure,v43_tr_n6_irregular_b__low_low,train_fixed_n6,train_fixed_n6,train,low_low,0.0,1141.205,0.0073285,1.1018764002791326,2.0033463511886205,6.0,19.479174359593213,2.3722186176756423,fields/v43_tr_n6_irregular_b__low_low.npz,structure_features/v43_tr_n6_irregular_b__low_low.npz,1.0,2.58843003719,15.5004042473,1.170167372,1.22196227011,1.0,5.24447285183,15.9946141485,1.26693898476,0.683952063262,1.0,7.02063830089,15.9904611145,0.799199069429,1.24776530796,1.0,8.56095582195,17.6123838473,1.04072070941,1.22984896755,1.0,10.3943698232,18.5153233169,1.31198860666,1.29134921065,1.0,17.1905378274,17.8050910363,1.26357005177,0.695054189796
v43_structure,v43_tr_n6_irregular_b__high_low,train_fixed_n6,train_fixed_n6,train,high_low,0.0,2409.13,0.0073285,1.1018764002791326,2.0033463511886205,6.0,19.479174359593213,2.3722186176756423,fields/v43_tr_n6_irregular_b__high_low.npz,structure_features/v43_tr_n6_irregular_b__high_low.npz,1.0,2.58843003719,15.5004042473,1.170167372,1.22196227011,1.0,5.24447285183,15.9946141485,1.26693898476,0.683952063262,1.0,7.02063830089,15.9904611145,0.799199069429,1.24776530796,1.0,8.56095582195,17.6123838473,1.04072070941,1.22984896755,1.0,10.3943698232,18.5153233169,1.31198860666,1.29134921065,1.0,17.1905378274,17.8050910363,1.26357005177,0.695054189796
v43_structure,v43_tr_n6_irregular_b__low_high,train_fixed_n6,train_fixed_n6,train,low_high,0.0,1141.205,0.0405195,1.1018764002791326,2.0033463511886205,6.0,19.479174359593213,2.3722186176756423,fields/v43_tr_n6_irregular_b__low_high.npz,structure_features/v43_tr_n6_irregular_b__low_high.npz,1.0,2.58843003719,15.5004042473,1.170167372,1.22196227011,1.0,5.24447285183,15.9946141485,1.26693898476,0.683952063262,1.0,7.02063830089,15.9904611145,0.799199069429,1.24776530796,1.0,8.56095582195,17.6123838473,1.04072070941,1.22984896755,1.0,10.3943698232,18.5153233169,1.31198860666,1.29134921065,1.0,17.1905378274,17.8050910363,1.26357005177,0.695054189796
v43_structure,v43_tr_n6_irregular_b__high_high,train_fixed_n6,train_fixed_n6,train,high_high,0.0,2409.13,0.0405195,1.1018764002791326,2.0033463511886205,6.0,19.479174359593213,2.3722186176756423,fields/v43_tr_n6_irregular_b__high_high.npz,structure_features/v43_tr_n6_irregular_b__high_high.npz,1.0,2.58843003719,15.5004042473,1.170167372,1.22196227011,1.0,5.24447285183,15.9946141485,1.26693898476,0.683952063262,1.0,7.02063830089,15.9904611145,0.799199069429,1.24776530796,1.0,8.56095582195,17.6123838473,1.04072070941,1.22984896755,1.0,10.3943698232,18.5153233169,1.31198860666,1.29134921065,1.0,17.1905378274,17.8050910363,1.26357005177,0.695054189796
v43_structure,v43_ad_n2_1__center,train_adaptive_n2,train_adaptive_n2,train,center,0.0,1758.995,0.017931,0.9680749679553249,14.02957617106809,2.0,43.745445244923644,1.787323961912584,fields/v43_ad_n2_1__center.npz,structure_features/v43_ad_n2_1__center.npz,1.0,14.6176749397,16.1497568022,1.17619753733,0.939583796949,1.0,29.4491822822,16.2376979091,1.07048875963,0.686029777909,0.0,0.0,0.0,0.0,0.0,0.0,0.0,0.0,0.0,0.0,0.0,0.0,0.0,0.0,0.0,0.0,0.0,0.0,0.0,0.0
v43_structure,v43_ad_n2_1__low_low,train_adaptive_n2,train_adaptive_n2,train,low_low,0.0,1141.205,0.0073285,0.9680749679553249,14.02957617106809,2.0,43.745445244923644,1.787323961912584,fields/v43_ad_n2_1__low_low.npz,structure_features/v43_ad_n2_1__low_low.npz,1.0,14.6176749397,16.1497568022,1.17619753733,0.939583796949,1.0,29.4491822822,16.2376979091,1.07048875963,0.686029777909,0.0,0.0,0.0,0.0,0.0,0.0,0.0,0.0,0.0,0.0,0.0,0.0,0.0,0.0,0.0,0.0,0.0,0.0,0.0,0.0
v43_structure,v43_ad_n2_1__high_low,train_adaptive_n2,train_adaptive_n2,train,high_low,0.0,2409.13,0.0073285,0.9680749679553249,14.02957617106809,2.0,43.745445244923644,1.787323961912584,fields/v43_ad_n2_1__high_low.npz,structure_features/v43_ad_n2_1__high_low.npz,1.0,14.6176749397,16.1497568022,1.17619753733,0.939583796949,1.0,29.4491822822,16.2376979091,1.07048875963,0.686029777909,0.0,0.0,0.0,0.0,0.0,0.0,0.0,0.0,0.0,0.0,0.0,0.0,0.0,0.0,0.0,0.0,0.0,0.0,0.0,0.0
v43_structure,v43_ad_n2_1__low_high,train_adaptive_n2,train_adaptive_n2,train,low_high,0.0,1141.205,0.0405195,0.9680749679553249,14.02957617106809,2.0,43.745445244923644,1.787323961912584,fields/v43_ad_n2_1__low_high.npz,structure_features/v43_ad_n2_1__low_high.npz,1.0,14.6176749397,16.1497568022,1.17619753733,0.939583796949,1.0,29.4491822822,16.2376979091,1.07048875963,0.686029777909,0.0,0.0,0.0,0.0,0.0,0.0,0.0,0.0,0.0,0.0,0.0,0.0,0.0,0.0,0.0,0.0,0.0,0.0,0.0,0.0
v43_structure,v43_ad_n2_1__high_high,train_adaptive_n2,train_adaptive_n2,train,high_high,0.0,2409.13,0.0405195,0.9680749679553249,14.02957617106809,2.0,43.745445244923644,1.787323961912584,fields/v43_ad_n2_1__high_high.npz,structure_features/v43_ad_n2_1__high_high.npz,1.0,14.6176749397,16.1497568022,1.17619753733,0.939583796949,1.0,29.4491822822,16.2376979091,1.07048875963,0.686029777909,0.0,0.0,0.0,0.0,0.0,0.0,0.0,0.0,0.0,0.0,0.0,0.0,0.0,0.0,0.0,0.0,0.0,0.0,0.0,0.0
v43_structure,v43_ad_n2_2__center,train_adaptive_n2,train_adaptive_n2,train,center,0.0,1758.995,0.017931,1.1084436426447057,3.5357551433497165,2.0,9.477006762746864,1.3332792442336903,fields/v43_ad_n2_2__center.npz,structure_features/v43_ad_n2_2__center.npz,1.0,4.0123219521,16.6749746711,0.953133617496,1.25487381408,1.0,6.9754607162,15.2703115764,0.923185435124,1.30258170388,0.0,0.0,0.0,0.0,0.0,0.0,0.0,0.0,0.0,0.0,0.0,0.0,0.0,0.0,0.0,0.0,0.0,0.0,0.0,0.0
v43_structure,v43_ad_n2_2__low_low,train_adaptive_n2,train_adaptive_n2,train,low_low,0.0,1141.205,0.0073285,1.1084436426447057,3.5357551433497165,2.0,9.477006762746864,1.3332792442336903,fields/v43_ad_n2_2__low_low.npz,structure_features/v43_ad_n2_2__low_low.npz,1.0,4.0123219521,16.6749746711,0.953133617496,1.25487381408,1.0,6.9754607162,15.2703115764,0.923185435124,1.30258170388,0.0,0.0,0.0,0.0,0.0,0.0,0.0,0.0,0.0,0.0,0.0,0.0,0.0,0.0,0.0,0.0,0.0,0.0,0.0,0.0
v43_structure,v43_ad_n2_2__high_low,train_adaptive_n2,train_adaptive_n2,train,high_low,0.0,2409.13,0.0073285,1.1084436426447057,3.5357551433497165,2.0,9.477006762746864,1.3332792442336903,fields/v43_ad_n2_2__high_low.npz,structure_features/v43_ad_n2_2__high_low.npz,1.0,4.0123219521,16.6749746711,0.953133617496,1.25487381408,1.0,6.9754607162,15.2703115764,0.923185435124,1.30258170388,0.0,0.0,0.0,0.0,0.0,0.0,0.0,0.0,0.0,0.0,0.0,0.0,0.0,0.0,0.0,0.0,0.0,0.0,0.0,0.0
v43_structure,v43_ad_n2_2__low_high,train_adaptive_n2,train_adaptive_n2,train,low_high,0.0,1141.205,0.0405195,1.1084436426447057,3.5357551433497165,2.0,9.477006762746864,1.3332792442336903,fields/v43_ad_n2_2__low_high.npz,structure_features/v43_ad_n2_2__low_high.npz,1.0,4.0123219521,16.6749746711,0.953133617496,1.25487381408,1.0,6.9754607162,15.2703115764,0.923185435124,1.30258170388,0.0,0.0,0.0,0.0,0.0,0.0,0.0,0.0,0.0,0.0,0.0,0.0,0.0,0.0,0.0,0.0,0.0,0.0,0.0,0.0
v43_structure,v43_ad_n2_2__high_high,train_adaptive_n2,train_adaptive_n2,train,high_high,0.0,2409.13,0.0405195,1.1084436426447057,3.5357551433497165,2.0,9.477006762746864,1.3332792442336903,fields/v43_ad_n2_2__high_high.npz,structure_features/v43_ad_n2_2__high_high.npz,1.0,4.0123219521,16.6749746711,0.953133617496,1.25487381408,1.0,6.9754607162,15.2703115764,0.923185435124,1.30258170388,0.0,0.0,0.0,0.0,0.0,0.0,0.0,0.0,0.0,0.0,0.0,0.0,0.0,0.0,0.0,0.0,0.0,0.0,0.0,0.0
v43_structure,v43_ad_n2_3__center,train_adaptive_n2,train_adaptive_n2,train,center,0.0,1758.995,0.017931,0.7981511792454568,9.98928429148463,2.0,48.35045347382663,1.9687819093817236,fields/v43_ad_n2_3__center.npz,structure_features/v43_ad_n2_3__center.npz,1.0,10.395428888,16.1003426236,0.812289192984,0.70032900818,1.0,29.5688144351,16.6356324487,0.783493016826,0.896493498992,0.0,0.0,0.0,0.0,0.0,0.0,0.0,0.0,0.0,0.0,0.0,0.0,0.0,0.0,0.0,0.0,0.0,0.0,0.0,0.0
v43_structure,v43_ad_n2_3__low_low,train_adaptive_n2,train_adaptive_n2,train,low_low,0.0,1141.205,0.0073285,0.7981511792454568,9.98928429148463,2.0,48.35045347382663,1.9687819093817236,fields/v43_ad_n2_3__low_low.npz,structure_features/v43_ad_n2_3__low_low.npz,1.0,10.395428888,16.1003426236,0.812289192984,0.70032900818,1.0,29.5688144351,16.6356324487,0.783493016826,0.896493498992,0.0,0.0,0.0,0.0,0.0,0.0,0.0,0.0,0.0,0.0,0.0,0.0,0.0,0.0,0.0,0.0,0.0,0.0,0.0,0.0
v43_structure,v43_ad_n2_3__high_low,train_adaptive_n2,train_adaptive_n2,train,high_low,0.0,2409.13,0.0073285,0.7981511792454568,9.98928429148463,2.0,48.35045347382663,1.9687819093817236,fields/v43_ad_n2_3__high_low.npz,structure_features/v43_ad_n2_3__high_low.npz,1.0,10.395428888,16.1003426236,0.812289192984,0.70032900818,1.0,29.5688144351,16.6356324487,0.783493016826,0.896493498992,0.0,0.0,0.0,0.0,0.0,0.0,0.0,0.0,0.0,0.0,0.0,0.0,0.0,0.0,0.0,0.0,0.0,0.0,0.0,0.0
v43_structure,v43_ad_n2_3__low_high,train_adaptive_n2,train_adaptive_n2,train,low_high,0.0,1141.205,0.0405195,0.7981511792454568,9.98928429148463,2.0,48.35045347382663,1.9687819093817236,fields/v43_ad_n2_3__low_high.npz,structure_features/v43_ad_n2_3__low_high.npz,1.0,10.395428888,16.1003426236,0.812289192984,0.70032900818,1.0,29.5688144351,16.6356324487,0.783493016826,0.896493498992,0.0,0.0,0.0,0.0,0.0,0.0,0.0,0.0,0.0,0.0,0.0,0.0,0.0,0.0,0.0,0.0,0.0,0.0,0.0,0.0
v43_structure,v43_ad_n2_3__high_high,train_adaptive_n2,train_adaptive_n2,train,high_high,0.0,2409.13,0.0405195,0.7981511792454568,9.98928429148463,2.0,48.35045347382663,1.9687819093817236,fields/v43_ad_n2_3__high_high.npz,structure_features/v43_ad_n2_3__high_high.npz,1.0,10.395428888,16.1003426236,0.812289192984,0.70032900818,1.0,29.5688144351,16.6356324487,0.783493016826,0.896493498992,0.0,0.0,0.0,0.0,0.0,0.0,0.0,0.0,0.0,0.0,0.0,0.0,0.0,0.0,0.0,0.0,0.0,0.0,0.0,0.0
v43_structure,v43_ad_n2_4__center,train_adaptive_n2,train_adaptive_n2,train,center,0.0,1758.995,0.017931,1.0536704669250159,11.722211890445715,2.0,44.626204506595364,2.2793776948308633,fields/v43_ad_n2_4__center.npz,structure_features/v43_ad_n2_4__center.npz,1.0,12.3236575993,15.190183639,1.20289141772,1.33671512579,1.0,28.6916498466,18.4410293883,0.866875174691,0.808200149497,0.0,0.0,0.0,0.0,0.0,0.0,0.0,0.0,0.0,0.0,0.0,0.0,0.0,0.0,0.0,0.0,0.0,0.0,0.0,0.0
v43_structure,v43_ad_n2_4__low_low,train_adaptive_n2,train_adaptive_n2,train,low_low,0.0,1141.205,0.0073285,1.0536704669250159,11.722211890445715,2.0,44.626204506595364,2.2793776948308633,fields/v43_ad_n2_4__low_low.npz,structure_features/v43_ad_n2_4__low_low.npz,1.0,12.3236575993,15.190183639,1.20289141772,1.33671512579,1.0,28.6916498466,18.4410293883,0.866875174691,0.808200149497,0.0,0.0,0.0,0.0,0.0,0.0,0.0,0.0,0.0,0.0,0.0,0.0,0.0,0.0,0.0,0.0,0.0,0.0,0.0,0.0
v43_structure,v43_ad_n2_4__high_low,train_adaptive_n2,train_adaptive_n2,train,high_low,0.0,2409.13,0.0073285,1.0536704669250159,11.722211890445715,2.0,44.626204506595364,2.2793776948308633,fields/v43_ad_n2_4__high_low.npz,structure_features/v43_ad_n2_4__high_low.npz,1.0,12.3236575993,15.190183639,1.20289141772,1.33671512579,1.0,28.6916498466,18.4410293883,0.866875174691,0.808200149497,0.0,0.0,0.0,0.0,0.0,0.0,0.0,0.0,0.0,0.0,0.0,0.0,0.0,0.0,0.0,0.0,0.0,0.0,0.0,0.0
v43_structure,v43_ad_n2_4__low_high,train_adaptive_n2,train_adaptive_n2,train,low_high,0.0,1141.205,0.0405195,1.0536704669250159,11.722211890445715,2.0,44.626204506595364,2.2793776948308633,fields/v43_ad_n2_4__low_high.npz,structure_features/v43_ad_n2_4__low_high.npz,1.0,12.3236575993,15.190183639,1.20289141772,1.33671512579,1.0,28.6916498466,18.4410293883,0.866875174691,0.808200149497,0.0,0.0,0.0,0.0,0.0,0.0,0.0,0.0,0.0,0.0,0.0,0.0,0.0,0.0,0.0,0.0,0.0,0.0,0.0,0.0
v43_structure,v43_ad_n2_4__high_high,train_adaptive_n2,train_adaptive_n2,train,high_high,0.0,2409.13,0.0405195,1.0536704669250159,11.722211890445715,2.0,44.626204506595364,2.2793776948308633,fields/v43_ad_n2_4__high_high.npz,structure_features/v43_ad_n2_4__high_high.npz,1.0,12.3236575993,15.190183639,1.20289141772,1.33671512579,1.0,28.6916498466,18.4410293883,0.866875174691,0.808200149497,0.0,0.0,0.0,0.0,0.0,0.0,0.0,0.0,0.0,0.0,0.0,0.0,0.0,0.0,0.0,0.0,0.0,0.0,0.0,0.0
v43_structure,v43_ad_n3_1__center,train_adaptive_n3,train_adaptive_n3,train,center,0.0,1758.995,0.017931,0.9110866365527128,2.037003289799305,3.0,14.88591471334898,3.437333338562123,fields/v43_ad_n3_1__center.npz,structure_features/v43_ad_n3_1__center.npz,1.0,2.43045832715,17.1101739006,0.786910074693,1.21767000306,1.0,4.21590139502,18.2272656051,0.707348500143,0.718872589852,1.0,11.0865426262,18.4320210699,1.05734012463,0.978378526934,0.0,0.0,0.0,0.0,0.0,0.0,0.0,0.0,0.0,0.0,0.0,0.0,0.0,0.0,0.0
v43_structure,v43_ad_n3_1__low_low,train_adaptive_n3,train_adaptive_n3,train,low_low,0.0,1141.205,0.0073285,0.9110866365527128,2.037003289799305,3.0,14.88591471334898,3.437333338562123,fields/v43_ad_n3_1__low_low.npz,structure_features/v43_ad_n3_1__low_low.npz,1.0,2.43045832715,17.1101739006,0.786910074693,1.21767000306,1.0,4.21590139502,18.2272656051,0.707348500143,0.718872589852,1.0,11.0865426262,18.4320210699,1.05734012463,0.978378526934,0.0,0.0,0.0,0.0,0.0,0.0,0.0,0.0,0.0,0.0,0.0,0.0,0.0,0.0,0.0
v43_structure,v43_ad_n3_1__high_low,train_adaptive_n3,train_adaptive_n3,train,high_low,0.0,2409.13,0.0073285,0.9110866365527128,2.037003289799305,3.0,14.88591471334898,3.437333338562123,fields/v43_ad_n3_1__high_low.npz,structure_features/v43_ad_n3_1__high_low.npz,1.0,2.43045832715,17.1101739006,0.786910074693,1.21767000306,1.0,4.21590139502,18.2272656051,0.707348500143,0.718872589852,1.0,11.0865426262,18.4320210699,1.05734012463,0.978378526934,0.0,0.0,0.0,0.0,0.0,0.0,0.0,0.0,0.0,0.0,0.0,0.0,0.0,0.0,0.0
v43_structure,v43_ad_n3_1__low_high,train_adaptive_n3,train_adaptive_n3,train,low_high,0.0,1141.205,0.0405195,0.9110866365527128,2.037003289799305,3.0,14.88591471334898,3.437333338562123,fields/v43_ad_n3_1__low_high.npz,structure_features/v43_ad_n3_1__low_high.npz,1.0,2.43045832715,17.1101739006,0.786910074693,1.21767000306,1.0,4.21590139502,18.2272656051,0.707348500143,0.718872589852,1.0,11.0865426262,18.4320210699,1.05734012463,0.978378526934,0.0,0.0,0.0,0.0,0.0,0.0,0.0,0.0,0.0,0.0,0.0,0.0,0.0,0.0,0.0
v43_structure,v43_ad_n3_1__high_high,train_adaptive_n3,train_adaptive_n3,train,high_high,0.0,2409.13,0.0405195,0.9110866365527128,2.037003289799305,3.0,14.88591471334898,3.437333338562123,fields/v43_ad_n3_1__high_high.npz,structure_features/v43_ad_n3_1__high_high.npz,1.0,2.43045832715,17.1101739006,0.786910074693,1.21767000306,1.0,4.21590139502,18.2272656051,0.707348500143,0.718872589852,1.0,11.0865426262,18.4320210699,1.05734012463,0.978378526934,0.0,0.0,0.0,0.0,0.0,0.0,0.0,0.0,0.0,0.0,0.0,0.0,0.0,0.0,0.0
v43_structure,v43_ad_n3_2__center,train_adaptive_n3,train_adaptive_n3,train,center,0.0,1758.995,0.017931,1.0220069068675544,13.069729198192036,3.0,36.47599165533096,2.2240944126199977,fields/v43_ad_n3_2__center.npz,structure_features/v43_ad_n3_2__center.npz,1.0,13.7055825816,15.4590891999,1.27170676672,0.943271430043,1.0,15.7007008449,17.8164011825,1.05995305423,1.05629973316,1.0,29.2351993178,16.7729676349,1.04803206133,0.752778395729,0.0,0.0,0.0,0.0,0.0,0.0,0.0,0.0,0.0,0.0,0.0,0.0,0.0,0.0,0.0
v43_structure,v43_ad_n3_2__low_low,train_adaptive_n3,train_adaptive_n3,train,low_low,0.0,1141.205,0.0073285,1.0220069068675544,13.069729198192036,3.0,36.47599165533096,2.2240944126199977,fields/v43_ad_n3_2__low_low.npz,structure_features/v43_ad_n3_2__low_low.npz,1.0,13.7055825816,15.4590891999,1.27170676672,0.943271430043,1.0,15.7007008449,17.8164011825,1.05995305423,1.05629973316,1.0,29.2351993178,16.7729676349,1.04803206133,0.752778395729,0.0,0.0,0.0,0.0,0.0,0.0,0.0,0.0,0.0,0.0,0.0,0.0,0.0,0.0,0.0
v43_structure,v43_ad_n3_2__high_low,train_adaptive_n3,train_adaptive_n3,train,high_low,0.0,2409.13,0.0073285,1.0220069068675544,13.069729198192036,3.0,36.47599165533096,2.2240944126199977,fields/v43_ad_n3_2__high_low.npz,structure_features/v43_ad_n3_2__high_low.npz,1.0,13.7055825816,15.4590891999,1.27170676672,0.943271430043,1.0,15.7007008449,17.8164011825,1.05995305423,1.05629973316,1.0,29.2351993178,16.7729676349,1.04803206133,0.752778395729,0.0,0.0,0.0,0.0,0.0,0.0,0.0,0.0,0.0,0.0,0.0,0.0,0.0,0.0,0.0
v43_structure,v43_ad_n3_2__low_high,train_adaptive_n3,train_adaptive_n3,train,low_high,0.0,1141.205,0.0405195,1.0220069068675544,13.069729198192036,3.0,36.47599165533096,2.2240944126199977,fields/v43_ad_n3_2__low_high.npz,structure_features/v43_ad_n3_2__low_high.npz,1.0,13.7055825816,15.4590891999,1.27170676672,0.943271430043,1.0,15.7007008449,17.8164011825,1.05995305423,1.05629973316,1.0,29.2351993178,16.7729676349,1.04803206133,0.752778395729,0.0,0.0,0.0,0.0,0.0,0.0,0.0,0.0,0.0,0.0,0.0,0.0,0.0,0.0,0.0
v43_structure,v43_ad_n3_2__high_high,train_adaptive_n3,train_adaptive_n3,train,high_high,0.0,2409.13,0.0405195,1.0220069068675544,13.069729198192036,3.0,36.47599165533096,2.2240944126199977,fields/v43_ad_n3_2__high_high.npz,structure_features/v43_ad_n3_2__high_high.npz,1.0,13.7055825816,15.4590891999,1.27170676672,0.943271430043,1.0,15.7007008449,17.8164011825,1.05995305423,1.05629973316,1.0,29.2351993178,16.7729676349,1.04803206133,0.752778395729,0.0,0.0,0.0,0.0,0.0,0.0,0.0,0.0,0.0,0.0,0.0,0.0,0.0,0.0,0.0
v43_structure,v43_ad_n3_3__center,train_adaptive_n3,train_adaptive_n3,train,center,0.0,1758.995,0.017931,0.9345382700578027,3.376095020285711,3.0,9.965642433907488,1.213948859826255,fields/v43_ad_n3_3__center.npz,structure_features/v43_ad_n3_3__center.npz,1.0,3.88988271231,16.0291420835,1.02757538404,0.708998569182,1.0,5.42640956396,15.7031701286,0.804558578876,1.05139866271,1.0,8.16799970587,15.4556664274,0.682831537492,1.33186688805,0.0,0.0,0.0,0.0,0.0,0.0,0.0,0.0,0.0,0.0,0.0,0.0,0.0,0.0,0.0
v43_structure,v43_ad_n3_3__low_low,train_adaptive_n3,train_adaptive_n3,train,low_low,0.0,1141.205,0.0073285,0.9345382700578027,3.376095020285711,3.0,9.965642433907488,1.213948859826255,fields/v43_ad_n3_3__low_low.npz,structure_features/v43_ad_n3_3__low_low.npz,1.0,3.88988271231,16.0291420835,1.02757538404,0.708998569182,1.0,5.42640956396,15.7031701286,0.804558578876,1.05139866271,1.0,8.16799970587,15.4556664274,0.682831537492,1.33186688805,0.0,0.0,0.0,0.0,0.0,0.0,0.0,0.0,0.0,0.0,0.0,0.0,0.0,0.0,0.0
v43_structure,v43_ad_n3_3__high_low,train_adaptive_n3,train_adaptive_n3,train,high_low,0.0,2409.13,0.0073285,0.9345382700578027,3.376095020285711,3.0,9.965642433907488,1.213948859826255,fields/v43_ad_n3_3__high_low.npz,structure_features/v43_ad_n3_3__high_low.npz,1.0,3.88988271231,16.0291420835,1.02757538404,0.708998569182,1.0,5.42640956396,15.7031701286,0.804558578876,1.05139866271,1.0,8.16799970587,15.4556664274,0.682831537492,1.33186688805,0.0,0.0,0.0,0.0,0.0,0.0,0.0,0.0,0.0,0.0,0.0,0.0,0.0,0.0,0.0
v43_structure,v43_ad_n3_3__low_high,train_adaptive_n3,train_adaptive_n3,train,low_high,0.0,1141.205,0.0405195,0.9345382700578027,3.376095020285711,3.0,9.965642433907488,1.213948859826255,fields/v43_ad_n3_3__low_high.npz,structure_features/v43_ad_n3_3__low_high.npz,1.0,3.88988271231,16.0291420835,1.02757538404,0.708998569182,1.0,5.42640956396,15.7031701286,0.804558578876,1.05139866271,1.0,8.16799970587,15.4556664274,0.682831537492,1.33186688805,0.0,0.0,0.0,0.0,0.0,0.0,0.0,0.0,0.0,0.0,0.0,0.0,0.0,0.0,0.0
v43_structure,v43_ad_n3_3__high_high,train_adaptive_n3,train_adaptive_n3,train,high_high,0.0,2409.13,0.0405195,0.9345382700578027,3.376095020285711,3.0,9.965642433907488,1.213948859826255,fields/v43_ad_n3_3__high_high.npz,structure_features/v43_ad_n3_3__high_high.npz,1.0,3.88988271231,16.0291420835,1.02757538404,0.708998569182,1.0,5.42640956396,15.7031701286,0.804558578876,1.05139866271,1.0,8.16799970587,15.4556664274,0.682831537492,1.33186688805,0.0,0.0,0.0,0.0,0.0,0.0,0.0,0.0,0.0,0.0,0.0,0.0,0.0,0.0,0.0
v43_structure,v43_ad_n3_4__center,train_adaptive_n3,train_adaptive_n3,train,center,0.0,1758.995,0.017931,0.8917638923460588,2.0310529666397548,3.0,41.97959232063256,2.121347282189337,fields/v43_ad_n3_4__center.npz,structure_features/v43_ad_n3_4__center.npz,1.0,2.65248798957,18.5182592682,1.24287004586,0.704595980758,1.0,27.6270557469,16.0097336291,0.900778447521,0.670668381861,1.0,29.2599002455,14.8555023268,1.16802810574,0.66364239233,0.0,0.0,0.0,0.0,0.0,0.0,0.0,0.0,0.0,0.0,0.0,0.0,0.0,0.0,0.0
v43_structure,v43_ad_n3_4__high_low,train_adaptive_n3,train_adaptive_n3,train,high_low,0.0,2409.13,0.0073285,0.8917638923460588,2.0310529666397548,3.0,41.97959232063256,2.121347282189337,fields/v43_ad_n3_4__high_low.npz,structure_features/v43_ad_n3_4__high_low.npz,1.0,2.65248798957,18.5182592682,1.24287004586,0.704595980758,1.0,27.6270557469,16.0097336291,0.900778447521,0.670668381861,1.0,29.2599002455,14.8555023268,1.16802810574,0.66364239233,0.0,0.0,0.0,0.0,0.0,0.0,0.0,0.0,0.0,0.0,0.0,0.0,0.0,0.0,0.0
v43_structure,v43_ad_n3_4__low_high,train_adaptive_n3,train_adaptive_n3,train,low_high,0.0,1141.205,0.0405195,0.8917638923460588,2.0310529666397548,3.0,41.97959232063256,2.121347282189337,fields/v43_ad_n3_4__low_high.npz,structure_features/v43_ad_n3_4__low_high.npz,1.0,2.65248798957,18.5182592682,1.24287004586,0.704595980758,1.0,27.6270557469,16.0097336291,0.900778447521,0.670668381861,1.0,29.2599002455,14.8555023268,1.16802810574,0.66364239233,0.0,0.0,0.0,0.0,0.0,0.0,0.0,0.0,0.0,0.0,0.0,0.0,0.0,0.0,0.0
v43_structure,v43_ad_n3_4__high_high,train_adaptive_n3,train_adaptive_n3,train,high_high,0.0,2409.13,0.0405195,0.8917638923460588,2.0310529666397548,3.0,41.97959232063256,2.121347282189337,fields/v43_ad_n3_4__high_high.npz,structure_features/v43_ad_n3_4__high_high.npz,1.0,2.65248798957,18.5182592682,1.24287004586,0.704595980758,1.0,27.6270557469,16.0097336291,0.900778447521,0.670668381861,1.0,29.2599002455,14.8555023268,1.16802810574,0.66364239233,0.0,0.0,0.0,0.0,0.0,0.0,0.0,0.0,0.0,0.0,0.0,0.0,0.0,0.0,0.0
v43_structure,v43_ad_n4_1__center,train_adaptive_n4,train_adaptive_n4,train,center,0.0,1758.995,0.017931,0.8507567160798297,2.010388308304281,4.0,17.717058463217374,2.875908544374475,fields/v43_ad_n4_1__center.npz,structure_features/v43_ad_n4_1__center.npz,1.0,2.47526530715,16.0332398558,0.929753997698,0.805690771374,1.0,3.74536612856,18.1397219126,0.678259897793,0.654079016344,1.0,5.82413027438,17.8635956297,0.986928821404,0.96638870371,1.0,14.2208012751,17.1537108174,0.837842935653,0.947109584663,0.0,0.0,0.0,0.0,0.0,0.0,0.0,0.0,0.0,0.0
v43_structure,v43_ad_n4_1__low_low,train_adaptive_n4,train_adaptive_n4,train,low_low,0.0,1141.205,0.0073285,0.8507567160798297,2.010388308304281,4.0,17.717058463217374,2.875908544374475,fields/v43_ad_n4_1__low_low.npz,structure_features/v43_ad_n4_1__low_low.npz,1.0,2.47526530715,16.0332398558,0.929753997698,0.805690771374,1.0,3.74536612856,18.1397219126,0.678259897793,0.654079016344,1.0,5.82413027438,17.8635956297,0.986928821404,0.96638870371,1.0,14.2208012751,17.1537108174,0.837842935653,0.947109584663,0.0,0.0,0.0,0.0,0.0,0.0,0.0,0.0,0.0,0.0
v43_structure,v43_ad_n4_1__high_low,train_adaptive_n4,train_adaptive_n4,train,high_low,0.0,2409.13,0.0073285,0.8507567160798297,2.010388308304281,4.0,17.717058463217374,2.875908544374475,fields/v43_ad_n4_1__high_low.npz,structure_features/v43_ad_n4_1__high_low.npz,1.0,2.47526530715,16.0332398558,0.929753997698,0.805690771374,1.0,3.74536612856,18.1397219126,0.678259897793,0.654079016344,1.0,5.82413027438,17.8635956297,0.986928821404,0.96638870371,1.0,14.2208012751,17.1537108174,0.837842935653,0.947109584663,0.0,0.0,0.0,0.0,0.0,0.0,0.0,0.0,0.0,0.0
v43_structure,v43_ad_n4_1__low_high,train_adaptive_n4,train_adaptive_n4,train,low_high,0.0,1141.205,0.0405195,0.8507567160798297,2.010388308304281,4.0,17.717058463217374,2.875908544374475,fields/v43_ad_n4_1__low_high.npz,structure_features/v43_ad_n4_1__low_high.npz,1.0,2.47526530715,16.0332398558,0.929753997698,0.805690771374,1.0,3.74536612856,18.1397219126,0.678259897793,0.654079016344,1.0,5.82413027438,17.8635956297,0.986928821404,0.96638870371,1.0,14.2208012751,17.1537108174,0.837842935653,0.947109584663,0.0,0.0,0.0,0.0,0.0,0.0,0.0,0.0,0.0,0.0
v43_structure,v43_ad_n4_1__high_high,train_adaptive_n4,train_adaptive_n4,train,high_high,0.0,2409.13,0.0405195,0.8507567160798297,2.010388308304281,4.0,17.717058463217374,2.875908544374475,fields/v43_ad_n4_1__high_high.npz,structure_features/v43_ad_n4_1__high_high.npz,1.0,2.47526530715,16.0332398558,0.929753997698,0.805690771374,1.0,3.74536612856,18.1397219126,0.678259897793,0.654079016344,1.0,5.82413027438,17.8635956297,0.986928821404,0.96638870371,1.0,14.2208012751,17.1537108174,0.837842935653,0.947109584663,0.0,0.0,0.0,0.0,0.0,0.0,0.0,0.0,0.0,0.0
v43_structure,v43_ad_n4_2__center,train_adaptive_n4,train_adaptive_n4,train,center,0.0,1758.995,0.017931,0.9902743312612656,12.235292391241085,4.0,33.97992780591894,3.165187464092689,fields/v43_ad_n4_2__center.npz,structure_features/v43_ad_n4_2__center.npz,1.0,12.904052668,16.5119146916,1.33752055352,0.816804630133,1.0,14.9185996746,18.8914310863,0.687205663845,1.14312590082,1.0,27.4195222171,17.4791595412,1.02203242765,0.767688306068,1.0,29.1322747056,17.6542082942,1.12350849105,1.02430867701,0.0,0.0,0.0,0.0,0.0,0.0,0.0,0.0,0.0,0.0
v43_structure,v43_ad_n4_2__low_low,train_adaptive_n4,train_adaptive_n4,train,low_low,0.0,1141.205,0.0073285,0.9902743312612656,12.235292391241085,4.0,33.97992780591894,3.165187464092689,fields/v43_ad_n4_2__low_low.npz,structure_features/v43_ad_n4_2__low_low.npz,1.0,12.904052668,16.5119146916,1.33752055352,0.816804630133,1.0,14.9185996746,18.8914310863,0.687205663845,1.14312590082,1.0,27.4195222171,17.4791595412,1.02203242765,0.767688306068,1.0,29.1322747056,17.6542082942,1.12350849105,1.02430867701,0.0,0.0,0.0,0.0,0.0,0.0,0.0,0.0,0.0,0.0
v43_structure,v43_ad_n4_2__high_low,train_adaptive_n4,train_adaptive_n4,train,high_low,0.0,2409.13,0.0073285,0.9902743312612656,12.235292391241085,4.0,33.97992780591894,3.165187464092689,fields/v43_ad_n4_2__high_low.npz,structure_features/v43_ad_n4_2__high_low.npz,1.0,12.904052668,16.5119146916,1.33752055352,0.816804630133,1.0,14.9185996746,18.8914310863,0.687205663845,1.14312590082,1.0,27.4195222171,17.4791595412,1.02203242765,0.767688306068,1.0,29.1322747056,17.6542082942,1.12350849105,1.02430867701,0.0,0.0,0.0,0.0,0.0,0.0,0.0,0.0,0.0,0.0
v43_structure,v43_ad_n4_2__low_high,train_adaptive_n4,train_adaptive_n4,train,low_high,0.0,1141.205,0.0405195,0.9902743312612656,12.235292391241085,4.0,33.97992780591894,3.165187464092689,fields/v43_ad_n4_2__low_high.npz,structure_features/v43_ad_n4_2__low_high.npz,1.0,12.904052668,16.5119146916,1.33752055352,0.816804630133,1.0,14.9185996746,18.8914310863,0.687205663845,1.14312590082,1.0,27.4195222171,17.4791595412,1.02203242765,0.767688306068,1.0,29.1322747056,17.6542082942,1.12350849105,1.02430867701,0.0,0.0,0.0,0.0,0.0,0.0,0.0,0.0,0.0,0.0
v43_structure,v43_ad_n4_2__high_high,train_adaptive_n4,train_adaptive_n4,train,high_high,0.0,2409.13,0.0405195,0.9902743312612656,12.235292391241085,4.0,33.97992780591894,3.165187464092689,fields/v43_ad_n4_2__high_high.npz,structure_features/v43_ad_n4_2__high_high.npz,1.0,12.904052668,16.5119146916,1.33752055352,0.816804630133,1.0,14.9185996746,18.8914310863,0.687205663845,1.14312590082,1.0,27.4195222171,17.4791595412,1.02203242765,0.767688306068,1.0,29.1322747056,17.6542082942,1.12350849105,1.02430867701,0.0,0.0,0.0,0.0,0.0,0.0,0.0,0.0,0.0,0.0
v43_structure,v43_ad_n4_3__center,train_adaptive_n4,train_adaptive_n4,train,center,0.0,1758.995,0.017931,0.8958574056083238,4.156705959500682,4.0,34.43928595572622,2.0255537582755068,fields/v43_ad_n4_3__center.npz,structure_features/v43_ad_n4_3__center.npz,1.0,4.48353860121,17.0299274575,0.65366528341,0.918479765029,1.0,13.2153348913,15.919975254,1.02993448183,1.2733652844,1.0,20.402980005,15.1196847988,0.846874077834,0.790265237551,1.0,27.273725465,17.9196517598,0.862336927856,0.791938186953,0.0,0.0,0.0,0.0,0.0,0.0,0.0,0.0,0.0,0.0
v43_structure,v43_ad_n4_3__low_low,train_adaptive_n4,train_adaptive_n4,train,low_low,0.0,1141.205,0.0073285,0.8958574056083238,4.156705959500682,4.0,34.43928595572622,2.0255537582755068,fields/v43_ad_n4_3__low_low.npz,structure_features/v43_ad_n4_3__low_low.npz,1.0,4.48353860121,17.0299274575,0.65366528341,0.918479765029,1.0,13.2153348913,15.919975254,1.02993448183,1.2733652844,1.0,20.402980005,15.1196847988,0.846874077834,0.790265237551,1.0,27.273725465,17.9196517598,0.862336927856,0.791938186953,0.0,0.0,0.0,0.0,0.0,0.0,0.0,0.0,0.0,0.0
v43_structure,v43_ad_n4_3__high_low,train_adaptive_n4,train_adaptive_n4,train,high_low,0.0,2409.13,0.0073285,0.8958574056083238,4.156705959500682,4.0,34.43928595572622,2.0255537582755068,fields/v43_ad_n4_3__high_low.npz,structure_features/v43_ad_n4_3__high_low.npz,1.0,4.48353860121,17.0299274575,0.65366528341,0.918479765029,1.0,13.2153348913,15.919975254,1.02993448183,1.2733652844,1.0,20.402980005,15.1196847988,0.846874077834,0.790265237551,1.0,27.273725465,17.9196517598,0.862336927856,0.791938186953,0.0,0.0,0.0,0.0,0.0,0.0,0.0,0.0,0.0,0.0
v43_structure,v43_ad_n4_3__low_high,train_adaptive_n4,train_adaptive_n4,train,low_high,0.0,1141.205,0.0405195,0.8958574056083238,4.156705959500682,4.0,34.43928595572622,2.0255537582755068,fields/v43_ad_n4_3__low_high.npz,structure_features/v43_ad_n4_3__low_high.npz,1.0,4.48353860121,17.0299274575,0.65366528341,0.918479765029,1.0,13.2153348913,15.919975254,1.02993448183,1.2733652844,1.0,20.402980005,15.1196847988,0.846874077834,0.790265237551,1.0,27.273725465,17.9196517598,0.862336927856,0.791938186953,0.0,0.0,0.0,0.0,0.0,0.0,0.0,0.0,0.0,0.0
v43_structure,v43_ad_n4_3__high_high,train_adaptive_n4,train_adaptive_n4,train,high_high,0.0,2409.13,0.0405195,0.8958574056083238,4.156705959500682,4.0,34.43928595572622,2.0255537582755068,fields/v43_ad_n4_3__high_high.npz,structure_features/v43_ad_n4_3__high_high.npz,1.0,4.48353860121,17.0299274575,0.65366528341,0.918479765029,1.0,13.2153348913,15.919975254,1.02993448183,1.2733652844,1.0,20.402980005,15.1196847988,0.846874077834,0.790265237551,1.0,27.273725465,17.9196517598,0.862336927856,0.791938186953,0.0,0.0,0.0,0.0,0.0,0.0,0.0,0.0,0.0,0.0
v43_structure,v43_ad_n4_4__center,train_adaptive_n4,train_adaptive_n4,train,center,0.0,1758.995,0.017931,0.94823556457756,2.9092573685271055,4.0,37.1139902613909,2.247500884626618,fields/v43_ad_n4_4__center.npz,structure_features/v43_ad_n4_4__center.npz,1.0,3.26607497144,17.7309550756,0.713635205823,0.933495617239,1.0,25.2926182696,15.1671635741,0.803152267897,1.00892062534,1.0,26.7512822923,15.5027802257,1.03553982082,1.32112002195,1.0,29.0326247117,18.5983989104,1.01496872742,0.755052230127,0.0,0.0,0.0,0.0,0.0,0.0,0.0,0.0,0.0,0.0
v43_structure,v43_ad_n4_4__low_low,train_adaptive_n4,train_adaptive_n4,train,low_low,0.0,1141.205,0.0073285,0.94823556457756,2.9092573685271055,4.0,37.1139902613909,2.247500884626618,fields/v43_ad_n4_4__low_low.npz,structure_features/v43_ad_n4_4__low_low.npz,1.0,3.26607497144,17.7309550756,0.713635205823,0.933495617239,1.0,25.2926182696,15.1671635741,0.803152267897,1.00892062534,1.0,26.7512822923,15.5027802257,1.03553982082,1.32112002195,1.0,29.0326247117,18.5983989104,1.01496872742,0.755052230127,0.0,0.0,0.0,0.0,0.0,0.0,0.0,0.0,0.0,0.0
v43_structure,v43_ad_n4_4__high_low,train_adaptive_n4,train_adaptive_n4,train,high_low,0.0,2409.13,0.0073285,0.94823556457756,2.9092573685271055,4.0,37.1139902613909,2.247500884626618,fields/v43_ad_n4_4__high_low.npz,structure_features/v43_ad_n4_4__high_low.npz,1.0,3.26607497144,17.7309550756,0.713635205823,0.933495617239,1.0,25.2926182696,15.1671635741,0.803152267897,1.00892062534,1.0,26.7512822923,15.5027802257,1.03553982082,1.32112002195,1.0,29.0326247117,18.5983989104,1.01496872742,0.755052230127,0.0,0.0,0.0,0.0,0.0,0.0,0.0,0.0,0.0,0.0
v43_structure,v43_ad_n4_4__low_high,train_adaptive_n4,train_adaptive_n4,train,low_high,0.0,1141.205,0.0405195,0.94823556457756,2.9092573685271055,4.0,37.1139902613909,2.247500884626618,fields/v43_ad_n4_4__low_high.npz,structure_features/v43_ad_n4_4__low_high.npz,1.0,3.26607497144,17.7309550756,0.713635205823,0.933495617239,1.0,25.2926182696,15.1671635741,0.803152267897,1.00892062534,1.0,26.7512822923,15.5027802257,1.03553982082,1.32112002195,1.0,29.0326247117,18.5983989104,1.01496872742,0.755052230127,0.0,0.0,0.0,0.0,0.0,0.0,0.0,0.0,0.0,0.0
v43_structure,v43_ad_n4_4__high_high,train_adaptive_n4,train_adaptive_n4,train,high_high,0.0,2409.13,0.0405195,0.94823556457756,2.9092573685271055,4.0,37.1139902613909,2.247500884626618,fields/v43_ad_n4_4__high_high.npz,structure_features/v43_ad_n4_4__high_high.npz,1.0,3.26607497144,17.7309550756,0.713635205823,0.933495617239,1.0,25.2926182696,15.1671635741,0.803152267897,1.00892062534,1.0,26.7512822923,15.5027802257,1.03553982082,1.32112002195,1.0,29.0326247117,18.5983989104,1.01496872742,0.755052230127,0.0,0.0,0.0,0.0,0.0,0.0,0.0,0.0,0.0,0.0
v43_structure,v43_ad_n5_1__center,train_adaptive_n5,train_adaptive_n5,train,center,0.0,1758.995,0.017931,0.9674653370967201,2.001458514441697,5.0,34.2344778784132,2.740403702811669,fields/v43_ad_n5_1__center.npz,structure_features/v43_ad_n5_1__center.npz,1.0,2.43621772503,18.6302137477,0.869518421169,1.25462682761,1.0,3.99441316971,18.5710702838,0.953287192091,1.22386366655,1.0,5.68311355977,18.1074957653,0.876886250635,0.764837980409,1.0,9.05346188764,15.0539020468,0.757808580974,0.689940931725,1.0,28.2815995285,15.9394460326,1.01693420182,1.26694931799,0.0,0.0,0.0,0.0,0.0
v43_structure,v43_ad_n5_1__low_low,train_adaptive_n5,train_adaptive_n5,train,low_low,0.0,1141.205,0.0073285,0.9674653370967201,2.001458514441697,5.0,34.2344778784132,2.740403702811669,fields/v43_ad_n5_1__low_low.npz,structure_features/v43_ad_n5_1__low_low.npz,1.0,2.43621772503,18.6302137477,0.869518421169,1.25462682761,1.0,3.99441316971,18.5710702838,0.953287192091,1.22386366655,1.0,5.68311355977,18.1074957653,0.876886250635,0.764837980409,1.0,9.05346188764,15.0539020468,0.757808580974,0.689940931725,1.0,28.2815995285,15.9394460326,1.01693420182,1.26694931799,0.0,0.0,0.0,0.0,0.0
v43_structure,v43_ad_n5_1__high_low,train_adaptive_n5,train_adaptive_n5,train,high_low,0.0,2409.13,0.0073285,0.9674653370967201,2.001458514441697,5.0,34.2344778784132,2.740403702811669,fields/v43_ad_n5_1__high_low.npz,structure_features/v43_ad_n5_1__high_low.npz,1.0,2.43621772503,18.6302137477,0.869518421169,1.25462682761,1.0,3.99441316971,18.5710702838,0.953287192091,1.22386366655,1.0,5.68311355977,18.1074957653,0.876886250635,0.764837980409,1.0,9.05346188764,15.0539020468,0.757808580974,0.689940931725,1.0,28.2815995285,15.9394460326,1.01693420182,1.26694931799,0.0,0.0,0.0,0.0,0.0
v43_structure,v43_ad_n5_1__low_high,train_adaptive_n5,train_adaptive_n5,train,low_high,0.0,1141.205,0.0405195,0.9674653370967201,2.001458514441697,5.0,34.2344778784132,2.740403702811669,fields/v43_ad_n5_1__low_high.npz,structure_features/v43_ad_n5_1__low_high.npz,1.0,2.43621772503,18.6302137477,0.869518421169,1.25462682761,1.0,3.99441316971,18.5710702838,0.953287192091,1.22386366655,1.0,5.68311355977,18.1074957653,0.876886250635,0.764837980409,1.0,9.05346188764,15.0539020468,0.757808580974,0.689940931725,1.0,28.2815995285,15.9394460326,1.01693420182,1.26694931799,0.0,0.0,0.0,0.0,0.0
v43_structure,v43_ad_n5_1__high_high,train_adaptive_n5,train_adaptive_n5,train,high_high,0.0,2409.13,0.0405195,0.9674653370967201,2.001458514441697,5.0,34.2344778784132,2.740403702811669,fields/v43_ad_n5_1__high_high.npz,structure_features/v43_ad_n5_1__high_high.npz,1.0,2.43621772503,18.6302137477,0.869518421169,1.25462682761,1.0,3.99441316971,18.5710702838,0.953287192091,1.22386366655,1.0,5.68311355977,18.1074957653,0.876886250635,0.764837980409,1.0,9.05346188764,15.0539020468,0.757808580974,0.689940931725,1.0,28.2815995285,15.9394460326,1.01693420182,1.26694931799,0.0,0.0,0.0,0.0,0.0
v43_structure,v43_ad_n5_2__center,train_adaptive_n5,train_adaptive_n5,train,center,0.0,1758.995,0.017931,0.9404218201857109,2.0833301343833317,5.0,35.02398055401355,2.542037764139206,fields/v43_ad_n5_2__center.npz,structure_features/v43_ad_n5_2__center.npz,1.0,2.56468295002,16.4676325974,0.962705631279,0.673012195542,1.0,14.9141399748,17.3375416022,0.792792939283,0.967736908451,1.0,16.5843589846,18.3218432754,0.936915694661,0.750171905472,1.0,26.9148197906,15.3592003979,1.02365595876,1.26290269337,1.0,28.9914251689,17.493914767,1.14826033928,0.886063935767,0.0,0.0,0.0,0.0,0.0
v43_structure,v43_ad_n5_2__low_low,train_adaptive_n5,train_adaptive_n5,train,low_low,0.0,1141.205,0.0073285,0.9404218201857109,2.0833301343833317,5.0,35.02398055401355,2.542037764139206,fields/v43_ad_n5_2__low_low.npz,structure_features/v43_ad_n5_2__low_low.npz,1.0,2.56468295002,16.4676325974,0.962705631279,0.673012195542,1.0,14.9141399748,17.3375416022,0.792792939283,0.967736908451,1.0,16.5843589846,18.3218432754,0.936915694661,0.750171905472,1.0,26.9148197906,15.3592003979,1.02365595876,1.26290269337,1.0,28.9914251689,17.493914767,1.14826033928,0.886063935767,0.0,0.0,0.0,0.0,0.0
v43_structure,v43_ad_n5_2__high_low,train_adaptive_n5,train_adaptive_n5,train,high_low,0.0,2409.13,0.0073285,0.9404218201857109,2.0833301343833317,5.0,35.02398055401355,2.542037764139206,fields/v43_ad_n5_2__high_low.npz,structure_features/v43_ad_n5_2__high_low.npz,1.0,2.56468295002,16.4676325974,0.962705631279,0.673012195542,1.0,14.9141399748,17.3375416022,0.792792939283,0.967736908451,1.0,16.5843589846,18.3218432754,0.936915694661,0.750171905472,1.0,26.9148197906,15.3592003979,1.02365595876,1.26290269337,1.0,28.9914251689,17.493914767,1.14826033928,0.886063935767,0.0,0.0,0.0,0.0,0.0
v43_structure,v43_ad_n5_2__low_high,train_adaptive_n5,train_adaptive_n5,train,low_high,0.0,1141.205,0.0405195,0.9404218201857109,2.0833301343833317,5.0,35.02398055401355,2.542037764139206,fields/v43_ad_n5_2__low_high.npz,structure_features/v43_ad_n5_2__low_high.npz,1.0,2.56468295002,16.4676325974,0.962705631279,0.673012195542,1.0,14.9141399748,17.3375416022,0.792792939283,0.967736908451,1.0,16.5843589846,18.3218432754,0.936915694661,0.750171905472,1.0,26.9148197906,15.3592003979,1.02365595876,1.26290269337,1.0,28.9914251689,17.493914767,1.14826033928,0.886063935767,0.0,0.0,0.0,0.0,0.0
v43_structure,v43_ad_n5_2__high_high,train_adaptive_n5,train_adaptive_n5,train,high_high,0.0,2409.13,0.0405195,0.9404218201857109,2.0833301343833317,5.0,35.02398055401355,2.542037764139206,fields/v43_ad_n5_2__high_high.npz,structure_features/v43_ad_n5_2__high_high.npz,1.0,2.56468295002,16.4676325974,0.962705631279,0.673012195542,1.0,14.9141399748,17.3375416022,0.792792939283,0.967736908451,1.0,16.5843589846,18.3218432754,0.936915694661,0.750171905472,1.0,26.9148197906,15.3592003979,1.02365595876,1.26290269337,1.0,28.9914251689,17.493914767,1.14826033928,0.886063935767,0.0,0.0,0.0,0.0,0.0
v43_structure,v43_ad_n5_3__center,train_adaptive_n5,train_adaptive_n5,train,center,0.0,1758.995,0.017931,0.995389677349378,9.829384413036555,5.0,33.875416220775826,2.5317124434918625,fields/v43_ad_n5_3__center.npz,structure_features/v43_ad_n5_3__center.npz,1.0,10.3156546911,17.7227051505,0.972540556089,0.812340328188,1.0,11.9162591792,18.0938233102,1.1008460744,1.00519070798,1.0,14.4202916791,15.3849689332,0.866436280122,0.94668311944,1.0,27.1547123484,16.3894065664,0.819158178268,1.2064689801,1.0,29.533081517,17.7030940968,0.924044005451,1.30018854346,0.0,0.0,0.0,0.0,0.0
v43_structure,v43_ad_n5_3__low_low,train_adaptive_n5,train_adaptive_n5,train,low_low,0.0,1141.205,0.0073285,0.995389677349378,9.829384413036555,5.0,33.875416220775826,2.5317124434918625,fields/v43_ad_n5_3__low_low.npz,structure_features/v43_ad_n5_3__low_low.npz,1.0,10.3156546911,17.7227051505,0.972540556089,0.812340328188,1.0,11.9162591792,18.0938233102,1.1008460744,1.00519070798,1.0,14.4202916791,15.3849689332,0.866436280122,0.94668311944,1.0,27.1547123484,16.3894065664,0.819158178268,1.2064689801,1.0,29.533081517,17.7030940968,0.924044005451,1.30018854346,0.0,0.0,0.0,0.0,0.0
v43_structure,v43_ad_n5_3__high_low,train_adaptive_n5,train_adaptive_n5,train,high_low,0.0,2409.13,0.0073285,0.995389677349378,9.829384413036555,5.0,33.875416220775826,2.5317124434918625,fields/v43_ad_n5_3__high_low.npz,structure_features/v43_ad_n5_3__high_low.npz,1.0,10.3156546911,17.7227051505,0.972540556089,0.812340328188,1.0,11.9162591792,18.0938233102,1.1008460744,1.00519070798,1.0,14.4202916791,15.3849689332,0.866436280122,0.94668311944,1.0,27.1547123484,16.3894065664,0.819158178268,1.2064689801,1.0,29.533081517,17.7030940968,0.924044005451,1.30018854346,0.0,0.0,0.0,0.0,0.0
v43_structure,v43_ad_n5_3__low_high,train_adaptive_n5,train_adaptive_n5,train,low_high,0.0,1141.205,0.0405195,0.995389677349378,9.829384413036555,5.0,33.875416220775826,2.5317124434918625,fields/v43_ad_n5_3__low_high.npz,structure_features/v43_ad_n5_3__low_high.npz,1.0,10.3156546911,17.7227051505,0.972540556089,0.812340328188,1.0,11.9162591792,18.0938233102,1.1008460744,1.00519070798,1.0,14.4202916791,15.3849689332,0.866436280122,0.94668311944,1.0,27.1547123484,16.3894065664,0.819158178268,1.2064689801,1.0,29.533081517,17.7030940968,0.924044005451,1.30018854346,0.0,0.0,0.0,0.0,0.0
v43_structure,v43_ad_n5_3__high_high,train_adaptive_n5,train_adaptive_n5,train,high_high,0.0,2409.13,0.0405195,0.995389677349378,9.829384413036555,5.0,33.875416220775826,2.5317124434918625,fields/v43_ad_n5_3__high_high.npz,structure_features/v43_ad_n5_3__high_high.npz,1.0,10.3156546911,17.7227051505,0.972540556089,0.812340328188,1.0,11.9162591792,18.0938233102,1.1008460744,1.00519070798,1.0,14.4202916791,15.3849689332,0.866436280122,0.94668311944,1.0,27.1547123484,16.3894065664,0.819158178268,1.2064689801,1.0,29.533081517,17.7030940968,0.924044005451,1.30018854346,0.0,0.0,0.0,0.0,0.0
v43_structure,v43_ad_n5_4__center,train_adaptive_n5,train_adaptive_n5,train,center,0.0,1758.995,0.017931,1.0397472858177055,3.000270389072435,5.0,34.49169281052567,2.907232939316714,fields/v43_ad_n5_4__center.npz,structure_features/v43_ad_n5_4__center.npz,1.0,3.48020762987,18.5832830435,0.959874481596,1.08004445183,1.0,5.30140016142,15.9496690885,1.04353723736,1.19251574013,1.0,6.83044448273,18.4409385498,0.761822019741,0.68959374965,1.0,10.6363705018,16.4847128463,1.17851543868,1.17116297417,1.0,28.7892378716,17.6796203875,1.24960524298,1.07080152205,0.0,0.0,0.0,0.0,0.0
v43_structure,v43_ad_n5_4__low_low,train_adaptive_n5,train_adaptive_n5,train,low_low,0.0,1141.205,0.0073285,1.0397472858177055,3.000270389072435,5.0,34.49169281052567,2.907232939316714,fields/v43_ad_n5_4__low_low.npz,structure_features/v43_ad_n5_4__low_low.npz,1.0,3.48020762987,18.5832830435,0.959874481596,1.08004445183,1.0,5.30140016142,15.9496690885,1.04353723736,1.19251574013,1.0,6.83044448273,18.4409385498,0.761822019741,0.68959374965,1.0,10.6363705018,16.4847128463,1.17851543868,1.17116297417,1.0,28.7892378716,17.6796203875,1.24960524298,1.07080152205,0.0,0.0,0.0,0.0,0.0
v43_structure,v43_ad_n5_4__high_low,train_adaptive_n5,train_adaptive_n5,train,high_low,0.0,2409.13,0.0073285,1.0397472858177055,3.000270389072435,5.0,34.49169281052567,2.907232939316714,fields/v43_ad_n5_4__high_low.npz,structure_features/v43_ad_n5_4__high_low.npz,1.0,3.48020762987,18.5832830435,0.959874481596,1.08004445183,1.0,5.30140016142,15.9496690885,1.04353723736,1.19251574013,1.0,6.83044448273,18.4409385498,0.761822019741,0.68959374965,1.0,10.6363705018,16.4847128463,1.17851543868,1.17116297417,1.0,28.7892378716,17.6796203875,1.24960524298,1.07080152205,0.0,0.0,0.0,0.0,0.0
v43_structure,v43_ad_n5_4__low_high,train_adaptive_n5,train_adaptive_n5,train,low_high,0.0,1141.205,0.0405195,1.0397472858177055,3.000270389072435,5.0,34.49169281052567,2.907232939316714,fields/v43_ad_n5_4__low_high.npz,structure_features/v43_ad_n5_4__low_high.npz,1.0,3.48020762987,18.5832830435,0.959874481596,1.08004445183,1.0,5.30140016142,15.9496690885,1.04353723736,1.19251574013,1.0,6.83044448273,18.4409385498,0.761822019741,0.68959374965,1.0,10.6363705018,16.4847128463,1.17851543868,1.17116297417,1.0,28.7892378716,17.6796203875,1.24960524298,1.07080152205,0.0,0.0,0.0,0.0,0.0
v43_structure,v43_ad_n5_4__high_high,train_adaptive_n5,train_adaptive_n5,train,high_high,0.0,2409.13,0.0405195,1.0397472858177055,3.000270389072435,5.0,34.49169281052567,2.907232939316714,fields/v43_ad_n5_4__high_high.npz,structure_features/v43_ad_n5_4__high_high.npz,1.0,3.48020762987,18.5832830435,0.959874481596,1.08004445183,1.0,5.30140016142,15.9496690885,1.04353723736,1.19251574013,1.0,6.83044448273,18.4409385498,0.761822019741,0.68959374965,1.0,10.6363705018,16.4847128463,1.17851543868,1.17116297417,1.0,28.7892378716,17.6796203875,1.24960524298,1.07080152205,0.0,0.0,0.0,0.0,0.0
v43_structure,v43_ad_n6_1__center,train_adaptive_n6,train_adaptive_n6,train,center,0.0,1758.995,0.017931,0.9873409841404602,8.489667020938963,6.0,32.90487590461462,2.117744316263675,fields/v43_ad_n6_1__center.npz,structure_features/v43_ad_n6_1__center.npz,1.0,8.88883632029,15.4158147747,0.798338598705,1.17161144451,1.0,13.3987339958,18.1180741241,1.13812215021,1.04583752841,1.0,25.0936567703,15.4073698448,1.10670081284,0.833736645153,1.0,26.6186891693,18.2194370795,0.691189001582,1.20082148012,1.0,27.8319162439,17.3749190207,0.822894044241,0.754606247047,1.0,29.3710828694,15.2536183803,1.12531254915,1.15892130772
v43_structure,v43_ad_n6_1__low_low,train_adaptive_n6,train_adaptive_n6,train,low_low,0.0,1141.205,0.0073285,0.9873409841404602,8.489667020938963,6.0,32.90487590461462,2.117744316263675,fields/v43_ad_n6_1__low_low.npz,structure_features/v43_ad_n6_1__low_low.npz,1.0,8.88883632029,15.4158147747,0.798338598705,1.17161144451,1.0,13.3987339958,18.1180741241,1.13812215021,1.04583752841,1.0,25.0936567703,15.4073698448,1.10670081284,0.833736645153,1.0,26.6186891693,18.2194370795,0.691189001582,1.20082148012,1.0,27.8319162439,17.3749190207,0.822894044241,0.754606247047,1.0,29.3710828694,15.2536183803,1.12531254915,1.15892130772
v43_structure,v43_ad_n6_1__high_low,train_adaptive_n6,train_adaptive_n6,train,high_low,0.0,2409.13,0.0073285,0.9873409841404602,8.489667020938963,6.0,32.90487590461462,2.117744316263675,fields/v43_ad_n6_1__high_low.npz,structure_features/v43_ad_n6_1__high_low.npz,1.0,8.88883632029,15.4158147747,0.798338598705,1.17161144451,1.0,13.3987339958,18.1180741241,1.13812215021,1.04583752841,1.0,25.0936567703,15.4073698448,1.10670081284,0.833736645153,1.0,26.6186891693,18.2194370795,0.691189001582,1.20082148012,1.0,27.8319162439,17.3749190207,0.822894044241,0.754606247047,1.0,29.3710828694,15.2536183803,1.12531254915,1.15892130772
v43_structure,v43_ad_n6_1__low_high,train_adaptive_n6,train_adaptive_n6,train,low_high,0.0,1141.205,0.0405195,0.9873409841404602,8.489667020938963,6.0,32.90487590461462,2.117744316263675,fields/v43_ad_n6_1__low_high.npz,structure_features/v43_ad_n6_1__low_high.npz,1.0,8.88883632029,15.4158147747,0.798338598705,1.17161144451,1.0,13.3987339958,18.1180741241,1.13812215021,1.04583752841,1.0,25.0936567703,15.4073698448,1.10670081284,0.833736645153,1.0,26.6186891693,18.2194370795,0.691189001582,1.20082148012,1.0,27.8319162439,17.3749190207,0.822894044241,0.754606247047,1.0,29.3710828694,15.2536183803,1.12531254915,1.15892130772
v43_structure,v43_ad_n6_1__high_high,train_adaptive_n6,train_adaptive_n6,train,high_high,0.0,2409.13,0.0405195,0.9873409841404602,8.489667020938963,6.0,32.90487590461462,2.117744316263675,fields/v43_ad_n6_1__high_high.npz,structure_features/v43_ad_n6_1__high_high.npz,1.0,8.88883632029,15.4158147747,0.798338598705,1.17161144451,1.0,13.3987339958,18.1180741241,1.13812215021,1.04583752841,1.0,25.0936567703,15.4073698448,1.10670081284,0.833736645153,1.0,26.6186891693,18.2194370795,0.691189001582,1.20082148012,1.0,27.8319162439,17.3749190207,0.822894044241,0.754606247047,1.0,29.3710828694,15.2536183803,1.12531254915,1.15892130772
v43_structure,v43_ad_n6_2__center,train_adaptive_n6,train_adaptive_n6,train,center,0.0,1758.995,0.017931,0.9989609960856832,2.334649297376609,6.0,33.9548793603128,2.9145598868226834,fields/v43_ad_n6_2__center.npz,structure_features/v43_ad_n6_2__center.npz,1.0,2.76853167406,18.4503873743,0.867764753371,0.819328291982,1.0,10.8220801521,16.1788932768,0.991701511016,0.66018010374,1.0,14.0508075264,15.5542766368,1.09713659852,1.23510385622,1.0,25.7602120907,18.3969168942,1.16122320127,0.797516519467,1.0,27.410885144,18.8368501949,0.893604082099,1.18807780834,1.0,29.2184191647,17.0045685449,1.10703460501,1.168860622
v43_structure,v43_ad_n6_2__low_low,train_adaptive_n6,train_adaptive_n6,train,low_low,0.0,1141.205,0.0073285,0.9989609960856832,2.334649297376609,6.0,33.9548793603128,2.9145598868226834,fields/v43_ad_n6_2__low_low.npz,structure_features/v43_ad_n6_2__low_low.npz,1.0,2.76853167406,18.4503873743,0.867764753371,0.819328291982,1.0,10.8220801521,16.1788932768,0.991701511016,0.66018010374,1.0,14.0508075264,15.5542766368,1.09713659852,1.23510385622,1.0,25.7602120907,18.3969168942,1.16122320127,0.797516519467,1.0,27.410885144,18.8368501949,0.893604082099,1.18807780834,1.0,29.2184191647,17.0045685449,1.10703460501,1.168860622
v43_structure,v43_ad_n6_2__high_low,train_adaptive_n6,train_adaptive_n6,train,high_low,0.0,2409.13,0.0073285,0.9989609960856832,2.334649297376609,6.0,33.9548793603128,2.9145598868226834,fields/v43_ad_n6_2__high_low.npz,structure_features/v43_ad_n6_2__high_low.npz,1.0,2.76853167406,18.4503873743,0.867764753371,0.819328291982,1.0,10.8220801521,16.1788932768,0.991701511016,0.66018010374,1.0,14.0508075264,15.5542766368,1.09713659852,1.23510385622,1.0,25.7602120907,18.3969168942,1.16122320127,0.797516519467,1.0,27.410885144,18.8368501949,0.893604082099,1.18807780834,1.0,29.2184191647,17.0045685449,1.10703460501,1.168860622
v43_structure,v43_ad_n6_2__low_high,train_adaptive_n6,train_adaptive_n6,train,low_high,0.0,1141.205,0.0405195,0.9989609960856832,2.334649297376609,6.0,33.9548793603128,2.9145598868226834,fields/v43_ad_n6_2__low_high.npz,structure_features/v43_ad_n6_2__low_high.npz,1.0,2.76853167406,18.4503873743,0.867764753371,0.819328291982,1.0,10.8220801521,16.1788932768,0.991701511016,0.66018010374,1.0,14.0508075264,15.5542766368,1.09713659852,1.23510385622,1.0,25.7602120907,18.3969168942,1.16122320127,0.797516519467,1.0,27.410885144,18.8368501949,0.893604082099,1.18807780834,1.0,29.2184191647,17.0045685449,1.10703460501,1.168860622
v43_structure,v43_ad_n6_2__high_high,train_adaptive_n6,train_adaptive_n6,train,high_high,0.0,2409.13,0.0405195,0.9989609960856832,2.334649297376609,6.0,33.9548793603128,2.9145598868226834,fields/v43_ad_n6_2__high_high.npz,structure_features/v43_ad_n6_2__high_high.npz,1.0,2.76853167406,18.4503873743,0.867764753371,0.819328291982,1.0,10.8220801521,16.1788932768,0.991701511016,0.66018010374,1.0,14.0508075264,15.5542766368,1.09713659852,1.23510385622,1.0,25.7602120907,18.3969168942,1.16122320127,0.797516519467,1.0,27.410885144,18.8368501949,0.893604082099,1.18807780834,1.0,29.2184191647,17.0045685449,1.10703460501,1.168860622
v43_structure,v43_ad_n6_3__center,train_adaptive_n6,train_adaptive_n6,train,center,0.0,1758.995,0.017931,1.0380657069513275,2.0367928369797674,6.0,24.76717654891057,2.806596648292146,fields/v43_ad_n6_3__center.npz,structure_features/v43_ad_n6_3__center.npz,1.0,2.50785206403,18.3784889761,0.942118454106,0.751822271184,1.0,4.03931173303,15.8276722781,0.983104396783,1.14188921119,1.0,7.98744382873,17.929280298,1.2743104755,0.861376458442,1.0,10.4461719488,17.0221572234,1.29539303061,1.13570398327,1.0,12.2372068362,16.0496714386,0.943212345652,1.08690078864,1.0,21.4208551798,18.7053553117,0.872558508163,1.16839855989
v43_structure,v43_ad_n6_3__low_low,train_adaptive_n6,train_adaptive_n6,train,low_low,0.0,1141.205,0.0073285,1.0380657069513275,2.0367928369797674,6.0,24.76717654891057,2.806596648292146,fields/v43_ad_n6_3__low_low.npz,structure_features/v43_ad_n6_3__low_low.npz,1.0,2.50785206403,18.3784889761,0.942118454106,0.751822271184,1.0,4.03931173303,15.8276722781,0.983104396783,1.14188921119,1.0,7.98744382873,17.929280298,1.2743104755,0.861376458442,1.0,10.4461719488,17.0221572234,1.29539303061,1.13570398327,1.0,12.2372068362,16.0496714386,0.943212345652,1.08690078864,1.0,21.4208551798,18.7053553117,0.872558508163,1.16839855989
v43_structure,v43_ad_n6_3__high_low,train_adaptive_n6,train_adaptive_n6,train,high_low,0.0,2409.13,0.0073285,1.0380657069513275,2.0367928369797674,6.0,24.76717654891057,2.806596648292146,fields/v43_ad_n6_3__high_low.npz,structure_features/v43_ad_n6_3__high_low.npz,1.0,2.50785206403,18.3784889761,0.942118454106,0.751822271184,1.0,4.03931173303,15.8276722781,0.983104396783,1.14188921119,1.0,7.98744382873,17.929280298,1.2743104755,0.861376458442,1.0,10.4461719488,17.0221572234,1.29539303061,1.13570398327,1.0,12.2372068362,16.0496714386,0.943212345652,1.08690078864,1.0,21.4208551798,18.7053553117,0.872558508163,1.16839855989
v43_structure,v43_ad_n6_3__low_high,train_adaptive_n6,train_adaptive_n6,train,low_high,0.0,1141.205,0.0405195,1.0380657069513275,2.0367928369797674,6.0,24.76717654891057,2.806596648292146,fields/v43_ad_n6_3__low_high.npz,structure_features/v43_ad_n6_3__low_high.npz,1.0,2.50785206403,18.3784889761,0.942118454106,0.751822271184,1.0,4.03931173303,15.8276722781,0.983104396783,1.14188921119,1.0,7.98744382873,17.929280298,1.2743104755,0.861376458442,1.0,10.4461719488,17.0221572234,1.29539303061,1.13570398327,1.0,12.2372068362,16.0496714386,0.943212345652,1.08690078864,1.0,21.4208551798,18.7053553117,0.872558508163,1.16839855989
v43_structure,v43_ad_n6_3__high_high,train_adaptive_n6,train_adaptive_n6,train,high_high,0.0,2409.13,0.0405195,1.0380657069513275,2.0367928369797674,6.0,24.76717654891057,2.806596648292146,fields/v43_ad_n6_3__high_high.npz,structure_features/v43_ad_n6_3__high_high.npz,1.0,2.50785206403,18.3784889761,0.942118454106,0.751822271184,1.0,4.03931173303,15.8276722781,0.983104396783,1.14188921119,1.0,7.98744382873,17.929280298,1.2743104755,0.861376458442,1.0,10.4461719488,17.0221572234,1.29539303061,1.13570398327,1.0,12.2372068362,16.0496714386,0.943212345652,1.08690078864,1.0,21.4208551798,18.7053553117,0.872558508163,1.16839855989
v43_structure,v43_ad_n6_4__center,train_adaptive_n6,train_adaptive_n6,train,center,0.0,1758.995,0.017931,1.0620144940508482,4.558975341681142,6.0,31.90177271052596,1.8536445640989374,fields/v43_ad_n6_4__center.npz,structure_features/v43_ad_n6_4__center.npz,1.0,5.16800849914,16.3348667718,1.21806631492,0.83500435041,1.0,7.10158944575,16.4213492542,0.864027907889,1.19954063026,1.0,22.2192767683,17.4294771029,1.21903369257,0.862812705295,1.0,24.0940927614,15.1699564048,0.94365758678,1.19169917414,1.0,26.1278571766,15.1894272009,1.08312915384,1.34452099256,1.0,27.9929324734,17.6287757286,1.31228911537,0.670392304578
v43_structure,v43_ad_n6_4__low_low,train_adaptive_n6,train_adaptive_n6,train,low_low,0.0,1141.205,0.0073285,1.0620144940508482,4.558975341681142,6.0,31.90177271052596,1.8536445640989374,fields/v43_ad_n6_4__low_low.npz,structure_features/v43_ad_n6_4__low_low.npz,1.0,5.16800849914,16.3348667718,1.21806631492,0.83500435041,1.0,7.10158944575,16.4213492542,0.864027907889,1.19954063026,1.0,22.2192767683,17.4294771029,1.21903369257,0.862812705295,1.0,24.0940927614,15.1699564048,0.94365758678,1.19169917414,1.0,26.1278571766,15.1894272009,1.08312915384,1.34452099256,1.0,27.9929324734,17.6287757286,1.31228911537,0.670392304578
v43_structure,v43_ad_n6_4__high_low,train_adaptive_n6,train_adaptive_n6,train,high_low,0.0,2409.13,0.0073285,1.0620144940508482,4.558975341681142,6.0,31.90177271052596,1.8536445640989374,fields/v43_ad_n6_4__high_low.npz,structure_features/v43_ad_n6_4__high_low.npz,1.0,5.16800849914,16.3348667718,1.21806631492,0.83500435041,1.0,7.10158944575,16.4213492542,0.864027907889,1.19954063026,1.0,22.2192767683,17.4294771029,1.21903369257,0.862812705295,1.0,24.0940927614,15.1699564048,0.94365758678,1.19169917414,1.0,26.1278571766,15.1894272009,1.08312915384,1.34452099256,1.0,27.9929324734,17.6287757286,1.31228911537,0.670392304578
v43_structure,v43_ad_n6_4__low_high,train_adaptive_n6,train_adaptive_n6,train,low_high,0.0,1141.205,0.0405195,1.0620144940508482,4.558975341681142,6.0,31.90177271052596,1.8536445640989374,fields/v43_ad_n6_4__low_high.npz,structure_features/v43_ad_n6_4__low_high.npz,1.0,5.16800849914,16.3348667718,1.21806631492,0.83500435041,1.0,7.10158944575,16.4213492542,0.864027907889,1.19954063026,1.0,22.2192767683,17.4294771029,1.21903369257,0.862812705295,1.0,24.0940927614,15.1699564048,0.94365758678,1.19169917414,1.0,26.1278571766,15.1894272009,1.08312915384,1.34452099256,1.0,27.9929324734,17.6287757286,1.31228911537,0.670392304578
v43_structure,v43_ad_n6_4__high_high,train_adaptive_n6,train_adaptive_n6,train,high_high,0.0,2409.13,0.0405195,1.0620144940508482,4.558975341681142,6.0,31.90177271052596,1.8536445640989374,fields/v43_ad_n6_4__high_high.npz,structure_features/v43_ad_n6_4__high_high.npz,1.0,5.16800849914,16.3348667718,1.21806631492,0.83500435041,1.0,7.10158944575,16.4213492542,0.864027907889,1.19954063026,1.0,22.2192767683,17.4294771029,1.21903369257,0.862812705295,1.0,24.0940927614,15.1699564048,0.94365758678,1.19169917414,1.0,26.1278571766,15.1894272009,1.08312915384,1.34452099256,1.0,27.9929324734,17.6287757286,1.31228911537,0.670392304578
v43_structure,v43_va_n2_anchor__center,validation_n2_frozen,validation_n2_frozen,val,center,0.0,1758.995,0.017931,1.0,3.5,2.0,47.5,2.5,fields/v43_va_n2_anchor__center.npz,structure_features/v43_va_n2_anchor__center.npz,1.0,4.0,17.0,1.0,1.0,1.0,26.0,17.0,1.0,1.0,0.0,0.0,0.0,0.0,0.0,0.0,0.0,0.0,0.0,0.0,0.0,0.0,0.0,0.0,0.0,0.0,0.0,0.0,0.0,0.0
v43_structure,v43_va_n2_anchor__low_low,validation_n2_frozen,validation_n2_frozen,val,low_low,0.0,1141.205,0.0073285,1.0,3.5,2.0,47.5,2.5,fields/v43_va_n2_anchor__low_low.npz,structure_features/v43_va_n2_anchor__low_low.npz,1.0,4.0,17.0,1.0,1.0,1.0,26.0,17.0,1.0,1.0,0.0,0.0,0.0,0.0,0.0,0.0,0.0,0.0,0.0,0.0,0.0,0.0,0.0,0.0,0.0,0.0,0.0,0.0,0.0,0.0
v43_structure,v43_va_n2_anchor__high_low,validation_n2_frozen,validation_n2_frozen,val,high_low,0.0,2409.13,0.0073285,1.0,3.5,2.0,47.5,2.5,fields/v43_va_n2_anchor__high_low.npz,structure_features/v43_va_n2_anchor__high_low.npz,1.0,4.0,17.0,1.0,1.0,1.0,26.0,17.0,1.0,1.0,0.0,0.0,0.0,0.0,0.0,0.0,0.0,0.0,0.0,0.0,0.0,0.0,0.0,0.0,0.0,0.0,0.0,0.0,0.0,0.0
v43_structure,v43_va_n2_anchor__low_high,validation_n2_frozen,validation_n2_frozen,val,low_high,0.0,1141.205,0.0405195,1.0,3.5,2.0,47.5,2.5,fields/v43_va_n2_anchor__low_high.npz,structure_features/v43_va_n2_anchor__low_high.npz,1.0,4.0,17.0,1.0,1.0,1.0,26.0,17.0,1.0,1.0,0.0,0.0,0.0,0.0,0.0,0.0,0.0,0.0,0.0,0.0,0.0,0.0,0.0,0.0,0.0,0.0,0.0,0.0,0.0,0.0
v43_structure,v43_va_n2_anchor__high_high,validation_n2_frozen,validation_n2_frozen,val,high_high,0.0,2409.13,0.0405195,1.0,3.5,2.0,47.5,2.5,fields/v43_va_n2_anchor__high_high.npz,structure_features/v43_va_n2_anchor__high_high.npz,1.0,4.0,17.0,1.0,1.0,1.0,26.0,17.0,1.0,1.0,0.0,0.0,0.0,0.0,0.0,0.0,0.0,0.0,0.0,0.0,0.0,0.0,0.0,0.0,0.0,0.0,0.0,0.0,0.0,0.0
v43_structure,v43_va_n2_variant_1__center,validation_n2_frozen,validation_n2_frozen,val,center,0.0,1758.995,0.017931,1.0888505428540118,26.503677385831907,2.0,30.194615192803596,2.4223115975422687,fields/v43_va_n2_variant_1__center.npz,structure_features/v43_va_n2_variant_1__center.npz,1.0,27.1210362672,18.2712392003,1.23471776275,0.676899163614,1.0,28.9539957711,15.541386117,1.18468016419,1.25910508086,0.0,0.0,0.0,0.0,0.0,0.0,0.0,0.0,0.0,0.0,0.0,0.0,0.0,0.0,0.0,0.0,0.0,0.0,0.0,0.0
v43_structure,v43_va_n2_variant_1__low_low,validation_n2_frozen,validation_n2_frozen,val,low_low,0.0,1141.205,0.0073285,1.0888505428540118,26.503677385831907,2.0,30.194615192803596,2.4223115975422687,fields/v43_va_n2_variant_1__low_low.npz,structure_features/v43_va_n2_variant_1__low_low.npz,1.0,27.1210362672,18.2712392003,1.23471776275,0.676899163614,1.0,28.9539957711,15.541386117,1.18468016419,1.25910508086,0.0,0.0,0.0,0.0,0.0,0.0,0.0,0.0,0.0,0.0,0.0,0.0,0.0,0.0,0.0,0.0,0.0,0.0,0.0,0.0
v43_structure,v43_va_n2_variant_1__high_low,validation_n2_frozen,validation_n2_frozen,val,high_low,0.0,2409.13,0.0073285,1.0888505428540118,26.503677385831907,2.0,30.194615192803596,2.4223115975422687,fields/v43_va_n2_variant_1__high_low.npz,structure_features/v43_va_n2_variant_1__high_low.npz,1.0,27.1210362672,18.2712392003,1.23471776275,0.676899163614,1.0,28.9539957711,15.541386117,1.18468016419,1.25910508086,0.0,0.0,0.0,0.0,0.0,0.0,0.0,0.0,0.0,0.0,0.0,0.0,0.0,0.0,0.0,0.0,0.0,0.0,0.0,0.0
v43_structure,v43_va_n2_variant_1__low_high,validation_n2_frozen,validation_n2_frozen,val,low_high,0.0,1141.205,0.0405195,1.0888505428540118,26.503677385831907,2.0,30.194615192803596,2.4223115975422687,fields/v43_va_n2_variant_1__low_high.npz,structure_features/v43_va_n2_variant_1__low_high.npz,1.0,27.1210362672,18.2712392003,1.23471776275,0.676899163614,1.0,28.9539957711,15.541386117,1.18468016419,1.25910508086,0.0,0.0,0.0,0.0,0.0,0.0,0.0,0.0,0.0,0.0,0.0,0.0,0.0,0.0,0.0,0.0,0.0,0.0,0.0,0.0
v43_structure,v43_va_n2_variant_1__high_high,validation_n2_frozen,validation_n2_frozen,val,high_high,0.0,2409.13,0.0405195,1.0888505428540118,26.503677385831907,2.0,30.194615192803596,2.4223115975422687,fields/v43_va_n2_variant_1__high_high.npz,structure_features/v43_va_n2_variant_1__high_high.npz,1.0,27.1210362672,18.2712392003,1.23471776275,0.676899163614,1.0,28.9539957711,15.541386117,1.18468016419,1.25910508086,0.0,0.0,0.0,0.0,0.0,0.0,0.0,0.0,0.0,0.0,0.0,0.0,0.0,0.0,0.0,0.0,0.0,0.0,0.0,0.0
v43_structure,v43_va_n2_variant_2__center,validation_n2_frozen,validation_n2_frozen,val,center,0.0,1758.995,0.017931,0.8825173611308599,3.2308379836390646,2.0,7.996451365750026,4.245541693233982,fields/v43_va_n2_variant_2__center.npz,structure_features/v43_va_n2_variant_2__center.npz,1.0,3.60692980558,18.7610487701,0.752183643878,0.767702955782,1.0,6.12401358541,18.4743315172,1.28929199898,0.720890845887,0.0,0.0,0.0,0.0,0.0,0.0,0.0,0.0,0.0,0.0,0.0,0.0,0.0,0.0,0.0,0.0,0.0,0.0,0.0,0.0
v43_structure,v43_va_n2_variant_2__low_low,validation_n2_frozen,validation_n2_frozen,val,low_low,0.0,1141.205,0.0073285,0.8825173611308599,3.2308379836390646,2.0,7.996451365750026,4.245541693233982,fields/v43_va_n2_variant_2__low_low.npz,structure_features/v43_va_n2_variant_2__low_low.npz,1.0,3.60692980558,18.7610487701,0.752183643878,0.767702955782,1.0,6.12401358541,18.4743315172,1.28929199898,0.720890845887,0.0,0.0,0.0,0.0,0.0,0.0,0.0,0.0,0.0,0.0,0.0,0.0,0.0,0.0,0.0,0.0,0.0,0.0,0.0,0.0
v43_structure,v43_va_n2_variant_2__high_low,validation_n2_frozen,validation_n2_frozen,val,high_low,0.0,2409.13,0.0073285,0.8825173611308599,3.2308379836390646,2.0,7.996451365750026,4.245541693233982,fields/v43_va_n2_variant_2__high_low.npz,structure_features/v43_va_n2_variant_2__high_low.npz,1.0,3.60692980558,18.7610487701,0.752183643878,0.767702955782,1.0,6.12401358541,18.4743315172,1.28929199898,0.720890845887,0.0,0.0,0.0,0.0,0.0,0.0,0.0,0.0,0.0,0.0,0.0,0.0,0.0,0.0,0.0,0.0,0.0,0.0,0.0,0.0
v43_structure,v43_va_n2_variant_2__low_high,validation_n2_frozen,validation_n2_frozen,val,low_high,0.0,1141.205,0.0405195,0.8825173611308599,3.2308379836390646,2.0,7.996451365750026,4.245541693233982,fields/v43_va_n2_variant_2__low_high.npz,structure_features/v43_va_n2_variant_2__low_high.npz,1.0,3.60692980558,18.7610487701,0.752183643878,0.767702955782,1.0,6.12401358541,18.4743315172,1.28929199898,0.720890845887,0.0,0.0,0.0,0.0,0.0,0.0,0.0,0.0,0.0,0.0,0.0,0.0,0.0,0.0,0.0,0.0,0.0,0.0,0.0,0.0
v43_structure,v43_va_n2_variant_2__high_high,validation_n2_frozen,validation_n2_frozen,val,high_high,0.0,2409.13,0.0405195,0.8825173611308599,3.2308379836390646,2.0,7.996451365750026,4.245541693233982,fields/v43_va_n2_variant_2__high_high.npz,structure_features/v43_va_n2_variant_2__high_high.npz,1.0,3.60692980558,18.7610487701,0.752183643878,0.767702955782,1.0,6.12401358541,18.4743315172,1.28929199898,0.720890845887,0.0,0.0,0.0,0.0,0.0,0.0,0.0,0.0,0.0,0.0,0.0,0.0,0.0,0.0,0.0,0.0,0.0,0.0,0.0,0.0
v43_structure,v43_va_n2_variant_3__center,validation_n2_frozen,validation_n2_frozen,val,center,0.0,1758.995,0.017931,0.7956088129931239,27.281347359764823,2.0,29.574772650070766,2.373755229096897,fields/v43_va_n2_variant_3__center.npz,structure_features/v43_va_n2_variant_3__center.npz,1.0,27.6660287845,15.2115516603,0.769362849371,0.866972297408,1.0,28.7960339393,18.3912285551,0.702532888163,0.84356721703,0.0,0.0,0.0,0.0,0.0,0.0,0.0,0.0,0.0,0.0,0.0,0.0,0.0,0.0,0.0,0.0,0.0,0.0,0.0,0.0
v43_structure,v43_va_n2_variant_3__low_low,validation_n2_frozen,validation_n2_frozen,val,low_low,0.0,1141.205,0.0073285,0.7956088129931239,27.281347359764823,2.0,29.574772650070766,2.373755229096897,fields/v43_va_n2_variant_3__low_low.npz,structure_features/v43_va_n2_variant_3__low_low.npz,1.0,27.6660287845,15.2115516603,0.769362849371,0.866972297408,1.0,28.7960339393,18.3912285551,0.702532888163,0.84356721703,0.0,0.0,0.0,0.0,0.0,0.0,0.0,0.0,0.0,0.0,0.0,0.0,0.0,0.0,0.0,0.0,0.0,0.0,0.0,0.0
v43_structure,v43_va_n2_variant_3__high_low,validation_n2_frozen,validation_n2_frozen,val,high_low,0.0,2409.13,0.0073285,0.7956088129931239,27.281347359764823,2.0,29.574772650070766,2.373755229096897,fields/v43_va_n2_variant_3__high_low.npz,structure_features/v43_va_n2_variant_3__high_low.npz,1.0,27.6660287845,15.2115516603,0.769362849371,0.866972297408,1.0,28.7960339393,18.3912285551,0.702532888163,0.84356721703,0.0,0.0,0.0,0.0,0.0,0.0,0.0,0.0,0.0,0.0,0.0,0.0,0.0,0.0,0.0,0.0,0.0,0.0,0.0,0.0
v43_structure,v43_va_n2_variant_3__low_high,validation_n2_frozen,validation_n2_frozen,val,low_high,0.0,1141.205,0.0405195,0.7956088129931239,27.281347359764823,2.0,29.574772650070766,2.373755229096897,fields/v43_va_n2_variant_3__low_high.npz,structure_features/v43_va_n2_variant_3__low_high.npz,1.0,27.6660287845,15.2115516603,0.769362849371,0.866972297408,1.0,28.7960339393,18.3912285551,0.702532888163,0.84356721703,0.0,0.0,0.0,0.0,0.0,0.0,0.0,0.0,0.0,0.0,0.0,0.0,0.0,0.0,0.0,0.0,0.0,0.0,0.0,0.0
v43_structure,v43_va_n2_variant_3__high_high,validation_n2_frozen,validation_n2_frozen,val,high_high,0.0,2409.13,0.0405195,0.7956088129931239,27.281347359764823,2.0,29.574772650070766,2.373755229096897,fields/v43_va_n2_variant_3__high_high.npz,structure_features/v43_va_n2_variant_3__high_high.npz,1.0,27.6660287845,15.2115516603,0.769362849371,0.866972297408,1.0,28.7960339393,18.3912285551,0.702532888163,0.84356721703,0.0,0.0,0.0,0.0,0.0,0.0,0.0,0.0,0.0,0.0,0.0,0.0,0.0,0.0,0.0,0.0,0.0,0.0,0.0,0.0
v43_structure,v43_va_n3_anchor__center,validation_n3_frozen,validation_n3_frozen,val,center,0.0,1758.995,0.017931,1.0,3.5,3.0,36.5,2.5,fields/v43_va_n3_anchor__center.npz,structure_features/v43_va_n3_anchor__center.npz,1.0,4.0,17.0,1.0,1.0,1.0,15.0,17.0,1.0,1.0,1.0,26.0,17.0,1.0,1.0,0.0,0.0,0.0,0.0,0.0,0.0,0.0,0.0,0.0,0.0,0.0,0.0,0.0,0.0,0.0
v43_structure,v43_va_n3_anchor__low_low,validation_n3_frozen,validation_n3_frozen,val,low_low,0.0,1141.205,0.0073285,1.0,3.5,3.0,36.5,2.5,fields/v43_va_n3_anchor__low_low.npz,structure_features/v43_va_n3_anchor__low_low.npz,1.0,4.0,17.0,1.0,1.0,1.0,15.0,17.0,1.0,1.0,1.0,26.0,17.0,1.0,1.0,0.0,0.0,0.0,0.0,0.0,0.0,0.0,0.0,0.0,0.0,0.0,0.0,0.0,0.0,0.0
v43_structure,v43_va_n3_anchor__high_low,validation_n3_frozen,validation_n3_frozen,val,high_low,0.0,2409.13,0.0073285,1.0,3.5,3.0,36.5,2.5,fields/v43_va_n3_anchor__high_low.npz,structure_features/v43_va_n3_anchor__high_low.npz,1.0,4.0,17.0,1.0,1.0,1.0,15.0,17.0,1.0,1.0,1.0,26.0,17.0,1.0,1.0,0.0,0.0,0.0,0.0,0.0,0.0,0.0,0.0,0.0,0.0,0.0,0.0,0.0,0.0,0.0
v43_structure,v43_va_n3_anchor__low_high,validation_n3_frozen,validation_n3_frozen,val,low_high,0.0,1141.205,0.0405195,1.0,3.5,3.0,36.5,2.5,fields/v43_va_n3_anchor__low_high.npz,structure_features/v43_va_n3_anchor__low_high.npz,1.0,4.0,17.0,1.0,1.0,1.0,15.0,17.0,1.0,1.0,1.0,26.0,17.0,1.0,1.0,0.0,0.0,0.0,0.0,0.0,0.0,0.0,0.0,0.0,0.0,0.0,0.0,0.0,0.0,0.0
v43_structure,v43_va_n3_anchor__high_high,validation_n3_frozen,validation_n3_frozen,val,high_high,0.0,2409.13,0.0405195,1.0,3.5,3.0,36.5,2.5,fields/v43_va_n3_anchor__high_high.npz,structure_features/v43_va_n3_anchor__high_high.npz,1.0,4.0,17.0,1.0,1.0,1.0,15.0,17.0,1.0,1.0,1.0,26.0,17.0,1.0,1.0,0.0,0.0,0.0,0.0,0.0,0.0,0.0,0.0,0.0,0.0,0.0,0.0,0.0,0.0,0.0
v43_structure,v43_va_n3_variant_1__center,validation_n3_frozen,validation_n3_frozen,val,center,0.0,1758.995,0.017931,1.0516968788718613,23.51856664731386,3.0,30.156802357153488,2.2378451917242366,fields/v43_va_n3_variant_1__center.npz,structure_features/v43_va_n3_variant_1__center.npz,1.0,24.1229881027,16.4630358395,1.2088429108,1.28845719656,1.0,25.9478198397,19.0432993508,1.05668301229,1.32140304748,1.0,28.3987925296,14.849635674,0.759784771918,0.675010334188,0.0,0.0,0.0,0.0,0.0,0.0,0.0,0.0,0.0,0.0,0.0,0.0,0.0,0.0,0.0
v43_structure,v43_va_n3_variant_1__low_low,validation_n3_frozen,validation_n3_frozen,val,low_low,0.0,1141.205,0.0073285,1.0516968788718613,23.51856664731386,3.0,30.156802357153488,2.2378451917242366,fields/v43_va_n3_variant_1__low_low.npz,structure_features/v43_va_n3_variant_1__low_low.npz,1.0,24.1229881027,16.4630358395,1.2088429108,1.28845719656,1.0,25.9478198397,19.0432993508,1.05668301229,1.32140304748,1.0,28.3987925296,14.849635674,0.759784771918,0.675010334188,0.0,0.0,0.0,0.0,0.0,0.0,0.0,0.0,0.0,0.0,0.0,0.0,0.0,0.0,0.0
v43_structure,v43_va_n3_variant_1__high_low,validation_n3_frozen,validation_n3_frozen,val,high_low,0.0,2409.13,0.0073285,1.0516968788718613,23.51856664731386,3.0,30.156802357153488,2.2378451917242366,fields/v43_va_n3_variant_1__high_low.npz,structure_features/v43_va_n3_variant_1__high_low.npz,1.0,24.1229881027,16.4630358395,1.2088429108,1.28845719656,1.0,25.9478198397,19.0432993508,1.05668301229,1.32140304748,1.0,28.3987925296,14.849635674,0.759784771918,0.675010334188,0.0,0.0,0.0,0.0,0.0,0.0,0.0,0.0,0.0,0.0,0.0,0.0,0.0,0.0,0.0
v43_structure,v43_va_n3_variant_1__low_high,validation_n3_frozen,validation_n3_frozen,val,low_high,0.0,1141.205,0.0405195,1.0516968788718613,23.51856664731386,3.0,30.156802357153488,2.2378451917242366,fields/v43_va_n3_variant_1__low_high.npz,structure_features/v43_va_n3_variant_1__low_high.npz,1.0,24.1229881027,16.4630358395,1.2088429108,1.28845719656,1.0,25.9478198397,19.0432993508,1.05668301229,1.32140304748,1.0,28.3987925296,14.849635674,0.759784771918,0.675010334188,0.0,0.0,0.0,0.0,0.0,0.0,0.0,0.0,0.0,0.0,0.0,0.0,0.0,0.0,0.0
v43_structure,v43_va_n3_variant_1__high_high,validation_n3_frozen,validation_n3_frozen,val,high_high,0.0,2409.13,0.0405195,1.0516968788718613,23.51856664731386,3.0,30.156802357153488,2.2378451917242366,fields/v43_va_n3_variant_1__high_high.npz,structure_features/v43_va_n3_variant_1__high_high.npz,1.0,24.1229881027,16.4630358395,1.2088429108,1.28845719656,1.0,25.9478198397,19.0432993508,1.05668301229,1.32140304748,1.0,28.3987925296,14.849635674,0.759784771918,0.675010334188,0.0,0.0,0.0,0.0,0.0,0.0,0.0,0.0,0.0,0.0,0.0,0.0,0.0,0.0,0.0
v43_structure,v43_va_n3_variant_2__center,validation_n3_frozen,validation_n3_frozen,val,center,0.0,1758.995,0.017931,1.0717293045139364,4.302911928400661,3.0,11.595237339989598,3.154826464166618,fields/v43_va_n3_variant_2__center.npz,structure_features/v43_va_n3_variant_2__center.npz,1.0,4.93759669203,15.8176010398,1.26936952727,1.32017069051,1.0,8.06960873663,18.7213660915,1.19504126674,1.30796518236,1.0,9.59600863326,18.5785175139,0.659954527779,0.677874632427,0.0,0.0,0.0,0.0,0.0,0.0,0.0,0.0,0.0,0.0,0.0,0.0,0.0,0.0,0.0
v43_structure,v43_va_n3_variant_2__low_low,validation_n3_frozen,validation_n3_frozen,val,low_low,0.0,1141.205,0.0073285,1.0717293045139364,4.302911928400661,3.0,11.595237339989598,3.154826464166618,fields/v43_va_n3_variant_2__low_low.npz,structure_features/v43_va_n3_variant_2__low_low.npz,1.0,4.93759669203,15.8176010398,1.26936952727,1.32017069051,1.0,8.06960873663,18.7213660915,1.19504126674,1.30796518236,1.0,9.59600863326,18.5785175139,0.659954527779,0.677874632427,0.0,0.0,0.0,0.0,0.0,0.0,0.0,0.0,0.0,0.0,0.0,0.0,0.0,0.0,0.0
v43_structure,v43_va_n3_variant_2__high_low,validation_n3_frozen,validation_n3_frozen,val,high_low,0.0,2409.13,0.0073285,1.0717293045139364,4.302911928400661,3.0,11.595237339989598,3.154826464166618,fields/v43_va_n3_variant_2__high_low.npz,structure_features/v43_va_n3_variant_2__high_low.npz,1.0,4.93759669203,15.8176010398,1.26936952727,1.32017069051,1.0,8.06960873663,18.7213660915,1.19504126674,1.30796518236,1.0,9.59600863326,18.5785175139,0.659954527779,0.677874632427,0.0,0.0,0.0,0.0,0.0,0.0,0.0,0.0,0.0,0.0,0.0,0.0,0.0,0.0,0.0
v43_structure,v43_va_n3_variant_2__low_high,validation_n3_frozen,validation_n3_frozen,val,low_high,0.0,1141.205,0.0405195,1.0717293045139364,4.302911928400661,3.0,11.595237339989598,3.154826464166618,fields/v43_va_n3_variant_2__low_high.npz,structure_features/v43_va_n3_variant_2__low_high.npz,1.0,4.93759669203,15.8176010398,1.26936952727,1.32017069051,1.0,8.06960873663,18.7213660915,1.19504126674,1.30796518236,1.0,9.59600863326,18.5785175139,0.659954527779,0.677874632427,0.0,0.0,0.0,0.0,0.0,0.0,0.0,0.0,0.0,0.0,0.0,0.0,0.0,0.0,0.0
v43_structure,v43_va_n3_variant_2__high_high,validation_n3_frozen,validation_n3_frozen,val,high_high,0.0,2409.13,0.0405195,1.0717293045139364,4.302911928400661,3.0,11.595237339989598,3.154826464166618,fields/v43_va_n3_variant_2__high_high.npz,structure_features/v43_va_n3_variant_2__high_high.npz,1.0,4.93759669203,15.8176010398,1.26936952727,1.32017069051,1.0,8.06960873663,18.7213660915,1.19504126674,1.30796518236,1.0,9.59600863326,18.5785175139,0.659954527779,0.677874632427,0.0,0.0,0.0,0.0,0.0,0.0,0.0,0.0,0.0,0.0,0.0,0.0,0.0,0.0,0.0
v43_structure,v43_va_n3_variant_3__center,validation_n3_frozen,validation_n3_frozen,val,center,0.0,1758.995,0.017931,0.9575436513303206,2.188438568764702,3.0,8.266831641680508,1.7235270522098816,fields/v43_va_n3_variant_3__center.npz,structure_features/v43_va_n3_variant_3__center.npz,1.0,2.51632739472,15.6256540059,0.655777651913,1.22953874326,1.0,4.93159911686,17.7946094374,1.04856140844,0.852670216382,1.0,6.78287140997,15.1214673612,1.29862355183,0.660090336158,0.0,0.0,0.0,0.0,0.0,0.0,0.0,0.0,0.0,0.0,0.0,0.0,0.0,0.0,0.0
v43_structure,v43_va_n3_variant_3__low_low,validation_n3_frozen,validation_n3_frozen,val,low_low,0.0,1141.205,0.0073285,0.9575436513303206,2.188438568764702,3.0,8.266831641680508,1.7235270522098816,fields/v43_va_n3_variant_3__low_low.npz,structure_features/v43_va_n3_variant_3__low_low.npz,1.0,2.51632739472,15.6256540059,0.655777651913,1.22953874326,1.0,4.93159911686,17.7946094374,1.04856140844,0.852670216382,1.0,6.78287140997,15.1214673612,1.29862355183,0.660090336158,0.0,0.0,0.0,0.0,0.0,0.0,0.0,0.0,0.0,0.0,0.0,0.0,0.0,0.0,0.0
v43_structure,v43_va_n3_variant_3__high_low,validation_n3_frozen,validation_n3_frozen,val,high_low,0.0,2409.13,0.0073285,0.9575436513303206,2.188438568764702,3.0,8.266831641680508,1.7235270522098816,fields/v43_va_n3_variant_3__high_low.npz,structure_features/v43_va_n3_variant_3__high_low.npz,1.0,2.51632739472,15.6256540059,0.655777651913,1.22953874326,1.0,4.93159911686,17.7946094374,1.04856140844,0.852670216382,1.0,6.78287140997,15.1214673612,1.29862355183,0.660090336158,0.0,0.0,0.0,0.0,0.0,0.0,0.0,0.0,0.0,0.0,0.0,0.0,0.0,0.0,0.0
v43_structure,v43_va_n3_variant_3__low_high,validation_n3_frozen,validation_n3_frozen,val,low_high,0.0,1141.205,0.0405195,0.9575436513303206,2.188438568764702,3.0,8.266831641680508,1.7235270522098816,fields/v43_va_n3_variant_3__low_high.npz,structure_features/v43_va_n3_variant_3__low_high.npz,1.0,2.51632739472,15.6256540059,0.655777651913,1.22953874326,1.0,4.93159911686,17.7946094374,1.04856140844,0.852670216382,1.0,6.78287140997,15.1214673612,1.29862355183,0.660090336158,0.0,0.0,0.0,0.0,0.0,0.0,0.0,0.0,0.0,0.0,0.0,0.0,0.0,0.0,0.0
v43_structure,v43_va_n3_variant_3__high_high,validation_n3_frozen,validation_n3_frozen,val,high_high,0.0,2409.13,0.0405195,0.9575436513303206,2.188438568764702,3.0,8.266831641680508,1.7235270522098816,fields/v43_va_n3_variant_3__high_high.npz,structure_features/v43_va_n3_variant_3__high_high.npz,1.0,2.51632739472,15.6256540059,0.655777651913,1.22953874326,1.0,4.93159911686,17.7946094374,1.04856140844,0.852670216382,1.0,6.78287140997,15.1214673612,1.29862355183,0.660090336158,0.0,0.0,0.0,0.0,0.0,0.0,0.0,0.0,0.0,0.0,0.0,0.0,0.0,0.0,0.0
v43_structure,v43_va_n4_anchor__center,validation_n4_frozen,validation_n4_frozen,val,center,0.0,1758.995,0.017931,1.0,3.5,4.0,32.833333333333336,2.5,fields/v43_va_n4_anchor__center.npz,structure_features/v43_va_n4_anchor__center.npz,1.0,4.0,17.0,1.0,1.0,1.0,11.3333333333,17.0,1.0,1.0,1.0,18.6666666667,17.0,1.0,1.0,1.0,26.0,17.0,1.0,1.0,0.0,0.0,0.0,0.0,0.0,0.0,0.0,0.0,0.0,0.0
v43_structure,v43_va_n4_anchor__low_low,validation_n4_frozen,validation_n4_frozen,val,low_low,0.0,1141.205,0.0073285,1.0,3.5,4.0,32.833333333333336,2.5,fields/v43_va_n4_anchor__low_low.npz,structure_features/v43_va_n4_anchor__low_low.npz,1.0,4.0,17.0,1.0,1.0,1.0,11.3333333333,17.0,1.0,1.0,1.0,18.6666666667,17.0,1.0,1.0,1.0,26.0,17.0,1.0,1.0,0.0,0.0,0.0,0.0,0.0,0.0,0.0,0.0,0.0,0.0
v43_structure,v43_va_n4_anchor__high_low,validation_n4_frozen,validation_n4_frozen,val,high_low,0.0,2409.13,0.0073285,1.0,3.5,4.0,32.833333333333336,2.5,fields/v43_va_n4_anchor__high_low.npz,structure_features/v43_va_n4_anchor__high_low.npz,1.0,4.0,17.0,1.0,1.0,1.0,11.3333333333,17.0,1.0,1.0,1.0,18.6666666667,17.0,1.0,1.0,1.0,26.0,17.0,1.0,1.0,0.0,0.0,0.0,0.0,0.0,0.0,0.0,0.0,0.0,0.0
v43_structure,v43_va_n4_anchor__low_high,validation_n4_frozen,validation_n4_frozen,val,low_high,0.0,1141.205,0.0405195,1.0,3.5,4.0,32.833333333333336,2.5,fields/v43_va_n4_anchor__low_high.npz,structure_features/v43_va_n4_anchor__low_high.npz,1.0,4.0,17.0,1.0,1.0,1.0,11.3333333333,17.0,1.0,1.0,1.0,18.6666666667,17.0,1.0,1.0,1.0,26.0,17.0,1.0,1.0,0.0,0.0,0.0,0.0,0.0,0.0,0.0,0.0,0.0,0.0
v43_structure,v43_va_n4_anchor__high_high,validation_n4_frozen,validation_n4_frozen,val,high_high,0.0,2409.13,0.0405195,1.0,3.5,4.0,32.833333333333336,2.5,fields/v43_va_n4_anchor__high_high.npz,structure_features/v43_va_n4_anchor__high_high.npz,1.0,4.0,17.0,1.0,1.0,1.0,11.3333333333,17.0,1.0,1.0,1.0,18.6666666667,17.0,1.0,1.0,1.0,26.0,17.0,1.0,1.0,0.0,0.0,0.0,0.0,0.0,0.0,0.0,0.0,0.0,0.0
v43_structure,v43_va_n4_variant_1__center,validation_n4_frozen,validation_n4_frozen,val,center,0.0,1758.995,0.017931,1.0608866323434754,21.535267480075024,4.0,31.129110003400474,2.7194966675344006,fields/v43_va_n4_variant_1__center.npz,structure_features/v43_va_n4_variant_1__center.npz,1.0,21.9865881062,16.7039482746,0.90264125233,1.21827931452,1.0,23.8314577305,18.4913936063,1.24630019621,0.760796157686,1.0,27.4611789181,18.4085155271,1.05434977142,0.695439320051,1.0,29.3188815759,15.2821607858,1.26773879133,1.34154825521,0.0,0.0,0.0,0.0,0.0,0.0,0.0,0.0,0.0,0.0
v43_structure,v43_va_n4_variant_1__low_low,validation_n4_frozen,validation_n4_frozen,val,low_low,0.0,1141.205,0.0073285,1.0608866323434754,21.535267480075024,4.0,31.129110003400474,2.7194966675344006,fields/v43_va_n4_variant_1__low_low.npz,structure_features/v43_va_n4_variant_1__low_low.npz,1.0,21.9865881062,16.7039482746,0.90264125233,1.21827931452,1.0,23.8314577305,18.4913936063,1.24630019621,0.760796157686,1.0,27.4611789181,18.4085155271,1.05434977142,0.695439320051,1.0,29.3188815759,15.2821607858,1.26773879133,1.34154825521,0.0,0.0,0.0,0.0,0.0,0.0,0.0,0.0,0.0,0.0
v43_structure,v43_va_n4_variant_1__high_low,validation_n4_frozen,validation_n4_frozen,val,high_low,0.0,2409.13,0.0073285,1.0608866323434754,21.535267480075024,4.0,31.129110003400474,2.7194966675344006,fields/v43_va_n4_variant_1__high_low.npz,structure_features/v43_va_n4_variant_1__high_low.npz,1.0,21.9865881062,16.7039482746,0.90264125233,1.21827931452,1.0,23.8314577305,18.4913936063,1.24630019621,0.760796157686,1.0,27.4611789181,18.4085155271,1.05434977142,0.695439320051,1.0,29.3188815759,15.2821607858,1.26773879133,1.34154825521,0.0,0.0,0.0,0.0,0.0,0.0,0.0,0.0,0.0,0.0
v43_structure,v43_va_n4_variant_1__low_high,validation_n4_frozen,validation_n4_frozen,val,low_high,0.0,1141.205,0.0405195,1.0608866323434754,21.535267480075024,4.0,31.129110003400474,2.7194966675344006,fields/v43_va_n4_variant_1__low_high.npz,structure_features/v43_va_n4_variant_1__low_high.npz,1.0,21.9865881062,16.7039482746,0.90264125233,1.21827931452,1.0,23.8314577305,18.4913936063,1.24630019621,0.760796157686,1.0,27.4611789181,18.4085155271,1.05434977142,0.695439320051,1.0,29.3188815759,15.2821607858,1.26773879133,1.34154825521,0.0,0.0,0.0,0.0,0.0,0.0,0.0,0.0,0.0,0.0
v43_structure,v43_va_n4_variant_1__high_high,validation_n4_frozen,validation_n4_frozen,val,high_high,0.0,2409.13,0.0405195,1.0608866323434754,21.535267480075024,4.0,31.129110003400474,2.7194966675344006,fields/v43_va_n4_variant_1__high_high.npz,structure_features/v43_va_n4_variant_1__high_high.npz,1.0,21.9865881062,16.7039482746,0.90264125233,1.21827931452,1.0,23.8314577305,18.4913936063,1.24630019621,0.760796157686,1.0,27.4611789181,18.4085155271,1.05434977142,0.695439320051,1.0,29.3188815759,15.2821607858,1.26773879133,1.34154825521,0.0,0.0,0.0,0.0,0.0,0.0,0.0,0.0,0.0,0.0
v43_structure,v43_va_n4_variant_2__center,validation_n4_frozen,validation_n4_frozen,val,center,0.0,1758.995,0.017931,1.1684655899844019,21.907173698240804,4.0,30.20369103746916,2.1462369573842537,fields/v43_va_n4_variant_2__center.npz,structure_features/v43_va_n4_variant_2__center.npz,1.0,22.5790838311,18.0377876558,1.34382026571,1.31416208881,1.0,24.948138876,17.5074085241,1.28057825476,1.21964614358,1.0,26.802542419,15.8218902068,1.1321947749,0.98203561422,1.0,28.571822595,15.6477160094,0.731422291103,1.34386528679,0.0,0.0,0.0,0.0,0.0,0.0,0.0,0.0,0.0,0.0
v43_structure,v43_va_n4_variant_2__low_low,validation_n4_frozen,validation_n4_frozen,val,low_low,0.0,1141.205,0.0073285,1.1684655899844019,21.907173698240804,4.0,30.20369103746916,2.1462369573842537,fields/v43_va_n4_variant_2__low_low.npz,structure_features/v43_va_n4_variant_2__low_low.npz,1.0,22.5790838311,18.0377876558,1.34382026571,1.31416208881,1.0,24.948138876,17.5074085241,1.28057825476,1.21964614358,1.0,26.802542419,15.8218902068,1.1321947749,0.98203561422,1.0,28.571822595,15.6477160094,0.731422291103,1.34386528679,0.0,0.0,0.0,0.0,0.0,0.0,0.0,0.0,0.0,0.0
v43_structure,v43_va_n4_variant_2__high_low,validation_n4_frozen,validation_n4_frozen,val,high_low,0.0,2409.13,0.0073285,1.1684655899844019,21.907173698240804,4.0,30.20369103746916,2.1462369573842537,fields/v43_va_n4_variant_2__high_low.npz,structure_features/v43_va_n4_variant_2__high_low.npz,1.0,22.5790838311,18.0377876558,1.34382026571,1.31416208881,1.0,24.948138876,17.5074085241,1.28057825476,1.21964614358,1.0,26.802542419,15.8218902068,1.1321947749,0.98203561422,1.0,28.571822595,15.6477160094,0.731422291103,1.34386528679,0.0,0.0,0.0,0.0,0.0,0.0,0.0,0.0,0.0,0.0
v43_structure,v43_va_n4_variant_2__low_high,validation_n4_frozen,validation_n4_frozen,val,low_high,0.0,1141.205,0.0405195,1.1684655899844019,21.907173698240804,4.0,30.20369103746916,2.1462369573842537,fields/v43_va_n4_variant_2__low_high.npz,structure_features/v43_va_n4_variant_2__low_high.npz,1.0,22.5790838311,18.0377876558,1.34382026571,1.31416208881,1.0,24.948138876,17.5074085241,1.28057825476,1.21964614358,1.0,26.802542419,15.8218902068,1.1321947749,0.98203561422,1.0,28.571822595,15.6477160094,0.731422291103,1.34386528679,0.0,0.0,0.0,0.0,0.0,0.0,0.0,0.0,0.0,0.0
v43_structure,v43_va_n4_variant_2__high_high,validation_n4_frozen,validation_n4_frozen,val,high_high,0.0,2409.13,0.0405195,1.1684655899844019,21.907173698240804,4.0,30.20369103746916,2.1462369573842537,fields/v43_va_n4_variant_2__high_high.npz,structure_features/v43_va_n4_variant_2__high_high.npz,1.0,22.5790838311,18.0377876558,1.34382026571,1.31416208881,1.0,24.948138876,17.5074085241,1.28057825476,1.21964614358,1.0,26.802542419,15.8218902068,1.1321947749,0.98203561422,1.0,28.571822595,15.6477160094,0.731422291103,1.34386528679,0.0,0.0,0.0,0.0,0.0,0.0,0.0,0.0,0.0,0.0
v43_structure,v43_va_n4_variant_3__center,validation_n4_frozen,validation_n4_frozen,val,center,0.0,1758.995,0.017931,1.1087416241932273,20.016562157814214,4.0,31.53735997840988,1.1216617206033135,fields/v43_va_n4_variant_3__center.npz,structure_features/v43_va_n4_variant_3__center.npz,1.0,20.6638934997,15.5946612502,1.29466268375,1.12346154523,1.0,22.772646786,15.4656480391,1.29309954856,0.959164742828,1.0,27.5152000585,15.2883977661,0.676456351077,1.21811604457,1.0,29.2976943422,16.3025290542,1.27653595587,1.02843612167,0.0,0.0,0.0,0.0,0.0,0.0,0.0,0.0,0.0,0.0
v43_structure,v43_va_n4_variant_3__low_low,validation_n4_frozen,validation_n4_frozen,val,low_low,0.0,1141.205,0.0073285,1.1087416241932273,20.016562157814214,4.0,31.53735997840988,1.1216617206033135,fields/v43_va_n4_variant_3__low_low.npz,structure_features/v43_va_n4_variant_3__low_low.npz,1.0,20.6638934997,15.5946612502,1.29466268375,1.12346154523,1.0,22.772646786,15.4656480391,1.29309954856,0.959164742828,1.0,27.5152000585,15.2883977661,0.676456351077,1.21811604457,1.0,29.2976943422,16.3025290542,1.27653595587,1.02843612167,0.0,0.0,0.0,0.0,0.0,0.0,0.0,0.0,0.0,0.0
v43_structure,v43_va_n4_variant_3__high_low,validation_n4_frozen,validation_n4_frozen,val,high_low,0.0,2409.13,0.0073285,1.1087416241932273,20.016562157814214,4.0,31.53735997840988,1.1216617206033135,fields/v43_va_n4_variant_3__high_low.npz,structure_features/v43_va_n4_variant_3__high_low.npz,1.0,20.6638934997,15.5946612502,1.29466268375,1.12346154523,1.0,22.772646786,15.4656480391,1.29309954856,0.959164742828,1.0,27.5152000585,15.2883977661,0.676456351077,1.21811604457,1.0,29.2976943422,16.3025290542,1.27653595587,1.02843612167,0.0,0.0,0.0,0.0,0.0,0.0,0.0,0.0,0.0,0.0
v43_structure,v43_va_n4_variant_3__low_high,validation_n4_frozen,validation_n4_frozen,val,low_high,0.0,1141.205,0.0405195,1.1087416241932273,20.016562157814214,4.0,31.53735997840988,1.1216617206033135,fields/v43_va_n4_variant_3__low_high.npz,structure_features/v43_va_n4_variant_3__low_high.npz,1.0,20.6638934997,15.5946612502,1.29466268375,1.12346154523,1.0,22.772646786,15.4656480391,1.29309954856,0.959164742828,1.0,27.5152000585,15.2883977661,0.676456351077,1.21811604457,1.0,29.2976943422,16.3025290542,1.27653595587,1.02843612167,0.0,0.0,0.0,0.0,0.0,0.0,0.0,0.0,0.0,0.0
v43_structure,v43_va_n4_variant_3__high_high,validation_n4_frozen,validation_n4_frozen,val,high_high,0.0,2409.13,0.0405195,1.1087416241932273,20.016562157814214,4.0,31.53735997840988,1.1216617206033135,fields/v43_va_n4_variant_3__high_high.npz,structure_features/v43_va_n4_variant_3__high_high.npz,1.0,20.6638934997,15.5946612502,1.29466268375,1.12346154523,1.0,22.772646786,15.4656480391,1.29309954856,0.959164742828,1.0,27.5152000585,15.2883977661,0.676456351077,1.21811604457,1.0,29.2976943422,16.3025290542,1.27653595587,1.02843612167,0.0,0.0,0.0,0.0,0.0,0.0,0.0,0.0,0.0,0.0
v43_structure,v43_va_n5_anchor__center,validation_n5_frozen,validation_n5_frozen,val,center,0.0,1758.995,0.017931,1.0,3.5,5.0,31.0,2.5,fields/v43_va_n5_anchor__center.npz,structure_features/v43_va_n5_anchor__center.npz,1.0,4.0,17.0,1.0,1.0,1.0,9.5,17.0,1.0,1.0,1.0,15.0,17.0,1.0,1.0,1.0,20.5,17.0,1.0,1.0,1.0,26.0,17.0,1.0,1.0,0.0,0.0,0.0,0.0,0.0
v43_structure,v43_va_n5_anchor__low_low,validation_n5_frozen,validation_n5_frozen,val,low_low,0.0,1141.205,0.0073285,1.0,3.5,5.0,31.0,2.5,fields/v43_va_n5_anchor__low_low.npz,structure_features/v43_va_n5_anchor__low_low.npz,1.0,4.0,17.0,1.0,1.0,1.0,9.5,17.0,1.0,1.0,1.0,15.0,17.0,1.0,1.0,1.0,20.5,17.0,1.0,1.0,1.0,26.0,17.0,1.0,1.0,0.0,0.0,0.0,0.0,0.0
v43_structure,v43_va_n5_anchor__high_low,validation_n5_frozen,validation_n5_frozen,val,high_low,0.0,2409.13,0.0073285,1.0,3.5,5.0,31.0,2.5,fields/v43_va_n5_anchor__high_low.npz,structure_features/v43_va_n5_anchor__high_low.npz,1.0,4.0,17.0,1.0,1.0,1.0,9.5,17.0,1.0,1.0,1.0,15.0,17.0,1.0,1.0,1.0,20.5,17.0,1.0,1.0,1.0,26.0,17.0,1.0,1.0,0.0,0.0,0.0,0.0,0.0
v43_structure,v43_va_n5_anchor__low_high,validation_n5_frozen,validation_n5_frozen,val,low_high,0.0,1141.205,0.0405195,1.0,3.5,5.0,31.0,2.5,fields/v43_va_n5_anchor__low_high.npz,structure_features/v43_va_n5_anchor__low_high.npz,1.0,4.0,17.0,1.0,1.0,1.0,9.5,17.0,1.0,1.0,1.0,15.0,17.0,1.0,1.0,1.0,20.5,17.0,1.0,1.0,1.0,26.0,17.0,1.0,1.0,0.0,0.0,0.0,0.0,0.0
v43_structure,v43_va_n5_anchor__high_high,validation_n5_frozen,validation_n5_frozen,val,high_high,0.0,2409.13,0.0405195,1.0,3.5,5.0,31.0,2.5,fields/v43_va_n5_anchor__high_high.npz,structure_features/v43_va_n5_anchor__high_high.npz,1.0,4.0,17.0,1.0,1.0,1.0,9.5,17.0,1.0,1.0,1.0,15.0,17.0,1.0,1.0,1.0,20.5,17.0,1.0,1.0,1.0,26.0,17.0,1.0,1.0,0.0,0.0,0.0,0.0,0.0
v43_structure,v43_va_n5_variant_1__center,validation_n5_frozen,validation_n5_frozen,val,center,0.0,1758.995,0.017931,1.0333828901099895,10.662231520053359,5.0,31.04693777392302,1.5874514597677827,fields/v43_va_n5_variant_1__center.npz,structure_features/v43_va_n5_variant_1__center.npz,1.0,11.3297924143,15.8019262846,1.3351217884,1.30756339695,1.0,16.1751468991,15.5704290178,0.881226701014,1.23933258303,1.0,22.5676695225,18.5874715153,0.69978882863,0.723345334893,1.0,24.2426607426,15.4458529331,1.32259950804,0.910552971572,1.0,27.3861106457,15.2258711558,0.706504859337,1.20779292924,0.0,0.0,0.0,0.0,0.0
v43_structure,v43_va_n5_variant_1__low_low,validation_n5_frozen,validation_n5_frozen,val,low_low,0.0,1141.205,0.0073285,1.0333828901099895,10.662231520053359,5.0,31.04693777392302,1.5874514597677827,fields/v43_va_n5_variant_1__low_low.npz,structure_features/v43_va_n5_variant_1__low_low.npz,1.0,11.3297924143,15.8019262846,1.3351217884,1.30756339695,1.0,16.1751468991,15.5704290178,0.881226701014,1.23933258303,1.0,22.5676695225,18.5874715153,0.69978882863,0.723345334893,1.0,24.2426607426,15.4458529331,1.32259950804,0.910552971572,1.0,27.3861106457,15.2258711558,0.706504859337,1.20779292924,0.0,0.0,0.0,0.0,0.0
v43_structure,v43_va_n5_variant_1__high_low,validation_n5_frozen,validation_n5_frozen,val,high_low,0.0,2409.13,0.0073285,1.0333828901099895,10.662231520053359,5.0,31.04693777392302,1.5874514597677827,fields/v43_va_n5_variant_1__high_low.npz,structure_features/v43_va_n5_variant_1__high_low.npz,1.0,11.3297924143,15.8019262846,1.3351217884,1.30756339695,1.0,16.1751468991,15.5704290178,0.881226701014,1.23933258303,1.0,22.5676695225,18.5874715153,0.69978882863,0.723345334893,1.0,24.2426607426,15.4458529331,1.32259950804,0.910552971572,1.0,27.3861106457,15.2258711558,0.706504859337,1.20779292924,0.0,0.0,0.0,0.0,0.0
v43_structure,v43_va_n5_variant_1__low_high,validation_n5_frozen,validation_n5_frozen,val,low_high,0.0,1141.205,0.0405195,1.0333828901099895,10.662231520053359,5.0,31.04693777392302,1.5874514597677827,fields/v43_va_n5_variant_1__low_high.npz,structure_features/v43_va_n5_variant_1__low_high.npz,1.0,11.3297924143,15.8019262846,1.3351217884,1.30756339695,1.0,16.1751468991,15.5704290178,0.881226701014,1.23933258303,1.0,22.5676695225,18.5874715153,0.69978882863,0.723345334893,1.0,24.2426607426,15.4458529331,1.32259950804,0.910552971572,1.0,27.3861106457,15.2258711558,0.706504859337,1.20779292924,0.0,0.0,0.0,0.0,0.0
v43_structure,v43_va_n5_variant_1__high_high,validation_n5_frozen,validation_n5_frozen,val,high_high,0.0,2409.13,0.0405195,1.0333828901099895,10.662231520053359,5.0,31.04693777392302,1.5874514597677827,fields/v43_va_n5_variant_1__high_high.npz,structure_features/v43_va_n5_variant_1__high_high.npz,1.0,11.3297924143,15.8019262846,1.3351217884,1.30756339695,1.0,16.1751468991,15.5704290178,0.881226701014,1.23933258303,1.0,22.5676695225,18.5874715153,0.69978882863,0.723345334893,1.0,24.2426607426,15.4458529331,1.32259950804,0.910552971572,1.0,27.3861106457,15.2258711558,0.706504859337,1.20779292924,0.0,0.0,0.0,0.0,0.0
v43_structure,v43_va_n5_variant_2__center,validation_n5_frozen,validation_n5_frozen,val,center,0.0,1758.995,0.017931,0.9452326883690457,14.857750074265681,5.0,30.479733178998696,2.5042141254603436,fields/v43_va_n5_variant_2__center.npz,structure_features/v43_va_n5_variant_2__center.npz,1.0,15.4737851003,18.858132197,1.23207005208,1.02396168782,1.0,24.0191278954,15.4674637828,0.77447663804,1.04019311236,1.0,25.3377400494,18.9969434366,0.836791589135,1.33142463928,1.0,26.6840219215,15.4964952775,0.719676834679,0.849985276874,1.0,27.740835423,16.3188269936,0.655729649234,0.988017404185,0.0,0.0,0.0,0.0,0.0
v43_structure,v43_va_n5_variant_2__low_low,validation_n5_frozen,validation_n5_frozen,val,low_low,0.0,1141.205,0.0073285,0.9452326883690457,14.857750074265681,5.0,30.479733178998696,2.5042141254603436,fields/v43_va_n5_variant_2__low_low.npz,structure_features/v43_va_n5_variant_2__low_low.npz,1.0,15.4737851003,18.858132197,1.23207005208,1.02396168782,1.0,24.0191278954,15.4674637828,0.77447663804,1.04019311236,1.0,25.3377400494,18.9969434366,0.836791589135,1.33142463928,1.0,26.6840219215,15.4964952775,0.719676834679,0.849985276874,1.0,27.740835423,16.3188269936,0.655729649234,0.988017404185,0.0,0.0,0.0,0.0,0.0
v43_structure,v43_va_n5_variant_2__high_low,validation_n5_frozen,validation_n5_frozen,val,high_low,0.0,2409.13,0.0073285,0.9452326883690457,14.857750074265681,5.0,30.479733178998696,2.5042141254603436,fields/v43_va_n5_variant_2__high_low.npz,structure_features/v43_va_n5_variant_2__high_low.npz,1.0,15.4737851003,18.858132197,1.23207005208,1.02396168782,1.0,24.0191278954,15.4674637828,0.77447663804,1.04019311236,1.0,25.3377400494,18.9969434366,0.836791589135,1.33142463928,1.0,26.6840219215,15.4964952775,0.719676834679,0.849985276874,1.0,27.740835423,16.3188269936,0.655729649234,0.988017404185,0.0,0.0,0.0,0.0,0.0
v43_structure,v43_va_n5_variant_2__low_high,validation_n5_frozen,validation_n5_frozen,val,low_high,0.0,1141.205,0.0405195,0.9452326883690457,14.857750074265681,5.0,30.479733178998696,2.5042141254603436,fields/v43_va_n5_variant_2__low_high.npz,structure_features/v43_va_n5_variant_2__low_high.npz,1.0,15.4737851003,18.858132197,1.23207005208,1.02396168782,1.0,24.0191278954,15.4674637828,0.77447663804,1.04019311236,1.0,25.3377400494,18.9969434366,0.836791589135,1.33142463928,1.0,26.6840219215,15.4964952775,0.719676834679,0.849985276874,1.0,27.740835423,16.3188269936,0.655729649234,0.988017404185,0.0,0.0,0.0,0.0,0.0
v43_structure,v43_va_n5_variant_2__high_high,validation_n5_frozen,validation_n5_frozen,val,high_high,0.0,2409.13,0.0405195,0.9452326883690457,14.857750074265681,5.0,30.479733178998696,2.5042141254603436,fields/v43_va_n5_variant_2__high_high.npz,structure_features/v43_va_n5_variant_2__high_high.npz,1.0,15.4737851003,18.858132197,1.23207005208,1.02396168782,1.0,24.0191278954,15.4674637828,0.77447663804,1.04019311236,1.0,25.3377400494,18.9969434366,0.836791589135,1.33142463928,1.0,26.6840219215,15.4964952775,0.719676834679,0.849985276874,1.0,27.740835423,16.3188269936,0.655729649234,0.988017404185,0.0,0.0,0.0,0.0,0.0
v43_structure,v43_va_n5_variant_3__center,validation_n5_frozen,validation_n5_frozen,val,center,0.0,1758.995,0.017931,1.0764493266033879,2.7171479739754156,5.0,33.481039517218484,3.5714468190962023,fields/v43_va_n5_variant_3__center.npz,structure_features/v43_va_n5_variant_3__center.npz,1.0,3.2471510972,18.9648470057,1.06000624644,1.04446580422,1.0,11.1501080796,19.0373696627,1.33892415338,1.12851364001,1.0,16.7928890672,18.0307620162,1.32840435537,0.672539583245,1.0,26.2399699384,18.8118545989,0.722439088562,1.34305009172,1.0,27.9436592367,15.5330137688,1.27349350869,0.852656794402,0.0,0.0,0.0,0.0,0.0
v43_structure,v43_va_n5_variant_3__low_low,validation_n5_frozen,validation_n5_frozen,val,low_low,0.0,1141.205,0.0073285,1.0764493266033879,2.7171479739754156,5.0,33.481039517218484,3.5714468190962023,fields/v43_va_n5_variant_3__low_low.npz,structure_features/v43_va_n5_variant_3__low_low.npz,1.0,3.2471510972,18.9648470057,1.06000624644,1.04446580422,1.0,11.1501080796,19.0373696627,1.33892415338,1.12851364001,1.0,16.7928890672,18.0307620162,1.32840435537,0.672539583245,1.0,26.2399699384,18.8118545989,0.722439088562,1.34305009172,1.0,27.9436592367,15.5330137688,1.27349350869,0.852656794402,0.0,0.0,0.0,0.0,0.0
v43_structure,v43_va_n5_variant_3__high_low,validation_n5_frozen,validation_n5_frozen,val,high_low,0.0,2409.13,0.0073285,1.0764493266033879,2.7171479739754156,5.0,33.481039517218484,3.5714468190962023,fields/v43_va_n5_variant_3__high_low.npz,structure_features/v43_va_n5_variant_3__high_low.npz,1.0,3.2471510972,18.9648470057,1.06000624644,1.04446580422,1.0,11.1501080796,19.0373696627,1.33892415338,1.12851364001,1.0,16.7928890672,18.0307620162,1.32840435537,0.672539583245,1.0,26.2399699384,18.8118545989,0.722439088562,1.34305009172,1.0,27.9436592367,15.5330137688,1.27349350869,0.852656794402,0.0,0.0,0.0,0.0,0.0
v43_structure,v43_va_n5_variant_3__low_high,validation_n5_frozen,validation_n5_frozen,val,low_high,0.0,1141.205,0.0405195,1.0764493266033879,2.7171479739754156,5.0,33.481039517218484,3.5714468190962023,fields/v43_va_n5_variant_3__low_high.npz,structure_features/v43_va_n5_variant_3__low_high.npz,1.0,3.2471510972,18.9648470057,1.06000624644,1.04446580422,1.0,11.1501080796,19.0373696627,1.33892415338,1.12851364001,1.0,16.7928890672,18.0307620162,1.32840435537,0.672539583245,1.0,26.2399699384,18.8118545989,0.722439088562,1.34305009172,1.0,27.9436592367,15.5330137688,1.27349350869,0.852656794402,0.0,0.0,0.0,0.0,0.0
v43_structure,v43_va_n5_variant_3__high_high,validation_n5_frozen,validation_n5_frozen,val,high_high,0.0,2409.13,0.0405195,1.0764493266033879,2.7171479739754156,5.0,33.481039517218484,3.5714468190962023,fields/v43_va_n5_variant_3__high_high.npz,structure_features/v43_va_n5_variant_3__high_high.npz,1.0,3.2471510972,18.9648470057,1.06000624644,1.04446580422,1.0,11.1501080796,19.0373696627,1.33892415338,1.12851364001,1.0,16.7928890672,18.0307620162,1.32840435537,0.672539583245,1.0,26.2399699384,18.8118545989,0.722439088562,1.34305009172,1.0,27.9436592367,15.5330137688,1.27349350869,0.852656794402,0.0,0.0,0.0,0.0,0.0
v43_structure,v43_va_n6_anchor__center,validation_n6_frozen,validation_n6_frozen,val,center,0.0,1758.995,0.017931,1.0,3.5,6.0,29.9,2.5,fields/v43_va_n6_anchor__center.npz,structure_features/v43_va_n6_anchor__center.npz,1.0,4.0,17.0,1.0,1.0,1.0,8.4,17.0,1.0,1.0,1.0,12.8,17.0,1.0,1.0,1.0,17.2,17.0,1.0,1.0,1.0,21.6,17.0,1.0,1.0,1.0,26.0,17.0,1.0,1.0
v43_structure,v43_va_n6_anchor__low_low,validation_n6_frozen,validation_n6_frozen,val,low_low,0.0,1141.205,0.0073285,1.0,3.5,6.0,29.9,2.5,fields/v43_va_n6_anchor__low_low.npz,structure_features/v43_va_n6_anchor__low_low.npz,1.0,4.0,17.0,1.0,1.0,1.0,8.4,17.0,1.0,1.0,1.0,12.8,17.0,1.0,1.0,1.0,17.2,17.0,1.0,1.0,1.0,21.6,17.0,1.0,1.0,1.0,26.0,17.0,1.0,1.0
v43_structure,v43_va_n6_anchor__high_low,validation_n6_frozen,validation_n6_frozen,val,high_low,0.0,2409.13,0.0073285,1.0,3.5,6.0,29.9,2.5,fields/v43_va_n6_anchor__high_low.npz,structure_features/v43_va_n6_anchor__high_low.npz,1.0,4.0,17.0,1.0,1.0,1.0,8.4,17.0,1.0,1.0,1.0,12.8,17.0,1.0,1.0,1.0,17.2,17.0,1.0,1.0,1.0,21.6,17.0,1.0,1.0,1.0,26.0,17.0,1.0,1.0
v43_structure,v43_va_n6_anchor__low_high,validation_n6_frozen,validation_n6_frozen,val,low_high,0.0,1141.205,0.0405195,1.0,3.5,6.0,29.9,2.5,fields/v43_va_n6_anchor__low_high.npz,structure_features/v43_va_n6_anchor__low_high.npz,1.0,4.0,17.0,1.0,1.0,1.0,8.4,17.0,1.0,1.0,1.0,12.8,17.0,1.0,1.0,1.0,17.2,17.0,1.0,1.0,1.0,21.6,17.0,1.0,1.0,1.0,26.0,17.0,1.0,1.0
v43_structure,v43_va_n6_anchor__high_high,validation_n6_frozen,validation_n6_frozen,val,high_high,0.0,2409.13,0.0405195,1.0,3.5,6.0,29.9,2.5,fields/v43_va_n6_anchor__high_high.npz,structure_features/v43_va_n6_anchor__high_high.npz,1.0,4.0,17.0,1.0,1.0,1.0,8.4,17.0,1.0,1.0,1.0,12.8,17.0,1.0,1.0,1.0,17.2,17.0,1.0,1.0,1.0,21.6,17.0,1.0,1.0,1.0,26.0,17.0,1.0,1.0
v43_structure,v43_va_n6_variant_1__center,validation_n6_frozen,validation_n6_frozen,val,center,0.0,1758.995,0.017931,0.9435999909011459,12.299032401803586,6.0,32.54189735102372,2.060152421960453,fields/v43_va_n6_variant_1__center.npz,structure_features/v43_va_n6_variant_1__center.npz,1.0,12.9167557496,15.2790489245,1.23544669552,1.20359233303,1.0,14.5695141267,15.2164109077,0.669578952669,0.696104447984,1.0,22.4493720677,17.8197727334,0.754344166847,0.908236394724,1.0,23.8237063425,15.3526057734,0.697936739103,1.0115098472,1.0,25.0154256704,19.0823728044,0.773140966775,1.27990829863,1.0,29.5834133358,16.8322320714,0.749695004022,1.34370604431
v43_structure,v43_va_n6_variant_1__low_low,validation_n6_frozen,validation_n6_frozen,val,low_low,0.0,1141.205,0.0073285,0.9435999909011459,12.299032401803586,6.0,32.54189735102372,2.060152421960453,fields/v43_va_n6_variant_1__low_low.npz,structure_features/v43_va_n6_variant_1__low_low.npz,1.0,12.9167557496,15.2790489245,1.23544669552,1.20359233303,1.0,14.5695141267,15.2164109077,0.669578952669,0.696104447984,1.0,22.4493720677,17.8197727334,0.754344166847,0.908236394724,1.0,23.8237063425,15.3526057734,0.697936739103,1.0115098472,1.0,25.0154256704,19.0823728044,0.773140966775,1.27990829863,1.0,29.5834133358,16.8322320714,0.749695004022,1.34370604431
v43_structure,v43_va_n6_variant_1__high_low,validation_n6_frozen,validation_n6_frozen,val,high_low,0.0,2409.13,0.0073285,0.9435999909011459,12.299032401803586,6.0,32.54189735102372,2.060152421960453,fields/v43_va_n6_variant_1__high_low.npz,structure_features/v43_va_n6_variant_1__high_low.npz,1.0,12.9167557496,15.2790489245,1.23544669552,1.20359233303,1.0,14.5695141267,15.2164109077,0.669578952669,0.696104447984,1.0,22.4493720677,17.8197727334,0.754344166847,0.908236394724,1.0,23.8237063425,15.3526057734,0.697936739103,1.0115098472,1.0,25.0154256704,19.0823728044,0.773140966775,1.27990829863,1.0,29.5834133358,16.8322320714,0.749695004022,1.34370604431
v43_structure,v43_va_n6_variant_1__low_high,validation_n6_frozen,validation_n6_frozen,val,low_high,0.0,1141.205,0.0405195,0.9435999909011459,12.299032401803586,6.0,32.54189735102372,2.060152421960453,fields/v43_va_n6_variant_1__low_high.npz,structure_features/v43_va_n6_variant_1__low_high.npz,1.0,12.9167557496,15.2790489245,1.23544669552,1.20359233303,1.0,14.5695141267,15.2164109077,0.669578952669,0.696104447984,1.0,22.4493720677,17.8197727334,0.754344166847,0.908236394724,1.0,23.8237063425,15.3526057734,0.697936739103,1.0115098472,1.0,25.0154256704,19.0823728044,0.773140966775,1.27990829863,1.0,29.5834133358,16.8322320714,0.749695004022,1.34370604431
v43_structure,v43_va_n6_variant_1__high_high,validation_n6_frozen,validation_n6_frozen,val,high_high,0.0,2409.13,0.0405195,0.9435999909011459,12.299032401803586,6.0,32.54189735102372,2.060152421960453,fields/v43_va_n6_variant_1__high_high.npz,structure_features/v43_va_n6_variant_1__high_high.npz,1.0,12.9167557496,15.2790489245,1.23544669552,1.20359233303,1.0,14.5695141267,15.2164109077,0.669578952669,0.696104447984,1.0,22.4493720677,17.8197727334,0.754344166847,0.908236394724,1.0,23.8237063425,15.3526057734,0.697936739103,1.0115098472,1.0,25.0154256704,19.0823728044,0.773140966775,1.27990829863,1.0,29.5834133358,16.8322320714,0.749695004022,1.34370604431
v43_structure,v43_va_n6_variant_2__center,validation_n6_frozen,validation_n6_frozen,val,center,0.0,1758.995,0.017931,0.951670227775607,2.0602044740334344,6.0,17.703320732705315,1.214042738121016,fields/v43_va_n6_variant_2__center.npz,structure_features/v43_va_n6_variant_2__center.npz,1.0,2.63440366144,15.4339866523,1.14839837481,1.2723896536,1.0,4.58802973152,16.1035496251,0.928833592366,1.19034262352,1.0,6.07651862868,17.5005064175,0.882147763585,1.04318435574,1.0,9.5954697938,14.9901812006,0.69851518348,0.818865809773,1.0,11.9288838325,15.2188098271,0.70452924268,1.34037217675,1.0,15.484166821,15.2152332741,0.701597440454,0.690866516546
v43_structure,v43_va_n6_variant_2__low_low,validation_n6_frozen,validation_n6_frozen,val,low_low,0.0,1141.205,0.0073285,0.951670227775607,2.0602044740334344,6.0,17.703320732705315,1.214042738121016,fields/v43_va_n6_variant_2__low_low.npz,structure_features/v43_va_n6_variant_2__low_low.npz,1.0,2.63440366144,15.4339866523,1.14839837481,1.2723896536,1.0,4.58802973152,16.1035496251,0.928833592366,1.19034262352,1.0,6.07651862868,17.5005064175,0.882147763585,1.04318435574,1.0,9.5954697938,14.9901812006,0.69851518348,0.818865809773,1.0,11.9288838325,15.2188098271,0.70452924268,1.34037217675,1.0,15.484166821,15.2152332741,0.701597440454,0.690866516546
v43_structure,v43_va_n6_variant_2__high_low,validation_n6_frozen,validation_n6_frozen,val,high_low,0.0,2409.13,0.0073285,0.951670227775607,2.0602044740334344,6.0,17.703320732705315,1.214042738121016,fields/v43_va_n6_variant_2__high_low.npz,structure_features/v43_va_n6_variant_2__high_low.npz,1.0,2.63440366144,15.4339866523,1.14839837481,1.2723896536,1.0,4.58802973152,16.1035496251,0.928833592366,1.19034262352,1.0,6.07651862868,17.5005064175,0.882147763585,1.04318435574,1.0,9.5954697938,14.9901812006,0.69851518348,0.818865809773,1.0,11.9288838325,15.2188098271,0.70452924268,1.34037217675,1.0,15.484166821,15.2152332741,0.701597440454,0.690866516546
v43_structure,v43_va_n6_variant_2__low_high,validation_n6_frozen,validation_n6_frozen,val,low_high,0.0,1141.205,0.0405195,0.951670227775607,2.0602044740334344,6.0,17.703320732705315,1.214042738121016,fields/v43_va_n6_variant_2__low_high.npz,structure_features/v43_va_n6_variant_2__low_high.npz,1.0,2.63440366144,15.4339866523,1.14839837481,1.2723896536,1.0,4.58802973152,16.1035496251,0.928833592366,1.19034262352,1.0,6.07651862868,17.5005064175,0.882147763585,1.04318435574,1.0,9.5954697938,14.9901812006,0.69851518348,0.818865809773,1.0,11.9288838325,15.2188098271,0.70452924268,1.34037217675,1.0,15.484166821,15.2152332741,0.701597440454,0.690866516546
v43_structure,v43_va_n6_variant_2__high_high,validation_n6_frozen,validation_n6_frozen,val,high_high,0.0,2409.13,0.0405195,0.951670227775607,2.0602044740334344,6.0,17.703320732705315,1.214042738121016,fields/v43_va_n6_variant_2__high_high.npz,structure_features/v43_va_n6_variant_2__high_high.npz,1.0,2.63440366144,15.4339866523,1.14839837481,1.2723896536,1.0,4.58802973152,16.1035496251,0.928833592366,1.19034262352,1.0,6.07651862868,17.5005064175,0.882147763585,1.04318435574,1.0,9.5954697938,14.9901812006,0.69851518348,0.818865809773,1.0,11.9288838325,15.2188098271,0.70452924268,1.34037217675,1.0,15.484166821,15.2152332741,0.701597440454,0.690866516546
v43_structure,v43_va_n6_variant_3__center,validation_n6_frozen,validation_n6_frozen,val,center,0.0,1758.995,0.017931,1.1196068517798823,2.9527408929263075,6.0,33.78091961745606,3.481330397563198,fields/v43_va_n6_variant_3__center.npz,structure_features/v43_va_n6_variant_3__center.npz,1.0,3.5998783478,15.6711065872,1.29427490974,1.14520237931,1.0,7.75786596526,18.9788122423,1.25745387696,1.21764452401,1.0,9.64763013278,19.119943702,1.1891725919,1.26048637627,1.0,22.1428027531,17.9983759731,1.34493918168,0.813546364914,1.0,27.2336246545,17.3819743019,1.21817553703,0.691413724864,1.0,29.2998008254,18.6445369375,1.31773140693,0.685241347745
v43_structure,v43_va_n6_variant_3__low_low,validation_n6_frozen,validation_n6_frozen,val,low_low,0.0,1141.205,0.0073285,1.1196068517798823,2.9527408929263075,6.0,33.78091961745606,3.481330397563198,fields/v43_va_n6_variant_3__low_low.npz,structure_features/v43_va_n6_variant_3__low_low.npz,1.0,3.5998783478,15.6711065872,1.29427490974,1.14520237931,1.0,7.75786596526,18.9788122423,1.25745387696,1.21764452401,1.0,9.64763013278,19.119943702,1.1891725919,1.26048637627,1.0,22.1428027531,17.9983759731,1.34493918168,0.813546364914,1.0,27.2336246545,17.3819743019,1.21817553703,0.691413724864,1.0,29.2998008254,18.6445369375,1.31773140693,0.685241347745
v43_structure,v43_va_n6_variant_3__high_low,validation_n6_frozen,validation_n6_frozen,val,high_low,0.0,2409.13,0.0073285,1.1196068517798823,2.9527408929263075,6.0,33.78091961745606,3.481330397563198,fields/v43_va_n6_variant_3__high_low.npz,structure_features/v43_va_n6_variant_3__high_low.npz,1.0,3.5998783478,15.6711065872,1.29427490974,1.14520237931,1.0,7.75786596526,18.9788122423,1.25745387696,1.21764452401,1.0,9.64763013278,19.119943702,1.1891725919,1.26048637627,1.0,22.1428027531,17.9983759731,1.34493918168,0.813546364914,1.0,27.2336246545,17.3819743019,1.21817553703,0.691413724864,1.0,29.2998008254,18.6445369375,1.31773140693,0.685241347745
v43_structure,v43_va_n6_variant_3__low_high,validation_n6_frozen,validation_n6_frozen,val,low_high,0.0,1141.205,0.0405195,1.1196068517798823,2.9527408929263075,6.0,33.78091961745606,3.481330397563198,fields/v43_va_n6_variant_3__low_high.npz,structure_features/v43_va_n6_variant_3__low_high.npz,1.0,3.5998783478,15.6711065872,1.29427490974,1.14520237931,1.0,7.75786596526,18.9788122423,1.25745387696,1.21764452401,1.0,9.64763013278,19.119943702,1.1891725919,1.26048637627,1.0,22.1428027531,17.9983759731,1.34493918168,0.813546364914,1.0,27.2336246545,17.3819743019,1.21817553703,0.691413724864,1.0,29.2998008254,18.6445369375,1.31773140693,0.685241347745
v43_structure,v43_va_n6_variant_3__high_high,validation_n6_frozen,validation_n6_frozen,val,high_high,0.0,2409.13,0.0405195,1.1196068517798823,2.9527408929263075,6.0,33.78091961745606,3.481330397563198,fields/v43_va_n6_variant_3__high_high.npz,structure_features/v43_va_n6_variant_3__high_high.npz,1.0,3.5998783478,15.6711065872,1.29427490974,1.14520237931,1.0,7.75786596526,18.9788122423,1.25745387696,1.21764452401,1.0,9.64763013278,19.119943702,1.1891725919,1.26048637627,1.0,22.1428027531,17.9983759731,1.34493918168,0.813546364914,1.0,27.2336246545,17.3819743019,1.21817553703,0.691413724864,1.0,29.2998008254,18.6445369375,1.31773140693,0.685241347745
v43_structure,v43_te_n2_anchor__center,test_n2_frozen,test_n2_frozen,test,center,0.0,1758.995,0.017931,1.1,5.45,2.0,41.45,1.5,fields/v43_te_n2_anchor__center.npz,structure_features/v43_te_n2_anchor__center.npz,1.0,6.0,16.05,1.1,1.1,1.0,24.0,16.05,1.1,1.1,0.0,0.0,0.0,0.0,0.0,0.0,0.0,0.0,0.0,0.0,0.0,0.0,0.0,0.0,0.0,0.0,0.0,0.0,0.0,0.0
v43_structure,v43_te_n2_anchor__low_low,test_n2_frozen,test_n2_frozen,test,low_low,0.0,1141.205,0.0073285,1.1,5.45,2.0,41.45,1.5,fields/v43_te_n2_anchor__low_low.npz,structure_features/v43_te_n2_anchor__low_low.npz,1.0,6.0,16.05,1.1,1.1,1.0,24.0,16.05,1.1,1.1,0.0,0.0,0.0,0.0,0.0,0.0,0.0,0.0,0.0,0.0,0.0,0.0,0.0,0.0,0.0,0.0,0.0,0.0,0.0,0.0
v43_structure,v43_te_n2_anchor__high_low,test_n2_frozen,test_n2_frozen,test,high_low,0.0,2409.13,0.0073285,1.1,5.45,2.0,41.45,1.5,fields/v43_te_n2_anchor__high_low.npz,structure_features/v43_te_n2_anchor__high_low.npz,1.0,6.0,16.05,1.1,1.1,1.0,24.0,16.05,1.1,1.1,0.0,0.0,0.0,0.0,0.0,0.0,0.0,0.0,0.0,0.0,0.0,0.0,0.0,0.0,0.0,0.0,0.0,0.0,0.0,0.0
v43_structure,v43_te_n2_anchor__low_high,test_n2_frozen,test_n2_frozen,test,low_high,0.0,1141.205,0.0405195,1.1,5.45,2.0,41.45,1.5,fields/v43_te_n2_anchor__low_high.npz,structure_features/v43_te_n2_anchor__low_high.npz,1.0,6.0,16.05,1.1,1.1,1.0,24.0,16.05,1.1,1.1,0.0,0.0,0.0,0.0,0.0,0.0,0.0,0.0,0.0,0.0,0.0,0.0,0.0,0.0,0.0,0.0,0.0,0.0,0.0,0.0
v43_structure,v43_te_n2_anchor__high_high,test_n2_frozen,test_n2_frozen,test,high_high,0.0,2409.13,0.0405195,1.1,5.45,2.0,41.45,1.5,fields/v43_te_n2_anchor__high_high.npz,structure_features/v43_te_n2_anchor__high_high.npz,1.0,6.0,16.05,1.1,1.1,1.0,24.0,16.05,1.1,1.1,0.0,0.0,0.0,0.0,0.0,0.0,0.0,0.0,0.0,0.0,0.0,0.0,0.0,0.0,0.0,0.0,0.0,0.0,0.0,0.0
v43_structure,v43_te_n2_variant_1__center,test_n2_frozen,test_n2_frozen,test,center,0.0,1758.995,0.017931,0.795993700319772,11.793121296264962,2.0,15.161775318450994,4.270879508156902,fields/v43_te_n2_variant_1__center.npz,structure_features/v43_te_n2_variant_1__center.npz,1.0,12.1365837904,18.472251558,0.686924988221,0.692697374149,1.0,13.9195576572,18.7772761593,1.08151241112,0.72284002779,0.0,0.0,0.0,0.0,0.0,0.0,0.0,0.0,0.0,0.0,0.0,0.0,0.0,0.0,0.0,0.0,0.0,0.0,0.0,0.0
v43_structure,v43_te_n2_variant_1__low_low,test_n2_frozen,test_n2_frozen,test,low_low,0.0,1141.205,0.0073285,0.795993700319772,11.793121296264962,2.0,15.161775318450994,4.270879508156902,fields/v43_te_n2_variant_1__low_low.npz,structure_features/v43_te_n2_variant_1__low_low.npz,1.0,12.1365837904,18.472251558,0.686924988221,0.692697374149,1.0,13.9195576572,18.7772761593,1.08151241112,0.72284002779,0.0,0.0,0.0,0.0,0.0,0.0,0.0,0.0,0.0,0.0,0.0,0.0,0.0,0.0,0.0,0.0,0.0,0.0,0.0,0.0
v43_structure,v43_te_n2_variant_1__high_low,test_n2_frozen,test_n2_frozen,test,high_low,0.0,2409.13,0.0073285,0.795993700319772,11.793121296264962,2.0,15.161775318450994,4.270879508156902,fields/v43_te_n2_variant_1__high_low.npz,structure_features/v43_te_n2_variant_1__high_low.npz,1.0,12.1365837904,18.472251558,0.686924988221,0.692697374149,1.0,13.9195576572,18.7772761593,1.08151241112,0.72284002779,0.0,0.0,0.0,0.0,0.0,0.0,0.0,0.0,0.0,0.0,0.0,0.0,0.0,0.0,0.0,0.0,0.0,0.0,0.0,0.0
v43_structure,v43_te_n2_variant_1__low_high,test_n2_frozen,test_n2_frozen,test,low_high,0.0,1141.205,0.0405195,0.795993700319772,11.793121296264962,2.0,15.161775318450994,4.270879508156902,fields/v43_te_n2_variant_1__low_high.npz,structure_features/v43_te_n2_variant_1__low_high.npz,1.0,12.1365837904,18.472251558,0.686924988221,0.692697374149,1.0,13.9195576572,18.7772761593,1.08151241112,0.72284002779,0.0,0.0,0.0,0.0,0.0,0.0,0.0,0.0,0.0,0.0,0.0,0.0,0.0,0.0,0.0,0.0,0.0,0.0,0.0,0.0
v43_structure,v43_te_n2_variant_1__high_high,test_n2_frozen,test_n2_frozen,test,high_high,0.0,2409.13,0.0405195,0.795993700319772,11.793121296264962,2.0,15.161775318450994,4.270879508156902,fields/v43_te_n2_variant_1__high_high.npz,structure_features/v43_te_n2_variant_1__high_high.npz,1.0,12.1365837904,18.472251558,0.686924988221,0.692697374149,1.0,13.9195576572,18.7772761593,1.08151241112,0.72284002779,0.0,0.0,0.0,0.0,0.0,0.0,0.0,0.0,0.0,0.0,0.0,0.0,0.0,0.0,0.0,0.0,0.0,0.0,0.0,0.0
v43_structure,v43_te_n2_variant_2__center,test_n2_frozen,test_n2_frozen,test,center,0.0,1758.995,0.017931,1.0449415769314787,26.090182298499748,2.0,29.8686977776554,3.570778971960735,fields/v43_te_n2_variant_2__center.npz,structure_features/v43_te_n2_variant_2__center.npz,1.0,26.7349762423,17.8007026426,1.28958788752,0.665763836873,1.0,28.5387760106,18.3120665101,0.947756002738,1.27665858059,0.0,0.0,0.0,0.0,0.0,0.0,0.0,0.0,0.0,0.0,0.0,0.0,0.0,0.0,0.0,0.0,0.0,0.0,0.0,0.0
v43_structure,v43_te_n2_variant_2__low_low,test_n2_frozen,test_n2_frozen,test,low_low,0.0,1141.205,0.0073285,1.0449415769314787,26.090182298499748,2.0,29.8686977776554,3.570778971960735,fields/v43_te_n2_variant_2__low_low.npz,structure_features/v43_te_n2_variant_2__low_low.npz,1.0,26.7349762423,17.8007026426,1.28958788752,0.665763836873,1.0,28.5387760106,18.3120665101,0.947756002738,1.27665858059,0.0,0.0,0.0,0.0,0.0,0.0,0.0,0.0,0.0,0.0,0.0,0.0,0.0,0.0,0.0,0.0,0.0,0.0,0.0,0.0
v43_structure,v43_te_n2_variant_2__high_low,test_n2_frozen,test_n2_frozen,test,high_low,0.0,2409.13,0.0073285,1.0449415769314787,26.090182298499748,2.0,29.8686977776554,3.570778971960735,fields/v43_te_n2_variant_2__high_low.npz,structure_features/v43_te_n2_variant_2__high_low.npz,1.0,26.7349762423,17.8007026426,1.28958788752,0.665763836873,1.0,28.5387760106,18.3120665101,0.947756002738,1.27665858059,0.0,0.0,0.0,0.0,0.0,0.0,0.0,0.0,0.0,0.0,0.0,0.0,0.0,0.0,0.0,0.0,0.0,0.0,0.0,0.0
v43_structure,v43_te_n2_variant_2__low_high,test_n2_frozen,test_n2_frozen,test,low_high,0.0,1141.205,0.0405195,1.0449415769314787,26.090182298499748,2.0,29.8686977776554,3.570778971960735,fields/v43_te_n2_variant_2__low_high.npz,structure_features/v43_te_n2_variant_2__low_high.npz,1.0,26.7349762423,17.8007026426,1.28958788752,0.665763836873,1.0,28.5387760106,18.3120665101,0.947756002738,1.27665858059,0.0,0.0,0.0,0.0,0.0,0.0,0.0,0.0,0.0,0.0,0.0,0.0,0.0,0.0,0.0,0.0,0.0,0.0,0.0,0.0
v43_structure,v43_te_n2_variant_2__high_high,test_n2_frozen,test_n2_frozen,test,high_high,0.0,2409.13,0.0405195,1.0449415769314787,26.090182298499748,2.0,29.8686977776554,3.570778971960735,fields/v43_te_n2_variant_2__high_high.npz,structure_features/v43_te_n2_variant_2__high_high.npz,1.0,26.7349762423,17.8007026426,1.28958788752,0.665763836873,1.0,28.5387760106,18.3120665101,0.947756002738,1.27665858059,0.0,0.0,0.0,0.0,0.0,0.0,0.0,0.0,0.0,0.0,0.0,0.0,0.0,0.0,0.0,0.0,0.0,0.0,0.0,0.0
v43_structure,v43_te_n2_variant_3__center,test_n2_frozen,test_n2_frozen,test,center,0.0,1758.995,0.017931,1.0937645561104694,2.023028301127151,2.0,7.392160590945242,3.8265486934702544,fields/v43_te_n2_variant_3__center.npz,structure_features/v43_te_n2_variant_3__center.npz,1.0,2.662572313,18.7357633152,1.27908802374,1.32829679988,1.0,5.19808177076,18.1238885345,0.68286127515,1.08481212567,0.0,0.0,0.0,0.0,0.0,0.0,0.0,0.0,0.0,0.0,0.0,0.0,0.0,0.0,0.0,0.0,0.0,0.0,0.0,0.0
v43_structure,v43_te_n2_variant_3__low_low,test_n2_frozen,test_n2_frozen,test,low_low,0.0,1141.205,0.0073285,1.0937645561104694,2.023028301127151,2.0,7.392160590945242,3.8265486934702544,fields/v43_te_n2_variant_3__low_low.npz,structure_features/v43_te_n2_variant_3__low_low.npz,1.0,2.662572313,18.7357633152,1.27908802374,1.32829679988,1.0,5.19808177076,18.1238885345,0.68286127515,1.08481212567,0.0,0.0,0.0,0.0,0.0,0.0,0.0,0.0,0.0,0.0,0.0,0.0,0.0,0.0,0.0,0.0,0.0,0.0,0.0,0.0
v43_structure,v43_te_n2_variant_3__high_low,test_n2_frozen,test_n2_frozen,test,high_low,0.0,2409.13,0.0073285,1.0937645561104694,2.023028301127151,2.0,7.392160590945242,3.8265486934702544,fields/v43_te_n2_variant_3__high_low.npz,structure_features/v43_te_n2_variant_3__high_low.npz,1.0,2.662572313,18.7357633152,1.27908802374,1.32829679988,1.0,5.19808177076,18.1238885345,0.68286127515,1.08481212567,0.0,0.0,0.0,0.0,0.0,0.0,0.0,0.0,0.0,0.0,0.0,0.0,0.0,0.0,0.0,0.0,0.0,0.0,0.0,0.0
v43_structure,v43_te_n2_variant_3__low_high,test_n2_frozen,test_n2_frozen,test,low_high,0.0,1141.205,0.0405195,1.0937645561104694,2.023028301127151,2.0,7.392160590945242,3.8265486934702544,fields/v43_te_n2_variant_3__low_high.npz,structure_features/v43_te_n2_variant_3__low_high.npz,1.0,2.662572313,18.7357633152,1.27908802374,1.32829679988,1.0,5.19808177076,18.1238885345,0.68286127515,1.08481212567,0.0,0.0,0.0,0.0,0.0,0.0,0.0,0.0,0.0,0.0,0.0,0.0,0.0,0.0,0.0,0.0,0.0,0.0,0.0,0.0
v43_structure,v43_te_n2_variant_3__high_high,test_n2_frozen,test_n2_frozen,test,high_high,0.0,2409.13,0.0405195,1.0937645561104694,2.023028301127151,2.0,7.392160590945242,3.8265486934702544,fields/v43_te_n2_variant_3__high_high.npz,structure_features/v43_te_n2_variant_3__high_high.npz,1.0,2.662572313,18.7357633152,1.27908802374,1.32829679988,1.0,5.19808177076,18.1238885345,0.68286127515,1.08481212567,0.0,0.0,0.0,0.0,0.0,0.0,0.0,0.0,0.0,0.0,0.0,0.0,0.0,0.0,0.0,0.0,0.0,0.0,0.0,0.0
v43_structure,v43_te_n3_anchor__center,test_n3_frozen,test_n3_frozen,test,center,0.0,1758.995,0.017931,1.1,5.45,3.0,32.45,1.5,fields/v43_te_n3_anchor__center.npz,structure_features/v43_te_n3_anchor__center.npz,1.0,6.0,16.05,1.1,1.1,1.0,15.0,16.05,1.1,1.1,1.0,24.0,16.05,1.1,1.1,0.0,0.0,0.0,0.0,0.0,0.0,0.0,0.0,0.0,0.0,0.0,0.0,0.0,0.0,0.0
v43_structure,v43_te_n3_anchor__low_low,test_n3_frozen,test_n3_frozen,test,low_low,0.0,1141.205,0.0073285,1.1,5.45,3.0,32.45,1.5,fields/v43_te_n3_anchor__low_low.npz,structure_features/v43_te_n3_anchor__low_low.npz,1.0,6.0,16.05,1.1,1.1,1.0,15.0,16.05,1.1,1.1,1.0,24.0,16.05,1.1,1.1,0.0,0.0,0.0,0.0,0.0,0.0,0.0,0.0,0.0,0.0,0.0,0.0,0.0,0.0,0.0
v43_structure,v43_te_n3_anchor__high_low,test_n3_frozen,test_n3_frozen,test,high_low,0.0,2409.13,0.0073285,1.1,5.45,3.0,32.45,1.5,fields/v43_te_n3_anchor__high_low.npz,structure_features/v43_te_n3_anchor__high_low.npz,1.0,6.0,16.05,1.1,1.1,1.0,15.0,16.05,1.1,1.1,1.0,24.0,16.05,1.1,1.1,0.0,0.0,0.0,0.0,0.0,0.0,0.0,0.0,0.0,0.0,0.0,0.0,0.0,0.0,0.0
v43_structure,v43_te_n3_anchor__low_high,test_n3_frozen,test_n3_frozen,test,low_high,0.0,1141.205,0.0405195,1.1,5.45,3.0,32.45,1.5,fields/v43_te_n3_anchor__low_high.npz,structure_features/v43_te_n3_anchor__low_high.npz,1.0,6.0,16.05,1.1,1.1,1.0,15.0,16.05,1.1,1.1,1.0,24.0,16.05,1.1,1.1,0.0,0.0,0.0,0.0,0.0,0.0,0.0,0.0,0.0,0.0,0.0,0.0,0.0,0.0,0.0
v43_structure,v43_te_n3_anchor__high_high,test_n3_frozen,test_n3_frozen,test,high_high,0.0,2409.13,0.0405195,1.1,5.45,3.0,32.45,1.5,fields/v43_te_n3_anchor__high_high.npz,structure_features/v43_te_n3_anchor__high_high.npz,1.0,6.0,16.05,1.1,1.1,1.0,15.0,16.05,1.1,1.1,1.0,24.0,16.05,1.1,1.1,0.0,0.0,0.0,0.0,0.0,0.0,0.0,0.0,0.0,0.0,0.0,0.0,0.0,0.0,0.0
v43_structure,v43_te_n3_variant_1__center,test_n3_frozen,test_n3_frozen,test,center,0.0,1758.995,0.017931,0.8380819589809962,10.17791168135243,3.0,19.636190513098338,3.5821158594216698,fields/v43_te_n3_variant_1__center.npz,structure_features/v43_te_n3_variant_1__center.npz,1.0,10.5063311749,18.3832043857,0.656838987054,0.669692797923,1.0,14.0279210344,17.2323830171,0.703207381862,1.08838711886,1.0,17.010660244,18.3383486025,1.25326853086,0.657096937327,0.0,0.0,0.0,0.0,0.0,0.0,0.0,0.0,0.0,0.0,0.0,0.0,0.0,0.0,0.0
v43_structure,v43_te_n3_variant_1__low_low,test_n3_frozen,test_n3_frozen,test,low_low,0.0,1141.205,0.0073285,0.8380819589809962,10.17791168135243,3.0,19.636190513098338,3.5821158594216698,fields/v43_te_n3_variant_1__low_low.npz,structure_features/v43_te_n3_variant_1__low_low.npz,1.0,10.5063311749,18.3832043857,0.656838987054,0.669692797923,1.0,14.0279210344,17.2323830171,0.703207381862,1.08838711886,1.0,17.010660244,18.3383486025,1.25326853086,0.657096937327,0.0,0.0,0.0,0.0,0.0,0.0,0.0,0.0,0.0,0.0,0.0,0.0,0.0,0.0,0.0
v43_structure,v43_te_n3_variant_1__high_low,test_n3_frozen,test_n3_frozen,test,high_low,0.0,2409.13,0.0073285,0.8380819589809962,10.17791168135243,3.0,19.636190513098338,3.5821158594216698,fields/v43_te_n3_variant_1__high_low.npz,structure_features/v43_te_n3_variant_1__high_low.npz,1.0,10.5063311749,18.3832043857,0.656838987054,0.669692797923,1.0,14.0279210344,17.2323830171,0.703207381862,1.08838711886,1.0,17.010660244,18.3383486025,1.25326853086,0.657096937327,0.0,0.0,0.0,0.0,0.0,0.0,0.0,0.0,0.0,0.0,0.0,0.0,0.0,0.0,0.0
v43_structure,v43_te_n3_variant_1__low_high,test_n3_frozen,test_n3_frozen,test,low_high,0.0,1141.205,0.0405195,0.8380819589809962,10.17791168135243,3.0,19.636190513098338,3.5821158594216698,fields/v43_te_n3_variant_1__low_high.npz,structure_features/v43_te_n3_variant_1__low_high.npz,1.0,10.5063311749,18.3832043857,0.656838987054,0.669692797923,1.0,14.0279210344,17.2323830171,0.703207381862,1.08838711886,1.0,17.010660244,18.3383486025,1.25326853086,0.657096937327,0.0,0.0,0.0,0.0,0.0,0.0,0.0,0.0,0.0,0.0,0.0,0.0,0.0,0.0,0.0
v43_structure,v43_te_n3_variant_1__high_high,test_n3_frozen,test_n3_frozen,test,high_high,0.0,2409.13,0.0405195,0.8380819589809962,10.17791168135243,3.0,19.636190513098338,3.5821158594216698,fields/v43_te_n3_variant_1__high_high.npz,structure_features/v43_te_n3_variant_1__high_high.npz,1.0,10.5063311749,18.3832043857,0.656838987054,0.669692797923,1.0,14.0279210344,17.2323830171,0.703207381862,1.08838711886,1.0,17.010660244,18.3383486025,1.25326853086,0.657096937327,0.0,0.0,0.0,0.0,0.0,0.0,0.0,0.0,0.0,0.0,0.0,0.0,0.0,0.0,0.0
v43_structure,v43_te_n3_variant_2__center,test_n3_frozen,test_n3_frozen,test,center,0.0,1758.995,0.017931,1.0240131574008897,19.52883969339748,3.0,33.34488354443879,3.293427932704887,fields/v43_te_n3_variant_2__center.npz,structure_features/v43_te_n3_variant_2__center.npz,1.0,20.1649447791,19.0476049247,1.27221017143,1.31506535095,1.0,24.1586670525,16.0075885411,0.6641793817,0.654544220517,1.0,29.3060585995,18.3972030626,1.06346393061,1.1746158892,0.0,0.0,0.0,0.0,0.0,0.0,0.0,0.0,0.0,0.0,0.0,0.0,0.0,0.0,0.0
v43_structure,v43_te_n3_variant_2__low_low,test_n3_frozen,test_n3_frozen,test,low_low,0.0,1141.205,0.0073285,1.0240131574008897,19.52883969339748,3.0,33.34488354443879,3.293427932704887,fields/v43_te_n3_variant_2__low_low.npz,structure_features/v43_te_n3_variant_2__low_low.npz,1.0,20.1649447791,19.0476049247,1.27221017143,1.31506535095,1.0,24.1586670525,16.0075885411,0.6641793817,0.654544220517,1.0,29.3060585995,18.3972030626,1.06346393061,1.1746158892,0.0,0.0,0.0,0.0,0.0,0.0,0.0,0.0,0.0,0.0,0.0,0.0,0.0,0.0,0.0
v43_structure,v43_te_n3_variant_2__high_low,test_n3_frozen,test_n3_frozen,test,high_low,0.0,2409.13,0.0073285,1.0240131574008897,19.52883969339748,3.0,33.34488354443879,3.293427932704887,fields/v43_te_n3_variant_2__high_low.npz,structure_features/v43_te_n3_variant_2__high_low.npz,1.0,20.1649447791,19.0476049247,1.27221017143,1.31506535095,1.0,24.1586670525,16.0075885411,0.6641793817,0.654544220517,1.0,29.3060585995,18.3972030626,1.06346393061,1.1746158892,0.0,0.0,0.0,0.0,0.0,0.0,0.0,0.0,0.0,0.0,0.0,0.0,0.0,0.0,0.0
v43_structure,v43_te_n3_variant_2__low_high,test_n3_frozen,test_n3_frozen,test,low_high,0.0,1141.205,0.0405195,1.0240131574008897,19.52883969339748,3.0,33.34488354443879,3.293427932704887,fields/v43_te_n3_variant_2__low_high.npz,structure_features/v43_te_n3_variant_2__low_high.npz,1.0,20.1649447791,19.0476049247,1.27221017143,1.31506535095,1.0,24.1586670525,16.0075885411,0.6641793817,0.654544220517,1.0,29.3060585995,18.3972030626,1.06346393061,1.1746158892,0.0,0.0,0.0,0.0,0.0,0.0,0.0,0.0,0.0,0.0,0.0,0.0,0.0,0.0,0.0
v43_structure,v43_te_n3_variant_2__high_high,test_n3_frozen,test_n3_frozen,test,high_high,0.0,2409.13,0.0405195,1.0240131574008897,19.52883969339748,3.0,33.34488354443879,3.293427932704887,fields/v43_te_n3_variant_2__high_high.npz,structure_features/v43_te_n3_variant_2__high_high.npz,1.0,20.1649447791,19.0476049247,1.27221017143,1.31506535095,1.0,24.1586670525,16.0075885411,0.6641793817,0.654544220517,1.0,29.3060585995,18.3972030626,1.06346393061,1.1746158892,0.0,0.0,0.0,0.0,0.0,0.0,0.0,0.0,0.0,0.0,0.0,0.0,0.0,0.0,0.0
v43_structure,v43_te_n3_variant_3__center,test_n3_frozen,test_n3_frozen,test,center,0.0,1758.995,0.017931,0.9430487348318364,20.569547714757892,3.0,29.807333231143794,2.6985632037727463,fields/v43_te_n3_variant_3__center.npz,structure_features/v43_te_n3_variant_3__center.npz,1.0,20.936461016,18.7413964433,0.733826602482,1.32154291372,1.0,25.4243087029,17.8133292845,1.24734955763,0.864217645504,1.0,27.1099623967,14.990142152,0.778759711779,0.712595977872,0.0,0.0,0.0,0.0,0.0,0.0,0.0,0.0,0.0,0.0,0.0,0.0,0.0,0.0,0.0
v43_structure,v43_te_n3_variant_3__low_low,test_n3_frozen,test_n3_frozen,test,low_low,0.0,1141.205,0.0073285,0.9430487348318364,20.569547714757892,3.0,29.807333231143794,2.6985632037727463,fields/v43_te_n3_variant_3__low_low.npz,structure_features/v43_te_n3_variant_3__low_low.npz,1.0,20.936461016,18.7413964433,0.733826602482,1.32154291372,1.0,25.4243087029,17.8133292845,1.24734955763,0.864217645504,1.0,27.1099623967,14.990142152,0.778759711779,0.712595977872,0.0,0.0,0.0,0.0,0.0,0.0,0.0,0.0,0.0,0.0,0.0,0.0,0.0,0.0,0.0
v43_structure,v43_te_n3_variant_3__high_low,test_n3_frozen,test_n3_frozen,test,high_low,0.0,2409.13,0.0073285,0.9430487348318364,20.569547714757892,3.0,29.807333231143794,2.6985632037727463,fields/v43_te_n3_variant_3__high_low.npz,structure_features/v43_te_n3_variant_3__high_low.npz,1.0,20.936461016,18.7413964433,0.733826602482,1.32154291372,1.0,25.4243087029,17.8133292845,1.24734955763,0.864217645504,1.0,27.1099623967,14.990142152,0.778759711779,0.712595977872,0.0,0.0,0.0,0.0,0.0,0.0,0.0,0.0,0.0,0.0,0.0,0.0,0.0,0.0,0.0
v43_structure,v43_te_n3_variant_3__low_high,test_n3_frozen,test_n3_frozen,test,low_high,0.0,1141.205,0.0405195,0.9430487348318364,20.569547714757892,3.0,29.807333231143794,2.6985632037727463,fields/v43_te_n3_variant_3__low_high.npz,structure_features/v43_te_n3_variant_3__low_high.npz,1.0,20.936461016,18.7413964433,0.733826602482,1.32154291372,1.0,25.4243087029,17.8133292845,1.24734955763,0.864217645504,1.0,27.1099623967,14.990142152,0.778759711779,0.712595977872,0.0,0.0,0.0,0.0,0.0,0.0,0.0,0.0,0.0,0.0,0.0,0.0,0.0,0.0,0.0
v43_structure,v43_te_n3_variant_3__high_high,test_n3_frozen,test_n3_frozen,test,high_high,0.0,2409.13,0.0405195,0.9430487348318364,20.569547714757892,3.0,29.807333231143794,2.6985632037727463,fields/v43_te_n3_variant_3__high_high.npz,structure_features/v43_te_n3_variant_3__high_high.npz,1.0,20.936461016,18.7413964433,0.733826602482,1.32154291372,1.0,25.4243087029,17.8133292845,1.24734955763,0.864217645504,1.0,27.1099623967,14.990142152,0.778759711779,0.712595977872,0.0,0.0,0.0,0.0,0.0,0.0,0.0,0.0,0.0,0.0,0.0,0.0,0.0,0.0,0.0
v43_structure,v43_te_n4_anchor__center,test_n4_frozen,test_n4_frozen,test,center,0.0,1758.995,0.017931,1.1,5.45,4.0,29.45,1.5,fields/v43_te_n4_anchor__center.npz,structure_features/v43_te_n4_anchor__center.npz,1.0,6.0,16.05,1.1,1.1,1.0,12.0,16.05,1.1,1.1,1.0,18.0,16.05,1.1,1.1,1.0,24.0,16.05,1.1,1.1,0.0,0.0,0.0,0.0,0.0,0.0,0.0,0.0,0.0,0.0
v43_structure,v43_te_n4_anchor__low_low,test_n4_frozen,test_n4_frozen,test,low_low,0.0,1141.205,0.0073285,1.1,5.45,4.0,29.45,1.5,fields/v43_te_n4_anchor__low_low.npz,structure_features/v43_te_n4_anchor__low_low.npz,1.0,6.0,16.05,1.1,1.1,1.0,12.0,16.05,1.1,1.1,1.0,18.0,16.05,1.1,1.1,1.0,24.0,16.05,1.1,1.1,0.0,0.0,0.0,0.0,0.0,0.0,0.0,0.0,0.0,0.0
v43_structure,v43_te_n4_anchor__high_low,test_n4_frozen,test_n4_frozen,test,high_low,0.0,2409.13,0.0073285,1.1,5.45,4.0,29.45,1.5,fields/v43_te_n4_anchor__high_low.npz,structure_features/v43_te_n4_anchor__high_low.npz,1.0,6.0,16.05,1.1,1.1,1.0,12.0,16.05,1.1,1.1,1.0,18.0,16.05,1.1,1.1,1.0,24.0,16.05,1.1,1.1,0.0,0.0,0.0,0.0,0.0,0.0,0.0,0.0,0.0,0.0
v43_structure,v43_te_n4_anchor__low_high,test_n4_frozen,test_n4_frozen,test,low_high,0.0,1141.205,0.0405195,1.1,5.45,4.0,29.45,1.5,fields/v43_te_n4_anchor__low_high.npz,structure_features/v43_te_n4_anchor__low_high.npz,1.0,6.0,16.05,1.1,1.1,1.0,12.0,16.05,1.1,1.1,1.0,18.0,16.05,1.1,1.1,1.0,24.0,16.05,1.1,1.1,0.0,0.0,0.0,0.0,0.0,0.0,0.0,0.0,0.0,0.0
v43_structure,v43_te_n4_anchor__high_high,test_n4_frozen,test_n4_frozen,test,high_high,0.0,2409.13,0.0405195,1.1,5.45,4.0,29.45,1.5,fields/v43_te_n4_anchor__high_high.npz,structure_features/v43_te_n4_anchor__high_high.npz,1.0,6.0,16.05,1.1,1.1,1.0,12.0,16.05,1.1,1.1,1.0,18.0,16.05,1.1,1.1,1.0,24.0,16.05,1.1,1.1,0.0,0.0,0.0,0.0,0.0,0.0,0.0,0.0,0.0,0.0
v43_structure,v43_te_n4_variant_1__center,test_n4_frozen,test_n4_frozen,test,center,0.0,1758.995,0.017931,0.9288686004132788,6.088711577031677,4.0,37.00730081586055,4.095350450651338,fields/v43_te_n4_variant_1__center.npz,structure_features/v43_te_n4_variant_1__center.npz,1.0,6.48347046983,18.427470646,0.789517785594,1.24603651753,1.0,24.4299317941,18.632390455,1.2885271542,0.729918565521,1.0,27.1549166704,18.7088364136,1.12281798233,0.880281065971,1.0,29.6238676635,18.3977146496,0.660065157805,0.713784574351,0.0,0.0,0.0,0.0,0.0,0.0,0.0,0.0,0.0,0.0
v43_structure,v43_te_n4_variant_1__low_low,test_n4_frozen,test_n4_frozen,test,low_low,0.0,1141.205,0.0073285,0.9288686004132788,6.088711577031677,4.0,37.00730081586055,4.095350450651338,fields/v43_te_n4_variant_1__low_low.npz,structure_features/v43_te_n4_variant_1__low_low.npz,1.0,6.48347046983,18.427470646,0.789517785594,1.24603651753,1.0,24.4299317941,18.632390455,1.2885271542,0.729918565521,1.0,27.1549166704,18.7088364136,1.12281798233,0.880281065971,1.0,29.6238676635,18.3977146496,0.660065157805,0.713784574351,0.0,0.0,0.0,0.0,0.0,0.0,0.0,0.0,0.0,0.0
v43_structure,v43_te_n4_variant_1__high_low,test_n4_frozen,test_n4_frozen,test,high_low,0.0,2409.13,0.0073285,0.9288686004132788,6.088711577031677,4.0,37.00730081586055,4.095350450651338,fields/v43_te_n4_variant_1__high_low.npz,structure_features/v43_te_n4_variant_1__high_low.npz,1.0,6.48347046983,18.427470646,0.789517785594,1.24603651753,1.0,24.4299317941,18.632390455,1.2885271542,0.729918565521,1.0,27.1549166704,18.7088364136,1.12281798233,0.880281065971,1.0,29.6238676635,18.3977146496,0.660065157805,0.713784574351,0.0,0.0,0.0,0.0,0.0,0.0,0.0,0.0,0.0,0.0
v43_structure,v43_te_n4_variant_1__low_high,test_n4_frozen,test_n4_frozen,test,low_high,0.0,1141.205,0.0405195,0.9288686004132788,6.088711577031677,4.0,37.00730081586055,4.095350450651338,fields/v43_te_n4_variant_1__low_high.npz,structure_features/v43_te_n4_variant_1__low_high.npz,1.0,6.48347046983,18.427470646,0.789517785594,1.24603651753,1.0,24.4299317941,18.632390455,1.2885271542,0.729918565521,1.0,27.1549166704,18.7088364136,1.12281798233,0.880281065971,1.0,29.6238676635,18.3977146496,0.660065157805,0.713784574351,0.0,0.0,0.0,0.0,0.0,0.0,0.0,0.0,0.0,0.0
v43_structure,v43_te_n4_variant_1__high_high,test_n4_frozen,test_n4_frozen,test,high_high,0.0,2409.13,0.0405195,0.9288686004132788,6.088711577031677,4.0,37.00730081586055,4.095350450651338,fields/v43_te_n4_variant_1__high_high.npz,structure_features/v43_te_n4_variant_1__high_high.npz,1.0,6.48347046983,18.427470646,0.789517785594,1.24603651753,1.0,24.4299317941,18.632390455,1.2885271542,0.729918565521,1.0,27.1549166704,18.7088364136,1.12281798233,0.880281065971,1.0,29.6238676635,18.3977146496,0.660065157805,0.713784574351,0.0,0.0,0.0,0.0,0.0,0.0,0.0,0.0,0.0,0.0
v43_structure,v43_te_n4_variant_2__center,test_n4_frozen,test_n4_frozen,test,center,0.0,1758.995,0.017931,0.8394462513815522,2.1028956805835843,4.0,21.57140626698874,3.2020863978637237,fields/v43_te_n4_variant_2__center.npz,structure_features/v43_te_n4_variant_2__center.npz,1.0,2.45622253314,17.292908909,0.70665370512,1.06087485898,1.0,5.40289381263,18.6019611795,0.668382710519,1.32346806838,1.0,15.0630561385,18.1118539904,0.84436455835,0.701260239177,1.0,17.0500945298,16.7063937693,0.686624523438,0.723941347086,0.0,0.0,0.0,0.0,0.0,0.0,0.0,0.0,0.0,0.0
v43_structure,v43_te_n4_variant_2__low_low,test_n4_frozen,test_n4_frozen,test,low_low,0.0,1141.205,0.0073285,0.8394462513815522,2.1028956805835843,4.0,21.57140626698874,3.2020863978637237,fields/v43_te_n4_variant_2__low_low.npz,structure_features/v43_te_n4_variant_2__low_low.npz,1.0,2.45622253314,17.292908909,0.70665370512,1.06087485898,1.0,5.40289381263,18.6019611795,0.668382710519,1.32346806838,1.0,15.0630561385,18.1118539904,0.84436455835,0.701260239177,1.0,17.0500945298,16.7063937693,0.686624523438,0.723941347086,0.0,0.0,0.0,0.0,0.0,0.0,0.0,0.0,0.0,0.0
v43_structure,v43_te_n4_variant_2__high_low,test_n4_frozen,test_n4_frozen,test,high_low,0.0,2409.13,0.0073285,0.8394462513815522,2.1028956805835843,4.0,21.57140626698874,3.2020863978637237,fields/v43_te_n4_variant_2__high_low.npz,structure_features/v43_te_n4_variant_2__high_low.npz,1.0,2.45622253314,17.292908909,0.70665370512,1.06087485898,1.0,5.40289381263,18.6019611795,0.668382710519,1.32346806838,1.0,15.0630561385,18.1118539904,0.84436455835,0.701260239177,1.0,17.0500945298,16.7063937693,0.686624523438,0.723941347086,0.0,0.0,0.0,0.0,0.0,0.0,0.0,0.0,0.0,0.0
v43_structure,v43_te_n4_variant_2__low_high,test_n4_frozen,test_n4_frozen,test,low_high,0.0,1141.205,0.0405195,0.8394462513815522,2.1028956805835843,4.0,21.57140626698874,3.2020863978637237,fields/v43_te_n4_variant_2__low_high.npz,structure_features/v43_te_n4_variant_2__low_high.npz,1.0,2.45622253314,17.292908909,0.70665370512,1.06087485898,1.0,5.40289381263,18.6019611795,0.668382710519,1.32346806838,1.0,15.0630561385,18.1118539904,0.84436455835,0.701260239177,1.0,17.0500945298,16.7063937693,0.686624523438,0.723941347086,0.0,0.0,0.0,0.0,0.0,0.0,0.0,0.0,0.0,0.0
v43_structure,v43_te_n4_variant_2__high_high,test_n4_frozen,test_n4_frozen,test,high_high,0.0,2409.13,0.0405195,0.8394462513815522,2.1028956805835843,4.0,21.57140626698874,3.2020863978637237,fields/v43_te_n4_variant_2__high_high.npz,structure_features/v43_te_n4_variant_2__high_high.npz,1.0,2.45622253314,17.292908909,0.70665370512,1.06087485898,1.0,5.40289381263,18.6019611795,0.668382710519,1.32346806838,1.0,15.0630561385,18.1118539904,0.84436455835,0.701260239177,1.0,17.0500945298,16.7063937693,0.686624523438,0.723941347086,0.0,0.0,0.0,0.0,0.0,0.0,0.0,0.0,0.0,0.0
v43_structure,v43_te_n4_variant_3__center,test_n4_frozen,test_n4_frozen,test,center,0.0,1758.995,0.017931,0.973388052647818,18.937658322255967,4.0,30.426362412369784,3.210074801800353,fields/v43_te_n4_variant_3__center.npz,structure_features/v43_te_n4_variant_3__center.npz,1.0,19.3291589738,18.6426193134,0.783001303023,0.809412320645,1.0,24.3108772844,17.7412204673,1.27611615785,1.28244618637,1.0,26.4241487856,18.6145961044,0.653535764448,1.11609144496,1.0,28.0982219893,15.7842083379,1.18976116429,0.676740079606,0.0,0.0,0.0,0.0,0.0,0.0,0.0,0.0,0.0,0.0
v43_structure,v43_te_n4_variant_3__low_low,test_n4_frozen,test_n4_frozen,test,low_low,0.0,1141.205,0.0073285,0.973388052647818,18.937658322255967,4.0,30.426362412369784,3.210074801800353,fields/v43_te_n4_variant_3__low_low.npz,structure_features/v43_te_n4_variant_3__low_low.npz,1.0,19.3291589738,18.6426193134,0.783001303023,0.809412320645,1.0,24.3108772844,17.7412204673,1.27611615785,1.28244618637,1.0,26.4241487856,18.6145961044,0.653535764448,1.11609144496,1.0,28.0982219893,15.7842083379,1.18976116429,0.676740079606,0.0,0.0,0.0,0.0,0.0,0.0,0.0,0.0,0.0,0.0
v43_structure,v43_te_n4_variant_3__high_low,test_n4_frozen,test_n4_frozen,test,high_low,0.0,2409.13,0.0073285,0.973388052647818,18.937658322255967,4.0,30.426362412369784,3.210074801800353,fields/v43_te_n4_variant_3__high_low.npz,structure_features/v43_te_n4_variant_3__high_low.npz,1.0,19.3291589738,18.6426193134,0.783001303023,0.809412320645,1.0,24.3108772844,17.7412204673,1.27611615785,1.28244618637,1.0,26.4241487856,18.6145961044,0.653535764448,1.11609144496,1.0,28.0982219893,15.7842083379,1.18976116429,0.676740079606,0.0,0.0,0.0,0.0,0.0,0.0,0.0,0.0,0.0,0.0
v43_structure,v43_te_n4_variant_3__low_high,test_n4_frozen,test_n4_frozen,test,low_high,0.0,1141.205,0.0405195,0.973388052647818,18.937658322255967,4.0,30.426362412369784,3.210074801800353,fields/v43_te_n4_variant_3__low_high.npz,structure_features/v43_te_n4_variant_3__low_high.npz,1.0,19.3291589738,18.6426193134,0.783001303023,0.809412320645,1.0,24.3108772844,17.7412204673,1.27611615785,1.28244618637,1.0,26.4241487856,18.6145961044,0.653535764448,1.11609144496,1.0,28.0982219893,15.7842083379,1.18976116429,0.676740079606,0.0,0.0,0.0,0.0,0.0,0.0,0.0,0.0,0.0,0.0
v43_structure,v43_te_n4_variant_3__high_high,test_n4_frozen,test_n4_frozen,test,high_high,0.0,2409.13,0.0405195,0.973388052647818,18.937658322255967,4.0,30.426362412369784,3.210074801800353,fields/v43_te_n4_variant_3__high_high.npz,structure_features/v43_te_n4_variant_3__high_high.npz,1.0,19.3291589738,18.6426193134,0.783001303023,0.809412320645,1.0,24.3108772844,17.7412204673,1.27611615785,1.28244618637,1.0,26.4241487856,18.6145961044,0.653535764448,1.11609144496,1.0,28.0982219893,15.7842083379,1.18976116429,0.676740079606,0.0,0.0,0.0,0.0,0.0,0.0,0.0,0.0,0.0,0.0
v43_structure,v43_te_n5_anchor__center,test_n5_frozen,test_n5_frozen,test,center,0.0,1758.995,0.017931,1.1,5.45,5.0,27.95,1.5,fields/v43_te_n5_anchor__center.npz,structure_features/v43_te_n5_anchor__center.npz,1.0,6.0,16.05,1.1,1.1,1.0,10.5,16.05,1.1,1.1,1.0,15.0,16.05,1.1,1.1,1.0,19.5,16.05,1.1,1.1,1.0,24.0,16.05,1.1,1.1,0.0,0.0,0.0,0.0,0.0
v43_structure,v43_te_n5_anchor__low_low,test_n5_frozen,test_n5_frozen,test,low_low,0.0,1141.205,0.0073285,1.1,5.45,5.0,27.95,1.5,fields/v43_te_n5_anchor__low_low.npz,structure_features/v43_te_n5_anchor__low_low.npz,1.0,6.0,16.05,1.1,1.1,1.0,10.5,16.05,1.1,1.1,1.0,15.0,16.05,1.1,1.1,1.0,19.5,16.05,1.1,1.1,1.0,24.0,16.05,1.1,1.1,0.0,0.0,0.0,0.0,0.0
v43_structure,v43_te_n5_anchor__high_low,test_n5_frozen,test_n5_frozen,test,high_low,0.0,2409.13,0.0073285,1.1,5.45,5.0,27.95,1.5,fields/v43_te_n5_anchor__high_low.npz,structure_features/v43_te_n5_anchor__high_low.npz,1.0,6.0,16.05,1.1,1.1,1.0,10.5,16.05,1.1,1.1,1.0,15.0,16.05,1.1,1.1,1.0,19.5,16.05,1.1,1.1,1.0,24.0,16.05,1.1,1.1,0.0,0.0,0.0,0.0,0.0
v43_structure,v43_te_n5_anchor__low_high,test_n5_frozen,test_n5_frozen,test,low_high,0.0,1141.205,0.0405195,1.1,5.45,5.0,27.95,1.5,fields/v43_te_n5_anchor__low_high.npz,structure_features/v43_te_n5_anchor__low_high.npz,1.0,6.0,16.05,1.1,1.1,1.0,10.5,16.05,1.1,1.1,1.0,15.0,16.05,1.1,1.1,1.0,19.5,16.05,1.1,1.1,1.0,24.0,16.05,1.1,1.1,0.0,0.0,0.0,0.0,0.0
v43_structure,v43_te_n5_anchor__high_high,test_n5_frozen,test_n5_frozen,test,high_high,0.0,2409.13,0.0405195,1.1,5.45,5.0,27.95,1.5,fields/v43_te_n5_anchor__high_high.npz,structure_features/v43_te_n5_anchor__high_high.npz,1.0,6.0,16.05,1.1,1.1,1.0,10.5,16.05,1.1,1.1,1.0,15.0,16.05,1.1,1.1,1.0,19.5,16.05,1.1,1.1,1.0,24.0,16.05,1.1,1.1,0.0,0.0,0.0,0.0,0.0
v43_structure,v43_te_n5_variant_1__center,test_n5_frozen,test_n5_frozen,test,center,0.0,1758.995,0.017931,0.9299939727576995,4.198397565857678,5.0,35.04956989797159,3.802324368835251,fields/v43_te_n5_variant_1__center.npz,structure_features/v43_te_n5_variant_1__center.npz,1.0,4.52850668225,18.8105326034,0.660218232775,1.06288903102,1.0,18.0251336541,18.8925832619,0.764037174991,0.909894621793,1.0,23.001259781,16.4267631915,0.66206458527,1.08052179342,1.0,27.7352481332,18.5508353955,0.953980639683,1.28161069497,1.0,29.3889630612,18.9062196813,1.10901451587,0.815708437773,0.0,0.0,0.0,0.0,0.0
v43_structure,v43_te_n5_variant_1__low_low,test_n5_frozen,test_n5_frozen,test,low_low,0.0,1141.205,0.0073285,0.9299939727576995,4.198397565857678,5.0,35.04956989797159,3.802324368835251,fields/v43_te_n5_variant_1__low_low.npz,structure_features/v43_te_n5_variant_1__low_low.npz,1.0,4.52850668225,18.8105326034,0.660218232775,1.06288903102,1.0,18.0251336541,18.8925832619,0.764037174991,0.909894621793,1.0,23.001259781,16.4267631915,0.66206458527,1.08052179342,1.0,27.7352481332,18.5508353955,0.953980639683,1.28161069497,1.0,29.3889630612,18.9062196813,1.10901451587,0.815708437773,0.0,0.0,0.0,0.0,0.0
v43_structure,v43_te_n5_variant_1__high_low,test_n5_frozen,test_n5_frozen,test,high_low,0.0,2409.13,0.0073285,0.9299939727576995,4.198397565857678,5.0,35.04956989797159,3.802324368835251,fields/v43_te_n5_variant_1__high_low.npz,structure_features/v43_te_n5_variant_1__high_low.npz,1.0,4.52850668225,18.8105326034,0.660218232775,1.06288903102,1.0,18.0251336541,18.8925832619,0.764037174991,0.909894621793,1.0,23.001259781,16.4267631915,0.66206458527,1.08052179342,1.0,27.7352481332,18.5508353955,0.953980639683,1.28161069497,1.0,29.3889630612,18.9062196813,1.10901451587,0.815708437773,0.0,0.0,0.0,0.0,0.0
v43_structure,v43_te_n5_variant_1__low_high,test_n5_frozen,test_n5_frozen,test,low_high,0.0,1141.205,0.0405195,0.9299939727576995,4.198397565857678,5.0,35.04956989797159,3.802324368835251,fields/v43_te_n5_variant_1__low_high.npz,structure_features/v43_te_n5_variant_1__low_high.npz,1.0,4.52850668225,18.8105326034,0.660218232775,1.06288903102,1.0,18.0251336541,18.8925832619,0.764037174991,0.909894621793,1.0,23.001259781,16.4267631915,0.66206458527,1.08052179342,1.0,27.7352481332,18.5508353955,0.953980639683,1.28161069497,1.0,29.3889630612,18.9062196813,1.10901451587,0.815708437773,0.0,0.0,0.0,0.0,0.0
v43_structure,v43_te_n5_variant_1__high_high,test_n5_frozen,test_n5_frozen,test,high_high,0.0,2409.13,0.0405195,0.9299939727576995,4.198397565857678,5.0,35.04956989797159,3.802324368835251,fields/v43_te_n5_variant_1__high_high.npz,structure_features/v43_te_n5_variant_1__high_high.npz,1.0,4.52850668225,18.8105326034,0.660218232775,1.06288903102,1.0,18.0251336541,18.8925832619,0.764037174991,0.909894621793,1.0,23.001259781,16.4267631915,0.66206458527,1.08052179342,1.0,27.7352481332,18.5508353955,0.953980639683,1.28161069497,1.0,29.3889630612,18.9062196813,1.10901451587,0.815708437773,0.0,0.0,0.0,0.0,0.0
v43_structure,v43_te_n5_variant_2__center,test_n5_frozen,test_n5_frozen,test,center,0.0,1758.995,0.017931,0.8942322185491729,15.504139735914833,5.0,31.917560081697673,3.195546604106106,fields/v43_te_n5_variant_2__center.npz,structure_features/v43_te_n5_variant_2__center.npz,1.0,16.1141657859,15.2315742742,1.22005209996,0.697126939628,1.0,18.4258174152,17.9597419682,1.31828217254,1.03012703993,1.0,20.2063514852,17.6629039092,0.920562689378,0.820611578384,1.0,24.8469774957,18.6051238409,0.750944588982,0.68331736537,1.0,29.094530996,18.4625671284,0.844124433643,0.657173277683,0.0,0.0,0.0,0.0,0.0
v43_structure,v43_te_n5_variant_2__low_low,test_n5_frozen,test_n5_frozen,test,low_low,0.0,1141.205,0.0073285,0.8942322185491729,15.504139735914833,5.0,31.917560081697673,3.195546604106106,fields/v43_te_n5_variant_2__low_low.npz,structure_features/v43_te_n5_variant_2__low_low.npz,1.0,16.1141657859,15.2315742742,1.22005209996,0.697126939628,1.0,18.4258174152,17.9597419682,1.31828217254,1.03012703993,1.0,20.2063514852,17.6629039092,0.920562689378,0.820611578384,1.0,24.8469774957,18.6051238409,0.750944588982,0.68331736537,1.0,29.094530996,18.4625671284,0.844124433643,0.657173277683,0.0,0.0,0.0,0.0,0.0
v43_structure,v43_te_n5_variant_2__high_low,test_n5_frozen,test_n5_frozen,test,high_low,0.0,2409.13,0.0073285,0.8942322185491729,15.504139735914833,5.0,31.917560081697673,3.195546604106106,fields/v43_te_n5_variant_2__high_low.npz,structure_features/v43_te_n5_variant_2__high_low.npz,1.0,16.1141657859,15.2315742742,1.22005209996,0.697126939628,1.0,18.4258174152,17.9597419682,1.31828217254,1.03012703993,1.0,20.2063514852,17.6629039092,0.920562689378,0.820611578384,1.0,24.8469774957,18.6051238409,0.750944588982,0.68331736537,1.0,29.094530996,18.4625671284,0.844124433643,0.657173277683,0.0,0.0,0.0,0.0,0.0
v43_structure,v43_te_n5_variant_2__low_high,test_n5_frozen,test_n5_frozen,test,low_high,0.0,1141.205,0.0405195,0.8942322185491729,15.504139735914833,5.0,31.917560081697673,3.195546604106106,fields/v43_te_n5_variant_2__low_high.npz,structure_features/v43_te_n5_variant_2__low_high.npz,1.0,16.1141657859,15.2315742742,1.22005209996,0.697126939628,1.0,18.4258174152,17.9597419682,1.31828217254,1.03012703993,1.0,20.2063514852,17.6629039092,0.920562689378,0.820611578384,1.0,24.8469774957,18.6051238409,0.750944588982,0.68331736537,1.0,29.094530996,18.4625671284,0.844124433643,0.657173277683,0.0,0.0,0.0,0.0,0.0
v43_structure,v43_te_n5_variant_2__high_high,test_n5_frozen,test_n5_frozen,test,high_high,0.0,2409.13,0.0405195,0.8942322185491729,15.504139735914833,5.0,31.917560081697673,3.195546604106106,fields/v43_te_n5_variant_2__high_high.npz,structure_features/v43_te_n5_variant_2__high_high.npz,1.0,16.1141657859,15.2315742742,1.22005209996,0.697126939628,1.0,18.4258174152,17.9597419682,1.31828217254,1.03012703993,1.0,20.2063514852,17.6629039092,0.920562689378,0.820611578384,1.0,24.8469774957,18.6051238409,0.750944588982,0.68331736537,1.0,29.094530996,18.4625671284,0.844124433643,0.657173277683,0.0,0.0,0.0,0.0,0.0
v43_structure,v43_te_n5_variant_3__center,test_n5_frozen,test_n5_frozen,test,center,0.0,1758.995,0.017931,1.0175260215481505,8.578781927806645,5.0,31.85299237288442,3.3633991950752566,fields/v43_te_n5_variant_3__center.npz,structure_features/v43_te_n5_variant_3__center.npz,1.0,9.20411588801,18.9928647054,1.25066792041,1.32158020544,1.0,12.8624551504,15.2105956642,1.28960574505,0.68890830796,1.0,15.6445102303,17.4055544896,0.729587696316,0.833247898897,1.0,20.8773302164,18.4927436029,1.17558526783,0.651212789559,1.0,27.6997424742,19.1094875584,0.941313495809,1.29355088821,0.0,0.0,0.0,0.0,0.0
v43_structure,v43_te_n5_variant_3__low_low,test_n5_frozen,test_n5_frozen,test,low_low,0.0,1141.205,0.0073285,1.0175260215481505,8.578781927806645,5.0,31.85299237288442,3.3633991950752566,fields/v43_te_n5_variant_3__low_low.npz,structure_features/v43_te_n5_variant_3__low_low.npz,1.0,9.20411588801,18.9928647054,1.25066792041,1.32158020544,1.0,12.8624551504,15.2105956642,1.28960574505,0.68890830796,1.0,15.6445102303,17.4055544896,0.729587696316,0.833247898897,1.0,20.8773302164,18.4927436029,1.17558526783,0.651212789559,1.0,27.6997424742,19.1094875584,0.941313495809,1.29355088821,0.0,0.0,0.0,0.0,0.0
v43_structure,v43_te_n5_variant_3__high_low,test_n5_frozen,test_n5_frozen,test,high_low,0.0,2409.13,0.0073285,1.0175260215481505,8.578781927806645,5.0,31.85299237288442,3.3633991950752566,fields/v43_te_n5_variant_3__high_low.npz,structure_features/v43_te_n5_variant_3__high_low.npz,1.0,9.20411588801,18.9928647054,1.25066792041,1.32158020544,1.0,12.8624551504,15.2105956642,1.28960574505,0.68890830796,1.0,15.6445102303,17.4055544896,0.729587696316,0.833247898897,1.0,20.8773302164,18.4927436029,1.17558526783,0.651212789559,1.0,27.6997424742,19.1094875584,0.941313495809,1.29355088821,0.0,0.0,0.0,0.0,0.0
v43_structure,v43_te_n5_variant_3__low_high,test_n5_frozen,test_n5_frozen,test,low_high,0.0,1141.205,0.0405195,1.0175260215481505,8.578781927806645,5.0,31.85299237288442,3.3633991950752566,fields/v43_te_n5_variant_3__low_high.npz,structure_features/v43_te_n5_variant_3__low_high.npz,1.0,9.20411588801,18.9928647054,1.25066792041,1.32158020544,1.0,12.8624551504,15.2105956642,1.28960574505,0.68890830796,1.0,15.6445102303,17.4055544896,0.729587696316,0.833247898897,1.0,20.8773302164,18.4927436029,1.17558526783,0.651212789559,1.0,27.6997424742,19.1094875584,0.941313495809,1.29355088821,0.0,0.0,0.0,0.0,0.0
v43_structure,v43_te_n5_variant_3__high_high,test_n5_frozen,test_n5_frozen,test,high_high,0.0,2409.13,0.0405195,1.0175260215481505,8.578781927806645,5.0,31.85299237288442,3.3633991950752566,fields/v43_te_n5_variant_3__high_high.npz,structure_features/v43_te_n5_variant_3__high_high.npz,1.0,9.20411588801,18.9928647054,1.25066792041,1.32158020544,1.0,12.8624551504,15.2105956642,1.28960574505,0.68890830796,1.0,15.6445102303,17.4055544896,0.729587696316,0.833247898897,1.0,20.8773302164,18.4927436029,1.17558526783,0.651212789559,1.0,27.6997424742,19.1094875584,0.941313495809,1.29355088821,0.0,0.0,0.0,0.0,0.0
v43_structure,v43_te_n6_anchor__center,test_n6_frozen,test_n6_frozen,test,center,0.0,1758.995,0.017931,1.0999999999999999,5.45,6.0,27.05,1.5,fields/v43_te_n6_anchor__center.npz,structure_features/v43_te_n6_anchor__center.npz,1.0,6.0,16.05,1.1,1.1,1.0,9.6,16.05,1.1,1.1,1.0,13.2,16.05,1.1,1.1,1.0,16.8,16.05,1.1,1.1,1.0,20.4,16.05,1.1,1.1,1.0,24.0,16.05,1.1,1.1
v43_structure,v43_te_n6_anchor__low_low,test_n6_frozen,test_n6_frozen,test,low_low,0.0,1141.205,0.0073285,1.0999999999999999,5.45,6.0,27.05,1.5,fields/v43_te_n6_anchor__low_low.npz,structure_features/v43_te_n6_anchor__low_low.npz,1.0,6.0,16.05,1.1,1.1,1.0,9.6,16.05,1.1,1.1,1.0,13.2,16.05,1.1,1.1,1.0,16.8,16.05,1.1,1.1,1.0,20.4,16.05,1.1,1.1,1.0,24.0,16.05,1.1,1.1
v43_structure,v43_te_n6_anchor__high_low,test_n6_frozen,test_n6_frozen,test,high_low,0.0,2409.13,0.0073285,1.0999999999999999,5.45,6.0,27.05,1.5,fields/v43_te_n6_anchor__high_low.npz,structure_features/v43_te_n6_anchor__high_low.npz,1.0,6.0,16.05,1.1,1.1,1.0,9.6,16.05,1.1,1.1,1.0,13.2,16.05,1.1,1.1,1.0,16.8,16.05,1.1,1.1,1.0,20.4,16.05,1.1,1.1,1.0,24.0,16.05,1.1,1.1
v43_structure,v43_te_n6_anchor__low_high,test_n6_frozen,test_n6_frozen,test,low_high,0.0,1141.205,0.0405195,1.0999999999999999,5.45,6.0,27.05,1.5,fields/v43_te_n6_anchor__low_high.npz,structure_features/v43_te_n6_anchor__low_high.npz,1.0,6.0,16.05,1.1,1.1,1.0,9.6,16.05,1.1,1.1,1.0,13.2,16.05,1.1,1.1,1.0,16.8,16.05,1.1,1.1,1.0,20.4,16.05,1.1,1.1,1.0,24.0,16.05,1.1,1.1
v43_structure,v43_te_n6_anchor__high_high,test_n6_frozen,test_n6_frozen,test,high_high,0.0,2409.13,0.0405195,1.0999999999999999,5.45,6.0,27.05,1.5,fields/v43_te_n6_anchor__high_high.npz,structure_features/v43_te_n6_anchor__high_high.npz,1.0,6.0,16.05,1.1,1.1,1.0,9.6,16.05,1.1,1.1,1.0,13.2,16.05,1.1,1.1,1.0,16.8,16.05,1.1,1.1,1.0,20.4,16.05,1.1,1.1,1.0,24.0,16.05,1.1,1.1
v43_structure,v43_te_n6_variant_1__center,test_n6_frozen,test_n6_frozen,test,center,0.0,1758.995,0.017931,0.9194774585185309,2.382419841620502,6.0,34.36544314577634,3.161734579813686,fields/v43_te_n6_variant_1__center.npz,structure_features/v43_te_n6_variant_1__center.npz,1.0,2.85670698763,15.8917464634,0.948574292009,0.657958255405,1.0,21.315577273,19.1171584962,1.20743983062,1.26377947181,1.0,24.794847145,17.7719007832,0.868718415852,1.10562506957,1.0,26.5377121657,18.783278542,1.19637174619,0.927208464232,1.0,28.2848270152,15.2956371465,0.738120916439,0.695631700138,1.0,29.4289630637,18.769967065,0.755942266352,0.668359073615
v43_structure,v43_te_n6_variant_1__low_low,test_n6_frozen,test_n6_frozen,test,low_low,0.0,1141.205,0.0073285,0.9194774585185309,2.382419841620502,6.0,34.36544314577634,3.161734579813686,fields/v43_te_n6_variant_1__low_low.npz,structure_features/v43_te_n6_variant_1__low_low.npz,1.0,2.85670698763,15.8917464634,0.948574292009,0.657958255405,1.0,21.315577273,19.1171584962,1.20743983062,1.26377947181,1.0,24.794847145,17.7719007832,0.868718415852,1.10562506957,1.0,26.5377121657,18.783278542,1.19637174619,0.927208464232,1.0,28.2848270152,15.2956371465,0.738120916439,0.695631700138,1.0,29.4289630637,18.769967065,0.755942266352,0.668359073615
v43_structure,v43_te_n6_variant_1__high_low,test_n6_frozen,test_n6_frozen,test,high_low,0.0,2409.13,0.0073285,0.9194774585185309,2.382419841620502,6.0,34.36544314577634,3.161734579813686,fields/v43_te_n6_variant_1__high_low.npz,structure_features/v43_te_n6_variant_1__high_low.npz,1.0,2.85670698763,15.8917464634,0.948574292009,0.657958255405,1.0,21.315577273,19.1171584962,1.20743983062,1.26377947181,1.0,24.794847145,17.7719007832,0.868718415852,1.10562506957,1.0,26.5377121657,18.783278542,1.19637174619,0.927208464232,1.0,28.2848270152,15.2956371465,0.738120916439,0.695631700138,1.0,29.4289630637,18.769967065,0.755942266352,0.668359073615
v43_structure,v43_te_n6_variant_1__low_high,test_n6_frozen,test_n6_frozen,test,low_high,0.0,1141.205,0.0405195,0.9194774585185309,2.382419841620502,6.0,34.36544314577634,3.161734579813686,fields/v43_te_n6_variant_1__low_high.npz,structure_features/v43_te_n6_variant_1__low_high.npz,1.0,2.85670698763,15.8917464634,0.948574292009,0.657958255405,1.0,21.315577273,19.1171584962,1.20743983062,1.26377947181,1.0,24.794847145,17.7719007832,0.868718415852,1.10562506957,1.0,26.5377121657,18.783278542,1.19637174619,0.927208464232,1.0,28.2848270152,15.2956371465,0.738120916439,0.695631700138,1.0,29.4289630637,18.769967065,0.755942266352,0.668359073615
v43_structure,v43_te_n6_variant_1__high_high,test_n6_frozen,test_n6_frozen,test,high_high,0.0,2409.13,0.0405195,0.9194774585185309,2.382419841620502,6.0,34.36544314577634,3.161734579813686,fields/v43_te_n6_variant_1__high_high.npz,structure_features/v43_te_n6_variant_1__high_high.npz,1.0,2.85670698763,15.8917464634,0.948574292009,0.657958255405,1.0,21.315577273,19.1171584962,1.20743983062,1.26377947181,1.0,24.794847145,17.7719007832,0.868718415852,1.10562506957,1.0,26.5377121657,18.783278542,1.19637174619,0.927208464232,1.0,28.2848270152,15.2956371465,0.738120916439,0.695631700138,1.0,29.4289630637,18.769967065,0.755942266352,0.668359073615
v43_structure,v43_te_n6_variant_2__center,test_n6_frozen,test_n6_frozen,test,center,0.0,1758.995,0.017931,0.9385609791218106,2.9314670987847116,6.0,22.63466808631436,3.7497516296460844,fields/v43_te_n6_variant_2__center.npz,structure_features/v43_te_n6_variant_2__center.npz,1.0,3.47269218082,18.0063847533,1.08245016406,1.17004026268,1.0,5.20165434996,18.7418328915,0.992885087146,0.970116354979,1.0,8.31506267772,17.5739006496,0.69817850692,0.900936396013,1.0,9.66957776818,19.0280650754,0.71023104576,1.3330611266,1.0,16.4910685639,17.4131817662,0.749944216734,0.6877793553,1.0,19.9802529621,18.6025689742,1.29419406413,0.672915169137
v43_structure,v43_te_n6_variant_2__low_low,test_n6_frozen,test_n6_frozen,test,low_low,0.0,1141.205,0.0073285,0.9385609791218106,2.9314670987847116,6.0,22.63466808631436,3.7497516296460844,fields/v43_te_n6_variant_2__low_low.npz,structure_features/v43_te_n6_variant_2__low_low.npz,1.0,3.47269218082,18.0063847533,1.08245016406,1.17004026268,1.0,5.20165434996,18.7418328915,0.992885087146,0.970116354979,1.0,8.31506267772,17.5739006496,0.69817850692,0.900936396013,1.0,9.66957776818,19.0280650754,0.71023104576,1.3330611266,1.0,16.4910685639,17.4131817662,0.749944216734,0.6877793553,1.0,19.9802529621,18.6025689742,1.29419406413,0.672915169137
v43_structure,v43_te_n6_variant_2__high_low,test_n6_frozen,test_n6_frozen,test,high_low,0.0,2409.13,0.0073285,0.9385609791218106,2.9314670987847116,6.0,22.63466808631436,3.7497516296460844,fields/v43_te_n6_variant_2__high_low.npz,structure_features/v43_te_n6_variant_2__high_low.npz,1.0,3.47269218082,18.0063847533,1.08245016406,1.17004026268,1.0,5.20165434996,18.7418328915,0.992885087146,0.970116354979,1.0,8.31506267772,17.5739006496,0.69817850692,0.900936396013,1.0,9.66957776818,19.0280650754,0.71023104576,1.3330611266,1.0,16.4910685639,17.4131817662,0.749944216734,0.6877793553,1.0,19.9802529621,18.6025689742,1.29419406413,0.672915169137
v43_structure,v43_te_n6_variant_2__low_high,test_n6_frozen,test_n6_frozen,test,low_high,0.0,1141.205,0.0405195,0.9385609791218106,2.9314670987847116,6.0,22.63466808631436,3.7497516296460844,fields/v43_te_n6_variant_2__low_high.npz,structure_features/v43_te_n6_variant_2__low_high.npz,1.0,3.47269218082,18.0063847533,1.08245016406,1.17004026268,1.0,5.20165434996,18.7418328915,0.992885087146,0.970116354979,1.0,8.31506267772,17.5739006496,0.69817850692,0.900936396013,1.0,9.66957776818,19.0280650754,0.71023104576,1.3330611266,1.0,16.4910685639,17.4131817662,0.749944216734,0.6877793553,1.0,19.9802529621,18.6025689742,1.29419406413,0.672915169137
v43_structure,v43_te_n6_variant_2__high_high,test_n6_frozen,test_n6_frozen,test,high_high,0.0,2409.13,0.0405195,0.9385609791218106,2.9314670987847116,6.0,22.63466808631436,3.7497516296460844,fields/v43_te_n6_variant_2__high_high.npz,structure_features/v43_te_n6_variant_2__high_high.npz,1.0,3.47269218082,18.0063847533,1.08245016406,1.17004026268,1.0,5.20165434996,18.7418328915,0.992885087146,0.970116354979,1.0,8.31506267772,17.5739006496,0.69817850692,0.900936396013,1.0,9.66957776818,19.0280650754,0.71023104576,1.3330611266,1.0,16.4910685639,17.4131817662,0.749944216734,0.6877793553,1.0,19.9802529621,18.6025689742,1.29419406413,0.672915169137
v43_structure,v43_te_n6_variant_3__center,test_n6_frozen,test_n6_frozen,test,center,0.0,1758.995,0.017931,0.8913282664582871,2.3769578646370992,6.0,32.3133301025108,2.5145876313444866,fields/v43_te_n6_variant_3__center.npz,structure_features/v43_te_n6_variant_3__center.npz,1.0,2.71915256018,16.3224046207,0.68438939109,1.07730866129,1.0,4.14317067448,17.6989247039,0.654379883576,0.713492646638,1.0,5.78606361257,18.7626226032,1.00224299918,0.684729950702,1.0,9.4234760671,18.4866311672,1.30808202893,1.17761848795,1.0,11.069859691,15.165612483,0.667256724144,1.29551698088,1.0,27.680975306,15.4811145427,0.720019505317,0.710901937803
v43_structure,v43_te_n6_variant_3__low_low,test_n6_frozen,test_n6_frozen,test,low_low,0.0,1141.205,0.0073285,0.8913282664582871,2.3769578646370992,6.0,32.3133301025108,2.5145876313444866,fields/v43_te_n6_variant_3__low_low.npz,structure_features/v43_te_n6_variant_3__low_low.npz,1.0,2.71915256018,16.3224046207,0.68438939109,1.07730866129,1.0,4.14317067448,17.6989247039,0.654379883576,0.713492646638,1.0,5.78606361257,18.7626226032,1.00224299918,0.684729950702,1.0,9.4234760671,18.4866311672,1.30808202893,1.17761848795,1.0,11.069859691,15.165612483,0.667256724144,1.29551698088,1.0,27.680975306,15.4811145427,0.720019505317,0.710901937803
v43_structure,v43_te_n6_variant_3__high_low,test_n6_frozen,test_n6_frozen,test,high_low,0.0,2409.13,0.0073285,0.8913282664582871,2.3769578646370992,6.0,32.3133301025108,2.5145876313444866,fields/v43_te_n6_variant_3__high_low.npz,structure_features/v43_te_n6_variant_3__high_low.npz,1.0,2.71915256018,16.3224046207,0.68438939109,1.07730866129,1.0,4.14317067448,17.6989247039,0.654379883576,0.713492646638,1.0,5.78606361257,18.7626226032,1.00224299918,0.684729950702,1.0,9.4234760671,18.4866311672,1.30808202893,1.17761848795,1.0,11.069859691,15.165612483,0.667256724144,1.29551698088,1.0,27.680975306,15.4811145427,0.720019505317,0.710901937803
v43_structure,v43_te_n6_variant_3__low_high,test_n6_frozen,test_n6_frozen,test,low_high,0.0,1141.205,0.0405195,0.8913282664582871,2.3769578646370992,6.0,32.3133301025108,2.5145876313444866,fields/v43_te_n6_variant_3__low_high.npz,structure_features/v43_te_n6_variant_3__low_high.npz,1.0,2.71915256018,16.3224046207,0.68438939109,1.07730866129,1.0,4.14317067448,17.6989247039,0.654379883576,0.713492646638,1.0,5.78606361257,18.7626226032,1.00224299918,0.684729950702,1.0,9.4234760671,18.4866311672,1.30808202893,1.17761848795,1.0,11.069859691,15.165612483,0.667256724144,1.29551698088,1.0,27.680975306,15.4811145427,0.720019505317,0.710901937803
v43_structure,v43_te_n6_variant_3__high_high,test_n6_frozen,test_n6_frozen,test,high_high,0.0,2409.13,0.0405195,0.8913282664582871,2.3769578646370992,6.0,32.3133301025108,2.5145876313444866,fields/v43_te_n6_variant_3__high_high.npz,structure_features/v43_te_n6_variant_3__high_high.npz,1.0,2.71915256018,16.3224046207,0.68438939109,1.07730866129,1.0,4.14317067448,17.6989247039,0.654379883576,0.713492646638,1.0,5.78606361257,18.7626226032,1.00224299918,0.684729950702,1.0,9.4234760671,18.4866311672,1.30808202893,1.17761848795,1.0,11.069859691,15.165612483,0.667256724144,1.29551698088,1.0,27.680975306,15.4811145427,0.720019505317,0.710901937803
