measurement_id,case_id,method,trial,PP0,PA,gamma,best_PP0,best_PA,best_gamma,loss,best_loss,feasible
M1,case_td003_pa050_pp0_3_gamma_010__steady,cmaes,1,3.0,0.125,0.07,3.0,0.125,0.07,0.5628434392461068,0.5628434392461068,True
M1,case_td003_pa050_pp0_3_gamma_010__steady,cmaes,2,2.952377638231467,0.1379881607004041,0.05643110950204995,3.0,0.125,0.07,0.6103686286378484,0.5628434392461068,True
M1,case_td003_pa050_pp0_3_gamma_010__steady,cmaes,3,2.828704899870286,0.10072212483785926,0.08289266505455867,2.828704899870286,0.10072212483785926,0.08289266505455867,0.34071017638144363,0.34071017638144363,True
M1,case_td003_pa050_pp0_3_gamma_010__steady,cmaes,4,4.647774487105887,0.1383378000021553,0.043280846041267036,2.828704899870286,0.10072212483785926,0.08289266505455867,1.274327593559393,0.34071017638144363,True
M1,case_td003_pa050_pp0_3_gamma_010__steady,cmaes,5,2.5666024324253756,0.11613554134179309,0.06909788023495814,2.5666024324253756,0.11613554134179309,0.06909788023495814,0.3199666854915952,0.3199666854915952,True
M1,case_td003_pa050_pp0_3_gamma_010__steady,cmaes,6,3.9542355376115337,0.10371267398048528,0.061105807012278496,2.5666024324253756,0.11613554134179309,0.06909788023495814,0.7758235410824712,0.3199666854915952,True
M1,case_td003_pa050_pp0_3_gamma_010__steady,cmaes,7,4.112534295348555,0.1477826535873767,0.09307126040317734,2.5666024324253756,0.11613554134179309,0.06909788023495814,1.1595228561330233,0.3199666854915952,True
M1,case_td003_pa050_pp0_3_gamma_010__steady,cmaes,8,2.901093223869884,0.08783219355175235,0.04495687299632324,2.901093223869884,0.08783219355175235,0.04495687299632324,0.274593713777191,0.274593713777191,True
M1,case_td003_pa050_pp0_3_gamma_010__steady,cmaes,9,2.3795788420822133,0.09678071421895101,0.06129879994475396,2.3795788420822133,0.09678071421895101,0.06129879994475396,0.1333124348684367,0.1333124348684367,True
M1,case_td003_pa050_pp0_3_gamma_010__steady,cmaes,10,2.2387472079247575,0.11370451182252585,0.08433431077383047,2.3795788420822133,0.09678071421895101,0.06129879994475396,0.1635166727079324,0.1333124348684367,True
M1,case_td003_pa050_pp0_3_gamma_010__steady,cmaes,11,2.627348207084254,0.11307902432852475,0.0626058889154251,2.3795788420822133,0.09678071421895101,0.06129879994475396,0.32906409046879137,0.1333124348684367,True
M1,case_td003_pa050_pp0_3_gamma_010__steady,cmaes,12,1.8983523058036789,0.08734783564206039,0.043120447377514616,2.3795788420822133,0.09678071421895101,0.06129879994475396,0.14498749257494667,0.1333124348684367,True
M1,case_td003_pa050_pp0_3_gamma_010__steady,cmaes,13,2.993385725384944,0.07533366255805328,0.07343242313036899,2.3795788420822133,0.09678071421895101,0.06129879994475396,0.21676412847151655,0.1333124348684367,True
M1,case_td003_pa050_pp0_3_gamma_010__steady,cmaes,14,2.6329385482156855,0.08062937593429394,0.07427106377957965,2.6329385482156855,0.08062937593429394,0.07427106377957965,0.1313377709337762,0.1313377709337762,True
M1,case_td003_pa050_pp0_3_gamma_010__steady,cmaes,15,1.5655019053144792,0.06454427907639931,0.07047519618583058,2.6329385482156855,0.08062937593429394,0.07427106377957965,0.36796064718220717,0.1313377709337762,True
M1,case_td003_pa050_pp0_3_gamma_010__steady,cmaes,16,4.924010623387971,0.12464631342728118,0.05245875529011802,2.6329385482156855,0.08062937593429394,0.07427106377957965,1.2490310687729733,0.1313377709337762,True
M1,case_td003_pa050_pp0_3_gamma_010__steady,cmaes,17,2.032934100033569,0.060179509980635565,0.05431654703089128,2.6329385482156855,0.08062937593429394,0.07427106377957965,0.23883891419720885,0.1313377709337762,True
M1,case_td003_pa050_pp0_3_gamma_010__steady,cmaes,18,2.6410933555661056,0.1410506733655097,0.06233172353679713,2.6329385482156855,0.08062937593429394,0.07427106377957965,0.4780058240675963,0.1313377709337762,True
M1,case_td003_pa050_pp0_3_gamma_010__steady,cmaes,19,1.9590366486913433,0.14194281200725312,0.09243535443181641,2.6329385482156855,0.08062937593429394,0.07427106377957965,0.14755005653889414,0.1313377709337762,True
M1,case_td003_pa050_pp0_3_gamma_010__steady,cmaes,20,1.5391643245353206,0.07619126908436927,0.057153694513440864,2.6329385482156855,0.08062937593429394,0.07427106377957965,0.32715938232154107,0.1313377709337762,True
M1,case_td003_pa050_pp0_3_gamma_010__steady,cmaes,21,2.7969402512309003,0.12253275075367245,0.07211422833792089,2.6329385482156855,0.08062937593429394,0.07427106377957965,0.45894812422128567,0.1313377709337762,True
M1,case_td003_pa050_pp0_3_gamma_010__steady,cmaes,22,3.1279535540333203,0.057318371500137175,0.07323341467643424,3.1279535540333203,0.057318371500137175,0.07323341467643424,0.11485457591430599,0.11485457591430599,True
M1,case_td003_pa050_pp0_3_gamma_010__steady,cmaes,23,2.5607089011204245,0.07376190950057779,0.06976162804873488,2.5607089011204245,0.07376190950057779,0.06976162804873488,0.06937669275740423,0.06937669275740423,True
M1,case_td003_pa050_pp0_3_gamma_010__steady,cmaes,24,2.191700361994217,0.06109431921380618,0.07893998800095521,2.5607089011204245,0.07376190950057779,0.06976162804873488,0.17929659664720513,0.06937669275740423,True
M1,case_td003_pa050_pp0_3_gamma_010__steady,cmaes,25,1.9087947379376,0.08280692131947567,0.07650929064948844,2.5607089011204245,0.07376190950057779,0.06976162804873488,0.15849378201218486,0.06937669275740423,True
M1,case_td003_pa050_pp0_3_gamma_010__steady,cmaes,26,3.36853443419557,0.053617546339681986,0.0753543432565765,2.5607089011204245,0.07376190950057779,0.06976162804873488,0.14872944901191082,0.06937669275740423,True
M1,case_td003_pa050_pp0_3_gamma_010__steady,cmaes,27,2.4828163582237814,0.07521412611000104,0.06766891621679215,2.4828163582237814,0.07521412611000104,0.06766891621679215,0.0595462061579873,0.0595462061579873,True
M1,case_td003_pa050_pp0_3_gamma_010__steady,cmaes,28,1.8060196537083466,0.07632561878153768,0.05568024604295501,2.4828163582237814,0.07521412611000104,0.06766891621679215,0.23030174742170104,0.0595462061579873,True
M1,case_td003_pa050_pp0_3_gamma_010__steady,cmaes,29,2.0799466196878784,0.11803545583273593,0.08060594906005668,2.4828163582237814,0.07521412611000104,0.06766891621679215,0.11424271845452683,0.0595462061579873,True
M1,case_td003_pa050_pp0_3_gamma_010__steady,cmaes,30,1.865292625108078,0.08362023396766632,0.06853304133094257,2.4828163582237814,0.07521412611000104,0.06766891621679215,0.17163052712416552,0.0595462061579873,True
M1,case_td003_pa050_pp0_3_gamma_010__steady,cmaes,31,2.677086603966388,0.07453865819021385,0.06117068604719377,2.4828163582237814,0.07521412611000104,0.06766891621679215,0.10525667247051035,0.0595462061579873,True
M1,case_td003_pa050_pp0_3_gamma_010__steady,cmaes,32,2.8884988197623795,0.08981984847875196,0.07677460600282973,2.4828163582237814,0.07521412611000104,0.06766891621679215,0.28840052175131725,0.0595462061579873,True
M1,case_td003_pa050_pp0_3_gamma_010__steady,cmaes,33,2.737183397265382,0.08137956961908664,0.06355930932412987,2.4828163582237814,0.07521412611000104,0.06766891621679215,0.171680346578594,0.0595462061579873,True
M1,case_td003_pa050_pp0_3_gamma_010__steady,cmaes,34,3.7328039678375142,0.10285719671587398,0.06372130482660612,2.4828163582237814,0.07521412611000104,0.06766891621679215,0.694547115950423,0.0595462061579873,True
M1,case_td003_pa050_pp0_3_gamma_010__steady,cmaes,35,2.331179185069216,0.10507631003050985,0.0765382665693313,2.4828163582237814,0.07521412611000104,0.06766891621679215,0.15958406706008407,0.0595462061579873,True
M1,case_td003_pa050_pp0_3_gamma_010__steady,cmaes,36,1.6974779673264977,0.05101424077925543,0.05860096867687249,2.4828163582237814,0.07521412611000104,0.06766891621679215,0.3929687003323774,0.0595462061579873,True
M1,case_td003_pa050_pp0_3_gamma_010__steady,cmaes,37,2.6865142816738894,0.09374889575477902,0.06255981611550979,2.4828163582237814,0.07521412611000104,0.06766891621679215,0.23594867401310543,0.0595462061579873,True
M1,case_td003_pa050_pp0_3_gamma_010__steady,cmaes,38,1.6988215002511207,0.08463821366943958,0.07607686789895185,2.4828163582237814,0.07521412611000104,0.06766891621679215,0.22928742194190166,0.0595462061579873,True
M1,case_td003_pa050_pp0_3_gamma_010__steady,cmaes,39,1.6076050030705542,0.07986999683474154,0.06460584229963437,2.4828163582237814,0.07521412611000104,0.06766891621679215,0.28568835381953606,0.0595462061579873,True
M1,case_td003_pa050_pp0_3_gamma_010__steady,cmaes,40,2.90063988085452,0.0738225332085259,0.07349357488845185,2.4828163582237814,0.07521412611000104,0.06766891621679215,0.17418065556569515,0.0595462061579873,True
M1,case_td003_pa050_pp0_3_gamma_010__steady,cmaes,41,2.827971154715344,0.11448091560923054,0.07854347933653108,2.4828163582237814,0.07521412611000104,0.06766891621679215,0.4267539206098271,0.0595462061579873,True
M1,case_td003_pa050_pp0_3_gamma_010__steady,cmaes,42,2.100072389056863,0.08596967489653787,0.0758864907192219,2.4828163582237814,0.07521412611000104,0.06766891621679215,0.0781182907607174,0.0595462061579873,True
M1,case_td003_pa050_pp0_3_gamma_010__steady,cmaes,43,1.5827310911802515,0.1442538789115499,0.06177021452108431,2.4828163582237814,0.07521412611000104,0.06766891621679215,0.08536431629320537,0.0595462061579873,True
M1,case_td003_pa050_pp0_3_gamma_010__steady,cmaes,44,1.5794599661202289,0.11040586729053765,0.05871748883253767,2.4828163582237814,0.07521412611000104,0.06766891621679215,0.17931522532167385,0.0595462061579873,True
M1,case_td003_pa050_pp0_3_gamma_010__steady,cmaes,45,1.8582943683744118,0.12067378054006161,0.07068615092687099,1.8582943683744118,0.12067378054006161,0.07068615092687099,0.059356573181031574,0.059356573181031574,True
M1,case_td003_pa050_pp0_3_gamma_010__steady,cmaes,46,2.705870470855335,0.08287471167199337,0.06917638842213028,1.8582943683744118,0.12067378054006161,0.07068615092687099,0.17141224232530497,0.059356573181031574,True
M1,case_td003_pa050_pp0_3_gamma_010__steady,cmaes,47,1.8949981907593967,0.09964158058383038,0.0693833338336157,1.8582943683744118,0.12067378054006161,0.07068615092687099,0.09194853450599019,0.059356573181031574,True
M1,case_td003_pa050_pp0_3_gamma_010__steady,cmaes,48,1.1361826636017098,0.11858252826829742,0.072823110828907,1.8582943683744118,0.12067378054006161,0.07068615092687099,0.34324360106103535,0.059356573181031574,True
M1,case_td003_pa050_pp0_3_gamma_010__steady,cmaes,49,1.9631048444488046,0.10474626648608486,0.07692338069717758,1.8582943683744118,0.12067378054006161,0.07068615092687099,0.06004353340485094,0.059356573181031574,True
M1,case_td003_pa050_pp0_3_gamma_010__steady,cmaes,50,1.5335198993036614,0.12938452034556652,0.06929162566624508,1.8582943683744118,0.12067378054006161,0.07068615092687099,0.14012918194447524,0.059356573181031574,True
M1,case_td003_pa050_pp0_3_gamma_010__steady,cmaes,51,2.1675535272657336,0.105117608476584,0.07833861392876955,1.8582943683744118,0.12067378054006161,0.07068615092687099,0.09550785601504543,0.059356573181031574,True
M1,case_td003_pa050_pp0_3_gamma_010__steady,cmaes,52,2.1141529003719084,0.10683978727622578,0.06801371457132571,1.8582943683744118,0.12067378054006161,0.07068615092687099,0.08276932195128664,0.059356573181031574,True
M1,case_td003_pa050_pp0_3_gamma_010__steady,cmaes,53,1.0840723675818582,0.1666549758157791,0.0844775763608826,1.8582943683744118,0.12067378054006161,0.07068615092687099,0.26424667477461183,0.059356573181031574,True
M1,case_td003_pa050_pp0_3_gamma_010__steady,cmaes,54,1.5589734994732698,0.14610306855374694,0.06966563695468711,1.8582943683744118,0.12067378054006161,0.07068615092687099,0.08973245456137106,0.059356573181031574,True
M1,case_td003_pa050_pp0_3_gamma_010__steady,cmaes,55,2.21919395505028,0.14620712555980397,0.0753465538266633,1.8582943683744118,0.12067378054006161,0.07068615092687099,0.28987128907990745,0.059356573181031574,True
M1,case_td003_pa050_pp0_3_gamma_010__steady,cmaes,56,1.3975126223341645,0.1508591653815964,0.08194950909565069,1.8582943683744118,0.12067378054006161,0.07068615092687099,0.14749458953819836,0.059356573181031574,True
M1,case_td003_pa050_pp0_3_gamma_010__steady,cmaes,57,2.219066282299419,0.10914441255987253,0.08178478521527627,1.8582943683744118,0.12067378054006161,0.07068615092687099,0.1337113293189714,0.059356573181031574,True
M1,case_td003_pa050_pp0_3_gamma_010__steady,cmaes,58,2.5376387533501465,0.07680607548756933,0.07606872411894827,1.8582943683744118,0.12067378054006161,0.07068615092687099,0.07880410669710257,0.059356573181031574,True
M1,case_td003_pa050_pp0_3_gamma_010__steady,cmaes,59,1.656769282139616,0.10785915522117581,0.08263442996624058,1.8582943683744118,0.12067378054006161,0.07068615092687099,0.15285785680431876,0.059356573181031574,True
M1,case_td003_pa050_pp0_3_gamma_010__steady,cmaes,60,2.0644059633648504,0.11171882348248646,0.07934907162573818,1.8582943683744118,0.12067378054006161,0.07068615092687099,0.08476306038065662,0.059356573181031574,True
M1,case_td003_pa050_pp0_3_gamma_010__steady,cmaes,61,1.6599607516882038,0.13861205507851404,0.06036798384975605,1.8582943683744118,0.12067378054006161,0.07068615092687099,0.07122043795937891,0.059356573181031574,True
M1,case_td003_pa050_pp0_3_gamma_010__steady,cmaes,62,2.090013017823363,0.10438578413480423,0.06767083759689929,1.8582943683744118,0.12067378054006161,0.07068615092687099,0.06785837899164075,0.059356573181031574,True
M1,case_td003_pa050_pp0_3_gamma_010__steady,cmaes,63,1.7274153737592004,0.10984334824653919,0.08257292299042224,1.8582943683744118,0.12067378054006161,0.07068615092687099,0.11719524751196549,0.059356573181031574,True
M1,case_td003_pa050_pp0_3_gamma_010__steady,cmaes,64,1.8660486765658462,0.12678621206675217,0.06573777386730968,1.8582943683744118,0.12067378054006161,0.07068615092687099,0.06603710492299852,0.059356573181031574,True
M1,case_td003_pa050_pp0_3_gamma_010__steady,cmaes,65,1.8842795713006648,0.11020520184280891,0.08120324020149572,1.8582943683744118,0.12067378054006161,0.07068615092687099,0.0647905658939996,0.059356573181031574,True
M1,case_td003_pa050_pp0_3_gamma_010__steady,cmaes,66,1.210754555102048,0.16865604482927732,0.06287901257528165,1.8582943683744118,0.12067378054006161,0.07068615092687099,0.20154879053502675,0.059356573181031574,True
M1,case_td003_pa050_pp0_3_gamma_010__steady,cmaes,67,2.0466630254666276,0.096612789680297,0.07464249035479927,1.8582943683744118,0.12067378054006161,0.07068615092687099,0.06006885874407537,0.059356573181031574,True
M1,case_td003_pa050_pp0_3_gamma_010__steady,cmaes,68,1.7327205166788224,0.09653606061738146,0.07057036102164574,1.8582943683744118,0.12067378054006161,0.07068615092687099,0.16602514645674166,0.059356573181031574,True
M1,case_td003_pa050_pp0_3_gamma_010__steady,cmaes,69,2.775632847628872,0.09216967165324143,0.07236920232685873,1.8582943683744118,0.12067378054006161,0.07068615092687099,0.2613260632119914,0.059356573181031574,True
M1,case_td003_pa050_pp0_3_gamma_010__steady,cmaes,70,1.5640287412580398,0.14579250818192752,0.06198141590770221,1.8582943683744118,0.12067378054006161,0.07068615092687099,0.08915700409227867,0.059356573181031574,True
M1,case_td003_pa050_pp0_3_gamma_010__steady,cmaes,71,1.4381243233784922,0.14873420560058617,0.06095476397057808,1.8582943683744118,0.12067378054006161,0.07068615092687099,0.13596918332449076,0.059356573181031574,True
M1,case_td003_pa050_pp0_3_gamma_010__steady,cmaes,72,2.062675796754856,0.11194719381658236,0.06605815577868632,1.8582943683744118,0.12067378054006161,0.07068615092687099,0.0835245804138164,0.059356573181031574,True
M1,case_td003_pa050_pp0_3_gamma_010__steady,cmaes,73,2.313174853616767,0.10793040832932109,0.07441540381596834,1.8582943683744118,0.12067378054006161,0.07068615092687099,0.16629859393072524,0.059356573181031574,True
M1,case_td003_pa050_pp0_3_gamma_010__steady,cmaes,74,1.6793487257206017,0.12497799991070994,0.0661002076363789,1.8582943683744118,0.12067378054006161,0.07068615092687099,0.09238090860983815,0.059356573181031574,True
M1,case_td003_pa050_pp0_3_gamma_010__steady,cmaes,75,2.083974760920495,0.09361704952691399,0.07785203373310187,1.8582943683744118,0.12067378054006161,0.07068615092687099,0.059536073981695,0.059356573181031574,True
M1,case_td003_pa050_pp0_3_gamma_010__steady,cmaes,76,2.4961552608509674,0.05776747298045359,0.0820611234269141,1.8582943683744118,0.12067378054006161,0.07068615092687099,0.10713078228277245,0.059356573181031574,True
M1,case_td003_pa050_pp0_3_gamma_010__steady,cmaes,77,2.52349073279024,0.07842571913057435,0.061760647831469076,1.8582943683744118,0.12067378054006161,0.07068615092687099,0.082007002360838,0.059356573181031574,True
M1,case_td003_pa050_pp0_3_gamma_010__steady,cmaes,78,1.831971391818325,0.11301241369849359,0.05911589649361382,1.8582943683744118,0.12067378054006161,0.07068615092687099,0.0728761551836434,0.059356573181031574,True
M1,case_td003_pa050_pp0_3_gamma_010__steady,cmaes,79,2.2467395721792625,0.09222278808315376,0.08597227046483488,1.8582943683744118,0.12067378054006161,0.07068615092687099,0.06960872854808257,0.059356573181031574,True
M1,case_td003_pa050_pp0_3_gamma_010__steady,cmaes,80,2.242198175862817,0.08743241478488123,0.07260456871532815,2.242198175862817,0.08743241478488123,0.07260456871532815,0.056181988263677325,0.056181988263677325,True
M1,case_td003_pa050_pp0_3_gamma_010__steady,cmaes,81,2.0392777547821805,0.09755291849152439,0.07772717836884947,2.242198175862817,0.08743241478488123,0.07260456871532815,0.05957277821310309,0.056181988263677325,True
M1,case_td003_pa050_pp0_3_gamma_010__steady,cmaes,82,2.0093006842865506,0.10167673478983405,0.08593514386755585,2.242198175862817,0.08743241478488123,0.07260456871532815,0.058149160017477976,0.056181988263677325,True
M1,case_td003_pa050_pp0_3_gamma_010__steady,cmaes,83,1.6880149474662993,0.10450549677641097,0.0766652017588002,2.242198175862817,0.08743241478488123,0.07260456871532815,0.15266417453723358,0.056181988263677325,True
M1,case_td003_pa050_pp0_3_gamma_010__steady,cmaes,84,1.9378774729146708,0.11264322105389434,0.07085652599988798,2.242198175862817,0.08743241478488123,0.07260456871532815,0.05860125820202343,0.056181988263677325,True
M1,case_td003_pa050_pp0_3_gamma_010__steady,cmaes,85,1.9809305910938304,0.08828915833125606,0.08045789671883186,2.242198175862817,0.08743241478488123,0.07260456871532815,0.10637398709989077,0.056181988263677325,True
M1,case_td003_pa050_pp0_3_gamma_010__steady,cmaes,86,2.0468698729226182,0.11111060483835193,0.0705394039056354,2.242198175862817,0.08743241478488123,0.07260456871532815,0.07627102500374879,0.056181988263677325,True
M1,case_td003_pa050_pp0_3_gamma_010__steady,cmaes,87,1.8925421344097326,0.10075312764520244,0.06875220750027611,2.242198175862817,0.08743241478488123,0.07260456871532815,0.08892188066994111,0.056181988263677325,True
M1,case_td003_pa050_pp0_3_gamma_010__steady,cmaes,88,1.924463537294046,0.10903172755427654,0.07842256581775164,2.242198175862817,0.08743241478488123,0.07260456871532815,0.06002386990892333,0.056181988263677325,True
M1,case_td003_pa050_pp0_3_gamma_010__steady,cmaes,89,2.3453728341111906,0.05826217660026771,0.094036151132846,2.242198175862817,0.08743241478488123,0.07260456871532815,0.14768248023735214,0.056181988263677325,True
M1,case_td003_pa050_pp0_3_gamma_010__steady,cmaes,90,2.2073311283250456,0.08638198978192002,0.09098237345408536,2.2073311283250456,0.08638198978192002,0.09098237345408536,0.05597905614288291,0.05597905614288291,True
M1,case_td003_pa050_pp0_3_gamma_010__steady,cmaes,91,2.6534255804936735,0.07585384396542899,0.07286783654996362,2.2073311283250456,0.08638198978192002,0.09098237345408536,0.10735905291214316,0.05597905614288291,True
M1,case_td003_pa050_pp0_3_gamma_010__steady,cmaes,92,2.497583604670972,0.08043091841244548,0.07690224063944416,2.2073311283250456,0.08638198978192002,0.09098237345408536,0.08642348762668602,0.05597905614288291,True
M1,case_td003_pa050_pp0_3_gamma_010__steady,cmaes,93,2.4280683683879376,0.08597009624208643,0.07508378418897554,2.2073311283250456,0.08638198978192002,0.09098237345408536,0.0940193575008196,0.05597905614288291,True
M1,case_td003_pa050_pp0_3_gamma_010__steady,cmaes,94,2.0547370592543217,0.09394999772597604,0.0817432108664511,2.2073311283250456,0.08638198978192002,0.09098237345408536,0.06379806992593039,0.05597905614288291,True
M1,case_td003_pa050_pp0_3_gamma_010__steady,cmaes,95,2.30071705350047,0.11322902432739083,0.073739131150528,2.2073311283250456,0.08638198978192002,0.09098237345408536,0.18704712699859338,0.05597905614288291,True
M1,case_td003_pa050_pp0_3_gamma_010__steady,cmaes,96,1.4310318581110324,0.11825494142859004,0.09794429341442215,2.2073311283250456,0.08638198978192002,0.09098237345408536,0.21436914271386343,0.05597905614288291,True
M1,case_td003_pa050_pp0_3_gamma_010__steady,cmaes,97,1.9926601497399647,0.10209026381978362,0.09037268998554154,2.2073311283250456,0.08638198978192002,0.09098237345408536,0.059372250538915275,0.05597905614288291,True
M1,case_td003_pa050_pp0_3_gamma_010__steady,cmaes,98,2.230936684325445,0.07895676867101943,0.08777576735091246,2.2073311283250456,0.08638198978192002,0.09098237345408536,0.06991779972934284,0.05597905614288291,True
M1,case_td003_pa050_pp0_3_gamma_010__steady,cmaes,99,1.9885819241722393,0.09415503148469712,0.0880962512989876,2.2073311283250456,0.08638198978192002,0.09098237345408536,0.07985551140677435,0.05597905614288291,True
M1,case_td003_pa050_pp0_3_gamma_010__steady,cmaes,100,2.137319275835071,0.09198019961261493,0.08588463598391384,2.2073311283250456,0.08638198978192002,0.09098237345408536,0.05624103460287638,0.05597905614288291,True
M1,case_td003_pa050_pp0_3_gamma_010__steady,tpe,1,3.0,0.125,0.07,3.0,0.125,0.07,0.5628434392461068,0.5628434392461068,True
M1,case_td003_pa050_pp0_3_gamma_010__steady,tpe,2,3.521635756509514,0.1710554285855088,0.07681783094745753,3.0,0.125,0.07,1.0384804816813233,0.5628434392461068,True
M1,case_td003_pa050_pp0_3_gamma_010__steady,tpe,3,3.6387704942886097,0.18402117793521588,0.04337665815834715,3.0,0.125,0.07,1.1432684424883985,0.5628434392461068,True
M1,case_td003_pa050_pp0_3_gamma_010__steady,tpe,4,3.0581857447315373,0.14311417038198104,0.08226311609660895,3.0,0.125,0.07,0.6895687728085261,0.5628434392461068,True
M1,case_td003_pa050_pp0_3_gamma_010__steady,tpe,5,2.0350745721342554,0.19845069914742808,0.08959093954107587,2.0350745721342554,0.19845069914742808,0.08959093954107587,0.3540433233539153,0.3540433233539153,True
M1,case_td003_pa050_pp0_3_gamma_010__steady,tpe,6,2.3239605161371872,0.11302027450625081,0.08696485167949544,2.3239605161371872,0.11302027450625081,0.08696485167949544,0.1977766883007404,0.1977766883007404,True
M1,case_td003_pa050_pp0_3_gamma_010__steady,tpe,7,2.954116746000916,0.07844710798934793,0.08497311919482561,2.3239605161371872,0.11302027450625081,0.08696485167949544,0.22833662947526231,0.1977766883007404,True
M1,case_td003_pa050_pp0_3_gamma_010__steady,tpe,8,3.6709300938906404,0.13184225450385811,0.06148982994865629,2.3239605161371872,0.11302027450625081,0.08696485167949544,0.8838641102019603,0.1977766883007404,True
M1,case_td003_pa050_pp0_3_gamma_010__steady,tpe,9,2.802739786318662,0.059357331741392655,0.06258916924050839,2.802739786318662,0.059357331741392655,0.06258916924050839,0.05605447881840917,0.05605447881840917,True
M1,case_td003_pa050_pp0_3_gamma_010__steady,tpe,10,4.304639328190438,0.11626497977908695,0.04648818803350748,2.802739786318662,0.059357331741392655,0.06258916924050839,0.9918985702698696,0.05605447881840917,True
M1,case_td003_pa050_pp0_3_gamma_010__steady,tpe,11,3.226125221421625,0.10280601431473094,0.09851111656646444,2.802739786318662,0.059357331741392655,0.06258916924050839,0.5123365111918334,0.05605447881840917,True
M1,case_td003_pa050_pp0_3_gamma_010__steady,tpe,12,2.4083740958365394,0.18618031544866015,0.07512636993013003,2.802739786318662,0.059357331741392655,0.06258916924050839,0.5274705879977288,0.05605447881840917,True
M1,case_td003_pa050_pp0_3_gamma_010__steady,tpe,13,2.6474510920867695,0.0894592205557804,0.0749135697974976,2.802739786318662,0.059357331741392655,0.06258916924050839,0.19434511530362775,0.05605447881840917,True
M1,case_td003_pa050_pp0_3_gamma_010__steady,tpe,14,3.3715908600211306,0.09053120927278266,0.0833486291940534,2.802739786318662,0.059357331741392655,0.06258916924050839,0.4701374549233402,0.05605447881840917,True
M1,case_td003_pa050_pp0_3_gamma_010__steady,tpe,15,1.3735998527605182,0.11582958471483737,0.06654127321696066,2.802739786318662,0.059357331741392655,0.06258916924050839,0.24993703570821468,0.05605447881840917,True
M1,case_td003_pa050_pp0_3_gamma_010__steady,tpe,16,2.4972447141171656,0.07766598054992713,0.05883355643629812,2.802739786318662,0.059357331741392655,0.06258916924050839,0.07111480635823862,0.05605447881840917,True
M1,case_td003_pa050_pp0_3_gamma_010__steady,tpe,17,2.347862078445556,0.07377523712947594,0.051376166860600245,2.802739786318662,0.059357331741392655,0.06258916924050839,0.06521910886112132,0.05605447881840917,True
M1,case_td003_pa050_pp0_3_gamma_010__steady,tpe,18,3.600502260752302,0.051668134314672265,0.04878950787093644,2.802739786318662,0.059357331741392655,0.06258916924050839,0.18922244961112494,0.05605447881840917,True
M1,case_td003_pa050_pp0_3_gamma_010__steady,tpe,19,1.4184964453829232,0.05412331106647569,0.04338748213070011,2.802739786318662,0.059357331741392655,0.06258916924050839,0.46177279358810613,0.05605447881840917,True
M1,case_td003_pa050_pp0_3_gamma_010__steady,tpe,20,2.509986267976391,0.1340344843487488,0.045307060633476004,2.802739786318662,0.059357331741392655,0.06258916924050839,0.3787159763085287,0.05605447881840917,True
M1,case_td003_pa050_pp0_3_gamma_010__steady,tpe,21,4.869475728555166,0.07854873311330199,0.06371858352313022,2.802739786318662,0.059357331741392655,0.06258916924050839,0.7874554049969221,0.05605447881840917,True
M1,case_td003_pa050_pp0_3_gamma_010__steady,tpe,22,2.2855920667692597,0.07727317641078656,0.057295573370735806,2.802739786318662,0.059357331741392655,0.06258916924050839,0.06541430505992173,0.05605447881840917,True
M1,case_td003_pa050_pp0_3_gamma_010__steady,tpe,23,1.7024265811899242,0.05332149371929887,0.06812986533637683,2.802739786318662,0.059357331741392655,0.06258916924050839,0.3788903011941181,0.05605447881840917,True
M1,case_td003_pa050_pp0_3_gamma_010__steady,tpe,24,2.460576495441372,0.07191371396328289,0.04129307674983902,2.460576495441372,0.07191371396328289,0.04129307674983902,0.05469950113920545,0.05469950113920545,True
M1,case_td003_pa050_pp0_3_gamma_010__steady,tpe,25,2.983234784889766,0.0955584597024015,0.04755002206313426,2.460576495441372,0.07191371396328289,0.04129307674983902,0.36163879879451655,0.05469950113920545,True
M1,case_td003_pa050_pp0_3_gamma_010__steady,tpe,26,2.455927503647555,0.05492121325078886,0.04225866605341224,2.460576495441372,0.07191371396328289,0.04129307674983902,0.1415163809639633,0.05469950113920545,True
M1,case_td003_pa050_pp0_3_gamma_010__steady,tpe,27,1.9680542682072713,0.10128424690066276,0.04327043013634589,2.460576495441372,0.07191371396328289,0.04129307674983902,0.06734721122253683,0.05469950113920545,True
M1,case_td003_pa050_pp0_3_gamma_010__steady,tpe,28,3.9427935522769015,0.05459464896191936,0.0723750514597619,2.460576495441372,0.07191371396328289,0.04129307674983902,0.30781668539254553,0.05469950113920545,True
M1,case_td003_pa050_pp0_3_gamma_010__steady,tpe,29,3.013937271929014,0.053574622758824415,0.06771928866543536,2.460576495441372,0.07191371396328289,0.04129307674983902,0.06389603205063572,0.05469950113920545,True
M1,case_td003_pa050_pp0_3_gamma_010__steady,tpe,30,3.4409028492821676,0.060854211861195,0.0646933271469963,2.460576495441372,0.07191371396328289,0.04129307674983902,0.23231335021540706,0.05469950113920545,True
M1,case_td003_pa050_pp0_3_gamma_010__steady,tpe,31,2.9610915558353064,0.05510325183121894,0.07428826177804608,2.460576495441372,0.07191371396328289,0.04129307674983902,0.0625709298296837,0.05469950113920545,True
M1,case_td003_pa050_pp0_3_gamma_010__steady,tpe,32,2.9503842202343367,0.053429540707929386,0.06618978371302915,2.460576495441372,0.07191371396328289,0.04129307674983902,0.055654349919002435,0.05469950113920545,True
M1,case_td003_pa050_pp0_3_gamma_010__steady,tpe,33,2.4538292970864335,0.051354554410290285,0.08922455678016715,2.460576495441372,0.07191371396328289,0.04129307674983902,0.16134445001676265,0.05469950113920545,True
M1,case_td003_pa050_pp0_3_gamma_010__steady,tpe,34,2.8689425490187963,0.05898294356407935,0.06238523566247759,2.460576495441372,0.07191371396328289,0.04129307674983902,0.06372183838114662,0.05469950113920545,True
M1,case_td003_pa050_pp0_3_gamma_010__steady,tpe,35,2.238254671865032,0.05628894239299155,0.07933062058549785,2.460576495441372,0.07191371396328289,0.04129307674983902,0.1944949307332788,0.05469950113920545,True
M1,case_td003_pa050_pp0_3_gamma_010__steady,tpe,36,2.88078170471906,0.05978452721110556,0.07563723418675128,2.460576495441372,0.07191371396328289,0.04129307674983902,0.07066387026217315,0.05469950113920545,True
M1,case_td003_pa050_pp0_3_gamma_010__steady,tpe,37,1.0111941902283337,0.18511341128776762,0.05641534581565507,2.460576495441372,0.07191371396328289,0.04129307674983902,0.2687600880789432,0.05469950113920545,True
M1,case_td003_pa050_pp0_3_gamma_010__steady,tpe,38,3.2234207804548034,0.09797532245233383,0.06414208657808676,2.460576495441372,0.07191371396328289,0.04129307674983902,0.47306581045686097,0.05469950113920545,True
M1,case_td003_pa050_pp0_3_gamma_010__steady,tpe,39,4.912730365560361,0.15226868952677777,0.09328391968910578,2.460576495441372,0.07191371396328289,0.04129307674983902,1.4647908736215633,0.05469950113920545,True
M1,case_td003_pa050_pp0_3_gamma_010__steady,tpe,40,2.789169591581624,0.05714123702201164,0.07164414554389521,2.789169591581624,0.05714123702201164,0.07164414554389521,0.05384094708295357,0.05384094708295357,True
M1,case_td003_pa050_pp0_3_gamma_010__steady,tpe,41,2.52979664980831,0.052462466904936306,0.05587296081164919,2.789169591581624,0.05714123702201164,0.07164414554389521,0.13497416021921751,0.05384094708295357,True
M1,case_td003_pa050_pp0_3_gamma_010__steady,tpe,42,2.9390702068115173,0.059659906059283736,0.0760438108108139,2.789169591581624,0.05714123702201164,0.07164414554389521,0.08310677589344603,0.05384094708295357,True
M1,case_td003_pa050_pp0_3_gamma_010__steady,tpe,43,2.4149057635247275,0.054703663458727236,0.07009907070484242,2.789169591581624,0.05714123702201164,0.07164414554389521,0.15179213266849992,0.05384094708295357,True
M1,case_td003_pa050_pp0_3_gamma_010__steady,tpe,44,3.4891876078073927,0.08330854097264523,0.04080150642374483,2.789169591581624,0.05714123702201164,0.07164414554389521,0.44451638361691803,0.05384094708295357,True
M1,case_td003_pa050_pp0_3_gamma_010__steady,tpe,45,1.1435588329045816,0.1705622420803823,0.08951776963653628,2.789169591581624,0.05714123702201164,0.07164414554389521,0.22767622576547078,0.05384094708295357,True
M1,case_td003_pa050_pp0_3_gamma_010__steady,tpe,46,3.258080738877375,0.08445092421725296,0.06970859783677608,2.789169591581624,0.05714123702201164,0.07164414554389521,0.38009980429790424,0.05384094708295357,True
M1,case_td003_pa050_pp0_3_gamma_010__steady,tpe,47,4.916662646722536,0.166253737053001,0.06762361420273613,2.789169591581624,0.05714123702201164,0.07164414554389521,1.5589223231787157,0.05384094708295357,True
M1,case_td003_pa050_pp0_3_gamma_010__steady,tpe,48,3.312072724957213,0.05319109055335486,0.060618222778670135,2.789169591581624,0.05714123702201164,0.07164414554389521,0.12908828972480785,0.05384094708295357,True
M1,case_td003_pa050_pp0_3_gamma_010__steady,tpe,49,3.292415253332938,0.058685561373165315,0.08142590237217967,2.789169591581624,0.05714123702201164,0.07164414554389521,0.17212608633817078,0.05384094708295357,True
M1,case_td003_pa050_pp0_3_gamma_010__steady,tpe,50,3.376933436984395,0.17413586119358368,0.09620836762861737,2.789169591581624,0.05714123702201164,0.07164414554389521,0.987016227472555,0.05384094708295357,True
M1,case_td003_pa050_pp0_3_gamma_010__steady,tpe,51,2.639542299785274,0.07055552293177351,0.06771995285332107,2.789169591581624,0.05714123702201164,0.07164414554389521,0.0723313669804856,0.05384094708295357,True
M1,case_td003_pa050_pp0_3_gamma_010__steady,tpe,52,2.996209327648271,0.07934107665259632,0.06075663788581759,2.789169591581624,0.05714123702201164,0.07164414554389521,0.24753741756912484,0.05384094708295357,True
M1,case_td003_pa050_pp0_3_gamma_010__steady,tpe,53,4.624867827109107,0.06942653752698186,0.09422634018038528,2.789169591581624,0.05714123702201164,0.07164414554389521,0.6317708136916794,0.05384094708295357,True
M1,case_td003_pa050_pp0_3_gamma_010__steady,tpe,54,2.70948044043177,0.05510925369557705,0.06769836253845303,2.789169591581624,0.05714123702201164,0.07164414554389521,0.07084986592443641,0.05384094708295357,True
M1,case_td003_pa050_pp0_3_gamma_010__steady,tpe,55,2.9769894119046096,0.05279789900148444,0.05704681085472345,2.789169591581624,0.05714123702201164,0.07164414554389521,0.05618199358933874,0.05384094708295357,True
M1,case_td003_pa050_pp0_3_gamma_010__steady,tpe,56,3.110750589652848,0.051188611661939956,0.05440893172276614,2.789169591581624,0.05714123702201164,0.07164414554389521,0.06771790648258334,0.05384094708295357,True
M1,case_td003_pa050_pp0_3_gamma_010__steady,tpe,57,2.127488412499203,0.07063686044795535,0.046925232613635966,2.789169591581624,0.05714123702201164,0.07164414554389521,0.14797462378273085,0.05384094708295357,True
M1,case_td003_pa050_pp0_3_gamma_010__steady,tpe,58,1.6578183863797364,0.09589674341914006,0.09905313483590726,2.789169591581624,0.05714123702201164,0.07164414554389521,0.1959622390495263,0.05384094708295357,True
M1,case_td003_pa050_pp0_3_gamma_010__steady,tpe,59,2.6975473223402298,0.051138085678356274,0.06101183108236306,2.789169591581624,0.05714123702201164,0.07164414554389521,0.09797832758685508,0.05384094708295357,True
M1,case_td003_pa050_pp0_3_gamma_010__steady,tpe,60,4.939099602577904,0.1449646892827911,0.04763288969695392,2.789169591581624,0.05714123702201164,0.07164414554389521,1.4154824497736425,0.05384094708295357,True
M1,case_td003_pa050_pp0_3_gamma_010__steady,tpe,61,2.6120589870484716,0.06981390579352335,0.04026210477838863,2.789169591581624,0.05714123702201164,0.07164414554389521,0.061314853718276704,0.05384094708295357,True
M1,case_td003_pa050_pp0_3_gamma_010__steady,tpe,62,3.2007961476010607,0.05433741372774583,0.040696067579131745,2.789169591581624,0.05714123702201164,0.07164414554389521,0.10737487330116088,0.05384094708295357,True
M1,case_td003_pa050_pp0_3_gamma_010__steady,tpe,63,2.5263502703300293,0.07534320641195699,0.04347198022241471,2.789169591581624,0.05714123702201164,0.07164414554389521,0.06638830949173247,0.05384094708295357,True
M1,case_td003_pa050_pp0_3_gamma_010__steady,tpe,64,2.9555130938630443,0.07782245682491445,0.05120229676719806,2.789169591581624,0.05714123702201164,0.07164414554389521,0.22050760179953335,0.05384094708295357,True
M1,case_td003_pa050_pp0_3_gamma_010__steady,tpe,65,2.197503930301713,0.08725012873285354,0.04070487004796947,2.789169591581624,0.05714123702201164,0.07164414554389521,0.056660629517718185,0.05384094708295357,True
M1,case_td003_pa050_pp0_3_gamma_010__steady,tpe,66,2.3776368859539563,0.09260269126717773,0.04137703120609599,2.789169591581624,0.05714123702201164,0.07164414554389521,0.10747831370669307,0.05384094708295357,True
M1,case_td003_pa050_pp0_3_gamma_010__steady,tpe,67,1.3051805221021624,0.07632254962484593,0.04662680730473433,2.789169591581624,0.05714123702201164,0.07164414554389521,0.4095418023909307,0.05384094708295357,True
M1,case_td003_pa050_pp0_3_gamma_010__steady,tpe,68,4.920595794100446,0.07848297147161243,0.0411138547442589,2.789169591581624,0.05714123702201164,0.07164414554389521,0.7958943221581611,0.05384094708295357,True
M1,case_td003_pa050_pp0_3_gamma_010__steady,tpe,69,2.6845716092483483,0.08115388445436164,0.040314215997042484,2.789169591581624,0.05714123702201164,0.07164414554389521,0.14827108084495938,0.05384094708295357,True
M1,case_td003_pa050_pp0_3_gamma_010__steady,tpe,70,2.8873352361354967,0.07104937754312726,0.049901334550607815,2.789169591581624,0.05714123702201164,0.07164414554389521,0.14643215395600132,0.05384094708295357,True
M1,case_td003_pa050_pp0_3_gamma_010__steady,tpe,71,3.2723987691039778,0.1683148838197965,0.06293723518637469,2.789169591581624,0.05714123702201164,0.07164414554389521,0.9073275041526119,0.05384094708295357,True
M1,case_td003_pa050_pp0_3_gamma_010__steady,tpe,72,2.2991634999032744,0.061998674830173864,0.04073860048841273,2.789169591581624,0.05714123702201164,0.07164414554389521,0.143862559654739,0.05384094708295357,True
M1,case_td003_pa050_pp0_3_gamma_010__steady,tpe,73,1.635027783215155,0.08426736262546802,0.041132245703252635,2.789169591581624,0.05714123702201164,0.07164414554389521,0.25937956691814334,0.05384094708295357,True
M1,case_td003_pa050_pp0_3_gamma_010__steady,tpe,74,2.872781664049568,0.07737550386063599,0.07331715956439734,2.789169591581624,0.05714123702201164,0.07164414554389521,0.19132910258947322,0.05384094708295357,True
M1,case_td003_pa050_pp0_3_gamma_010__steady,tpe,75,3.5632713967647045,0.05037661927855041,0.06926867530120648,2.789169591581624,0.05714123702201164,0.07164414554389521,0.1699287006572163,0.05384094708295357,True
M1,case_td003_pa050_pp0_3_gamma_010__steady,tpe,76,2.0365621461484853,0.10335358715184281,0.053716833842585,2.789169591581624,0.05714123702201164,0.07164414554389521,0.05717081894321695,0.05384094708295357,True
M1,case_td003_pa050_pp0_3_gamma_010__steady,tpe,77,1.402859898572915,0.10970002225956801,0.05856092192457273,2.789169591581624,0.05714123702201164,0.07164414554389521,0.2569232921374394,0.05384094708295357,True
M1,case_td003_pa050_pp0_3_gamma_010__steady,tpe,78,2.2119003818280722,0.10411441817266545,0.04897875752037003,2.789169591581624,0.05714123702201164,0.07164414554389521,0.10368961234026537,0.05384094708295357,True
M1,case_td003_pa050_pp0_3_gamma_010__steady,tpe,79,1.3232476885370592,0.12390101098222142,0.0435556880105725,2.789169591581624,0.05714123702201164,0.07164414554389521,0.2523688694915042,0.05384094708295357,True
M1,case_td003_pa050_pp0_3_gamma_010__steady,tpe,80,1.9934235386806411,0.09503657988816769,0.06144964079204994,2.789169591581624,0.05714123702201164,0.07164414554389521,0.07730550589785598,0.05384094708295357,True
M1,case_td003_pa050_pp0_3_gamma_010__steady,tpe,81,2.8319285379987242,0.10481900997834555,0.04869083886577812,2.789169591581624,0.05714123702201164,0.07164414554389521,0.36414683153206046,0.05384094708295357,True
M1,case_td003_pa050_pp0_3_gamma_010__steady,tpe,82,2.5281911039865865,0.13510861757881967,0.05398565596808992,2.789169591581624,0.05714123702201164,0.07164414554389521,0.3942370749373374,0.05384094708295357,True
M1,case_td003_pa050_pp0_3_gamma_010__steady,tpe,83,2.8303936706874118,0.056655204668283124,0.07495958108648115,2.789169591581624,0.05714123702201164,0.07164414554389521,0.05385917263833323,0.05384094708295357,True
M1,case_td003_pa050_pp0_3_gamma_010__steady,tpe,84,3.7930923211007768,0.1319951356419458,0.08664706632546793,2.789169591581624,0.05714123702201164,0.07164414554389521,0.9349084467108867,0.05384094708295357,True
M1,case_td003_pa050_pp0_3_gamma_010__steady,tpe,85,2.1447598642285235,0.07605998449942405,0.07668927000095238,2.789169591581624,0.05714123702201164,0.07164414554389521,0.1095104358678127,0.05384094708295357,True
M1,case_td003_pa050_pp0_3_gamma_010__steady,tpe,86,1.8417647072730858,0.08209826124262867,0.05537458128295343,2.789169591581624,0.05714123702201164,0.07164414554389521,0.18923275469282097,0.05384094708295357,True
M1,case_td003_pa050_pp0_3_gamma_010__steady,tpe,87,2.4460628711255095,0.05366924489693924,0.052011570043246615,2.789169591581624,0.05714123702201164,0.07164414554389521,0.15150277067693776,0.05384094708295357,True
M1,case_td003_pa050_pp0_3_gamma_010__steady,tpe,88,1.990031243782814,0.06898862993060821,0.040842717159658044,2.789169591581624,0.05714123702201164,0.07164414554389521,0.205103784983395,0.05384094708295357,True
M1,case_td003_pa050_pp0_3_gamma_010__steady,tpe,89,3.8199600390782673,0.07561231984850231,0.05554288852570102,2.789169591581624,0.05714123702201164,0.07164414554389521,0.47998247651688636,0.05384094708295357,True
M1,case_td003_pa050_pp0_3_gamma_010__steady,tpe,90,3.1558067071470908,0.05761090017400238,0.06531370367255597,2.789169591581624,0.05714123702201164,0.07164414554389521,0.1239931736591374,0.05384094708295357,True
M1,case_td003_pa050_pp0_3_gamma_010__steady,tpe,91,2.2585571733163983,0.056581675651611735,0.06849963737805544,2.789169591581624,0.05714123702201164,0.07164414554389521,0.187335231540604,0.05384094708295357,True
M1,case_td003_pa050_pp0_3_gamma_010__steady,tpe,92,3.3888265655196967,0.05256374772199064,0.07571468231529353,2.789169591581624,0.05714123702201164,0.07164414554389521,0.14496417904715841,0.05384094708295357,True
M1,case_td003_pa050_pp0_3_gamma_010__steady,tpe,93,3.0350974356628355,0.08481959642073791,0.07898222711288032,2.789169591581624,0.05714123702201164,0.07164414554389521,0.3053332775096541,0.05384094708295357,True
M1,case_td003_pa050_pp0_3_gamma_010__steady,tpe,94,2.963438793116291,0.06371739005388527,0.0705188948471794,2.789169591581624,0.05714123702201164,0.07164414554389521,0.11745798350121875,0.05384094708295357,True
M1,case_td003_pa050_pp0_3_gamma_010__steady,tpe,95,2.8614574386086367,0.05139164175388632,0.07455516600905188,2.789169591581624,0.05714123702201164,0.07164414554389521,0.061260973498789374,0.05384094708295357,True
M1,case_td003_pa050_pp0_3_gamma_010__steady,tpe,96,2.475735318997246,0.0512071585844953,0.07924855666805668,2.789169591581624,0.05714123702201164,0.07164414554389521,0.15674261573161372,0.05384094708295357,True
M1,case_td003_pa050_pp0_3_gamma_010__steady,tpe,97,2.226431534037736,0.10584200820246181,0.041137039144374304,2.789169591581624,0.05714123702201164,0.07164414554389521,0.11574177138342458,0.05384094708295357,True
M1,case_td003_pa050_pp0_3_gamma_010__steady,tpe,98,3.1647555346703924,0.05259198491354464,0.06660504960364654,2.789169591581624,0.05714123702201164,0.07164414554389521,0.08845542340763321,0.05384094708295357,True
M1,case_td003_pa050_pp0_3_gamma_010__steady,tpe,99,4.817383635808768,0.116167387780397,0.0714976188439079,2.789169591581624,0.05714123702201164,0.07164414554389521,1.147065774700951,0.05384094708295357,True
M1,case_td003_pa050_pp0_3_gamma_010__steady,tpe,100,3.3767999762346514,0.05209979457312673,0.08600075011238155,2.789169591581624,0.05714123702201164,0.07164414554389521,0.1384230979948353,0.05384094708295357,True
M1,case_td003_pa050_pp0_3_gamma_010__steady,random,1,3.0,0.125,0.07,3.0,0.125,0.07,0.5628434392461068,0.5628434392461068,True
M1,case_td003_pa050_pp0_3_gamma_010__steady,random,2,1.1092543560228774,0.07326141548322657,0.07344917105732607,1.1092543560228774,0.07326141548322657,0.07344917105732607,0.48168898011311495,0.48168898011311495,True
M1,case_td003_pa050_pp0_3_gamma_010__steady,random,3,3.494918964092694,0.10782172090507816,0.048894353295061393,1.1092543560228774,0.07326141548322657,0.07344917105732607,0.646037540819591,0.48168898011311495,True
M1,case_td003_pa050_pp0_3_gamma_010__steady,random,4,2.373287205462936,0.14381682515527003,0.0941513192947325,2.373287205462936,0.14381682515527003,0.0941513192947325,0.36119682598528075,0.36119682598528075,True
M1,case_td003_pa050_pp0_3_gamma_010__steady,random,5,4.965865520635298,0.13878902953570094,0.04644868184923032,2.373287205462936,0.14381682515527003,0.0941513192947325,1.3759938656738278,0.36119682598528075,True
M1,case_td003_pa050_pp0_3_gamma_010__steady,random,6,2.9747720789428214,0.07429424016110323,0.06172657247079687,2.9747720789428214,0.07429424016110323,0.06172657247079687,0.20123461145071883,0.20123461145071883,True
M1,case_td003_pa050_pp0_3_gamma_010__steady,random,7,2.8644726599679298,0.15785348968254703,0.04517092400633551,2.9747720789428214,0.07429424016110323,0.06172657247079687,0.6590633854323372,0.20123461145071883,True
M1,case_td003_pa050_pp0_3_gamma_010__steady,random,8,4.152463437321876,0.18382455563086153,0.09228286165383183,2.9747720789428214,0.07429424016110323,0.06172657247079687,1.3756417229135136,0.20123461145071883,True
M1,case_td003_pa050_pp0_3_gamma_010__steady,random,9,1.9000365798969345,0.13735483670497328,0.09026606164954268,1.9000365798969345,0.13735483670497328,0.09026606164954268,0.10647037972045617,0.10647037972045617,True
M1,case_td003_pa050_pp0_3_gamma_010__steady,random,10,1.2754587613659063,0.07655947578498729,0.08588348037207641,1.9000365798969345,0.13735483670497328,0.09026606164954268,0.4149183605105173,0.10647037972045617,True
M1,case_td003_pa050_pp0_3_gamma_010__steady,random,11,2.4537226329712842,0.14847011114271236,0.05748767023409744,1.9000365798969345,0.13735483670497328,0.09026606164954268,0.41540602788125597,0.10647037972045617,True
M1,case_td003_pa050_pp0_3_gamma_010__steady,random,12,2.5773287594489895,0.11437241473455474,0.050000032413619944,1.9000365798969345,0.13735483670497328,0.09026606164954268,0.3120363955008857,0.10647037972045617,True
M1,case_td003_pa050_pp0_3_gamma_010__steady,random,13,3.852397520556497,0.12868750453038824,0.0899733764239766,1.9000365798969345,0.13735483670497328,0.09026606164954268,0.9348006838719269,0.10647037972045617,True
M1,case_td003_pa050_pp0_3_gamma_010__steady,random,14,1.3792627830726643,0.19564060617392698,0.09308520244805404,1.3792627830726643,0.19564060617392698,0.09308520244805404,0.07789971299839117,0.07789971299839117,True
M1,case_td003_pa050_pp0_3_gamma_010__steady,random,15,3.585011987219684,0.14276291806349647,0.05327004968145043,1.3792627830726643,0.19564060617392698,0.09308520244805404,0.9151048139266746,0.07789971299839117,True
M1,case_td003_pa050_pp0_3_gamma_010__steady,random,16,4.460469013482904,0.09188500238721647,0.0507811144577963,1.3792627830726643,0.19564060617392698,0.09308520244805404,0.8192478339280564,0.07789971299839117,True
M1,case_td003_pa050_pp0_3_gamma_010__steady,random,17,4.0585051939884815,0.11016855927065142,0.060930794700822646,1.3792627830726643,0.19564060617392698,0.09308520244805404,0.8639827620724784,0.07789971299839117,True
M1,case_td003_pa050_pp0_3_gamma_010__steady,random,18,1.2490926841225365,0.0570577764628577,0.09999128235521741,1.3792627830726643,0.19564060617392698,0.09308520244805404,0.4937513658466694,0.07789971299839117,True
M1,case_td003_pa050_pp0_3_gamma_010__steady,random,19,3.6405410453532996,0.13367673355818704,0.05787328863190139,1.3792627830726643,0.19564060617392698,0.09308520244805404,0.8830651566135218,0.07789971299839117,True
M1,case_td003_pa050_pp0_3_gamma_010__steady,random,20,2.113076830374829,0.14741500602316623,0.06627087545514085,1.3792627830726643,0.19564060617392698,0.09308520244805404,0.23868553582090093,0.07789971299839117,True
M1,case_td003_pa050_pp0_3_gamma_010__steady,random,21,1.8987598879420857,0.10260201237695758,0.08575150826097817,1.3792627830726643,0.19564060617392698,0.09308520244805404,0.07954574224488767,0.07789971299839117,True
M1,case_td003_pa050_pp0_3_gamma_010__steady,random,22,1.1867876298278,0.08791172771990505,0.054330042008060186,1.3792627830726643,0.19564060617392698,0.09308520244805404,0.4109687937990774,0.07789971299839117,True
M1,case_td003_pa050_pp0_3_gamma_010__steady,random,23,2.6363734672929637,0.14139279289882498,0.07964924154841972,1.3792627830726643,0.19564060617392698,0.09308520244805404,0.47992742028729973,0.07789971299839117,True
M1,case_td003_pa050_pp0_3_gamma_010__steady,random,24,2.3198094321608598,0.07975031411581623,0.07395671852636251,2.3198094321608598,0.07975031411581623,0.07395671852636251,0.05479646723973834,0.05479646723973834,True
M1,case_td003_pa050_pp0_3_gamma_010__steady,random,25,3.3378202333941305,0.175876344562078,0.07581893006689666,2.3198094321608598,0.07975031411581623,0.07395671852636251,0.9735642530539201,0.05479646723973834,True
M1,case_td003_pa050_pp0_3_gamma_010__steady,random,26,3.886961284801901,0.13787059740683105,0.08397996222372175,2.3198094321608598,0.07975031411581623,0.07395671852636251,1.0096262602183683,0.05479646723973834,True
M1,case_td003_pa050_pp0_3_gamma_010__steady,random,27,2.9894897123888624,0.07566755034077075,0.06702489457001841,2.3198094321608598,0.07975031411581623,0.07395671852636251,0.21743579116003806,0.05479646723973834,True
M1,case_td003_pa050_pp0_3_gamma_010__steady,random,28,4.791073444498643,0.12482293039384285,0.0565675102822699,2.3198094321608598,0.07975031411581623,0.07395671852636251,1.2130849624702664,0.05479646723973834,True
M1,case_td003_pa050_pp0_3_gamma_010__steady,random,29,1.5909988703873919,0.08748061528940002,0.053735557923569044,2.3198094321608598,0.07975031411581623,0.07395671852636251,0.26113198463360193,0.05479646723973834,True
M1,case_td003_pa050_pp0_3_gamma_010__steady,random,30,3.1224575644384265,0.0989949494989028,0.07499082329739014,2.3198094321608598,0.07975031411581623,0.07395671852636251,0.44357348125712415,0.05479646723973834,True
M1,case_td003_pa050_pp0_3_gamma_010__steady,random,31,2.489092091188101,0.13969715423637508,0.05332087508445832,2.3198094321608598,0.07975031411581623,0.07395671852636251,0.39551900771726256,0.05479646723973834,True
M1,case_td003_pa050_pp0_3_gamma_010__steady,random,32,4.4546636619592075,0.08539795765949515,0.06941251992884465,2.3198094321608598,0.07975031411581623,0.07395671852636251,0.7554369256238173,0.05479646723973834,True
M1,case_td003_pa050_pp0_3_gamma_010__steady,random,33,3.9440454267274516,0.06518650578807539,0.09786465368793223,2.3198094321608598,0.07975031411581623,0.07395671852636251,0.4152210084682053,0.05479646723973834,True
M1,case_td003_pa050_pp0_3_gamma_010__steady,random,34,1.3396352570273193,0.09132419845549511,0.08928618145557862,2.3198094321608598,0.07975031411581623,0.07395671852636251,0.33956418491302826,0.05479646723973834,True
M1,case_td003_pa050_pp0_3_gamma_010__steady,random,35,2.0698895106897157,0.12109041476260199,0.051439651441895655,2.3198094321608598,0.07975031411581623,0.07395671852636251,0.11776152681290813,0.05479646723973834,True
M1,case_td003_pa050_pp0_3_gamma_010__steady,random,36,3.052318854188788,0.1986718544461985,0.046255105727877756,2.3198094321608598,0.07975031411581623,0.07395671852636251,0.9108243357015459,0.05479646723973834,True
M1,case_td003_pa050_pp0_3_gamma_010__steady,random,37,1.9113321165139023,0.07140238864828564,0.04738713279519494,2.3198094321608598,0.07975031411581623,0.07395671852636251,0.21865462414868556,0.05479646723973834,True
M1,case_td003_pa050_pp0_3_gamma_010__steady,random,38,3.4966915564243233,0.15011635407955742,0.04267746104662369,2.3198094321608598,0.07975031411581623,0.07395671852636251,0.9164600036325726,0.05479646723973834,True
M1,case_td003_pa050_pp0_3_gamma_010__steady,random,39,4.547259626234599,0.18002709481180057,0.07644221249103464,2.3198094321608598,0.07975031411581623,0.07395671852636251,1.510738427137514,0.05479646723973834,True
M1,case_td003_pa050_pp0_3_gamma_010__steady,random,40,4.230701257050978,0.0709736531636751,0.06437015651550074,2.3198094321608598,0.07975031411581623,0.07395671852636251,0.549177477132074,0.05479646723973834,True
M1,case_td003_pa050_pp0_3_gamma_010__steady,random,41,2.9641261335476425,0.1168923353077875,0.050193390021064294,2.3198094321608598,0.07975031411581623,0.07395671852636251,0.49570078057791533,0.05479646723973834,True
M1,case_td003_pa050_pp0_3_gamma_010__steady,random,42,3.1250653576106253,0.15991643505624464,0.08361458563642485,2.3198094321608598,0.07975031411581623,0.07395671852636251,0.8023640440781663,0.05479646723973834,True
M1,case_td003_pa050_pp0_3_gamma_010__steady,random,43,4.637480442951877,0.05771419549926452,0.08775543343110137,2.3198094321608598,0.07975031411581623,0.07395671852636251,0.506973186418112,0.05479646723973834,True
M1,case_td003_pa050_pp0_3_gamma_010__steady,random,44,4.564478017809993,0.09920781934810083,0.06624047675001232,2.3198094321608598,0.07975031411581623,0.07395671852636251,0.9200844233805108,0.05479646723973834,True
M1,case_td003_pa050_pp0_3_gamma_010__steady,random,45,1.5026101065451973,0.18267348671418915,0.04252875624352079,2.3198094321608598,0.07975031411581623,0.07395671852636251,0.06542558931490673,0.05479646723973834,True
M1,case_td003_pa050_pp0_3_gamma_010__steady,random,46,4.950417164432245,0.06119767158317525,0.08667513549595666,2.3198094321608598,0.07975031411581623,0.07395671852636251,0.6142211242789662,0.05479646723973834,True
M1,case_td003_pa050_pp0_3_gamma_010__steady,random,47,1.8626134674783201,0.07206971777184151,0.058176270671283364,2.3198094321608598,0.07975031411581623,0.07395671852636251,0.23102941295536902,0.05479646723973834,True
M1,case_td003_pa050_pp0_3_gamma_010__steady,random,48,3.2531248334970666,0.12076530848481809,0.06473546946136258,2.3198094321608598,0.07975031411581623,0.07395671852636251,0.6438748789074459,0.05479646723973834,True
M1,case_td003_pa050_pp0_3_gamma_010__steady,random,49,1.8932393005170303,0.13246568309342094,0.06472313114217018,2.3198094321608598,0.07975031411581623,0.07395671852636251,0.08679176899109704,0.05479646723973834,True
M1,case_td003_pa050_pp0_3_gamma_010__steady,random,50,1.2779129902188617,0.16788371072206026,0.04986875241519017,2.3198094321608598,0.07975031411581623,0.07395671852636251,0.172135970905581,0.05479646723973834,True
M1,case_td003_pa050_pp0_3_gamma_010__steady,random,51,3.034009772344037,0.12637124262653177,0.06447903652437185,2.3198094321608598,0.07975031411581623,0.07395671852636251,0.5849370564284715,0.05479646723973834,True
M1,case_td003_pa050_pp0_3_gamma_010__steady,random,52,3.376119262426194,0.07786949898018372,0.08578230405795684,2.3198094321608598,0.07975031411581623,0.07395671852636251,0.3654588234011448,0.05479646723973834,True
M1,case_td003_pa050_pp0_3_gamma_010__steady,random,53,1.6779479931440284,0.1753064286001333,0.08556062999740588,2.3198094321608598,0.07975031411581623,0.07395671852636251,0.10374963338121836,0.05479646723973834,True
M1,case_td003_pa050_pp0_3_gamma_010__steady,random,54,1.3306678920416846,0.1425901267293067,0.06560483424151468,2.3198094321608598,0.07975031411581623,0.07395671852636251,0.19940278389159952,0.05479646723973834,True
M1,case_td003_pa050_pp0_3_gamma_010__steady,random,55,1.9400090105114098,0.1256023488500656,0.059220563322925336,2.3198094321608598,0.07975031411581623,0.07395671852636251,0.08358812410294997,0.05479646723973834,True
M1,case_td003_pa050_pp0_3_gamma_010__steady,random,56,2.0919328889531847,0.11775454207650042,0.07906431587855933,2.3198094321608598,0.07975031411581623,0.07395671852636251,0.11787702049347,0.05479646723973834,True
M1,case_td003_pa050_pp0_3_gamma_010__steady,random,57,1.4835553569050024,0.1040246377908959,0.09521087630717785,2.3198094321608598,0.07975031411581623,0.07395671852636251,0.23761586462474057,0.05479646723973834,True
M1,case_td003_pa050_pp0_3_gamma_010__steady,random,58,3.5297336931382284,0.12784015900844797,0.051401368224428395,2.3198094321608598,0.07975031411581623,0.07395671852636251,0.7999769745672347,0.05479646723973834,True
M1,case_td003_pa050_pp0_3_gamma_010__steady,random,59,4.861573917752146,0.17563794843143815,0.05618391432570253,2.3198094321608598,0.07975031411581623,0.07395671852636251,1.5962025320652033,0.05479646723973834,True
M1,case_td003_pa050_pp0_3_gamma_010__steady,random,60,4.543514338466199,0.12088950172199436,0.05137091009853377,2.3198094321608598,0.07975031411581623,0.07395671852636251,1.1055783148825848,0.05479646723973834,True
M1,case_td003_pa050_pp0_3_gamma_010__steady,random,61,4.839930876328962,0.1066705106709054,0.06561111098945295,2.3198094321608598,0.07975031411581623,0.07395671852636251,1.065549501701865,0.05479646723973834,True
M1,case_td003_pa050_pp0_3_gamma_010__steady,random,62,4.1406068234620825,0.056416420324440136,0.08272774186451815,2.3198094321608598,0.07975031411581623,0.07395671852636251,0.37628419996339324,0.05479646723973834,True
M1,case_td003_pa050_pp0_3_gamma_010__steady,random,63,2.9941863862953713,0.19936667553396054,0.09814446764367919,2.3198094321608598,0.07975031411581623,0.07395671852636251,0.8918059946832341,0.05479646723973834,True
M1,case_td003_pa050_pp0_3_gamma_010__steady,random,64,4.933846832444733,0.16825444174907445,0.0427727556221435,2.3198094321608598,0.07975031411581623,0.07395671852636251,1.5728149389508952,0.05479646723973834,True
M1,case_td003_pa050_pp0_3_gamma_010__steady,random,65,2.918346595264094,0.14467094556240162,0.059479180052070285,2.3198094321608598,0.07975031411581623,0.07395671852636251,0.628341512567554,0.05479646723973834,True
M1,case_td003_pa050_pp0_3_gamma_010__steady,random,66,3.4876967386259863,0.10409092212265075,0.04388699253840565,2.3198094321608598,0.07975031411581623,0.07395671852636251,0.6142043299998314,0.05479646723973834,True
M1,case_td003_pa050_pp0_3_gamma_010__steady,random,67,3.8335940268203483,0.12985505917988407,0.06003511979285773,2.3198094321608598,0.07975031411581623,0.07395671852636251,0.9330627857502618,0.05479646723973834,True
M1,case_td003_pa050_pp0_3_gamma_010__steady,random,68,2.7279814269419274,0.072610385671692,0.08191061899001632,2.3198094321608598,0.07975031411581623,0.07395671852636251,0.11038345484913345,0.05479646723973834,True
M1,case_td003_pa050_pp0_3_gamma_010__steady,random,69,4.0153852608149965,0.06420980881499956,0.05861020849661522,2.3198094321608598,0.07975031411581623,0.07395671852636251,0.4228542819869061,0.05479646723973834,True
M1,case_td003_pa050_pp0_3_gamma_010__steady,random,70,2.4685913650713376,0.14101400415837015,0.07956804511341697,2.3198094321608598,0.07975031411581623,0.07395671852636251,0.395442905801937,0.05479646723973834,True
M1,case_td003_pa050_pp0_3_gamma_010__steady,random,71,4.6601819537757505,0.05779643925151987,0.0413881990435973,2.3198094321608598,0.07975031411581623,0.07395671852636251,0.5095969794229992,0.05479646723973834,True
M1,case_td003_pa050_pp0_3_gamma_010__steady,random,72,1.2231121833440168,0.16827496749144347,0.08340232558366104,2.3198094321608598,0.07975031411581623,0.07395671852636251,0.19404558569681898,0.05479646723973834,True
M1,case_td003_pa050_pp0_3_gamma_010__steady,random,73,2.0673084250238554,0.09316373904498737,0.06981506160503703,2.3198094321608598,0.07975031411581623,0.07395671852636251,0.06365845524042221,0.05479646723973834,True
M1,case_td003_pa050_pp0_3_gamma_010__steady,random,74,4.316274961063893,0.09095473349397887,0.07753441709501753,2.3198094321608598,0.07975031411581623,0.07395671852636251,0.7723474810493096,0.05479646723973834,True
M1,case_td003_pa050_pp0_3_gamma_010__steady,random,75,3.0497175785877366,0.13680237922333516,0.08180611404823136,2.3198094321608598,0.07975031411581623,0.07395671852636251,0.6525247461062033,0.05479646723973834,True
M1,case_td003_pa050_pp0_3_gamma_010__steady,random,76,4.025641605348362,0.185044695932095,0.0742289911186062,2.3198094321608598,0.07975031411581623,0.07395671852636251,1.326158760318167,0.05479646723973834,True
M1,case_td003_pa050_pp0_3_gamma_010__steady,random,77,2.015940584194986,0.15545003761774923,0.0942868779007811,2.3198094321608598,0.07975031411581623,0.07395671852636251,0.21969150919984312,0.05479646723973834,True
M1,case_td003_pa050_pp0_3_gamma_010__steady,random,78,3.7299519965065886,0.06910608271786604,0.051507904321916875,2.3198094321608598,0.07975031411581623,0.07395671852636251,0.3912169210825349,0.05479646723973834,True
M1,case_td003_pa050_pp0_3_gamma_010__steady,random,79,1.8625163551496153,0.07101730477830495,0.08265792193863641,2.3198094321608598,0.07975031411581623,0.07395671852636251,0.2339453636205333,0.05479646723973834,True
M1,case_td003_pa050_pp0_3_gamma_010__steady,random,80,2.7007994672793805,0.18372203964262873,0.09637762190352112,2.3198094321608598,0.07975031411581623,0.07395671852636251,0.6820315086491545,0.05479646723973834,True
M1,case_td003_pa050_pp0_3_gamma_010__steady,random,81,4.902735332051655,0.056904079519527216,0.08417302505882863,2.3198094321608598,0.07975031411581623,0.07395671852636251,0.5556632604062818,0.05479646723973834,True
M1,case_td003_pa050_pp0_3_gamma_010__steady,random,82,3.8106403530931083,0.07326811014347685,0.048611477956604005,2.3198094321608598,0.07975031411581623,0.07395671852636251,0.45397675055739056,0.05479646723973834,True
M1,case_td003_pa050_pp0_3_gamma_010__steady,random,83,4.970192008468853,0.1847568720444675,0.06470201803386721,2.3198094321608598,0.07975031411581623,0.07395671852636251,1.6875539424761596,0.05479646723973834,True
M1,case_td003_pa050_pp0_3_gamma_010__steady,random,84,3.4183250938263274,0.11937045487507579,0.04311764470636486,2.3198094321608598,0.07975031411581623,0.07395671852636251,0.69773106415515,0.05479646723973834,True
M1,case_td003_pa050_pp0_3_gamma_010__steady,random,85,3.333382003292551,0.18573870875824416,0.0976418379045215,2.3198094321608598,0.07975031411581623,0.07395671852636251,1.0144874070250356,0.05479646723973834,True
M1,case_td003_pa050_pp0_3_gamma_010__steady,random,86,4.960588151071592,0.07242895613250962,0.04228976442622479,2.3198094321608598,0.07975031411581623,0.07395671852636251,0.7390154781022035,0.05479646723973834,True
M1,case_td003_pa050_pp0_3_gamma_010__steady,random,87,3.328052098087167,0.16560053441530825,0.08070074867274012,2.3198094321608598,0.07975031411581623,0.07395671852636251,0.9241976923091629,0.05479646723973834,True
M1,case_td003_pa050_pp0_3_gamma_010__steady,random,88,3.2674310043039196,0.09954805570911257,0.043181764530761696,2.3198094321608598,0.07975031411581623,0.07395671852636251,0.49805651026756903,0.05479646723973834,True
M1,case_td003_pa050_pp0_3_gamma_010__steady,random,89,4.003234435297362,0.12321926547500284,0.09318578292853184,2.3198094321608598,0.07975031411581623,0.07395671852636251,0.9499247880818048,0.05479646723973834,True
M1,case_td003_pa050_pp0_3_gamma_010__steady,random,90,1.5037923153153425,0.14141112806758244,0.07237374465545338,2.3198094321608598,0.07975031411581623,0.07395671852636251,0.12229014841612736,0.05479646723973834,True
M1,case_td003_pa050_pp0_3_gamma_010__steady,random,91,1.2766353145448925,0.19596573256912797,0.0603733465926973,2.3198094321608598,0.07975031411581623,0.07395671852636251,0.11917430935678065,0.05479646723973834,True
M1,case_td003_pa050_pp0_3_gamma_010__steady,random,92,3.2247885930476814,0.1645220529858228,0.08538418978523153,2.3198094321608598,0.07975031411581623,0.07395671852636251,0.871071803334154,0.05479646723973834,True
M1,case_td003_pa050_pp0_3_gamma_010__steady,random,93,3.0850583575370747,0.1046690005863077,0.08222438254026826,2.3198094321608598,0.07975031411581623,0.07395671852636251,0.4699824398272123,0.05479646723973834,True
M1,case_td003_pa050_pp0_3_gamma_010__steady,random,94,3.1731309498433067,0.15063394675813171,0.046354620395218454,2.3198094321608598,0.07975031411581623,0.07395671852636251,0.7745201686626118,0.05479646723973834,True
M1,case_td003_pa050_pp0_3_gamma_010__steady,random,95,2.512981117193678,0.16558242838628717,0.06159022178648177,2.3198094321608598,0.07975031411581623,0.07395671852636251,0.5125102910798743,0.05479646723973834,True
M1,case_td003_pa050_pp0_3_gamma_010__steady,random,96,4.46442268182944,0.17186706695581655,0.05787244334427777,2.3198094321608598,0.07975031411581623,0.07395671852636251,1.4319922362551796,0.05479646723973834,True
M1,case_td003_pa050_pp0_3_gamma_010__steady,random,97,1.8621253908184068,0.16833093342563632,0.04377766190361975,2.3198094321608598,0.07975031411581623,0.07395671852636251,0.16966974295520637,0.05479646723973834,True
M1,case_td003_pa050_pp0_3_gamma_010__steady,random,98,3.6539621748053728,0.16294987578087955,0.0944171964218617,2.3198094321608598,0.07975031411581623,0.07395671852636251,1.060094058122365,0.05479646723973834,True
M1,case_td003_pa050_pp0_3_gamma_010__steady,random,99,2.4765962094963494,0.18210887840721574,0.06676099033742175,2.3198094321608598,0.07975031411581623,0.07395671852636251,0.550659834320106,0.05479646723973834,True
M1,case_td003_pa050_pp0_3_gamma_010__steady,random,100,3.717682277837756,0.12568467702731417,0.047723106816310444,2.3198094321608598,0.07975031411581623,0.07395671852636251,0.8583017128150126,0.05479646723973834,True
M2,case_td016_pp0_1_gamma_007__steady,cmaes,1,3.0,0.125,0.07,3.0,0.125,0.07,1.7278961645927335,1.7278961645927335,True
M2,case_td016_pp0_1_gamma_007__steady,cmaes,2,2.952377638231467,0.1379881607004041,0.05643110950204995,3.0,0.125,0.07,1.8127460234338766,1.7278961645927335,True
M2,case_td016_pp0_1_gamma_007__steady,cmaes,3,2.828704899870286,0.10072212483785926,0.08289266505455867,2.828704899870286,0.10072212483785926,0.08289266505455867,1.3360699458614265,1.3360699458614265,True
M2,case_td016_pp0_1_gamma_007__steady,cmaes,4,4.647774487105887,0.1383378000021553,0.043280846041267036,2.828704899870286,0.10072212483785926,0.08289266505455867,2.9743156550730654,1.3360699458614265,True
M2,case_td016_pp0_1_gamma_007__steady,cmaes,5,2.5666024324253756,0.11613554134179309,0.06909788023495814,2.5666024324253756,0.11613554134179309,0.06909788023495814,1.3004648772147331,1.3004648772147331,True
M2,case_td016_pp0_1_gamma_007__steady,cmaes,6,3.9542355376115337,0.10371267398048528,0.061105807012278496,2.5666024324253756,0.11613554134179309,0.06909788023495814,2.099105656854501,1.3004648772147331,True
M2,case_td016_pp0_1_gamma_007__steady,cmaes,7,4.112534295348555,0.1477826535873767,0.09307126040317734,2.5666024324253756,0.11613554134179309,0.06909788023495814,2.7749097990620877,1.3004648772147331,True
M2,case_td016_pp0_1_gamma_007__steady,cmaes,8,2.901093223869884,0.08783219355175235,0.04495687299632324,2.901093223869884,0.08783219355175235,0.04495687299632324,1.2193467962961098,1.2193467962961098,True
M2,case_td016_pp0_1_gamma_007__steady,cmaes,9,2.3795788420822133,0.09678071421895101,0.06129879994475396,2.3795788420822133,0.09678071421895101,0.06129879994475396,0.9632733638257763,0.9632733638257763,True
M2,case_td016_pp0_1_gamma_007__steady,cmaes,10,2.2387472079247575,0.11370451182252585,0.08433431077383047,2.3795788420822133,0.09678071421895101,0.06129879994475396,1.0189775156940144,0.9632733638257763,True
M2,case_td016_pp0_1_gamma_007__steady,cmaes,11,2.627348207084254,0.11307902432852475,0.0626058889154251,2.3795788420822133,0.09678071421895101,0.06129879994475396,1.3165616160355833,0.9632733638257763,True
M2,case_td016_pp0_1_gamma_007__steady,cmaes,12,1.8983523058036789,0.08734783564206039,0.043120447377514616,1.8983523058036789,0.08734783564206039,0.043120447377514616,0.5219806271563668,0.5219806271563668,True
M2,case_td016_pp0_1_gamma_007__steady,cmaes,13,2.993385725384944,0.07533366255805328,0.07343242313036899,1.8983523058036789,0.08734783564206039,0.043120447377514616,1.1164856163501078,0.5219806271563668,True
M2,case_td016_pp0_1_gamma_007__steady,cmaes,14,2.6329385482156855,0.08062937593429394,0.07427106377957965,1.8983523058036789,0.08734783564206039,0.043120447377514616,0.9599911774584835,0.5219806271563668,True
M2,case_td016_pp0_1_gamma_007__steady,cmaes,15,1.5655019053144792,0.06454427907639931,0.07047519618583058,1.5655019053144792,0.06454427907639931,0.07047519618583058,0.1262895325049897,0.1262895325049897,True
M2,case_td016_pp0_1_gamma_007__steady,cmaes,16,4.924010623387971,0.12464631342728118,0.05245875529011802,1.5655019053144792,0.06454427907639931,0.07047519618583058,2.9269068764461887,0.1262895325049897,True
M2,case_td016_pp0_1_gamma_007__steady,cmaes,17,2.032934100033569,0.060179509980635565,0.05431654703089128,1.5655019053144792,0.06454427907639931,0.07047519618583058,0.3516164456364469,0.1262895325049897,True
M2,case_td016_pp0_1_gamma_007__steady,cmaes,18,2.6410933555661056,0.1410506733655097,0.06233172353679713,1.5655019053144792,0.06454427907639931,0.07047519618583058,1.5807528089172056,0.1262895325049897,True
M2,case_td016_pp0_1_gamma_007__steady,cmaes,19,1.9590366486913433,0.14194281200725312,0.09243535443181641,1.5655019053144792,0.06454427907639931,0.07047519618583058,0.98947921856743,0.1262895325049897,True
M2,case_td016_pp0_1_gamma_007__steady,cmaes,20,1.1363932719190797,0.06332637897645439,0.08171338441780444,1.5655019053144792,0.06454427907639931,0.07047519618583058,0.13451256501771522,0.1262895325049897,True
M2,case_td016_pp0_1_gamma_007__steady,cmaes,21,2.3200293107420036,0.09341665452843803,0.07891471932281985,1.5655019053144792,0.06454427907639931,0.07047519618583058,0.8889073402347619,0.1262895325049897,True
M2,case_td016_pp0_1_gamma_007__steady,cmaes,22,3.74831737218193,0.18106732263034736,0.045908723778231575,1.5655019053144792,0.06454427907639931,0.07047519618583058,2.8161154448210874,0.1262895325049897,True
M2,case_td016_pp0_1_gamma_007__steady,cmaes,23,1.3740517006573372,0.07793754363278013,0.056055940188389955,1.3740517006573372,0.07793754363278013,0.056055940188389955,0.10852981087922113,0.10852981087922113,True
M2,case_td016_pp0_1_gamma_007__steady,cmaes,24,1.8800486404743755,0.09215405664795824,0.04360062597839532,1.3740517006573372,0.07793754363278013,0.056055940188389955,0.5502595649460201,0.10852981087922113,True
M2,case_td016_pp0_1_gamma_007__steady,cmaes,25,2.40173493107468,0.0775639785794148,0.050614414375724906,1.3740517006573372,0.07793754363278013,0.056055940188389955,0.7675417622707569,0.10852981087922113,True
M2,case_td016_pp0_1_gamma_007__steady,cmaes,26,3.4184808476768893,0.08970585382269675,0.08107793825669132,1.3740517006573372,0.07793754363278013,0.056055940188389955,1.5795453595362667,0.10852981087922113,True
M2,case_td016_pp0_1_gamma_007__steady,cmaes,27,1.3491513344199175,0.06975775374651201,0.05649246828576952,1.3491513344199175,0.06975775374651201,0.05649246828576952,0.051448220751216106,0.051448220751216106,True
M2,case_td016_pp0_1_gamma_007__steady,cmaes,28,1.5425783516724452,0.10112819179903026,0.049239634012948286,1.3491513344199175,0.06975775374651201,0.05649246828576952,0.3726379916275837,0.051448220751216106,True
M2,case_td016_pp0_1_gamma_007__steady,cmaes,29,3.2631726800080894,0.10931895543990708,0.07156672499691313,1.3491513344199175,0.06975775374651201,0.05649246828576952,1.742316450397638,0.051448220751216106,True
M2,case_td016_pp0_1_gamma_007__steady,cmaes,30,1.9089551834038576,0.1144532801099704,0.05622301261132889,1.3491513344199175,0.06975775374651201,0.05649246828576952,0.7523071693375599,0.051448220751216106,True
M2,case_td016_pp0_1_gamma_007__steady,cmaes,31,1.1114243713430478,0.14136241042175948,0.07959362550780377,1.3491513344199175,0.06975775374651201,0.05649246828576952,0.25167899027400087,0.051448220751216106,True
M2,case_td016_pp0_1_gamma_007__steady,cmaes,32,2.066513683879386,0.06589002300279956,0.06958119883282393,1.3491513344199175,0.06975775374651201,0.05649246828576952,0.43318844986912897,0.051448220751216106,True
M2,case_td016_pp0_1_gamma_007__steady,cmaes,33,1.0482425525525578,0.08911218722508507,0.06677707377483788,1.3491513344199175,0.06975775374651201,0.05649246828576952,0.05612895314791665,0.051448220751216106,True
M2,case_td016_pp0_1_gamma_007__steady,cmaes,34,1.6967579767174004,0.07177755852403148,0.06467607663121357,1.3491513344199175,0.06975775374651201,0.05649246828576952,0.2602953463945081,0.051448220751216106,True
M2,case_td016_pp0_1_gamma_007__steady,cmaes,35,2.611178100828498,0.09797855610630457,0.06969056157250537,1.3491513344199175,0.06975775374651201,0.05649246828576952,1.1467029118660528,0.051448220751216106,True
M2,case_td016_pp0_1_gamma_007__steady,cmaes,36,1.9317936119409138,0.09221428175003368,0.07440189812068537,1.3491513344199175,0.06975775374651201,0.05649246828576952,0.5949809550244618,0.051448220751216106,True
M2,case_td016_pp0_1_gamma_007__steady,cmaes,37,1.2183819794147581,0.10156088876825364,0.07186974578685064,1.3491513344199175,0.06975775374651201,0.05649246828576952,0.1495809408699454,0.051448220751216106,True
M2,case_td016_pp0_1_gamma_007__steady,cmaes,38,1.35178220101547,0.08141945194966159,0.09485804688762928,1.3491513344199175,0.06975775374651201,0.05649246828576952,0.12288027836284826,0.051448220751216106,True
M2,case_td016_pp0_1_gamma_007__steady,cmaes,39,2.489806030129583,0.11985526298138154,0.053397721795517925,1.3491513344199175,0.06975775374651201,0.05649246828576952,1.2698081723994648,0.051448220751216106,True
M2,case_td016_pp0_1_gamma_007__steady,cmaes,40,1.7848415488594946,0.06789480277703364,0.05955948234103792,1.3491513344199175,0.06975775374651201,0.05649246828576952,0.2797401540623122,0.051448220751216106,True
M2,case_td016_pp0_1_gamma_007__steady,cmaes,41,2.3996348564626624,0.13950411177026084,0.06061898098265619,1.3491513344199175,0.06975775374651201,0.05649246828576952,1.3588631237937807,0.051448220751216106,True
M2,case_td016_pp0_1_gamma_007__steady,cmaes,42,1.5823480169632238,0.08563423050731023,0.08297865346188227,1.3491513344199175,0.06975775374651201,0.05649246828576952,0.298503661146431,0.051448220751216106,True
M2,case_td016_pp0_1_gamma_007__steady,cmaes,43,1.5320751949581222,0.1274867825824606,0.08839219079421978,1.3491513344199175,0.06975775374651201,0.05649246828576952,0.5318374168698488,0.051448220751216106,True
M2,case_td016_pp0_1_gamma_007__steady,cmaes,44,1.501670937024853,0.12484617399872656,0.07239851735665925,1.3491513344199175,0.06975775374651201,0.05649246828576952,0.48944377359905655,0.051448220751216106,True
M2,case_td016_pp0_1_gamma_007__steady,cmaes,45,1.0409295263322433,0.1482085688680905,0.08366935427499886,1.3491513344199175,0.06975775374651201,0.05649246828576952,0.22247397799416488,0.051448220751216106,True
M2,case_td016_pp0_1_gamma_007__steady,cmaes,46,1.2655065092589646,0.0843335141729839,0.061870866609685035,1.3491513344199175,0.06975775374651201,0.05649246828576952,0.08512110607120225,0.051448220751216106,True
M2,case_td016_pp0_1_gamma_007__steady,cmaes,47,1.7307156973207307,0.09195879733130122,0.08906620951833191,1.3491513344199175,0.06975775374651201,0.05649246828576952,0.45051621934734104,0.051448220751216106,True
M2,case_td016_pp0_1_gamma_007__steady,cmaes,48,2.4359640085354424,0.09263594920992502,0.08571988085613391,1.3491513344199175,0.06975775374651201,0.05649246828576952,0.9650647822809093,0.051448220751216106,True
M2,case_td016_pp0_1_gamma_007__steady,cmaes,49,1.6697108105756278,0.0778342037904607,0.08037543845246983,1.3491513344199175,0.06975775374651201,0.05649246828576952,0.2955274324823411,0.051448220751216106,True
M2,case_td016_pp0_1_gamma_007__steady,cmaes,50,1.8645075248490632,0.07636924601227185,0.07231351562102054,1.3491513344199175,0.06975775374651201,0.05649246828576952,0.40800917856379976,0.051448220751216106,True
M2,case_td016_pp0_1_gamma_007__steady,cmaes,51,2.05000478342995,0.07935053677380263,0.07764382895508098,1.3491513344199175,0.06975775374651201,0.05649246828576952,0.5593467015316542,0.051448220751216106,True
M2,case_td016_pp0_1_gamma_007__steady,cmaes,52,1.2537706291563562,0.08830236158382056,0.06880425184733252,1.3491513344199175,0.06975775374651201,0.05649246828576952,0.10080482004286753,0.051448220751216106,True
M2,case_td016_pp0_1_gamma_007__steady,cmaes,53,2.2178296761039222,0.17761813202901922,0.08176389631153345,1.3491513344199175,0.06975775374651201,0.05649246828576952,1.4403220734356015,0.051448220751216106,True
M2,case_td016_pp0_1_gamma_007__steady,cmaes,54,1.2049766444407075,0.1387851197748333,0.07888558715088467,1.3491513344199175,0.06975775374651201,0.05649246828576952,0.3159036679348067,0.051448220751216106,True
M2,case_td016_pp0_1_gamma_007__steady,cmaes,55,2.4978538854091448,0.14134713860996836,0.07118674349688794,1.3491513344199175,0.06975775374651201,0.05649246828576952,1.4612906307148883,0.051448220751216106,True
M2,case_td016_pp0_1_gamma_007__steady,cmaes,56,1.6821535349311272,0.12874539067134286,0.0919076922078158,1.3491513344199175,0.06975775374651201,0.05649246828576952,0.6658313278917319,0.051448220751216106,True
M2,case_td016_pp0_1_gamma_007__steady,cmaes,57,2.2281890984803496,0.08465869424533505,0.07806538764636842,1.3491513344199175,0.06975775374651201,0.05649246828576952,0.733844285412973,0.051448220751216106,True
M2,case_td016_pp0_1_gamma_007__steady,cmaes,58,1.9246404981258345,0.05191594411806254,0.06663208275078694,1.3491513344199175,0.06975775374651201,0.05649246828576952,0.21154451928630646,0.051448220751216106,True
M2,case_td016_pp0_1_gamma_007__steady,cmaes,59,1.4849121579617253,0.07617203308975501,0.08648320809898555,1.3491513344199175,0.06975775374651201,0.05649246828576952,0.16744731831851795,0.051448220751216106,True
M2,case_td016_pp0_1_gamma_007__steady,cmaes,60,1.924786491457009,0.08839122495727775,0.07812670935033272,1.3491513344199175,0.06975775374651201,0.05649246828576952,0.5572423277894671,0.051448220751216106,True
M2,case_td016_pp0_1_gamma_007__steady,cmaes,61,1.1677995242536863,0.060566733821190745,0.07999888754930075,1.3491513344199175,0.06975775374651201,0.05649246828576952,0.13539521240865354,0.051448220751216106,True
M2,case_td016_pp0_1_gamma_007__steady,cmaes,62,1.2515132725180114,0.08954605936723006,0.06674947369750198,1.3491513344199175,0.06975775374651201,0.05649246828576952,0.10589457853802359,0.051448220751216106,True
M2,case_td016_pp0_1_gamma_007__steady,cmaes,63,1.605572330113533,0.07952112506995863,0.08557207397821381,1.3491513344199175,0.06975775374651201,0.05649246828576952,0.2681507850659402,0.051448220751216106,True
M2,case_td016_pp0_1_gamma_007__steady,cmaes,64,1.1504499713079894,0.11734774014415914,0.06936513378962669,1.3491513344199175,0.06975775374651201,0.05649246828576952,0.17854300831861755,0.051448220751216106,True
M2,case_td016_pp0_1_gamma_007__steady,cmaes,65,1.0828344937062595,0.0863923266396919,0.05628651378247462,1.3491513344199175,0.06975775374651201,0.05649246828576952,0.052566330617646255,0.051448220751216106,True
M2,case_td016_pp0_1_gamma_007__steady,cmaes,66,1.1706331068111726,0.08517683716968569,0.09252377550232013,1.1706331068111726,0.08517683716968569,0.09252377550232013,0.04863621234318223,0.04863621234318223,True
M2,case_td016_pp0_1_gamma_007__steady,cmaes,67,1.082238021214594,0.06486200599290845,0.06180032836289008,1.1706331068111726,0.08517683716968569,0.09252377550232013,0.15599431159959926,0.04863621234318223,True
M2,case_td016_pp0_1_gamma_007__steady,cmaes,68,1.8930161891903996,0.08518323177084348,0.06601965920689297,1.1706331068111726,0.08517683716968569,0.09252377550232013,0.5045584821191733,0.04863621234318223,True
M2,case_td016_pp0_1_gamma_007__steady,cmaes,69,2.1539952257766943,0.0555083878969425,0.06310227233710372,1.1706331068111726,0.08517683716968569,0.09252377550232013,0.3726150660114282,0.04863621234318223,True
M2,case_td016_pp0_1_gamma_007__steady,cmaes,70,1.0931019161384354,0.10753370761279152,0.08171240443608092,1.1706331068111726,0.08517683716968569,0.09252377550232013,0.09797922425223356,0.04863621234318223,True
M2,case_td016_pp0_1_gamma_007__steady,cmaes,71,2.206089135541492,0.056308938628258955,0.06629379630718867,1.1706331068111726,0.08517683716968569,0.09252377550232013,0.4111060611459968,0.04863621234318223,True
M2,case_td016_pp0_1_gamma_007__steady,cmaes,72,1.3297353033480699,0.07318295602187343,0.07294127882673057,1.1706331068111726,0.08517683716968569,0.09252377550232013,0.06065757398934199,0.04863621234318223,True
M2,case_td016_pp0_1_gamma_007__steady,cmaes,73,1.6955288816252296,0.07603228303074366,0.06307463083894119,1.1706331068111726,0.08517683716968569,0.09252377550232013,0.29443894072621735,0.04863621234318223,True
M2,case_td016_pp0_1_gamma_007__steady,cmaes,74,1.5089440138225327,0.11448890499101529,0.08045126427978637,1.1706331068111726,0.08517683716968569,0.09252377550232013,0.4370850292378989,0.04863621234318223,True
M2,case_td016_pp0_1_gamma_007__steady,cmaes,75,1.1693791408155418,0.07445065560433436,0.07274346453373151,1.1706331068111726,0.08517683716968569,0.09252377550232013,0.060567592469735226,0.04863621234318223,True
M2,case_td016_pp0_1_gamma_007__steady,cmaes,76,1.0064528019225252,0.1028110882588971,0.07434847152904203,1.0064528019225252,0.1028110882588971,0.07434847152904203,0.04502665160109694,0.04502665160109694,True
M2,case_td016_pp0_1_gamma_007__steady,cmaes,77,1.2799975221888944,0.07064796355404858,0.07141466339862136,1.2799975221888944,0.07064796355404858,0.07141466339862136,0.04248456516474752,0.04248456516474752,True
M2,case_td016_pp0_1_gamma_007__steady,cmaes,78,1.4334352283905936,0.09871957982431015,0.08983499426782743,1.2799975221888944,0.07064796355404858,0.07141466339862136,0.2854759677047102,0.04248456516474752,True
M2,case_td016_pp0_1_gamma_007__steady,cmaes,79,1.4496774219981354,0.0799467459231068,0.06338098874749176,1.2799975221888944,0.07064796355404858,0.07141466339862136,0.16846874385940777,0.04248456516474752,True
M2,case_td016_pp0_1_gamma_007__steady,cmaes,80,1.2656743028678235,0.0608444995044749,0.07748545261664716,1.2799975221888944,0.07064796355404858,0.07141466339862136,0.08665795804214238,0.04248456516474752,True
M2,case_td016_pp0_1_gamma_007__steady,cmaes,81,1.1625676687140585,0.07893476241701196,0.07346931169024913,1.2799975221888944,0.07064796355404858,0.07141466339862136,0.0472046991461641,0.04248456516474752,True
M2,case_td016_pp0_1_gamma_007__steady,cmaes,82,1.2455810063297084,0.09223492566863484,0.06501202770040464,1.2799975221888944,0.07064796355404858,0.07141466339862136,0.11657888534037016,0.04248456516474752,True
M2,case_td016_pp0_1_gamma_007__steady,cmaes,83,1.5754306264939475,0.06809297773198389,0.07165881610662835,1.2799975221888944,0.07064796355404858,0.07141466339862136,0.15915041008176778,0.04248456516474752,True
M2,case_td016_pp0_1_gamma_007__steady,cmaes,84,1.284240916978939,0.06406493831402639,0.0656785641132594,1.2799975221888944,0.07064796355404858,0.07141466339862136,0.06241059716070682,0.04248456516474752,True
M2,case_td016_pp0_1_gamma_007__steady,cmaes,85,1.3633591257525737,0.08373550874663813,0.07572382411613786,1.2799975221888944,0.07064796355404858,0.07141466339862136,0.14172792967761036,0.04248456516474752,True
M2,case_td016_pp0_1_gamma_007__steady,cmaes,86,1.1817517744807944,0.06628468418308393,0.06537242437534835,1.2799975221888944,0.07064796355404858,0.07141466339862136,0.0972883329051103,0.04248456516474752,True
M2,case_td016_pp0_1_gamma_007__steady,cmaes,87,1.448039389381274,0.07551834974073184,0.06425090058384697,1.2799975221888944,0.07064796355404858,0.07141466339862136,0.13727195343360254,0.04248456516474752,True
M2,case_td016_pp0_1_gamma_007__steady,cmaes,88,1.268924383876069,0.06480298340172025,0.07294940825213359,1.2799975221888944,0.07064796355404858,0.07141466339862136,0.06401519340687671,0.04248456516474752,True
M2,case_td016_pp0_1_gamma_007__steady,cmaes,89,1.1110766413138315,0.10938029986410065,0.08952891642238114,1.2799975221888944,0.07064796355404858,0.07141466339862136,0.11857811223287176,0.04248456516474752,True
M2,case_td016_pp0_1_gamma_007__steady,cmaes,90,1.0517572867005462,0.08342289393074553,0.08553348169324075,1.2799975221888944,0.07064796355404858,0.07141466339862136,0.07397007442564744,0.04248456516474752,True
M2,case_td016_pp0_1_gamma_007__steady,cmaes,91,1.036755166816798,0.10767292554015409,0.07381840400574935,1.2799975221888944,0.07064796355404858,0.07141466339862136,0.06548135008572653,0.04248456516474752,True
M2,case_td016_pp0_1_gamma_007__steady,cmaes,92,1.197226222515206,0.06650155185142625,0.07857476416989673,1.2799975221888944,0.07064796355404858,0.07141466339862136,0.08662391649845748,0.04248456516474752,True
M2,case_td016_pp0_1_gamma_007__steady,cmaes,93,1.2301470318086303,0.061764099012847684,0.07693009578606999,1.2799975221888944,0.07064796355404858,0.07141466339862136,0.09813381388272635,0.04248456516474752,True
M2,case_td016_pp0_1_gamma_007__steady,cmaes,94,1.2968682370880105,0.07385427921215093,0.07158144267287123,1.2799975221888944,0.07064796355404858,0.07141466339862136,0.05077978310678193,0.04248456516474752,True
M2,case_td016_pp0_1_gamma_007__steady,cmaes,95,1.0775884180174085,0.051076216730491,0.06914454888329762,1.2799975221888944,0.07064796355404858,0.07141466339862136,0.23688349425238722,0.04248456516474752,True
M2,case_td016_pp0_1_gamma_007__steady,cmaes,96,1.1954288048043265,0.0997798406347257,0.059066162908111786,1.2799975221888944,0.07064796355404858,0.07141466339862136,0.12333739520933987,0.04248456516474752,True
M2,case_td016_pp0_1_gamma_007__steady,cmaes,97,1.0879316728016866,0.08748669107148777,0.0678728314977593,1.2799975221888944,0.07064796355404858,0.07141466339862136,0.04722295922655136,0.04248456516474752,True
M2,case_td016_pp0_1_gamma_007__steady,cmaes,98,1.1944536394387852,0.08880510140506961,0.07580658998637799,1.2799975221888944,0.07064796355404858,0.07141466339862136,0.07116847399457242,0.04248456516474752,True
M2,case_td016_pp0_1_gamma_007__steady,cmaes,99,1.2169530388602579,0.08594425623173019,0.07024549607732068,1.2799975221888944,0.07064796355404858,0.07141466339862136,0.06867471533450449,0.04248456516474752,True
M2,case_td016_pp0_1_gamma_007__steady,cmaes,100,1.1713460623454317,0.08160916652255537,0.072051931566691,1.2799975221888944,0.07064796355404858,0.07141466339862136,0.04258398174484331,0.04248456516474752,True
M2,case_td016_pp0_1_gamma_007__steady,tpe,1,3.0,0.125,0.07,3.0,0.125,0.07,1.7278961645927335,1.7278961645927335,True
M2,case_td016_pp0_1_gamma_007__steady,tpe,2,3.521635756509514,0.1710554285855088,0.07681783094745753,3.0,0.125,0.07,2.5648558659830982,1.7278961645927335,True
M2,case_td016_pp0_1_gamma_007__steady,tpe,3,3.6387704942886097,0.18402117793521588,0.04337665815834715,3.0,0.125,0.07,2.750748443344764,1.7278961645927335,True
M2,case_td016_pp0_1_gamma_007__steady,tpe,4,3.0581857447315373,0.14311417038198104,0.08226311609660895,3.0,0.125,0.07,1.9508770021366568,1.7278961645927335,True
M2,case_td016_pp0_1_gamma_007__steady,tpe,5,2.0350745721342554,0.19845069914742808,0.08959093954107587,2.0350745721342554,0.19845069914742808,0.08959093954107587,1.3682050064031028,1.3682050064031028,True
M2,case_td016_pp0_1_gamma_007__steady,tpe,6,2.3239605161371872,0.11302027450625081,0.08696485167949544,2.3239605161371872,0.11302027450625081,0.08696485167949544,1.0815915000338296,1.0815915000338296,True
M2,case_td016_pp0_1_gamma_007__steady,tpe,7,2.954116746000916,0.07844710798934793,0.08497311919482561,2.3239605161371872,0.11302027450625081,0.08696485167949544,1.137033570446386,1.0815915000338296,True
M2,case_td016_pp0_1_gamma_007__steady,tpe,8,3.6709300938906404,0.13184225450385811,0.06148982994865629,2.3239605161371872,0.11302027450625081,0.08696485167949544,2.2915787570079735,1.0815915000338296,True
M2,case_td016_pp0_1_gamma_007__steady,tpe,9,2.802739786318662,0.059357331741392655,0.06258916924050839,2.802739786318662,0.059357331741392655,0.06258916924050839,0.7819972539568237,0.7819972539568237,True
M2,case_td016_pp0_1_gamma_007__steady,tpe,10,4.304639328190438,0.11626497977908695,0.04648818803350748,2.802739786318662,0.059357331741392655,0.06258916924050839,2.4781179043566675,0.7819972539568237,True
M2,case_td016_pp0_1_gamma_007__steady,tpe,11,3.226125221421625,0.10280601431473094,0.09851111656646444,2.802739786318662,0.059357331741392655,0.06258916924050839,1.6372733274181597,0.7819972539568237,True
M2,case_td016_pp0_1_gamma_007__steady,tpe,12,2.4083740958365394,0.18618031544866015,0.07512636993013003,2.802739786318662,0.059357331741392655,0.06258916924050839,1.6718781213185914,0.7819972539568237,True
M2,case_td016_pp0_1_gamma_007__steady,tpe,13,2.6474510920867695,0.0894592205557804,0.0749135697974976,2.802739786318662,0.059357331741392655,0.06258916924050839,1.0759155273382164,0.7819972539568237,True
M2,case_td016_pp0_1_gamma_007__steady,tpe,14,3.3715908600211306,0.09053120927278266,0.0833486291940534,2.802739786318662,0.059357331741392655,0.06258916924050839,1.5631378131870388,0.7819972539568237,True
M2,case_td016_pp0_1_gamma_007__steady,tpe,15,1.3735998527605182,0.11582958471483737,0.06654127321696066,1.3735998527605182,0.11582958471483737,0.06654127321696066,0.33713914722543786,0.33713914722543786,True
M2,case_td016_pp0_1_gamma_007__steady,tpe,16,1.2120159272246473,0.11295103487515105,0.06143597431010543,1.2120159272246473,0.11295103487515105,0.06143597431010543,0.20079101957657708,0.20079101957657708,True
M2,case_td016_pp0_1_gamma_007__steady,tpe,17,1.3225927379277826,0.1156830246283452,0.05165847581177118,1.2120159272246473,0.11295103487515105,0.06143597431010543,0.29459866316553657,0.20079101957657708,True
M2,case_td016_pp0_1_gamma_007__steady,tpe,18,1.4020125247530766,0.1138634285600128,0.04285342120240514,1.2120159272246473,0.11295103487515105,0.06143597431010543,0.3433073745093639,0.20079101957657708,True
M2,case_td016_pp0_1_gamma_007__steady,tpe,19,1.3710809417657004,0.07283726737239071,0.058209214220502264,1.3710809417657004,0.07283726737239071,0.058209214220502264,0.07635497704107627,0.07635497704107627,True
M2,case_td016_pp0_1_gamma_007__steady,tpe,20,1.2564943243772737,0.07223493792007159,0.06913233904142271,1.2564943243772737,0.07223493792007159,0.06913233904142271,0.042925566539968686,0.042925566539968686,True
M2,case_td016_pp0_1_gamma_007__steady,tpe,21,1.3488127333049589,0.05677080399661595,0.06541792900341653,1.2564943243772737,0.07223493792007159,0.06913233904142271,0.07531970496693197,0.042925566539968686,True
M2,case_td016_pp0_1_gamma_007__steady,tpe,22,1.0047081972545353,0.060037238656902935,0.06729287364075676,1.2564943243772737,0.07223493792007159,0.06913233904142271,0.22038318850925293,0.042925566539968686,True
M2,case_td016_pp0_1_gamma_007__steady,tpe,23,1.9272965304158693,0.05679454053456504,0.08105175163489518,1.2564943243772737,0.07223493792007159,0.06913233904142271,0.2628047156600961,0.042925566539968686,True
M2,case_td016_pp0_1_gamma_007__steady,tpe,24,2.0150959045788364,0.08614904646065476,0.056866309077744925,1.2564943243772737,0.07223493792007159,0.06913233904142271,0.5961992296985386,0.042925566539968686,True
M2,case_td016_pp0_1_gamma_007__steady,tpe,25,4.682658668526202,0.1564801481047037,0.0994030650244949,1.2564943243772737,0.07223493792007159,0.06913233904142271,3.228087460847772,0.042925566539968686,True
M2,case_td016_pp0_1_gamma_007__steady,tpe,26,1.4554832527183965,0.05733828955361786,0.041289070788779234,1.2564943243772737,0.07223493792007159,0.06913233904142271,0.04443609457517367,0.042925566539968686,True
M2,case_td016_pp0_1_gamma_007__steady,tpe,27,1.2709007360084457,0.05743430759060177,0.04526964627477155,1.2564943243772737,0.07223493792007159,0.06913233904142271,0.11005089127420582,0.042925566539968686,True
M2,case_td016_pp0_1_gamma_007__steady,tpe,28,2.017982080004793,0.06985526507038278,0.040343239251579746,1.2564943243772737,0.07223493792007159,0.06913233904142271,0.4370294616533446,0.042925566539968686,True
M2,case_td016_pp0_1_gamma_007__steady,tpe,29,1.9644991503841083,0.05405930394006383,0.062259467014370726,1.2564943243772737,0.07223493792007159,0.06913233904142271,0.2531268233004116,0.042925566539968686,True
M2,case_td016_pp0_1_gamma_007__steady,tpe,30,3.3392938552599514,0.051979185810980114,0.04557828525275816,1.2564943243772737,0.07223493792007159,0.06913233904142271,0.9461479560827077,0.042925566539968686,True
M2,case_td016_pp0_1_gamma_007__steady,tpe,31,2.0788459996810382,0.197179630086647,0.055752979066881106,1.2564943243772737,0.07223493792007159,0.06913233904142271,1.3998859681374818,0.042925566539968686,True
M2,case_td016_pp0_1_gamma_007__steady,tpe,32,1.37287526172699,0.09211077951170721,0.07271170012550085,1.2564943243772737,0.07223493792007159,0.06913233904142271,0.19974082303470683,0.042925566539968686,True
M2,case_td016_pp0_1_gamma_007__steady,tpe,33,1.2726591588884946,0.053694777388207514,0.0553155689636754,1.2564943243772737,0.07223493792007159,0.06913233904142271,0.13146194282155876,0.042925566539968686,True
M2,case_td016_pp0_1_gamma_007__steady,tpe,34,1.1864637822836321,0.08137954970193528,0.06486312200462284,1.2564943243772737,0.07223493792007159,0.06913233904142271,0.043164907895229185,0.042925566539968686,True
M2,case_td016_pp0_1_gamma_007__steady,tpe,35,1.1465403021668379,0.06577766915673765,0.07802300509199148,1.2564943243772737,0.07223493792007159,0.06913233904142271,0.11585374917399384,0.042925566539968686,True
M2,case_td016_pp0_1_gamma_007__steady,tpe,36,1.333688828540941,0.08670554643974379,0.07113805468367194,1.2564943243772737,0.07223493792007159,0.06913233904142271,0.14085091011500342,0.042925566539968686,True
M2,case_td016_pp0_1_gamma_007__steady,tpe,37,1.5436911719492037,0.05260960871022563,0.06522735226933463,1.2564943243772737,0.07223493792007159,0.06913233904142271,0.045331374273216214,0.042925566539968686,True
M2,case_td016_pp0_1_gamma_007__steady,tpe,38,4.53276064641236,0.07080472015227297,0.08559640465666103,1.2564943243772737,0.07223493792007159,0.06913233904142271,1.8294975542565712,0.042925566539968686,True
M2,case_td016_pp0_1_gamma_007__steady,tpe,39,1.9925657001187598,0.05230353367851341,0.04283763406156991,1.2564943243772737,0.07223493792007159,0.06913233904142271,0.24663097281006505,0.042925566539968686,True
M2,case_td016_pp0_1_gamma_007__steady,tpe,40,1.3219635926456477,0.08409808456563159,0.09515558437157377,1.2564943243772737,0.07223493792007159,0.06913233904142271,0.1213221382238047,0.042925566539968686,True
M2,case_td016_pp0_1_gamma_007__steady,tpe,41,1.02642465150404,0.06959091140635958,0.04234905469280628,1.2564943243772737,0.07223493792007159,0.06913233904142271,0.16167114386753573,0.042925566539968686,True
M2,case_td016_pp0_1_gamma_007__steady,tpe,42,1.4216705723637122,0.05765346565523173,0.06863824747085616,1.2564943243772737,0.07223493792007159,0.06913233904142271,0.04616761372100895,0.042925566539968686,True
M2,case_td016_pp0_1_gamma_007__steady,tpe,43,1.88017982004145,0.07010071352221794,0.0632277523911681,1.2564943243772737,0.07223493792007159,0.06913233904142271,0.3588904424300022,0.042925566539968686,True
M2,case_td016_pp0_1_gamma_007__steady,tpe,44,1.6911209400841676,0.0714714319966459,0.07193814522084593,1.2564943243772737,0.07223493792007159,0.06913233904142271,0.25555893729787876,0.042925566539968686,True
M2,case_td016_pp0_1_gamma_007__steady,tpe,45,1.1435588329045816,0.1705622420803823,0.08951776963653628,1.2564943243772737,0.07223493792007159,0.06913233904142271,0.3899390874811081,0.042925566539968686,True
M2,case_td016_pp0_1_gamma_007__steady,tpe,46,1.5760815250005884,0.051784658551015876,0.07613920798786508,1.2564943243772737,0.07223493792007159,0.06913233904142271,0.04910213234752235,0.042925566539968686,True
M2,case_td016_pp0_1_gamma_007__steady,tpe,47,4.916662646722536,0.166253737053001,0.06762361420273613,1.2564943243772737,0.07223493792007159,0.06913233904142271,3.4728068679342523,0.042925566539968686,True
M2,case_td016_pp0_1_gamma_007__steady,tpe,48,1.105033496984669,0.08746138434355871,0.05917456229162015,1.2564943243772737,0.07223493792007159,0.06913233904142271,0.044253003886351824,0.042925566539968686,True
M2,case_td016_pp0_1_gamma_007__steady,tpe,49,1.1543027313817837,0.07816821721662709,0.05786844912950897,1.2564943243772737,0.07223493792007159,0.06913233904142271,0.05358947506407874,0.042925566539968686,True
M2,case_td016_pp0_1_gamma_007__steady,tpe,50,3.376933436984395,0.17413586119358368,0.09620836762861737,1.2564943243772737,0.07223493792007159,0.06913233904142271,2.473322510702123,0.042925566539968686,True
M2,case_td016_pp0_1_gamma_007__steady,tpe,51,1.3033208285159597,0.08739565813684531,0.05841999741825386,1.2564943243772737,0.07223493792007159,0.06913233904142271,0.12400433360517969,0.042925566539968686,True
M2,case_td016_pp0_1_gamma_007__steady,tpe,52,1.2077352910709593,0.07369023263315452,0.06505590490902567,1.2564943243772737,0.07223493792007159,0.06913233904142271,0.050176877213815675,0.042925566539968686,True
M2,case_td016_pp0_1_gamma_007__steady,tpe,53,2.0211731271130047,0.060145431155218,0.06866650764061705,1.2564943243772737,0.07223493792007159,0.06913233904142271,0.34735043588501585,0.042925566539968686,True
M2,case_td016_pp0_1_gamma_007__steady,tpe,54,1.0325655260175626,0.10205295535745992,0.0673698522566245,1.2564943243772737,0.07223493792007159,0.06913233904142271,0.04789083261323877,0.042925566539968686,True
M2,case_td016_pp0_1_gamma_007__steady,tpe,55,1.5511673108025756,0.050616189196741435,0.06518226174914245,1.2564943243772737,0.07223493792007159,0.06913233904142271,0.044898015094079494,0.042925566539968686,True
M2,case_td016_pp0_1_gamma_007__steady,tpe,56,2.2021123085732244,0.05061585664863351,0.054406454936360225,1.2564943243772737,0.07223493792007159,0.06913233904142271,0.3430608062406379,0.042925566539968686,True
M2,case_td016_pp0_1_gamma_007__steady,tpe,57,1.2769104627583212,0.08684901315120827,0.05538491896007577,1.2564943243772737,0.07223493792007159,0.06913233904142271,0.10441311427804496,0.042925566539968686,True
M2,case_td016_pp0_1_gamma_007__steady,tpe,58,1.892069040818157,0.05419535411003616,0.06404764456408905,1.2564943243772737,0.07223493792007159,0.06913233904142271,0.21559603965994184,0.042925566539968686,True
M2,case_td016_pp0_1_gamma_007__steady,tpe,59,2.515128468343436,0.10115622878775347,0.057954081299268004,1.2564943243772737,0.07223493792007159,0.06913233904142271,1.107902281655962,0.042925566539968686,True
M2,case_td016_pp0_1_gamma_007__steady,tpe,60,4.939099602577904,0.1449646892827911,0.04763288969695392,1.2564943243772737,0.07223493792007159,0.06913233904142271,3.22053963511703,0.042925566539968686,True
M2,case_td016_pp0_1_gamma_007__steady,tpe,61,1.0352113780859715,0.05825182983596761,0.06780672288280115,1.2564943243772737,0.07223493792007159,0.06913233904142271,0.21553577050109468,0.042925566539968686,True
M2,case_td016_pp0_1_gamma_007__steady,tpe,62,1.4336020993349754,0.05717048234014005,0.06814107686385823,1.2564943243772737,0.07223493792007159,0.06913233904142271,0.045404222788314526,0.042925566539968686,True
M2,case_td016_pp0_1_gamma_007__steady,tpe,63,1.0491764487420352,0.08331251966159961,0.07154996615422746,1.2564943243772737,0.07223493792007159,0.06913233904142271,0.07747619991397697,0.042925566539968686,True
M2,case_td016_pp0_1_gamma_007__steady,tpe,64,1.5411931598931818,0.053306434204616227,0.05875077055839012,1.2564943243772737,0.07223493792007159,0.06913233904142271,0.04613059035148262,0.042925566539968686,True
M2,case_td016_pp0_1_gamma_007__steady,tpe,65,1.4199634127597187,0.05543046996269466,0.040237859500265094,1.2564943243772737,0.07223493792007159,0.06913233904142271,0.058714888236136326,0.042925566539968686,True
M2,case_td016_pp0_1_gamma_007__steady,tpe,66,2.3541062125669923,0.050233833318434715,0.07251912839461616,1.2564943243772737,0.07223493792007159,0.06913233904142271,0.4229309783627887,0.042925566539968686,True
M2,case_td016_pp0_1_gamma_007__steady,tpe,67,1.0566555040272565,0.0570625581201972,0.06559246669702493,1.2564943243772737,0.07223493792007159,0.06913233904142271,0.2123556658654483,0.042925566539968686,True
M2,case_td016_pp0_1_gamma_007__steady,tpe,68,4.920595794100446,0.07848297147161243,0.0411138547442589,1.2564943243772737,0.07223493792007159,0.06913233904142271,2.1266886606376594,0.042925566539968686,True
M2,case_td016_pp0_1_gamma_007__steady,tpe,69,2.164638672643263,0.09041624329974854,0.06977965007330567,1.2564943243772737,0.07223493792007159,0.06913233904142271,0.7453984298559433,0.042925566539968686,True
M2,case_td016_pp0_1_gamma_007__steady,tpe,70,4.7202299514976875,0.12886935003575894,0.08170656938983098,1.2564943243772737,0.07223493792007159,0.06913233904142271,2.8912187863756307,0.042925566539968686,True
M2,case_td016_pp0_1_gamma_007__steady,tpe,71,3.2723987691039778,0.1683148838197965,0.06293723518637469,1.2564943243772737,0.07223493792007159,0.06913233904142271,2.3356180391863757,0.042925566539968686,True
M2,case_td016_pp0_1_gamma_007__steady,tpe,72,4.8963478218223955,0.08065141381055999,0.06643363256514845,1.2564943243772737,0.07223493792007159,0.06913233904142271,2.163884772737806,0.042925566539968686,True
M2,case_td016_pp0_1_gamma_007__steady,tpe,73,1.0875798585820498,0.052436482894038315,0.05231035913654027,1.2564943243772737,0.07223493792007159,0.06913233904142271,0.22680506899819244,0.042925566539968686,True
M2,case_td016_pp0_1_gamma_007__steady,tpe,74,2.7233144892944683,0.1610750404860046,0.041183295138415954,1.2564943243772737,0.07223493792007159,0.06913233904142271,1.7982870366356882,0.042925566539968686,True
M2,case_td016_pp0_1_gamma_007__steady,tpe,75,1.9146274497157862,0.06677325663540101,0.05653731656733725,1.2564943243772737,0.07223493792007159,0.06913233904142271,0.347354484509918,0.042925566539968686,True
M2,case_td016_pp0_1_gamma_007__steady,tpe,76,1.4040824283929352,0.06426998194281236,0.06328838233453875,1.2564943243772737,0.07223493792007159,0.06913233904142271,0.04846272830506478,0.042925566539968686,True
M2,case_td016_pp0_1_gamma_007__steady,tpe,77,1.7552068731899935,0.08663591464237833,0.06159794878427962,1.2564943243772737,0.07223493792007159,0.06913233904142271,0.4205947729914955,0.042925566539968686,True
M2,case_td016_pp0_1_gamma_007__steady,tpe,78,1.4068959496567213,0.05555190103175178,0.06074149036402569,1.2564943243772737,0.07223493792007159,0.06913233904142271,0.059787874355425125,0.042925566539968686,True
M2,case_td016_pp0_1_gamma_007__steady,tpe,79,1.8495296869752513,0.05478903036275818,0.06817261443333217,1.2564943243772737,0.07223493792007159,0.06913233904142271,0.19899588111308078,0.042925566539968686,True
M2,case_td016_pp0_1_gamma_007__steady,tpe,80,1.5122123698890766,0.09281510224546902,0.04659943607124708,1.2564943243772737,0.07223493792007159,0.06913233904142271,0.2946251917914525,0.042925566539968686,True
M2,case_td016_pp0_1_gamma_007__steady,tpe,81,1.8800274395527108,0.053198175613130595,0.05949132987650961,1.2564943243772737,0.07223493792007159,0.06913233904142271,0.19885301964665472,0.042925566539968686,True
M2,case_td016_pp0_1_gamma_007__steady,tpe,82,1.3972942532758534,0.07046508124984331,0.07850843203332775,1.2564943243772737,0.07223493792007159,0.06913233904142271,0.07825772972725592,0.042925566539968686,True
M2,case_td016_pp0_1_gamma_007__steady,tpe,83,1.6292942462702844,0.056775006969705416,0.07196360225530667,1.2564943243772737,0.07223493792007159,0.06913233904142271,0.10092950813071738,0.042925566539968686,True
M2,case_td016_pp0_1_gamma_007__steady,tpe,84,4.939303614065462,0.19133342601823464,0.08967374162333329,1.2564943243772737,0.07223493792007159,0.06913233904142271,3.7440086534457153,0.042925566539968686,True
M2,case_td016_pp0_1_gamma_007__steady,tpe,85,1.5962897666090927,0.05398135298383435,0.06059462995666577,1.2564943243772737,0.07223493792007159,0.06913233904142271,0.0649932388315016,0.042925566539968686,True
M2,case_td016_pp0_1_gamma_007__steady,tpe,86,1.6661294174344978,0.05052693481382778,0.0725688209905498,1.2564943243772737,0.07223493792007159,0.06913233904142271,0.07250083834285385,0.042925566539968686,True
M2,case_td016_pp0_1_gamma_007__steady,tpe,87,1.1367478790249155,0.08027453228383391,0.06396901633889808,1.2564943243772737,0.07223493792007159,0.06913233904142271,0.05204224563214353,0.042925566539968686,True
M2,case_td016_pp0_1_gamma_007__steady,tpe,88,1.141337024728859,0.11154973480657765,0.056753525909774886,1.2564943243772737,0.07223493792007159,0.06913233904142271,0.1436280450257696,0.042925566539968686,True
M2,case_td016_pp0_1_gamma_007__steady,tpe,89,1.3141658344012337,0.05152419374753482,0.07631577845507728,1.2564943243772737,0.07223493792007159,0.06913233904142271,0.12293737428976692,0.042925566539968686,True
M2,case_td016_pp0_1_gamma_007__steady,tpe,90,1.9342215605886683,0.07889379948006126,0.06737895019764181,1.2564943243772737,0.07223493792007159,0.06913233904142271,0.4759902616920412,0.042925566539968686,True
M2,case_td016_pp0_1_gamma_007__steady,tpe,91,2.13807114328809,0.13429643529664942,0.06691647920430467,1.2564943243772737,0.07223493792007159,0.06913233904142271,1.0929431357310584,0.042925566539968686,True
M2,case_td016_pp0_1_gamma_007__steady,tpe,92,1.1255327121926162,0.14286169316575556,0.06690346846031095,1.2564943243772737,0.07223493792007159,0.06913233904142271,0.26678767901905487,0.042925566539968686,True
M2,case_td016_pp0_1_gamma_007__steady,tpe,93,1.519555812991424,0.1055196754256115,0.0695969187180674,1.2564943243772737,0.07223493792007159,0.06913233904142271,0.3881158596259033,0.042925566539968686,True
M2,case_td016_pp0_1_gamma_007__steady,tpe,94,1.1326177928920569,0.13169647692083303,0.08022706898794713,1.2564943243772737,0.07223493792007159,0.06913233904142271,0.22928582247580032,0.042925566539968686,True
M2,case_td016_pp0_1_gamma_007__steady,tpe,95,1.3574465488524001,0.10165785205972747,0.06518229785794492,1.2564943243772737,0.07223493792007159,0.06913233904142271,0.24519086494572773,0.042925566539968686,True
M2,case_td016_pp0_1_gamma_007__steady,tpe,96,1.1168091188413056,0.09309269176026111,0.07927071884768896,1.2564943243772737,0.07223493792007159,0.06913233904142271,0.05304087483833132,0.042925566539968686,True
M2,case_td016_pp0_1_gamma_007__steady,tpe,97,1.0056829028473422,0.07559957010469616,0.05668719705107342,1.2564943243772737,0.07223493792007159,0.06913233904142271,0.13936412768760464,0.042925566539968686,True
M2,case_td016_pp0_1_gamma_007__steady,tpe,98,1.1801602675731502,0.10457558996585392,0.06665966475863758,1.2564943243772737,0.07223493792007159,0.06913233904142271,0.13841516979692062,0.042925566539968686,True
M2,case_td016_pp0_1_gamma_007__steady,tpe,99,1.016007743692237,0.07387976328123481,0.06882819944122093,1.2564943243772737,0.07223493792007159,0.06913233904142271,0.14082963382903171,0.042925566539968686,True
M2,case_td016_pp0_1_gamma_007__steady,tpe,100,3.3767999762346514,0.05209979457312673,0.08600075011238155,1.2564943243772737,0.07223493792007159,0.06913233904142271,0.9737305815237981,0.042925566539968686,True
M2,case_td016_pp0_1_gamma_007__steady,random,1,3.0,0.125,0.07,3.0,0.125,0.07,1.7278961645927335,1.7278961645927335,True
M2,case_td016_pp0_1_gamma_007__steady,random,2,1.1092543560228774,0.07326141548322657,0.07344917105732607,1.1092543560228774,0.07326141548322657,0.07344917105732607,0.09474439494306774,0.09474439494306774,True
M2,case_td016_pp0_1_gamma_007__steady,random,3,3.494918964092694,0.10782172090507816,0.048894353295061393,1.1092543560228774,0.07326141548322657,0.07344917105732607,1.8725898955862594,0.09474439494306774,True
M2,case_td016_pp0_1_gamma_007__steady,random,4,2.373287205462936,0.14381682515527003,0.0941513192947325,1.1092543560228774,0.07326141548322657,0.07344917105732607,1.3737022766121418,0.09474439494306774,True
M2,case_td016_pp0_1_gamma_007__steady,random,5,4.965865520635298,0.13878902953570094,0.04644868184923032,1.1092543560228774,0.07326141548322657,0.07344917105732607,3.150581918911193,0.09474439494306774,True
M2,case_td016_pp0_1_gamma_007__steady,random,6,2.9747720789428214,0.07429424016110323,0.06172657247079687,1.1092543560228774,0.07326141548322657,0.07344917105732607,1.0886285064456311,0.09474439494306774,True
M2,case_td016_pp0_1_gamma_007__steady,random,7,2.8644726599679298,0.15785348968254703,0.04517092400633551,1.1092543560228774,0.07326141548322657,0.07344917105732607,1.900611295151443,0.09474439494306774,True
M2,case_td016_pp0_1_gamma_007__steady,random,8,4.152463437321876,0.18382455563086153,0.09228286165383183,1.1092543560228774,0.07326141548322657,0.07344917105732607,3.1543016682206466,0.09474439494306774,True
M2,case_td016_pp0_1_gamma_007__steady,random,9,1.9000365798969345,0.13735483670497328,0.09026606164954268,1.1092543560228774,0.07326141548322657,0.07344917105732607,0.9077860746872332,0.09474439494306774,True
M2,case_td016_pp0_1_gamma_007__steady,random,10,1.2754587613659063,0.07655947578498729,0.08588348037207641,1.2754587613659063,0.07655947578498729,0.08588348037207641,0.05478003625046264,0.05478003625046264,True
M2,case_td016_pp0_1_gamma_007__steady,random,11,2.4537226329712842,0.14847011114271236,0.05748767023409744,1.2754587613659063,0.07655947578498729,0.08588348037207641,1.47203842677958,0.05478003625046264,True
M2,case_td016_pp0_1_gamma_007__steady,random,12,2.5773287594489895,0.11437241473455474,0.050000032413619944,1.2754587613659063,0.07655947578498729,0.08588348037207641,1.2869080512687483,0.05478003625046264,True
M2,case_td016_pp0_1_gamma_007__steady,random,13,3.852397520556497,0.12868750453038824,0.0899733764239766,1.2754587613659063,0.07655947578498729,0.08588348037207641,2.379895902024892,0.05478003625046264,True
M2,case_td016_pp0_1_gamma_007__steady,random,14,1.3792627830726643,0.19564060617392698,0.09308520244805404,1.2754587613659063,0.07655947578498729,0.08588348037207641,0.703834756126791,0.05478003625046264,True
M2,case_td016_pp0_1_gamma_007__steady,random,15,3.585011987219684,0.14276291806349647,0.05327004968145043,1.2754587613659063,0.07655947578498729,0.08588348037207641,2.347450684347595,0.05478003625046264,True
M2,case_td016_pp0_1_gamma_007__steady,random,16,4.460469013482904,0.09188500238721647,0.0507811144577963,1.2754587613659063,0.07655947578498729,0.08588348037207641,2.1719284673400323,0.05478003625046264,True
M2,case_td016_pp0_1_gamma_007__steady,random,17,4.0585051939884815,0.11016855927065142,0.060930794700822646,1.2754587613659063,0.07655947578498729,0.08588348037207641,2.254082383801491,0.05478003625046264,True
M2,case_td016_pp0_1_gamma_007__steady,random,18,1.2490926841225365,0.0570577764628577,0.09999128235521741,1.2754587613659063,0.07655947578498729,0.08588348037207641,0.11447095787107871,0.05478003625046264,True
M2,case_td016_pp0_1_gamma_007__steady,random,19,3.6405410453532996,0.13367673355818704,0.05787328863190139,1.2754587613659063,0.07655947578498729,0.08588348037207641,2.2903960070829332,0.05478003625046264,True
M2,case_td016_pp0_1_gamma_007__steady,random,20,2.113076830374829,0.14741500602316623,0.06627087545514085,1.2754587613659063,0.07655947578498729,0.08588348037207641,1.1591058129494674,0.05478003625046264,True
M2,case_td016_pp0_1_gamma_007__steady,random,21,1.8987598879420857,0.10260201237695758,0.08575150826097817,1.2754587613659063,0.07655947578498729,0.08588348037207641,0.6587325839212708,0.05478003625046264,True
M2,case_td016_pp0_1_gamma_007__steady,random,22,1.1867876298278,0.08791172771990505,0.054330042008060186,1.2754587613659063,0.07655947578498729,0.08588348037207641,0.06090522846273384,0.05478003625046264,True
M2,case_td016_pp0_1_gamma_007__steady,random,23,2.6363734672929637,0.14139279289882498,0.07964924154841972,1.2754587613659063,0.07655947578498729,0.08588348037207641,1.5831746772087973,0.05478003625046264,True
M2,case_td016_pp0_1_gamma_007__steady,random,24,2.3198094321608598,0.07975031411581623,0.07395671852636251,1.2754587613659063,0.07655947578498729,0.08588348037207641,0.7430606336521562,0.05478003625046264,True
M2,case_td016_pp0_1_gamma_007__steady,random,25,3.3378202333941305,0.175876344562078,0.07581893006689666,1.2754587613659063,0.07655947578498729,0.08588348037207641,2.4514407859272134,0.05478003625046264,True
M2,case_td016_pp0_1_gamma_007__steady,random,26,3.886961284801901,0.13787059740683105,0.08397996222372175,1.2754587613659063,0.07655947578498729,0.08588348037207641,2.5119807101181553,0.05478003625046264,True
M2,case_td016_pp0_1_gamma_007__steady,random,27,2.9894897123888624,0.07566755034077075,0.06702489457001841,1.2754587613659063,0.07655947578498729,0.08588348037207641,1.117683350828859,0.05478003625046264,True
M2,case_td016_pp0_1_gamma_007__steady,random,28,4.791073444498643,0.12482293039384285,0.0565675102822699,1.2754587613659063,0.07655947578498729,0.08588348037207641,2.864873994423807,0.05478003625046264,True
M2,case_td016_pp0_1_gamma_007__steady,random,29,1.5909988703873919,0.08748061528940002,0.053735557923569044,1.2754587613659063,0.07655947578498729,0.08588348037207641,0.312676459267526,0.05478003625046264,True
M2,case_td016_pp0_1_gamma_007__steady,random,30,3.1224575644384265,0.0989949494989028,0.07499082329739014,1.2754587613659063,0.07655947578498729,0.08588348037207641,1.517065068752588,0.05478003625046264,True
M2,case_td016_pp0_1_gamma_007__steady,random,31,2.489092091188101,0.13969715423637508,0.05332087508445832,1.2754587613659063,0.07655947578498729,0.08588348037207641,1.436279318304845,0.05478003625046264,True
M2,case_td016_pp0_1_gamma_007__steady,random,32,4.4546636619592075,0.08539795765949515,0.06941251992884465,1.2754587613659063,0.07655947578498729,0.08588348037207641,2.0598613848612644,0.05478003625046264,True
M2,case_td016_pp0_1_gamma_007__steady,random,33,3.9440454267274516,0.06518650578807539,0.09786465368793223,1.2754587613659063,0.07655947578498729,0.08588348037207641,1.4649461346897836,0.05478003625046264,True
M2,case_td016_pp0_1_gamma_007__steady,random,34,1.3396352570273193,0.09132419845549511,0.08928618145557862,1.2754587613659063,0.07655947578498729,0.08588348037207641,0.1753999601105524,0.05478003625046264,True
M2,case_td016_pp0_1_gamma_007__steady,random,35,2.0698895106897157,0.12109041476260199,0.051439651441895655,1.2754587613659063,0.07655947578498729,0.08588348037207641,0.9334418696348359,0.05478003625046264,True
M2,case_td016_pp0_1_gamma_007__steady,random,36,3.052318854188788,0.1986718544461985,0.046255105727877756,1.2754587613659063,0.07655947578498729,0.08588348037207641,2.3457742179293537,0.05478003625046264,True
M2,case_td016_pp0_1_gamma_007__steady,random,37,1.9113321165139023,0.07140238864828564,0.04738713279519494,1.2754587613659063,0.07655947578498729,0.08588348037207641,0.3870809550207458,0.05478003625046264,True
M2,case_td016_pp0_1_gamma_007__steady,random,38,3.4966915564243233,0.15011635407955742,0.04267746104662369,1.2754587613659063,0.07655947578498729,0.08588348037207641,2.350657202493532,0.05478003625046264,True
M2,case_td016_pp0_1_gamma_007__steady,random,39,4.547259626234599,0.18002709481180057,0.07644221249103464,1.2754587613659063,0.07655947578498729,0.08588348037207641,3.390367872804272,0.05478003625046264,True
M2,case_td016_pp0_1_gamma_007__steady,random,40,4.230701257050978,0.0709736531636751,0.06437015651550074,1.2754587613659063,0.07655947578498729,0.08588348037207641,1.6985136420836764,0.05478003625046264,True
M2,case_td016_pp0_1_gamma_007__steady,random,41,2.9641261335476425,0.1168923353077875,0.050193390021064294,1.2754587613659063,0.07655947578498729,0.08588348037207641,1.609972212182049,0.05478003625046264,True
M2,case_td016_pp0_1_gamma_007__steady,random,42,3.1250653576106253,0.15991643505624464,0.08361458563642485,1.2754587613659063,0.07655947578498729,0.08588348037207641,2.149734641480128,0.05478003625046264,True
M2,case_td016_pp0_1_gamma_007__steady,random,43,4.637480442951877,0.05771419549926452,0.08775543343110137,1.2754587613659063,0.07655947578498729,0.08588348037207641,1.6226692193040138,0.05478003625046264,True
M2,case_td016_pp0_1_gamma_007__steady,random,44,4.564478017809993,0.09920781934810083,0.06624047675001232,1.2754587613659063,0.07655947578498729,0.08588348037207641,2.3493028316830897,0.05478003625046264,True
M2,case_td016_pp0_1_gamma_007__steady,random,45,1.5026101065451973,0.18267348671418915,0.04252875624352079,1.2754587613659063,0.07655947578498729,0.08588348037207641,0.7603660105292221,0.05478003625046264,True
M2,case_td016_pp0_1_gamma_007__steady,random,46,4.950417164432245,0.06119767158317525,0.08667513549595666,1.2754587613659063,0.07655947578498729,0.08588348037207641,1.808733423025372,0.05478003625046264,True
M2,case_td016_pp0_1_gamma_007__steady,random,47,1.8626134674783201,0.07206971777184151,0.058176270671283364,1.2754587613659063,0.07655947578498729,0.08588348037207641,0.3650327899231563,0.05478003625046264,True
M2,case_td016_pp0_1_gamma_007__steady,random,48,3.2531248334970666,0.12076530848481809,0.06473546946136258,1.2754587613659063,0.07655947578498729,0.08588348037207641,1.869858410886607,0.05478003625046264,True
M2,case_td016_pp0_1_gamma_007__steady,random,49,1.8932393005170303,0.13246568309342094,0.06472313114217018,1.2754587613659063,0.07655947578498729,0.08588348037207641,0.8660229329400811,0.05478003625046264,True
M2,case_td016_pp0_1_gamma_007__steady,random,50,1.2779129902188617,0.16788371072206026,0.04986875241519017,1.2754587613659063,0.07655947578498729,0.08588348037207641,0.49223023607604455,0.05478003625046264,True
M2,case_td016_pp0_1_gamma_007__steady,random,51,3.034009772344037,0.12637124262653177,0.06447903652437185,1.2754587613659063,0.07655947578498729,0.08588348037207641,1.7669213349124837,0.05478003625046264,True
M2,case_td016_pp0_1_gamma_007__steady,random,52,3.376119262426194,0.07786949898018372,0.08578230405795684,1.2754587613659063,0.07655947578498729,0.08588348037207641,1.379085637562227,0.05478003625046264,True
M2,case_td016_pp0_1_gamma_007__steady,random,53,1.6779479931440284,0.1753064286001333,0.08556062999740588,1.2754587613659063,0.07655947578498729,0.08588348037207641,0.904090166931377,0.05478003625046264,True
M2,case_td016_pp0_1_gamma_007__steady,random,54,1.3306678920416846,0.1425901267293067,0.06560483424151468,1.2754587613659063,0.07655947578498729,0.08588348037207641,0.4343949565757464,0.05478003625046264,True
M2,case_td016_pp0_1_gamma_007__steady,random,55,1.9400090105114098,0.1256023488500656,0.059220563322925336,1.2754587613659063,0.07655947578498729,0.08588348037207641,0.8589075065421984,0.05478003625046264,True
M2,case_td016_pp0_1_gamma_007__steady,random,56,2.0919328889531847,0.11775454207650042,0.07906431587855933,1.2754587613659063,0.07655947578498729,0.08588348037207641,0.9320527705671721,0.05478003625046264,True
M2,case_td016_pp0_1_gamma_007__steady,random,57,1.4835553569050024,0.1040246377908959,0.09521087630717785,1.2754587613659063,0.07655947578498729,0.08588348037207641,0.35590804847762686,0.05478003625046264,True
M2,case_td016_pp0_1_gamma_007__steady,random,58,3.5297336931382284,0.12784015900844797,0.051401368224428395,1.2754587613659063,0.07655947578498729,0.08588348037207641,2.144274258106755,0.05478003625046264,True
M2,case_td016_pp0_1_gamma_007__steady,random,59,4.861573917752146,0.17563794843143815,0.05618391432570253,1.2754587613659063,0.07655947578498729,0.08588348037207641,3.538451773568744,0.05478003625046264,True
M2,case_td016_pp0_1_gamma_007__steady,random,60,4.543514338466199,0.12088950172199436,0.05137091009853377,1.2754587613659063,0.07655947578498729,0.08588348037207641,2.677138349390791,0.05478003625046264,True
M2,case_td016_pp0_1_gamma_007__steady,random,61,4.839930876328962,0.1066705106709054,0.06561111098945295,1.2754587613659063,0.07655947578498729,0.08588348037207641,2.6036532213585164,0.05478003625046264,True
M2,case_td016_pp0_1_gamma_007__steady,random,62,4.1406068234620825,0.056416420324440136,0.08272774186451815,1.2754587613659063,0.07655947578498729,0.08588348037207641,1.3958445684769312,0.05478003625046264,True
M2,case_td016_pp0_1_gamma_007__steady,random,63,2.9941863862953713,0.19936667553396054,0.09814446764367919,1.2754587613659063,0.07655947578498729,0.08588348037207641,2.307802593654937,0.05478003625046264,True
M2,case_td016_pp0_1_gamma_007__steady,random,64,4.933846832444733,0.16825444174907445,0.0427727556221435,1.2754587613659063,0.07655947578498729,0.08588348037207641,3.4969345839397907,0.05478003625046264,True
M2,case_td016_pp0_1_gamma_007__steady,random,65,2.918346595264094,0.14467094556240162,0.059479180052070285,1.2754587613659063,0.07655947578498729,0.08588348037207641,1.8447643386179409,0.05478003625046264,True
M2,case_td016_pp0_1_gamma_007__steady,random,66,3.4876967386259863,0.10409092212265075,0.04388699253840565,1.2754587613659063,0.07655947578498729,0.08588348037207641,1.8164241664379215,0.05478003625046264,True
M2,case_td016_pp0_1_gamma_007__steady,random,67,3.8335940268203483,0.12985505917988407,0.06003511979285773,1.2754587613659063,0.07655947578498729,0.08588348037207641,2.3775801729597488,0.05478003625046264,True
M2,case_td016_pp0_1_gamma_007__steady,random,68,2.7279814269419274,0.072610385671692,0.08191061899001632,1.2754587613659063,0.07655947578498729,0.08588348037207641,0.9198065406875938,0.05478003625046264,True
M2,case_td016_pp0_1_gamma_007__steady,random,69,4.0153852608149965,0.06420980881499956,0.05861020849661522,1.2754587613659063,0.07655947578498729,0.08588348037207641,1.477710693205387,0.05478003625046264,True
M2,case_td016_pp0_1_gamma_007__steady,random,70,2.4685913650713376,0.14101400415837015,0.07956804511341697,1.2754587613659063,0.07655947578498729,0.08588348037207641,1.434786423522953,0.05478003625046264,True
M2,case_td016_pp0_1_gamma_007__steady,random,71,4.6601819537757505,0.05779643925151987,0.0413881990435973,1.2754587613659063,0.07655947578498729,0.08588348037207641,1.6260698279050092,0.05478003625046264,True
M2,case_td016_pp0_1_gamma_007__steady,random,72,1.2231121833440168,0.16827496749144347,0.08340232558366104,1.2754587613659063,0.07655947578498729,0.08588348037207641,0.45044714078996145,0.05478003625046264,True
M2,case_td016_pp0_1_gamma_007__steady,random,73,2.0673084250238554,0.09316373904498737,0.06981506160503703,1.2754587613659063,0.07655947578498729,0.08588348037207641,0.7010517610868454,0.05478003625046264,True
M2,case_td016_pp0_1_gamma_007__steady,random,74,4.316274961063893,0.09095473349397887,0.07753441709501753,1.2754587613659063,0.07655947578498729,0.08588348037207641,2.0906988829582818,0.05478003625046264,True
M2,case_td016_pp0_1_gamma_007__steady,random,75,3.0497175785877366,0.13680237922333516,0.08180611404823136,1.2754587613659063,0.07655947578498729,0.08588348037207641,1.8855099479982103,0.05478003625046264,True
M2,case_td016_pp0_1_gamma_007__steady,random,76,4.025641605348362,0.185044695932095,0.0742289911186062,1.2754587613659063,0.07655947578498729,0.08588348037207641,3.069114035305021,0.05478003625046264,True
M2,case_td016_pp0_1_gamma_007__steady,random,77,2.015940584194986,0.15545003761774923,0.0942868779007811,1.2754587613659063,0.07655947578498729,0.08588348037207641,1.1234816216991863,0.05478003625046264,True
M2,case_td016_pp0_1_gamma_007__steady,random,78,3.7299519965065886,0.06910608271786604,0.051507904321916875,1.2754587613659063,0.07655947578498729,0.08588348037207641,1.4231033893997294,0.05478003625046264,True
M2,case_td016_pp0_1_gamma_007__steady,random,79,1.8625163551496153,0.07101730477830495,0.08265792193863641,1.2754587613659063,0.07655947578498729,0.08588348037207641,0.3597214713628957,0.05478003625046264,True
M2,case_td016_pp0_1_gamma_007__steady,random,80,2.7007994672793805,0.18372203964262873,0.09637762190352112,1.2754587613659063,0.07655947578498729,0.08588348037207641,1.9396916978110639,0.05478003625046264,True
M2,case_td016_pp0_1_gamma_007__steady,random,81,4.902735332051655,0.056904079519527216,0.08417302505882863,1.2754587613659063,0.07655947578498729,0.08588348037207641,1.7064814973435145,0.05478003625046264,True
M2,case_td016_pp0_1_gamma_007__steady,random,82,3.8106403530931083,0.07326811014347685,0.048611477956604005,1.2754587613659063,0.07655947578498729,0.08588348037207641,1.5329879522561891,0.05478003625046264,True
M2,case_td016_pp0_1_gamma_007__steady,random,83,4.970192008468853,0.1847568720444675,0.06470201803386721,1.2754587613659063,0.07655947578498729,0.08588348037207641,3.696736486638049,0.05478003625046264,True
M2,case_td016_pp0_1_gamma_007__steady,random,84,3.4183250938263274,0.11937045487507579,0.04311764470636486,1.2754587613659063,0.07655947578498729,0.08588348037207641,1.9642786914779737,0.05478003625046264,True
M2,case_td016_pp0_1_gamma_007__steady,random,85,3.333382003292551,0.18573870875824416,0.0976418379045215,1.2754587613659063,0.07655947578498729,0.08588348037207641,2.5218223853807027,0.05478003625046264,True
M2,case_td016_pp0_1_gamma_007__steady,random,86,4.960588151071592,0.07242895613250962,0.04228976442622479,1.2754587613659063,0.07655947578498729,0.08588348037207641,2.026459264131771,0.05478003625046264,True
M2,case_td016_pp0_1_gamma_007__steady,random,87,3.328052098087167,0.16560053441530825,0.08070074867274012,1.2754587613659063,0.07655947578498729,0.08588348037207641,2.363938184718265,0.05478003625046264,True
M2,case_td016_pp0_1_gamma_007__steady,random,88,3.2674310043039196,0.09954805570911257,0.043181764530761696,1.2754587613659063,0.07655947578498729,0.08588348037207641,1.6126749183306943,0.05478003625046264,True
M2,case_td016_pp0_1_gamma_007__steady,random,89,4.003234435297362,0.12321926547500284,0.09318578292853184,1.2754587613659063,0.07655947578498729,0.08588348037207641,2.405759385018692,0.05478003625046264,True
M2,case_td016_pp0_1_gamma_007__steady,random,90,1.5037923153153425,0.14141112806758244,0.07237374465545338,1.2754587613659063,0.07655947578498729,0.08588348037207641,0.5785873900862918,0.05478003625046264,True
M2,case_td016_pp0_1_gamma_007__steady,random,91,1.2766353145448925,0.19596573256912797,0.0603733465926973,1.2754587613659063,0.07655947578498729,0.08588348037207641,0.6028641112817542,0.05478003625046264,True
M2,case_td016_pp0_1_gamma_007__steady,random,92,3.2247885930476814,0.1645220529858228,0.08538418978523153,1.2754587613659063,0.07655947578498729,0.08588348037207641,2.270386586554824,0.05478003625046264,True
M2,case_td016_pp0_1_gamma_007__steady,random,93,3.0850583575370747,0.1046690005863077,0.08222438254026826,1.2754587613659063,0.07655947578498729,0.08588348037207641,1.5634951713330452,0.05478003625046264,True
M2,case_td016_pp0_1_gamma_007__steady,random,94,3.1731309498433067,0.15063394675813171,0.046354620395218454,1.2754587613659063,0.07655947578498729,0.08588348037207641,2.1019530707036678,0.05478003625046264,True
M2,case_td016_pp0_1_gamma_007__steady,random,95,2.512981117193678,0.16558242838628717,0.06159022178648177,1.2754587613659063,0.07655947578498729,0.08588348037207641,1.6441374289363835,0.05478003625046264,True
M2,case_td016_pp0_1_gamma_007__steady,random,96,4.46442268182944,0.17186706695581655,0.05787244334427777,1.2754587613659063,0.07655947578498729,0.08588348037207641,3.2534627558718436,0.05478003625046264,True
M2,case_td016_pp0_1_gamma_007__steady,random,97,1.8621253908184068,0.16833093342563632,0.04377766190361975,1.2754587613659063,0.07655947578498729,0.08588348037207641,1.0383248975090371,0.05478003625046264,True
M2,case_td016_pp0_1_gamma_007__steady,random,98,3.6539621748053728,0.16294987578087955,0.0944171964218617,1.2754587613659063,0.07655947578498729,0.08588348037207641,2.6012399975334617,0.05478003625046264,True
M2,case_td016_pp0_1_gamma_007__steady,random,99,2.4765962094963494,0.18210887840721574,0.06676099033742175,1.2754587613659063,0.07655947578498729,0.08588348037207641,1.7126646706394117,0.05478003625046264,True
M2,case_td016_pp0_1_gamma_007__steady,random,100,3.717682277837756,0.12568467702731417,0.047723106816310444,1.2754587613659063,0.07655947578498729,0.08588348037207641,2.2462033831170243,0.05478003625046264,True
M3,case_td030_pa200_pp0_5_gamma_004__steady,cmaes,1,3.0,0.125,0.07,3.0,0.125,0.07,0.4420755918508906,0.4420755918508906,True
M3,case_td030_pa200_pp0_5_gamma_004__steady,cmaes,2,2.952377638231467,0.1379881607004041,0.05643110950204995,2.952377638231467,0.1379881607004041,0.05643110950204995,0.42349849501904424,0.42349849501904424,True
M3,case_td030_pa200_pp0_5_gamma_004__steady,cmaes,3,2.828704899870286,0.10072212483785926,0.08289266505455867,2.952377638231467,0.1379881607004041,0.05643110950204995,0.5242761533994595,0.42349849501904424,True
M3,case_td030_pa200_pp0_5_gamma_004__steady,cmaes,4,4.647774487105887,0.1383378000021553,0.043280846041267036,4.647774487105887,0.1383378000021553,0.043280846041267036,0.1911148954443264,0.1911148954443264,True
M3,case_td030_pa200_pp0_5_gamma_004__steady,cmaes,5,2.5666024324253756,0.11613554134179309,0.06909788023495814,4.647774487105887,0.1383378000021553,0.043280846041267036,0.5302311322138119,0.1911148954443264,True
M3,case_td030_pa200_pp0_5_gamma_004__steady,cmaes,6,3.9542355376115337,0.10371267398048528,0.061105807012278496,4.647774487105887,0.1383378000021553,0.043280846041267036,0.3687201969700451,0.1911148954443264,True
M3,case_td030_pa200_pp0_5_gamma_004__steady,cmaes,7,4.112534295348555,0.1477826535873767,0.09307126040317734,4.647774487105887,0.1383378000021553,0.043280846041267036,0.22871202658720924,0.1911148954443264,True
M3,case_td030_pa200_pp0_5_gamma_004__steady,cmaes,8,2.901093223869884,0.08783219355175235,0.04495687299632324,4.647774487105887,0.1383378000021553,0.043280846041267036,0.5492359799775011,0.1911148954443264,True
M3,case_td030_pa200_pp0_5_gamma_004__steady,cmaes,9,2.3795788420822133,0.09678071421895101,0.06129879994475396,4.647774487105887,0.1383378000021553,0.043280846041267036,0.6004202721813718,0.1911148954443264,True
M3,case_td030_pa200_pp0_5_gamma_004__steady,cmaes,10,2.2387472079247575,0.11370451182252585,0.08433431077383047,4.647774487105887,0.1383378000021553,0.043280846041267036,0.587766500541823,0.1911148954443264,True
M3,case_td030_pa200_pp0_5_gamma_004__steady,cmaes,11,4.439047586283218,0.13239286815550422,0.053527905266758886,4.647774487105887,0.1383378000021553,0.043280846041267036,0.22916434194762889,0.1911148954443264,True
M3,case_td030_pa200_pp0_5_gamma_004__steady,cmaes,12,2.353111966255263,0.13020026991471612,0.05006061011463436,4.647774487105887,0.1383378000021553,0.043280846041267036,0.5405678190744954,0.1911148954443264,True
M3,case_td030_pa200_pp0_5_gamma_004__steady,cmaes,13,4.5972370945991505,0.10518502703940423,0.07494972971411126,4.647774487105887,0.1383378000021553,0.043280846041267036,0.29515352800035793,0.1911148954443264,True
M3,case_td030_pa200_pp0_5_gamma_004__steady,cmaes,14,2.737076464096155,0.14215941099190083,0.08541712103372942,4.647774487105887,0.1383378000021553,0.043280846041267036,0.4511338794319332,0.1911148954443264,True
M3,case_td030_pa200_pp0_5_gamma_004__steady,cmaes,15,3.2712972814413486,0.15123356429747564,0.08129789831962735,4.647774487105887,0.1383378000021553,0.043280846041267036,0.34440797932229605,0.1911148954443264,True
M3,case_td030_pa200_pp0_5_gamma_004__steady,cmaes,16,4.876540096015484,0.15340952595890334,0.07140353349839636,4.876540096015484,0.15340952595890334,0.07140353349839636,0.12822948862302705,0.12822948862302705,True
M3,case_td030_pa200_pp0_5_gamma_004__steady,cmaes,17,2.575884511564367,0.11820723886390215,0.06859654855505176,4.876540096015484,0.15340952595890334,0.07140353349839636,0.5245283652339654,0.12822948862302705,True
M3,case_td030_pa200_pp0_5_gamma_004__steady,cmaes,18,4.9564194180492205,0.1477325901309318,0.042856090647123826,4.876540096015484,0.15340952595890334,0.07140353349839636,0.13572802929878994,0.12822948862302705,True
M3,case_td030_pa200_pp0_5_gamma_004__steady,cmaes,19,2.5581038995101224,0.15166090475865585,0.07563622213717136,4.876540096015484,0.15340952595890334,0.07140353349839636,0.4673253425967052,0.12822948862302705,True
M3,case_td030_pa200_pp0_5_gamma_004__steady,cmaes,20,4.2525488755770375,0.09921915756408028,0.044978303619062014,4.876540096015484,0.15340952595890334,0.07140353349839636,0.3514249920729454,0.12822948862302705,True
M3,case_td030_pa200_pp0_5_gamma_004__steady,cmaes,21,4.01731588427627,0.10448678730089064,0.06694881301836902,4.876540096015484,0.15340952595890334,0.07140353349839636,0.3587762140939118,0.12822948862302705,True
M3,case_td030_pa200_pp0_5_gamma_004__steady,cmaes,22,3.6663514193360327,0.18830407705688695,0.051990298681400836,4.876540096015484,0.15340952595890334,0.07140353349839636,0.2185723735009551,0.12822948862302705,True
M3,case_td030_pa200_pp0_5_gamma_004__steady,cmaes,23,4.507495135699877,0.16844070213869514,0.05682410964235615,4.876540096015484,0.15340952595890334,0.07140353349839636,0.13637716243402614,0.12822948862302705,True
M3,case_td030_pa200_pp0_5_gamma_004__steady,cmaes,24,3.523388307840512,0.11944065854208466,0.09150744260592061,4.876540096015484,0.15340952595890334,0.07140353349839636,0.37754869587049844,0.12822948862302705,True
M3,case_td030_pa200_pp0_5_gamma_004__steady,cmaes,25,4.982858130515783,0.06249223851722546,0.07347095713599507,4.876540096015484,0.15340952595890334,0.07140353349839636,0.4244370151641975,0.12822948862302705,True
M3,case_td030_pa200_pp0_5_gamma_004__steady,cmaes,26,4.205548315213897,0.19353855433309625,0.04110158774769029,4.876540096015484,0.15340952595890334,0.07140353349839636,0.1321316463570824,0.12822948862302705,True
M3,case_td030_pa200_pp0_5_gamma_004__steady,cmaes,27,4.6939843733013085,0.16478373777324737,0.0553612104296747,4.6939843733013085,0.16478373777324737,0.0553612104296747,0.12285482814488999,0.12285482814488999,True
M3,case_td030_pa200_pp0_5_gamma_004__steady,cmaes,28,4.872749553279229,0.0981303040127787,0.04628770436424079,4.6939843733013085,0.16478373777324737,0.0553612104296747,0.29594024474233876,0.12285482814488999,True
M3,case_td030_pa200_pp0_5_gamma_004__steady,cmaes,29,4.102992487644703,0.14106648597099844,0.057112786762288904,4.6939843733013085,0.16478373777324737,0.0553612104296747,0.24675557896514147,0.12285482814488999,True
M3,case_td030_pa200_pp0_5_gamma_004__steady,cmaes,30,4.694770554284818,0.13877085537782796,0.06992462067840521,4.6939843733013085,0.16478373777324737,0.0553612104296747,0.18348722592822844,0.12285482814488999,True
M3,case_td030_pa200_pp0_5_gamma_004__steady,cmaes,31,3.9901879349848235,0.16030487866084842,0.048560845521470816,4.6939843733013085,0.16478373777324737,0.0553612104296747,0.21966483546325954,0.12285482814488999,True
M3,case_td030_pa200_pp0_5_gamma_004__steady,cmaes,32,2.4025213808451285,0.13547380785948163,0.05413841934013164,4.6939843733013085,0.16478373777324737,0.0553612104296747,0.5226843104706664,0.12285482814488999,True
M3,case_td030_pa200_pp0_5_gamma_004__steady,cmaes,33,2.4487125261622817,0.19342644707983753,0.06686284122780492,4.6939843733013085,0.16478373777324737,0.0553612104296747,0.4317291335291787,0.12285482814488999,True
M3,case_td030_pa200_pp0_5_gamma_004__steady,cmaes,34,1.8504334553884845,0.1959752214189059,0.07434326815463489,4.6939843733013085,0.16478373777324737,0.0553612104296747,0.5502585275858198,0.12285482814488999,True
M3,case_td030_pa200_pp0_5_gamma_004__steady,cmaes,35,2.1896250016187913,0.13009835282680335,0.05732630714610909,4.6939843733013085,0.16478373777324737,0.0553612104296747,0.568826006952659,0.12285482814488999,True
M3,case_td030_pa200_pp0_5_gamma_004__steady,cmaes,36,3.5609035953846018,0.18526806701873277,0.040214149663320174,4.6939843733013085,0.16478373777324737,0.0553612104296747,0.24106900023139238,0.12285482814488999,True
M3,case_td030_pa200_pp0_5_gamma_004__steady,cmaes,37,4.881375630123854,0.15395535836447127,0.06031096901407891,4.6939843733013085,0.16478373777324737,0.0553612104296747,0.12690545401127176,0.12285482814488999,True
M3,case_td030_pa200_pp0_5_gamma_004__steady,cmaes,38,3.2550594714571868,0.13641336081985833,0.0534248702707134,4.6939843733013085,0.16478373777324737,0.0553612104296747,0.378198016686719,0.12285482814488999,True
M3,case_td030_pa200_pp0_5_gamma_004__steady,cmaes,39,3.947180409961713,0.11113724878022353,0.04569151526259306,4.6939843733013085,0.16478373777324737,0.0553612104296747,0.3478833595267789,0.12285482814488999,True
M3,case_td030_pa200_pp0_5_gamma_004__steady,cmaes,40,3.508272359948678,0.09243139481152624,0.09424262200358682,4.6939843733013085,0.16478373777324737,0.0553612104296747,0.45609378039889664,0.12285482814488999,True
M3,case_td030_pa200_pp0_5_gamma_004__steady,cmaes,41,3.858237601302548,0.11157896756617863,0.06313258910720408,4.6939843733013085,0.16478373777324737,0.0553612104296747,0.3562850152098723,0.12285482814488999,True
M3,case_td030_pa200_pp0_5_gamma_004__steady,cmaes,42,3.7277814100608797,0.14703494219908783,0.06003622615609345,4.6939843733013085,0.16478373777324737,0.0553612104296747,0.28381870406543397,0.12285482814488999,True
M3,case_td030_pa200_pp0_5_gamma_004__steady,cmaes,43,3.699370193644566,0.17336360859483088,0.04983708851326835,4.6939843733013085,0.16478373777324737,0.0553612104296747,0.23772561936636086,0.12285482814488999,True
M3,case_td030_pa200_pp0_5_gamma_004__steady,cmaes,44,4.884769575305721,0.0959812794861524,0.06698965577471196,4.6939843733013085,0.16478373777324737,0.0553612104296747,0.3016609045035551,0.12285482814488999,True
M3,case_td030_pa200_pp0_5_gamma_004__steady,cmaes,45,4.246021281311041,0.18027624379942636,0.04420121640703385,4.6939843733013085,0.16478373777324737,0.0553612104296747,0.14793592059624844,0.12285482814488999,True
M3,case_td030_pa200_pp0_5_gamma_004__steady,cmaes,46,4.857291914324624,0.1468260132137149,0.06716714662347603,4.6939843733013085,0.16478373777324737,0.0553612104296747,0.14619015961364615,0.12285482814488999,True
M3,case_td030_pa200_pp0_5_gamma_004__steady,cmaes,47,4.29502891501965,0.1464388998326535,0.05849382179714899,4.6939843733013085,0.16478373777324737,0.0553612104296747,0.20977559526517112,0.12285482814488999,True
M3,case_td030_pa200_pp0_5_gamma_004__steady,cmaes,48,3.512354790691642,0.15682414715479753,0.05181163265117526,4.6939843733013085,0.16478373777324737,0.0553612104296747,0.29668910225269857,0.12285482814488999,True
M3,case_td030_pa200_pp0_5_gamma_004__steady,cmaes,49,4.161534088858874,0.16362197742439177,0.06371735423151106,4.6939843733013085,0.16478373777324737,0.0553612104296747,0.18883594256983374,0.12285482814488999,True
M3,case_td030_pa200_pp0_5_gamma_004__steady,cmaes,50,4.188881201429167,0.16768355731118384,0.05019470822255279,4.6939843733013085,0.16478373777324737,0.0553612104296747,0.17804454346752369,0.12285482814488999,True
M3,case_td030_pa200_pp0_5_gamma_004__steady,cmaes,51,4.345991797331465,0.16937444209176722,0.06626247421298287,4.6939843733013085,0.16478373777324737,0.0553612104296747,0.15363707578584593,0.12285482814488999,True
M3,case_td030_pa200_pp0_5_gamma_004__steady,cmaes,52,4.660539375015027,0.15443783516169504,0.057806374555178244,4.6939843733013085,0.16478373777324737,0.0553612104296747,0.1488193059640057,0.12285482814488999,True
M3,case_td030_pa200_pp0_5_gamma_004__steady,cmaes,53,4.65782848207503,0.1515303079278507,0.05781335058738506,4.6939843733013085,0.16478373777324737,0.0553612104296747,0.15587762311550146,0.12285482814488999,True
M3,case_td030_pa200_pp0_5_gamma_004__steady,cmaes,54,4.371405675087906,0.1839245441722206,0.047585977824767624,4.6939843733013085,0.16478373777324737,0.0553612104296747,0.1254179630093065,0.12285482814488999,True
M3,case_td030_pa200_pp0_5_gamma_004__steady,cmaes,55,4.3124545434344235,0.16167120739746008,0.05344078447034705,4.6939843733013085,0.16478373777324737,0.0553612104296747,0.17398553071669337,0.12285482814488999,True
M3,case_td030_pa200_pp0_5_gamma_004__steady,cmaes,56,4.980609449143624,0.13056239743875722,0.05772653316636542,4.6939843733013085,0.16478373777324737,0.0553612104296747,0.17896596377573784,0.12285482814488999,True
M3,case_td030_pa200_pp0_5_gamma_004__steady,cmaes,57,4.530531935633065,0.18549042360905643,0.06347826256393208,4.530531935633065,0.18549042360905643,0.06347826256393208,0.10285879191725038,0.10285879191725038,True
M3,case_td030_pa200_pp0_5_gamma_004__steady,cmaes,58,4.715446068930975,0.15030958166025965,0.06735687868074566,4.530531935633065,0.18549042360905643,0.06347826256393208,0.1521729512834457,0.10285879191725038,True
M3,case_td030_pa200_pp0_5_gamma_004__steady,cmaes,59,3.8208704550028343,0.1788036124398737,0.0600052097297383,4.530531935633065,0.18549042360905643,0.06347826256393208,0.20932521888439107,0.10285879191725038,True
M3,case_td030_pa200_pp0_5_gamma_004__steady,cmaes,60,4.4410154518048515,0.18251995367498058,0.059989312003532205,4.530531935633065,0.18549042360905643,0.06347826256393208,0.11843597187650265,0.10285879191725038,True
M3,case_td030_pa200_pp0_5_gamma_004__steady,cmaes,61,3.892183624033748,0.1580055091395412,0.06025545204583921,4.530531935633065,0.18549042360905643,0.06347826256393208,0.23727227769249715,0.10285879191725038,True
M3,case_td030_pa200_pp0_5_gamma_004__steady,cmaes,62,4.713682022715629,0.15880208780945526,0.0526731830694485,4.530531935633065,0.18549042360905643,0.06347826256393208,0.13361358533156154,0.10285879191725038,True
M3,case_td030_pa200_pp0_5_gamma_004__steady,cmaes,63,3.928714792899048,0.18143598957882917,0.06015259217154373,4.530531935633065,0.18549042360905643,0.06347826256393208,0.18892853477749424,0.10285879191725038,True
M3,case_td030_pa200_pp0_5_gamma_004__steady,cmaes,64,4.744254366469264,0.1745144697880618,0.045513882428682595,4.744254366469264,0.1745144697880618,0.045513882428682595,0.09944056288371025,0.09944056288371025,True
M3,case_td030_pa200_pp0_5_gamma_004__steady,cmaes,65,4.515238809268752,0.19629280487720313,0.06761241240586811,4.515238809268752,0.19629280487720313,0.06761241240586811,0.08827770384229154,0.08827770384229154,True
M3,case_td030_pa200_pp0_5_gamma_004__steady,cmaes,66,4.947158182996123,0.18621058005897756,0.05271929080836249,4.947158182996123,0.18621058005897756,0.05271929080836249,0.06269549805409179,0.06269549805409179,True
M3,case_td030_pa200_pp0_5_gamma_004__steady,cmaes,67,4.891382944275075,0.17853047489646623,0.06547013514603084,4.947158182996123,0.18621058005897756,0.05271929080836249,0.07733703069841957,0.06269549805409179,True
M3,case_td030_pa200_pp0_5_gamma_004__steady,cmaes,68,4.818257996629622,0.1832376259986117,0.04632057066990639,4.947158182996123,0.18621058005897756,0.05271929080836249,0.07763836696800212,0.06269549805409179,True
M3,case_td030_pa200_pp0_5_gamma_004__steady,cmaes,69,4.335837997019211,0.14835124280949244,0.06669630335292465,4.947158182996123,0.18621058005897756,0.05271929080836249,0.19988705402197182,0.06269549805409179,True
M3,case_td030_pa200_pp0_5_gamma_004__steady,cmaes,70,4.415699462782822,0.19353636654576667,0.043014920920807734,4.947158182996123,0.18621058005897756,0.05271929080836249,0.10519544126137988,0.06269549805409179,True
M3,case_td030_pa200_pp0_5_gamma_004__steady,cmaes,71,4.492493261966428,0.19757332345239897,0.04115384829881862,4.947158182996123,0.18621058005897756,0.05271929080836249,0.09059067876015162,0.06269549805409179,True
M3,case_td030_pa200_pp0_5_gamma_004__steady,cmaes,72,4.701307463758937,0.17144857116461037,0.05508171532782379,4.947158182996123,0.18621058005897756,0.05271929080836249,0.10894963776174992,0.06269549805409179,True
M3,case_td030_pa200_pp0_5_gamma_004__steady,cmaes,73,4.3277662568632795,0.17181643376006162,0.06369184841244005,4.947158182996123,0.18621058005897756,0.05271929080836249,0.15138163172133418,0.06269549805409179,True
M3,case_td030_pa200_pp0_5_gamma_004__steady,cmaes,74,4.811515896195244,0.19375334656805038,0.04303893671461643,4.947158182996123,0.18621058005897756,0.05271929080836249,0.06449413500693076,0.06269549805409179,True
M3,case_td030_pa200_pp0_5_gamma_004__steady,cmaes,75,4.878169563332474,0.17061275447754504,0.05054660814313802,4.947158182996123,0.18621058005897756,0.05271929080836249,0.09293417321384781,0.06269549805409179,True
M3,case_td030_pa200_pp0_5_gamma_004__steady,cmaes,76,4.822950049320916,0.15887508815806167,0.05657933322943874,4.947158182996123,0.18621058005897756,0.05271929080836249,0.12184702091013401,0.06269549805409179,True
M3,case_td030_pa200_pp0_5_gamma_004__steady,cmaes,77,4.9765085222297065,0.15191779549107043,0.058828740785804794,4.947158182996123,0.18621058005897756,0.05271929080836249,0.1225878995209324,0.06269549805409179,True
M3,case_td030_pa200_pp0_5_gamma_004__steady,cmaes,78,4.240254677387156,0.18334643203655704,0.04623952791889623,4.947158182996123,0.18621058005897756,0.05271929080836249,0.1433088405075109,0.06269549805409179,True
M3,case_td030_pa200_pp0_5_gamma_004__steady,cmaes,79,4.73478125324331,0.1823270027590882,0.07282599830548168,4.947158182996123,0.18621058005897756,0.05271929080836249,0.08576728846768679,0.06269549805409179,True
M3,case_td030_pa200_pp0_5_gamma_004__steady,cmaes,80,4.86550273812909,0.19123773594432197,0.051574036414301444,4.947158182996123,0.18621058005897756,0.05271929080836249,0.06278963723360174,0.06269549805409179,True
M3,case_td030_pa200_pp0_5_gamma_004__steady,cmaes,81,4.722126788783637,0.1572702996432499,0.0516528748771591,4.947158182996123,0.18621058005897756,0.05271929080836249,0.1361736204254372,0.06269549805409179,True
M3,case_td030_pa200_pp0_5_gamma_004__steady,cmaes,82,4.774456903340802,0.19600029624443205,0.0696585939353708,4.947158182996123,0.18621058005897756,0.05271929080836249,0.06372173825787364,0.06269549805409179,True
M3,case_td030_pa200_pp0_5_gamma_004__steady,cmaes,83,4.622969442582969,0.17832405642197124,0.05820205695496658,4.947158182996123,0.18621058005897756,0.05271929080836249,0.10476381505802941,0.06269549805409179,True
M3,case_td030_pa200_pp0_5_gamma_004__steady,cmaes,84,4.961948868442924,0.18483500706042033,0.05059893008495829,4.947158182996123,0.18621058005897756,0.05271929080836249,0.06341579484517275,0.06269549805409179,True
M3,case_td030_pa200_pp0_5_gamma_004__steady,cmaes,85,4.798882579816659,0.196788140015552,0.06544326490764274,4.798882579816659,0.196788140015552,0.06544326490764274,0.06116503439077679,0.06116503439077679,True
M3,case_td030_pa200_pp0_5_gamma_004__steady,cmaes,86,4.562657615940875,0.19539742828748974,0.045943579893343064,4.798882579816659,0.196788140015552,0.06544326490764274,0.08550672473343746,0.06116503439077679,True
M3,case_td030_pa200_pp0_5_gamma_004__steady,cmaes,87,4.746582718385963,0.18001543532452524,0.05651470319760776,4.798882579816659,0.196788140015552,0.06544326490764274,0.08897977166133318,0.06116503439077679,True
M3,case_td030_pa200_pp0_5_gamma_004__steady,cmaes,88,4.999723276454789,0.18129939583568594,0.055434432989644206,4.798882579816659,0.196788140015552,0.06544326490764274,0.06498483952089404,0.06116503439077679,True
M3,case_td030_pa200_pp0_5_gamma_004__steady,cmaes,89,4.498765443321703,0.1868707905401935,0.06057579242698624,4.798882579816659,0.196788140015552,0.06544326490764274,0.10444637212494634,0.06116503439077679,True
M3,case_td030_pa200_pp0_5_gamma_004__steady,cmaes,90,4.616657953533467,0.17575866665468443,0.054573870979953906,4.798882579816659,0.196788140015552,0.06544326490764274,0.11021981856984484,0.06116503439077679,True
M3,case_td030_pa200_pp0_5_gamma_004__steady,cmaes,91,4.815847043087466,0.1579929153375348,0.057588260764455515,4.798882579816659,0.196788140015552,0.06544326490764274,0.12445573608532468,0.06116503439077679,True
M3,case_td030_pa200_pp0_5_gamma_004__steady,cmaes,92,4.483152274187894,0.1937317172793842,0.044576378068987225,4.798882579816659,0.196788140015552,0.06544326490764274,0.09683155725947118,0.06116503439077679,True
M3,case_td030_pa200_pp0_5_gamma_004__steady,cmaes,93,4.760120876015309,0.187437931658109,0.04962895366715746,4.798882579816659,0.196788140015552,0.06544326490764274,0.07664396044622208,0.06116503439077679,True
M3,case_td030_pa200_pp0_5_gamma_004__steady,cmaes,94,4.91790824636626,0.1967823295606711,0.05770439435268902,4.91790824636626,0.1967823295606711,0.05770439435268902,0.05418118321424566,0.05418118321424566,True
M3,case_td030_pa200_pp0_5_gamma_004__steady,cmaes,95,4.476618404378751,0.17949130744570319,0.06790377097637083,4.91790824636626,0.1967823295606711,0.05770439435268902,0.11900655073739927,0.05418118321424566,True
M3,case_td030_pa200_pp0_5_gamma_004__steady,cmaes,96,4.597887340953674,0.1762814476942262,0.06514798314649763,4.91790824636626,0.1967823295606711,0.05770439435268902,0.11081985027825954,0.05418118321424566,True
M3,case_td030_pa200_pp0_5_gamma_004__steady,cmaes,97,4.946616978377189,0.18138079405677154,0.05158013014839634,4.91790824636626,0.1967823295606711,0.05770439435268902,0.06907475323806453,0.05418118321424566,True
M3,case_td030_pa200_pp0_5_gamma_004__steady,cmaes,98,4.540403944982291,0.18413855683880886,0.04587229188210229,4.91790824636626,0.1967823295606711,0.05770439435268902,0.10499865413687387,0.05418118321424566,True
M3,case_td030_pa200_pp0_5_gamma_004__steady,cmaes,99,4.998370156947426,0.19185455388404482,0.05222588906445677,4.998370156947426,0.19185455388404482,0.05222588906445677,0.05416876182560097,0.05416876182560097,True
M3,case_td030_pa200_pp0_5_gamma_004__steady,cmaes,100,4.793242502083158,0.19325517003921144,0.053813951621646074,4.998370156947426,0.19185455388404482,0.05222588906445677,0.0659205698277333,0.05416876182560097,True
M3,case_td030_pa200_pp0_5_gamma_004__steady,tpe,1,3.0,0.125,0.07,3.0,0.125,0.07,0.4420755918508906,0.4420755918508906,True
M3,case_td030_pa200_pp0_5_gamma_004__steady,tpe,2,3.521635756509514,0.1710554285855088,0.07681783094745753,3.521635756509514,0.1710554285855088,0.07681783094745753,0.2682957654365169,0.2682957654365169,True
M3,case_td030_pa200_pp0_5_gamma_004__steady,tpe,3,3.6387704942886097,0.18402117793521588,0.04337665815834715,3.6387704942886097,0.18402117793521588,0.04337665815834715,0.23021228986192166,0.23021228986192166,True
M3,case_td030_pa200_pp0_5_gamma_004__steady,tpe,4,3.0581857447315373,0.14311417038198104,0.08226311609660895,3.6387704942886097,0.18402117793521588,0.04337665815834715,0.39491555256046684,0.23021228986192166,True
M3,case_td030_pa200_pp0_5_gamma_004__steady,tpe,5,2.0350745721342554,0.19845069914742808,0.08959093954107587,3.6387704942886097,0.18402117793521588,0.04337665815834715,0.5096908040844023,0.23021228986192166,True
M3,case_td030_pa200_pp0_5_gamma_004__steady,tpe,6,2.3239605161371872,0.11302027450625081,0.08696485167949544,3.6387704942886097,0.18402117793521588,0.04337665815834715,0.5751168049239804,0.23021228986192166,True
M3,case_td030_pa200_pp0_5_gamma_004__steady,tpe,7,2.954116746000916,0.07844710798934793,0.08497311919482561,3.6387704942886097,0.18402117793521588,0.04337665815834715,0.5663795675452775,0.23021228986192166,True
M3,case_td030_pa200_pp0_5_gamma_004__steady,tpe,8,3.6709300938906404,0.13184225450385811,0.06148982994865629,3.6387704942886097,0.18402117793521588,0.04337665815834715,0.3267201843743305,0.23021228986192166,True
M3,case_td030_pa200_pp0_5_gamma_004__steady,tpe,9,2.802739786318662,0.059357331741392655,0.06258916924050839,3.6387704942886097,0.18402117793521588,0.04337665815834715,0.6391548983949586,0.23021228986192166,True
M3,case_td030_pa200_pp0_5_gamma_004__steady,tpe,10,4.304639328190438,0.11626497977908695,0.04648818803350748,3.6387704942886097,0.18402117793521588,0.04337665815834715,0.29119280659732355,0.23021228986192166,True
M3,case_td030_pa200_pp0_5_gamma_004__steady,tpe,11,3.226125221421625,0.10280601431473094,0.09851111656646444,3.6387704942886097,0.18402117793521588,0.04337665815834715,0.46264114267421597,0.23021228986192166,True
M3,case_td030_pa200_pp0_5_gamma_004__steady,tpe,12,2.4083740958365394,0.18618031544866015,0.07512636993013003,3.6387704942886097,0.18402117793521588,0.04337665815834715,0.4482694111621118,0.23021228986192166,True
M3,case_td030_pa200_pp0_5_gamma_004__steady,tpe,13,2.6474510920867695,0.0894592205557804,0.0749135697974976,3.6387704942886097,0.18402117793521588,0.04337665815834715,0.5780835548286425,0.23021228986192166,True
M3,case_td030_pa200_pp0_5_gamma_004__steady,tpe,14,3.3715908600211306,0.09053120927278266,0.0833486291940534,3.6387704942886097,0.18402117793521588,0.04337665815834715,0.4788138864946939,0.23021228986192166,True
M3,case_td030_pa200_pp0_5_gamma_004__steady,tpe,15,1.3735998527605182,0.11582958471483737,0.06654127321696066,3.6387704942886097,0.18402117793521588,0.04337665815834715,0.7246633814961956,0.23021228986192166,True
M3,case_td030_pa200_pp0_5_gamma_004__steady,tpe,16,3.9864760952494898,0.19388455173258015,0.045003979544051116,3.9864760952494898,0.19388455173258015,0.045003979544051116,0.16189077487340656,0.16189077487340656,True
M3,case_td030_pa200_pp0_5_gamma_004__steady,tpe,17,3.7952166560773666,0.18933861568640392,0.04593314313433158,3.9864760952494898,0.19388455173258015,0.045003979544051116,0.1973074366676726,0.16189077487340656,True
M3,case_td030_pa200_pp0_5_gamma_004__steady,tpe,18,4.931172332539453,0.18198831607736657,0.05284232029469431,4.931172332539453,0.18198831607736657,0.05284232029469431,0.06937956819124684,0.06937956819124684,True
M3,case_td030_pa200_pp0_5_gamma_004__steady,tpe,19,4.464336625783232,0.18062432485699348,0.0634392356918661,4.931172332539453,0.18198831607736657,0.05284232029469431,0.11869493497950628,0.06937956819124684,True
M3,case_td030_pa200_pp0_5_gamma_004__steady,tpe,20,4.90902912116688,0.17283090544073007,0.07300541435492838,4.931172332539453,0.18198831607736657,0.05284232029469431,0.08505221472541392,0.06937956819124684,True
M3,case_td030_pa200_pp0_5_gamma_004__steady,tpe,21,4.983609994828923,0.16037827002340416,0.09004583319936127,4.931172332539453,0.18198831607736657,0.05284232029469431,0.1022621247423403,0.06937956819124684,True
M3,case_td030_pa200_pp0_5_gamma_004__steady,tpe,22,4.837822916061798,0.16174653556755808,0.09093643759838616,4.931172332539453,0.18198831607736657,0.05284232029469431,0.1133653766766322,0.06937956819124684,True
M3,case_td030_pa200_pp0_5_gamma_004__steady,tpe,23,4.919676742521781,0.12695742704701343,0.07385155287297071,4.931172332539453,0.18198831607736657,0.05284232029469431,0.19472449736568426,0.06937956819124684,True
M3,case_td030_pa200_pp0_5_gamma_004__steady,tpe,24,4.396735281488665,0.17080364062679929,0.08093886672446013,4.931172332539453,0.18198831607736657,0.05284232029469431,0.14419555217955837,0.06937956819124684,True
M3,case_td030_pa200_pp0_5_gamma_004__steady,tpe,25,4.922594375607223,0.1771797430850891,0.060858085732063846,4.931172332539453,0.18198831607736657,0.05284232029469431,0.07694052734792879,0.06937956819124684,True
M3,case_td030_pa200_pp0_5_gamma_004__steady,tpe,26,4.666445458078291,0.1666225633781157,0.057252388281170886,4.931172332539453,0.18198831607736657,0.05284232029469431,0.12199246816155987,0.06937956819124684,True
M3,case_td030_pa200_pp0_5_gamma_004__steady,tpe,27,4.987363027429106,0.19044446014184346,0.05266989160368908,4.987363027429106,0.19044446014184346,0.05266989160368908,0.05583525238320163,0.05583525238320163,True
M3,case_td030_pa200_pp0_5_gamma_004__steady,tpe,28,4.825080986883901,0.1796032817551127,0.05086738968042743,4.987363027429106,0.19044446014184346,0.05266989160368908,0.08236716233738962,0.05583525238320163,True
M3,case_td030_pa200_pp0_5_gamma_004__steady,tpe,29,2.6517045297222293,0.11277719467469408,0.04304195692247202,4.987363027429106,0.19044446014184346,0.05266989160368908,0.525257428797054,0.05583525238320163,True
M3,case_td030_pa200_pp0_5_gamma_004__steady,tpe,30,4.942481654354567,0.18740456336084022,0.05830823876771424,4.987363027429106,0.19044446014184346,0.05266989160368908,0.06139576775058159,0.05583525238320163,True
M3,case_td030_pa200_pp0_5_gamma_004__steady,tpe,31,4.657742413168099,0.16585571812243086,0.04156234997102773,4.987363027429106,0.19044446014184346,0.05266989160368908,0.12562960358003133,0.05583525238320163,True
M3,case_td030_pa200_pp0_5_gamma_004__steady,tpe,32,4.843783894786569,0.177673409675658,0.05948886898514567,4.987363027429106,0.19044446014184346,0.05266989160368908,0.08329174435511079,0.05583525238320163,True
M3,case_td030_pa200_pp0_5_gamma_004__steady,tpe,33,4.8625966993298055,0.19951892605444466,0.04333720187229055,4.8625966993298055,0.19951892605444466,0.04333720187229055,0.05552032365608831,0.05552032365608831,True
M3,case_td030_pa200_pp0_5_gamma_004__steady,tpe,34,4.696216864042601,0.19930911317873562,0.04250145945079142,4.8625966993298055,0.19951892605444466,0.04333720187229055,0.06770375605502521,0.05552032365608831,True
M3,case_td030_pa200_pp0_5_gamma_004__steady,tpe,35,4.882062425395996,0.19960903657301682,0.0425592728524163,4.882062425395996,0.19960903657301682,0.0425592728524163,0.05447449242965914,0.05447449242965914,True
M3,case_td030_pa200_pp0_5_gamma_004__steady,tpe,36,4.969187543752056,0.18008640485916688,0.04018967265037107,4.882062425395996,0.19960903657301682,0.0425592728524163,0.06985637193567386,0.05447449242965914,True
M3,case_td030_pa200_pp0_5_gamma_004__steady,tpe,37,1.0111941902283337,0.1851134112877676,0.05641534581565507,4.882062425395996,0.19960903657301682,0.0425592728524163,0.7220058829634625,0.05447449242965914,True
M3,case_td030_pa200_pp0_5_gamma_004__steady,tpe,38,1.0326493964817873,0.06481991541434637,0.08708034240253826,4.882062425395996,0.19960903657301682,0.0425592728524163,0.828959754097629,0.05447449242965914,True
M3,case_td030_pa200_pp0_5_gamma_004__steady,tpe,39,3.760425197576446,0.19937710414332638,0.062274317433676285,4.882062425395996,0.19960903657301682,0.0425592728524163,0.1869576869184681,0.05447449242965914,True
M3,case_td030_pa200_pp0_5_gamma_004__steady,tpe,40,1.150352025544015,0.08276312172477465,0.04930409876381291,4.882062425395996,0.19960903657301682,0.0425592728524163,0.7954875039635566,0.05447449242965914,True
M3,case_td030_pa200_pp0_5_gamma_004__steady,tpe,41,4.789097050294156,0.05140445104577061,0.08218660131132079,4.882062425395996,0.19960903657301682,0.0425592728524163,0.48333923191839184,0.05447449242965914,True
M3,case_td030_pa200_pp0_5_gamma_004__steady,tpe,42,4.845161938318075,0.18923688397038216,0.04999276462970185,4.882062425395996,0.19960903657301682,0.0425592728524163,0.0668118158116571,0.05447449242965914,True
M3,case_td030_pa200_pp0_5_gamma_004__steady,tpe,43,4.478077068400816,0.1993198331471997,0.05297483235368832,4.882062425395996,0.19960903657301682,0.0425592728524163,0.08900032495075452,0.05447449242965914,True
M3,case_td030_pa200_pp0_5_gamma_004__steady,tpe,44,4.874856667970112,0.19376512445079577,0.04301112502024863,4.882062425395996,0.19960903657301682,0.0425592728524163,0.05988620598628615,0.05447449242965914,True
M3,case_td030_pa200_pp0_5_gamma_004__steady,tpe,45,4.827773783028869,0.19967272388518387,0.040553889690777604,4.882062425395996,0.19960903657301682,0.0425592728524163,0.05756593187186784,0.05447449242965914,True
M3,case_td030_pa200_pp0_5_gamma_004__steady,tpe,46,4.939296466340574,0.18502068300187235,0.040063562844263614,4.882062425395996,0.19960903657301682,0.0425592728524163,0.06545671015026198,0.05447449242965914,True
M3,case_td030_pa200_pp0_5_gamma_004__steady,tpe,47,4.657414718955015,0.197987573697273,0.04089598851542021,4.882062425395996,0.19960903657301682,0.0425592728524163,0.07289951071828982,0.05447449242965914,True
M3,case_td030_pa200_pp0_5_gamma_004__steady,tpe,48,4.780250441354016,0.19792268296249152,0.045178838598078294,4.882062425395996,0.19960903657301682,0.0425592728524163,0.06223580678585807,0.05447449242965914,True
M3,case_td030_pa200_pp0_5_gamma_004__steady,tpe,49,1.4382457231241839,0.1450546844110203,0.04156868328612649,4.882062425395996,0.19960903657301682,0.0425592728524163,0.6827209761539779,0.05447449242965914,True
M3,case_td030_pa200_pp0_5_gamma_004__steady,tpe,50,4.997903425103227,0.19583718665634717,0.041426360511124055,4.997903425103227,0.19583718665634717,0.041426360511124055,0.052000553461212025,0.052000553461212025,True
M3,case_td030_pa200_pp0_5_gamma_004__steady,tpe,51,4.984624749724855,0.13839682997857936,0.04962764272122892,4.997903425103227,0.19583718665634717,0.041426360511124055,0.15690812396704276,0.052000553461212025,True
M3,case_td030_pa200_pp0_5_gamma_004__steady,tpe,52,4.249423447013189,0.19448783504925482,0.04025035498266217,4.997903425103227,0.19583718665634717,0.041426360511124055,0.12496288081679247,0.052000553461212025,True
M3,case_td030_pa200_pp0_5_gamma_004__steady,tpe,53,4.712135189904831,0.19945252594781301,0.04160068721574213,4.997903425103227,0.19583718665634717,0.041426360511124055,0.06624188930445168,0.052000553461212025,True
M3,case_td030_pa200_pp0_5_gamma_004__steady,tpe,54,4.793060689976651,0.17034232585272804,0.040009060847513725,4.997903425103227,0.19583718665634717,0.041426360511124055,0.10262405283950776,0.052000553461212025,True
M3,case_td030_pa200_pp0_5_gamma_004__steady,tpe,55,4.9885535285113525,0.19644857243347916,0.043813490835669475,4.9885535285113525,0.19644857243347916,0.043813490835669475,0.05191843731740182,0.05191843731740182,True
M3,case_td030_pa200_pp0_5_gamma_004__steady,tpe,56,1.0600043072869032,0.17817647005281426,0.08942263027896279,4.9885535285113525,0.19644857243347916,0.043813490835669475,0.7183582546802486,0.05191843731740182,True
M3,case_td030_pa200_pp0_5_gamma_004__steady,tpe,57,4.984573686024337,0.1890724387226955,0.0487710887015884,4.9885535285113525,0.19644857243347916,0.043813490835669475,0.057397272019888104,0.05191843731740182,True
M3,case_td030_pa200_pp0_5_gamma_004__steady,tpe,58,4.969124075378815,0.19529107804275353,0.05273985280066724,4.9885535285113525,0.19644857243347916,0.043813490835669475,0.05304636839529723,0.05191843731740182,True
M3,case_td030_pa200_pp0_5_gamma_004__steady,tpe,59,4.891513813196793,0.19033272698973516,0.05722512357131396,4.9885535285113525,0.19644857243347916,0.043813490835669475,0.06168360825158355,0.05191843731740182,True
M3,case_td030_pa200_pp0_5_gamma_004__steady,tpe,60,4.115617742471002,0.19512223718948843,0.05460169724709752,4.9885535285113525,0.19644857243347916,0.043813490835669475,0.1409981989541429,0.05191843731740182,True
M3,case_td030_pa200_pp0_5_gamma_004__steady,tpe,61,4.996158770597657,0.18875975735582032,0.04768408787441139,4.9885535285113525,0.19644857243347916,0.043813490835669475,0.05708561428839903,0.05191843731740182,True
M3,case_td030_pa200_pp0_5_gamma_004__steady,tpe,62,4.947875533423027,0.19362117543293958,0.05215164499799359,4.9885535285113525,0.19644857243347916,0.043813490835669475,0.05525980768772664,0.05191843731740182,True
M3,case_td030_pa200_pp0_5_gamma_004__steady,tpe,63,4.381108628044494,0.1961079087165394,0.05606563820541135,4.9885535285113525,0.19644857243347916,0.043813490835669475,0.10471242291916426,0.05191843731740182,True
M3,case_td030_pa200_pp0_5_gamma_004__steady,tpe,64,4.811931937950277,0.18530435984961052,0.05240336826674956,4.9885535285113525,0.19644857243347916,0.043813490835669475,0.07479510954864214,0.05191843731740182,True
M3,case_td030_pa200_pp0_5_gamma_004__steady,tpe,65,3.658960795092029,0.15508926176404095,0.05319854464896658,4.9885535285113525,0.19644857243347916,0.043813490835669475,0.2775845169209257,0.05191843731740182,True
M3,case_td030_pa200_pp0_5_gamma_004__steady,tpe,66,4.974623008502966,0.18374029034853923,0.049836195845080214,4.9885535285113525,0.19644857243347916,0.043813490835669475,0.06391248183995431,0.05191843731740182,True
M3,case_td030_pa200_pp0_5_gamma_004__steady,tpe,67,4.605682876112715,0.19992353497976317,0.05127837931306452,4.9885535285113525,0.19644857243347916,0.043813490835669475,0.07481514673096254,0.05191843731740182,True
M3,case_td030_pa200_pp0_5_gamma_004__steady,tpe,68,4.920595794100446,0.07848297147161243,0.0411138547442589,4.9885535285113525,0.19644857243347916,0.043813490835669475,0.36665285625633826,0.05191843731740182,True
M3,case_td030_pa200_pp0_5_gamma_004__steady,tpe,69,4.848964365275315,0.19737999266074452,0.05796778391596506,4.9885535285113525,0.19644857243347916,0.043813490835669475,0.057480161157714545,0.05191843731740182,True
M3,case_td030_pa200_pp0_5_gamma_004__steady,tpe,70,4.928677590843776,0.19566917509708712,0.05292501216179814,4.9885535285113525,0.19644857243347916,0.043813490835669475,0.05461566650158392,0.05191843731740182,True
M3,case_td030_pa200_pp0_5_gamma_004__steady,tpe,71,2.4880950950061362,0.14033075845113072,0.09613290203269001,4.9885535285113525,0.19644857243347916,0.043813490835669475,0.49796968668951974,0.05191843731740182,True
M3,case_td030_pa200_pp0_5_gamma_004__steady,tpe,72,4.135976930065878,0.1626669011731888,0.04803484284510465,4.9885535285113525,0.19644857243347916,0.043813490835669475,0.1951399825710173,0.05191843731740182,True
M3,case_td030_pa200_pp0_5_gamma_004__steady,tpe,73,4.989634707873626,0.19420669498349077,0.054137292321669944,4.9885535285113525,0.19644857243347916,0.043813490835669475,0.05286193115742282,0.05191843731740182,True
M3,case_td030_pa200_pp0_5_gamma_004__steady,tpe,74,4.945633570419378,0.19214086396018903,0.051836339741725884,4.9885535285113525,0.19644857243347916,0.043813490835669475,0.05664722138747989,0.05191843731740182,True
M3,case_td030_pa200_pp0_5_gamma_004__steady,tpe,75,4.96138692672539,0.19200242810460985,0.057062983498466474,4.9885535285113525,0.19644857243347916,0.043813490835669475,0.05572144762600841,0.05191843731740182,True
M3,case_td030_pa200_pp0_5_gamma_004__steady,tpe,76,4.911830799234591,0.15441773511237938,0.051627748214654975,4.9885535285113525,0.19644857243347916,0.043813490835669475,0.1233532298198601,0.05191843731740182,True
M3,case_td030_pa200_pp0_5_gamma_004__steady,tpe,77,2.387615375406975,0.0626101867356986,0.09759371605428872,4.9885535285113525,0.19644857243347916,0.043813490835669475,0.6769469434340291,0.05191843731740182,True
M3,case_td030_pa200_pp0_5_gamma_004__steady,tpe,78,4.904676619652153,0.19764707218153393,0.053242930330158075,4.9885535285113525,0.19644857243347916,0.043813490835669475,0.05434210059206469,0.05191843731740182,True
M3,case_td030_pa200_pp0_5_gamma_004__steady,tpe,79,1.2986990122110873,0.11863507575484306,0.09164900122279762,4.9885535285113525,0.19644857243347916,0.043813490835669475,0.7323179348015945,0.05191843731740182,True
M3,case_td030_pa200_pp0_5_gamma_004__steady,tpe,80,4.134522714495489,0.0735026957168754,0.09977216877292,4.9885535285113525,0.19644857243347916,0.043813490835669475,0.4524266240797265,0.05191843731740182,True
M3,case_td030_pa200_pp0_5_gamma_004__steady,tpe,81,4.879221063138793,0.19907796081871443,0.05396822440330195,4.9885535285113525,0.19644857243347916,0.043813490835669475,0.05456044479410715,0.05191843731740182,True
M3,case_td030_pa200_pp0_5_gamma_004__steady,tpe,82,4.935460716141272,0.19556386752942917,0.06605474936348511,4.9885535285113525,0.19644857243347916,0.043813490835669475,0.05401400213913333,0.05191843731740182,True
M3,case_td030_pa200_pp0_5_gamma_004__steady,tpe,83,4.514327871137476,0.18735876450678152,0.06783888617185532,4.9885535285113525,0.19644857243347916,0.043813490835669475,0.10156680176291621,0.05191843731740182,True
M3,case_td030_pa200_pp0_5_gamma_004__steady,tpe,84,4.814073885852551,0.19565077899052014,0.05540874042979992,4.9885535285113525,0.19644857243347916,0.043813490835669475,0.061587795043090955,0.05191843731740182,True
M3,case_td030_pa200_pp0_5_gamma_004__steady,tpe,85,3.9858596129689117,0.06860257690443905,0.062090368684264756,4.9885535285113525,0.19644857243347916,0.043813490835669475,0.4850499174183732,0.05191843731740182,True
M3,case_td030_pa200_pp0_5_gamma_004__steady,tpe,86,4.999963259311951,0.19539537614278402,0.06118230069184026,4.999963259311951,0.19539537614278402,0.06118230069184026,0.051648655112021484,0.051648655112021484,True
M3,case_td030_pa200_pp0_5_gamma_004__steady,tpe,87,4.825134793442171,0.19184855914812346,0.07827106109049894,4.999963259311951,0.19539537614278402,0.06118230069184026,0.06430310796753584,0.051648655112021484,True
M3,case_td030_pa200_pp0_5_gamma_004__steady,tpe,88,4.864266054894533,0.18152934805662838,0.06909094146667806,4.999963259311951,0.19539537614278402,0.06118230069184026,0.07498463446592198,0.051648655112021484,True
M3,case_td030_pa200_pp0_5_gamma_004__steady,tpe,89,4.879463510864634,0.15939718157916302,0.06386540623250582,4.999963259311951,0.19539537614278402,0.06118230069184026,0.11470524004239606,0.051648655112021484,True
M3,case_td030_pa200_pp0_5_gamma_004__steady,tpe,90,4.709470800256343,0.19894329141949696,0.06291933848691905,4.999963259311951,0.19539537614278402,0.06118230069184026,0.06594578096524799,0.051648655112021484,True
M3,case_td030_pa200_pp0_5_gamma_004__steady,tpe,91,4.786273799315915,0.1955651798980435,0.07022203346425629,4.999963259311951,0.19539537614278402,0.06118230069184026,0.0632675514486452,0.051648655112021484,True
M3,case_td030_pa200_pp0_5_gamma_004__steady,tpe,92,4.983447682518065,0.19055653289407504,0.05868126003830829,4.999963259311951,0.19539537614278402,0.06118230069184026,0.05574325285386938,0.051648655112021484,True
M3,case_td030_pa200_pp0_5_gamma_004__steady,tpe,93,1.899565692153355,0.14702055243663753,0.06050515732382113,4.999963259311951,0.19539537614278402,0.06118230069184026,0.5964932206577593,0.051648655112021484,True
M3,case_td030_pa200_pp0_5_gamma_004__steady,tpe,94,4.7452465544151226,0.19792519454821483,0.062342570162534125,4.999963259311951,0.19539537614278402,0.06118230069184026,0.06415166053287374,0.051648655112021484,True
M3,case_td030_pa200_pp0_5_gamma_004__steady,tpe,95,4.947343190054621,0.1994291630827183,0.04771864785400711,4.999963259311951,0.19539537614278402,0.06118230069184026,0.05168747243122919,0.051648655112021484,True
M3,case_td030_pa200_pp0_5_gamma_004__steady,tpe,96,3.6082769581796486,0.13815782497474918,0.0778505510285571,4.999963259311951,0.19539537614278402,0.06118230069184026,0.32010128048540215,0.051648655112021484,True
M3,case_td030_pa200_pp0_5_gamma_004__steady,tpe,97,4.035207863013623,0.1967381744219357,0.05120760176225714,4.999963259311951,0.19539537614278402,0.06118230069184026,0.15017267994321817,0.051648655112021484,True
M3,case_td030_pa200_pp0_5_gamma_004__steady,tpe,98,4.987747126202803,0.19641302924559512,0.04849397627954122,4.999963259311951,0.19539537614278402,0.06118230069184026,0.0518245758854533,0.051648655112021484,True
M3,case_td030_pa200_pp0_5_gamma_004__steady,tpe,99,4.424599266927412,0.17204650385485962,0.04410255787030327,4.999963259311951,0.19539537614278402,0.06118230069184026,0.1402362902100398,0.051648655112021484,True
M3,case_td030_pa200_pp0_5_gamma_004__steady,tpe,100,4.976224416275756,0.19799181005076935,0.04319051952949643,4.976224416275756,0.19799181005076935,0.04319051952949643,0.05157235431250758,0.05157235431250758,True
M3,case_td030_pa200_pp0_5_gamma_004__steady,random,1,3.0,0.125,0.07,3.0,0.125,0.07,0.4420755918508906,0.4420755918508906,True
M3,case_td030_pa200_pp0_5_gamma_004__steady,random,2,1.1092543560228774,0.07326141548322657,0.07344917105732607,3.0,0.125,0.07,0.8109420987102874,0.4420755918508906,True
M3,case_td030_pa200_pp0_5_gamma_004__steady,random,3,3.494918964092694,0.10782172090507816,0.048894353295061393,3.494918964092694,0.10782172090507816,0.048894353295061393,0.41431453344538505,0.41431453344538505,True
M3,case_td030_pa200_pp0_5_gamma_004__steady,random,4,2.373287205462936,0.14381682515527003,0.0941513192947325,3.494918964092694,0.10782172090507816,0.048894353295061393,0.5129730552158948,0.41431453344538505,True
M3,case_td030_pa200_pp0_5_gamma_004__steady,random,5,4.965865520635298,0.13878902953570094,0.04644868184923032,4.965865520635298,0.13878902953570094,0.04644868184923032,0.15782501220758025,0.15782501220758025,True
M3,case_td030_pa200_pp0_5_gamma_004__steady,random,6,2.9747720789428214,0.07429424016110323,0.06172657247079687,4.965865520635298,0.13878902953570094,0.04644868184923032,0.5765624443274392,0.15782501220758025,True
M3,case_td030_pa200_pp0_5_gamma_004__steady,random,7,2.8644726599679298,0.15785348968254703,0.04517092400633551,4.965865520635298,0.13878902953570094,0.04644868184923032,0.4036745065686714,0.15782501220758025,True
M3,case_td030_pa200_pp0_5_gamma_004__steady,random,8,4.152463437321876,0.18382455563086153,0.09228286165383183,4.152463437321876,0.18382455563086153,0.09228286165383183,0.15258513696261697,0.15258513696261697,True
M3,case_td030_pa200_pp0_5_gamma_004__steady,random,9,1.9000365798969345,0.13735483670497328,0.09026606164954268,4.152463437321876,0.18382455563086153,0.09228286165383183,0.6082976823423855,0.15258513696261697,True
M3,case_td030_pa200_pp0_5_gamma_004__steady,random,10,1.2754587613659063,0.07655947578498729,0.08588348037207641,4.152463437321876,0.18382455563086153,0.09228286165383183,0.786855638203362,0.15258513696261697,True
M3,case_td030_pa200_pp0_5_gamma_004__steady,random,11,2.4537226329712842,0.14847011114271236,0.05748767023409744,4.152463437321876,0.18382455563086153,0.09228286165383183,0.4921678458312669,0.15258513696261697,True
M3,case_td030_pa200_pp0_5_gamma_004__steady,random,12,2.5773287594489895,0.11437241473455474,0.050000032413619944,4.152463437321876,0.18382455563086153,0.09228286165383183,0.5331825312521107,0.15258513696261697,True
M3,case_td030_pa200_pp0_5_gamma_004__steady,random,13,3.852397520556497,0.12868750453038824,0.0899733764239766,4.152463437321876,0.18382455563086153,0.09228286165383183,0.3092785446342324,0.15258513696261697,True
M3,case_td030_pa200_pp0_5_gamma_004__steady,random,14,1.3792627830726643,0.19564060617392698,0.09308520244805404,4.152463437321876,0.18382455563086153,0.09228286165383183,0.6448190741058286,0.15258513696261697,True
M3,case_td030_pa200_pp0_5_gamma_004__steady,random,15,3.585011987219684,0.14276291806349647,0.05327004968145043,4.152463437321876,0.18382455563086153,0.09228286165383183,0.31435925966110817,0.15258513696261697,True
M3,case_td030_pa200_pp0_5_gamma_004__steady,random,16,4.460469013482904,0.09188500238721647,0.0507811144577963,4.152463437321876,0.18382455563086153,0.09228286165383183,0.35563175739036906,0.15258513696261697,True
M3,case_td030_pa200_pp0_5_gamma_004__steady,random,17,4.0585051939884815,0.11016855927065142,0.060930794700822646,4.152463437321876,0.18382455563086153,0.09228286165383183,0.33670436116087143,0.15258513696261697,True
M3,case_td030_pa200_pp0_5_gamma_004__steady,random,18,1.2490926841225365,0.0570577764628577,0.09999128235521741,4.152463437321876,0.18382455563086153,0.09228286165383183,0.8158251256402546,0.15258513696261697,True
M3,case_td030_pa200_pp0_5_gamma_004__steady,random,19,3.6405410453532996,0.13367673355818704,0.05787328863190139,4.152463437321876,0.18382455563086153,0.09228286165383183,0.3267790557041499,0.15258513696261697,True
M3,case_td030_pa200_pp0_5_gamma_004__steady,random,20,2.113076830374829,0.14741500602316623,0.06627087545514085,4.152463437321876,0.18382455563086153,0.09228286165383183,0.5561754021189727,0.15258513696261697,True
M3,case_td030_pa200_pp0_5_gamma_004__steady,random,21,1.8987598879420857,0.10260201237695758,0.08575150826097817,4.152463437321876,0.18382455563086153,0.09228286165383183,0.6613775105698835,0.15258513696261697,True
M3,case_td030_pa200_pp0_5_gamma_004__steady,random,22,1.1867876298278,0.08791172771990505,0.054330042008060186,4.152463437321876,0.18382455563086153,0.09228286165383183,0.7845901704280369,0.15258513696261697,True
M3,case_td030_pa200_pp0_5_gamma_004__steady,random,23,2.6363734672929637,0.14139279289882498,0.07964924154841972,4.152463437321876,0.18382455563086153,0.09228286165383183,0.4702153683125207,0.15258513696261697,True
M3,case_td030_pa200_pp0_5_gamma_004__steady,random,24,2.3198094321608598,0.07975031411581623,0.07395671852636251,4.152463437321876,0.18382455563086153,0.09228286165383183,0.645971756220049,0.15258513696261697,True
M3,case_td030_pa200_pp0_5_gamma_004__steady,random,25,3.3378202333941305,0.175876344562078,0.07581893006689666,4.152463437321876,0.18382455563086153,0.09228286165383183,0.2906571241324756,0.15258513696261697,True
M3,case_td030_pa200_pp0_5_gamma_004__steady,random,26,3.886961284801901,0.13787059740683105,0.08397996222372175,4.152463437321876,0.18382455563086153,0.09228286165383183,0.2818166046318575,0.15258513696261697,True
M3,case_td030_pa200_pp0_5_gamma_004__steady,random,27,2.9894897123888624,0.07566755034077075,0.06702489457001841,4.152463437321876,0.18382455563086153,0.09228286165383183,0.570556743364252,0.15258513696261697,True
M3,case_td030_pa200_pp0_5_gamma_004__steady,random,28,4.791073444498643,0.12482293039384285,0.0565675102822699,4.152463437321876,0.18382455563086153,0.09228286165383183,0.21402427585481637,0.15258513696261697,True
M3,case_td030_pa200_pp0_5_gamma_004__steady,random,29,1.5909988703873919,0.08748061528940002,0.053735557923569044,4.152463437321876,0.18382455563086153,0.09228286165383183,0.731723991859771,0.15258513696261697,True
M3,case_td030_pa200_pp0_5_gamma_004__steady,random,30,3.1224575644384265,0.0989949494989028,0.07499082329739014,4.152463437321876,0.18382455563086153,0.09228286165383183,0.48750234891558086,0.15258513696261697,True
M3,case_td030_pa200_pp0_5_gamma_004__steady,random,31,2.489092091188101,0.13969715423637508,0.05332087508445832,4.152463437321876,0.18382455563086153,0.09228286165383183,0.5002910149565238,0.15258513696261697,True
M3,case_td030_pa200_pp0_5_gamma_004__steady,random,32,4.4546636619592075,0.08539795765949515,0.06941251992884465,4.152463437321876,0.18382455563086153,0.09228286165383183,0.37881110642484295,0.15258513696261697,True
M3,case_td030_pa200_pp0_5_gamma_004__steady,random,33,3.9440454267274516,0.06518650578807539,0.09786465368793223,4.152463437321876,0.18382455563086153,0.09228286165383183,0.5007353143660624,0.15258513696261697,True
M3,case_td030_pa200_pp0_5_gamma_004__steady,random,34,1.3396352570273193,0.09132419845549511,0.08928618145557862,4.152463437321876,0.18382455563086153,0.09228286165383183,0.7591451764667584,0.15258513696261697,True
M3,case_td030_pa200_pp0_5_gamma_004__steady,random,35,2.0698895106897157,0.12109041476260199,0.051439651441895655,4.152463437321876,0.18382455563086153,0.09228286165383183,0.6043920960623724,0.15258513696261697,True
M3,case_td030_pa200_pp0_5_gamma_004__steady,random,36,3.052318854188788,0.1986718544461985,0.046255105727877756,4.152463437321876,0.18382455563086153,0.09228286165383183,0.30999145441717435,0.15258513696261697,True
M3,case_td030_pa200_pp0_5_gamma_004__steady,random,37,1.9113321165139023,0.07140238864828564,0.04738713279519494,4.152463437321876,0.18382455563086153,0.09228286165383183,0.7178337998352006,0.15258513696261697,True
M3,case_td030_pa200_pp0_5_gamma_004__steady,random,38,3.4966915564243233,0.15011635407955742,0.04267746104662369,4.152463437321876,0.18382455563086153,0.09228286165383183,0.31302681877400135,0.15258513696261697,True
M3,case_td030_pa200_pp0_5_gamma_004__steady,random,39,4.547259626234599,0.18002709481180057,0.07644221249103464,4.547259626234599,0.18002709481180057,0.07644221249103464,0.10960780317952734,0.10960780317952734,True
M3,case_td030_pa200_pp0_5_gamma_004__steady,random,40,4.230701257050978,0.0709736531636751,0.06437015651550074,4.547259626234599,0.18002709481180057,0.07644221249103464,0.4532211484129147,0.10960780317952734,True
M3,case_td030_pa200_pp0_5_gamma_004__steady,random,41,2.9641261335476425,0.1168923353077875,0.050193390021064294,4.547259626234599,0.18002709481180057,0.07644221249103464,0.46698217244783974,0.10960780317952734,True
M3,case_td030_pa200_pp0_5_gamma_004__steady,random,42,3.1250653576106253,0.15991643505624464,0.08361458563642485,4.547259626234599,0.18002709481180057,0.07644221249103464,0.35299016479570516,0.10960780317952734,True
M3,case_td030_pa200_pp0_5_gamma_004__steady,random,43,4.637480442951877,0.05771419549926452,0.08775543343110137,4.547259626234599,0.18002709481180057,0.07644221249103464,0.4695730681428926,0.10960780317952734,True
M3,case_td030_pa200_pp0_5_gamma_004__steady,random,44,4.564478017809993,0.09920781934810083,0.06624047675001232,4.547259626234599,0.18002709481180057,0.07644221249103464,0.31907045579219656,0.10960780317952734,True
M3,case_td030_pa200_pp0_5_gamma_004__steady,random,45,1.5026101065451973,0.18267348671418915,0.04252875624352079,4.547259626234599,0.18002709481180057,0.07644221249103464,0.6336666271070203,0.10960780317952734,True
M3,case_td030_pa200_pp0_5_gamma_004__steady,random,46,4.950417164432245,0.06119767158317525,0.08667513549595666,4.547259626234599,0.18002709481180057,0.07644221249103464,0.4319690556649143,0.10960780317952734,True
M3,case_td030_pa200_pp0_5_gamma_004__steady,random,47,1.8626134674783201,0.07206971777184151,0.058176270671283364,4.547259626234599,0.18002709481180057,0.07644221249103464,0.722141307885727,0.10960780317952734,True
M3,case_td030_pa200_pp0_5_gamma_004__steady,random,48,3.2531248334970666,0.12076530848481809,0.06473546946136258,4.547259626234599,0.18002709481180057,0.07644221249103464,0.41349231604291775,0.10960780317952734,True
M3,case_td030_pa200_pp0_5_gamma_004__steady,random,49,1.8932393005170303,0.13246568309342094,0.06472313114217018,4.547259626234599,0.18002709481180057,0.07644221249103464,0.6170020080501992,0.10960780317952734,True
M3,case_td030_pa200_pp0_5_gamma_004__steady,random,50,1.2779129902188617,0.16788371072206026,0.04986875241519017,4.547259626234599,0.18002709481180057,0.07644221249103464,0.688939159404884,0.10960780317952734,True
M3,case_td030_pa200_pp0_5_gamma_004__steady,random,51,3.034009772344037,0.12637124262653177,0.06447903652437185,4.547259626234599,0.18002709481180057,0.07644221249103464,0.43396935911840745,0.10960780317952734,True
M3,case_td030_pa200_pp0_5_gamma_004__steady,random,52,3.376119262426194,0.07786949898018372,0.08578230405795684,4.547259626234599,0.18002709481180057,0.07644221249103464,0.5172549234155783,0.10960780317952734,True
M3,case_td030_pa200_pp0_5_gamma_004__steady,random,53,1.6779479931440284,0.1753064286001333,0.08556062999740588,4.547259626234599,0.18002709481180057,0.07644221249103464,0.6057535020787268,0.10960780317952734,True
M3,case_td030_pa200_pp0_5_gamma_004__steady,random,54,1.3306678920416846,0.1425901267293067,0.06560483424151468,4.547259626234599,0.18002709481180057,0.07644221249103464,0.7028524878039965,0.10960780317952734,True
M3,case_td030_pa200_pp0_5_gamma_004__steady,random,55,1.9400090105114098,0.1256023488500656,0.059220563322925336,4.547259626234599,0.18002709481180057,0.07644221249103464,0.6190531928124916,0.10960780317952734,True
M3,case_td030_pa200_pp0_5_gamma_004__steady,random,56,2.0919328889531847,0.11775454207650042,0.07906431587855933,4.547259626234599,0.18002709481180057,0.07644221249103464,0.6050229634963776,0.10960780317952734,True
M3,case_td030_pa200_pp0_5_gamma_004__steady,random,57,1.4835553569050024,0.1040246377908959,0.09521087630717785,4.547259626234599,0.18002709481180057,0.07644221249103464,0.7219263571518962,0.10960780317952734,True
M3,case_td030_pa200_pp0_5_gamma_004__steady,random,58,3.5297336931382284,0.12784015900844797,0.051401368224428395,4.547259626234599,0.18002709481180057,0.07644221249103464,0.35698683999304837,0.10960780317952734,True
M3,case_td030_pa200_pp0_5_gamma_004__steady,random,59,4.861573917752146,0.17563794843143815,0.05618391432570253,4.861573917752146,0.17563794843143815,0.05618391432570253,0.08521576511427406,0.08521576511427406,True
M3,case_td030_pa200_pp0_5_gamma_004__steady,random,60,4.543514338466199,0.12088950172199436,0.05137091009853377,4.861573917752146,0.17563794843143815,0.05618391432570253,0.25116288010986004,0.08521576511427406,True
M3,case_td030_pa200_pp0_5_gamma_004__steady,random,61,4.839930876328962,0.1066705106709054,0.06561111098945295,4.861573917752146,0.17563794843143815,0.05618391432570253,0.2676990792228708,0.08521576511427406,True
M3,case_td030_pa200_pp0_5_gamma_004__steady,random,62,4.1406068234620825,0.056416420324440136,0.08272774186451815,4.861573917752146,0.17563794843143815,0.05618391432570253,0.5153482513594991,0.08521576511427406,True
M3,case_td030_pa200_pp0_5_gamma_004__steady,random,63,2.9941863862953713,0.19936667553396054,0.09814446764367919,4.861573917752146,0.17563794843143815,0.05618391432570253,0.3184551509092249,0.08521576511427406,True
M3,case_td030_pa200_pp0_5_gamma_004__steady,random,64,4.933846832444733,0.16825444174907445,0.0427727556221435,4.861573917752146,0.17563794843143815,0.05618391432570253,0.09268883749080853,0.08521576511427406,True
M3,case_td030_pa200_pp0_5_gamma_004__steady,random,65,2.918346595264094,0.14467094556240162,0.059479180052070285,4.861573917752146,0.17563794843143815,0.05618391432570253,0.41633066403648455,0.08521576511427406,True
M3,case_td030_pa200_pp0_5_gamma_004__steady,random,66,3.4876967386259863,0.10409092212265075,0.04388699253840565,4.861573917752146,0.17563794843143815,0.05618391432570253,0.42617319117056546,0.08521576511427406,True
M3,case_td030_pa200_pp0_5_gamma_004__steady,random,67,3.8335940268203483,0.12985505917988407,0.06003511979285773,4.861573917752146,0.17563794843143815,0.05618391432570253,0.3096023674676686,0.08521576511427406,True
M3,case_td030_pa200_pp0_5_gamma_004__steady,random,68,2.7279814269419274,0.072610385671692,0.08191061899001632,4.861573917752146,0.17563794843143815,0.05618391432570253,0.6107004225014139,0.08521576511427406,True
M3,case_td030_pa200_pp0_5_gamma_004__steady,random,69,4.0153852608149965,0.06420980881499956,0.05861020849661522,4.861573917752146,0.17563794843143815,0.05618391432570253,0.49844329007626653,0.08521576511427406,True
M3,case_td030_pa200_pp0_5_gamma_004__steady,random,70,2.4685913650713376,0.14101400415837015,0.07956804511341697,4.861573917752146,0.17563794843143815,0.05618391432570253,0.5005975538450674,0.08521576511427406,True
M3,case_td030_pa200_pp0_5_gamma_004__steady,random,71,4.6601819537757505,0.05779643925151987,0.0413881990435973,4.861573917752146,0.17563794843143815,0.05618391432570253,0.46921610513014994,0.08521576511427406,True
M3,case_td030_pa200_pp0_5_gamma_004__steady,random,72,1.2231121833440168,0.16827496749144347,0.08340232558366104,4.861573917752146,0.17563794843143815,0.05618391432570253,0.6976729960909358,0.08521576511427406,True
M3,case_td030_pa200_pp0_5_gamma_004__steady,random,73,2.0673084250238554,0.09316373904498737,0.06981506160503703,4.861573917752146,0.17563794843143815,0.05618391432570253,0.6535649261457385,0.08521576511427406,True
M3,case_td030_pa200_pp0_5_gamma_004__steady,random,74,4.316274961063893,0.09095473349397887,0.07753441709501753,4.861573917752146,0.17563794843143815,0.05618391432570253,0.3718695787152167,0.08521576511427406,True
M3,case_td030_pa200_pp0_5_gamma_004__steady,random,75,3.0497175785877366,0.13680237922333516,0.08180611404823136,4.861573917752146,0.17563794843143815,0.05618391432570253,0.40882137416768327,0.08521576511427406,True
M3,case_td030_pa200_pp0_5_gamma_004__steady,random,76,4.025641605348362,0.185044695932095,0.0742289911186062,4.861573917752146,0.17563794843143815,0.05618391432570253,0.16843407412256722,0.08521576511427406,True
M3,case_td030_pa200_pp0_5_gamma_004__steady,random,77,2.015940584194986,0.15545003761774923,0.0942868779007811,4.861573917752146,0.17563794843143815,0.05618391432570253,0.5630068749433208,0.08521576511427406,True
M3,case_td030_pa200_pp0_5_gamma_004__steady,random,78,3.7299519965065886,0.06910608271786604,0.051507904321916875,4.861573917752146,0.17563794843143815,0.05618391432570253,0.5091949090975038,0.08521576511427406,True
M3,case_td030_pa200_pp0_5_gamma_004__steady,random,79,1.8625163551496153,0.07101730477830495,0.08265792193863641,4.861573917752146,0.17563794843143815,0.05618391432570253,0.723160325508057,0.08521576511427406,True
M3,case_td030_pa200_pp0_5_gamma_004__steady,random,80,2.7007994672793805,0.18372203964262873,0.09637762190352112,4.861573917752146,0.17563794843143815,0.05618391432570253,0.3941483990663685,0.08521576511427406,True
M3,case_td030_pa200_pp0_5_gamma_004__steady,random,81,4.902735332051655,0.056904079519527216,0.08417302505882863,4.861573917752146,0.17563794843143815,0.05618391432570253,0.45286228472922646,0.08521576511427406,True
M3,case_td030_pa200_pp0_5_gamma_004__steady,random,82,3.8106403530931083,0.07326811014347685,0.048611477956604005,4.861573917752146,0.17563794843143815,0.05618391432570253,0.4866362031352872,0.08521576511427406,True
M3,case_td030_pa200_pp0_5_gamma_004__steady,random,83,4.970192008468853,0.1847568720444675,0.06470201803386721,4.970192008468853,0.1847568720444675,0.06470201803386721,0.06236800239732943,0.06236800239732943,True
M3,case_td030_pa200_pp0_5_gamma_004__steady,random,84,3.4183250938263274,0.11937045487507579,0.04311764470636486,4.970192008468853,0.1847568720444675,0.06470201803386721,0.39449671698548805,0.06236800239732943,True
M3,case_td030_pa200_pp0_5_gamma_004__steady,random,85,3.333382003292551,0.18573870875824416,0.0976418379045215,4.970192008468853,0.1847568720444675,0.06470201803386721,0.2762129284605169,0.06236800239732943,True
M3,case_td030_pa200_pp0_5_gamma_004__steady,random,86,4.960588151071592,0.07242895613250962,0.04228976442622479,4.970192008468853,0.1847568720444675,0.06470201803386721,0.3874443178301932,0.06236800239732943,True
M3,case_td030_pa200_pp0_5_gamma_004__steady,random,87,3.328052098087167,0.16560053441530825,0.08070074867274012,4.970192008468853,0.1847568720444675,0.06470201803386721,0.309117653495655,0.06236800239732943,True
M3,case_td030_pa200_pp0_5_gamma_004__steady,random,88,3.2674310043039196,0.09954805570911257,0.043181764530761696,4.970192008468853,0.1847568720444675,0.06470201803386721,0.4681370327980868,0.06236800239732943,True
M3,case_td030_pa200_pp0_5_gamma_004__steady,random,89,4.003234435297362,0.12321926547500284,0.09318578292853184,4.970192008468853,0.1847568720444675,0.06470201803386721,0.3046829842459562,0.06236800239732943,True
M3,case_td030_pa200_pp0_5_gamma_004__steady,random,90,1.5037923153153425,0.14141112806758244,0.07237374465545338,4.970192008468853,0.1847568720444675,0.06470201803386721,0.6740904620361906,0.06236800239732943,True
M3,case_td030_pa200_pp0_5_gamma_004__steady,random,91,1.2766353145448925,0.19596573256912797,0.0603733465926973,4.970192008468853,0.1847568720444675,0.06470201803386721,0.6646194209732718,0.06236800239732943,True
M3,case_td030_pa200_pp0_5_gamma_004__steady,random,92,3.2247885930476814,0.1645220529858228,0.08538418978523153,4.970192008468853,0.1847568720444675,0.06470201803386721,0.3281664172962918,0.06236800239732943,True
M3,case_td030_pa200_pp0_5_gamma_004__steady,random,93,3.0850583575370747,0.1046690005863077,0.08222438254026826,4.970192008468853,0.1847568720444675,0.06470201803386721,0.4775225260375728,0.06236800239732943,True
M3,case_td030_pa200_pp0_5_gamma_004__steady,random,94,3.1731309498433067,0.15063394675813171,0.046354620395218454,4.970192008468853,0.1847568720444675,0.06470201803386721,0.36334009671118395,0.06236800239732943,True
M3,case_td030_pa200_pp0_5_gamma_004__steady,random,95,2.512981117193678,0.16558242838628717,0.06159022178648177,4.970192008468853,0.1847568720444675,0.06470201803386721,0.45545758053018554,0.06236800239732943,True
M3,case_td030_pa200_pp0_5_gamma_004__steady,random,96,4.46442268182944,0.17186706695581655,0.05787244334427777,4.970192008468853,0.1847568720444675,0.06470201803386721,0.13479556020618882,0.06236800239732943,True
M3,case_td030_pa200_pp0_5_gamma_004__steady,random,97,1.8621253908184068,0.16833093342563632,0.04377766190361975,4.970192008468853,0.1847568720444675,0.06470201803386721,0.5786542576725209,0.06236800239732943,True
M3,case_td030_pa200_pp0_5_gamma_004__steady,random,98,3.6539621748053728,0.16294987578087955,0.0944171964218617,4.970192008468853,0.1847568720444675,0.06470201803386721,0.2618534937798625,0.06236800239732943,True
M3,case_td030_pa200_pp0_5_gamma_004__steady,random,99,2.4765962094963494,0.18210887840721574,0.06676099033742175,4.970192008468853,0.1847568720444675,0.06470201803386721,0.440129910166082,0.06236800239732943,True
M3,case_td030_pa200_pp0_5_gamma_004__steady,random,100,3.717682277837756,0.12568467702731417,0.047723106816310444,4.970192008468853,0.1847568720444675,0.06470201803386721,0.3366021479042495,0.06236800239732943,True
