bc_phi_mae,boundary_gamma_uniformity,boundary_operator_proxy_loss,layout.coil_01.height,layout.coil_01.r_center,layout.coil_01.width,layout.coil_01.z_center,layout.coil_02.height,layout.coil_02.r_center,layout.coil_02.width,layout.coil_02.z_center,layout.coil_03.height,layout.coil_03.r_center,layout.coil_03.width,layout.coil_03.z_center,layout.coil_04.height,layout.coil_04.r_center,layout.coil_04.width,layout.coil_04.z_center,layout.coil_05.height,layout.coil_05.r_center,layout.coil_05.width,layout.coil_05.z_center,layout.coil_06.height,layout.coil_06.r_center,layout.coil_06.width,layout.coil_06.z_center,objective_boundary_penalty,objective_main,objective_negative_penalty,objective_physics_penalty,objective_total,poisson_residual_norm,pp,pp0,trial,value,warnings
0.0,0.8224327649254617,15.844389915466309,0.6422838137769646,3.363349708321356,0.36676137908331796,14.607570187945992,0.5381357936790014,8.905332209494903,0.7858640976369964,12.754898282983557,0.39818657384712697,13.19501260281965,0.261307112304371,17.66726840461488,0.8629907123755733,14.683836788336622,0.6501566117208651,15.725150685225517,0.19957213438590035,19.721036039566172,0.32655875528863765,14.98823954766932,0.6497256514884431,25.410829449185755,0.9332609062518147,16.753071034345787,0.08224327649254617,0.3824884521129164,0.0,0.001348465494811535,0.4660801941002741,0.026969309896230698,2823.804,0.08349,0,0.4660801941002741,ood:cond:pp:2823.8 outside [505.725,2097.14]
0.0,0.8344173367892656,14.350300788879395,0.48200377669864297,5.833125181186835,0.474360269762707,17.633778110206986,0.6487332182216102,7.032845933141649,0.7234230784753108,15.979582554478165,0.607613117856984,11.569748188295755,0.700292301932778,15.074404118365521,0.7190760856249528,17.21115138544413,0.2914266394841795,17.22214012906733,0.20783989983759318,20.379419814468548,0.331735892043591,14.393699862703643,0.690323205233752,25.905469960534173,0.7695558391603788,15.125718669613978,0.08344173367892656,0.37142883602167337,0.0,0.0013650665059685707,0.4562356362065685,0.027301330119371414,2823.804,0.08349,1,0.4562356362065685,ood:cond:pp:2823.8 outside [505.725,2097.14]
0.0,0.8218015740794036,14.507614135742188,0.6344879661660392,4.045146453978994,0.21173191475369135,13.818344674176464,0.2612432485583322,7.09271562131077,0.19929984718928687,14.144491464196864,0.49451127125973715,13.408401203948676,0.8721327740470428,14.75590050528703,0.7016990678202853,17.098776735335946,0.37944843995263644,13.6730752621709,0.5575240868251614,22.797433896586877,0.6708427962030173,16.175060287714132,0.7809117878916304,26.257609786419504,0.39034854829470356,14.886967657446753,0.08218015740794037,0.329726096105267,0.0,0.0013308384455740453,0.4132370919587814,0.026616768911480904,2823.804,0.08349,2,0.4132370919587814,ood:cond:pp:2823.8 outside [505.725,2097.14]
0.0,0.8113735916187561,14.814888954162598,0.4315123567974941,3.319291449446223,0.20231591489326678,15.489287014614726,0.6351772194170453,6.296034603864711,0.39432107571237696,17.199879046346325,0.5462527830356487,11.476553468632272,0.8873750975561728,14.956807823425105,0.6966195030203207,19.01920468738438,0.6320225311921656,13.466010118428756,0.7678137704996204,23.503154910852697,0.5302281528657258,15.987164340562948,0.8966858483953346,23.93192499279808,0.822895800795417,15.047666782515737,0.08113735916187562,0.3692041527946217,0.0,0.001353496965020895,0.45169500892151826,0.0270699393004179,2823.804,0.08349,3,0.45169500892151826,ood:cond:pp:2823.8 outside [505.725,2097.14]
0.0,0.7989350042857182,14.45349407196045,0.8475653219032981,2.1926155857133756,0.5273668510475953,16.05734498267284,0.846413596956008,6.652220238161918,0.7576283979568316,15.273046061169122,0.25650186774460365,12.771568900378794,0.5547229556848037,14.897715268939141,0.4090435026956814,16.326005968973753,0.8063516353754392,14.389875938906917,0.8842850285510034,22.33593023535169,0.7987207424961175,14.691708695946875,0.3328293446193281,23.199643509261843,0.5211600366271203,15.006856973907372,0.07989350042857182,0.38654962681797783,0.0,0.001356083154678345,0.46779921040122796,0.027121663093566895,2823.804,0.08349,4,0.46779921040122796,ood:cond:pp:2823.8 outside [505.725,2097.14]
0.0,0.8373533297309238,15.639910697937012,0.22890817488172835,5.911060470798169,0.5081501224028774,17.016481437731265,0.8634667776419632,8.721860690195843,0.8886200522824405,17.437655138805667,0.7060578258206401,10.188300456330621,0.7091771896068602,15.145131023546769,0.8295319962652482,16.295598246338407,0.7513526511355868,14.50397069737115,0.6633902193970265,21.084036360210984,0.36339113993292715,14.280004369374957,0.24528069455947404,26.269655730313875,0.9111425495521424,15.655814560470759,0.08373533297309238,0.4096827763710745,0.0,0.00133978808298707,0.4947578974271539,0.0267957616597414,2823.804,0.08349,5,0.4947578974271539,ood:cond:pp:2823.8 outside [505.725,2097.14]
0.0,0.8163705223792146,14.30073070526123,0.4028768548437384,3.440564575499649,0.1960312613648022,17.473537754458576,0.6142954582781825,8.706175610364038,0.27012717778917145,13.337311903864293,0.9030566248502051,14.403807687229268,0.7354385496799521,16.153118267464283,0.942695244763348,17.881618348680274,0.6774589658731727,13.420667172390434,0.3784358370447439,19.92116070298061,0.22907592480151107,14.74730302153257,0.23094543144081392,27.692990043926923,0.6947073368465121,14.34615018597148,0.08163705223792146,0.37347224897973896,0.0,0.0013114086352288723,0.4564207098528893,0.026228172704577446,2823.804,0.08349,6,0.4564207098528893,ood:cond:pp:2823.8 outside [505.725,2097.14]
0.0,0.8049421071485016,13.535147666931152,0.9160346653316401,6.497126040510577,0.26157041862597075,14.904821775798155,0.976168822579369,8.784303410705803,0.8375657069377539,14.603966167631683,0.8971519561523009,14.998292846316563,0.40978783992477874,14.347745419691336,0.5303968421076013,19.31335046957286,0.24793732186126993,15.712711549342412,0.6563903952404089,22.659470696032884,0.25751447580434583,13.473498096161205,0.8299881135120634,27.87777381438547,0.6275003886103168,15.253603362469077,0.08049421071485016,0.3175793873404591,0.0,0.0013040147721767427,0.39937761282748596,0.02608029544353485,2823.804,0.08349,7,0.39937761282748596,ood:cond:pp:2823.8 outside [505.725,2097.14]
0.0,0.8123399338764301,15.118563652038574,0.8589344000449852,1.6466882007098684,0.69964487384052,16.888733541132197,0.29701154161277316,7.651400707799854,0.4138001613154865,16.561146593693426,0.33782951453751253,12.170871816837622,0.6628732299863513,12.873266241789356,0.4957372775230375,15.380184416793345,0.4094229947415596,13.528754739231974,0.5075099813362507,19.024053332518008,0.3908441270106835,13.756647867731726,0.7392086093499642,26.592434333568676,0.5233244455344316,13.213008968180802,0.08123399338764302,0.4165581481752638,0.0,0.0013002241030335426,0.4990923656659404,0.026004482060670853,2823.804,0.08349,8,0.4990923656659404,ood:cond:pp:2823.8 outside [505.725,2097.14]
0.0,0.8275527847670248,16.00887107849121,0.6097885243888428,3.420878513932692,0.4107581307410537,12.771481211940893,0.29846885132837647,6.550072823294833,0.4420043133761281,14.036654511752147,0.540606789804629,14.497731919542943,0.9330154881564009,14.630708032320925,0.6484151739251189,19.18544435396944,0.7358951387609487,12.916832926658735,0.5349897526703319,22.68919863849247,0.5113317882297476,17.367013980392766,0.3726782378828738,27.03177812071859,0.7316003338600782,16.02099929333697,0.08275527847670248,0.3140931620740709,0.0,0.001307832356542349,0.39815627290731576,0.026156647130846977,2823.804,0.08349,9,0.39815627290731576,ood:cond:pp:2823.8 outside [505.725,2097.14]
0.0,0.8644862698512695,17.045013427734375,0.5389142834759248,4.9788498987119985,0.4913018168781052,17.469364802165835,0.6707523086790694,8.041447516498948,0.7031571402938094,13.326582805045094,0.7584737975055539,10.917449359547367,0.8529131076724362,12.940841553348543,0.7333014700072825,18.283493035456686,0.3552153648728185,13.275926398762714,0.8029936143764561,20.27400609168525,0.5982465997280147,14.346075382902704,0.3254928320819844,27.90609359711601,0.4446144371799653,15.055065806987216,0.08644862698512695,0.38925709143611986,0.0,0.0013256885111331941,0.47703140693238,0.02651377022266388,2823.804,0.08349,10,0.47703140693238,ood:cond:pp:2823.8 outside [505.725,2097.14]
0.0,0.836576530412944,14.244481086730957,0.8455800314236321,5.862332120816575,0.4268121945284924,15.811055783082992,0.2029362442188721,7.238503705475984,0.6124947663833626,14.342941373068193,0.9870628066428634,13.464957560033993,0.9353109387890937,13.782280004579942,0.703641228583866,16.392555622372445,0.7343017945119341,16.399460519241888,0.7720668680899713,20.200822486023252,0.898399430509285,14.56521757195226,0.6625774468671798,27.86488296385041,0.8278302266509294,13.55271541317877,0.08365765304129441,0.35826873435691037,0.0,0.0013541892170906068,0.4432805766152954,0.027083784341812134,2823.804,0.08349,11,0.4432805766152954,ood:cond:pp:2823.8 outside [505.725,2097.14]
0.0,0.8266098044191322,15.845924377441406,0.44925872161617897,3.3915932730939407,0.5326558596010003,17.119846815350872,0.6772935231483521,7.474176377556512,0.4030735886884286,17.15322828763867,0.22397506461952915,10.778251938076925,0.9465449785290332,16.16811396469446,0.7488593499714108,17.34576698471063,0.26229946151717853,14.507432435645155,0.48106335924909527,20.860653590277387,0.5441566926424506,16.22263537153929,0.19405303795398143,26.08993534671297,0.7784286703663803,16.37582343108238,0.08266098044191322,0.3938041377745847,0.0,0.0013489111326634884,0.4778140293491614,0.026978222653269768,2823.804,0.08349,12,0.4778140293491614,ood:cond:pp:2823.8 outside [505.725,2097.14]
0.0,0.8090525819993681,14.891026496887207,0.29460902892623053,3.318363555276684,0.4259540669125029,14.230662377625078,0.4153670736674476,7.017747942685146,0.6642474241464691,14.3899352523318,0.5092786399772684,12.060514859605956,0.8140589956103667,15.506994890212013,0.7032785298455034,17.62381306720782,0.407510194412812,15.553813555006245,0.8430752790569253,20.865862331324927,0.46637312282935117,14.91983516415881,0.40798786390360686,26.954969541676466,0.7453039955712167,17.341537798320964,0.08090525819993682,0.35419392051086224,0.0,0.0013501276262104511,0.4364493063370095,0.027002552524209023,2823.804,0.08349,13,0.4364493063370095,ood:cond:pp:2823.8 outside [505.725,2097.14]
0.0,0.8099842492290463,18.6047420501709,0.6389557161494257,1.7375552360159288,0.24215021543386459,16.293533138438395,0.30772960032731783,9.0352063035156,0.6099642850319085,16.38409765103634,0.2892650561917795,13.26515871283941,0.6365364506829461,13.089702879146536,0.9719065982020906,15.153112368523164,0.9729439186698747,12.686033768030052,0.341628957845511,21.789584094385546,0.914754022277476,17.42655613082744,0.510780168806791,23.701264217818082,0.7301751592314855,17.202623633321707,0.08099842492290464,0.4471799934351125,0.0,0.0012254035100340843,0.5294038218680512,0.024508070200681686,2823.804,0.08349,14,0.5294038218680512,ood:cond:pp:2823.8 outside [505.725,2097.14]
0.0,0.8018050591401955,14.477993965148926,0.21484392193526697,3.955697096312094,0.9415502630421225,15.773738609651522,0.6042880121601915,10.823527646470218,0.3857273175521292,13.225271921349854,0.5766820506346522,14.684247252910337,0.39109648665800534,15.478607854745242,0.955385721123472,15.066389467316043,0.9561607340012322,13.349024696111474,0.24798657127862145,20.707148625978235,0.8702437370035823,15.51087370640626,0.22414618177345227,26.04871004700785,0.3147055071353645,13.621029223699216,0.08018050591401955,0.3837095721801425,0.0,0.001279374584555626,0.4651694526787177,0.02558749169111252,2823.804,0.08349,15,0.4651694526787177,ood:cond:pp:2823.8 outside [505.725,2097.14]
0.0,0.7830530083290842,14.122076034545898,0.7928240358910106,1.7683544154449362,0.371293264163279,17.609733994450988,0.9459228088622423,8.244921288535153,0.8970013006218576,15.915718577759268,0.9393853151057049,12.769744708909206,0.695991865171093,15.23402927759308,0.24482946267295003,17.316828800881645,0.5978509974710929,14.90789704829336,0.38141923545350653,21.381327749728406,0.8877452595836194,14.79406422173988,0.240385638483829,26.39498830877027,0.9079001313192719,14.959136034840208,0.07830530083290843,0.3860913215150298,0.0,0.001320637669414282,0.4657172600173525,0.026412753388285637,2823.804,0.08349,16,0.4657172600173525,ood:cond:pp:2823.8 outside [505.725,2097.14]
0.0,0.8355334672244102,15.075272560119629,0.36049649089556574,6.299974883031894,0.45436165362147035,16.200254322763,0.5879435188843125,10.141666073054367,0.9138495883488983,15.48038917082349,0.3184174422816579,12.132073433611067,0.3687768004215063,14.851733389897017,0.4077753658922778,14.982318459655083,0.7431626821091489,14.833509601990205,0.7689435867344174,19.088270828683914,0.8272010258748534,17.294650970533464,0.23706089802140357,26.698406114927053,0.8839458564741643,13.217041465977687,0.08355334672244102,0.36970854598443265,0.0,0.0013185608200728895,0.45458045352694654,0.026371216401457787,2823.804,0.08349,17,0.45458045352694654,ood:cond:pp:2823.8 outside [505.725,2097.14]
0.0,0.8268385039203581,16.389488220214844,0.5546073761036513,3.488896227491208,0.22939630755356405,17.583102217551854,0.7632229953422782,10.593566775150409,0.5346785115044239,16.120136596579577,0.5210301045477002,10.780353203321376,0.9615934057812237,17.610889976939806,0.2111205243444624,18.49185277850833,0.584136466090942,13.587783443776264,0.9469537881790804,20.30752521234535,0.45755707066800755,17.552285687869876,0.512304631568901,27.973075089976543,0.1945167565161789,13.348657218326487,0.08268385039203581,0.37939988963194815,0.0,0.0012616227380931378,0.4633453627620771,0.025232454761862755,2823.804,0.08349,18,0.4633453627620771,ood:cond:pp:2823.8 outside [505.725,2097.14]
0.0,0.7987110418737653,15.452592849731445,0.6051417261787959,5.42287165026185,0.7078228499724355,15.087876612348431,0.3727328459445337,6.116283901717007,0.44105822135718264,13.387171306904698,0.7006556462868666,14.082838037959299,0.8259980809942298,16.740849193679566,0.4882575198966375,19.3227287713619,0.6702450939006979,16.74067556490021,0.9799343585033428,22.440498069787356,0.8138840399660755,16.679591655873793,0.8056056469789931,27.79492034956821,0.4376182944709178,15.531590457775838,0.07987110418737653,0.2554490660473218,0.0,0.001347962021827698,0.33666813225652603,0.026959240436553955,2823.804,0.08349,19,0.33666813225652603,ood:cond:pp:2823.8 outside [505.725,2097.14]
0.0,0.8592739232805041,16.39423179626465,0.412078022421563,5.8444785969477655,0.5633425485569334,17.628665514303233,0.4281182268367537,9.738657756356627,0.4742095121671914,15.761789262641292,0.5690007382733924,10.697482426535421,0.7384442298445589,17.429284906518276,0.3898206637055104,15.058392282278936,0.24911543535503855,16.172484102130177,0.970673258000951,19.408580377149203,0.3373297663627066,16.630744045852722,0.5111893355949932,27.713322731982355,0.7456374221600466,16.570978964157483,0.08592739232805041,0.3976894060314574,0.0,0.0013472442515194416,0.48496404261102727,0.026944885030388832,2823.804,0.08349,20,0.48496404261102727,ood:cond:pp:2823.8 outside [505.725,2097.14]
0.0,0.770279421281069,13.644046783447266,0.2848356438742225,2.272040808823676,0.9401122068079616,15.339589402217019,0.37109961668391445,10.83105563025676,0.32483111022871664,13.235691114736452,0.3424353840962181,10.39798417043031,0.537612997191762,14.44259871208821,0.8713292282737969,15.366846825852026,0.32405964617518457,15.79547343674047,0.5005851150769762,22.946866489042282,0.26993886013625334,12.958004533554702,0.6222671446921486,24.92360896908567,0.5294077940011614,14.570923448517124,0.0770279421281069,0.36650069961562315,0.0,0.001289515383541584,0.4448181571272717,0.02579030767083168,2823.804,0.08349,21,0.4448181571272717,ood:cond:pp:2823.8 outside [505.725,2097.14]
0.0,0.7855053821133561,13.61393928527832,0.99546735356758,2.585544759538526,0.39881216357229393,14.276171193500145,0.3256875027062151,6.129594618099271,0.8086170579905829,16.751280386311016,0.21837980533270657,11.285737878084573,0.7484622191101203,14.271140608640357,0.2345388446310645,17.350376174694112,0.985307917191902,13.530822305086113,0.7483869436624292,21.99548347951096,0.8865760287848452,13.340065325140266,0.6663756083937534,24.156892103587047,0.6878774171483251,13.537441565409837,0.07855053821133562,0.3654292003146323,0.0,0.0013478616252541543,0.445327600151222,0.026957232505083084,2823.804,0.08349,22,0.445327600151222,ood:cond:pp:2823.8 outside [505.725,2097.14]
0.0,0.8174679186759269,15.952816009521484,0.8614074436380913,2.4568652497191765,0.6485165946906621,15.715115926751704,0.4224649782803928,8.765320690476987,0.9321854221833776,17.00306189177363,0.4441676266504979,11.418804876642703,0.8391129553538312,16.893683702342777,0.8415892234100897,17.06003550864152,0.49070969606070075,15.951059369531436,0.4585358772117328,20.38814087475856,0.9497261098021303,17.605791404750043,0.33862518949758585,27.449425965912596,0.5278820888294682,15.059550400822776,0.0817467918675927,0.3288269595387854,0.0,0.001343477237969637,0.4119172286443477,0.02686954475939274,2823.804,0.08349,23,0.4119172286443477,ood:cond:pp:2823.8 outside [505.725,2097.14]
0.0,0.8276369143866541,15.873061180114746,0.5628120221709744,4.704040412360385,0.5654204350316534,16.124598837613448,0.8286098632074168,8.490409153662156,0.7289379667674347,14.283478110804456,0.4786073253698938,10.646518805265265,0.4653833642313435,15.917540838661186,0.4036972082525606,18.54619315481969,0.22989335702933672,14.462714421788156,0.33688767149865184,21.268601369364912,0.6648893389331656,17.321073989762006,0.9024013949149248,24.879225176764308,0.4600657870840627,17.114643790975773,0.08276369143866541,0.3761862276648307,0.0,0.0013441293500363828,0.46029404845353245,0.026882587000727654,2823.804,0.08349,24,0.46029404845353245,ood:cond:pp:2823.8 outside [505.725,2097.14]
0.0,0.7965260591048012,14.22253131866455,0.32664516210099137,3.5692383957000913,0.31477662876014584,14.882361275166584,0.9913469882643032,8.433549887905405,0.7929744669211501,13.087644304782144,0.40125525990867494,13.106788566680722,0.8472071071564248,17.548622769849064,0.7114501983037145,18.390435402662906,0.3533017994362285,16.198998157966635,0.7213264472223051,21.134915440939352,0.32621085781247466,16.84253922545763,0.6696908778006989,23.30590151463952,0.45841086662770814,14.363781042916706,0.07965260591048012,0.32265168633014085,0.0,0.0013509124517440798,0.40365520469236504,0.027018249034881592,2823.804,0.08349,25,0.40365520469236504,ood:cond:pp:2823.8 outside [505.725,2097.14]
0.0,0.8017667693839645,15.485276222229004,0.8242302612407538,1.743367229145309,0.2763590666590529,16.22226298327837,0.5464194061247856,9.304787086691247,0.4144609882183353,13.059482749932085,0.8995917876898768,11.686495214420031,0.8575698384755842,16.2287954148886,0.40742948027347525,18.549444562064792,0.8487857405088286,15.298490887910084,0.8734530887594314,19.22363713017158,0.8080808114695047,15.111097051733612,0.7035854502241982,27.241964525322828,0.4596387839100963,17.28527257478797,0.08017667693839646,0.37762371039969406,0.0,0.0013318808749318125,0.45913226821302233,0.026637617498636246,2823.804,0.08349,26,0.45913226821302233,ood:cond:pp:2823.8 outside [505.725,2097.14]
0.0,0.8122913754579015,15.710348129272461,0.7655755052190606,3.3282602757111865,0.24139261968187806,16.738409551048413,0.38048520898132143,9.624613849098946,0.4791605997642338,13.379019180962862,0.8730209514922627,11.197889927022828,0.8701207505641417,13.290061384510556,0.6538790341373069,19.09805781917073,0.37074854785333816,12.86558273251039,0.4628752467977553,21.902018743908602,0.32218978005622023,14.635118833727436,0.7459947559362419,23.711634574074477,0.8319594798149085,15.62128110035913,0.08122913754579016,0.4089815949244103,0.0,0.001285933330655098,0.4914966658008555,0.02571866661310196,2823.804,0.08349,27,0.4914966658008555,ood:cond:pp:2823.8 outside [505.725,2097.14]
0.0,0.7896478756145262,14.705915451049805,0.24499435742992037,5.465112045871615,0.508383605967758,15.191571331278857,0.6634229879402399,9.57893939978123,0.6544769630220746,14.671819843130969,0.45782578569906357,14.44067443388584,0.29387451395502295,14.40443022310663,0.44601001243000427,15.042627229691721,0.29717519393396524,17.62147654894306,0.4194169544676033,19.35791542513389,0.7454716613099861,16.156420929665778,0.6493024930028263,23.54423749798264,0.9924913446682473,13.065438272673438,0.07896478756145263,0.3762704034251179,0.0,0.0013097092509269715,0.45654490023749755,0.02619418501853943,2823.804,0.08349,28,0.45654490023749755,ood:cond:pp:2823.8 outside [505.725,2097.14]
0.0,0.7912294826878487,13.86868667602539,0.4147380357593716,4.799628568292009,0.5923619605520538,16.181523857267827,0.8276217640148468,8.885143584327494,0.6983008830163552,14.17020451454493,0.250398297497464,14.678931936150665,0.6155235855732625,13.425783605556177,0.3558322072197039,15.878123296571864,0.8547708339513941,16.192788517607024,0.8111294518327115,22.893691689239574,0.9090333637397121,15.658221022556722,0.5951124233763836,24.736354490769987,0.7948824028237713,13.100967885492423,0.07912294826878487,0.3555579939380019,0.0,0.001312039326876402,0.43599298153366317,0.026240786537528038,2823.804,0.08349,29,0.43599298153366317,ood:cond:pp:2823.8 outside [505.725,2097.14]
0.0,0.8204279362932887,14.267633438110352,0.6718885073761671,4.580490745741079,0.9925121613821718,14.217419060037194,0.36239161448783874,7.276997400734606,0.7782090505890612,14.573742049428292,0.2098448842491545,11.009173684749216,0.33182195690888483,17.0480435984763,0.9859611003511636,16.939713767075155,0.5687450632148715,16.03269449624647,0.8597814951609416,22.1499549007394,0.561040614554734,17.275213522807984,0.5093427454948029,24.742936365366862,0.20493443302917427,14.27372910553998,0.08204279362932887,0.29952236384403413,0.0,0.0013578487560153008,0.3829230062293783,0.027156975120306015,2823.804,0.08349,30,0.3829230062293783,ood:cond:pp:2823.8 outside [505.725,2097.14]
0.0,0.8055628993560718,14.510923385620117,0.30027886509315954,2.4385443169598977,0.8037338604117487,17.372203450798505,0.4691087430976869,8.322954309669498,0.7814831673839054,13.795660525842644,0.5097060749466875,13.644459723149442,0.9224993818087939,16.65353389814133,0.971004046601152,16.57289117719823,0.3413091120259396,17.67139793661536,0.22905092312374165,20.53867066460987,0.21841224067247889,15.031800918100892,0.7055544117033861,27.474642837163525,0.6117357110347948,15.92328270445957,0.08055628993560719,0.34983701271204554,0.0,0.0013486833311617376,0.43174198597881447,0.02697366662323475,2823.804,0.08349,31,0.43174198597881447,ood:cond:pp:2823.8 outside [505.725,2097.14]
0.0,0.8243428173574763,15.438075065612793,0.7086415374499779,5.7021857809992955,0.26338118470643157,14.664503209635932,0.2694411680041367,7.437349425313371,0.3073085791155498,14.325172134859129,0.698658991138473,13.712665676361826,0.5852464898670915,13.915006450058739,0.44865886896520263,14.791920949508528,0.6591176577240628,14.03090485087684,0.7325384023002747,19.784927183873222,0.3959037253658743,12.71743056849487,0.7751931774518434,26.894256593629752,0.7805543639752904,16.326003508926863,0.08243428173574763,0.40083247215719076,0.0,0.0013249550946056845,0.48459170898754406,0.026499101892113686,2823.804,0.08349,32,0.48459170898754406,ood:cond:pp:2823.8 outside [505.725,2097.14]
0.0,0.8456638479880701,16.135608673095703,0.8723979022826761,5.475649762882123,0.6476638320571172,17.07312264210436,0.9889964851761722,8.932727146170075,0.21678382585577802,15.816166474209895,0.24405891684155911,10.643830750971047,0.8093485870933778,15.998282714826187,0.9383303380127773,16.882594354786246,0.39107544541094597,14.259504646693268,0.7586670677425689,19.10757824181431,0.9443805676090795,16.12431091925014,0.7207644563697345,26.81650023743329,0.5230476648753877,16.651597148031488,0.08456638479880701,0.40689859460993816,0.0,0.0013463218696415425,0.49281130127838674,0.02692643739283085,2823.804,0.08349,33,0.49281130127838674,ood:cond:pp:2823.8 outside [505.725,2097.14]
0.0,0.7941268999627205,15.414069175720215,0.7979069461597632,1.8147219498097376,0.4680493632053636,15.096187983920165,0.5957723097372152,8.041515613974028,0.3385752595998576,13.373595964115218,0.7583567509976705,12.935841622890672,0.8139780067742342,13.835721018577557,0.3698130845145944,18.011481659252446,0.8516018575891225,12.87980176949244,0.9635108857013169,22.328010920975874,0.8457738445167144,16.270123529240198,0.6423868479385593,23.320047842091853,0.43547828449713216,14.131652045936988,0.07941268999627205,0.38570484848750547,0.0,0.0013118632137775422,0.46642940169755503,0.026237264275550842,2823.804,0.08349,34,0.46642940169755503,ood:cond:pp:2823.8 outside [505.725,2097.14]
0.0,0.7755733718710295,15.986446380615234,0.4952782319000988,1.8592176516843675,0.46017391239253863,13.535531093877145,0.37623254644024823,9.860977620925542,0.5984486066016839,15.99492861747295,0.32362135782299767,11.165865315783233,0.6913565734070777,16.381326730189635,0.8462717216846867,17.7096369125348,0.6909046389950066,12.706641883217753,0.6965457989947766,22.11023440693296,0.5381538807131154,13.121625844600167,0.8415849907018239,23.272621255477436,0.9789362408563052,17.046640158830662,0.07755733718710295,0.39020298510209367,0.0,0.0012655653059482576,0.46902588759514485,0.02531130611896515,2823.804,0.08349,35,0.46902588759514485,ood:cond:pp:2823.8 outside [505.725,2097.14]
0.0,0.8313732994842503,14.805091857910156,0.27768378261316956,3.876577464265603,0.9007044079023713,14.195148940026755,0.7120146706920111,8.401825377944725,0.7805372951768168,14.611245098437236,0.7444336287062738,11.447078052760634,0.756601281923766,16.715966619442746,0.5471840740553549,15.098332183764201,0.5932808145450321,15.432519609691635,0.4292502401393874,19.38158678150197,0.35687839901993296,15.01833791630358,0.7526740664047559,27.16120494300925,0.4142172316803959,15.535096726108453,0.08313732994842504,0.3542510008839961,0.0,0.0013641622848808766,0.438752493117302,0.02728324569761753,2823.804,0.08349,36,0.438752493117302,ood:cond:pp:2823.8 outside [505.725,2097.14]
0.0,0.797491628156842,14.903935432434082,0.2522344587311379,1.7677391466707084,0.9507706095941322,13.555272117361529,0.5276464825400997,8.622215878574682,0.5200938157604331,13.961334959499705,0.9321387042869929,14.932033166948827,0.6160674911888521,17.442878538786275,0.4557349126583658,15.699279402234431,0.6276882079263342,17.676355727396487,0.34376891295029044,21.859820389166952,0.6745130252464444,16.537684916694495,0.5795399867478654,26.739510773182452,0.8609534994392541,14.535604268225407,0.07974916281568421,0.2604408579446827,0.0,0.0013223957270383836,0.3415124164874053,0.02644791454076767,2823.804,0.08349,37,0.3415124164874053,ood:cond:pp:2823.8 outside [505.725,2097.14]
0.0,0.7872021464982313,14.214554786682129,0.5868576784425639,2.7108489415991017,0.5022300919290479,15.904460235653179,0.5983283998415676,7.047111018500205,0.6789850692269426,16.080000409751253,0.5636320686202887,11.597828866569495,0.5736681212931937,13.858036617389644,0.5465697626058583,19.27183366519134,0.38601706946377784,16.146822179967593,0.34766585517585563,23.48155003289186,0.3732604152088598,13.181283817799674,0.8867059077260852,27.65371362912334,0.3044945079655278,17.34922688249805,0.07872021464982314,0.33427267136864763,0.0,0.0013288468122482301,0.414321732830719,0.0265769362449646,2823.804,0.08349,38,0.414321732830719,ood:cond:pp:2823.8 outside [505.725,2097.14]
0.0,0.7922321829363728,16.123645782470703,0.900704476486441,1.7747859699414317,0.8560831745666162,17.51647014220496,0.4722301245442453,10.107190073214653,0.5440593689374477,16.783687878150477,0.6894701263599041,11.500450362555181,0.8130216902866447,16.253885470199645,0.2491042961390038,18.720731397533555,0.6988484589387443,13.454670290362932,0.5001097432361197,21.378100848109344,0.9325788172379195,14.759943721116182,0.5961355410429163,26.09082918370917,0.4051680777793713,17.63765836230606,0.07922321829363728,0.42683147580996206,0.0,0.00125806936994195,0.5073127634735413,0.025161387398838997,2823.804,0.08349,39,0.5073127634735413,ood:cond:pp:2823.8 outside [505.725,2097.14]
0.0,0.8266331500537936,15.575976371765137,0.7436047920635058,5.940608277291919,0.8288530054722474,14.202049128558523,0.35863553197420417,8.58627754815552,0.5872020027807605,16.32572909536112,0.431484404445587,11.232662175330853,0.8561417878280487,13.492328515153838,0.873152777761303,19.293056583506047,0.3866277663258245,12.945592640977264,0.6294904076225756,19.350714167919563,0.2961246680032479,14.489678591944138,0.7938273799524637,24.18683420796034,0.33784993657505297,15.305257145848744,0.08266331500537936,0.3845579308628741,0.0,0.0013356607407331467,0.46855690660898663,0.026713214814662933,2823.804,0.08349,40,0.46855690660898663,ood:cond:pp:2823.8 outside [505.725,2097.14]
0.0,0.7952966272686598,15.381274223327637,0.9847343991602745,3.374139277122482,0.9793955862514867,16.91878077473242,0.9063276159431574,10.568232412762093,0.8092144595651605,15.933576084672383,0.49052685480112673,15.038656520207734,0.8407653128905822,17.460693299752215,0.7844556751109211,16.752867523474272,0.6742533032545144,13.123512521069637,0.7561730739683191,20.310250579392807,0.748040929842494,13.630526596675896,0.7647105281714288,27.128343660631874,0.365056945999619,15.560288480423944,0.07952966272686599,0.4140308438390254,0.0,0.0012430774979293347,0.49480358406382074,0.024861549958586693,2823.804,0.08349,41,0.49480358406382074,ood:cond:pp:2823.8 outside [505.725,2097.14]
0.0,0.7758177205047919,14.624999046325684,0.765913060908243,1.6433815612723222,0.3858004792317572,15.273819837763483,0.36093512237654723,9.22987474718267,0.23921342671609222,13.8710377319807,0.5123189759736724,11.481082068843397,0.7794904601656572,16.037301008439194,0.6336398747959759,15.939437171583293,0.8863155695359524,17.401961571700454,0.6725891501920767,21.55227155586889,0.9426574691465209,14.946660129656312,0.991505151221677,25.292029968115386,0.27764498341136257,16.48308902572317,0.0775817720504792,0.3610568903579599,0.0,0.0013352232985198499,0.43997388570695894,0.026704465970396996,2823.804,0.08349,42,0.43997388570695894,ood:cond:pp:2823.8 outside [505.725,2097.14]
0.0,0.8183418437679618,13.982309341430664,0.6395820635819149,6.4342955440683705,0.3408475646287584,14.528340586870703,0.420043783446453,7.159470776966938,0.9836926204074102,15.028468840306319,0.282728879892836,14.6326879564779,0.4292893550797147,13.449421420696565,0.6937739840298529,18.08464096684545,0.9626047605345444,13.99639756499568,0.9227946256565206,22.515227857875892,0.978133190976278,14.601521086015264,0.7397087004937575,28.108434058990262,0.7492773570896469,13.011529784915359,0.08183418437679618,0.3203424950630442,0.0,0.001311931945383549,0.4034886113852239,0.026238638907670975,2823.804,0.08349,43,0.4034886113852239,ood:cond:pp:2823.8 outside [505.725,2097.14]
0.0,0.7925922133829755,14.48832893371582,0.7071747215978206,2.4439017567197157,0.4827791607328369,13.272033154650604,0.8683336428709031,8.595381328001277,0.8804344657179699,13.524368891080039,0.6613309638694046,12.787597803121816,0.5520724590829369,17.383770310577695,0.42665791008542103,14.85563294488879,0.6272664913757311,12.885016621882015,0.4676873378925963,22.25601214657368,0.5709670418697411,15.27488191090883,0.785013609011992,23.181050682072783,0.5743902783041857,13.594106340850805,0.07925922133829755,0.36349958242033176,0.0,0.001347813941538334,0.4441066177001676,0.026956278830766678,2823.804,0.08349,44,0.4441066177001676,ood:cond:pp:2823.8 outside [505.725,2097.14]
0.0,0.8169936744119325,15.224897384643555,0.6613300717372401,2.442517635720698,0.6787157399275414,14.114166506159853,0.5927482085563684,9.138541414256016,0.759556271142811,17.647616089067984,0.6037253286307706,10.43719109954039,0.5561185872036517,17.57595797404527,0.9902432206577133,18.59460254273653,0.30101417561929955,13.865410680987118,0.8225226354913382,22.93319273339867,0.24695139853358422,15.473908509529004,0.5571343023687442,26.62962657998438,0.44332162565564215,14.622106192108223,0.08169936744119326,0.32072816052480524,0.0,0.0013061707839369776,0.4037336987499355,0.026123415678739548,2823.804,0.08349,45,0.4037336987499355,ood:cond:pp:2823.8 outside [505.725,2097.14]
0.0,0.8106058105358458,14.200236320495605,0.42594844775819557,5.921491912664178,0.4636125827911073,15.50790069087099,0.6360316207265422,7.439535570395439,0.31402238464460663,16.102419862217165,0.6325751935656365,14.686649155749528,0.4022507149365707,13.22391932115601,0.31937195400476687,15.09467697063361,0.657943275160714,15.330863103484212,0.7121031916524924,23.688187966422376,0.558852251996665,13.783773653326804,0.3516118184291104,24.04244000108569,0.5535436577927284,14.761971066289313,0.08106058105358459,0.37188359946516136,0.0,0.0013287423178553583,0.4542729228366013,0.026574846357107162,2823.804,0.08349,46,0.4542729228366013,ood:cond:pp:2823.8 outside [505.725,2097.14]
0.0,0.8244917626170197,14.143882751464844,0.43079350429787466,3.9224617708839657,0.6801727069245993,12.848349484378966,0.3462995047731965,7.109062937073645,0.5359395745623912,15.221758203812577,0.34746164602915885,11.366108184749645,0.374457438306123,16.600713489390905,0.8743395446581977,18.26017600634178,0.9519407333180031,14.913014300900159,0.199312990286761,22.288697501820007,0.20957837647827823,16.04921755855822,0.9888510892663652,23.21494070281426,0.7454505453567211,14.865528327544762,0.08244917626170198,0.3176468294112677,0.0,0.001339695602655411,0.4014357012756251,0.026793912053108215,2823.804,0.08349,47,0.4014357012756251,ood:cond:pp:2823.8 outside [505.725,2097.14]
0.0,0.8030299797222586,15.42284107208252,0.5030792954110443,4.898514993497561,0.38482906089120644,16.531353516865018,0.453887458384336,10.847876003740314,0.6613554074519991,17.553855076395024,0.932748319399455,14.363743563599552,0.6170023320837346,15.592709816865606,0.7608293737111046,17.506457502910227,0.2883656136840628,13.868061460812118,0.23348591683878117,20.482174981398703,0.9606967473992286,14.524729789454879,0.6999359080109895,26.113242665671827,0.5647626541829265,15.184471094039775,0.08030299797222587,0.40637724004276504,0.0,0.0012509712018072606,0.4879312092167982,0.02501942403614521,2823.804,0.08349,48,0.4879312092167982,ood:cond:pp:2823.8 outside [505.725,2097.14]
0.0,0.8310114762606702,15.775424003601074,0.595950442094173,6.4183364307225315,0.5641030234509992,16.849131149095236,0.5556119613060714,6.765215519395503,0.9296476886435804,13.253970355356083,0.70566799748073,10.767178369203357,0.4814218645303921,17.335037239893452,0.20979099519905717,16.529250008666452,0.8311761572090078,17.233682722287156,0.2662343792800906,20.416672350632833,0.30322366750887775,15.362749921096741,0.3606886904568884,25.505291440499306,0.2842447703663449,15.18682460935785,0.08310114762606702,0.31428457815613076,0.0,0.0013686508871614935,0.39875437666935926,0.027373017743229866,2823.804,0.08349,49,0.39875437666935926,ood:cond:pp:2823.8 outside [505.725,2097.14]
0.0,0.8002149945603545,15.488733291625977,0.20309312780911676,3.408711260767593,0.5619302703581587,15.468237407361272,0.27715576296890243,7.8659660428127705,0.435064231065306,17.585702859157504,0.40138812529654466,12.140535372713497,0.34504999715030593,13.434262550792619,0.5010523988870195,18.6387074458363,0.741133550855258,16.793683332338166,0.7377242339843019,20.593011665282823,0.5027918479597884,13.090944720863389,0.35917172553497684,23.337613544502922,0.4373712470545317,13.90597755862526,0.08002149945603546,0.38913970716265134,0.0,0.0013304071500897408,0.4704916137687766,0.026608143001794815,2823.804,0.08349,50,0.4704916137687766,ood:cond:pp:2823.8 outside [505.725,2097.14]
0.0,0.8077625621402253,16.82500648498535,0.24360189408089347,3.321832364552667,0.46124147291295475,14.197416024274379,0.5954671368469586,9.353805723601525,0.2744029219968099,17.591078409561334,0.40129526392748716,12.472687901762866,0.6555680402727821,17.252471447349087,0.28699704358947875,17.21931405185969,0.783361851462202,13.991568252485513,0.427309593585127,21.181166410920458,0.9091448016415615,16.541778128358594,0.9712497135877035,26.411443986770045,0.4689747992592654,17.67202731231952,0.08077625621402254,0.3688270582549245,0.0,0.0013240990228950977,0.4509274134918422,0.026481980457901955,2823.804,0.08349,51,0.4509274134918422,ood:cond:pp:2823.8 outside [505.725,2097.14]
0.0,0.8191971103842082,15.668983459472656,0.4407304661311861,1.8727243371958533,0.5283741538027997,17.635858961596327,0.7010223464979326,7.907060986507046,0.3516281540737693,14.587821142317216,0.7840356076318562,10.37724995178269,0.44394989980605576,12.910348628356697,0.8740282669818342,16.927697101327702,0.8886001630780764,17.586548528806738,0.9018012980639604,20.30147666431255,0.6283860800031149,14.099002083754327,0.2530407207718078,27.29001827278145,0.608261542737708,14.407342349950522,0.08191971103842083,0.3781220942487344,0.0,0.0013324404135346413,0.46137424570068986,0.026648808270692825,2823.804,0.08349,52,0.46137424570068986,ood:cond:pp:2823.8 outside [505.725,2097.14]
0.0,0.7904689141739762,14.00520133972168,0.4808254193975278,2.303187019058885,0.8016431438235104,13.849190177391481,0.7142775834446727,10.402438006468016,0.4736499722702209,16.13693710365285,0.8861789738848443,12.108715566087188,0.5254360828210584,14.511119839183412,0.21800898367792973,15.56532135581742,0.3111261234898109,15.401989533971266,0.5132616445439697,23.431148486189876,0.2864256130232349,13.979022405347159,0.4965886149697768,27.726218159020306,0.19633035228836634,13.071373104101559,0.07904689141739762,0.30638383251260864,0.0,0.0012832053937017918,0.38671392932370807,0.025664107874035835,2823.804,0.08349,53,0.38671392932370807,ood:cond:pp:2823.8 outside [505.725,2097.14]
0.0,0.7892284839700506,13.954662322998047,0.20671641142758837,6.375353935211597,0.484713516162278,15.211237500704861,0.6919483474833849,9.201764643647738,0.7452341872873559,15.301233874169991,0.7753471285379818,12.223589862977693,0.5805949544777852,15.137893603711065,0.5789359813950129,18.220217219288067,0.39103208055883154,16.093203810096774,0.37121818599778433,22.721023878782475,0.8366860676024825,13.355048330888328,0.22555817193215544,24.165004115732145,0.2743518157752147,17.210714254151416,0.07892284839700507,0.3583363610064523,0.0,0.0013198905624449255,0.4385790999659023,0.026397811248898506,2823.804,0.08349,54,0.4385790999659023,ood:cond:pp:2823.8 outside [505.725,2097.14]
0.0,0.7935099274894594,13.763406753540039,0.9477303909974805,2.9719494295646585,0.8212709779735209,12.779824725311261,0.6924530509420863,6.466436430816538,0.7560038007194897,14.061053112632566,0.6683042087927256,12.601136920764107,0.9795650695011311,13.726987040301145,0.5243240976414001,19.208168308936663,0.8346250184214736,15.035039515520543,0.5729295485032202,19.96139402714795,0.9749247406718241,13.551494970434801,0.5520895151538949,26.719865008237797,0.3990545655965439,13.199201930638477,0.07935099274894594,0.3003892965745909,0.0,0.0013248530216515065,0.3810651423451884,0.02649706043303013,2823.804,0.08349,55,0.3810651423451884,ood:cond:pp:2823.8 outside [505.725,2097.14]
0.0,0.8109233688989035,13.408374786376953,0.7191118944457809,5.7642526625033925,0.45066721229244994,12.844892005493465,0.30726265312654916,6.910951276301289,0.2634297188946072,14.75894804287972,0.48620689916911886,13.474331560260534,0.2997879732255626,14.451407571881402,0.8056142608197573,17.648354313352602,0.7486864517776748,13.434497415454283,0.6403009709983969,19.07547899950284,0.32850246741691635,14.947507434667223,0.7294057257308146,25.661611095137623,0.6827082279697868,12.792341135043031,0.08109233688989036,0.3290921361703896,0.0,0.0013239272870123387,0.41150840034729236,0.026478545740246773,2823.804,0.08349,56,0.41150840034729236,ood:cond:pp:2823.8 outside [505.725,2097.14]
0.0,0.8145891369270443,13.32149887084961,0.958976584215233,4.2176158915959885,0.4737196600409814,13.444320980796832,0.7994548558529659,7.457579532943902,0.2375662689277105,14.671006615357243,0.9532738376367506,10.92313973410774,0.5132115228030938,16.719810404034355,0.30687009200554644,19.01135482247827,0.47884728876811966,15.076987998764587,0.8549612709768794,19.73951273783809,0.7659660621917076,13.119013360926376,0.9927486428154049,26.045304466571874,0.7156173040826805,14.280425269454867,0.08145891369270443,0.31081352382505245,0.0,0.001329330448061228,0.3936017679658181,0.026586608961224556,2823.804,0.08349,57,0.3936017679658181,ood:cond:pp:2823.8 outside [505.725,2097.14]
0.0,0.7985588366635565,13.61460018157959,0.5339519288459352,5.876312999016999,0.47815118756805375,13.124376267519974,0.9122513442705401,10.013151829843869,0.5526231313369292,12.930200994389184,0.3849332911593867,12.897464564802435,0.7878761573730307,14.965662003503924,0.8582084131122795,18.298228137162415,0.9276938185554893,16.0554837061845,0.5002076134449207,22.354732062938503,0.19744062303589113,12.91332052500947,0.707602059085275,25.98662222143809,0.19501189442214772,15.198250894596447,0.07985588366635565,0.31890457514603543,0.0,0.0013159081339836121,0.4000763669463747,0.02631816267967224,2823.804,0.08349,58,0.4000763669463747,ood:cond:pp:2823.8 outside [505.725,2097.14]
0.0,0.8315184280578463,15.297066688537598,0.3386629919655221,6.075338079905569,0.5531380689191874,12.960190093668736,0.4226205551115737,10.169932639907529,0.7874592096498174,14.501235321530448,0.45597824084545424,12.01066069180892,0.8256303019920571,13.361432656560412,0.41154583918027793,15.851507114059782,0.749285279219445,13.909976544293686,0.6070700981348485,23.157946522214168,0.23792596695119667,16.496006731973235,0.7834219020279944,24.025472986442768,0.7251179860802628,14.431402218562056,0.08315184280578464,0.35849367532093124,0.0,0.0013278100639581682,0.44297332819067403,0.02655620127916336,2823.804,0.08349,59,0.44297332819067403,ood:cond:pp:2823.8 outside [505.725,2097.14]
0.0,0.8129316988668243,15.783406257629395,0.39756101937733657,5.606527644423522,0.30244957980022624,13.650913019202317,0.6464362657606095,8.729859791652055,0.6465616374354757,13.785358371180463,0.9117603028351755,14.07751829663148,0.5638858667579576,15.106378657453822,0.4189856169106025,16.25342595548647,0.6547129760199509,14.704516744775885,0.7154655783448739,20.509387841413623,0.5558775821348685,13.98253434694043,0.6390839910933659,24.024350005382253,0.6612995229318213,17.558712489112505,0.08129316988668243,0.4004895394335732,0.0,0.001336481608450413,0.48311919092870603,0.026729632169008255,2823.804,0.08349,60,0.48311919092870603,ood:cond:pp:2823.8 outside [505.725,2097.14]
0.0,0.8336370272866683,14.485713005065918,0.7718789359314704,4.843717011458762,0.7947054632259586,13.019616928117216,0.8775288456509097,7.034261955502368,0.3242410674819068,15.190217457034548,0.20340386205775726,10.414112055251145,0.9614469701883269,16.042382018025666,0.2507741742541903,18.37733328875388,0.6342054723204638,13.099413596273209,0.3225034750547455,21.572083498494152,0.9834670168539082,14.519885582517471,0.9062278138041676,25.510762814025266,0.3291208606610353,15.887862585884427,0.08336370272866683,0.3365189390369684,0.0,0.0013434525579214098,0.4212260943235566,0.026869051158428192,2823.804,0.08349,61,0.4212260943235566,ood:cond:pp:2823.8 outside [505.725,2097.14]
0.0,0.7757092204582732,15.373732566833496,0.6378146470562873,2.755174078074025,0.4680896123437382,13.575664584457407,0.33794074607052327,8.658282832358147,0.3639001635546339,16.467311458936763,0.8731205647316924,14.680567123490409,0.7452347632687473,14.378102210052418,0.4569519791476087,18.769538819246684,0.825154780449024,16.869998203253946,0.8289906837050549,23.282426769384415,0.2658951561680338,13.482149314687625,0.23987892735154018,26.099608034098274,0.5833964988737319,17.456515073297066,0.07757092204582733,0.3232251791551309,0.0,0.0012890949845314028,0.4020851961854896,0.025781899690628052,2823.804,0.08349,62,0.4020851961854896,ood:cond:pp:2823.8 outside [505.725,2097.14]
0.0,0.8410504428157107,17.214550018310547,0.2303196147119894,6.103251975191011,0.2236054860525219,16.35082460477319,0.4886947481476324,7.9252467018226085,0.6506904925529163,16.045998836177944,0.3674612539434874,11.015677021444127,0.5470601619104313,13.744751903959369,0.5006520015469442,15.97812078825945,0.5544234093643903,17.612908570736494,0.44839163703620516,20.05896560911051,0.3271290488920774,12.88375473432267,0.676762640745953,26.50271246366082,0.45316681014840365,17.203853528717435,0.08410504428157108,0.41259263722705897,0.0,0.0013071199879050256,0.49800480149653503,0.02614239975810051,2823.804,0.08349,63,0.49800480149653503,ood:cond:pp:2823.8 outside [505.725,2097.14]
0.0,0.7812238539005631,14.655322074890137,0.9508483039985992,2.115819923027232,0.642396652209873,13.664305951066446,0.8473880965382021,9.152778170370265,0.7546858576875656,14.357146627069762,0.858564981778834,12.240218114554734,0.5923993253693627,14.603408169292155,0.34466441665997827,15.660925228740316,0.4654164114503694,14.877471479392433,0.799083818637175,19.038025800280273,0.3525573168758877,14.00618969396877,0.7835612938944455,24.363202349768418,0.6829450912694022,15.136373822077811,0.07812238539005632,0.38830432683923694,0.0,0.0013265090063214304,0.4677532212356147,0.026530180126428604,2823.804,0.08349,64,0.4677532212356147,ood:cond:pp:2823.8 outside [505.725,2097.14]
0.0,0.8103262288652631,14.650238037109375,0.9746678531741639,4.131694785575568,0.8699362126605195,17.430949458135213,0.8016063404970061,10.641700682422321,0.5426199285648441,13.21267930972713,0.7241765364994147,10.851675740043516,0.7324022888757569,13.533485562322001,0.2178254675155223,17.785677534590302,0.22443324723905544,16.501542116866798,0.39398051887328833,23.60586869286945,0.9923708976929256,15.03649935628796,0.4127674205962999,26.289412331115443,0.3199891851734396,15.717155093438985,0.08103262288652631,0.35226032430166077,0.0,0.0013150256127119064,0.43460797280089897,0.02630051225423813,2823.804,0.08349,65,0.43460797280089897,ood:cond:pp:2823.8 outside [505.725,2097.14]
0.0,0.7992398172546864,12.639366149902344,0.6013562647836224,4.533464087929774,0.6220062354194451,15.775761589266569,0.30313579499790205,7.971658196012808,0.40188983572395404,13.83269313485303,0.5590734565259481,10.66536411834823,0.772093445529449,17.242565347083723,0.2567467344798044,17.25136975380706,0.9934421192219646,13.496549861662364,0.7428985124306352,23.011732605403534,0.3694097631106127,12.896391271163912,0.8381680266579845,26.55825741489118,0.21964743920711455,13.495620408778288,0.07992398172546865,0.33757474815276023,0.0,0.0013341153040528299,0.4188328451822817,0.026682306081056595,2823.804,0.08349,66,0.4188328451822817,ood:cond:pp:2823.8 outside [505.725,2097.14]
0.0,0.8587871103693246,17.061840057373047,0.5731074298843516,6.374854562882028,0.39276610750131147,14.310369545397393,0.9058901326359078,8.693609131915832,0.9585602819335673,12.917774859854191,0.5382781703449604,12.77317967600605,0.5139755395292483,15.64918599161856,0.9149313645744709,17.376439382767213,0.6093859073517853,13.743857241705758,0.7232368842395109,20.139115742652915,0.22413116810649128,16.769255074686278,0.5058048640802233,26.647442580227985,0.31462105093029613,16.893458812260874,0.08587871103693247,0.3892352463557638,0.0,0.0013298703357577325,0.47644382772845395,0.026597406715154648,2823.804,0.08349,67,0.47644382772845395,ood:cond:pp:2823.8 outside [505.725,2097.14]
0.0,0.8491004811847617,16.166807174682617,0.9171379920558747,3.1920634275530237,0.39327143376899937,17.559009237701243,0.22649136208632545,7.702644186943323,0.276317207811922,14.640084203064127,0.595011328821831,11.90550292980404,0.6886953199199576,12.778274702110823,0.39124372912196614,15.99979172154587,0.656301449015337,12.99263678364035,0.2434918383135493,18.978225883047884,0.9269244580331863,15.700024677680137,0.34559029431512917,27.01169304195663,0.39380467913634476,13.734442430255879,0.08491004811847618,0.4105173248812771,0.0,0.0013114840723574162,0.49673885707211074,0.026229681447148323,2823.804,0.08349,68,0.49673885707211074,ood:cond:pp:2823.8 outside [505.725,2097.14]
0.0,0.8302541126918527,15.83845043182373,0.2834438253729811,6.179621133535322,0.8556766663435029,15.864740940942303,0.5978325860818412,6.851418906653716,0.7668262317308091,17.03676979137513,0.8907944621736427,13.2899918217866,0.9845614221028639,13.659108411310452,0.8324072467477163,15.189536360740444,0.48897704986082247,14.384902868861985,0.25980068214437313,23.36850842344824,0.530553860400903,17.674538923132282,0.9960273450866225,23.345838785936586,0.8376066006850401,14.235199151045355,0.08302541126918528,0.39264770388538756,0.0,0.0013623724691569806,0.4770354876237298,0.02724744938313961,2823.804,0.08349,69,0.4770354876237298,ood:cond:pp:2823.8 outside [505.725,2097.14]
0.0,0.8608804708715007,16.521976470947266,0.3506820871300461,4.685545550436701,0.7334360432047661,16.703161200289358,0.822302693165584,8.380557388441826,0.8201680033826353,13.043333961102944,0.9548000425622138,11.043203330565213,0.45075138981187096,13.651001477045835,0.4185413644856347,15.041978927280063,0.38485135534146625,12.900029475560485,0.5213969688424407,23.50401049566114,0.40385906276063976,14.708881483881422,0.7863928257975941,25.327360504902057,0.6563402831183778,14.051887397975129,0.08608804708715007,0.380736010560658,0.0,0.0013313749805092812,0.4681554326283173,0.026627499610185623,2823.804,0.08349,70,0.4681554326283173,ood:cond:pp:2823.8 outside [505.725,2097.14]
0.0,0.8424398542593837,14.660017013549805,0.682926841417447,5.645509511628721,0.4581762745171736,14.763338629922345,0.8648138667929468,6.145502792604433,0.4019493106822338,16.341092818484036,0.9026403520505587,13.12374540225132,0.44981861590906863,15.489523860966283,0.6781931169318058,16.751087754189005,0.7087825106673656,15.721965677466471,0.534369654060211,20.399525184293967,0.591612657862962,14.54770896480527,0.9002715776894854,28.125357221446308,0.8747399792125587,16.054778821395313,0.08424398542593838,0.3514020767443049,0.0,0.0013682959601283074,0.4370143581303716,0.027365919202566147,2823.804,0.08349,71,0.4370143581303716,ood:cond:pp:2823.8 outside [505.725,2097.14]
0.0,0.8163372497507656,16.224712371826172,0.39826677570140157,4.011913730295418,0.754335698237818,17.31512276929405,0.40464937071474,8.79139997122147,0.6231253836778342,14.29110809554677,0.5585334923898866,15.058440821625473,0.3215156922876485,13.71733458204698,0.7925005491155047,17.79477643869363,0.5068208610391345,14.614439713530084,0.6428485094450258,19.584353781301502,0.6251507970853554,15.275712838411422,0.5299746657431992,23.743921702853584,0.899553546836221,17.086142950593427,0.08163372497507657,0.42762710943473453,0.0,0.0013071181252598764,0.5105679525350709,0.026142362505197525,2823.804,0.08349,72,0.5105679525350709,ood:cond:pp:2823.8 outside [505.725,2097.14]
0.0,0.7837632106158542,16.05339241027832,0.422543461796043,2.2112161392708822,0.7216427127238788,12.767647772252552,0.8047790869938761,7.603168513203142,0.5848067753796421,17.384652059620496,0.4014702264396842,12.647242786224993,0.6486410308665542,13.289646328001595,0.5187978106586519,16.542217819802325,0.9164651005815775,17.320477704836627,0.6925376171815574,18.909170984347917,0.7483651704491529,16.98313786764882,0.8723919025168863,23.448846420415734,0.740292564109192,12.745292918326658,0.07837632106158543,0.35279392006440163,0.0,0.0013565655797719957,0.43252680670575905,0.02713131159543991,2823.804,0.08349,73,0.43252680670575905,ood:cond:pp:2823.8 outside [505.725,2097.14]
0.0,0.781658132985114,15.08669376373291,0.5997304327526947,3.5499277011604726,0.366344867504268,17.21991956855711,0.4648679202284273,8.229344472141928,0.47602441537154605,16.774320579323494,0.8133652774425973,13.572939573534722,0.42389882438561005,16.09578061893349,0.9554120021398964,17.768757382703825,0.9147577868833516,16.70760154103765,0.9954696897640619,21.091864376393644,0.6174174226011608,13.215354284229933,0.8177375309914845,24.226724406292703,0.5812786326717586,16.15659197541763,0.07816581329851141,0.4013085420325728,0.0,0.0013086151331663132,0.48078297046425056,0.026172302663326263,2823.804,0.08349,74,0.48078297046425056,ood:cond:pp:2823.8 outside [505.725,2097.14]
0.0,0.8228471958391771,15.555127143859863,0.8391760295299333,4.390998018137992,0.4962138463910753,14.791988658865765,0.47740775512400696,8.052200654196774,0.8381876061746477,14.9082970695928,0.5996660159460216,11.607437741082206,0.4885242718238633,16.68170787004674,0.7117386497451863,18.659958644784368,0.4584262278045313,13.462646568820631,0.9866996824189357,19.57905462933436,0.46221601629422776,15.55409830547372,0.5210608243496898,27.259244252851815,0.7229034827276818,17.44449148618434,0.08228471958391771,0.36663148898980336,0.0,0.0013465341180562973,0.45026274269177735,0.026930682361125946,2823.804,0.08349,75,0.45026274269177735,ood:cond:pp:2823.8 outside [505.725,2097.14]
0.0,0.8116039758954232,15.595819473266602,0.5416155869337747,2.6694166480000536,0.566600167357939,12.695159229345265,0.42740717179127574,6.867896538802446,0.9580437584615232,17.650438935831897,0.22693021278708359,13.380062413768059,0.28683518370700156,17.55324784814023,0.382222169010509,18.14003400388009,0.8048939560003335,17.07037904264853,0.9182678535199278,19.548335614172828,0.33784248028454694,15.167998240090533,0.46385938234952173,23.78634298832861,0.6812715563615397,16.175757421194085,0.08116039758954233,0.32472800799186496,0.0,0.0013439029455184937,0.4072323085269258,0.026878058910369873,2823.804,0.08349,76,0.4072323085269258,ood:cond:pp:2823.8 outside [505.725,2097.14]
0.0,0.7708540187725368,13.14558219909668,0.19954202418651645,2.010715644303726,0.9640656040275556,13.240339199164806,0.6120421013249385,6.467671529805949,0.19937168019581172,13.707509135149547,0.3377788632424291,13.927208750596927,0.7815051030911071,15.694084678926641,0.652312029715099,19.107913816841688,0.9084050764954884,15.19576052491693,0.8323632278679083,18.844611169582233,0.7339541366883258,13.728808405660821,0.5634470270645462,24.67787897108383,0.27828813135813835,12.887086385217566,0.07708540187725368,0.31788298935519027,0.0,0.0013058601878583433,0.39627425142030226,0.026117203757166862,2823.804,0.08349,77,0.39627425142030226,ood:cond:pp:2823.8 outside [505.725,2097.14]
0.0,0.8428984295272212,14.463350296020508,0.3870007733434513,4.990867151275684,0.20148622994202434,15.619621361375362,0.48242371013886887,6.1484865719954325,0.2321102103723142,17.287605509298658,0.8948079820604216,14.507698859390963,0.2905935862640623,17.087783960562533,0.35318884344463297,15.067519451827504,0.6679962201335182,17.0090684523112,0.9171147487110767,18.975009522171966,0.9158269429805018,14.514797330275732,0.38726590300488956,27.53380733651422,0.6806949805626055,12.862947484025586,0.08428984295272213,0.3476684676272549,0.0,0.0013263327069580556,0.43328464328693506,0.02652665413916111,2823.804,0.08349,78,0.43328464328693506,ood:cond:pp:2823.8 outside [505.725,2097.14]
0.0,0.7803903345305598,14.646244049072266,0.9019595943243305,1.7223324152910298,0.5606263597674033,14.408338870341451,0.2656623741121937,9.209255796044456,0.40015357557076214,15.01307738949508,0.8957175873245543,10.318164460330673,0.21010928077704372,13.588573633283948,0.5413219074080711,18.711626203883007,0.2557472586327953,15.127630314237491,0.783267570275635,22.765693761220916,0.5067648909197503,14.410075946349613,0.3604547366379888,27.03629044155245,0.4032367641900588,16.397314581952582,0.07803903345305599,0.3356176451478534,0.0,0.0013057221658527851,0.41496240076676216,0.026114443317055702,2823.804,0.08349,79,0.41496240076676216,ood:cond:pp:2823.8 outside [505.725,2097.14]
0.0,0.8058163989849466,15.24118423461914,0.4173640132300551,4.016712297269876,0.9783328896488888,16.24487009753898,0.6773741207826875,9.542022768778418,0.5488981681268624,13.181134675962983,0.26294132085458133,13.97429825814202,0.8726221704955376,14.413747133151041,0.8663937375160412,17.745119762116293,0.361893033072606,14.909343964267197,0.483028968293696,19.49065721494053,0.9739405274766777,13.415876213138997,0.28978110155655923,25.600755479090182,0.8910482581320729,16.86162651591055,0.08058163989849466,0.40845174660011174,0.0,0.0013119382783770561,0.49034532477698345,0.026238765567541122,2823.804,0.08349,80,0.49034532477698345,ood:cond:pp:2823.8 outside [505.725,2097.14]
0.0,0.8656589602739921,17.0679931640625,0.513042273972292,2.6498024755710605,0.4662303003314929,13.431671341894988,0.6696267715911932,6.220571770144095,0.5957837630262759,12.794552259178499,0.5393656955432402,11.91384500651116,0.40944189708468626,13.696475645623728,0.9000343478325749,16.17094996341674,0.39705155226805167,13.742112106881732,0.9260433770983458,19.870897784383494,0.5175310060715637,15.293025664726288,0.3666769494529447,27.65982430943171,0.9547761705881841,16.027083295326037,0.08656589602739923,0.37112642807217505,0.0,0.0013361502438783647,0.4590284743434526,0.02672300487756729,2823.804,0.08349,81,0.4590284743434526,ood:cond:pp:2823.8 outside [505.725,2097.14]
0.0,0.8496861985190417,15.735692977905273,0.6707322670114003,5.631744293219956,0.6522967386158249,15.787990250742153,0.27545027816956325,9.766755124083474,0.29016687862014434,13.283634690538806,0.316846711532859,10.177209515651437,0.43763883817767246,17.145846004696217,0.5617744723582654,15.201807804721863,0.44982162377738405,15.566793204176488,0.8985652070789976,21.488655231212828,0.8471763525652509,16.43582530748127,0.9391532123909525,26.95851112378804,0.641376390030949,16.070520093482585,0.08496861985190418,0.3667177325740981,0.0,0.0013534045778214932,0.4530397570038238,0.027068091556429863,2823.804,0.08349,82,0.4530397570038238,ood:cond:pp:2823.8 outside [505.725,2097.14]
0.0,0.810632709476367,15.509186744689941,0.5826499599548803,5.39485123952794,0.3038571792444291,16.44012675291375,0.23995453815345524,9.620854859399433,0.8560299587776942,17.411549404601992,0.212529086503599,14.93122260011842,0.35628073055826326,17.5306860191808,0.7668210644604992,17.563827982591363,0.8039987230720846,15.548133701620348,0.5203123482233201,23.481411817354157,0.5674682882035837,17.093642985734498,0.32156886904656223,23.260067961718615,0.7515600480785727,16.320420260102935,0.08106327094763671,0.3654165402846277,0.0,0.0013226398266851904,0.4478024510589496,0.026452796533703804,2823.804,0.08349,83,0.4478024510589496,ood:cond:pp:2823.8 outside [505.725,2097.14]
0.0,0.8012894879651817,14.345947265625,0.6152613752852163,2.1382880428925324,0.47127697020727893,15.951425743990423,0.7783705232197322,6.217088461324248,0.774385654504818,14.839655019025003,0.20159406145161568,12.836984348408041,0.5650054314111151,16.954079274997653,0.5655873016524327,19.484397356943003,0.5360282290602343,15.541124923920357,0.40266131368610036,23.067494923749795,0.20053870004846325,17.654874461633064,0.27518566237792835,24.77929205605405,0.7193968878097124,16.04969225073292,0.08012894879651818,0.30780231641321915,0.0,0.0013433958403766156,0.38927466105011393,0.02686791680753231,2823.804,0.08349,84,0.38927466105011393,ood:cond:pp:2823.8 outside [505.725,2097.14]
0.0,0.8186966720524599,15.101448059082031,0.8051795562162063,4.935942301042894,0.5872631652389564,16.864855373614013,0.7776965283525079,8.269763479355138,0.8727101977151216,16.89071426433415,0.2601093333538434,13.942611591634531,0.8860841558594399,16.27400054112147,0.3685182458005952,19.39237301479745,0.6133640884952373,15.262132059447861,0.44962194125834964,21.45850254986531,0.6985750458451517,16.62859348939422,0.8952688596120644,27.30853237626251,0.7967604596558588,16.915350095251732,0.081869667205246,0.34667771531227487,0.0,0.0013350244611501695,0.4298824069786711,0.026700489223003387,2823.804,0.08349,85,0.4298824069786711,ood:cond:pp:2823.8 outside [505.725,2097.14]
0.0,0.8136531925268595,16.17827033996582,0.718480786581367,5.805798797617956,0.21790946978492892,16.04715619173389,0.9925196259326728,10.434056344833792,0.4320059182719569,16.654419852283898,0.7218629439251236,15.172271807596061,0.5211555524762115,13.237798693418872,0.8759542328107185,17.04536423381538,0.6048858494959319,17.193411467871396,0.5396101415190204,20.170682150832373,0.47797212490770374,16.26781104891996,0.747851212795224,24.798182160624542,0.8870789917800397,14.059495271739596,0.08136531925268596,0.3845947806480335,0.0,0.0012631306424736978,0.46722323054319315,0.025262612849473953,2823.804,0.08349,86,0.46722323054319315,ood:cond:pp:2823.8 outside [505.725,2097.14]
0.0,0.8204355357316738,16.565275192260742,0.9413036731201995,3.9538804133396073,0.27821206377261093,17.500785175654084,0.4441739737150281,9.561216171887622,0.9854260966242959,16.074010573115036,0.4260853824867574,11.4506304514392,0.6176935065613967,17.63363842901254,0.5972027059480738,16.323363581912155,0.9202682133870034,13.952713886525821,0.2633561383808435,21.510860206708763,0.4616736079104402,16.806363651186448,0.7526678772554429,23.843755615808035,0.4522974409948629,16.61437536760948,0.0820435535731674,0.4248288578159211,0.0,0.0013057596050202848,0.5081781709941088,0.026115192100405693,2823.804,0.08349,87,0.5081781709941088,ood:cond:pp:2823.8 outside [505.725,2097.14]
0.0,0.8131096711274864,14.431925773620605,0.35991723735852793,6.381889380761468,0.26672756003005677,13.088161829624399,0.3377727561415503,9.604417024493863,0.40634064399653247,16.91140581779597,0.24953941499868187,13.66982971575632,0.6538584383337237,14.31909387757513,0.9586186849717919,15.190880991709422,0.5834603182817764,13.006679251208109,0.3928268176070925,21.97911784008839,0.8406730142462356,14.74064435783341,0.442985650463789,23.508338695151902,0.8503433193134589,13.795864016373766,0.08131096711274866,0.3718756373824829,0.0,0.0013340754434466363,0.45452067993867823,0.026681508868932724,2823.804,0.08349,88,0.45452067993867823,ood:cond:pp:2823.8 outside [505.725,2097.14]
0.0,0.7974872802753754,14.035015106201172,0.62095089139875,4.512693639476971,0.2518156890906502,14.024834252006137,0.2658150899693775,9.72903573342183,0.9375575626336935,16.015947858863022,0.8940540548205183,10.484995444953311,0.2178038830161848,15.013009192544338,0.9741590988706419,17.562022956723276,0.9067316444819579,13.509991073434751,0.2553468381610113,22.009376427798365,0.6335486543204086,13.264313671815364,0.2800755304544988,26.108820027579778,0.560550485933222,15.13457690377314,0.07974872802753755,0.36003504377133416,0.0,0.0013142713345587254,0.4410980431334305,0.026285426691174507,2823.804,0.08349,89,0.4410980431334305,ood:cond:pp:2823.8 outside [505.725,2097.14]
0.0,0.7797849315790503,14.32710075378418,0.9043231843897314,2.2636031813745703,0.7416075113948584,13.065957014288912,0.5393790622449393,9.518403772569743,0.9836328010042555,15.255728072595616,0.5249184614993041,12.647967133436612,0.2235814744100375,15.18915118322659,0.8363005431566111,18.731759402871127,0.9491457862467678,14.785451483457237,0.9002778279912006,23.7168179805775,0.27868982441406714,16.149998507107647,0.8997487007217836,24.406882363444637,0.37598479997079853,13.410629195777329,0.07797849315790503,0.30407560972831854,0.0,0.0012870972976088526,0.38334120018383244,0.025741945952177048,2823.804,0.08349,90,0.38334120018383244,ood:cond:pp:2823.8 outside [505.725,2097.14]
0.0,0.859784835466297,16.173824310302734,0.4646696010058104,2.9348714279445307,0.22974045900583365,14.47325672240802,0.4320027393069843,6.358947386314588,0.658027472915182,15.243832155146048,0.9315862223961492,10.711086245385848,0.5220096568213161,13.394174612505845,0.7340260734425178,16.33534411087912,0.5256445361694725,13.044636725076415,0.4730242832191075,21.424842959396944,0.22323043008608773,16.1225236410701,0.5148954237073058,27.9431344687194,0.3365720139216756,13.41533607138022,0.08597848354662971,0.3549893306963848,0.0,0.0013504253700375559,0.44231823961305206,0.027008507400751114,2823.804,0.08349,91,0.44231823961305206,ood:cond:pp:2823.8 outside [505.725,2097.14]
0.0,0.7894875967620054,13.386198043823242,0.7841146965586266,3.677865252796909,0.8820762637992021,14.233590811465204,0.6040350421250161,9.584302168107834,0.3979089947032618,12.901452290384368,0.46869008105019166,12.880470102398968,0.8826971068085734,16.932375459594024,0.5250435945215477,16.801631726414588,0.6728728876129566,13.858798145466883,0.5070406492653123,20.397724248186353,0.22458196862020774,14.926335532814077,0.7141102361398639,25.89639032131498,0.7693603127289373,13.308073914387547,0.07894875967620055,0.3337618328260805,0.0,0.0013207741081714631,0.4140313666104525,0.02641548216342926,2823.804,0.08349,92,0.4140313666104525,ood:cond:pp:2823.8 outside [505.725,2097.14]
0.0,0.8058540591992573,14.703080177307129,0.43031433962696886,4.92917919600794,0.40754569290790377,16.039883771255965,0.7848538462037299,10.085379743708284,0.8834379492717073,16.73062825719459,0.5184478957019654,13.314814045843082,0.8674763134307582,13.992880947549637,0.5997811244797449,18.886756417175448,0.6317672130196859,13.74963623690039,0.7522417870250491,22.032348401256137,0.6847459560194766,15.167515004558553,0.6799302438882061,24.36161134006863,0.7901368633486677,13.352477475129774,0.08058540591992575,0.3834390437021544,0.0,0.0012799443677067757,0.46530439398978696,0.025598887354135513,2823.804,0.08349,93,0.46530439398978696,ood:cond:pp:2823.8 outside [505.725,2097.14]
0.0,0.8209671714002921,15.776118278503418,0.7656755355284764,1.858547009281666,0.3311364212312503,16.696891662967815,0.34264844723956744,7.969426384736366,0.5017437223833182,17.5449871810237,0.36815017994543187,11.271717514785637,0.6917482148914019,14.50696647912719,0.45091360630706345,15.679571843306162,0.9736527040755103,14.455587689835639,0.48649900959757664,20.935060057957465,0.6136701929485466,16.28259150118532,0.1965732257202299,27.55638230162473,0.536260683602454,14.076018662588707,0.08209671714002921,0.3906811401969434,0.0,0.0013350149616599084,0.47411287229863247,0.026700299233198166,2823.804,0.08349,94,0.47411287229863247,ood:cond:pp:2823.8 outside [505.725,2097.14]
0.0,0.8205341141202295,15.085570335388184,0.7291685370774698,5.484381439815639,0.9743827306045105,13.665826146907165,0.6984765049259396,10.559220906127074,0.8562920695585211,15.329166487929157,0.37858156982421687,15.171482436704474,0.6678032774554643,12.889333022353055,0.20614582072156912,19.020037091626563,0.5082311367764888,13.471402470216198,0.6097863467198331,18.930983913601388,0.7727749563594716,12.907255616280644,0.6587822679367116,28.049850470030158,0.9927434513591797,15.491051766181974,0.08205341141202295,0.35203675535579965,0.0,0.0012860495597124101,0.435376216327535,0.0257209911942482,2823.804,0.08349,95,0.435376216327535,ood:cond:pp:2823.8 outside [505.725,2097.14]
0.0,0.7966257092351968,13.805163383483887,0.4741505150871567,4.234225447974227,0.5179035421407974,15.359888021824514,0.65195531624064,6.678100898095017,0.8273003333877319,14.21341351199323,0.34691165672483704,14.157867860190628,0.9771131826297987,13.089597334583564,0.49293167894376977,17.855965270727275,0.37678897152648483,15.787060087879667,0.6347404904682753,21.21913306323369,0.7282424611070685,13.835558802880694,0.4264727199163496,25.726065063466528,0.2312114221200955,13.706725020202898,0.0796625709235197,0.35046933222593574,0.0,0.0013264232315123082,0.43145832638096776,0.026528464630246162,2823.804,0.08349,96,0.43145832638096776,ood:cond:pp:2823.8 outside [505.725,2097.14]
0.0,0.8168085876155213,14.266417503356934,0.6990356895944979,5.117097666989977,0.20711678620101345,14.784931472802072,0.39602860160671205,6.0858799003222925,0.5987793733564751,16.75436844484529,0.22239458897618852,11.555129161261652,0.7023348976481687,16.429835126008104,0.9064445774900072,16.304943754730374,0.7233715115872336,14.05388222851607,0.450217068549045,22.371009734332524,0.9691962832651404,14.01885950519517,0.4709581823414753,25.608563236498092,0.8694404976291727,15.85592702440908,0.08168085876155214,0.3674627312876905,0.0,0.0013714307919144631,0.45051502084115713,0.02742861583828926,2823.804,0.08349,97,0.45051502084115713,ood:cond:pp:2823.8 outside [505.725,2097.14]
0.0,0.7748484454515384,14.208752632141113,0.47435797753067077,5.098821067583476,0.8892718894816464,14.765429320683037,0.9005296256884066,6.486127518883579,0.8357578438635686,12.762197183111054,0.34869841614105335,10.916556130673353,0.4540306773492097,14.835219553100478,0.24896241123719648,17.110724079875073,0.5867295516589188,16.06482662314162,0.5374476685789844,22.21757423805588,0.3061479404348735,15.165962728855718,0.5482810639632059,25.809212711485095,0.6618854018721643,12.908443814262709,0.07748484454515385,0.2805595664286879,0.0,0.001340788044035435,0.3593851990178772,0.026815760880708694,2823.804,0.08349,98,0.3593851990178772,ood:cond:pp:2823.8 outside [505.725,2097.14]
0.0,0.837924239158493,15.373400688171387,0.8741637016870342,4.03694014597218,0.9939206558056134,14.686752444655685,0.6670617209297351,6.737388920726336,0.9187584433046213,15.2168152063024,0.28857602385943165,11.62763139652492,0.27960438813915717,14.951324735606335,0.40149688016311713,16.95219183046464,0.2719417919658069,17.160617826360816,0.23563078641636165,23.09921051615352,0.9837524249831967,16.103615408908652,0.3759522856644225,26.500884194904707,0.532058059373167,17.552744067821774,0.0837924239158493,0.3264755403934802,0.0,0.0013623613864183427,0.4116303256957478,0.027247227728366852,2823.804,0.08349,99,0.4116303256957478,ood:cond:pp:2823.8 outside [505.725,2097.14]
0.0,0.815318484174942,16.161678314208984,0.6101459406822958,4.601303510235442,0.598545300154377,14.35233777375173,0.36094928273985144,6.641884491002339,0.31287746674469324,12.963002379938985,0.5741810981903395,13.240293185495746,0.8237243730234236,16.635786123199594,0.4640757348965754,18.641064801983116,0.6226586055868228,16.62229311795724,0.9249916126498114,23.175089273637944,0.6964454826206086,17.41449048534725,0.8454240522781421,27.069536038042266,0.359248769023593,16.174329408116023,0.08153184841749421,0.27259295995283506,0.0,0.0013492036610841752,0.35547401203141343,0.026984073221683502,2823.804,0.08349,100,0.35547401203141343,ood:cond:pp:2823.8 outside [505.725,2097.14]
0.0,0.8019898341763076,16.51055145263672,0.6096778438364362,6.297304544523255,0.669329989442461,14.880420704518063,0.38297232586755103,6.079606483011498,0.5257879743835803,13.085144556778898,0.7311020468733419,13.238334730937158,0.7828800639063805,17.582304005275567,0.40612464494290323,18.549681394019338,0.6534270267120659,16.062353675931877,0.9394891957546867,22.803163376930932,0.825273800292934,17.015297616200677,0.7436813200345671,27.968172214265486,0.43191752046517196,15.591582605513885,0.08019898341763076,0.2535102927062066,0.0,0.001351574342697859,0.3350608504665352,0.027031486853957176,2823.804,0.08349,101,0.3350608504665352,ood:cond:pp:2823.8 outside [505.725,2097.14]
0.0,0.7900178411078741,15.850740432739258,0.7041550770680608,6.291982639995629,0.8332409742598683,14.687688880390139,0.2813831952496313,6.689593202960209,0.43691827177730047,12.79290933818677,0.7507051909820782,13.62611686008262,0.7259732729756659,17.298268830853935,0.3561849754082658,18.92497416835312,0.7238688878099611,17.497947626720197,0.9807202310540721,22.034415340909767,0.8425894708755981,16.05620133548068,0.8151346666254622,27.94238657088749,0.5315358061928748,14.890248764600772,0.07900178411078741,0.24022128094306766,0.0,0.00134894959628582,0.3205720146501409,0.0269789919257164,2823.804,0.08349,102,0.3205720146501409,ood:cond:pp:2823.8 outside [505.725,2097.14]
0.0,0.7872062497183,15.238883018493652,0.5508117556697656,6.196200870114004,0.7588982327924594,15.401689982990229,0.36657954276487814,5.982695922419229,0.5157617510132335,13.085178866761334,0.7610333796023241,14.339410102174002,0.9482025284356985,16.403827203354833,0.44018234974875536,19.110440607144163,0.708109397765684,17.31451858105745,0.9731781479578073,22.558197652298407,0.8806024472249538,16.015471875488057,0.9113129844728742,26.969369217022276,0.3443918732738804,14.73982752908568,0.07872062497183001,0.23879972930219318,0.0,0.0013392383232712747,0.31885959259729446,0.02678476646542549,2823.804,0.08349,103,0.31885959259729446,ood:cond:pp:2823.8 outside [505.725,2097.14]
0.0,0.8026765733422874,14.08522891998291,0.7403445647880431,5.09094486237513,0.6372081465849249,14.966033202775494,0.38276793793114283,6.227181798880871,0.3679687472525269,13.753139396665805,0.6932667551522781,14.020228977206814,0.6988111892574183,16.47407422438683,0.3476407505673916,19.27372424840228,0.5994615298332046,16.109185342869402,0.9035104507706823,22.108295041607906,0.8757586307795747,15.910138877426354,0.7345240395720134,27.328719205068715,0.34791329509627117,14.90448383930341,0.08026765733422875,0.26969964190345636,0.0,0.0013357201591134072,0.35130301939679853,0.026714403182268143,2823.804,0.08349,104,0.35130301939679853,ood:cond:pp:2823.8 outside [505.725,2097.14]
0.0,0.8053947487544283,14.070056915283203,0.682645844798205,5.20474914467372,0.5991046083253043,15.662815031914587,0.3574011960194121,6.581970728048884,0.39748175869608593,14.01877120495429,0.7579566753585701,14.811152933874856,0.8087092884800477,16.832819166316312,0.4311221298168738,19.213645617164445,0.6300888462316767,16.61164082955952,0.953386810400534,22.98937125156726,0.9506985979204761,15.825285118594985,0.9354772981056704,27.28619433768343,0.4117469181818074,15.04415746347006,0.08053947487544283,0.2638012102724215,0.0,0.0013308503665030004,0.3456715355143673,0.026617007330060005,2823.804,0.08349,105,0.3456715355143673,ood:cond:pp:2823.8 outside [505.725,2097.14]
0.0,0.8035386882569672,14.576387405395508,0.5584191979690387,5.692047026925369,0.6186621809361668,15.477624153646254,0.4768370900044915,6.594034844824947,0.56912328909081,13.465895094886942,0.6043954815715105,14.730877460142743,0.8099167941724776,17.539653222585546,0.5754504515709181,19.308502370134804,0.600446767687404,16.15889321408879,0.9259116666300835,21.742595429759156,0.9411824490436946,15.816871483562279,0.8436029309438066,27.69124401577586,0.39258212387636326,15.56345971017545,0.08035386882569673,0.2630553172127653,0.0,0.0013433312997221947,0.34475251733818424,0.026866625994443893,2823.804,0.08349,106,0.34475251733818424,ood:cond:pp:2823.8 outside [505.725,2097.14]
0.0,0.8195016251949693,15.393797874450684,0.49055199808780126,5.359362351182131,0.7433411577552401,14.809740183577096,0.295773003196764,6.815750414344951,0.5800415789500556,13.55641121524901,0.6417668356616709,13.554651174528255,0.6859053828942929,16.579482483022183,0.6056071793173552,18.607493114981768,0.7010031678797742,16.154727565946974,0.8875775131061892,22.586879070519824,0.7725127106398807,16.8867336945419,0.7503998194241976,28.123461636906246,0.32706712400046534,16.250512025915505,0.08195016251949694,0.2941223676482481,0.0,0.001357709988951683,0.37743024015669674,0.02715419977903366,2823.804,0.08349,107,0.37743024015669674,ood:cond:pp:2823.8 outside [505.725,2097.14]
0.0,0.8103062143206854,15.324225425720215,0.2584002030865473,2.4254174882466963,0.9281218487529364,13.020580777091444,0.6101077583358929,8.443822059548284,0.5740515795077537,13.308135247541033,0.9501673860902365,14.242097174523625,0.7542517871761325,17.191719397258034,0.5763900850196292,16.11317372140625,0.6400722091403155,16.928314664936597,0.28559733774147505,21.787047223077504,0.7366800776795358,16.882179471893785,0.631182032636629,26.70536871490636,0.8929576836058728,14.193620012159428,0.08103062143206854,0.2539261210986893,0.0,0.0013369218446314336,0.3362936643753892,0.02673843689262867,2823.804,0.08349,108,0.3362936643753892,ood:cond:pp:2823.8 outside [505.725,2097.14]
0.0,0.7997753935526384,15.073986053466797,0.2550327757277485,1.9796192704550175,0.8615922338752923,13.5287034201203,0.5805179189902409,8.400208879013535,0.42798860413894796,14.500046599623419,0.8250818016153176,15.054480359893523,0.6088838703083054,17.40004719872493,0.5669497266103315,15.45812466035772,0.4919244045755118,16.854554758877875,0.36541231800341767,22.103677307903094,0.7136018740358816,17.20315267640256,0.44020586907158915,26.16902551350722,0.7470013060312665,15.1457076860181,0.07997753935526385,0.26901807338407835,0.0,0.0013248683884739877,0.3503204811278162,0.02649736776947975,2823.804,0.08349,109,0.3503204811278162,ood:cond:pp:2823.8 outside [505.725,2097.14]
0.0,0.7975088927127316,14.349533081054688,0.2458858579768339,1.6264829496213544,0.9933880363909138,12.750094339236856,0.6241527217896126,7.924772529159709,0.48554239412041145,13.697901972996885,0.9860643650513614,14.83636423923374,0.7467336732810539,16.857169931575516,0.5382166336164832,15.551223189984936,0.5166554412434005,17.037820693578645,0.28798560536279877,21.123047328028118,0.6377736234187715,15.845012719734761,0.5564819213377118,26.47473350641774,0.7836991831922908,14.22152903610173,0.07975088927127316,0.2713830661007229,0.0,0.0013211070559918882,0.3524550624279879,0.02642214111983776,2823.804,0.08349,110,0.3524550624279879,ood:cond:pp:2823.8 outside [505.725,2097.14]
0.0,0.7991161803394257,14.831476211547852,0.23913301487027763,2.4389625463189972,0.9522408668508998,13.595693780260941,0.6287606982085423,8.969097217529464,0.4647170827024214,14.534741435252567,0.9779572999143384,14.173518693117305,0.5791625225815697,17.496518045663752,0.42108221678249524,15.11202505771429,0.6850221653005643,17.389077515624074,0.22036025607211554,22.683076767865145,0.5543734005073702,16.10267906738859,0.6780105392585513,27.482762627310965,0.9212152942156284,14.352473304463585,0.07991161803394257,0.24978661297039934,0.0,0.0013240739703178407,0.3310223049746598,0.02648147940635681,2823.804,0.08349,111,0.3310223049746598,ood:cond:pp:2823.8 outside [505.725,2097.14]
0.0,0.7865182201929658,14.073166847229004,0.33715394011987654,2.1302685010163525,0.8936015281818308,14.02807594023027,0.5165755360745328,8.27472116195431,0.6497991241266872,13.886304818975056,0.8932396965003452,15.043176738815797,0.48396755647364553,17.665595152601558,0.4416773709606916,15.801326268731003,0.5018754860606022,17.049190887558236,0.2402418191415332,21.466112852402844,0.6216330855149638,15.929910111675293,0.5873678708806751,26.001646458720604,0.9740547689858433,14.73279846206317,0.07865182201929659,0.2815405331893245,0.0,0.0013226620852947236,0.36151501729391583,0.02645324170589447,2823.804,0.08349,112,0.36151501729391583,ood:cond:pp:2823.8 outside [505.725,2097.14]
0.0,0.7898158062891377,14.007589340209961,0.31170884337205906,1.8196748536053386,0.9899876764287356,13.917243519274871,0.4294409009846024,7.867020032653569,0.5909004835114271,13.382654245530285,0.8637073867183307,14.772055725252823,0.7165441428029917,16.805102078817487,0.39145235409482976,15.58493645135492,0.650213431115708,17.350398590751823,0.2413886527036851,21.18266578619356,0.8027991789233047,15.877933629270123,0.6832394626014906,26.329985786241913,0.8872814944747742,13.829483678797857,0.07898158062891378,0.2749241684692547,0.0,0.0013243972323834898,0.35523014633055194,0.026487944647669792,2823.804,0.08349,113,0.35523014633055194,ood:cond:pp:2823.8 outside [505.725,2097.14]
0.0,0.7952213221212964,14.274181365966797,0.3861203199849065,2.1971791503429863,0.964845830359414,13.356405429226943,0.5389480999937935,8.346464132893122,0.45916772974206754,14.229002402941674,0.9848047577315142,14.67596216207928,0.513918503792153,17.564772342042428,0.4646335754075528,16.05468937402663,0.7301258830405585,16.82058665540997,0.3328420190659318,22.373104782235472,0.5614174436836523,15.914600842938254,0.45506019217143795,26.12409279933785,0.8314271459249818,13.861205307049893,0.07952213221212964,0.256031959020686,0.0,0.0013118078000843526,0.3368658990329,0.02623615600168705,2823.804,0.08349,114,0.3368658990329,ood:cond:pp:2823.8 outside [505.725,2097.14]
0.0,0.8050778156239493,14.913352966308594,0.2289497380379446,2.412072191667124,0.8445727035895483,13.750677168569833,0.4352491083807157,8.628117929273209,0.6587042220283275,13.654349890250813,0.849712687662175,14.954122848483214,0.7101146267817295,16.96866793318921,0.3986076852965033,14.970099596613705,0.546738674210864,17.64101375822332,0.2795891081087893,22.051309546271277,0.6376351155936105,16.726629804570063,0.6975063561263879,26.765311684689216,0.805650035899275,14.618303813741058,0.08050778156239494,0.2656272284400605,0.0,0.001327376998960972,0.3474623870014164,0.026547539979219437,2823.804,0.08349,115,0.3474623870014164,ood:cond:pp:2823.8 outside [505.725,2097.14]
0.0,0.8006752563196586,13.553321838378906,0.5887085806784715,5.312187288842933,0.9066017469391083,15.61745567553089,0.9258528675265112,6.914066345018318,0.9689591969763545,13.433006507429768,0.42566062832829843,11.706826139434753,0.33178875928051643,14.235768864144765,0.2888053178593818,16.58377021188492,0.5912729338264126,15.589424583440541,0.5655929497708976,21.874802365168627,0.35703236553987683,15.449872209442319,0.453114466077458,25.462854295891386,0.7038200295947734,12.907698309701484,0.08006752563196587,0.31817214210962896,0.0,0.0013526118360459806,0.39959227957764076,0.02705223672091961,2823.804,0.08349,116,0.39959227957764076,ood:cond:pp:2823.8 outside [505.725,2097.14]
0.0,0.7942795606234941,13.592494010925293,0.40083562598215844,4.663591498927448,0.8241075412802255,14.963986751566157,0.8366058577937165,7.270980697024406,0.8877980526503759,12.982843861654441,0.4284564282291544,11.085810085276634,0.5431374339333681,14.5694289971627,0.23732620648688968,16.598687183643417,0.5860883642971759,16.453788141756647,0.5265247509866546,22.900349182405257,0.43790471867017633,14.358312836144593,0.6650906837406854,25.79009580376716,0.644141782868364,13.472629458965354,0.07942795606234943,0.2984415179291848,0.0,0.00134632820263505,0.3792158021941692,0.026926564052700996,2823.804,0.08349,117,0.3792158021941692,ood:cond:pp:2823.8 outside [505.725,2097.14]
0.0,0.8080084707149602,13.553506851196289,0.35195994771918954,4.518345748059036,0.9018690859388039,15.525651464592498,0.9478357935258943,7.129900445900271,0.8072031414777062,13.517020894314353,0.27381385262249663,11.23681340048536,0.4996635905250145,14.227226156657935,0.27916321803395294,16.36484305429171,0.48939547253203525,15.518708984123927,0.5802061238110721,22.95069428392281,0.37782976053518813,14.769707420249967,0.5427775316596777,25.85904720298444,0.6725665375381892,13.453207373163467,0.08080084707149603,0.31722258240144985,0.0,0.0013477284461259843,0.39937115791907185,0.026954568922519684,2823.804,0.08349,118,0.39937115791907185,ood:cond:pp:2823.8 outside [505.725,2097.14]
0.0,0.7892147721338608,13.702604293823242,0.4781371671082414,5.035226627775855,0.8160447940918714,15.432021199852194,0.9431066156989725,6.583990583398846,0.9411270595327834,13.222317551282643,0.26022278069434196,11.071427593891453,0.5563340436863883,14.021462383404316,0.23145437063929775,17.54856779474685,0.5898484393786714,15.496299066064585,0.647582938428042,21.849095614165684,0.29919485399237433,14.715273693846246,0.5981776857332629,25.857992837056052,0.6675138342683689,13.073969455271566,0.07892147721338609,0.30422657961773064,0.0,0.0013437842018902302,0.384491841033007,0.026875684037804604,2823.804,0.08349,119,0.384491841033007,ood:cond:pp:2823.8 outside [505.725,2097.14]
0.0,0.8031690222148049,13.63418960571289,0.607542488351645,4.757238466918576,0.8511028643708625,15.535424841923188,0.7720382858181057,6.917654972100798,0.8826030798346559,13.115840139782469,0.44347002757558773,11.153881359789237,0.590553611538819,14.706136561641053,0.37244423203338967,16.846478578790503,0.6505631398752381,16.675322858469187,0.559826768234712,22.752650673050354,0.2919695732329878,14.661906566197008,0.5935392839043511,25.318964480402727,0.7666599197988906,13.737085720107135,0.0803169022214805,0.30416097643065987,0.0,0.0013548815622925758,0.3858327602144329,0.027097631245851517,2823.804,0.08349,120,0.3858327602144329,ood:cond:pp:2823.8 outside [505.725,2097.14]
0.0,0.7790246968897201,13.983105659484863,0.6018324376932768,5.326942168020842,0.7685719741776718,14.044098122062863,0.7718765391478829,6.970975746173165,0.8677571472470277,12.807267994893524,0.48041411057201766,11.611781484492575,0.4008543222561149,14.736701999713182,0.2942103394443865,16.79509992097271,0.5761054674688676,16.664252978214485,0.6159912622802791,21.76921764423752,0.24893937465888627,15.542888634068003,0.5464062127415237,25.576737574672105,0.602725070695504,12.748702235366194,0.07790246968897202,0.28903791422370023,0.0,0.001344750262796879,0.36828513417546915,0.026895005255937576,2823.804,0.08349,121,0.36828513417546915,ood:cond:pp:2823.8 outside [505.725,2097.14]
0.0,0.7939326101198779,13.829492568969727,0.49583755101155325,5.079310956853522,0.7861583048851224,14.105380443909164,0.7598836873521682,7.195084108214931,0.7700014665460029,13.290898585736535,0.4519224914154832,11.223156654677403,0.4452611861591328,15.216679945640264,0.3730022491530119,17.847813373456034,0.6979576690299734,15.894732772631594,0.5272841855389645,21.692611099367394,0.2717874579322422,15.301803864976144,0.4227306325468879,25.752157675698633,0.5215009235876354,13.6712554754317,0.07939326101198779,0.2945248824233191,0.0,0.0013367689214646818,0.37525491235677155,0.026735378429293633,2823.804,0.08349,122,0.37525491235677155,ood:cond:pp:2823.8 outside [505.725,2097.14]
0.0,0.7978021593842911,13.241427421569824,0.5979920209621471,5.710414109466905,0.7964565765859811,15.401043779684814,0.9121642517048687,6.599457377134498,0.7617040755442374,13.098337411050718,0.24819176131805398,11.482053332636124,0.38592589265336136,14.918857469037516,0.20914181845343607,16.842494720603074,0.6727227954762083,15.760775096152535,0.4362206032878649,21.610364816203532,0.27414740742618365,14.488244106602584,0.52646947000531,24.982291397504188,0.625286597075845,13.356349986360957,0.07978021593842911,0.3144712044839913,0.0,0.0013512925244867802,0.3956027129469072,0.027025850489735603,2823.804,0.08349,123,0.3956027129469072,ood:cond:pp:2823.8 outside [505.725,2097.14]
0.0,0.8028632965680149,13.779687881469727,0.8702434981669567,3.7432155538313623,0.8852423499496122,13.093895533393974,0.7838018107339975,6.677560200844933,0.89549975276957,13.27335414891487,0.6736980542937826,13.234480521560187,0.9963959103333175,13.756123558272375,0.6030533041742963,18.57377861038573,0.7250189174873628,14.678230885558529,0.5153145062757131,20.42297316939999,0.9714354991425929,14.052075217321848,0.644552084098655,26.085589830121553,0.33925919882084504,13.795702473684587,0.08028632965680149,0.3125349147243363,0.0,0.0013336936943233015,0.3941549380754611,0.026673873886466026,2823.804,0.08349,124,0.3941549380754611,ood:cond:pp:2823.8 outside [505.725,2097.14]
0.0,0.8022996298585103,14.172683715820312,0.8179421016414464,3.3314458021132305,0.8824880222251582,13.04421316542108,0.8048136646051708,6.703645776641455,0.8587010062784143,14.364920142131151,0.787728715033702,12.058742153577207,0.8831742387902731,13.107093795736622,0.42196164589989443,19.465861002507804,0.9395563271674482,15.82264657257825,0.46903510704265927,19.81196328535112,0.8769569206450638,13.48438589498323,0.5134301044184871,26.37908566594798,0.34570240211359815,13.062811796289191,0.08022996298585104,0.31246290081906386,0.0,0.0013351654633879662,0.3940280292683029,0.026703309267759323,2823.804,0.08349,125,0.3940280292683029,ood:cond:pp:2823.8 outside [505.725,2097.14]
0.0,0.8090515853595515,14.261820793151855,0.9435834297052363,2.767099254898808,0.8559097522322735,12.8198934936885,0.5882069725225174,6.827952807488471,0.6653257411346611,13.765850845640655,0.7108801477918649,12.179925708921063,0.9811442646259843,13.136366701544354,0.5200129598336264,18.649534010836863,0.9564574263147703,15.168138341942926,0.6115218667691571,19.13868394735333,0.8651210995500374,13.824655487011277,0.5432004532118463,26.16899328601012,0.2940031687359885,13.521147604863438,0.08090515853595515,0.32531996573375044,0.0,0.001335185393691063,0.4075603096633966,0.02670370787382126,2823.804,0.08349,126,0.4075603096633966,ood:cond:pp:2823.8 outside [505.725,2097.14]
0.0,0.7908075922147452,13.160258293151855,0.9832609280148317,3.2410743689738784,0.7489453947057081,13.482622635239249,0.6020847305836238,5.856599826343166,0.815845999344063,14.083174846922583,0.539471035413398,13.103371855722202,0.9712896514478981,14.569092429110269,0.49241546803163844,18.42683724208534,0.8824018146672228,15.417714070666035,0.6926772535739765,20.45559656655672,0.953844687626067,14.284033987651785,0.4374541380435753,25.913912210743998,0.3099775514628291,13.042651759932046,0.07908075922147452,0.3000892263740273,0.0,0.0013259521685540677,0.3804959377640559,0.026519043371081352,2823.804,0.08349,127,0.3804959377640559,ood:cond:pp:2823.8 outside [505.725,2097.14]
0.0,0.7881394462509876,13.346043586730957,0.8806708989200508,3.026788195308835,0.8201083256162531,13.252183664574279,0.6142502902513237,6.939165676288049,0.825016420159969,13.722879654379927,0.7532294112523092,13.083301568705426,0.90748879550098,14.03047366311275,0.6181624496005679,18.782474187292152,0.9515699874242718,14.982992898401251,0.4987616135895786,20.353578518171624,0.9469892545815101,13.682253596090654,0.674440966548735,26.024960384852346,0.3219228235200706,13.540034644522917,0.07881394462509878,0.3100048707372894,0.0,0.0013255284167826176,0.3901443437791708,0.02651056833565235,2823.804,0.08349,128,0.3901443437791708,ood:cond:pp:2823.8 outside [505.725,2097.14]
0.0,0.8029492181662081,14.150378227233887,0.9762618534676809,2.3850916284958172,0.9456524754548233,13.42267512793423,0.6832647226916646,6.7188482486215415,0.6239580930647214,13.632144898330568,0.778304809650695,12.423887435014922,0.9369927067076093,13.308150240913747,0.5324198919919232,18.58244631331779,0.9270239035765026,14.988833799474703,0.644065034579948,19.64187002552995,0.9099197641262579,13.153051771364947,0.6471567208232957,27.425719147264548,0.3976071323064154,13.371514044224488,0.08029492181662082,0.32250533560420636,0.0,0.0013328257948160172,0.40413308321564323,0.026656515896320343,2823.804,0.08349,129,0.40413308321564323,ood:cond:pp:2823.8 outside [505.725,2097.14]
0.0,0.8089883983851797,13.85626220703125,0.9276484630737414,3.6971505177735544,0.825518787664346,13.54920797066566,0.6433274204822281,5.90319411849765,0.6365222011474679,14.917490269783702,0.6909307548699624,13.457957645541224,0.9611357665755862,13.741268688421009,0.4708881333929146,18.92062872073663,0.9418296294816693,15.573481822238694,0.4844001278826495,19.607807683517173,0.9609950558613245,13.991529485191096,0.4512975417639333,26.49566531658673,0.4021476596693673,13.96794729418874,0.08089883983851798,0.3224293732867093,0.0,0.0013411781750619412,0.4046693913002892,0.026823563501238823,2823.804,0.08349,130,0.4046693913002892,ood:cond:pp:2823.8 outside [505.725,2097.14]
0.0,0.7880012129421352,13.40368938446045,0.9479365336739176,2.476725588987708,0.792110795410083,13.410492448065465,0.784975194535564,6.1449880661067775,0.8586762099850225,13.976092666503234,0.7462387142193241,12.899540523778334,0.8692066020420659,14.464573807126282,0.5214583188013244,18.503489639884545,0.9333123980193085,15.361708731150804,0.5148450868334725,20.185877491643108,0.9285017283319529,13.106759796478086,0.5807358375126336,27.066746295326226,0.4849154671299558,12.751832386461293,0.07880012129421353,0.2999885455504628,0.0,0.00131954662501812,0.3801082134696944,0.026390932500362396,2823.804,0.08349,131,0.3801082134696944,ood:cond:pp:2823.8 outside [505.725,2097.14]
0.0,0.8221530176806305,14.736518859863281,0.7547672781370518,5.391814357493703,0.9177913290570641,13.508718194674602,0.31684874957812315,7.569604021324335,0.8499065696087885,14.737637324634822,0.2471479749611292,11.21804209039398,0.32505193253327636,16.57176868292415,0.9233930334502778,16.141463155037815,0.6276261660692866,15.856665105938829,0.8548217783217931,22.531180769040912,0.5922920744178465,16.891056381720816,0.545663438972359,25.32124652849453,0.2745919555416171,14.681329849933142,0.08221530176806306,0.30285408229561034,0.0,0.001362796686589718,0.38643218075026314,0.027255933731794357,2823.804,0.08349,132,0.38643218075026314,ood:cond:pp:2823.8 outside [505.725,2097.14]
0.0,0.8046159266294564,14.158551216125488,0.6913933006930666,5.24403884535908,0.9717297490891041,14.121469982501077,0.31376002961926924,6.505644081180403,0.8491751892352964,13.968302947003464,0.2465597306241898,11.364263738978536,0.2880087599660629,17.194670114743314,0.9180294571917136,16.30269821628289,0.5332414102238747,16.815104279448793,0.9185709429238313,22.205071230620238,0.5900499075611663,16.76357428992301,0.5750990168297746,24.909103276147455,0.25132444221550265,13.91072616324901,0.08046159266294564,0.2852173348033156,0.0,0.0013654771260917188,0.367044404592353,0.027309542521834373,2823.804,0.08349,133,0.367044404592353,ood:cond:pp:2823.8 outside [505.725,2097.14]
0.0,0.8249020967240466,14.636893272399902,0.5801825386909619,4.811447213499832,0.8722534572792753,13.616644775175269,0.48025422417352587,6.509881673909862,0.7943124899131754,14.442585445101853,0.2611799792771728,10.743971347998057,0.27500087759650693,16.933933380380434,0.9395188319822654,17.04340825402483,0.44441579684691235,15.770820113741665,0.9581773253268058,21.5114255821812,0.5972379486475246,17.52296826828887,0.5256220155798901,24.41968848245678,0.20161323979885168,14.279193274339413,0.08249020967240467,0.3067086463062532,0.0,0.0013594366610050201,0.3905582926396629,0.027188733220100403,2823.804,0.08349,134,0.3905582926396629,ood:cond:pp:2823.8 outside [505.725,2097.14]
0.0,0.7995188732504485,14.404998779296875,0.6161914141710572,4.101991012023189,0.9341261385500451,14.440308230738038,0.31167412582086385,7.692212105317769,0.7339163061355843,14.077275096634981,0.2914906154100595,10.935537420194748,0.44967537222822296,16.892723996140283,0.8961112002689823,17.633608163819524,0.5872355151754922,16.418064099628996,0.9659988489893147,22.1195681344073,0.6302142081862344,17.122335953403198,0.6049302538953584,25.55656944335196,0.3131131051507464,13.520826878926757,0.07995188732504485,0.26950192294661923,0.0,0.0013342450372874739,0.3507880553089515,0.026684900745749474,2823.804,0.08349,135,0.3507880553089515,ood:cond:pp:2823.8 outside [505.725,2097.14]
0.0,0.8267140177455137,14.926212310791016,0.5779125470608674,3.818848965521165,0.9096316784901095,13.918685904575756,0.37432427349244685,7.802171721763951,0.716995969180155,14.618549996646886,0.2700446241664108,10.314445070816666,0.427849415483417,16.338123314356213,0.8985429837800087,17.433945996504065,0.4929475221330881,15.311129993713854,0.92626186396288,21.671626795355973,0.6546518345861685,17.425371879854563,0.4570483466935864,24.143254435940783,0.33227971229487074,15.01153997156852,0.08267140177455137,0.3281892945195146,0.0,0.00134730851277709,0.41220800480684305,0.0269461702555418,2823.804,0.08349,136,0.41220800480684305,ood:cond:pp:2823.8 outside [505.725,2097.14]
0.0,0.8170707698618147,14.754190444946289,0.7939630068935923,5.348878461364566,0.8890666334691226,13.360821637933531,0.3710923291413941,6.598329849373623,0.7405556933166652,15.342009087129728,0.24516105253364867,10.76494105408274,0.34510786671398186,16.64140290602164,0.939982292173694,17.100025738271096,0.5754299861877693,15.53546111183505,0.8769918498003577,21.93941537177647,0.6546455788222093,17.046753697210523,0.4575091667004774,25.286153975730368,0.23356713777951654,14.18391318929591,0.08170707698618147,0.296182180831194,0.0,0.0013594437390565873,0.3792487015564321,0.027188874781131744,2823.804,0.08349,137,0.3792487015564321,ood:cond:pp:2823.8 outside [505.725,2097.14]
0.0,0.8141953687261954,13.674175262451172,0.5972252955255001,4.594719966374143,0.9663339233631532,14.389545030447724,0.3786653235697666,6.647808700376965,0.8837224473598788,15.123754683296347,0.23138732289658903,10.942812855589292,0.36379471565876087,16.92596438019059,0.9204920233397987,16.890260394065848,0.5256593273812286,15.217359053318965,0.9686511458042169,21.837628507357348,0.5222027661859304,16.889839564940115,0.5364374824952203,23.91270632557904,0.2052386615367549,13.478256716991243,0.08141953687261955,0.32629894496631984,0.0,0.0013584217056632044,0.4090769035446026,0.027168434113264084,2823.804,0.08349,138,0.4090769035446026,ood:cond:pp:2823.8 outside [505.725,2097.14]
0.0,0.8294554047911576,14.505783081054688,0.7937038473875526,3.749876859301254,0.9119028667283424,14.45682532645484,0.43924955949352196,6.532131404627446,0.7396456575880965,15.292878699841793,0.2002261026180578,10.493875365452077,0.2276073732689941,16.208505505617847,0.8777105587887972,17.135745668521825,0.6229876947193667,16.516579624331808,0.9462679517593077,22.542460288214368,0.6630978384137343,16.634025044988586,0.4496098404425477,24.88285956693837,0.2647728222833019,15.011315764353903,0.08294554047911577,0.3022972495143921,0.0,0.0013577415607869626,0.3866005315542948,0.02715483121573925,2823.804,0.08349,139,0.3866005315542948,ood:cond:pp:2823.8 outside [505.725,2097.14]
0.0,0.7731727140342797,14.597670555114746,0.9065639290811998,2.7223510898714016,0.7441644978047509,12.813845161409,0.44798526908366265,9.935925822052754,0.9059325245304353,14.616686255519031,0.43847435491042586,12.797635185958775,0.2721137576619249,15.794855962397566,0.7318101748414194,17.932195926579393,0.923274149373777,15.647229325929816,0.8601298217575917,23.25389560678034,0.359988217338157,16.897490642038942,0.8083595945867769,23.608622162321993,0.24424019918407722,12.896519806579468,0.07731727140342798,0.3049632870618793,0.0,0.0012948527000844479,0.38357541116539173,0.025897054001688957,2823.804,0.08349,140,0.38357541116539173,ood:cond:pp:2823.8 outside [505.725,2097.14]
0.0,0.7806941358541034,14.550210952758789,0.7776536164194611,2.2411379045074926,0.7180934683558545,12.684398736126617,0.6597476592295359,9.680245428313153,0.91545201705545,14.733474000362786,0.6619806725715223,12.387770352037496,0.3578200926370282,14.9586459349231,0.7060819518695172,18.724934513994754,0.872919206532937,15.306562872866218,0.8805805715971077,23.61419840634141,0.36784527520046506,16.488999013747108,0.7732675342297737,24.121893432280885,0.5000625478559435,14.02443253882341,0.07806941358541035,0.30168637487029243,0.0,0.0013017293997108937,0.3810575178554137,0.026034587994217873,2823.804,0.08349,141,0.3810575178554137,ood:cond:pp:2823.8 outside [505.725,2097.14]
0.0,0.7970252337627178,15.132441520690918,0.9071720579375961,2.10138690479136,0.8780868057880782,12.923793792193994,0.5969513817618075,9.74907867853312,0.9755243959550954,16.014660534528122,0.6592939056323892,13.48335631568968,0.23892903192082793,15.38337728755298,0.7573731671223258,18.836708692918304,0.8946002259088207,15.463583329405164,0.97436218852247,23.779663640984214,0.27184643578981105,16.657439787125742,0.9457352257372317,24.91297844337688,0.30128679466995123,13.862318359674989,0.07970252337627179,0.28696829565892457,0.0,0.0012836321257054806,0.36795445116090186,0.02567264251410961,2823.804,0.08349,142,0.36795445116090186,ood:cond:pp:2823.8 outside [505.725,2097.14]
0.0,0.7731804233912702,14.18990421295166,0.9141319034989639,2.8655024607693114,0.6839430016510588,13.649672412648988,0.6370495352486647,10.358461300852614,0.9898857113288896,14.598950532325539,0.3978766869590209,12.16791468062517,0.3424429821398044,14.496311228422883,0.8663016408880568,17.900229264685596,0.9096574164045764,13.919810151950639,0.8588581933552959,22.97190386898906,0.30695922092204336,15.442014179103069,0.9206596217455423,23.596587705932308,0.423770450676445,13.055294166986934,0.07731804233912704,0.34631637360043066,0.0,0.0012850803323090076,0.4249194962718667,0.025701606646180153,2823.804,0.08349,143,0.4249194962718667,ood:cond:pp:2823.8 outside [505.725,2097.14]
0.0,0.7846011792962173,14.309844970703125,0.7767798938763655,2.6371471835967935,0.756041330299698,13.64891901567741,0.47503260468670633,9.363121542834495,0.9036445090666871,14.863561194229046,0.5120496813641078,13.330040937229413,0.3305855454700231,15.208357061605868,0.7282354159891257,18.949439431972827,0.8102878624094069,13.98183623644407,0.8802277575621769,23.710874676309203,0.3557464007476324,16.083979592778736,0.9453837342970465,24.995424251919182,0.3039525025368819,13.76117576420503,0.07846011792962174,0.3111316208646307,0.0,0.0012817612849175932,0.39087350007917,0.02563522569835186,2823.804,0.08349,144,0.39087350007917,ood:cond:pp:2823.8 outside [505.725,2097.14]
0.0,0.7839573659064301,14.350367546081543,0.8925947726536188,2.2269898070628162,0.6616216415145325,13.050236188765991,0.513267942805599,9.729946961426474,0.9125310828563213,14.387669499803204,0.5349656617442393,13.215670093483034,0.2461114860533653,15.382402273880732,0.8513256637522253,18.551389188904533,0.836871261753474,14.053655962890177,0.871949435477074,23.46522608382875,0.2565486179011171,15.364000703099274,0.8719830301431731,25.258045953230496,0.3767126826111231,12.822525983098654,0.07839573659064301,0.30045362527981007,0.0,0.001267076749354601,0.3801164386198077,0.025341534987092018,2823.804,0.08349,145,0.3801164386198077,ood:cond:pp:2823.8 outside [505.725,2097.14]
0.0,0.7831305356216459,14.49431037902832,0.9149818990211931,2.9116064107707773,0.7543531228719839,13.641225009042701,0.4692528155934191,9.836421243962988,0.9330424933551408,15.333894123244084,0.40697444731073207,12.622424092306863,0.2515813715331929,15.479943577677727,0.7052034848705375,19.063242427586175,0.8812467431149296,13.950951504935514,0.8763237834209775,23.286277658335536,0.33978966643985076,16.709056129517528,0.9434843706819005,23.994754511119748,0.4285010511012868,14.15559506228037,0.0783130535621646,0.3267540626723481,0.0,0.0012935187667608263,0.4063606350012735,0.025870375335216522,2823.804,0.08349,146,0.4063606350012735,ood:cond:pp:2823.8 outside [505.725,2097.14]
0.0,0.7917291544011016,14.188995361328125,0.7970878082018601,2.852760897623888,0.8464272383165599,13.126226979553948,0.6228831773209849,9.602381776616522,0.9851256132781161,16.08893872197145,0.6122347637788116,13.165008450291246,0.32565610273315887,15.292803918864822,0.7179830652543351,18.412910193710633,0.8372296151132965,14.839090684584527,0.7656711635495049,22.95966683518747,0.36540885817780633,15.530132785071716,0.8855014614400248,24.33509164254843,0.4873907593638397,13.849992171926473,0.07917291544011017,0.30743162283198733,0.0,0.0012985661625862122,0.38790310443468373,0.025971323251724243,2823.804,0.08349,147,0.38790310443468373,ood:cond:pp:2823.8 outside [505.725,2097.14]
0.0,0.7991619086664915,14.571125030517578,0.5350636727445189,2.3475597736870113,0.7828148397619425,13.655485225537332,0.6329410406472147,10.495984760861507,0.48799985416713576,16.217760418263527,0.7759430917003897,11.740871281706045,0.5556080781287113,14.856146354809345,0.30369465029652726,16.281435434595753,0.2593831712681833,15.838697696249968,0.5360033517671591,23.226465142468918,0.4167752140697231,14.560274600840458,0.38035525117721053,28.05528626961585,0.2543801890859989,12.75160226743875,0.07991619086664915,0.28791981369912834,0.0,0.0012832862325012685,0.36911929079827877,0.025665724650025368,2823.804,0.08349,148,0.36911929079827877,ood:cond:pp:2823.8 outside [505.725,2097.14]
0.0,0.7842687580614837,13.906444549560547,0.36066790700684276,2.896420003260299,0.7378084201891052,12.984115972540275,0.6041840484515727,10.17042213707716,0.3888098101492778,15.570750398968933,0.7808206544216589,11.919410560123927,0.39371488506000096,14.380161679125068,0.30771908716218754,15.356186831594052,0.34877206697668084,15.94188947852384,0.3943563253816762,23.768086821352597,0.2888679669810421,13.434195447690351,0.41967726950682915,27.76739985306649,0.2972193101812556,12.943385965622335,0.07842687580614838,0.2783667674863431,0.0,0.001287367008626461,0.35808101030111794,0.02574734017252922,2823.804,0.08349,149,0.35808101030111794,ood:cond:pp:2823.8 outside [505.725,2097.14]
0.0,0.7919919840880435,14.077540397644043,0.6143696119557058,1.676388093751088,0.7234634361586998,13.45160857145143,0.6028726479645085,10.07993005666961,0.3954909489882416,16.631296742618634,0.834287170595744,11.319870203738159,0.4986025471709133,15.048031242368687,0.3405113079713822,15.254949561274167,0.35472640504787945,15.679470270368379,0.6104441303848646,23.769933754459903,0.33558510605532854,14.372550968753911,0.5733422303923553,27.687078329324056,0.22801802623423734,12.723827058799065,0.07919919840880435,0.28844980514501006,0.0,0.0012949103489518167,0.3689439139027662,0.02589820697903633,2823.804,0.08349,150,0.3689439139027662,ood:cond:pp:2823.8 outside [505.725,2097.14]
0.0,0.7958357091546948,14.062374114990234,0.5367421809772082,2.429357920437009,0.8118614459534036,13.371107944253122,0.7524039008201017,10.588341112133321,0.5133887245371682,15.953845926944675,0.9581486290724899,11.741619814675254,0.4025579138628064,15.260920298834291,0.3482319141686629,14.884988885008585,0.21727861124360373,15.144797514307328,0.399680145212581,23.303103336699458,0.2951521159499311,14.827828850073184,0.5317551329277487,27.466354100199645,0.2805703598879468,13.857630166891726,0.07958357091546948,0.29651150501004747,0.0,0.001296584401279688,0.3773916603267966,0.025931688025593758,2823.804,0.08349,151,0.3773916603267966,ood:cond:pp:2823.8 outside [505.725,2097.14]
0.0,0.7949377778639243,14.020440101623535,0.4921089049137396,2.5663210898912663,0.8874610887094754,14.482435645117041,0.7813899455675722,10.79975453889029,0.37550676761772,16.025770620174487,0.902815630880381,12.282242135409717,0.6337856759258959,15.360130019426277,0.24662451553202674,15.432789218632019,0.445074424886587,15.476535387302905,0.5161462445949252,23.7814380193727,0.3733875034591,14.003380779586712,0.3818158230641887,28.06432479411904,0.19465989173066292,13.575053126005882,0.07949377778639244,0.3107061581531763,0.0,0.0012819841504096985,0.39148192008997845,0.02563968300819397,2823.804,0.08349,152,0.39148192008997845,ood:cond:pp:2823.8 outside [505.725,2097.14]
0.0,0.7782849058848865,13.623187065124512,0.42553173002567113,1.8500420559129975,0.8047416271689324,14.131430706421202,0.6703896346354871,9.948656562976666,0.4249202413724272,15.85552205804591,0.9634177290971552,12.14179448700897,0.5501171607959094,14.655550413856291,0.34343619503899336,15.057779417077002,0.19991602647050224,15.059716136913895,0.5149195071015567,23.02295221004166,0.3134285770442522,13.732653395164236,0.5386065392261232,27.531684040644574,0.23815948886223287,12.851703508493966,0.07782849058848866,0.32463452306179147,0.0,0.0012880669906735422,0.40375108064095366,0.02576133981347084,2823.804,0.08349,153,0.40375108064095366,ood:cond:pp:2823.8 outside [505.725,2097.14]
0.0,0.7987195866310274,14.287615776062012,0.6024874800934719,2.428040568148058,0.8846181692785056,13.655118927156964,0.8208275613711549,10.464692044323805,0.5564329844510841,16.936509558376308,0.8559469381458343,11.31347844190008,0.45526798589031725,14.87913305707721,0.2966043125535824,15.293846304336224,0.39264440416290286,15.805675237612254,0.5834185621947348,22.692820117468187,0.20747858337761735,14.344493329680464,0.3829668192204831,27.846896885211365,0.31799126904622155,13.001823262645443,0.07987195866310275,0.3000026448930966,0.0,0.0013038572855293752,0.38117846084172874,0.0260771457105875,2823.804,0.08349,154,0.38117846084172874,ood:cond:pp:2823.8 outside [505.725,2097.14]
0.0,0.8005286262826289,14.757793426513672,0.4770601142181112,2.0775817776760848,0.7854875373512279,14.602549228172538,0.6688363581740725,10.75788993509559,0.44238591150695955,16.99627167844926,0.8656490392939349,12.786534687258154,0.5608056075763512,15.223126147127322,0.32013013094493326,16.432597260266494,0.284761968487071,14.914323875050437,0.40699552988037874,23.44772120324671,0.20556482402845386,13.466938387000216,0.3570632232473317,27.897839002399532,0.2325034558505141,13.820384445488866,0.08005286262826289,0.3420112624063629,0.0,0.0012614444829523565,0.42332556951757816,0.025228889659047127,2823.804,0.08349,155,0.42332556951757816,ood:cond:pp:2823.8 outside [505.725,2097.14]
0.0,0.8207831487486543,14.92573356628418,0.5175483186760937,2.2789941529825684,0.3740981382032369,16.740753761412467,0.8969071991515267,6.470199935299385,0.7525067342032765,14.061890983621634,0.23640977439791244,12.331581976675977,0.6593017433043943,16.65425261843397,0.587481412823736,19.113892900084156,0.4803794223332328,16.385185909163685,0.31733595066222364,22.64461805680089,0.29995966527024764,17.108565034091907,0.2640040528147762,25.484614160160355,0.820580950316505,16.657594471479623,0.08207831487486544,0.31534926744802555,0.0,0.0013515643775463106,0.3987791467004373,0.02703128755092621,2823.804,0.08349,156,0.3987791467004373,ood:cond:pp:2823.8 outside [505.725,2097.14]
0.0,0.8007870995103495,14.187946319580078,0.7097162263872768,2.0270893505679672,0.5917467284682605,16.060428398219443,0.8621155317243205,6.642391259052182,0.6599171773034209,14.68976863346862,0.2939592966268435,12.588301331045242,0.6510102012854516,16.866861707522855,0.6166825822344825,19.099001960941067,0.431524406425829,15.54143587002666,0.29070075110850196,23.161116390395158,0.25952064751501747,17.314280067324884,0.4110857869350739,24.825422446125003,0.8455486659650742,15.737270636349583,0.08007870995103496,0.30852656956619084,0.0,0.0013430304825305939,0.3899483099997564,0.026860609650611877,2823.804,0.08349,157,0.3899483099997564,ood:cond:pp:2823.8 outside [505.725,2097.14]
0.0,0.811607844456253,14.665143013000488,0.49948060530518285,2.413742621878224,0.4359537133417816,15.200300520631727,0.8473014126398843,6.31740946200495,0.7920424327177972,15.19712127424304,0.2604107654246725,12.334634660374384,0.5669097047614395,16.990320770928463,0.5012885314513118,19.008280655544898,0.5913672899344868,14.930404475872466,0.3635475706725363,23.47050434731216,0.22632407670100207,17.219645918604346,0.4031758287574915,24.927468607376106,0.7727288957761009,16.577516385437733,0.0811607844456253,0.3212443411288677,0.0,0.0013476911000907422,0.40375281667458374,0.026953822001814842,2823.804,0.08349,158,0.40375281667458374,ood:cond:pp:2823.8 outside [505.725,2097.14]
0.0,0.7976508013077662,14.425657272338867,0.64176251190744,1.6362927909622424,0.5741412645055282,15.675649333117516,0.8431798509791463,6.066239032725829,0.9116957498684308,15.313626554966334,0.24716379525757357,12.87783330451727,0.6258329783271936,16.59573115642264,0.4536635304155311,19.32953418526044,0.4067358891208327,15.522921974263587,0.2942749471421664,23.122264042388082,0.26739934992039915,16.92253591220007,0.2149479098802666,25.611895424761514,0.6318947179411452,16.797463953093782,0.07976508013077663,0.31428153786124624,0.0,0.0013461588881909848,0.3953927768802139,0.026923177763819695,2823.804,0.08349,159,0.3953927768802139,ood:cond:pp:2823.8 outside [505.725,2097.14]
