bc_phi_mae,boundary_gamma_uniformity,boundary_operator_proxy_loss,objective_density_ratio,objective_main,objective_negative_penalty,objective_total,objective_uniformity,poisson_residual_norm,pp,pp0,series.llcoil,series.min_gap_effective,series.nncoil,series.nncoil_effective,series.pitch_effective,series.rrc,series.rrce,series.zzc,trial,value,warnings,cand_pp,cand_pp0,cand_sampler_area_proxy,cand_sampler_fill_ratio,cand_sampler_min_gap,cand_sampler_nncoil_effective,cand_sampler_pitch,cand_sampler_r_center_mean,cand_sampler_r_center_std,cand_sampler_rank,cand_sampler_span_r,cand_sampler_structure_signature,cand_sampler_z_max,cand_sampler_z_min,cand_series.llcoil,cand_series.nncoil,cand_series.rrc,cand_series.rrce,cand_series.zzc,sampler_area_proxy,sampler_fill_ratio,sampler_min_gap,sampler_nncoil_effective,sampler_pitch,sampler_r_center_mean,sampler_r_center_std,sampler_span_r,sampler_z_min,sampler_z_max,nncoil_eff_int,span_r,fill_ratio,area_proxy,r_mid,z_min,z_max,radial_compactness
0.0,0.9799521284194246,35.131431579589844,1.1974187362297127e-05,80255.90023599876,0.0,80255.90023599876,0.9609991863556756,0.1130993589758873,1453.2977572467923,0.0037736833455078,0.9484307765960692,9.02111679315567,2.0,2.0,9.96954756975174,9.957648754119871,29.896743893623352,4.696720838546753,0,80255.90023599876,,1453.2977572467923,0.0037736833455078,1.7990418672561646,0.0951327800946224,9.02111679315567,2.0,9.96954756975174,15.416637420654297,4.984773635864258,0,19.93909513950348,da9a3f1a47db80d7,19.645151615142822,18.696720838546756,0.9484307765960692,2.0,9.957648754119871,29.896743893623352,4.696720838546753,1.7990418672561646,0.0951327800946224,9.02111679315567,2.0,9.96954756975174,15.416637420654297,4.984773635864258,19.93909513950348,18.696720838546756,19.645151615142822,2,19.93909513950348,0.0951327800946224,1.7990418672561646,19.927196323871613,18.696720838546753,19.645151615142822,0.09513278009462238
0.0,0.5515509751802715,10.427616119384766,1.144414801745209,0.199132265115867,0.0,0.199132265115867,0.2278899117036494,0.0395778864622116,1647.3720314828456,0.0976996785562038,1.477536678314209,11.86451569199562,2.0,2.0,13.34205237030983,2.6561588644981384,29.3402636051178,0.0636633159592747,1,0.199132265115867,,1647.3720314828456,0.0976996785562038,4.366229057312012,0.1107428330593412,11.86451569199562,2.0,13.34205237030983,10.065954208374023,6.671026706695557,1,26.68410474061966,af6d48f4bf50f42a,15.541199994273484,14.063663315959277,1.477536678314209,2.0,2.6561588644981384,29.3402636051178,0.0636633159592747,4.366229057312012,0.1107428330593412,11.86451569199562,2.0,13.34205237030983,10.065954208374023,6.671026706695557,26.68410474061966,14.063663315959277,15.541199994273484,2,26.684104740619663,0.1107428330593412,4.366229057312012,15.99821123480797,14.063663315959275,15.541199994273484,0.1107428330593412
0.0,0.594447349737031,12.382079124450684,0.8517247915843394,0.2996626568777399,0.0,0.2996626568777399,0.2552301139748024,0.0392881669104099,2693.638239853978,0.055598004740715,0.5495657585561275,5.190489109605551,2.0,2.0,5.740054868161678,9.659629344940186,21.139739081263546,0.380544438958168,2,0.2996626568777399,"ood:cond:pp:2693.64 outside [505.725,2097.14]",2693.638239853978,0.055598004740715,0.6040449738502502,0.0957422483196807,5.190489109605551,2.0,5.740054868161678,12.804439544677734,2.870027542114258,2,11.480109736323357,7b05c0c010806e36,14.930110197514296,14.380544438958168,0.5495657585561275,2.0,9.659629344940186,21.139739081263546,0.380544438958168,0.6040449738502502,0.0957422483196807,5.190489109605551,2.0,5.740054868161678,12.804439544677734,2.870027542114258,11.480109736323357,14.380544438958168,14.930110197514296,2,11.48010973632336,0.0957422483196807,0.6040449738502502,15.399684213101866,14.380544438958168,14.930110197514296,0.09574224831968071
0.0,0.5185253778325145,8.22374153137207,0.3688638244005797,0.5462846312442345,0.0,0.5462846312442345,0.2015046382920087,0.0516469962894916,673.9562490912526,0.0860803477303981,1.4862556457519531,9.046766936779022,2.0,2.0,10.533022582530975,6.363992691040039,27.43003785610199,4.046342670917511,3,0.5462846312442345,,673.9562490912526,0.0860803477303981,4.417911529541016,0.1411043823467073,9.046766936779022,2.0,10.533022582530975,12.373631477355955,5.266510963439941,3,21.06604516506195,1ac0ad7450ff4675,19.532598316669464,18.04634267091751,1.4862556457519531,2.0,6.363992691040039,27.43003785610199,4.046342670917511,4.417911529541016,0.1411043823467073,9.046766936779022,2.0,10.533022582530975,12.373631477355955,5.266510963439941,21.06604516506195,18.04634267091751,19.532598316669464,2,21.06604516506195,0.1411043823467073,4.417911529541016,16.897015273571014,18.04634267091751,19.532598316669464,0.1411043823467073
0.0,0.5931975600520882,10.884201049804688,0.9559248743298728,0.270559903353483,0.0,0.270559903353483,0.2586349416118809,0.0421874113380909,1678.9811046399773,0.0833162618541717,0.546205461025238,10.476220473647118,2.0,2.0,11.022425934672356,2.4983780682086945,24.54322993755341,4.868138134479523,4,0.270559903353483,,1678.9811046399773,0.0833162618541717,0.5966808199882507,0.0495540150836562,10.476220473647118,2.0,11.022425934672356,8.282693862915039,5.511213302612305,4,22.04485186934471,bb207cc839539a0d,19.41434359550476,18.868138134479523,0.546205461025238,2.0,2.4983780682086945,24.54322993755341,4.868138134479523,0.5966808199882507,0.0495540150836562,10.476220473647118,2.0,11.022425934672356,8.282693862915039,5.511213302612305,22.04485186934471,18.868138134479523,19.41434359550476,2,22.044851869344715,0.0495540150836562,0.5966808199882507,13.520804002881052,18.868138134479523,19.41434359550476,0.049554015083656276
0.0,0.6805535689019799,14.82070255279541,1.7651273875746791,0.1687899703078741,0.0,0.1687899703078741,0.2979357993383455,0.0311843194067478,2949.701627617955,0.0903913620362281,0.8751270473003387,4.483105659484863,2.0,2.0,5.358232706785202,9.98037815093994,20.696843564510345,4.379260838031769,5,0.1687899703078741,"ood:cond:pp:2949.7 outside [505.725,2097.14]",2949.701627617955,0.0903913620362281,1.531694769859314,0.1633238224596243,4.483105659484863,2.0,5.358232706785202,13.097058296203612,2.6791162490844727,5,10.716465413570404,4b284e203880e752,19.254387885332108,18.37926083803177,0.8751270473003387,2.0,9.98037815093994,20.696843564510345,4.379260838031769,1.531694769859314,0.1633238224596243,4.483105659484863,2.0,5.358232706785202,13.097058296203612,2.6791162490844727,10.716465413570404,18.37926083803177,19.254387885332108,2,10.716465413570406,0.1633238224596243,1.531694769859314,15.338610857725143,18.37926083803177,19.254387885332108,0.16332382245962435
0.0,0.9732451749092556,72.29273223876953,8.186785360537242e-05,10503.08884965405,0.0,10503.08884965405,0.8598653403476971,0.1089261546730995,867.7483326424956,0.0046340902500301,1.2592702507972715,8.025826394557953,2.0,2.0,9.285096645355225,9.57607126235962,28.14626455307007,0.8045709133148193,6,10503.08884965405,,867.7483326424956,0.0046340902500301,3.171522855758667,0.1356227402788757,8.025826394557953,2.0,9.285096645355225,14.848255157470703,4.642548084259033,6,18.57019329071045,a93ec54dcc8f9219,16.06384116411209,14.80457091331482,1.2592702507972715,2.0,9.57607126235962,28.14626455307007,0.8045709133148193,3.171522855758667,0.1356227402788757,8.025826394557953,2.0,9.285096645355225,14.848255157470703,4.642548084259033,18.57019329071045,14.80457091331482,16.06384116411209,2,18.57019329071045,0.1356227402788757,3.171522855758667,18.861167907714844,14.80457091331482,16.06384116411209,0.1356227402788757
0.0,0.6387739088419523,14.667450904846191,0.350405947657651,0.8763611275162527,0.0,0.8763611275162527,0.30708215137766,0.0448040515184402,2991.4961752702598,0.0260821140866279,1.2399304509162905,6.842217609286308,2.0,2.0,8.082148060202599,4.755529165267944,20.91982528567314,2.889074683189392,7,0.8763611275162527,"ood:cond:pp:2991.5 outside [505.725,2097.14]",2991.4961752702598,0.0260821140866279,3.074854850769043,0.1534159534916029,6.842217609286308,2.0,8.082148060202599,9.416568756103516,4.041074275970459,7,16.164296120405197,ff87fd91e40b2b43,18.12900513410568,16.889074683189392,1.2399304509162905,2.0,4.755529165267944,20.91982528567314,2.889074683189392,3.074854850769043,0.1534159534916029,6.842217609286308,2.0,8.082148060202599,9.416568756103516,4.041074275970459,16.164296120405197,16.889074683189392,18.12900513410568,2,16.164296120405197,0.1534159534916029,3.074854850769043,12.837677225470543,16.889074683189392,18.129005134105682,0.15341595349160292
0.0,0.8528833196873254,90.90959930419922,0.005949323936493,70.7119888883466,0.0,70.7119888883466,0.4206885280904699,0.0843337774276733,2175.084518519938,0.0059639059618711,1.3099167943000791,6.76299319131067,2.0,2.0,8.07290998561075,3.859573245048523,20.005393216270026,0.1291478984057903,8,70.7119888883466,"ood:cond:pp:2175.08 outside [505.725,2097.14]",2175.084518519938,0.0059639059618711,3.4317636489868164,0.1622607952565915,6.76299319131067,2.0,8.07290998561075,8.550986289978027,4.036455154418945,8,16.1458199712215,9793826e4ddf958c,15.43906469270587,14.12914789840579,1.3099167943000791,2.0,3.859573245048523,20.005393216270026,0.1291478984057903,3.4317636489868164,0.1622607952565915,6.76299319131067,2.0,8.07290998561075,8.550986289978027,4.036455154418945,16.1458199712215,14.12914789840579,15.43906469270587,2,16.145819971221503,0.1622607952565915,3.4317636489868164,11.932483230659274,14.12914789840579,15.43906469270587,0.16226079525659154
0.0,0.5443114644754881,12.096674919128418,0.1236807269433579,0.9486666472977432,0.0,0.9486666472977432,0.117331780564703,0.0542378425598144,2682.522164180398,0.0202399623112082,1.4584144949913025,11.016758739948273,2.0,2.0,12.475173234939575,4.182316541671753,29.132663011550903,4.12770688533783,9,0.9486666472977432,"ood:cond:pp:2682.52 outside [505.725,2097.14]",2682.522164180398,0.0202399623112082,4.253945827484131,0.1169053501322674,11.016758739948273,2.0,12.475173234939575,11.149110794067385,6.237586975097656,9,24.95034646987915,f93a14c1347f6af8,19.58612138032913,18.12770688533783,1.4584144949913025,2.0,4.182316541671753,29.132663011550903,4.12770688533783,4.253945827484131,0.1169053501322674,11.016758739948273,2.0,12.475173234939575,11.149110794067385,6.237586975097656,24.95034646987915,18.12770688533783,19.58612138032913,2,24.95034646987915,0.1169053501322674,4.253945827484131,16.657489776611328,18.12770688533783,19.586121380329132,0.11690535013226744
0.0,0.6039220733167608,12.498085021972656,0.0258448240803791,5.321482893316797,0.0,5.321482893316797,0.1375327892245196,0.0633416920900344,625.4911324948929,0.0148286713587045,0.5142099307850003,11.007920677773654,2.0,2.0,11.522130608558657,5.325276374816895,28.369537591934204,1.9348879158496857,10,5.321482893316797,,625.4911324948929,0.0148286713587045,0.5288236737251282,0.0446280248206043,11.007920677773654,2.0,11.522130608558657,11.343446731567385,5.761065006256104,10,23.04426121711731,e0ebb939460de8cf,16.449097846634686,15.934887915849686,0.5142099307850003,2.0,5.325276374816895,28.369537591934204,1.9348879158496857,0.5288236737251282,0.0446280248206043,11.007920677773654,2.0,11.522130608558657,11.343446731567385,5.761065006256104,23.04426121711731,15.934887915849686,16.449097846634686,2,23.04426121711731,0.0446280248206043,0.5288236737251282,16.84740698337555,15.934887915849686,16.449097846634686,0.04462802482060431
0.0,0.6057877247702947,13.016948699951172,0.7571941897010481,0.2788674868904923,0.0,0.2788674868904923,0.2111568407700139,0.038565706461668,2628.204787028432,0.0732887613492012,1.2935820817947388,8.520787060260773,2.0,2.0,9.814369142055511,9.88908338546753,29.517821669578552,0.8664048463106155,11,0.2788674868904923,"ood:cond:pp:2628.2 outside [505.725,2097.14]",2628.204787028432,0.0732887613492012,3.3467092514038086,0.1318049141081942,8.520787060260773,2.0,9.814369142055511,15.443058013916016,4.90718412399292,11,19.628738284111023,5075fd890c0ffb22,16.159986928105354,14.866404846310616,1.2935820817947388,2.0,9.88908338546753,29.517821669578552,0.8664048463106155,3.3467092514038086,0.1318049141081942,8.520787060260773,2.0,9.814369142055511,15.443058013916016,4.90718412399292,19.628738284111023,14.866404846310616,16.159986928105354,2,19.628738284111023,0.1318049141081942,3.3467092514038086,19.70345252752304,14.866404846310616,16.159986928105354,0.13180491410819425
0.0,0.6069729584584517,15.219473838806152,0.1027850905130176,1.9193630111688116,0.0,1.9193630111688116,0.1972819008303244,0.0526993684470653,2947.486767081677,0.013696084333539,0.5002667429216672,11.486792552255793,2.0,2.0,11.98705929517746,3.474458694458008,27.448577284812927,1.275700032711029,12,1.9193630111688116,"ood:cond:pp:2947.49 outside [505.725,2097.14]",2947.486767081677,0.013696084333539,0.5005335807800293,0.0417339007510316,11.486792552255793,2.0,11.98705929517746,9.718121528625488,5.993529796600342,12,23.97411859035492,f3b6dd64aadeaaf3,15.775966775632696,15.275700032711027,0.5002667429216672,2.0,3.474458694458008,27.448577284812927,1.275700032711029,0.5005335807800293,0.0417339007510316,11.486792552255793,2.0,11.98705929517746,9.718121528625488,5.993529796600342,23.97411859035492,15.275700032711027,15.775966775632696,2,23.97411859035492,0.0417339007510316,0.5005335807800293,15.461517989635468,15.275700032711029,15.775966775632696,0.04173390075103162
0.0,0.6257634925882533,10.772302627563477,0.2478072387217921,1.1524745103852487,0.0,1.1524745103852487,0.2855915261158178,0.0574796162545681,519.2810235116557,0.0439972589819431,0.9525359869003296,6.291228085756302,2.0,2.0,7.243764072656631,6.336198806762695,20.82372695207596,0.0564027158543467,13,1.1524745103852487,,519.2810235116557,0.0439972589819431,1.81464958190918,0.1314973786205863,6.291228085756302,2.0,7.243764072656631,10.434349060058594,3.6218819618225098,13,14.487528145313265,68947a0d62988d38,15.008938702754676,14.056402715854349,0.9525359869003296,2.0,6.336198806762695,20.82372695207596,0.0564027158543467,1.81464958190918,0.1314973786205863,6.291228085756302,2.0,7.243764072656631,10.434349060058594,3.6218819618225098,14.487528145313265,14.056402715854349,15.008938702754676,2,14.487528145313263,0.1314973786205863,1.81464958190918,13.579962879419327,14.056402715854347,15.008938702754676,0.13149737862058636
0.0,0.6037783661388784,14.215009689331056,1.2065742523326808,0.1423866082540388,0.0,0.1423866082540388,0.1718000153963031,0.0333934500813484,2582.516580260336,0.0921271530594825,1.2863100171089172,10.083538234233856,2.0,2.0,11.369848251342772,5.417457818984985,28.15715432167053,0.1111651398241519,14,0.1423866082540388,"ood:cond:pp:2582.52 outside [505.725,2097.14]",2582.516580260336,0.0921271530594825,3.3091866970062256,0.1131334375511128,10.083538234233856,2.0,11.369848251342772,11.74553680419922,5.684924602508545,14,22.739696502685547,ff5cef9bb7c2d5e8,15.39747515693307,14.111165139824152,1.2863100171089172,2.0,5.417457818984985,28.15715432167053,0.1111651398241519,3.3091866970062256,0.1131334375511128,10.083538234233856,2.0,11.369848251342772,11.74553680419922,5.684924602508545,22.739696502685547,14.111165139824152,15.39747515693307,2,22.739696502685543,0.1131334375511128,3.3091866970062256,16.78730607032776,14.111165139824152,15.39747515693307,0.11313343755111287
0.0,0.560286942627608,11.54022979736328,0.2057630111506055,0.9371276936681971,0.0,0.9371276936681971,0.1928262160817904,0.0519833900034427,2931.844193759322,0.023339022239089,0.8253376185894012,7.73693123459816,2.0,2.0,8.562268853187561,8.602842807769775,25.727380514144897,4.820887744426727,15,0.9371276936681971,"ood:cond:pp:2931.84 outside [505.725,2097.14]",2931.844193759322,0.023339022239089,1.362364411354065,0.0963923970084336,7.73693123459816,2.0,8.562268853187561,13.296646118164062,4.281134128570557,15,17.124537706375122,cf0ccb49c7af925b,19.64622536301613,18.820887744426727,0.8253376185894012,2.0,8.602842807769775,25.727380514144897,4.820887744426727,1.362364411354065,0.0963923970084336,7.73693123459816,2.0,8.562268853187561,13.296646118164062,4.281134128570557,17.124537706375122,18.820887744426727,19.64622536301613,2,17.124537706375122,0.0963923970084336,1.362364411354065,17.165111660957336,18.820887744426727,19.64622536301613,0.09639239700843365
0.0,0.5655465254871963,9.883034706115724,0.5257970659758773,0.3991349854994431,0.0,0.3991349854994431,0.2098640043039315,0.0488620325922966,1105.6722816859483,0.066180495390892,0.5840568542480469,11.634015366435053,2.0,2.0,12.218072220683098,2.322188407182693,26.75833284854889,0.6690002232789993,16,0.3991349854994431,,1105.6722816859483,0.066180495390892,0.6822448372840881,0.0478027010889114,11.634015366435053,2.0,12.218072220683098,8.72325325012207,6.109035968780518,16,24.4361444413662,616bfa4645127068,15.253057077527046,14.669000223279,0.5840568542480469,2.0,2.322188407182693,26.75833284854889,0.6690002232789993,0.6822448372840881,0.0478027010889114,11.634015366435053,2.0,12.218072220683098,8.72325325012207,6.109035968780518,24.4361444413662,14.669000223279,15.253057077527046,2,24.436144441366196,0.0478027010889114,0.6822448372840881,14.540260627865791,14.669000223279,15.253057077527046,0.047802701088911465
0.0,0.5920083299426494,9.899444580078123,0.3403132518762721,0.8174326497270674,0.0,0.8174326497270674,0.278183163218456,0.0574116259813308,862.1106139380336,0.0501617947387695,0.9125619232654572,4.705525302328169,2.0,2.0,5.6180872255936265,8.827316761016846,20.0634912122041,4.728460311889648,17,0.8174326497270674,,862.1106139380336,0.0501617947387695,1.6655384302139282,0.1624328506521243,4.705525302328169,2.0,5.6180872255936265,12.092641830444336,2.809043407440185,17,11.236174451187251,4cdfccce309f394a,19.641022235155106,18.72846031188965,0.9125619232654572,2.0,8.827316761016846,20.0634912122041,4.728460311889648,1.6655384302139282,0.1624328506521243,4.705525302328169,2.0,5.6180872255936265,12.092641830444336,2.809043407440185,11.236174451187251,18.72846031188965,19.641022235155106,2,11.236174451187253,0.1624328506521243,1.6655384302139282,14.445403986610472,18.72846031188965,19.641022235155106,0.16243285065212434
0.0,0.6109656883357674,10.317188262939451,1.528228168349954,0.2025606668097147,0.0,0.2025606668097147,0.3095589168183557,0.0379269309341907,1572.7252553452254,0.0988175002331733,0.9410412907600404,4.795214518904686,2.0,2.0,5.736255809664726,9.720201015472412,21.192712634801865,0.7265394926071167,18,0.2025606668097147,,1572.7252553452254,0.0988175002331733,1.7711174488067627,0.1640514861932286,4.795214518904686,2.0,5.736255809664726,13.058849334716797,2.868127822875977,18,11.472511619329453,40562de72f617c39,15.667580783367155,14.726539492607117,0.9410412907600404,2.0,9.720201015472412,21.192712634801865,0.7265394926071167,1.7711174488067627,0.1640514861932286,4.795214518904686,2.0,5.736255809664726,13.058849334716797,2.868127822875977,11.472511619329453,14.726539492607117,15.667580783367155,2,11.472511619329453,0.1640514861932286,1.7711174488067627,15.456456825137138,14.726539492607117,15.667580783367157,0.16405148619322862
0.0,0.5372871526650057,8.638104438781738,0.2108387138497447,1.0542487610067794,0.0,1.0542487610067794,0.2222764528483563,0.062673233449459,689.7060608201698,0.0507813162064552,0.6465822458267212,12.676457226276398,2.0,2.0,13.32303947210312,3.0095999240875244,29.65567886829376,3.964459300041199,19,1.0542487610067794,,689.7060608201698,0.0507813162064552,0.8361371755599976,0.0485311363957592,12.676457226276398,2.0,13.32303947210312,9.994410514831545,6.6615190505981445,19,26.64607894420624,4ecbd8722536dcb9,18.61104154586792,17.9644593000412,0.6465822458267212,2.0,3.0095999240875244,29.65567886829376,3.964459300041199,0.8361371755599976,0.0485311363957592,12.676457226276398,2.0,13.32303947210312,9.994410514831545,6.6615190505981445,26.64607894420624,17.9644593000412,18.61104154586792,2,26.646078944206234,0.0485311363957592,0.8361371755599976,16.332639396190643,17.9644593000412,18.61104154586792,0.048531136395759275
0.0,0.7559613365390806,22.564224243164062,0.0686464341249335,6.165682342062294,0.0,6.165682342062294,0.4232521067296451,0.0552900284528732,2190.788487734735,0.0119011944127082,1.3617966771125791,7.394302975386381,2.0,2.0,8.75609965249896,2.716120719909668,20.22832002490759,4.399551451206207,20,6.165682342062294,"ood:cond:pp:2190.79 outside [505.725,2097.14]",2190.788487734735,0.0119011944127082,3.708980083465576,0.1555254886488103,7.394302975386381,2.0,8.75609965249896,7.775069236755371,4.378049850463867,20,17.51219930499792,a5c8c698898ab417,19.761348128318787,18.399551451206207,1.3617966771125791,2.0,2.716120719909668,20.22832002490759,4.399551451206207,3.708980083465576,0.1555254886488103,7.394302975386381,2.0,8.75609965249896,7.775069236755371,4.378049850463867,17.51219930499792,18.399551451206207,19.761348128318787,2,17.51219930499792,0.1555254886488103,3.708980083465576,11.472220372408628,18.399551451206207,19.761348128318787,0.15552548864881033
0.0,0.6876586051604228,24.30950927734375,0.0156894535793195,13.751867332519408,0.0,13.751867332519408,0.2157592841425247,0.0687407404184341,779.2908255181312,0.0105338324370086,1.353964626789093,6.28008559346199,2.0,2.0,7.634050220251083,7.385440826416016,22.653541266918182,1.3973931968212128,21,13.751867332519408,,779.2908255181312,0.0105338324370086,3.666440010070801,0.1773586219275043,6.28008559346199,2.0,7.634050220251083,11.87944793701172,3.817025184631348,21,15.268100440502169,80e67c092e6b3cd7,16.751357823610306,15.397393196821213,1.353964626789093,2.0,7.385440826416016,22.653541266918182,1.3973931968212128,3.666440010070801,0.1773586219275043,6.28008559346199,2.0,7.634050220251083,11.87944793701172,3.817025184631348,15.268100440502169,15.397393196821213,16.751357823610306,2,15.268100440502167,0.1773586219275043,3.666440010070801,15.019491046667099,15.397393196821213,16.751357823610306,0.17735862192750432
0.0,0.5576561917244157,8.772563934326172,0.7413615212485204,0.3659202868545348,0.0,0.3659202868545348,0.2712792205181729,0.0460960157215595,1082.8939596152304,0.0874735180518627,0.5070623117499053,6.225025509018451,2.0,2.0,6.732087820768356,9.615444660186768,23.07962030172348,3.471623957157135,22,0.3659202868545348,,1082.8939596152304,0.0874735180518627,0.5142244100570679,0.0753202164394867,6.225025509018451,2.0,6.732087820768356,13.23501968383789,3.3660435676574707,22,13.464175641536713,ee971a10dbe6da09,17.97868626890704,17.471623957157135,0.5070623117499053,2.0,9.615444660186768,23.07962030172348,3.471623957157135,0.5142244100570679,0.0753202164394867,6.225025509018451,2.0,6.732087820768356,13.23501968383789,3.3660435676574707,13.464175641536713,17.471623957157135,17.97868626890704,2,13.464175641536713,0.0753202164394867,0.5142244100570679,16.347532480955124,17.471623957157135,17.97868626890704,0.07532021643948676
0.0,0.7012213555880653,17.05286979675293,2.021368908778663,0.1594126689262291,0.0,0.1594126689262291,0.3222318126329059,0.0289208143949508,2985.9457190085645,0.0908453258111476,0.88856440782547,7.31327299401164,2.0,2.0,8.20183740183711,4.105689764022827,20.509364567697048,2.37532451748848,23,0.1594126689262291,"ood:cond:pp:2985.95 outside [505.725,2097.14]",2985.9457190085645,0.0908453258111476,1.5790934562683103,0.1083372376568258,7.31327299401164,2.0,8.20183740183711,8.650890350341797,4.100918769836426,23,16.40367480367422,6b4701991d47137c,17.26388892531395,16.37532451748848,0.88856440782547,2.0,4.105689764022827,20.509364567697048,2.37532451748848,1.5790934562683103,0.1083372376568258,7.31327299401164,2.0,8.20183740183711,8.650890350341797,4.100918769836426,16.40367480367422,16.37532451748848,17.26388892531395,2,16.40367480367422,0.1083372376568258,1.5790934562683103,12.307527165859938,16.37532451748848,17.26388892531395,0.10833723765682583
0.0,0.5945803845144328,10.60951042175293,1.2605833884861974,0.1983157185063921,0.0,0.1983157185063921,0.2499935004248627,0.0393450744450092,1695.8165867732168,0.099053261126995,0.7579488456249237,8.97255852818489,2.0,2.0,9.730507373809814,4.665804624557495,24.126819372177124,4.603942036628723,24,0.1983157185063921,,1695.8165867732168,0.099053261126995,1.148972988128662,0.0778940723754019,8.97255852818489,2.0,9.730507373809814,9.910032272338867,4.865253925323486,24,19.46101474761963,c0a34ff6de865667,19.361890882253647,18.603942036628723,0.7579488456249237,2.0,4.665804624557495,24.126819372177124,4.603942036628723,1.148972988128662,0.0778940723754019,8.97255852818489,2.0,9.730507373809814,9.910032272338867,4.865253925323486,19.46101474761963,18.603942036628723,19.361890882253647,2,19.46101474761963,0.0778940723754019,1.148972988128662,14.39631199836731,18.603942036628723,19.361890882253647,0.07789407237540191
0.0,0.5194470668085327,8.496389389038086,0.5208888863321507,0.3810109084445789,0.0,0.3810109084445789,0.1984643477800977,0.047775138169527,963.0981233267336,0.0959228976800441,0.508761583827436,11.890326858498156,2.0,2.0,12.399088442325592,5.173007249832153,29.971184134483337,4.240328669548035,25,0.3810109084445789,,963.0981233267336,0.0959228976800441,0.5176767110824585,0.0410321763727988,11.890326858498156,2.0,12.399088442325592,11.62693214416504,6.199544429779053,25,24.798176884651184,004ad2deacc7ad30,18.74909025337547,18.240328669548035,0.508761583827436,2.0,5.173007249832153,29.971184134483337,4.240328669548035,0.5176767110824585,0.0410321763727988,11.890326858498156,2.0,12.399088442325592,11.62693214416504,6.199544429779053,24.798176884651184,18.240328669548035,18.74909025337547,2,24.798176884651184,0.0410321763727988,0.5176767110824585,17.572095692157745,18.240328669548035,18.74909025337547,0.04103217637279889
0.0,0.5153580645814299,7.869250297546387,0.4335874772363957,0.5741968362200235,0.0,0.5741968362200235,0.2489645576537598,0.0486746244132518,556.6967098243385,0.0896544563388824,0.6188045963644981,8.27654979377985,2.0,2.0,8.895354390144348,8.650163173675537,26.440871953964237,0.1552441250532865,26,0.5741968362200235,,556.6967098243385,0.0896544563388824,0.7658382058143616,0.0695649177339247,8.27654979377985,2.0,8.895354390144348,13.407241821289062,4.447677135467529,26,17.790708780288696,2c4a927ea0663cee,14.774048721417785,14.155244125053288,0.6188045963644981,2.0,8.650163173675537,26.440871953964237,0.1552441250532865,0.7658382058143616,0.0695649177339247,8.27654979377985,2.0,8.895354390144348,13.407241821289062,4.447677135467529,17.790708780288696,14.155244125053288,14.774048721417785,2,17.7907087802887,0.0695649177339247,0.7658382058143616,17.545517563819885,14.155244125053287,14.774048721417785,0.06956491773392477
0.0,0.6239044834254487,14.837711334228516,0.0205049527511683,9.491822104621136,0.0,9.491822104621136,0.1946293637777519,0.0674647986888885,980.2522917660772,0.0121418713192939,1.08473539352417,6.610466837882996,2.0,2.0,7.695202231407165,9.712977409362791,25.103381872177124,4.14573460817337,27,9.491822104621136,,980.2522917660772,0.0121418713192939,2.353301763534546,0.140962558345372,6.610466837882996,2.0,7.695202231407165,14.102947235107422,3.847601413726807,27,15.390404462814333,456c3fd69a0e1035,19.23047000169754,18.14573460817337,1.08473539352417,2.0,9.712977409362791,25.103381872177124,4.14573460817337,2.353301763534546,0.140962558345372,6.610466837882996,2.0,7.695202231407165,14.102947235107422,3.847601413726807,15.390404462814333,18.14573460817337,19.23047000169754,2,15.390404462814333,0.140962558345372,2.353301763534546,17.40817964076996,18.14573460817337,19.23047000169754,0.14096255834537208
0.0,0.5674020166133938,8.853907585144043,0.583568627993135,0.4117113507909051,0.0,0.4117113507909051,0.2402618281102488,0.0460115186870098,700.3922165883258,0.0969481171400547,1.4028435945510864,8.699707269668579,2.0,2.0,10.102550864219666,4.093426704406738,24.29852843284607,3.5168731212615967,28,0.4117113507909051,,700.3922165883258,0.0969481171400547,3.9359402656555176,0.1388603347219518,8.699707269668579,2.0,10.102550864219666,9.846123695373535,5.051275253295898,28,20.20510172843933,d85aa40f3c2d03de,18.919716715812683,17.516873121261597,1.4028435945510864,2.0,4.093426704406738,24.29852843284607,3.5168731212615967,3.9359402656555176,0.1388603347219518,8.699707269668579,2.0,10.102550864219666,9.846123695373535,5.051275253295898,20.20510172843933,17.516873121261597,18.919716715812683,2,20.20510172843933,0.1388603347219518,3.9359402656555176,14.195977568626404,17.516873121261597,18.919716715812683,0.13886033472195183
0.0,0.9581514901700776,48.10587692260742,7.349339751091636e-05,5787.115718956693,0.0,5787.115718956693,0.4253147959749567,0.1072965934872627,730.6410102314204,0.004676685416229,1.0513893365859983,11.812921106815338,2.0,2.0,12.864310443401337,4.115028381347656,29.84364926815033,0.563388392329216,29,5787.115718956693,,730.6410102314204,0.004676685416229,2.210839033126831,0.0817291638919754,11.812921106815338,2.0,12.864310443401337,11.072877883911133,6.432155132293701,29,25.728620886802677,f00c28bdba2947ad,15.614777728915216,14.563388392329216,1.0513893365859983,2.0,4.115028381347656,29.84364926815033,0.563388392329216,2.210839033126831,0.0817291638919754,11.812921106815338,2.0,12.864310443401337,11.072877883911133,6.432155132293701,25.728620886802677,14.563388392329216,15.614777728915216,2,25.728620886802673,0.0817291638919754,2.210839033126831,16.979338824748993,14.563388392329216,15.614777728915215,0.08172916389197538
0.0,0.5026925673807981,11.232927322387695,0.3973898321345684,0.3374394279767206,0.0,0.3374394279767206,0.1340949976392538,0.047598011791706,2934.695014653623,0.0434593594820499,1.3179524540901184,11.251455783843994,2.0,2.0,12.569408237934113,4.539315462112427,29.67813193798065,3.675282895565033,30,0.3374394279767206,"ood:cond:pp:2934.7 outside [505.725,2097.14]",2934.695014653623,0.0434593594820499,3.473997116088867,0.1048539779392776,11.251455783843994,2.0,12.569408237934113,11.482995986938477,6.284704208374023,30,25.138816475868225,a753a7d30fc6ede1,18.99323534965515,17.675282895565033,1.3179524540901184,2.0,4.539315462112427,29.67813193798065,3.675282895565033,3.473997116088867,0.1048539779392776,11.251455783843994,2.0,12.569408237934113,11.482995986938477,6.284704208374023,25.138816475868225,17.675282895565033,18.99323534965515,2,25.13881647586822,0.1048539779392776,3.473997116088867,17.10872370004654,17.675282895565033,18.99323534965515,0.10485397793927767
0.0,0.556417427657759,11.325400352478027,0.6409327717127926,0.3197361821826869,0.0,0.3197361821826869,0.2049293974632159,0.0423662476241588,2850.2255646879075,0.0537020913345813,1.402356505393982,6.733592629432678,2.0,2.0,8.13594913482666,9.30303144454956,25.57492971420288,2.0896686613559723,31,0.3197361821826869,"ood:cond:pp:2850.23 outside [505.725,2097.14]",2850.2255646879075,0.0537020913345813,3.933207511901856,0.1723654465083943,6.733592629432678,2.0,8.13594913482666,14.072184562683104,4.067975044250488,31,16.27189826965332,94a7568da1bdfd8c,17.492025166749954,16.089668661355972,1.402356505393982,2.0,9.30303144454956,25.57492971420288,2.0896686613559723,3.933207511901856,0.1723654465083943,6.733592629432678,2.0,8.13594913482666,14.072184562683104,4.067975044250488,16.27189826965332,16.089668661355972,17.492025166749954,2,16.27189826965332,0.1723654465083943,3.933207511901856,17.43898057937622,16.089668661355972,17.492025166749954,0.17236544650839433
0.0,1.1530481412097586,96.63471221923828,0.0001913499841404,4283.64236416622,0.0,4283.64236416622,0.8196748984466032,0.1208708882331848,936.9394593717008,0.0034101725646108,0.5731241628527641,8.330714516341686,2.0,2.0,8.90383867919445,2.7892868518829346,20.596964210271835,3.39462548494339,32,4283.64236416622,,936.9394593717008,0.0034101725646108,0.65694260597229,0.0643682105552945,8.330714516341686,2.0,8.90383867919445,7.527768135070801,4.451919555664063,32,17.8076773583889,a2020f2632637ce0,17.967749647796154,17.39462548494339,0.5731241628527641,2.0,2.7892868518829346,20.596964210271835,3.39462548494339,0.65694260597229,0.0643682105552945,8.330714516341686,2.0,8.90383867919445,7.527768135070801,4.451919555664063,17.8076773583889,17.39462548494339,17.967749647796154,2,17.8076773583889,0.0643682105552945,0.65694260597229,11.693125531077385,17.39462548494339,17.967749647796154,0.06436821055529456
0.0,0.7164199204400987,29.73895835876465,0.0470003537886515,8.697782491551978,0.0,8.697782491551978,0.4087988542796817,0.0609390549361705,2974.6729574496744,0.0092868319944739,0.5447702407836914,5.588741065002978,2.0,2.0,6.133511305786669,7.827731609344482,20.09475422091782,1.507662832736969,33,8.697782491551978,"ood:cond:pp:2974.67 outside [505.725,2097.14]",2974.6729574496744,0.0092868319944739,0.5935492515563965,0.0888186576373841,5.588741065002978,2.0,6.133511305786669,11.166872024536133,3.066755771636963,33,12.26702261157334,5d65eb5f3ffdc112,16.05243307352066,15.507662832736967,0.5447702407836914,2.0,7.827731609344482,20.09475422091782,1.507662832736969,0.5935492515563965,0.0888186576373841,5.588741065002978,2.0,6.133511305786669,11.166872024536133,3.066755771636963,12.26702261157334,15.507662832736967,16.05243307352066,2,12.267022611573339,0.0888186576373841,0.5935492515563965,13.961242915131152,15.507662832736969,16.05243307352066,0.08881865763738418
0.0,0.6717442941452316,14.370914459228516,2.0015003311027546,0.1430527647826362,0.0,0.1430527647826362,0.2863201560776108,0.0312229637056589,2494.44915260756,0.098199103909254,1.496784269809723,5.2971459329128265,2.0,2.0,6.793930202722549,7.702132225036621,21.28999263048172,1.2369567155838013,34,0.1430527647826362,"ood:cond:pp:2494.45 outside [505.725,2097.14]",2494.44915260756,0.098199103909254,4.480725765228272,0.2203119880757551,5.2971459329128265,2.0,6.793930202722549,11.847489356994627,3.3969650268554688,34,13.5878604054451,304d68d65e672bdb,16.733740985393524,15.2369567155838,1.496784269809723,2.0,7.702132225036621,21.28999263048172,1.2369567155838013,4.480725765228272,0.2203119880757551,5.2971459329128265,2.0,6.793930202722549,11.847489356994627,3.3969650268554688,13.5878604054451,15.2369567155838,16.733740985393524,2,13.587860405445099,0.2203119880757551,4.480725765228272,14.49606242775917,15.236956715583801,16.733740985393524,0.2203119880757551
0.0,0.5384359027474461,8.794364929199219,0.6794883119382283,0.2875812308600009,0.0,0.2875812308600009,0.1954080851021799,0.0458433590829372,1136.4770389204325,0.0972791979057788,1.3765947818756104,10.657984793186188,2.0,2.0,12.034579575061798,4.131769418716431,28.200928568840027,4.579171538352966,35,0.2875812308600009,,1136.4770389204325,0.0972791979057788,3.790026426315308,0.1143866117872706,10.657984793186188,2.0,12.034579575061798,10.837356567382812,6.017290115356445,35,24.0691591501236,c43822dcd7970b07,19.955766320228577,18.579171538352966,1.3765947818756104,2.0,4.131769418716431,28.200928568840027,4.579171538352966,3.790026426315308,0.1143866117872706,10.657984793186188,2.0,12.034579575061798,10.837356567382812,6.017290115356445,24.0691591501236,18.579171538352966,19.955766320228577,2,24.069159150123596,0.1143866117872706,3.790026426315308,16.16634899377823,18.579171538352966,19.955766320228577,0.11438661178727064
0.0,0.5848607491931006,11.235413551330566,1.259286534570106,0.1753232091303994,0.0,0.1753232091303994,0.2207821564555306,0.0382129922509193,1764.545646232009,0.0954110611257553,0.6609682738780975,9.97621139883995,2.0,2.0,10.637179672718048,4.239570379257202,25.5139297246933,1.179835423827171,36,0.1753232091303994,,1764.545646232009,0.0954110611257553,0.8737581968307495,0.0621375490698282,9.97621139883995,2.0,10.637179672718048,9.888644218444824,5.31859016418457,36,21.274359345436096,f8157c7280f0e9b0,15.840803697705269,15.179835423827171,0.6609682738780975,2.0,4.239570379257202,25.5139297246933,1.179835423827171,0.8737581968307495,0.0621375490698282,9.97621139883995,2.0,10.637179672718048,9.888644218444824,5.31859016418457,21.274359345436096,15.179835423827171,15.840803697705269,2,21.274359345436096,0.0621375490698282,0.8737581968307495,14.87675005197525,15.179835423827171,15.840803697705269,0.06213754906982827
0.0,0.5176609299665568,10.935126304626465,0.2587853571766905,0.5465019542566275,0.0,0.5465019542566275,0.1414267034300607,0.0523260235786438,2748.3607109693885,0.030277867511034,0.7617130875587463,9.745622992515564,2.0,2.0,10.50733608007431,7.963894367218018,28.97856652736664,1.808142811059952,37,0.5465019542566275,"ood:cond:pp:2748.36 outside [505.725,2097.14]",2748.3607109693885,0.030277867511034,1.16041362285614,0.0724934542641334,9.745622992515564,2.0,10.50733608007431,13.598419189453123,5.253667831420898,37,21.01467216014862,d452a1f37df110c2,16.569855898618698,15.808142811059952,0.7617130875587463,2.0,7.963894367218018,28.97856652736664,1.808142811059952,1.16041362285614,0.0724934542641334,9.745622992515564,2.0,10.50733608007431,13.598419189453123,5.253667831420898,21.01467216014862,15.808142811059952,16.569855898618698,2,21.014672160148624,0.0724934542641334,1.16041362285614,18.471230447292328,15.808142811059952,16.569855898618698,0.07249345426413346
0.0,0.6621269517270332,15.849513053894045,1.496908362244321,0.1759261860459338,0.0,0.1759261860459338,0.2633453790299085,0.0316562764346599,2774.0974825690982,0.0832067017011642,1.0793129205703735,7.596817463636398,2.0,2.0,8.676130384206772,4.795470714569092,22.147731482982635,0.6119537353515625,38,0.1759261860459338,"ood:cond:pp:2774.1 outside [505.725,2097.14]",2774.0974825690982,0.0832067017011642,2.3298327922821045,0.1244002651844715,7.596817463636398,2.0,8.676130384206772,9.673192024230955,4.338065147399902,38,17.352260768413544,9aa7a94a0b9f7f4e,15.691266655921936,14.611953735351562,1.0793129205703735,2.0,4.795470714569092,22.147731482982635,0.6119537353515625,2.3298327922821045,0.1244002651844715,7.596817463636398,2.0,8.676130384206772,9.673192024230955,4.338065147399902,17.352260768413544,14.611953735351562,15.691266655921936,2,17.352260768413544,0.1244002651844715,2.3298327922821045,13.471601098775864,14.611953735351562,15.691266655921936,0.12440026518447156
0.0,0.6783645336002097,14.759326934814451,1.9088702414011405,0.1535475091304706,0.0,0.1535475091304706,0.2931022708204253,0.0307475067675113,2881.171918986678,0.0957511372716426,1.097994029521942,4.820784613490105,2.0,2.0,5.918778643012047,9.38628625869751,21.223843544721603,4.337166845798492,39,0.1535475091304706,"ood:cond:pp:2881.17 outside [505.725,2097.14]",2881.171918986678,0.0957511372716426,2.411181926727295,0.1855102371193217,4.820784613490105,2.0,5.918778643012047,12.894672393798828,2.9593892097473145,39,11.837557286024094,14b3978829f057f6,19.435160875320435,18.33716684579849,1.097994029521942,2.0,9.38628625869751,21.223843544721603,4.337166845798492,2.411181926727295,0.1855102371193217,4.820784613490105,2.0,5.918778643012047,12.894672393798828,2.9593892097473145,11.837557286024094,18.33716684579849,19.435160875320435,2,11.837557286024094,0.1855102371193217,2.411181926727295,15.305064901709557,18.337166845798492,19.435160875320435,0.18551023711932169
0.0,0.5997798452054258,14.579438209533691,0.1034845375431182,1.7700990312522464,0.0,1.7700990312522464,0.1831778796546604,0.0528895705938339,2783.8705788424013,0.0144498931522369,1.4006197452545166,10.052893996238708,2.0,2.0,11.453513741493223,4.015630006790161,26.92265748977661,1.19175486266613,40,1.7700990312522464,"ood:cond:pp:2783.87 outside [505.725,2097.14]",2783.8705788424013,0.0144498931522369,3.923471450805664,0.1222873414103848,10.052893996238708,2.0,11.453513741493223,10.442696571350098,5.726756572723389,40,22.90702748298645,1033842b78154fd2,16.592374607920647,15.19175486266613,1.4006197452545166,2.0,4.015630006790161,26.92265748977661,1.19175486266613,3.923471450805664,0.1222873414103848,10.052893996238708,2.0,11.453513741493223,10.442696571350098,5.726756572723389,22.90702748298645,15.19175486266613,16.592374607920647,2,22.90702748298645,0.1222873414103848,3.923471450805664,15.469143748283386,15.19175486266613,16.592374607920647,0.12228734141038489
0.0,0.5783538826537304,10.66440773010254,0.0273620101319205,6.441947688921333,0.0,6.441947688921333,0.1762646379335678,0.0642997920513153,764.3537474900932,0.0161732542218565,1.252006471157074,7.201346814632416,2.0,2.0,8.45335328578949,9.359733581542969,26.26644015312195,4.891273677349091,41,6.441947688921333,,764.3537474900932,0.0161732542218565,3.135040760040283,0.1481076714564573,7.201346814632416,2.0,8.45335328578949,14.212413787841797,4.226676940917969,41,16.90670657157898,436165da7462c54d,20.143280148506165,18.89127367734909,1.252006471157074,2.0,9.359733581542969,26.26644015312195,4.891273677349091,3.135040760040283,0.1481076714564573,7.201346814632416,2.0,8.45335328578949,14.212413787841797,4.226676940917969,16.90670657157898,18.89127367734909,20.143280148506165,2,16.90670657157898,0.1481076714564573,3.135040760040283,17.81308686733246,18.89127367734909,20.143280148506165,0.14810767145645734
0.0,0.604922063974624,10.751977920532228,0.3057611229788095,0.8678767345757333,0.0,0.8678767345757333,0.2653629649710584,0.057052481919527,858.5960707416087,0.0488555634106397,1.4458244442939758,7.214441612362862,2.0,2.0,8.660266056656837,4.623209476470947,21.943741589784626,4.992986619472504,42,0.8678767345757333,,858.5960707416087,0.0488555634106397,4.180816173553467,0.166949194728564,7.214441612362862,2.0,8.660266056656837,9.676254272460938,4.330132961273193,42,17.320532113313675,34113fae16839ff4,20.43881106376648,18.992986619472504,1.4458244442939758,2.0,4.623209476470947,21.943741589784626,4.992986619472504,4.180816173553467,0.166949194728564,7.214441612362862,2.0,8.660266056656837,9.676254272460938,4.330132961273193,17.320532113313675,18.992986619472504,20.43881106376648,2,17.32053211331368,0.166949194728564,4.180816173553467,13.283475533127787,18.992986619472504,20.43881106376648,0.16694919472856404
0.0,1.128317296639625,45.6146240234375,4.371505145632759e-05,19139.596385634693,0.0,19139.596385634693,0.8366884408513623,0.1268932223320007,1368.6498429496587,0.0031793943311916,0.7070998251438141,7.829960465431213,2.0,2.0,8.537060290575027,4.968608379364014,22.04272896051407,4.598676264286041,43,19139.596385634693,,1368.6498429496587,0.0031793943311916,0.9999802708625792,0.082827085797257,7.829960465431213,2.0,8.537060290575027,9.590688705444336,4.268530368804932,43,17.074120581150055,4fb87bd0d494edcd,19.305776089429852,18.59867626428604,0.7070998251438141,2.0,4.968608379364014,22.04272896051407,4.598676264286041,0.9999802708625792,0.082827085797257,7.829960465431213,2.0,8.537060290575027,9.590688705444336,4.268530368804932,17.074120581150055,18.59867626428604,19.305776089429852,2,17.074120581150055,0.082827085797257,0.9999802708625792,13.505668669939041,18.59867626428604,19.305776089429855,0.08282708579725706
0.0,0.5986565369164927,10.30930233001709,0.0893434761715966,2.3181430634351834,0.0,2.3181430634351834,0.2071109595503734,0.0641029328107833,549.2400727682822,0.0298206206243038,1.1362842321395874,10.927238911390305,2.0,2.0,12.063523143529892,2.264064133167267,26.39111042022705,4.7479647397995,44,2.3181430634351834,,549.2400727682822,0.0298206206243038,2.582283735275269,0.0941917397281256,10.927238911390305,2.0,12.063523143529892,8.863967895507812,6.031761169433594,44,24.127046287059784,e717e8771e341c05,19.884248971939087,18.7479647397995,1.1362842321395874,2.0,2.264064133167267,26.39111042022705,4.7479647397995,2.582283735275269,0.0941917397281256,10.927238911390305,2.0,12.063523143529892,8.863967895507812,6.031761169433594,24.127046287059784,18.7479647397995,19.884248971939087,2,24.127046287059784,0.0941917397281256,2.582283735275269,14.327587276697159,18.7479647397995,19.884248971939087,0.09419173972812563
0.0,0.6024498347395286,13.338578224182127,0.1986913902428003,1.0648008938866445,0.0,1.0648008938866445,0.2115667699381139,0.0496229343116283,2897.5864750437736,0.0215763950945138,0.5629247948527336,9.635323353111744,2.0,2.0,10.198248147964478,4.676820993423462,25.073317289352417,3.904666304588318,45,1.0648008938866445,"ood:cond:pp:2897.59 outside [505.725,2097.14]",2897.5864750437736,0.0215763950945138,0.6337686777114868,0.0551981856771244,9.635323353111744,2.0,10.198248147964478,10.05740737915039,5.099123954772949,45,20.396496295928955,15da25e68ed8a26e,18.46759109944105,17.904666304588318,0.5629247948527336,2.0,4.676820993423462,25.073317289352417,3.904666304588318,0.6337686777114868,0.0551981856771244,9.635323353111744,2.0,10.198248147964478,10.05740737915039,5.099123954772949,20.396496295928955,17.904666304588318,18.46759109944105,2,20.396496295928955,0.0551981856771244,0.6337686777114868,14.87506914138794,17.904666304588318,18.46759109944105,0.05519818567712444
0.0,0.6324662414139179,11.727088928222656,0.0981964387131445,2.430719918215583,0.0,2.430719918215583,0.2386880394778763,0.0610300377011299,554.2031613652744,0.0279333650552034,1.2799278497695925,7.645368963479996,2.0,2.0,8.925296813249588,5.036815404891968,22.887409031391144,2.3560969531536102,46,2.430719918215583,,554.2031613652744,0.0279333650552034,3.276430606842041,0.1434045137714122,7.645368963479996,2.0,8.925296813249588,10.13942813873291,4.462648868560791,46,17.850593626499176,01af4a1395658196,17.636024802923203,16.35609695315361,1.2799278497695925,2.0,5.036815404891968,22.887409031391144,2.3560969531536102,3.276430606842041,0.1434045137714122,7.645368963479996,2.0,8.925296813249588,10.13942813873291,4.462648868560791,17.850593626499176,16.35609695315361,17.636024802923203,2,17.850593626499176,0.1434045137714122,3.276430606842041,13.962112218141556,16.35609695315361,17.636024802923203,0.14340451377141225
0.0,0.6386769291972967,12.669814109802246,0.1044811976594834,2.096727907584408,0.0,2.096727907584408,0.2190686429504817,0.0565196871757507,1044.8854052794427,0.0222905858702063,1.2538933753967283,9.698909491300585,2.0,2.0,10.952802866697311,2.6989225149154663,24.60452824831009,1.7777365446090698,47,2.096727907584408,,1044.8854052794427,0.0222905858702063,3.1444971561431885,0.1144815067574411,9.698909491300585,2.0,10.952802866697311,8.802270889282227,5.4764018058776855,47,21.905605733394623,39b57178dc3e46d0,17.0316299200058,15.77773654460907,1.2538933753967283,2.0,2.6989225149154663,24.60452824831009,1.7777365446090698,3.1444971561431885,0.1144815067574411,9.698909491300585,2.0,10.952802866697311,8.802270889282227,5.4764018058776855,21.905605733394623,15.77773654460907,17.0316299200058,2,21.905605733394623,0.1144815067574411,3.1444971561431885,13.651725381612778,15.77773654460907,17.0316299200058,0.11448150675744108
0.0,0.5929100035074845,14.91871452331543,1.1759389201011985,0.1575894934127126,0.0,0.1575894934127126,0.1853156187030402,0.0330108031630516,2914.1954762033224,0.0905620665404796,1.3398550152778623,11.351093113422394,2.0,2.0,12.690948128700256,4.173259973526001,29.555156230926517,2.3212790489196777,48,0.1575894934127126,"ood:cond:pp:2914.2 outside [505.725,2097.14]",2914.1954762033224,0.0905620665404796,3.5904226303100586,0.1055756434972588,11.351093113422394,2.0,12.690948128700256,11.188661575317385,6.345474243164063,48,25.381896257400516,60a46acd215036b1,17.66113406419754,16.321279048919678,1.3398550152778623,2.0,4.173259973526001,29.555156230926517,2.3212790489196777,3.5904226303100586,0.1055756434972588,11.351093113422394,2.0,12.690948128700256,11.188661575317385,6.345474243164063,25.381896257400516,16.321279048919678,17.66113406419754,2,25.381896257400516,0.1055756434972588,3.5904226303100586,16.864208102226257,16.321279048919678,17.66113406419754,0.10557564349725883
0.0,0.5799246364002221,11.821884155273438,0.9902098988264664,0.1994953907582886,0.0,0.1994953907582886,0.1975423106991114,0.0374887213110923,2342.674344059348,0.0950947630181312,1.0344939827919006,9.524620234966278,2.0,2.0,10.55911421775818,8.443160057067871,29.56138849258423,3.932953178882599,49,0.1994953907582886,"ood:cond:pp:2342.67 outside [505.725,2097.14]",2342.674344059348,0.0950947630181312,2.140355348587036,0.0979716632908565,9.524620234966278,2.0,10.55911421775818,14.239964485168455,5.279557228088379,49,21.11822843551636,7324039bb951ebfe,18.9674471616745,17.9329531788826,1.0344939827919006,2.0,8.443160057067871,29.56138849258423,3.932953178882599,2.140355348587036,0.0979716632908565,9.524620234966278,2.0,10.55911421775818,14.239964485168455,5.279557228088379,21.11822843551636,17.9329531788826,18.9674471616745,2,21.118228435516357,0.0979716632908565,2.140355348587036,19.00227427482605,17.9329531788826,18.9674471616745,0.09797166329085655
0.0,0.5657925445665903,11.982022285461426,0.0917698175228095,1.4063497519247887,0.0,1.4063497519247887,0.1290604601073863,0.0561626739799976,1809.965970680058,0.0188003163397312,1.483368158340454,10.412297546863556,2.0,2.0,11.89566570520401,4.549658536911011,28.34098994731903,1.4593467116355896,50,1.4063497519247887,,1809.965970680058,0.0188003163397312,4.40076208114624,0.1246982048000494,10.412297546863556,2.0,11.89566570520401,11.239175796508787,5.947832107543945,50,23.79133141040802,787d3ebcc0bf9aa8,16.942714869976044,15.45934671163559,1.483368158340454,2.0,4.549658536911011,28.34098994731903,1.4593467116355896,4.40076208114624,0.1246982048000494,10.412297546863556,2.0,11.89566570520401,11.239175796508787,5.947832107543945,23.79133141040802,15.45934671163559,16.942714869976044,2,23.79133141040802,0.1246982048000494,4.40076208114624,16.44532424211502,15.45934671163559,16.942714869976044,0.12469820480004944
0.0,0.6055614891354859,12.175578117370604,1.0730112888549337,0.2198480821065747,0.0,0.2198480821065747,0.235899473933461,0.0367431826889514,2351.290729826391,0.0975202325503826,1.4890152215957642,8.513200581073761,2.0,2.0,10.002215802669523,9.99079942703247,29.99523103237152,3.287031352519989,51,0.2198480821065747,"ood:cond:pp:2351.29 outside [505.725,2097.14]",2351.290729826391,0.0975202325503826,4.434332847595215,0.1488685358296664,8.513200581073761,2.0,10.002215802669523,15.736413955688477,5.001107692718506,51,20.00443160533905,e990ce451ea8ba24,18.776046574115757,17.28703135251999,1.4890152215957642,2.0,9.99079942703247,29.99523103237152,3.287031352519989,4.434332847595215,0.1488685358296664,8.513200581073761,2.0,10.002215802669523,15.736413955688477,5.001107692718506,20.00443160533905,17.28703135251999,18.776046574115757,2,20.00443160533905,0.1488685358296664,4.434332847595215,19.993015229701996,17.28703135251999,18.776046574115753,0.14886853582966647
0.0,0.6863907737797312,26.96590614318848,0.0490425310465083,7.295287542462078,0.0,7.295287542462078,0.3577793657944018,0.0609760507941246,2921.749995481968,0.009457119618535,1.1757548451423645,5.4059135019779205,2.0,2.0,6.581668347120285,8.037793159484863,21.201129853725437,0.6993377953767776,52,7.295287542462078,"ood:cond:pp:2921.75 outside [505.725,2097.14]",2921.749995481968,0.009457119618535,2.764798641204834,0.1786408526125141,5.4059135019779205,2.0,6.581668347120285,11.916504859924316,3.290834426879883,52,13.16333669424057,aeb34fca35a2c59c,15.875092640519142,14.699337795376778,1.1757548451423645,2.0,8.037793159484863,21.201129853725437,0.6993377953767776,2.764798641204834,0.1786408526125141,5.4059135019779205,2.0,6.581668347120285,11.916504859924316,3.290834426879883,13.16333669424057,14.699337795376778,15.875092640519142,2,13.163336694240574,0.1786408526125141,2.764798641204834,14.61946150660515,14.699337795376778,15.875092640519142,0.17864085261251417
0.0,0.6536147904343004,13.90034294128418,0.1317002611244169,2.3097690996411013,0.0,2.3097690996411013,0.3041971935598425,0.0512852445244789,2470.225425543606,0.0158152479003071,0.644436314702034,5.053923919796944,2.0,2.0,5.698360234498978,9.491149425506592,20.887869894504547,3.003334701061249,53,2.3097690996411013,"ood:cond:pp:2470.23 outside [505.725,2097.14]",2470.225425543606,0.0158152479003071,0.8305962681770325,0.113091536544231,5.053923919796944,2.0,5.698360234498978,12.662548065185549,2.849180221557617,53,11.396720468997955,b815543a740eb73f,17.647771015763283,17.00333470106125,0.644436314702034,2.0,9.491149425506592,20.887869894504547,3.003334701061249,0.8305962681770325,0.113091536544231,5.053923919796944,2.0,5.698360234498978,12.662548065185549,2.849180221557617,11.396720468997955,17.00333470106125,17.647771015763283,2,11.396720468997955,0.113091536544231,0.8305962681770325,15.18950966000557,17.00333470106125,17.647771015763283,0.11309153654423103
0.0,0.7827932777148613,25.346893310546875,0.0414496709199553,9.383264154965254,0.0,9.383264154965254,0.3889332113783226,0.0599834471940994,968.859451436922,0.0114285042065381,0.6966712772846222,8.45187058672309,2.0,2.0,9.148541864007711,2.0617363825440407,20.358820110559464,0.5306307971477509,54,9.383264154965254,,968.859451436922,0.0114285042065381,0.9707016348838806,0.0761510727764687,8.45187058672309,2.0,9.148541864007711,6.9843430519104,4.574270725250244,54,18.297083728015423,df26de517164f210,15.227302074432371,14.53063079714775,0.6966712772846222,2.0,2.0617363825440407,20.358820110559464,0.5306307971477509,0.9707016348838806,0.0761510727764687,8.45187058672309,2.0,9.148541864007711,6.9843430519104,4.574270725250244,18.297083728015423,14.53063079714775,15.227302074432371,2,18.297083728015423,0.0761510727764687,0.9707016348838806,11.210278246551752,14.53063079714775,15.227302074432373,0.07615107277646874
0.0,0.5356949774317783,10.825026512145996,0.4629445125227543,0.3964738059119668,0.0,0.3964738059119668,0.1835453728059566,0.0465702749788761,2750.8807670678493,0.0468851510622501,1.49941086769104,8.212178409099579,2.0,2.0,9.71158927679062,9.150047779083252,28.57322633266449,1.5692274272441864,55,0.3964738059119668,"ood:cond:pp:2750.88 outside [505.725,2097.14]",2750.8807670678493,0.0468851510622501,4.496465682983398,0.1543939745551666,8.212178409099579,2.0,9.71158927679062,14.755548477172852,4.855794906616211,55,19.42317855358124,386633f363383e2c,17.068638294935226,15.569227427244186,1.49941086769104,2.0,9.150047779083252,28.57322633266449,1.5692274272441864,4.496465682983398,0.1543939745551666,8.212178409099579,2.0,9.71158927679062,14.755548477172852,4.855794906616211,19.42317855358124,15.569227427244186,17.068638294935226,2,19.423178553581238,0.1543939745551666,4.496465682983398,18.86163705587387,15.569227427244186,17.068638294935226,0.15439397455516662
0.0,0.5520908300005349,9.921393394470217,0.6238783122917386,0.2846472861716855,0.0,0.2846472861716855,0.1775852684952147,0.0463235192000865,1350.3748278274238,0.075953292196989,0.9986684024333954,9.917010575532911,2.0,2.0,10.915678977966309,4.625654935836792,26.45701289176941,2.3114076256752014,56,0.2846472861716855,,1350.3748278274238,0.075953292196989,1.9946773052215576,0.0914893525587591,9.917010575532911,2.0,10.915678977966309,10.582828521728516,5.457839488983154,56,21.831357955932617,2040a26346e5ced3,17.310076028108597,16.3114076256752,0.9986684024333954,2.0,4.625654935836792,26.45701289176941,2.3114076256752014,1.9946773052215576,0.0914893525587591,9.917010575532911,2.0,10.915678977966309,10.582828521728516,5.457839488983154,21.831357955932617,16.3114076256752,17.310076028108597,2,21.831357955932617,0.0914893525587591,1.9946773052215576,15.5413339138031,16.3114076256752,17.310076028108597,0.09148935255875915
0.0,0.6179890203171303,12.26243782043457,1.4601174971730777,0.1873866172328674,0.0,0.1873866172328674,0.2736064785577838,0.0367138907313346,2012.4979379103183,0.0923135287969112,1.327151358127594,6.103236943483353,2.0,2.0,7.430388301610947,6.792970657348633,21.65374726057053,2.5042900443077087,57,0.1873866172328674,,2012.4979379103183,0.0923135287969112,3.5226612091064453,0.178611305931328,6.103236943483353,2.0,7.430388301610947,11.171740531921388,3.7151939868927,57,14.860776603221892,dd54212b3b26b121,17.831441402435303,16.50429004430771,1.327151358127594,2.0,6.792970657348633,21.65374726057053,2.5042900443077087,3.5226612091064453,0.178611305931328,6.103236943483353,2.0,7.430388301610947,11.171740531921388,3.7151939868927,14.860776603221892,16.50429004430771,17.831441402435303,2,14.860776603221897,0.178611305931328,3.5226612091064453,14.223358958959581,16.50429004430771,17.831441402435303,0.17861130593132807
0.0,0.5523917138177163,9.31687068939209,0.8803614452577243,0.2790233148043409,0.0,0.2790233148043409,0.2456413686817506,0.0430893525481224,1701.3631779181956,0.0929810967884063,0.97111576795578,7.726901292800903,2.0,2.0,8.698017060756683,9.69055461883545,27.086588740348816,4.669525623321533,58,0.2790233148043409,,1701.3631779181956,0.0929810967884063,1.8861316442489624,0.1116479493167719,7.726901292800903,2.0,8.698017060756683,14.525121688842772,4.349009037017822,58,17.396034121513367,1c603f6b2b23c1a8,19.640641391277317,18.669525623321533,0.97111576795578,2.0,9.69055461883545,27.086588740348816,4.669525623321533,1.8861316442489624,0.1116479493167719,7.726901292800903,2.0,8.698017060756683,14.525121688842772,4.349009037017822,17.396034121513367,18.669525623321533,19.640641391277317,2,17.396034121513367,0.1116479493167719,1.8861316442489624,18.388571679592133,18.669525623321533,19.640641391277313,0.11164794931677197
0.0,0.6359560980241359,13.404589653015137,0.1240521563153872,1.8868855934504245,0.0,1.8868855934504245,0.2340722265879642,0.0523025281727314,1814.978283768296,0.0194021672803163,0.7097160518169403,8.646180123090744,2.0,2.0,9.355896174907684,5.23673939704895,23.94853174686432,1.8161728978157043,59,1.8868855934504245,,1814.978283768296,0.0194021672803163,1.0073938369750977,0.0758576237432373,8.646180123090744,2.0,9.355896174907684,10.269545555114746,4.677947998046875,59,18.71179234981537,f322315f86189755,16.525888949632645,15.816172897815704,0.7097160518169403,2.0,5.23673939704895,23.94853174686432,1.8161728978157043,1.0073938369750977,0.0758576237432373,8.646180123090744,2.0,9.355896174907684,10.269545555114746,4.677947998046875,18.71179234981537,15.816172897815704,16.525888949632645,2,18.71179234981537,0.0758576237432373,1.0073938369750977,14.592635571956635,15.816172897815704,16.525888949632645,0.07585762374323732
0.0,0.5776873864491971,10.817367553710938,1.0765691241137538,0.2256651839088867,0.0,0.2256651839088867,0.2429441693837594,0.0384042002260685,2000.1710400964616,0.0962709306118488,0.9143105745315552,8.598028898239136,2.0,2.0,9.512339472770693,9.73174524307251,28.75642418861389,1.6286450624465942,60,0.2256651839088867,,2000.1710400964616,0.0962709306118488,1.6719276905059814,0.0961183710010341,8.598028898239136,2.0,9.512339472770693,14.945070266723633,4.75616979598999,60,19.024678945541385,3b3b334ed1b00686,16.54295563697815,15.628645062446594,0.9143105745315552,2.0,9.73174524307251,28.75642418861389,1.6286450624465942,1.6719276905059814,0.0961183710010341,8.598028898239136,2.0,9.512339472770693,14.945070266723633,4.75616979598999,19.024678945541385,15.628645062446594,16.54295563697815,2,19.024678945541382,0.0961183710010341,1.6719276905059814,19.2440847158432,15.628645062446594,16.54295563697815,0.09611837100103417
0.0,0.6210812218721934,13.857645988464355,1.058782453010734,0.2574682356491277,0.0,0.2574682356491277,0.2726028501129291,0.0365927815437316,2835.171232397973,0.0691296818416118,0.9378857612609864,5.209069229662418,2.0,2.0,6.146954990923405,8.12531042098999,20.4192204028368,4.92810994386673,61,0.2574682356491277,"ood:cond:pp:2835.17 outside [505.725,2097.14]",2835.171232397973,0.0691296818416118,1.7592593431472778,0.1525772943914293,5.209069229662418,2.0,6.146954990923405,11.667730331420898,3.073477268218994,61,12.29390998184681,2aeee071d36b73fa,19.86599570512772,18.92810994386673,0.9378857612609864,2.0,8.12531042098999,20.4192204028368,4.92810994386673,1.7592593431472778,0.1525772943914293,5.209069229662418,2.0,6.146954990923405,11.667730331420898,3.073477268218994,12.29390998184681,18.92810994386673,19.86599570512772,2,12.29390998184681,0.1525772943914293,1.7592593431472778,14.272265411913395,18.92810994386673,19.865995705127716,0.1525772943914294
0.0,0.5126539869711899,8.339207649230957,0.3779876607277246,0.6547540527275497,0.0,0.6547540527275497,0.2474889527424837,0.0529861152172088,726.8935008414313,0.0738861896092891,1.3629200458526611,7.917079389095306,2.0,2.0,9.279999434947968,9.063780307769775,27.62377917766571,0.001621865958441,62,0.6547540527275497,,726.8935008414313,0.0738861896092891,3.715102195739746,0.1468663931939456,7.917079389095306,2.0,9.279999434947968,14.38524055480957,4.639999866485596,62,18.55999886989593,f0e5602e234e5318,15.364541911811102,14.00162186595844,1.3629200458526611,2.0,9.063780307769775,27.62377917766571,0.001621865958441,3.715102195739746,0.1468663931939456,7.917079389095306,2.0,9.279999434947968,14.38524055480957,4.639999866485596,18.55999886989593,14.00162186595844,15.364541911811102,2,18.559998869895935,0.1468663931939456,3.715102195739746,18.343779742717743,14.001621865958441,15.364541911811102,0.1468663931939456
0.0,0.5247899719147857,8.413613319396973,0.5084162822203527,0.5212046383400162,0.0,0.5212046383400162,0.2649889245008345,0.0504091642796993,925.2154082717002,0.0794286535725593,1.4716027975082395,6.681070566177368,2.0,2.0,8.152673363685608,9.743774890899658,26.049121618270878,1.69485941529274,63,0.5212046383400162,,925.2154082717002,0.0794286535725593,4.3312296867370605,0.1805055509844401,6.681070566177368,2.0,8.152673363685608,14.555912971496582,4.076336860656738,63,16.305346727371216,ee5872661607fa21,17.16646221280098,15.69485941529274,1.4716027975082395,2.0,9.743774890899658,26.049121618270878,1.69485941529274,4.3312296867370605,0.1805055509844401,6.681070566177368,2.0,8.152673363685608,14.555912971496582,4.076336860656738,16.305346727371216,15.69485941529274,17.16646221280098,2,16.30534672737122,0.1805055509844401,4.3312296867370605,17.896448254585266,15.69485941529274,17.16646221280098,0.18050555098444013
0.0,0.5286633915033663,8.894436836242676,0.1132688280651175,1.6379412466043295,0.0,1.6379412466043295,0.18552768544239,0.0675901547074318,650.2382205190956,0.0378420013337135,1.0340340733528135,11.063680410385132,2.0,2.0,12.097714483737946,5.2460761070251465,29.44150507450104,4.955810606479645,64,1.6379412466043295,,650.2382205190956,0.0378420013337135,2.1384527683258057,0.0854735061521569,11.063680410385132,2.0,12.097714483737946,11.81195068359375,6.04885721206665,64,24.19542896747589,52a65a4331676e3c,19.98984467983246,18.955810606479645,1.0340340733528135,2.0,5.2460761070251465,29.44150507450104,4.955810606479645,2.1384527683258057,0.0854735061521569,11.063680410385132,2.0,12.097714483737946,11.81195068359375,6.04885721206665,24.19542896747589,18.955810606479645,19.98984467983246,2,24.195428967475895,0.0854735061521569,2.1384527683258057,17.343790590763092,18.955810606479645,19.98984467983246,0.08547350615215694
0.0,0.6532126121929149,16.024473190307617,1.6618055134802012,0.1561613496721755,0.0,0.1561613496721755,0.259509791877731,0.0309144146740436,2829.7721103215217,0.0870109858744144,1.1901618838310242,9.142137050628662,2.0,2.0,10.332298934459686,2.822147488594055,23.486745357513428,0.2952955476939678,65,0.1561613496721755,"ood:cond:pp:2829.77 outside [505.725,2097.14]",2829.7721103215217,0.0870109858744144,2.8329708576202397,0.1151884872263678,9.142137050628662,2.0,10.332298934459686,8.583377838134766,5.166149139404297,65,20.664597868919373,7dcd6c6ee1849faa,15.485457431524992,14.295295547693968,1.1901618838310242,2.0,2.822147488594055,23.486745357513428,0.2952955476939678,2.8329708576202397,0.1151884872263678,9.142137050628662,2.0,10.332298934459686,8.583377838134766,5.166149139404297,20.664597868919373,14.295295547693968,15.485457431524992,2,20.664597868919373,0.1151884872263678,2.8329708576202397,13.154446423053741,14.295295547693968,15.485457431524992,0.11518848722636789
0.0,0.6030554578412957,9.79379177093506,0.8990589852807034,0.3473699489458703,0.0,0.3473699489458703,0.3123060738162839,0.0433794856071472,948.0362837908716,0.0908101463160514,0.6072068810462952,6.000720292329788,2.0,2.0,6.607927173376083,7.457653999328613,20.67350834608078,1.7579807341098783,66,0.3473699489458703,,948.0362837908716,0.0908101463160514,0.7374004125595093,0.0918906739004002,6.000720292329788,2.0,6.607927173376083,11.065220832824709,3.303963422775269,66,13.215854346752169,fb0c752b5f697811,16.365187615156174,15.75798073410988,0.6072068810462952,2.0,7.457653999328613,20.67350834608078,1.7579807341098783,0.7374004125595093,0.0918906739004002,6.000720292329788,2.0,6.607927173376083,11.065220832824709,3.303963422775269,13.215854346752169,15.75798073410988,16.365187615156174,2,13.215854346752167,0.0918906739004002,0.7374004125595093,14.065581172704697,15.757980734109879,16.365187615156174,0.09189067390040023
0.0,1.0762546523314596,29.66322326660156,7.741710841548138e-06,77948.11301072076,0.0,77948.11301072076,0.6034517515733163,0.1203111559152603,1216.3614198532998,0.0030273849783713,0.5268827620893717,8.38682252727449,2.0,2.0,8.913705289363861,8.521823406219482,26.349233984947205,3.260713219642639,67,77948.11301072076,,1216.3614198532998,0.0030273849783713,0.5552108883857727,0.0591092867651868,8.38682252727449,2.0,8.913705289363861,13.242117881774902,4.456852912902832,67,17.827410578727722,a8e6ffc84c4eae72,17.78759598173201,17.26071321964264,0.5268827620893717,2.0,8.521823406219482,26.349233984947205,3.260713219642639,0.5552108883857727,0.0591092867651868,8.38682252727449,2.0,8.913705289363861,13.242117881774902,4.456852912902832,17.827410578727722,17.26071321964264,17.78759598173201,2,17.827410578727722,0.0591092867651868,0.5552108883857727,17.435528695583344,17.26071321964264,17.78759598173201,0.05910928676518689
0.0,0.5092783404202974,8.691174507141113,0.2478203677787519,1.0084704100014166,0.0,1.0084704100014166,0.2499195079005398,0.0623139664530754,911.2806219042242,0.0486650852259397,1.069094717502594,8.676716446876526,2.0,2.0,9.74581116437912,9.86569595336914,29.35731828212738,0.2046344801783561,68,1.0084704100014166,,911.2806219042242,0.0486650852259397,2.285926818847656,0.1096978691122324,8.676716446876526,2.0,9.74581116437912,15.273149490356444,4.872905731201172,68,19.49162232875824,8eba1b4fc0209a92,15.27372919768095,14.204634480178356,1.069094717502594,2.0,9.86569595336914,29.35731828212738,0.2046344801783561,2.285926818847656,0.1096978691122324,8.676716446876526,2.0,9.74581116437912,15.273149490356444,4.872905731201172,19.49162232875824,14.204634480178356,15.27372919768095,2,19.49162232875824,0.1096978691122324,2.285926818847656,19.61150711774826,14.204634480178356,15.27372919768095,0.10969786911223241
0.0,0.5646388547085913,11.152281761169434,0.1648328745276903,1.3101289381891448,0.0,1.3101289381891448,0.2159523188836274,0.0536963008344173,2724.3540250748392,0.0211694450191259,1.3286578059196472,6.415131807327271,2.0,2.0,7.743789613246918,9.810522079467772,25.29810130596161,4.950582683086395,69,1.3101289381891448,"ood:cond:pp:2724.35 outside [505.725,2097.14]",2724.3540250748392,0.0211694450191259,3.53066349029541,0.1715772086120183,6.415131807327271,2.0,7.743789613246918,14.346746444702148,3.87189531326294,69,15.487579226493835,689b0747917a1336,20.27924048900604,18.950582683086395,1.3286578059196472,2.0,9.810522079467772,25.29810130596161,4.950582683086395,3.53066349029541,0.1715772086120183,6.415131807327271,2.0,7.743789613246918,14.346746444702148,3.87189531326294,15.487579226493835,18.950582683086395,20.27924048900604,2,15.487579226493837,0.1715772086120183,3.53066349029541,17.55431169271469,18.950582683086395,20.279240489006042,0.17157720861201833
0.0,0.5758203364904638,11.099162101745604,0.5052730096929554,0.4155607144582544,0.0,0.4155607144582544,0.209971612904477,0.047514159232378,1721.3602511954905,0.0485124234117269,1.0572893619537354,7.36192786693573,2.0,2.0,8.419217228889465,6.10302734375,22.94146180152893,0.008095295052044,70,0.4155607144582544,,1721.3602511954905,0.0485124234117269,2.2357215881347656,0.1255804825092031,7.36192786693573,2.0,8.419217228889465,10.841279983520508,4.209608554840088,70,16.83843445777893,4263a400053170ac,15.06538465700578,14.008095295052044,1.0572893619537354,2.0,6.10302734375,22.94146180152893,0.008095295052044,2.2357215881347656,0.1255804825092031,7.36192786693573,2.0,8.419217228889465,10.841279983520508,4.209608554840088,16.83843445777893,14.008095295052044,15.06538465700578,2,16.83843445777893,0.1255804825092031,2.2357215881347656,14.522244572639465,14.008095295052044,15.06538465700578,0.12558048250920315
0.0,0.6332937570611339,14.886394500732422,1.611567524966781,0.1801763054321327,0.0,0.1801763054321327,0.2903662826029208,0.0334427244961261,2574.68035343647,0.0894464720711708,1.42556893825531,8.644027635455132,2.0,2.0,10.069596573710442,2.3385400474071503,22.477733194828037,3.579824566841125,71,0.1801763054321327,"ood:cond:pp:2574.68 outside [505.725,2097.14]",2574.68035343647,0.0894464720711708,4.064493656158447,0.1415716039684414,8.644027635455132,2.0,10.069596573710442,8.086122512817383,5.0347981452941895,71,20.139193147420883,38f5a938b93681c5,19.00539350509644,17.579824566841125,1.42556893825531,2.0,2.3385400474071503,22.477733194828037,3.579824566841125,4.064493656158447,0.1415716039684414,8.644027635455132,2.0,10.069596573710442,8.086122512817383,5.0347981452941895,20.139193147420883,17.579824566841125,19.00539350509644,2,20.139193147420887,0.1415716039684414,4.064493656158447,12.408136621117594,17.579824566841125,19.005393505096436,0.14157160396844148
0.0,0.556177935232637,12.12243938446045,0.6083563339256409,0.3147409730309338,0.0,0.3147409730309338,0.1914746644892879,0.0426133275032043,2821.0854091619253,0.0525512596704959,1.382419466972351,7.817171573638916,2.0,2.0,9.199591040611269,5.650769948959351,24.049952030181885,4.944815635681152,72,0.3147409730309338,"ood:cond:pp:2821.09 outside [505.725,2097.14]",2821.0854091619253,0.0525512596704959,3.822167158126831,0.1502696653437864,7.817171573638916,2.0,9.199591040611269,10.94177532196045,4.599795341491699,72,18.39918208122253,8785eb65dac8ec23,20.327235102653503,18.944815635681152,1.382419466972351,2.0,5.650769948959351,24.049952030181885,4.944815635681152,3.822167158126831,0.1502696653437864,7.817171573638916,2.0,9.199591040611269,10.94177532196045,4.599795341491699,18.39918208122253,18.944815635681152,20.327235102653503,2,18.399182081222534,0.1502696653437864,3.822167158126831,14.850360989570618,18.944815635681152,20.327235102653503,0.1502696653437864
0.0,0.6304627419245923,11.38823127746582,0.1942517741160131,1.3780221325297806,0.0,1.3780221325297806,0.2676832440150417,0.057639081031084,856.2117397031933,0.0312200715559721,1.4509560465812683,4.598692450206727,2.0,2.0,6.049648496787995,7.956436157226562,20.055733150802556,1.0994799435138702,73,1.3780221325297806,,856.2117397031933,0.0312200715559721,4.21054744720459,0.2398413804292332,4.598692450206727,2.0,6.049648496787995,11.706738471984863,3.0248241424560547,73,12.09929699357599,37eea3b647ba438d,16.55043599009514,15.09947994351387,1.4509560465812683,2.0,7.956436157226562,20.055733150802556,1.0994799435138702,4.21054744720459,0.2398413804292332,4.598692450206727,2.0,6.049648496787995,11.706738471984863,3.0248241424560547,12.09929699357599,15.09947994351387,16.55043599009514,2,12.099296993575994,0.2398413804292332,4.21054744720459,14.00608465401456,15.09947994351387,16.55043599009514,0.2398413804292332
0.0,0.632039047713726,10.951401710510254,1.341738311265538,0.2531021236268207,0.0,0.2531021236268207,0.3395968159327719,0.0395462773740291,1160.2170317616165,0.0992772743659019,1.4623744487762451,6.449314573779702,2.0,2.0,7.911689022555947,4.414263010025024,20.23764105513692,0.5795765295624733,74,0.2531021236268207,,1160.2170317616165,0.0992772743659019,4.277078151702881,0.1848372003256279,6.449314573779702,2.0,7.911689022555947,9.10129451751709,3.955844640731812,74,15.823378045111896,044d9538dba3cda9,16.04195097833872,14.579576529562472,1.4623744487762451,2.0,4.414263010025024,20.23764105513692,0.5795765295624733,4.277078151702881,0.1848372003256279,6.449314573779702,2.0,7.911689022555947,9.10129451751709,3.955844640731812,15.823378045111896,14.579576529562472,16.04195097833872,2,15.823378045111895,0.1848372003256279,4.277078151702881,12.325952032580972,14.579576529562473,16.04195097833872,0.18483720032562795
0.0,0.5623137765684039,10.302854537963867,0.3440954873065215,0.5163147597373411,0.0,0.5163147597373411,0.1776615788553699,0.0545551925897598,1278.9259154676497,0.0477969791104793,1.3566972017288208,9.294129014015198,2.0,2.0,10.65082621574402,4.190258741378784,25.49191117286682,2.930655777454376,75,0.5163147597373411,,1278.9259154676497,0.0477969791104793,3.6812546253204346,0.1273795266439851,9.294129014015198,2.0,10.65082621574402,10.194021224975586,5.325413227081299,75,21.30165243148804,a6a00aa47bacee89,18.2873529791832,16.930655777454376,1.3566972017288208,2.0,4.190258741378784,25.49191117286682,2.930655777454376,3.6812546253204346,0.1273795266439851,9.294129014015198,2.0,10.65082621574402,10.194021224975586,5.325413227081299,21.30165243148804,16.930655777454376,18.2873529791832,2,21.301652431488037,0.1273795266439851,3.6812546253204346,14.841084957122803,16.930655777454376,18.287352979183197,0.12737952664398514
0.0,0.6271936276988399,10.736241340637209,0.6691527286030934,0.5263259515729807,0.0,0.5263259515729807,0.3521924466296796,0.0460467860102653,791.19226317662,0.0776351744089126,0.8997436463832855,8.509961403906345,2.0,2.0,9.409705050289633,2.1903814673423767,21.00979156792164,2.326401174068451,76,0.5263259515729807,,791.19226317662,0.0776351744089126,1.6190773248672483,0.0956186874694432,8.509961403906345,2.0,9.409705050289633,7.3451056480407715,4.704852104187012,76,18.819410100579265,0b0452f951afb231,17.226144820451736,16.32640117406845,0.8997436463832855,2.0,2.1903814673423767,21.00979156792164,2.326401174068451,1.6190773248672483,0.0956186874694432,8.509961403906345,2.0,9.409705050289633,7.3451056480407715,4.704852104187012,18.819410100579265,16.32640117406845,17.226144820451736,2,18.819410100579262,0.0956186874694432,1.6190773248672483,11.600086517632008,16.32640117406845,17.226144820451736,0.09561868746944319
0.0,0.6942207202670813,35.93053436279297,0.0055744082460312,59.23776260680334,0.0,59.23776260680334,0.3302154723518085,0.083035409450531,1482.6164514333605,0.0079596527974009,1.1054458022117617,9.167701780796053,2.0,2.0,10.273147583007812,4.817257404327393,25.363552570343018,3.349084854125977,77,59.23776260680334,,1482.6164514333605,0.0079596527974009,2.444021224975586,0.1076053656661383,9.167701780796053,2.0,10.273147583007812,10.506553649902344,5.136573791503906,77,20.546295166015625,f1724ad2cc351ce1,18.454530656337734,17.349084854125977,1.1054458022117617,2.0,4.817257404327393,25.363552570343018,3.349084854125977,2.444021224975586,0.1076053656661383,9.167701780796053,2.0,10.273147583007812,10.506553649902344,5.136573791503906,20.546295166015625,17.349084854125977,18.454530656337734,2,20.546295166015625,0.1076053656661383,2.444021224975586,15.090404987335205,17.349084854125977,18.454530656337738,0.10760536566613842
0.0,0.5500167118894728,12.36538028717041,0.8920195839137413,0.1983412129163316,0.0,0.1983412129163316,0.1769242462185729,0.0387586541473865,2481.0369002883435,0.081730836197853,0.8405164778232574,11.46864292025566,2.0,2.0,12.309159398078918,4.002459526062012,28.62077832221985,4.1551148891448975,78,0.1983412129163316,"ood:cond:pp:2481.04 outside [505.725,2097.14]",2481.0369002883435,0.081730836197853,1.4129358530044556,0.0682838243165846,11.46864292025566,2.0,12.309159398078918,10.57729721069336,6.154579162597656,78,24.61831879615784,6c2dac2ac07b1b34,18.995631366968155,18.155114889144897,0.8405164778232574,2.0,4.002459526062012,28.62077832221985,4.1551148891448975,1.4129358530044556,0.0682838243165846,11.46864292025566,2.0,12.309159398078918,10.57729721069336,6.154579162597656,24.61831879615784,18.155114889144897,18.995631366968155,2,24.618318796157837,0.0682838243165846,1.4129358530044556,16.31161892414093,18.155114889144897,18.995631366968155,0.06828382431658463
0.0,0.6077499121217594,9.423575401306152,0.6630421036330745,0.5286841215715578,0.0,0.5286841215715578,0.3505398321242097,0.0453717820346355,586.8845814234354,0.0967710195112228,0.5466013960540295,7.529372151941061,2.0,2.0,8.07597354799509,4.699252605438232,20.851199701428413,4.776735603809357,79,0.5286841215715578,,586.8845814234354,0.0967710195112228,0.5975462198257446,0.0676824153528495,7.529372151941061,2.0,8.07597354799509,9.010540008544922,4.037986755371094,79,16.15194709599018,3f1adff1ce903063,19.323336999863383,18.77673560380936,0.5466013960540295,2.0,4.699252605438232,20.851199701428413,4.776735603809357,0.5975462198257446,0.0676824153528495,7.529372151941061,2.0,8.07597354799509,9.010540008544922,4.037986755371094,16.15194709599018,18.77673560380936,19.323336999863383,2,16.15194709599018,0.0676824153528495,0.5975462198257446,12.775226153433323,18.776735603809357,19.323336999863386,0.06768241535284951
0.0,0.6911876822811905,17.173574447631836,0.2237079732159815,1.659201833058482,0.0,1.659201833058482,0.3711766792297543,0.0455987937748432,2876.771037631154,0.018018697717607,0.6991488337516785,7.824012540280819,2.0,2.0,8.523161374032497,3.743876814842224,20.79019956290722,1.128922551870346,80,1.659201833058482,"ood:cond:pp:2876.77 outside [505.725,2097.14]",2876.771037631154,0.018018697717607,0.9776181578636168,0.0820292850352187,7.824012540280819,2.0,8.523161374032497,8.355031967163086,4.261580467224121,80,17.046322748064995,f08dccc3c3ebfdc6,15.828071385622025,15.128922551870346,0.6991488337516785,2.0,3.743876814842224,20.79019956290722,1.128922551870346,0.9776181578636168,0.0820292850352187,7.824012540280819,2.0,8.523161374032497,8.355031967163086,4.261580467224121,17.046322748064995,15.128922551870346,15.828071385622025,2,17.046322748064995,0.0820292850352187,0.9776181578636168,12.267038188874722,15.128922551870346,15.828071385622025,0.08202928503521875
0.0,0.6525631202076733,19.279659271240234,0.0438391795833236,5.612172350850637,0.0,5.612172350850637,0.2460330315415046,0.0610562339425087,2736.0000677134394,0.0106613783016204,0.5057280655018985,9.898669183719903,2.0,2.0,10.404397249221802,4.8373496532440186,25.646144151687626,4.460965692996979,81,5.612172350850637,"ood:cond:pp:2736 outside [505.725,2097.14]",2736.0000677134394,0.0106613783016204,0.5115217566490173,0.0486071469002901,9.898669183719903,2.0,10.404397249221802,10.29241180419922,5.202198505401611,81,20.808794498443604,3835819ba69b021e,18.96669375849888,18.46096569299698,0.5057280655018985,2.0,4.8373496532440186,25.646144151687626,4.460965692996979,0.5115217566490173,0.0486071469002901,9.898669183719903,2.0,10.404397249221802,10.29241180419922,5.202198505401611,20.808794498443604,18.46096569299698,18.96669375849888,2,20.808794498443607,0.0486071469002901,0.5115217566490173,15.241746902465822,18.46096569299698,18.966693758498877,0.04860714690029012
0.0,0.5658629958638445,10.387914657592772,0.4995386273093106,0.4626735674259767,0.0,0.4626735674259767,0.2311233187642742,0.0481429547071456,1959.284794872284,0.0452885951375961,1.330243468284607,4.956879451870918,2.0,2.0,6.287122920155525,9.036137104034424,21.610382944345474,2.5589317083358765,82,0.4626735674259767,,1959.284794872284,0.0452885951375961,3.539095401763916,0.2115822269070095,4.956879451870918,2.0,6.287122920155525,12.844820022583008,3.143561363220215,82,12.57424584031105,9e8c6e69d1da17b8,17.889175176620483,16.558931708335876,1.330243468284607,2.0,9.036137104034424,21.610382944345474,2.5589317083358765,3.539095401763916,0.2115822269070095,4.956879451870918,2.0,6.287122920155525,12.844820022583008,3.143561363220215,12.57424584031105,16.558931708335876,17.889175176620483,2,12.57424584031105,0.2115822269070095,3.539095401763916,15.323260024189949,16.558931708335876,17.889175176620483,0.21158222690700956
0.0,0.6511521457388192,14.438677787780762,0.403466822594708,0.8320989780871368,0.0,0.8320989780871368,0.3357243307731207,0.0450208969414234,2524.371696951747,0.0327107312573194,0.641674593091011,8.289538264274597,2.0,2.0,8.931212857365608,2.895144104957581,20.7575698196888,4.735892415046692,83,0.8320989780871368,"ood:cond:pp:2524.37 outside [505.725,2097.14]",2524.371696951747,0.0327107312573194,0.8234925270080566,0.0718462994151818,8.289538264274597,2.0,8.931212857365608,7.681587696075439,4.465606212615967,83,17.862425714731216,e40e33a207756ff3,19.377567008137703,18.73589241504669,0.641674593091011,2.0,2.895144104957581,20.7575698196888,4.735892415046692,0.8234925270080566,0.0718462994151818,8.289538264274597,2.0,8.931212857365608,7.681587696075439,4.465606212615967,17.862425714731216,18.73589241504669,19.377567008137703,2,17.86242571473122,0.0718462994151818,0.8234925270080566,11.82635696232319,18.735892415046692,19.377567008137703,0.07184629941518182
0.0,0.6519752477760711,15.040346145629885,1.2995374396631687,0.2203613487952317,0.0,0.2203613487952317,0.2863678230140778,0.0336600355803966,2797.3229689121245,0.0744165708408355,0.7547657787799835,5.547805326059461,2.0,2.0,6.302571104839444,7.5626091957092285,20.16775140538812,2.300016433000565,84,0.2203613487952317,"ood:cond:pp:2797.32 outside [505.725,2097.14]",2797.3229689121245,0.0744165708408355,1.1393426656723022,0.1197552183426276,5.547805326059461,2.0,6.302571104839444,11.091278076171877,3.1512856483459477,84,12.605142209678888,93e42dcc5536ff6e,17.054782211780548,16.300016433000565,0.7547657787799835,2.0,7.5626091957092285,20.16775140538812,2.300016433000565,1.1393426656723022,0.1197552183426276,5.547805326059461,2.0,6.302571104839444,11.091278076171877,3.1512856483459477,12.605142209678888,16.300016433000565,17.054782211780548,2,12.605142209678892,0.1197552183426276,1.1393426656723022,13.865180300548674,16.300016433000565,17.054782211780548,0.11975521834262763
0.0,0.5237426451002326,10.269613265991213,0.6153517552714092,0.2603879858821464,0.0,0.2603879858821464,0.1602302041641657,0.044566947966814,1665.1080858107805,0.0782899330713748,0.6721251904964447,11.02508357167244,2.0,2.0,11.697208762168884,6.585811614990234,29.980229139328003,0.5491269379854202,85,0.2603879858821464,,1665.1080858107805,0.0782899330713748,0.9035046100616456,0.0574603056303681,11.02508357167244,2.0,11.697208762168884,12.770479202270508,5.848604679107666,85,23.39441752433777,0975ec1d15ee53cc,15.221252128481863,14.54912693798542,0.6721251904964447,2.0,6.585811614990234,29.980229139328003,0.5491269379854202,0.9035046100616456,0.0574603056303681,11.02508357167244,2.0,11.697208762168884,12.770479202270508,5.848604679107666,23.39441752433777,14.54912693798542,15.221252128481863,2,23.39441752433777,0.0574603056303681,0.9035046100616456,18.28302037715912,14.54912693798542,15.221252128481865,0.05746030563036818
0.0,0.567151976635383,10.19550895690918,0.1011689291171029,2.0353941415926013,0.0,2.0353941415926013,0.2059186456361484,0.0607013255357742,995.831164991796,0.0241089191711545,0.6886237412691116,7.882843658328056,2.0,2.0,8.571467399597168,8.981914520263672,26.124849319458008,1.0343264788389206,86,2.0353941415926013,,995.831164991796,0.0241089191711545,0.9484052658081056,0.0803390725491734,7.882843658328056,2.0,8.571467399597168,13.61195945739746,4.285733699798584,86,17.142934799194336,29375ea3d592a608,15.722950220108032,15.03432647883892,0.6886237412691116,2.0,8.981914520263672,26.124849319458008,1.0343264788389206,0.9484052658081056,0.0803390725491734,7.882843658328056,2.0,8.571467399597168,13.61195945739746,4.285733699798584,17.142934799194336,15.03432647883892,15.722950220108032,2,17.142934799194336,0.0803390725491734,0.9484052658081056,17.55338191986084,15.03432647883892,15.722950220108032,0.08033907254917341
0.0,0.6044435498742008,11.814114570617676,0.0862482835961665,2.115192548711309,0.0,2.115192548711309,0.1824317268017513,0.0564222782850265,1327.4943031512498,0.0195297095386981,0.5410800762474537,12.402505051344631,2.0,2.0,12.943585127592089,2.275839626789093,28.163009881973267,2.100953459739685,87,2.115192548711309,,1327.4943031512498,0.0195297095386981,0.5855352282524109,0.0418029526528954,12.402505051344631,2.0,12.943585127592089,9.01817226409912,6.471792697906494,87,25.887170255184174,ad03c2c212d374da,16.64203353598714,16.100953459739685,0.5410800762474537,2.0,2.275839626789093,28.163009881973267,2.100953459739685,0.5855352282524109,0.0418029526528954,12.402505051344631,2.0,12.943585127592089,9.01817226409912,6.471792697906494,25.887170255184174,16.100953459739685,16.64203353598714,2,25.887170255184174,0.0418029526528954,0.5855352282524109,15.21942475438118,16.100953459739685,16.64203353598714,0.04180295265289544
0.0,0.6093581826007126,12.76019287109375,1.2299479634698605,0.1991600014618313,0.0,0.1991600014618313,0.2449564382026338,0.0354665890336036,2463.974937181413,0.085503281687498,0.7902428507804871,6.837665170431137,2.0,2.0,7.627908021211624,9.425331592559814,24.681147634983063,1.820189654827118,88,0.1991600014618313,"ood:cond:pp:2463.97 outside [505.725,2097.14]",2463.974937181413,0.085503281687498,1.248967528343201,0.1035988961302347,6.837665170431137,2.0,7.627908021211624,13.634407043457031,3.813953876495361,88,15.255816042423248,8efc6390425704e9,16.610432505607605,15.820189654827118,0.7902428507804871,2.0,9.425331592559814,24.681147634983063,1.820189654827118,1.248967528343201,0.1035988961302347,6.837665170431137,2.0,7.627908021211624,13.634407043457031,3.813953876495361,15.255816042423248,15.820189654827118,16.610432505607605,2,15.255816042423248,0.1035988961302347,1.248967528343201,17.05323961377144,15.820189654827118,16.610432505607605,0.1035988961302347
0.0,0.5108281660767872,9.471790313720703,0.2157221663296566,0.9709131559306484,0.0,0.9709131559306484,0.2094474893153231,0.0619797110557556,1429.4808337171376,0.0383462561500072,0.7655894458293915,9.017799109220505,2.0,2.0,9.783388555049896,9.801496505737305,29.368273615837097,3.1318962574005127,89,0.9709131559306484,,1429.4808337171376,0.0383462561500072,1.17225444316864,0.0782540161337266,9.017799109220505,2.0,9.783388555049896,15.075984954833984,4.89169454574585,89,19.566777110099792,e3a0cd68b9162283,17.897485703229904,17.131896257400513,0.7655894458293915,2.0,9.801496505737305,29.368273615837097,3.1318962574005127,1.17225444316864,0.0782540161337266,9.017799109220505,2.0,9.783388555049896,15.075984954833984,4.89169454574585,19.566777110099792,17.131896257400513,17.897485703229904,2,19.566777110099792,0.0782540161337266,1.17225444316864,19.5848850607872,17.131896257400513,17.897485703229904,0.07825401613372668
0.0,0.565430599154258,10.107222557067873,0.5497416823248841,0.4017982520461334,0.0,0.4017982520461334,0.2208852470350392,0.0490966364741325,1512.3661804628669,0.0614075489842891,1.0070602297782898,6.755495607852936,2.0,2.0,7.762555837631226,7.48286771774292,23.00797939300537,4.4836026430130005,90,0.4017982520461334,,1512.3661804628669,0.0614075489842891,2.0283408164978027,0.1297330738538814,6.755495607852936,2.0,7.762555837631226,11.86767578125,3.8812780380249023,90,15.525111675262451,b723b79cf3ea0874,19.49066287279129,18.483602643013,1.0070602297782898,2.0,7.48286771774292,23.00797939300537,4.4836026430130005,2.0283408164978027,0.1297330738538814,6.755495607852936,2.0,7.762555837631226,11.86767578125,3.8812780380249023,15.525111675262451,18.483602643013,19.49066287279129,2,15.525111675262451,0.1297330738538814,2.0283408164978027,15.245423555374146,18.483602643013,19.49066287279129,0.1297330738538814
0.0,0.5512563044395113,8.69046401977539,0.2364356196975195,1.0561893048026267,0.0,1.0561893048026267,0.2497207727989014,0.061875857412815,686.023886768505,0.0446243304527998,0.8185544610023499,6.287878334522247,2.0,2.0,7.106432795524597,9.88270664215088,24.095572233200077,0.6552106142044067,91,1.0561893048026267,,686.023886768505,0.0446243304527998,1.3400628566741943,0.1151849999225841,6.287878334522247,2.0,7.106432795524597,13.845199584960938,3.553216457366944,91,14.212865591049194,6236587dc6f68338,15.473765075206757,14.655210614204409,0.8185544610023499,2.0,9.88270664215088,24.095572233200077,0.6552106142044067,1.3400628566741943,0.1151849999225841,6.287878334522247,2.0,7.106432795524597,13.845199584960938,3.553216457366944,14.212865591049194,14.655210614204409,15.473765075206757,2,14.212865591049196,0.1151849999225841,1.3400628566741943,16.98913943767548,14.655210614204407,15.473765075206757,0.1151849999225841
0.0,0.5459544968003328,8.338846206665039,0.4384086246862828,0.640938278626527,0.0,0.640938278626527,0.2809928692414492,0.0526336915791034,693.5866380024627,0.0744383063104152,1.178353190422058,5.014413759112358,2.0,2.0,6.192766949534416,9.930520057678224,22.31605395674705,3.468770384788513,92,0.640938278626527,,693.5866380024627,0.0744383063104152,2.7770323753356934,0.1902789496237459,5.014413759112358,2.0,6.192766949534416,13.616079330444336,3.096383571624756,92,12.385533899068832,8a86bdc93ae5c7e0,18.64712357521057,17.468770384788513,1.178353190422058,2.0,9.930520057678224,22.31605395674705,3.468770384788513,2.7770323753356934,0.1902789496237459,5.014413759112358,2.0,6.192766949534416,13.616079330444336,3.096383571624756,12.385533899068832,17.468770384788513,18.64712357521057,2,12.385533899068827,0.1902789496237459,2.7770323753356934,16.12328700721264,17.468770384788513,18.64712357521057,0.19027894962374595
0.0,0.5211485173460264,10.408343315124512,0.3953627614108902,0.4475258133303594,0.0,0.4475258133303594,0.1769350413609454,0.0495000332593917,2185.5896084358096,0.0421963711793422,0.9045112729072572,12.726084202528,2.0,2.0,13.630595475435255,2.3759341835975647,29.63712513446808,0.2448814921081066,93,0.4475258133303594,"ood:cond:pp:2185.59 outside [505.725,2097.14]",2185.5896084358096,0.0421963711793422,1.6362812519073486,0.0663588963913826,12.726084202528,2.0,13.630595475435255,9.643487930297852,6.815298080444336,93,27.261190950870517,6846b6c6f2ced123,15.149392765015364,14.244881492108108,0.9045112729072572,2.0,2.3759341835975647,29.63712513446808,0.2448814921081066,1.6362812519073486,0.0663588963913826,12.726084202528,2.0,13.630595475435255,9.643487930297852,6.815298080444336,27.261190950870517,14.244881492108108,15.149392765015364,2,27.261190950870514,0.0663588963913826,1.6362812519073486,16.00652965903282,14.244881492108107,15.149392765015364,0.06635889639138265
0.0,0.5722665284986868,12.376766204833984,0.4140744511242323,0.5028566335802624,0.0,0.5028566335802624,0.2082200845439264,0.0462223440408706,2795.342393912136,0.0339527399562597,1.283555507659912,9.209284007549286,2.0,2.0,10.492839515209198,3.365657329559326,24.35133635997772,1.918287128210068,94,0.5028566335802624,"ood:cond:pp:2795.34 outside [505.725,2097.14]",2795.342393912136,0.0339527399562597,3.295029401779175,0.122326802558966,9.209284007549286,2.0,10.492839515209198,9.253854751586914,5.246419906616211,94,20.9856790304184,ed48e5e4b70bb994,17.20184263586998,15.918287128210068,1.283555507659912,2.0,3.365657329559326,24.35133635997772,1.918287128210068,3.295029401779175,0.122326802558966,9.209284007549286,2.0,10.492839515209198,9.253854751586914,5.246419906616211,20.9856790304184,15.918287128210068,17.20184263586998,2,20.985679030418392,0.122326802558966,3.295029401779175,13.858496844768522,15.918287128210068,17.20184263586998,0.122326802558966
0.0,0.7025345231759487,16.938480377197266,0.0315191456676756,7.757308465430451,0.0,7.757308465430451,0.2445037355109957,0.061124213039875,659.5073929094784,0.0136082949911654,0.8152742087841034,5.083206873387098,2.0,2.0,5.898481082171202,8.346268653869629,20.143230818212032,1.7550073564052582,95,7.757308465430451,,659.5073929094784,0.0136082949911654,1.3293441534042358,0.1382176525492907,5.083206873387098,2.0,5.898481082171202,11.70314598083496,2.9492406845092773,95,11.796962164342403,506320dddcf710be,16.57028156518936,15.755007356405258,0.8152742087841034,2.0,8.346268653869629,20.143230818212032,1.7550073564052582,1.3293441534042358,0.1382176525492907,5.083206873387098,2.0,5.898481082171202,11.70314598083496,2.9492406845092773,11.796962164342403,15.755007356405258,16.57028156518936,2,11.796962164342403,0.1382176525492907,1.3293441534042358,14.24474973604083,15.755007356405258,16.57028156518936,0.1382176525492907
0.0,0.6628509180706033,12.591132164001465,0.1557754373622898,2.038586981193287,0.0,2.038586981193287,0.3175617785964545,0.0584374479949474,669.3469115851819,0.0325378110853433,1.1349887251853945,7.121778704226017,2.0,2.0,8.256767429411411,3.963724374771118,20.47725923359394,4.189645946025848,96,2.038586981193287,,669.3469115851819,0.0325378110853433,2.576399087905884,0.1374616319145012,7.121778704226017,2.0,8.256767429411411,8.659602165222168,4.128383636474609,96,16.513534858822823,ec869d40c05781d9,19.324634671211243,18.18964594602585,1.1349887251853945,2.0,3.963724374771118,20.47725923359394,4.189645946025848,2.576399087905884,0.1374616319145012,7.121778704226017,2.0,8.256767429411411,8.659602165222168,4.128383636474609,16.513534858822823,18.18964594602585,19.324634671211243,2,16.513534858822823,0.1374616319145012,2.576399087905884,12.22049180418253,18.18964594602585,19.324634671211243,0.1374616319145013
0.0,0.5373590249461316,11.081438064575195,0.0979261796272108,1.9181515860319904,0.0,1.9181515860319904,0.1878372567659881,0.0580697134137153,1932.5557288850544,0.0207850382088422,1.3922057151794434,8.172974944114685,2.0,2.0,9.565180659294128,9.863067626953123,28.993428945541385,3.0598101019859314,97,1.9181515860319904,,1932.5557288850544,0.0207850382088422,3.876473426818848,0.145549338247646,8.172974944114685,2.0,9.565180659294128,15.341760635375977,4.782590389251709,97,19.130361318588257,30afbfe4fe6240bd,18.45201581716537,17.05981010198593,1.3922057151794434,2.0,9.863067626953123,28.993428945541385,3.0598101019859314,3.876473426818848,0.145549338247646,8.172974944114685,2.0,9.565180659294128,15.341760635375977,4.782590389251709,19.130361318588257,17.05981010198593,18.45201581716537,2,19.130361318588264,0.145549338247646,3.876473426818848,19.428248286247253,17.05981010198593,18.452015817165375,0.14554933824764607
0.0,0.5480206052353234,10.85787296295166,0.5394291096337495,0.3780056411698433,0.0,0.3780056411698433,0.2039072464527831,0.0446694083511829,2968.3961565621494,0.0462636129907369,0.702998086810112,7.762857034802437,2.0,2.0,8.465855121612549,9.774558544158936,26.706268787384037,2.002163827419281,98,0.3780056411698433,"ood:cond:pp:2968.4 outside [505.725,2097.14]",2968.3961565621494,0.0462636129907369,0.9884126782417296,0.0830392295534827,7.762857034802437,2.0,8.465855121612549,14.358985900878906,4.2329277992248535,98,16.931710243225098,de1e1b2df8f1046e,16.705161914229393,16.00216382741928,0.702998086810112,2.0,9.774558544158936,26.706268787384037,2.002163827419281,0.9884126782417296,0.0830392295534827,7.762857034802437,2.0,8.465855121612549,14.358985900878906,4.2329277992248535,16.931710243225098,16.00216382741928,16.705161914229393,2,16.9317102432251,0.0830392295534827,0.9884126782417296,18.240413665771484,16.00216382741928,16.705161914229393,0.08303922955348274
0.0,0.6926436467590085,16.466299057006836,0.0679537371930224,4.76694729708196,0.0,4.76694729708196,0.3239318838388963,0.0557065196335315,2103.636944085181,0.0131917545076608,0.5944317206740379,5.161361726000905,2.0,2.0,5.755793446674943,8.745062828063965,20.25664972141385,4.795708656311035,99,4.76694729708196,"ood:cond:pp:2103.64 outside [505.725,2097.14]",2103.636944085181,0.0131917545076608,0.7066980600357056,0.1032753739655884,5.161361726000905,2.0,5.755793446674943,11.920175552368164,2.877896785736084,99,11.511586893349886,547bcd317a3e537f,19.390140376985077,18.795708656311035,0.5944317206740379,2.0,8.745062828063965,20.25664972141385,4.795708656311035,0.7066980600357056,0.1032753739655884,5.161361726000905,2.0,5.755793446674943,11.920175552368164,2.877896785736084,11.511586893349886,18.795708656311035,19.390140376985077,2,11.511586893349886,0.1032753739655884,0.7066980600357056,14.500856274738908,18.795708656311035,19.390140376985073,0.10327537396558843
0.0,0.5509107188009457,11.83055019378662,0.079671629295556,1.763838197197795,0.0,1.763838197197795,0.1405278629844846,0.0575917139649391,2071.60865442276,0.0183294335760474,1.4308014512062073,8.800870895385742,2.0,2.0,10.23167234659195,7.945998668670654,28.409343361854557,3.843244910240173,100,1.763838197197795,,2071.60865442276,0.0183294335760474,4.094385147094727,0.1398404290851622,8.800870895385742,2.0,10.23167234659195,13.777235984802246,5.115836143493652,100,20.4633446931839,c489be629a648c23,19.27404636144638,17.843244910240173,1.4308014512062073,2.0,7.945998668670654,28.409343361854557,3.843244910240173,4.094385147094727,0.1398404290851622,8.800870895385742,2.0,10.23167234659195,13.777235984802246,5.115836143493652,20.4633446931839,17.843244910240173,19.27404636144638,2,20.463344693183902,0.1398404290851622,4.094385147094727,18.177671015262604,17.843244910240173,19.27404636144638,0.13984042908516225
0.0,0.6141795636308546,12.088099479675291,0.3282755071828931,0.8023854701072646,0.0,0.8023854701072646,0.2634034971556464,0.0492603369057178,2119.482733351767,0.0315551682194471,1.351065158843994,4.901721874251962,2.0,2.0,6.252787033095956,7.791910648345947,20.29748471453786,3.635315001010895,101,0.8023854701072646,"ood:cond:pp:2119.48 outside [505.725,2097.14]",2119.482733351767,0.0315551682194471,3.65075421333313,0.2160740725204323,4.901721874251962,2.0,6.252787033095956,11.593836784362791,3.126393318176269,101,12.505574066191912,5ee94b2c61acedd5,18.98638015985489,17.635315001010895,1.351065158843994,2.0,7.791910648345947,20.29748471453786,3.635315001010895,3.65075421333313,0.2160740725204323,4.901721874251962,2.0,6.252787033095956,11.593836784362791,3.126393318176269,12.505574066191912,17.635315001010895,18.98638015985489,2,12.505574066191912,0.2160740725204323,3.65075421333313,14.044697681441903,17.635315001010895,18.98638015985489,0.21607407252043223
0.0,0.5531021656664353,8.941754341125488,0.2226950873481262,1.1068960187277392,0.0,1.1068960187277392,0.246500305575867,0.0673402696847915,923.1374248975663,0.0419920739212036,1.424673616886139,2.1342059522867203,3.0,3.0,3.558879569172859,9.947092533111572,20.62373124063015,4.72150593996048,102,1.1068960187277392,,923.1374248975663,0.0419920739212036,6.089084625244141,0.4003152085354931,2.1342059522867203,3.0,3.558879569172859,14.218310356140137,2.905813217163086,102,10.676638707518578,10340230649e2efe,20.14617955684662,18.72150593996048,1.424673616886139,3.0,9.947092533111572,20.62373124063015,4.72150593996048,6.089084625244141,0.4003152085354931,2.1342059522867203,3.0,3.558879569172859,14.218310356140137,2.905813217163086,10.676638707518578,18.72150593996048,20.14617955684662,3,10.676638707518578,0.4003152085354931,6.089084625244141,15.285411886870861,18.72150593996048,20.14617955684662,0.4003152085354931
0.0,0.5172003661956573,9.876018524169922,0.2649623001217059,0.7461907330173753,0.0,0.7461907330173753,0.1977124129497855,0.0562475211918354,1885.2419432214497,0.0336417704141139,0.8076105415821075,7.930694371461868,3.0,3.0,8.738304913043976,2.5874086022377014,28.80232334136963,0.213895346969366,103,0.7461907330173753,,1885.2419432214497,0.0336417704141139,1.9567041397094729,0.0924218769679871,7.930694371461868,3.0,8.738304913043976,11.72951889038086,7.134796142578125,103,26.214914739131927,c4bef4cc9b0c7f8a,15.021505888551474,14.213895346969366,0.8076105415821075,3.0,2.5874086022377014,28.80232334136963,0.213895346969366,1.9567041397094729,0.0924218769679871,7.930694371461868,3.0,8.738304913043976,11.72951889038086,7.134796142578125,26.214914739131927,14.213895346969366,15.021505888551474,3,26.214914739131927,0.0924218769679871,1.9567041397094729,15.694865971803665,14.213895346969366,15.021505888551474,0.0924218769679871
0.0,0.5389726900733804,14.671202659606934,0.0507911892151338,3.5817891753960764,0.0,3.5817891753960764,0.1819233317362603,0.0623697116971015,2808.230179624736,0.0114101434470117,0.575228825211525,5.879292751351993,3.0,3.0,6.4545215765635175,8.417436599731445,27.781001329422,4.603583216667175,104,3.5817891753960764,"ood:cond:pp:2808.23 outside [505.725,2097.14]",2808.230179624736,0.0114101434470117,0.9926645755767822,0.0891202885276874,5.879292751351993,3.0,6.4545215765635175,15.15957260131836,5.270094394683838,104,19.36356472969055,0f82ff64d5035b9f,19.1788120418787,18.60358321666717,0.575228825211525,3.0,8.417436599731445,27.781001329422,4.603583216667175,0.9926645755767822,0.0891202885276874,5.879292751351993,3.0,6.4545215765635175,15.15957260131836,5.270094394683838,19.36356472969055,18.60358321666717,19.1788120418787,3,19.363564729690555,0.0891202885276874,0.9926645755767822,18.09921896457672,18.603583216667175,19.1788120418787,0.08912028852768748
0.0,0.5790890750327365,9.759100914001465,0.4390371492929655,0.5730523617364838,0.0,0.5730523617364838,0.2515912752923871,0.0566772110760211,990.241351435855,0.0569599941549301,0.5738365650177002,3.404632680118084,3.0,3.0,3.978469245135784,8.272406578063965,20.20781431347132,0.1695606112480163,105,0.5730523617364838,,990.241351435855,0.0569599941549301,0.9878652095794678,0.1442355161396039,3.404632680118084,3.0,3.978469245135784,12.537793159484863,3.2484066486358643,105,11.935407735407352,278f4fe4e786f560,14.743397176265717,14.169560611248016,0.5738365650177002,3.0,8.272406578063965,20.20781431347132,0.1695606112480163,0.9878652095794678,0.1442355161396039,3.404632680118084,3.0,3.978469245135784,12.537793159484863,3.2484066486358643,11.935407735407352,14.169560611248016,14.743397176265717,3,11.935407735407356,0.1442355161396039,0.9878652095794678,14.240110445767643,14.169560611248016,14.743397176265717,0.14423551613960392
0.0,0.5138568404785574,7.78649377822876,0.2816237692900873,0.8325643991992971,0.0,0.8325643991992971,0.234469924279243,0.0572659373283386,580.1842901034839,0.0807156564822196,1.2673984169960022,7.092591106891632,3.0,3.0,8.359989523887634,2.6132458448410034,27.693214416503903,4.624083042144775,106,0.8325643991992971,,580.1842901034839,0.0807156564822196,4.8188958168029785,0.1516028714359711,7.092591106891632,3.0,8.359989523887634,11.606934547424316,6.825902938842773,106,25.079968571662903,96dd19029c03545e,19.891481459140778,18.624083042144772,1.2673984169960022,3.0,2.6132458448410034,27.693214416503903,4.624083042144775,4.8188958168029785,0.1516028714359711,7.092591106891632,3.0,8.359989523887634,11.606934547424316,6.825902938842773,25.079968571662903,18.624083042144772,19.891481459140778,3,25.0799685716629,0.1516028714359711,4.8188958168029785,15.153230130672453,18.624083042144775,19.891481459140778,0.1516028714359711
0.0,0.6762978479718355,19.071313858032227,0.1142732009225412,3.232648488006895,0.0,3.232648488006895,0.3694050901819611,0.0517629757523536,2614.945058161139,0.0130927533961534,1.3656321167945862,4.608791435758273,3.0,3.0,5.974423552552859,2.56357479095459,20.486845448613167,1.3650104403495789,107,3.232648488006895,"ood:cond:pp:2614.95 outside [505.725,2097.14]",2614.945058161139,0.0130927533961534,5.594852447509766,0.2285797290369636,4.608791435758273,3.0,5.974423552552859,9.22081470489502,4.878096580505371,107,17.923270657658577,d4fe78866e08748d,16.730642557144165,15.36501044034958,1.3656321167945862,3.0,2.56357479095459,20.486845448613167,1.3650104403495789,5.594852447509766,0.2285797290369636,4.608791435758273,3.0,5.974423552552859,9.22081470489502,4.878096580505371,17.923270657658577,15.36501044034958,16.730642557144165,3,17.923270657658577,0.2285797290369636,5.594852447509766,11.525210119783878,15.365010440349579,16.730642557144165,0.22857972903696364
0.0,0.5589902787091278,11.168621063232422,1.3053068947219428,0.2342182286936656,0.0,0.2342182286936656,0.3057266687834025,0.037619911134243,2218.1830970886945,0.094720447881937,1.4631359577178955,4.241072177886963,3.0,3.0,5.704208135604858,9.757648944854736,26.87027335166931,0.5998818948864937,108,0.2342182286936656,"ood:cond:pp:2218.18 outside [505.725,2097.14]",2218.1830970886945,0.094720447881937,6.422300338745117,0.2565011519452119,4.241072177886963,3.0,5.704208135604858,16.193424224853516,4.657466411590576,108,17.112624406814575,2baf7bdec5bcd7f2,16.06301785260439,14.599881894886494,1.4631359577178955,3.0,9.757648944854736,26.87027335166931,0.5998818948864937,6.422300338745117,0.2565011519452119,4.241072177886963,3.0,5.704208135604858,16.193424224853516,4.657466411590576,17.112624406814575,14.599881894886494,16.06301785260439,3,17.112624406814575,0.2565011519452119,6.422300338745117,18.313961148262024,14.599881894886494,16.06301785260439,0.2565011519452119
0.0,0.4964438603311745,7.413829326629639,0.2734561968731318,0.8932917699587952,0.0,0.8932917699587952,0.2442761701110007,0.0547364503145217,509.3897020517048,0.0887566031532287,0.5284441560506821,7.498329455653826,3.0,3.0,8.026773611704508,4.761324882507324,28.84164571762085,4.871671497821808,109,0.8932917699587952,,509.3897020517048,0.0887566031532287,0.8377597332000732,0.0658351887837117,7.498329455653826,3.0,8.026773611704508,13.052319526672363,6.5538330078125,109,24.080320835113525,628bd9bd88e39eda,19.40011565387249,18.871671497821808,0.5284441560506821,3.0,4.761324882507324,28.84164571762085,4.871671497821808,0.8377597332000732,0.0658351887837117,7.498329455653826,3.0,8.026773611704508,13.052319526672363,6.5538330078125,24.080320835113525,18.871671497821808,19.40011565387249,3,24.080320835113525,0.0658351887837117,0.8377597332000732,16.801485300064087,18.871671497821808,19.40011565387249,0.06583518878371175
0.0,0.5611099342449525,13.072729110717772,1.2006430732719215,0.2055606651549104,0.0,0.2055606651549104,0.2468049887554121,0.0355867147445678,2864.428382033765,0.0909915194911956,1.45965975522995,5.360909799734752,3.0,3.0,6.820569554964702,7.11267614364624,27.574384808540344,4.630858898162842,110,0.2055606651549104,"ood:cond:pp:2864.43 outside [505.725,2097.14]",2864.428382033765,0.0909915194911956,6.391820907592773,0.2140084846972144,5.360909799734752,3.0,6.820569554964702,14.66307544708252,5.568971633911133,110,20.461708664894104,6a7e8394aad3caba,20.09051865339279,18.63085889816284,1.45965975522995,3.0,7.11267614364624,27.574384808540344,4.630858898162842,6.391820907592773,0.2140084846972144,5.360909799734752,3.0,6.820569554964702,14.66307544708252,5.568971633911133,20.461708664894104,18.63085889816284,20.09051865339279,3,20.461708664894104,0.2140084846972144,6.391820907592773,17.343530476093292,18.630858898162842,20.09051865339279,0.21400848469721442
0.0,0.7191784690951709,75.09291076660156,0.0018742410198874,98.22466063679371,0.0,98.22466063679371,0.1840966881299993,0.1033287346363067,2791.751849141836,0.0042479955437853,1.4797994494438171,6.619406044483185,3.0,3.0,8.099205493927002,4.831265211105347,29.128881692886356,1.3235405087471008,111,98.22466063679371,"ood:cond:pp:2791.75 outside [505.725,2097.14]",2791.751849141836,0.0042479955437853,6.569419860839844,0.1827092114841894,6.619406044483185,3.0,8.099205493927002,13.670369148254396,6.612973213195801,111,24.29761648178101,89e61a97b6e28fba,16.803339958190918,15.3235405087471,1.4797994494438171,3.0,4.831265211105347,29.128881692886356,1.3235405087471008,6.569419860839844,0.1827092114841894,6.619406044483185,3.0,8.099205493927002,13.670369148254396,6.612973213195801,24.29761648178101,15.3235405087471,16.803339958190918,3,24.29761648178101,0.1827092114841894,6.569419860839844,16.98007345199585,15.3235405087471,16.803339958190918,0.1827092114841894
0.0,0.6306116047554653,14.531864166259766,0.1626688069658415,1.909194622161573,0.0,1.909194622161573,0.3105664114526237,0.0507162660360336,2911.1536293482777,0.0148332981518208,0.9955380260944366,2.575961194932461,3.0,3.0,3.571499221026897,9.513265132904053,20.227762795984745,1.793956607580185,112,1.909194622161573,"ood:cond:pp:2911.15 outside [505.725,2097.14]",2911.1536293482777,0.0148332981518208,2.973287582397461,0.2787451332015673,2.575961194932461,3.0,3.571499221026897,13.582531929016112,2.91611647605896,112,10.714497663080692,29c14e5d5712bf31,16.78949463367462,15.793956607580183,0.9955380260944366,3.0,9.513265132904053,20.227762795984745,1.793956607580185,2.973287582397461,0.2787451332015673,2.575961194932461,3.0,3.571499221026897,13.582531929016112,2.91611647605896,10.714497663080692,15.793956607580183,16.78949463367462,3,10.714497663080692,0.2787451332015673,2.973287582397461,14.870513964444399,15.793956607580185,16.78949463367462,0.2787451332015674
0.0,0.5893886929775335,17.461803436279297,0.0546181527444693,4.028103087820948,0.0,4.028103087820948,0.2200075497210729,0.0598716512322425,2815.03635284394,0.0113012771326601,0.5996877327561378,7.3647875015934305,3.0,3.0,7.964475234349568,3.26503849029541,27.15846419334412,3.977100253105164,113,4.028103087820948,"ood:cond:pp:2815.04 outside [505.725,2097.14]",2815.03635284394,0.0113012771326601,1.078876256942749,0.0752953226811197,7.3647875015934305,3.0,7.964475234349568,11.52935791015625,6.502967357635498,113,23.893425703048703,e88f291c34f5d274,18.5767879858613,17.977100253105164,0.5996877327561378,3.0,3.26503849029541,27.15846419334412,3.977100253105164,1.078876256942749,0.0752953226811197,7.3647875015934305,3.0,7.964475234349568,11.52935791015625,6.502967357635498,23.893425703048703,17.977100253105164,18.5767879858613,3,23.89342570304871,0.0752953226811197,1.078876256942749,15.211751341819765,17.977100253105164,18.5767879858613,0.07529532268111978
0.0,0.5004617639105227,8.468401908874512,0.0520341177334033,4.0140796673778185,0.0,4.0140796673778185,0.2088690940035978,0.0683472529053688,583.3515767200067,0.025705035135746,1.0119235515594482,5.952210704485576,3.0,3.0,6.964134256045024,8.928025722503662,29.820428490638733,0.44669970870018,114,4.0140796673778185,,583.3515767200067,0.025705035135746,3.071968078613281,0.1453050033722535,5.952210704485576,3.0,6.964134256045024,16.398120880126953,5.686191558837891,114,20.89240276813507,433b431f168e94f4,15.458623260259628,14.44669970870018,1.0119235515594482,3.0,8.928025722503662,29.820428490638733,0.44669970870018,3.071968078613281,0.1453050033722535,5.952210704485576,3.0,6.964134256045024,16.398120880126953,5.686191558837891,20.89240276813507,14.44669970870018,15.458623260259628,3,20.89240276813507,0.1453050033722535,3.071968078613281,19.374227106571198,14.44669970870018,15.458623260259628,0.1453050033722535
0.0,0.623152773245864,13.728434562683104,1.9712897679367276,0.1500756051751001,0.0,0.1500756051751001,0.295842504898587,0.0330643318593502,2711.15688136667,0.0948546573383808,0.7082001119852066,3.658570249875386,3.0,3.0,4.366770361860593,7.710564136505127,20.810875222086903,4.207236170768738,115,0.1500756051751001,"ood:cond:pp:2711.16 outside [505.725,2097.14]",2711.15688136667,0.0948546573383808,1.5046422481536863,0.1621793804800527,3.658570249875386,3.0,4.366770361860593,12.431434631347656,3.565453052520752,115,13.10031108558178,3f450482c000ab4d,18.915436282753944,18.207236170768734,0.7082001119852066,3.0,7.710564136505127,20.810875222086903,4.207236170768738,1.5046422481536863,0.1621793804800527,3.658570249875386,3.0,4.366770361860593,12.431434631347656,3.565453052520752,13.10031108558178,18.207236170768734,18.915436282753944,3,13.100311085581776,0.1621793804800527,1.5046422481536863,14.260719679296015,18.207236170768738,18.915436282753944,0.16217938048005273
0.0,0.5494884360532043,12.478386878967283,1.402156654051947,0.1661472255556552,0.0,0.1661472255556552,0.2329644378651316,0.0362561121582984,2468.4593645213245,0.0931215839700698,1.493552029132843,6.302008171876271,3.0,3.0,7.795560201009114,3.6223690509796143,27.00904965400696,1.0863928496837616,116,0.1661472255556552,"ood:cond:pp:2468.46 outside [505.725,2097.14]",2468.4593645213245,0.0931215839700698,6.692091941833496,0.1915900834092085,6.302008171876271,3.0,7.795560201009114,12.164706230163574,6.365048408508301,116,23.386680603027344,c745971588da2600,16.579944878816605,15.086392849683762,1.493552029132843,3.0,3.6223690509796143,27.00904965400696,1.0863928496837616,6.692091941833496,0.1915900834092085,6.302008171876271,3.0,7.795560201009114,12.164706230163574,6.365048408508301,23.386680603027344,15.086392849683762,16.579944878816605,3,23.386680603027347,0.1915900834092085,6.692091941833496,15.315709352493288,15.086392849683762,16.579944878816605,0.19159008340920858
0.0,0.5343174499003732,12.794560432434082,0.0289953860179347,4.620741435041637,0.0,4.620741435041637,0.133980181598098,0.0660737603902816,1469.3814741788806,0.0121943765859007,1.2725173830986023,5.398973723252614,3.0,3.0,6.671491106351216,9.378040313720703,29.392513632774357,3.5216841101646423,117,4.620741435041637,,1469.3814741788806,0.0121943765859007,4.857901573181152,0.1907395757280068,5.398973723252614,3.0,6.671491106351216,16.685791015625,5.447249412536621,117,20.01447331905365,fb65e54651b554d8,18.794201493263245,17.521684110164642,1.2725173830986023,3.0,9.378040313720703,29.392513632774357,3.5216841101646423,4.857901573181152,0.1907395757280068,5.398973723252614,3.0,6.671491106351216,16.685791015625,5.447249412536621,20.01447331905365,17.521684110164642,18.794201493263245,3,20.014473319053653,0.1907395757280068,4.857901573181152,19.385276973247528,17.521684110164642,18.794201493263245,0.1907395757280069
0.0,0.6279005318807923,15.179636001586914,0.0295142447252505,5.005140099350448,0.0,5.005140099350448,0.1477229297763941,0.0646732673048973,1023.9928885200172,0.0141268982754647,1.0399644374847412,5.119308710098267,3.0,3.0,6.159273147583008,5.331515789031982,23.80933523178101,4.783253967761993,118,5.005140099350448,,1023.9928885200172,0.0141268982754647,3.244578123092652,0.1688453186871309,5.119308710098267,3.0,6.159273147583008,12.010769844055176,5.029025077819824,118,18.477819442749023,46664de4eea40f6b,19.82321840524673,18.783253967761997,1.0399644374847412,3.0,5.331515789031982,23.80933523178101,4.783253967761993,3.244578123092652,0.1688453186871309,5.119308710098267,3.0,6.159273147583008,12.010769844055176,5.029025077819824,18.477819442749023,18.783253967761997,19.82321840524673,3,18.477819442749027,0.1688453186871309,3.244578123092652,14.570425510406496,18.783253967761993,19.823218405246735,0.16884531868713096
0.0,0.5584751224460681,9.0143461227417,0.7500691943054966,0.305324885761182,0.0,0.305324885761182,0.2290147910643075,0.0481830090284347,1085.1219020850062,0.0919156260313987,1.4146985411643982,4.400147000948588,3.0,3.0,5.8148455421129865,5.774580001831055,23.219116628170013,1.5668122470378876,119,0.305324885761182,,1085.1219020850062,0.0919156260313987,6.004116058349609,0.2432908201806385,4.400147000948588,3.0,5.8148455421129865,12.296774864196776,4.747801303863525,119,17.44453662633896,656677bbc5910b75,16.981510788202286,15.566812247037888,1.4146985411643982,3.0,5.774580001831055,23.219116628170013,1.5668122470378876,6.004116058349609,0.2432908201806385,4.400147000948588,3.0,5.8148455421129865,12.296774864196776,4.747801303863525,17.44453662633896,15.566812247037888,16.981510788202286,3,17.44453662633896,0.2432908201806385,6.004116058349609,14.496848315000534,15.566812247037888,16.981510788202286,0.24329082018063852
0.0,0.5873477240173381,10.086020469665527,1.0699233161010209,0.2460483316772905,0.0,0.2460483316772905,0.2632528469492905,0.0445583947002887,1422.7893504035474,0.0898990972135067,0.773196667432785,5.676807115475337,3.0,3.0,6.450003782908122,2.8495731949806213,22.199584543704987,3.04461270570755,120,0.2460483316772905,,1422.7893504035474,0.0898990972135067,1.79349946975708,0.1198753820085626,5.676807115475337,3.0,6.450003782908122,9.686175346374512,5.266406059265137,120,19.350011348724365,82be7bff8a2369a8,17.817809373140335,17.04461270570755,0.773196667432785,3.0,2.8495731949806213,22.199584543704987,3.04461270570755,1.79349946975708,0.1198753820085626,5.676807115475337,3.0,6.450003782908122,9.686175346374512,5.266406059265137,19.350011348724365,17.04461270570755,17.817809373140335,3,19.350011348724365,0.1198753820085626,1.79349946975708,12.524578869342804,17.04461270570755,17.817809373140335,0.11987538200856261
0.0,0.6799069007297399,42.708377838134766,0.0063127596758134,38.9842984713141,0.0,38.9842984713141,0.2460985073795867,0.0780528709292411,754.977550389506,0.0083133727539479,0.6062927395105362,5.7972889592250185,3.0,3.0,6.403581698735555,3.727697730064392,22.938442826271057,1.4399917423725128,121,38.9842984713141,,754.977550389506,0.0083133727539479,1.10277259349823,0.0946802536508988,5.7972889592250185,3.0,6.403581698735555,10.434425354003906,5.22850227355957,121,19.210745096206665,e5d534a12e7b4b54,16.04628448188305,15.439991742372513,0.6062927395105362,3.0,3.727697730064392,22.938442826271057,1.4399917423725128,1.10277259349823,0.0946802536508988,5.7972889592250185,3.0,6.403581698735555,10.434425354003906,5.22850227355957,19.210745096206665,15.439991742372513,16.04628448188305,3,19.210745096206665,0.0946802536508988,1.10277259349823,13.333070278167725,15.439991742372513,16.04628448188305,0.09468025365089887
0.0,0.5236311682322686,8.839655876159668,0.7000451212749085,0.3129090606634542,0.0,0.3129090606634542,0.2190504613201655,0.047933243215084,1250.6335584273636,0.0921787077238559,0.5636802092194557,7.545847696562609,3.0,3.0,8.109527905782064,4.744447231292725,29.07303094863892,0.7547415047883987,122,0.3129090606634542,,1250.6335584273636,0.0921787077238559,0.953206181526184,0.0695083876359256,7.545847696562609,3.0,8.109527905782064,13.135815620422363,6.621401309967041,122,24.32858371734619,62a74ce99ba3f676,15.318421714007854,14.7547415047884,0.5636802092194557,3.0,4.744447231292725,29.07303094863892,0.7547415047883987,0.953206181526184,0.0695083876359256,7.545847696562609,3.0,8.109527905782064,13.135815620422363,6.621401309967041,24.32858371734619,14.7547415047884,15.318421714007854,3,24.328583717346195,0.0695083876359256,0.953206181526184,16.90873908996582,14.754741504788399,15.318421714007854,0.06950838763592561
0.0,0.5696395786466217,12.908546447753906,1.0141166589546988,0.2506382707145899,0.0,0.2506382707145899,0.2541764457032633,0.0364925861358642,2976.652640499651,0.0716239063129425,0.8715303242206573,4.452558646599452,3.0,3.0,5.324088970820109,8.975534915924072,24.9478018283844,1.7531229555606842,123,0.2506382707145899,"ood:cond:pp:2976.65 outside [505.725,2097.14]",2976.652640499651,0.0716239063129425,2.278695106506348,0.1636956724422298,4.452558646599452,3.0,5.324088970820109,14.735389709472656,4.347100734710693,123,15.972266912460327,4eac61ff40ec4437,16.62465327978134,15.753122955560684,0.8715303242206573,3.0,8.975534915924072,24.9478018283844,1.7531229555606842,2.278695106506348,0.1636956724422298,4.452558646599452,3.0,5.324088970820109,14.735389709472656,4.347100734710693,15.972266912460327,15.753122955560684,16.62465327978134,3,15.972266912460327,0.1636956724422298,2.278695106506348,16.961668372154236,15.753122955560684,16.62465327978134,0.16369567244222988
0.0,0.5283633946216472,12.467977523803713,1.1018092026060298,0.2112702926737572,0.0,0.2112702926737572,0.2327795527052149,0.0377623811364173,2704.148681469917,0.0866934356837272,1.3602067828178406,7.37507269779841,3.0,3.0,8.735279480616251,3.034770369529724,29.24060881137848,3.635838329792023,124,0.2112702926737572,"ood:cond:pp:2704.15 outside [505.725,2097.14]",2704.148681469917,0.0866934356837272,5.550487995147705,0.1557141687150554,7.37507269779841,3.0,8.735279480616251,12.450153350830078,7.132325649261475,124,26.205838441848755,e3241c2af04bb19b,18.996045112609863,17.635838329792023,1.3602067828178406,3.0,3.034770369529724,29.24060881137848,3.635838329792023,5.550487995147705,0.1557141687150554,7.37507269779841,3.0,8.735279480616251,12.450153350830078,7.132325649261475,26.205838441848755,17.635838329792023,18.996045112609863,3,26.205838441848755,0.1557141687150554,5.550487995147705,16.1376895904541,17.635838329792023,18.996045112609863,0.15571416871505542
0.0,0.5292640383730538,8.01523494720459,0.393441465421729,0.712831221330525,0.0,0.712831221330525,0.2804573603186426,0.0560980327427387,655.0844450823217,0.0760776061582565,1.28460955619812,2.821074455976486,3.0,3.0,4.105684012174606,9.988842010498049,22.305894047021862,0.4056863859295845,125,0.712831221330525,,655.0844450823217,0.0760776061582565,4.95066499710083,0.3128856366902228,2.821074455976486,3.0,4.105684012174606,14.736830711364746,3.3522768020629883,125,12.31705203652382,20c134188853f867,15.690295942127705,14.405686385929585,1.28460955619812,3.0,9.988842010498049,22.305894047021862,0.4056863859295845,4.95066499710083,0.3128856366902228,2.821074455976486,3.0,4.105684012174606,14.736830711364746,3.3522768020629883,12.31705203652382,14.405686385929585,15.690295942127705,3,12.317052036523814,0.3128856366902228,4.95066499710083,16.147368028759956,14.405686385929585,15.690295942127705,0.31288563669022273
0.0,0.5018427039142477,7.407226085662842,0.3640393830883457,0.7828221311141632,0.0,0.7828221311141632,0.2849780856787041,0.0551414862275123,644.2570453134254,0.0863319818062782,1.3934478163719175,4.0737752715746565,3.0,3.0,5.467223087946574,9.029476165771484,25.43114542961121,3.460907340049744,126,0.7828221311141632,,644.2570453134254,0.0863319818062782,5.8250908851623535,0.2548730487043799,4.0737752715746565,3.0,5.467223087946574,15.1934232711792,4.463968753814697,126,16.40166926383972,8f4d5bfdfa05066a,18.85435515642166,17.460907340049744,1.3934478163719175,3.0,9.029476165771484,25.43114542961121,3.460907340049744,5.8250908851623535,0.2548730487043799,4.0737752715746565,3.0,5.467223087946574,15.1934232711792,4.463968753814697,16.40166926383972,17.460907340049744,18.85435515642166,3,16.401669263839725,0.2548730487043799,5.8250908851623535,17.230310797691345,17.460907340049744,18.85435515642166,0.2548730487043799
0.0,0.5266625722078677,11.301514625549316,0.2830281840491515,0.7229013836072041,0.0,0.7229013836072041,0.204601465848966,0.0504930019378662,2706.650303934812,0.0261294379219412,1.0434589385986328,5.965623259544373,3.0,3.0,7.009082198143005,4.814345359802246,25.841591954231266,0.0695062149316072,127,0.7229013836072041,"ood:cond:pp:2706.65 outside [505.725,2097.14]",2706.650303934812,0.0261294379219412,3.2664194107055664,0.148872407128438,5.965623259544373,3.0,7.009082198143005,12.3451566696167,5.722891330718994,127,21.027246594429016,7a50ee44426eb818,15.11296515353024,14.069506214931607,1.0434589385986328,3.0,4.814345359802246,25.841591954231266,0.0695062149316072,3.2664194107055664,0.148872407128438,5.965623259544373,3.0,7.009082198143005,12.3451566696167,5.722891330718994,21.027246594429016,14.069506214931607,15.11296515353024,3,21.02724659442902,0.148872407128438,3.2664194107055664,15.327968657016756,14.069506214931607,15.11296515353024,0.14887240712843802
0.0,0.5960335994908815,35.71442031860352,0.0094408082382002,21.613645368001052,0.0,21.613645368001052,0.204050281247763,0.0811271369457244,2897.2769683898687,0.0071117906147837,1.4913508892059326,3.968613147735596,3.0,3.0,5.459964036941528,8.197052001953125,24.57694411277771,3.3005130290985107,128,21.613645368001052,"ood:cond:pp:2897.28 outside [505.725,2097.14]",2897.2769683898687,0.0071117906147837,6.672382354736328,0.2731429875939865,3.968613147735596,3.0,5.459964036941528,14.402691841125488,4.458042144775391,128,16.379892110824585,1ffd56d650c06229,18.791863918304443,17.30051302909851,1.4913508892059326,3.0,8.197052001953125,24.57694411277771,3.3005130290985107,6.672382354736328,0.2731429875939865,3.968613147735596,3.0,5.459964036941528,14.402691841125488,4.458042144775391,16.379892110824585,17.30051302909851,18.791863918304443,3,16.379892110824585,0.2731429875939865,6.672382354736328,16.386998057365417,17.30051302909851,18.791863918304443,0.27314298759398653
0.0,0.6961991092972941,25.119529724121094,0.057554549839895,7.102021082339427,0.0,7.102021082339427,0.4087536263474903,0.0589444153010845,2936.364596416354,0.0102610341183841,0.7562040090560913,4.776771537959576,3.0,3.0,5.532975547015667,3.8599621057510376,20.45888874679804,4.426998496055603,129,7.102021082339427,"ood:cond:pp:2936.36 outside [505.725,2097.14]",2936.364596416354,0.0102610341183841,1.7155334949493408,0.1366722123801842,4.776771537959576,3.0,5.532975547015667,9.771039009094238,4.517655372619629,129,16.598926641047,9d8cda4c1927db53,19.18320250511169,18.426998496055603,0.7562040090560913,3.0,3.8599621057510376,20.45888874679804,4.426998496055603,1.7155334949493408,0.1366722123801842,4.776771537959576,3.0,5.532975547015667,9.771039009094238,4.517655372619629,16.598926641047,18.426998496055603,19.18320250511169,3,16.598926641047,0.1366722123801842,1.7155334949493408,12.159425426274538,18.426998496055603,19.183202505111694,0.13667221238018423
0.0,0.5995498765361797,14.03531551361084,1.205135901512959,0.2408200058179841,0.0,0.2408200058179841,0.2902208348138124,0.033816322684288,2803.286249370694,0.0884632752883434,0.5086679300293326,5.819415585137904,3.0,3.0,6.328083515167236,9.968350410461426,28.95260095596313,0.454891063272953,130,0.2408200058179841,"ood:cond:pp:2803.29 outside [505.725,2097.14]",2803.286249370694,0.0884632752883434,0.7762292623519897,0.0803826196051538,5.819415585137904,3.0,6.328083515167236,16.55076789855957,5.166858673095703,130,18.98425054550171,0b2d674b4586c60b,14.963558993302286,14.454891063272951,0.5086679300293326,3.0,9.968350410461426,28.95260095596313,0.454891063272953,0.7762292623519897,0.0803826196051538,5.819415585137904,3.0,6.328083515167236,16.55076789855957,5.166858673095703,18.98425054550171,14.454891063272951,14.963558993302286,3,18.984250545501705,0.0803826196051538,0.7762292623519897,19.46047568321228,14.454891063272953,14.963558993302286,0.08038261960515383
0.0,0.592182650483619,16.77861785888672,0.0161857554185659,6.171058084004339,0.0,6.171058084004339,0.0998832368214583,0.0694312304258346,873.7143261156828,0.0116227415254116,1.1656904220581057,7.633800745010376,3.0,3.0,8.799491167068481,2.5014607906341557,28.8999342918396,3.759086728096008,131,6.171058084004339,,873.7143261156828,0.0116227415254116,4.076502323150635,0.1324724805021255,7.633800745010376,3.0,8.799491167068481,11.883796691894531,7.184754371643066,131,26.398473501205444,a205b3d42aa6e763,18.924777150154117,17.75908672809601,1.1656904220581057,3.0,2.5014607906341557,28.8999342918396,3.759086728096008,4.076502323150635,0.1324724805021255,7.633800745010376,3.0,8.799491167068481,11.883796691894531,7.184754371643066,26.398473501205444,17.75908672809601,18.924777150154117,3,26.398473501205444,0.1324724805021255,4.076502323150635,15.700697541236877,17.75908672809601,18.924777150154114,0.1324724805021256
0.0,0.7274704302755237,68.15521240234375,0.0021313712300817,129.18065037009296,0.0,129.18065037009296,0.2753319216820667,0.094756081700325,2057.673273421943,0.0050934624684229,0.6078747063875198,4.166100050012271,3.0,3.0,4.773974756399791,8.31686544418335,22.63878971338272,2.624545395374298,132,129.18065037009296,,2057.673273421943,0.0050934624684229,1.1085349321365356,0.127330942747996,4.166100050012271,3.0,4.773974756399791,13.39477825164795,3.8979341983795166,132,14.321924269199371,4e1016ac60d4500b,17.232420101761818,16.624545395374298,0.6078747063875198,3.0,8.31686544418335,22.63878971338272,2.624545395374298,1.1085349321365356,0.127330942747996,4.166100050012271,3.0,4.773974756399791,13.39477825164795,3.8979341983795166,14.321924269199371,16.624545395374298,17.232420101761818,3,14.321924269199371,0.127330942747996,1.1085349321365356,15.477827578783035,16.624545395374298,17.232420101761818,0.12733094274799597
0.0,0.5321922959830099,8.779851913452148,0.68135152460826,0.3968180544199896,0.0,0.3968180544199896,0.2703725863711434,0.0502942353487014,1483.0094297424853,0.0742071152312755,1.4943711161613464,3.175618728001912,3.0,3.0,4.669989844163259,9.86269474029541,23.872664272785187,2.8094711899757385,133,0.3968180544199896,,1483.0094297424853,0.0742071152312755,6.699435710906982,0.3199945109150658,3.175618728001912,3.0,4.669989844163259,15.27987003326416,3.81303071975708,133,14.009969532489777,5b31f46483f99abc,18.303842306137085,16.80947118997574,1.4943711161613464,3.0,9.86269474029541,23.872664272785187,2.8094711899757385,6.699435710906982,0.3199945109150658,3.175618728001912,3.0,4.669989844163259,15.27987003326416,3.81303071975708,14.009969532489777,16.80947118997574,18.303842306137085,3,14.009969532489777,0.3199945109150658,6.699435710906982,16.8676795065403,16.80947118997574,18.303842306137085,0.3199945109150658
0.0,0.5295248811448511,11.775063514709473,0.0751059823406297,2.1682313142299297,0.0,2.1682313142299297,0.1628471427969534,0.0595362819731235,1756.1849528015257,0.0181068974489569,0.74968022108078,7.464810709158579,3.0,3.0,8.214490930239359,5.311731338500977,29.95520412921905,3.149026334285736,134,2.1682313142299297,,1756.1849528015257,0.0181068974489569,1.6860612630844116,0.0912631382087283,7.464810709158579,3.0,8.214490930239359,13.90106201171875,6.707103729248047,134,24.64347279071808,315a76cb8ec75efd,17.898706555366516,17.149026334285736,0.74968022108078,3.0,5.311731338500977,29.95520412921905,3.149026334285736,1.6860612630844116,0.0912631382087283,7.464810709158579,3.0,8.214490930239359,13.90106201171875,6.707103729248047,24.64347279071808,17.149026334285736,17.898706555366516,3,24.643472790718075,0.0912631382087283,1.6860612630844116,17.633467733860016,17.149026334285736,17.898706555366516,0.09126313820872833
0.0,0.5173023753366638,8.65450668334961,0.2605057275626968,0.7777383308059862,0.0,0.7777383308059862,0.2026052897200108,0.0634247884154319,809.4181838836521,0.0578242603566646,1.4847881197929382,5.679494480292003,3.0,3.0,7.164282600084941,5.828189849853516,27.321037650108337,0.2867466025054455,135,0.7777383308059862,,809.4181838836521,0.0578242603566646,6.61378812789917,0.2072486810857146,5.679494480292003,3.0,7.164282600084941,13.73486614227295,5.849611759185791,135,21.492847800254825,105679dc54785c04,15.771534722298384,14.286746602505444,1.4847881197929382,3.0,5.828189849853516,27.321037650108337,0.2867466025054455,6.61378812789917,0.2072486810857146,5.679494480292003,3.0,7.164282600084941,13.73486614227295,5.849611759185791,21.492847800254825,14.286746602505444,15.771534722298384,3,21.492847800254822,0.2072486810857146,6.61378812789917,16.574613749980927,14.286746602505445,15.771534722298384,0.20724868108571462
0.0,0.6722266692107385,18.33250999450684,0.0390497239604176,6.411412007556896,0.0,6.411412007556896,0.2503638690916037,0.0624330453574657,1227.1799558689595,0.0128426151844859,1.2896504998207092,4.44732881585757,3.0,3.0,5.736979315678279,4.307713747024536,21.51865169405937,3.173801004886627,136,6.411412007556896,,1227.1799558689595,0.0128426151844859,4.989594459533691,0.2247960867309201,4.44732881585757,3.0,5.736979315678279,10.689518928527832,4.6842241287231445,136,17.210937947034836,b21396c5fe0c32a2,18.463451504707336,17.173801004886627,1.2896504998207092,3.0,4.307713747024536,21.51865169405937,3.173801004886627,4.989594459533691,0.2247960867309201,4.44732881585757,3.0,5.736979315678279,10.689518928527832,4.6842241287231445,17.210937947034836,17.173801004886627,18.463451504707336,3,17.210937947034832,0.2247960867309201,4.989594459533691,12.913182720541952,17.173801004886627,18.463451504707336,0.22479608673092014
0.0,0.4854821644841137,9.791593551635742,0.3914880194803658,0.6038471532409462,0.0,0.6038471532409462,0.2363989260911549,0.0500315017998218,2727.5622206069825,0.0394186479836702,1.4074535965919497,4.901476522286733,3.0,3.0,6.308930118878682,9.038126468658447,27.96491682529449,1.5506227314472198,137,0.6038471532409462,"ood:cond:pp:2727.56 outside [505.725,2097.14]",2727.5622206069825,0.0394186479836702,5.942776203155518,0.2230891086240313,4.901476522286733,3.0,6.308930118878682,16.050783157348633,5.151219367980957,137,18.926790356636047,499a8ef26b48944d,16.95807632803917,15.55062273144722,1.4074535965919497,3.0,9.038126468658447,27.96491682529449,1.5506227314472198,5.942776203155518,0.2230891086240313,4.901476522286733,3.0,6.308930118878682,16.050783157348633,5.151219367980957,18.926790356636047,15.55062273144722,16.95807632803917,3,18.926790356636044,0.2230891086240313,5.942776203155518,18.50152164697647,15.55062273144722,16.95807632803917,0.22308910862403142
0.0,0.5782545386163234,11.616682052612305,0.9886888767010829,0.2561978548495076,0.0,0.2561978548495076,0.2532999693243867,0.0424746088683605,2155.955461261928,0.0728249655487537,1.3819380402565002,4.977853904167811,3.0,3.0,6.359791944424312,2.572885036468506,21.65226086974144,4.961929023265839,138,0.2561978548495076,"ood:cond:pp:2155.96 outside [505.725,2097.14]",2155.955461261928,0.0728249655487537,5.729257583618164,0.2172929637215661,4.977853904167811,3.0,6.359791944424312,9.623645782470703,5.192748546600342,138,19.07937583327293,856069f52c3b6ee0,20.34386706352234,18.96192902326584,1.3819380402565002,3.0,2.572885036468506,21.65226086974144,4.961929023265839,5.729257583618164,0.2172929637215661,4.977853904167811,3.0,6.359791944424312,9.623645782470703,5.192748546600342,19.07937583327293,18.96192902326584,20.34386706352234,3,19.079375833272934,0.2172929637215661,5.729257583618164,12.112572953104973,18.96192902326584,20.34386706352234,0.2172929637215661
0.0,0.5221680826377915,8.229787826538086,0.1800220336194787,1.14187384073191,0.0,1.14187384073191,0.2055624509454432,0.0651088953018188,544.4938929418652,0.0565225671083927,0.7024748772382736,6.719708755612373,3.0,3.0,7.422183632850647,4.7225329875946045,26.989083886146545,2.04851433634758,139,1.14187384073191,,544.4938929418652,0.0565225671083927,1.4804129600524902,0.0946453108663485,6.719708755612373,3.0,7.422183632850647,12.495953559875488,6.060187816619873,139,22.26655089855194,bfa76b337a293a58,16.750989213585854,16.04851433634758,0.7024748772382736,3.0,4.7225329875946045,26.989083886146545,2.04851433634758,1.4804129600524902,0.0946453108663485,6.719708755612373,3.0,7.422183632850647,12.495953559875488,6.060187816619873,22.26655089855194,16.04851433634758,16.750989213585854,3,22.26655089855194,0.0946453108663485,1.4804129600524902,15.855808436870575,16.04851433634758,16.750989213585854,0.09464531086634854
0.0,0.5964928136824253,10.05533218383789,0.7987894545558802,0.3437443384511467,0.0,0.3437443384511467,0.2745793526180634,0.0473991967737674,1000.9227129727004,0.0862161150782108,1.3449667096138,4.647119030356407,3.0,3.0,5.992085739970207,3.0025521516799927,20.97880937159061,0.2756335772573948,140,0.3437443384511467,,1000.9227129727004,0.0862161150782108,5.4268059730529785,0.2244571870262469,4.647119030356407,3.0,5.992085739970207,9.667120933532717,4.892517566680908,140,17.97625721991062,8ea18cd89598a455,15.620600286871197,14.275633577257397,1.3449667096138,3.0,3.0025521516799927,20.97880937159061,0.2756335772573948,5.4268059730529785,0.2244571870262469,4.647119030356407,3.0,5.992085739970207,9.667120933532717,4.892517566680908,17.97625721991062,14.275633577257397,15.620600286871197,3,17.976257219910618,0.2244571870262469,5.4268059730529785,11.990680761635302,14.275633577257395,15.620600286871195,0.22445718702624692
0.0,0.5447496717180809,11.314480781555176,1.2962680725180449,0.1810287821899766,0.0,0.1810287821899766,0.2346618305596899,0.0386010892689228,2190.820746593475,0.0917432540063858,0.6047392040491104,7.419930522640547,3.0,3.0,8.024669726689657,3.056670904159546,27.13068008422852,1.2047366052865982,141,0.1810287821899766,"ood:cond:pp:2190.82 outside [505.725,2097.14]",2190.820746593475,0.0917432540063858,1.0971283912658691,0.0753600116448129,7.419930522640547,3.0,8.024669726689657,11.383709907531738,6.5521159172058105,141,24.07400918006897,c5a7e053039f7673,15.809475809335709,15.204736605286598,0.6047392040491104,3.0,3.056670904159546,27.13068008422852,1.2047366052865982,1.0971283912658691,0.0753600116448129,7.419930522640547,3.0,8.024669726689657,11.383709907531738,6.5521159172058105,24.07400918006897,15.204736605286598,15.809475809335709,3,24.074009180068973,0.0753600116448129,1.0971283912658691,15.093675494194033,15.204736605286598,15.809475809335709,0.07536001164481294
0.0,0.5542382838730151,11.03420352935791,0.0261300940161098,4.496164926433068,0.0,4.496164926433068,0.1174852122396317,0.0678455010056495,648.7182912441901,0.0173615834656953,1.4260308146476746,5.388990581035614,3.0,3.0,6.815021395683289,6.664938449859619,27.110002636909485,4.228248000144959,142,4.496164926433068,,648.7182912441901,0.0173615834656953,6.100692272186279,0.2092481786705671,5.388990581035614,3.0,6.815021395683289,14.192975044250488,5.564441680908203,142,20.445064187049866,b5433f0c825329d8,19.654278814792637,18.22824800014496,1.4260308146476746,3.0,6.664938449859619,27.110002636909485,4.228248000144959,6.100692272186279,0.2092481786705671,5.388990581035614,3.0,6.815021395683289,14.192975044250488,5.564441680908203,20.445064187049866,18.22824800014496,19.654278814792637,3,20.445064187049866,0.2092481786705671,6.100692272186279,16.887470543384552,18.22824800014496,19.654278814792633,0.20924817867056714
0.0,0.5123717643441779,9.877561569213867,0.9233118329174872,0.2591533715723682,0.0,0.2591533715723682,0.2392793745132298,0.0428086780011653,2037.9678677983284,0.0903465582344532,0.9167872965335846,6.714696854352951,3.0,3.0,7.631484150886536,6.976152420043945,29.870604872703552,3.4825772047042847,143,0.2591533715723682,,2037.9678677983284,0.0903465582344532,2.521496534347534,0.1201322414365602,6.714696854352951,3.0,7.631484150886536,15.06602954864502,6.231080532073975,143,22.894452452659607,2150aa092fdcb22f,18.39936450123787,17.482577204704285,0.9167872965335846,3.0,6.976152420043945,29.870604872703552,3.4825772047042847,2.521496534347534,0.1201322414365602,6.714696854352951,3.0,7.631484150886536,15.06602954864502,6.231080532073975,22.894452452659607,17.482577204704285,18.39936450123787,3,22.894452452659607,0.1201322414365602,2.521496534347534,18.42337864637375,17.482577204704285,18.39936450123787,0.12013224143656029
0.0,0.5511128927719495,9.80315113067627,0.137614274987031,1.635663450407988,0.0,1.635663450407988,0.2250906398506807,0.0633196532726287,1286.5274851093889,0.0270804815579056,0.5866174921393394,3.96639829625686,3.0,3.0,4.553015788396199,9.870581150054932,23.52962851524353,3.7003740668296814,144,1.635663450407988,,1286.5274851093889,0.0270804815579056,1.0323601961135864,0.1288415238168931,3.96639829625686,3.0,4.553015788396199,14.716906547546388,3.717522382736206,144,13.6590473651886,46d4d794bc5d0194,18.28699155896902,17.70037406682968,0.5866174921393394,3.0,9.870581150054932,23.52962851524353,3.7003740668296814,1.0323601961135864,0.1288415238168931,3.96639829625686,3.0,4.553015788396199,14.716906547546388,3.717522382736206,13.6590473651886,17.70037406682968,18.28699155896902,3,13.659047365188599,0.1288415238168931,1.0323601961135864,16.70010483264923,17.70037406682968,18.28699155896902,0.12884152381689315
0.0,0.4938178519791201,10.038040161132812,0.2648015503606964,0.854607889687934,0.0,0.854607889687934,0.226301494139848,0.0518854893743991,2843.319493067443,0.0273120375875234,0.5933739393949509,5.855083381136258,3.0,3.0,6.448457320531209,9.06586980819702,28.41124176979065,0.7867905497550964,145,0.854607889687934,"ood:cond:pp:2843.32 outside [505.725,2097.14]",2843.319493067443,0.0273120375875234,1.0562779903411863,0.0920179680038682,5.855083381136258,3.0,6.448457320531209,15.811015129089355,5.265143871307373,145,19.345371961593628,2788d057594b838d,15.380164489150047,14.786790549755096,0.5933739393949509,3.0,9.06586980819702,28.41124176979065,0.7867905497550964,1.0562779903411863,0.0920179680038682,5.855083381136258,3.0,6.448457320531209,15.811015129089355,5.265143871307373,19.345371961593628,14.786790549755096,15.380164489150047,3,19.345371961593628,0.0920179680038682,1.0562779903411863,18.738555788993835,14.786790549755096,15.380164489150047,0.09201796800386826
0.0,0.5191328220137713,8.97426986694336,0.6678632510829616,0.330998342174353,0.0,0.330998342174353,0.2210616289076339,0.0489818565547466,1443.1901053901015,0.084829222481966,0.6511860638856888,8.106012786428133,3.0,3.0,8.757198850313822,3.381805419921875,29.653401970863342,2.9438763856887817,146,0.330998342174353,,1443.1901053901015,0.084829222481966,1.272129774093628,0.0743600864861431,8.106012786428133,3.0,8.757198850313822,12.46459674835205,7.1502227783203125,146,26.271596550941467,ba117e1c8d10f401,17.59506244957447,16.94387638568878,0.6511860638856888,3.0,3.381805419921875,29.653401970863342,2.9438763856887817,1.272129774093628,0.0743600864861431,8.106012786428133,3.0,8.757198850313822,12.46459674835205,7.1502227783203125,26.271596550941467,16.94387638568878,17.59506244957447,3,26.271596550941467,0.0743600864861431,1.272129774093628,16.51760369539261,16.94387638568878,17.59506244957447,0.0743600864861431
0.0,0.6194675834733913,15.181976318359377,2.2536455865352845,0.1179536181500383,0.0,0.1179536181500383,0.265825650959702,0.0300194770097732,2832.2948422700165,0.0996542206075191,0.8295598924160004,6.081246544917424,3.0,3.0,6.910806437333425,2.6726828813552856,23.40510219335556,0.430217795073986,147,0.1179536181500383,"ood:cond:pp:2832.29 outside [505.725,2097.14]",2832.2948422700165,0.0996542206075191,2.0645089149475098,0.1200380736949262,6.081246544917424,3.0,6.910806437333425,9.998269081115724,5.6426496505737305,147,20.732419312000275,c1667ea2fa64d1c6,15.259777687489986,14.430217795073986,0.8295598924160004,3.0,2.6726828813552856,23.40510219335556,0.430217795073986,2.0645089149475098,0.1200380736949262,6.081246544917424,3.0,6.910806437333425,9.998269081115724,5.6426496505737305,20.732419312000275,14.430217795073986,15.259777687489986,3,20.732419312000275,0.1200380736949262,2.0645089149475098,13.038892537355423,14.430217795073986,15.259777687489986,0.12003807369492625
0.0,0.537856540788974,10.223281860351562,1.0841781317045756,0.2096430302148737,0.0,0.2096430302148737,0.2272903888232477,0.0418171510100364,2121.627575812161,0.0906282942335605,1.4196264743804932,5.997445106506348,3.0,3.0,7.417071580886841,4.3842079639434814,26.635422706604004,4.939514398574829,148,0.2096430302148737,"ood:cond:pp:2121.63 outside [505.725,2097.14]",2121.627575812161,0.0906282942335605,6.046018123626709,0.1913998616433403,5.997445106506348,3.0,7.417071580886841,12.511093139648438,6.056013107299805,148,22.25121474266052,215c080542f7943f,20.35914087295532,18.93951439857483,1.4196264743804932,3.0,4.3842079639434814,26.635422706604004,4.939514398574829,6.046018123626709,0.1913998616433403,5.997445106506348,3.0,7.417071580886841,12.511093139648438,6.056013107299805,22.25121474266052,18.93951439857483,20.35914087295532,3,22.251214742660522,0.1913998616433403,6.046018123626709,15.509815335273743,18.93951439857483,20.359140872955322,0.19139986164334036
0.0,0.5871274715442742,11.198216438293455,0.1189815451851572,1.8436409879606157,0.0,1.8436409879606157,0.2193592535142439,0.0595860071480274,1269.7880362606943,0.0214524951284527,1.3324885964393616,2.9346605638662977,3.0,3.0,4.267149160305659,9.122846603393556,21.92429408431053,0.1123050320893526,149,1.8436409879606157,,1269.7880362606943,0.0214524951284527,5.326577186584473,0.3122667022832439,2.9346605638662977,3.0,4.267149160305659,14.05624008178711,3.4841127395629883,149,12.801447480916975,45c3cabb052942ff,15.444793628528714,14.112305032089353,1.3324885964393616,3.0,9.122846603393556,21.92429408431053,0.1123050320893526,5.326577186584473,0.3122667022832439,2.9346605638662977,3.0,4.267149160305659,14.05624008178711,3.4841127395629883,12.801447480916975,14.112305032089353,15.444793628528714,3,12.801447480916975,0.3122667022832439,5.326577186584473,15.523570343852043,14.112305032089353,15.444793628528714,0.31226670228324394
0.0,0.5489623912261731,8.161684036254883,0.3503058327992792,0.8002835428480601,0.0,0.8002835428480601,0.2803439929529473,0.0581225082278251,558.0831113952156,0.0741115126309394,1.2305172085762024,2.54687624424696,3.0,3.0,3.777393452823162,8.828468799591064,20.16064915806055,4.391153156757355,150,0.8002835428480601,,558.0831113952156,0.0741115126309394,4.542517185211182,0.3257582838389615,2.54687624424696,3.0,3.777393452823162,13.22111988067627,3.084228754043579,150,11.332180358469486,8aae55fd6bd53393,19.62167036533356,18.391153156757355,1.2305172085762024,3.0,8.828468799591064,20.16064915806055,4.391153156757355,4.542517185211182,0.3257582838389615,2.54687624424696,3.0,3.777393452823162,13.22111988067627,3.084228754043579,11.332180358469486,18.391153156757355,19.62167036533356,3,11.332180358469486,0.3257582838389615,4.542517185211182,14.494558978825808,18.391153156757355,19.621670365333557,0.3257582838389615
0.0,0.5128562281874242,9.821385383605955,0.2489197291313175,0.8811907201211167,0.0,0.8811907201211167,0.219345755365579,0.0551966875791549,2391.9889222565293,0.0299257119370698,1.3834195733070374,4.23554390668869,3.0,3.0,5.618963479995728,8.731031894683838,25.58792233467102,4.440071284770966,151,0.8811907201211167,"ood:cond:pp:2391.99 outside [505.725,2097.14]",2391.9889222565293,0.0299257119370698,5.741548538208008,0.2462054751258303,4.23554390668869,3.0,5.618963479995728,15.041705131530762,4.587864875793457,151,16.856890439987183,5c28f33c14c65737,19.823490858078003,18.44007128477097,1.3834195733070374,3.0,8.731031894683838,25.58792233467102,4.440071284770966,5.741548538208008,0.2462054751258303,4.23554390668869,3.0,5.618963479995728,15.041705131530762,4.587864875793457,16.856890439987183,18.44007128477097,19.823490858078003,3,16.856890439987183,0.2462054751258303,5.741548538208008,17.15947711467743,18.440071284770966,19.823490858078003,0.24620547512583033
0.0,0.777069432600969,41.43751907348633,3.5891406332564024e-05,13508.52239365529,0.0,13508.52239365529,0.4848398661832224,0.1171992272138595,641.4547520744242,0.0035815709075182,0.7984639406204224,4.646649519602458,3.0,3.0,5.44511346022288,9.227345943450928,25.562686324119568,4.1350045800209045,152,13508.52239365529,,641.4547520744242,0.0035815709075182,1.9126341342926023,0.1466386231349051,4.646649519602458,3.0,5.44511346022288,15.071690559387209,4.445916652679443,152,16.33534038066864,eb115ef9b6860b74,18.933468520641327,18.135004580020905,0.7984639406204224,3.0,9.227345943450928,25.562686324119568,4.1350045800209045,1.9126341342926023,0.1466386231349051,4.646649519602458,3.0,5.44511346022288,15.071690559387209,4.445916652679443,16.33534038066864,18.135004580020905,18.933468520641327,3,16.33534038066864,0.1466386231349051,1.9126341342926023,17.395016133785248,18.135004580020905,18.933468520641327,0.14663862313490517
0.0,0.6531814155500207,58.45806503295898,0.0029936620231403,58.80837287898678,0.0,58.80837287898678,0.1760523925305,0.0946073979139328,2653.39241473788,0.0052611622618213,1.3587968945503237,6.9720341960589085,3.0,3.0,8.330831090609232,4.212446928024292,29.20494019985199,2.016598731279373,153,58.80837287898678,"ood:cond:pp:2653.39 outside [505.725,2097.14]",2653.39241473788,0.0052611622618213,5.538986682891846,0.1631046026226604,6.9720341960589085,3.0,8.330831090609232,13.222676277160645,6.80209493637085,153,24.992493271827698,7033e47b3526b7be,17.375395625829697,16.016598731279373,1.3587968945503237,3.0,4.212446928024292,29.20494019985199,2.016598731279373,5.538986682891846,0.1631046026226604,6.9720341960589085,3.0,8.330831090609232,13.222676277160645,6.80209493637085,24.992493271827698,16.016598731279373,17.375395625829697,3,24.992493271827698,0.1631046026226604,5.538986682891846,16.70869356393814,16.016598731279373,17.375395625829697,0.16310460262266044
0.0,0.5450148448505485,12.637642860412598,1.0613787588188526,0.2100893050024368,0.0,0.2100893050024368,0.2229843257846017,0.0384453348815441,2813.5716222671267,0.0755231641600131,1.4060019850730896,5.95071816444397,3.0,3.0,7.356720149517059,2.803753077983856,24.873913526535038,4.275368750095367,154,0.2100893050024368,"ood:cond:pp:2813.57 outside [505.725,2097.14]",2813.5716222671267,0.0755231641600131,5.930525302886963,0.191118046697126,5.95071816444397,3.0,7.356720149517059,10.86347484588623,6.006736755371094,154,22.070160448551174,9146235e8e1f06d7,19.681370735168457,18.275368750095367,1.4060019850730896,3.0,2.803753077983856,24.873913526535038,4.275368750095367,5.930525302886963,0.191118046697126,5.95071816444397,3.0,7.356720149517059,10.86347484588623,6.006736755371094,22.070160448551174,18.275368750095367,19.681370735168457,3,22.07016044855118,0.191118046697126,5.930525302886963,13.838833302259447,18.275368750095367,19.681370735168457,0.19111804669712606
0.0,0.5584799786492736,8.872875213623047,0.1629910371685922,1.20627531407259,0.0,1.20627531407259,0.1966120645515607,0.065774530172348,508.4070042565591,0.047981427678585,1.29684317111969,5.793344676494598,3.0,3.0,7.090187847614288,3.175976037979126,24.44653958082199,0.1446626055985689,155,1.20627531407259,,508.4070042565591,0.047981427678585,5.045406341552734,0.1829067436564537,5.793344676494598,3.0,7.090187847614288,10.914586067199709,5.789114475250244,155,21.270563542842865,f23657e7e74aa635,15.44150577671826,14.144662605598567,1.29684317111969,3.0,3.175976037979126,24.44653958082199,0.1446626055985689,5.045406341552734,0.1829067436564537,5.793344676494598,3.0,7.090187847614288,10.914586067199709,5.789114475250244,21.270563542842865,14.144662605598567,15.44150577671826,3,21.270563542842865,0.1829067436564537,5.045406341552734,13.811257809400558,14.144662605598569,15.441505776718259,0.1829067436564537
0.0,0.5088766814310156,8.842835426330566,0.5638104179020583,0.3815550323998611,0.0,0.3815550323998611,0.2151247022699991,0.051183383911848,1315.266337459475,0.0837503942489624,1.3302428722381592,6.972720305124918,3.0,3.0,8.302963177363077,5.08312463760376,29.992014169692997,2.908889651298523,156,0.3815550323998611,,1315.266337459475,0.0837503942489624,5.308638572692871,0.160213028026535,6.972720305124918,3.0,8.302963177363077,14.05120849609375,6.779340744018555,156,24.908889532089237,4d13b3623f18ee41,18.23913252353668,16.908889651298523,1.3302428722381592,3.0,5.08312463760376,29.992014169692997,2.908889651298523,5.308638572692871,0.160213028026535,6.972720305124918,3.0,8.302963177363077,14.05120849609375,6.779340744018555,24.908889532089237,16.908889651298523,18.23913252353668,3,24.908889532089237,0.160213028026535,5.308638572692871,17.537569403648376,16.908889651298523,18.239132523536682,0.16021302802653506
0.0,0.5680451874650008,11.81507682800293,1.607737737298426,0.159607583756876,0.0,0.159607583756876,0.2566071355649488,0.0362356007099151,2287.9630223190784,0.0978437488880157,0.5149136520922184,5.641997681309779,3.0,3.0,6.156911333401998,6.647881031036377,25.11861503124237,1.5592898428440094,157,0.159607583756876,"ood:cond:pp:2287.96 outside [505.725,2097.14]",2287.9630223190784,0.0978437488880157,0.7954082489013672,0.0836318121553495,5.641997681309779,3.0,6.156911333401998,13.062248229980469,5.027096748352051,157,18.470734000205997,8dc031368154d974,16.074203494936228,15.55928984284401,0.5149136520922184,3.0,6.647881031036377,25.11861503124237,1.5592898428440094,0.7954082489013672,0.0836318121553495,5.641997681309779,3.0,6.156911333401998,13.062248229980469,5.027096748352051,18.470734000205997,15.55928984284401,16.074203494936228,3,18.470734000205994,0.0836318121553495,0.7954082489013672,15.883248031139374,15.55928984284401,16.074203494936228,0.08363181215534952
0.0,0.7108737486365388,15.484848976135254,2.390118375845653,0.1343858971002255,0.0,0.1343858971002255,0.3211982021137521,0.0282753948122262,2994.45715199095,0.0980045001974105,0.9646932780742644,2.7282375593980155,3.0,3.0,3.69293083747228,9.924814701080322,21.00360721349716,0.6184106320142746,158,0.1343858971002255,"ood:cond:pp:2994.46 outside [505.725,2097.14]",2994.45715199095,0.0980045001974105,2.7918996810913086,0.2612270092592834,2.7282375593980155,3.0,3.69293083747228,14.100092887878418,3.0152649879455566,158,11.07879251241684,aafb21a10b1d3b22,15.58310391008854,14.618410632014276,0.9646932780742644,3.0,9.924814701080322,21.00360721349716,0.6184106320142746,2.7918996810913086,0.2612270092592834,2.7282375593980155,3.0,3.69293083747228,14.100092887878418,3.0152649879455566,11.07879251241684,14.618410632014276,15.58310391008854,3,11.078792512416836,0.2612270092592834,2.7918996810913086,15.46421095728874,14.618410632014275,15.58310391008854,0.2612270092592834
0.0,0.60012697538758,12.082873344421388,0.4560402059044384,0.5999055921257646,0.0,0.5999055921257646,0.2735810697562577,0.050386443734169,1808.00308602196,0.0421898684253692,0.5757717415690422,4.882876086980104,3.0,3.0,5.458647828549147,3.7235747575759888,20.09951824322343,3.256217837333679,159,0.5999055921257646,,1808.00308602196,0.0421898684253692,0.9945393204689026,0.1054788217986351,4.882876086980104,3.0,5.458647828549147,9.47010898590088,4.456967353820801,159,16.37594348564744,f8bdc84e45db4f5e,17.83198957890272,17.25621783733368,0.5757717415690422,3.0,3.7235747575759888,20.09951824322343,3.256217837333679,0.9945393204689026,0.1054788217986351,4.882876086980104,3.0,5.458647828549147,9.47010898590088,4.456967353820801,16.37594348564744,17.25621783733368,17.83198957890272,3,16.37594348564744,0.1054788217986351,0.9945393204689026,11.911546500399709,17.25621783733368,17.83198957890272,0.10547882179863516
0.0,0.5793856679675979,10.241493225097656,1.6388713242003965,0.1848492955715092,0.0,0.1848492955715092,0.3029442098107898,0.0388826057314872,2045.8950735233425,0.0994493463525772,1.0662168264389038,3.168572624524434,3.0,3.0,4.234789450963338,9.54517412185669,22.249542474746704,3.992256224155426,160,0.1848492955715092,,2045.8950735233425,0.0994493463525772,3.410454750061035,0.2517756405094375,3.168572624524434,3.0,4.234789450963338,14.313072204589844,3.457690954208374,160,12.704368352890016,0bb9bf246cbdd2ca,19.05847305059433,17.992256224155426,1.0662168264389038,3.0,9.54517412185669,22.249542474746704,3.992256224155426,3.410454750061035,0.2517756405094375,3.168572624524434,3.0,4.234789450963338,14.313072204589844,3.457690954208374,12.704368352890016,17.992256224155426,19.05847305059433,3,12.704368352890015,0.2517756405094375,3.410454750061035,15.897358298301697,17.992256224155426,19.05847305059433,0.25177564050943757
0.0,0.6340009049337972,55.11128234863281,0.0034473422694581,49.63667318949677,0.0,49.63667318949677,0.1711146016014331,0.084331564605236,1569.3916665073334,0.0064988422225564,1.0338216423988342,4.581788202126821,3.0,3.0,5.615609844525655,8.361327171325684,25.20815670490265,0.5842046067118645,161,49.63667318949677,,1569.3916665073334,0.0064988422225564,3.2063612937927246,0.1840978399535091,4.581788202126821,3.0,5.615609844525655,14.493847846984863,4.5851263999938965,161,16.846829533576965,e8fb85c2168fce0a,15.6180262491107,14.584204606711864,1.0338216423988342,3.0,8.361327171325684,25.20815670490265,0.5842046067118645,3.2063612937927246,0.1840978399535091,4.581788202126821,3.0,5.615609844525655,14.493847846984863,4.5851263999938965,16.846829533576965,14.584204606711864,15.6180262491107,3,16.846829533576965,0.1840978399535091,3.2063612937927246,16.784741938114166,14.584204606711864,15.618026249110699,0.18409783995350912
0.0,0.5077853720677014,7.354993343353271,0.4539072212689609,0.6315832770794548,0.0,0.6315832770794548,0.2866802102990796,0.0515884906053543,635.7282193058207,0.0963122724328041,0.7318524271249771,4.427965725461642,3.0,3.0,5.159818152586619,9.141448974609377,24.620903432369232,2.947484850883484,162,0.6315832770794548,,635.7282193058207,0.0963122724328041,1.6068238019943235,0.1418368643007504,4.427965725461642,3.0,5.159818152586619,14.667193412780762,4.212973594665527,162,15.479454457759855,a48a7d014aebcbca,17.67933727800846,16.947484850883484,0.7318524271249771,3.0,9.141448974609377,24.620903432369232,2.947484850883484,1.6068238019943235,0.1418368643007504,4.427965725461642,3.0,5.159818152586619,14.667193412780762,4.212973594665527,15.479454457759855,16.947484850883484,17.67933727800846,3,15.479454457759855,0.1418368643007504,1.6068238019943235,16.881176203489304,16.947484850883484,17.67933727800846,0.14183686430075043
0.0,0.5536960344102678,9.06923484802246,0.5273928726942616,0.4196735455343485,0.0,0.4196735455343485,0.221332836773146,0.0535976476967334,976.474734810084,0.0788251726160049,0.6339528560638428,5.7384113272031145,3.0,3.0,6.372364183266957,4.624107122421265,23.741199672222137,4.258891046047211,163,0.4196735455343485,,976.474734810084,0.0788251726160049,1.205688714981079,0.0994847183606556,5.7384113272031145,3.0,6.372364183266957,11.313448905944824,5.2030134201049805,163,19.117092549800876,30571fa73bdb43da,18.892843902111053,18.25889104604721,0.6339528560638428,3.0,4.624107122421265,23.741199672222137,4.258891046047211,1.205688714981079,0.0994847183606556,5.7384113272031145,3.0,6.372364183266957,11.313448905944824,5.2030134201049805,19.117092549800876,18.25889104604721,18.892843902111053,3,19.117092549800873,0.0994847183606556,1.205688714981079,14.182653397321701,18.25889104604721,18.892843902111053,0.09948471836065566
0.0,0.5794038457952876,12.448081016540527,0.5206037584732289,0.4844439003828516,0.0,0.4844439003828516,0.252203315308743,0.0459877550601959,2342.7714179522395,0.0396086328361034,0.9342058897018432,4.540099501609802,3.0,3.0,5.4743053913116455,4.118113994598389,20.541030168533325,0.0768220983445644,164,0.4844439003828516,"ood:cond:pp:2342.77 outside [505.725,2097.14]",2342.7714179522395,0.0396086328361034,2.6182217597961426,0.1706528633175152,4.540099501609802,3.0,5.4743053913116455,10.059521675109863,4.469751834869385,164,16.422916173934937,ccf49192b3df38f0,15.011027988046408,14.076822098344564,0.9342058897018432,3.0,4.118113994598389,20.541030168533325,0.0768220983445644,2.6182217597961426,0.1706528633175152,4.540099501609802,3.0,5.4743053913116455,10.059521675109863,4.469751834869385,16.422916173934937,14.076822098344564,15.011027988046408,3,16.422916173934937,0.1706528633175152,2.6182217597961426,12.329572081565857,14.076822098344564,15.011027988046408,0.17065286331751525
0.0,0.5279610353417482,9.323478698730469,0.6426188580949358,0.3217896544345621,0.0,0.3217896544345621,0.2067881002795023,0.0491358935832977,1460.073158190608,0.0771993687233924,1.4536307454109192,6.946875333786011,3.0,3.0,8.40050607919693,2.9257985949516296,28.12731683254242,0.7067382335662842,165,0.3217896544345621,,1460.073158190608,0.0771993687233924,6.339126586914063,0.1730408539326815,6.946875333786011,3.0,8.40050607919693,12.053119659423828,6.85898494720459,165,25.20151823759079,2eaf3a7b3fb91a7f,16.160368978977203,14.706738233566284,1.4536307454109192,3.0,2.9257985949516296,28.12731683254242,0.7067382335662842,6.339126586914063,0.1730408539326815,6.946875333786011,3.0,8.40050607919693,12.053119659423828,6.85898494720459,25.20151823759079,14.706738233566284,16.160368978977203,3,25.20151823759079,0.1730408539326815,6.339126586914063,15.526557713747025,14.706738233566284,16.160368978977203,0.17304085393268154
0.0,0.4851134480964554,7.8556694984436035,0.2858854936539334,1.016880297788986,0.0,1.016880297788986,0.2907113259203631,0.0628688409924507,945.2369358451368,0.0622053913140297,0.6934327334165573,5.810288106401761,3.0,3.0,6.503720839818318,9.903907299041748,29.415069818496704,2.7547621726989746,166,1.016880297788986,,945.2369358451368,0.0622053913140297,1.442546844482422,0.1066209252357652,5.810288106401761,3.0,6.503720839818318,16.754344940185547,5.310266017913818,166,19.51116251945496,5e71f9f64492c0fc,17.448194906115532,16.754762172698975,0.6934327334165573,3.0,9.903907299041748,29.415069818496704,2.7547621726989746,1.442546844482422,0.1066209252357652,5.810288106401761,3.0,6.503720839818318,16.754344940185547,5.310266017913818,19.51116251945496,16.754762172698975,17.448194906115532,3,19.511162519454956,0.1066209252357652,1.442546844482422,19.659488558769226,16.754762172698975,17.448194906115532,0.10662092523576525
0.0,0.6111634316331853,10.677380561828612,0.9322940563599332,0.330825390329002,0.0,0.330825390329002,0.3084265450966835,0.0466113574802875,1272.658851701081,0.0825813641057014,1.2142052054405212,4.746651913272217,3.0,3.0,5.960857118712738,2.1296091824769974,20.01218053861521,3.5915565490722656,167,0.330825390329002,,1272.658851701081,0.0825813641057014,4.422883033752441,0.2036964116500634,4.746651913272217,3.0,5.960857118712738,8.697568893432617,4.8670196533203125,167,17.882571356138214,f7acb476076519ac,18.805761754512787,17.591556549072266,1.2142052054405212,3.0,2.1296091824769974,20.01218053861521,3.5915565490722656,4.422883033752441,0.2036964116500634,4.746651913272217,3.0,5.960857118712738,8.697568893432617,4.8670196533203125,17.882571356138214,17.591556549072266,18.805761754512787,3,17.88257135613821,0.2036964116500634,4.422883033752441,11.070894860546103,17.591556549072266,18.805761754512787,0.20369641165006347
0.0,0.5642414879470231,12.274372100830078,0.6307236541348039,0.384535111506285,0.0,0.384535111506285,0.2425353906723784,0.0431175231933593,2923.895135259032,0.0418789046531915,1.4438088536262512,3.336547004679839,3.0,3.0,4.78035585830609,6.087039470672607,20.42810704559088,1.2577876448631289,168,0.384535111506285,"ood:cond:pp:2923.9 outside [505.725,2097.14]",2923.895135259032,0.0418789046531915,6.253751277923584,0.302029576128222,3.336547004679839,3.0,4.78035585830609,11.589299201965332,3.903144359588623,168,14.34106757491827,07e117db97df88e0,16.70159649848938,15.257787644863129,1.4438088536262512,3.0,6.087039470672607,20.42810704559088,1.2577876448631289,6.253751277923584,0.302029576128222,3.336547004679839,3.0,4.78035585830609,11.589299201965332,3.903144359588623,14.34106757491827,15.257787644863129,16.70159649848938,3,14.341067574918274,0.302029576128222,6.253751277923584,13.257573258131744,15.257787644863129,16.70159649848938,0.30202957612822195
0.0,0.5866961341585709,14.378029823303224,0.0859135970266536,2.521132672964833,0.0,2.521132672964833,0.2165995765158308,0.0557547472417354,2211.797032324791,0.0142801305952668,1.336839199066162,6.635069111982982,3.0,3.0,7.971908311049144,2.51069051027298,26.42641544342041,1.5236656367778778,169,2.521132672964833,"ood:cond:pp:2211.8 outside [505.725,2097.14]",2211.797032324791,0.0142801305952668,5.361417293548584,0.1676937499661517,6.635069111982982,3.0,7.971908311049144,11.151019096374512,6.509036064147949,169,23.91572493314743,5f86a64644f36860,16.86050483584404,15.523665636777878,1.336839199066162,3.0,2.51069051027298,26.42641544342041,1.5236656367778778,5.361417293548584,0.1676937499661517,6.635069111982982,3.0,7.971908311049144,11.151019096374512,6.509036064147949,23.91572493314743,15.523665636777878,16.86050483584404,3,23.91572493314743,0.1676937499661517,5.361417293548584,14.468552976846695,15.523665636777878,16.86050483584404,0.16769374996615175
0.0,0.6788526574210886,70.7962646484375,0.0016880154735098,151.08677228267518,0.0,151.08677228267518,0.2550368094558189,0.0936762392520904,1037.0881641039848,0.0056516473728045,1.3980720043182373,5.71500567595164,3.0,3.0,7.113077680269877,4.964603662490845,26.30383670330048,0.8225715160369873,170,151.08677228267518,,1037.0881641039848,0.0056516473728045,5.863816261291504,0.1965495200757027,5.71500567595164,3.0,7.113077680269877,12.776718139648438,5.807804107666016,170,21.33923304080963,00826a645d2ab51a,16.220643520355225,14.822571516036987,1.3980720043182373,3.0,4.964603662490845,26.30383670330048,0.8225715160369873,5.863816261291504,0.1965495200757027,5.71500567595164,3.0,7.113077680269877,12.776718139648438,5.807804107666016,21.33923304080963,14.822571516036987,16.220643520355225,3,21.339233040809635,0.1965495200757027,5.863816261291504,15.634220182895662,14.822571516036987,16.220643520355225,0.19654952007570273
0.0,0.5441106949441179,11.962560653686523,1.0134323706502577,0.2471779769328548,0.0,0.2471779769328548,0.2504981631355977,0.0384786501526832,2735.3660399137734,0.0793059263525009,0.6238546445965767,5.258138013382752,3.0,3.0,5.881992657979329,8.399437427520752,26.04541540145874,4.349724650382996,171,0.2471779769328548,"ood:cond:pp:2735.37 outside [505.725,2097.14]",2735.3660399137734,0.0793059263525009,1.1675838232040403,0.106061785668888,5.258138013382752,3.0,5.881992657979329,14.59335708618164,4.802626609802246,171,17.64597797393799,7d63648c308e1188,18.97357929497957,18.349724650383,0.6238546445965767,3.0,8.399437427520752,26.04541540145874,4.349724650382996,1.1675838232040403,0.106061785668888,5.258138013382752,3.0,5.881992657979329,14.59335708618164,4.802626609802246,17.64597797393799,18.349724650383,18.97357929497957,3,17.64597797393799,0.106061785668888,1.1675838232040403,17.222426414489746,18.349724650382996,18.973579294979572,0.10606178566888805
0.0,0.6310911220827295,11.50263786315918,0.1109744093803261,2.392980208520658,0.0,2.392980208520658,0.2655595652993897,0.0645070821046829,524.4895156624601,0.0325625527082681,0.8243783414363861,5.449841260910034,3.0,3.0,6.27421960234642,2.215974554419517,21.03863336145878,0.9484820812940598,172,2.392980208520658,,524.4895156624601,0.0325625527082681,2.0387990474700928,0.1313913751326279,5.449841260910034,3.0,6.27421960234642,8.902383804321289,5.1228790283203125,172,18.82265880703926,cf8b004fc42dde88,15.772860422730446,14.94848208129406,0.8243783414363861,3.0,2.215974554419517,21.03863336145878,0.9484820812940598,2.0387990474700928,0.1313913751326279,5.449841260910034,3.0,6.27421960234642,8.902383804321289,5.1228790283203125,18.82265880703926,14.94848208129406,15.772860422730446,3,18.82265880703926,0.1313913751326279,2.0387990474700928,11.627303957939148,14.94848208129406,15.772860422730446,0.1313913751326279
0.0,0.5070393011522235,7.702707767486572,0.5395653641930812,0.5241088695678621,0.0,0.5241088695678621,0.2827909930852076,0.0512991175055503,907.237152351126,0.0938531293671131,0.5946944653987885,5.130080451567967,3.0,3.0,5.724774916966756,9.354650020599363,26.528974771499637,2.580421566963196,173,0.5241088695678621,,907.237152351126,0.0938531293671131,1.0609846115112305,0.1038808466750836,5.130080451567967,3.0,5.724774916966756,15.3767728805542,4.674259185791016,173,17.17432475090027,72b78eeff3d51cb3,17.175116032361984,16.580421566963196,0.5946944653987885,3.0,9.354650020599363,26.528974771499637,2.580421566963196,1.0609846115112305,0.1038808466750836,5.130080451567967,3.0,5.724774916966756,15.3767728805542,4.674259185791016,17.17432475090027,16.580421566963196,17.175116032361984,3,17.174324750900276,0.1038808466750836,1.0609846115112305,17.9418123960495,16.580421566963196,17.175116032361984,0.10388084667508368
0.0,0.5649510551440725,9.4163818359375,0.5461277586213136,0.4290776641476621,0.0,0.4290776641476621,0.2343312229954314,0.053988043218851,1048.157449566558,0.0734410827353,0.5133998552337289,5.376101179979742,3.0,3.0,5.889501035213471,4.98101544380188,22.64951854944229,4.574324488639832,174,0.4290776641476621,,1048.157449566558,0.0734410827353,0.7907382249832153,0.0871720460127434,5.376101179979742,3.0,5.889501035213471,11.127216339111328,4.808757781982422,174,17.66850310564041,edd6849ddf943f25,19.08772434387356,18.57432448863983,0.5133998552337289,3.0,4.98101544380188,22.64951854944229,4.574324488639832,0.7907382249832153,0.0871720460127434,5.376101179979742,3.0,5.889501035213471,11.127216339111328,4.808757781982422,17.66850310564041,18.57432448863983,19.08772434387356,3,17.66850310564041,0.0871720460127434,0.7907382249832153,13.815266996622086,18.57432448863983,19.08772434387356,0.08717204601274345
0.0,0.5157668566107709,8.688108444213867,0.1975473529826294,1.255319288144585,0.0,1.255319288144585,0.2479850025210014,0.0650910660624504,1198.419027756095,0.036241666079998,0.5415715612471104,5.291067020346721,3.0,3.0,5.832638581593831,9.833384037017822,27.33129978179932,0.0886950083076953,175,1.255319288144585,,1198.419027756095,0.036241666079998,0.879899263381958,0.0928518977596448,5.291067020346721,3.0,5.832638581593831,15.936808586120604,4.762329578399658,175,17.497915744781494,bcc5152ccb2bbd49,14.630266569554806,14.088695008307695,0.5415715612471104,3.0,9.833384037017822,27.33129978179932,0.0886950083076953,0.879899263381958,0.0928518977596448,5.291067020346721,3.0,5.832638581593831,15.936808586120604,4.762329578399658,17.497915744781494,14.088695008307695,14.630266569554806,3,17.497915744781498,0.0928518977596448,0.879899263381958,18.58234190940857,14.088695008307695,14.630266569554806,0.09285189775964485
0.0,0.5168266003663593,8.318449020385742,0.429205944428738,0.5570579539179202,0.0,0.5570579539179202,0.2390925852128813,0.055553063750267,903.2683464468868,0.0772617940075397,0.9710370302200316,4.916527589162191,3.0,3.0,5.887564619382222,8.215937614440918,25.878631472587585,1.8447421491146088,176,0.5570579539179202,,903.2683464468868,0.0772617940075397,2.8287386894226074,0.1649301694325899,4.916527589162191,3.0,5.887564619382222,14.58902072906494,4.80717658996582,176,17.662693858146667,c2d21d858ad35d94,16.81577917933464,15.844742149114609,0.9710370302200316,3.0,8.215937614440918,25.878631472587585,1.8447421491146088,2.8287386894226074,0.1649301694325899,4.916527589162191,3.0,5.887564619382222,14.58902072906494,4.80717658996582,17.662693858146667,15.844742149114609,16.81577917933464,3,17.662693858146667,0.1649301694325899,2.8287386894226074,17.04728454351425,15.844742149114609,16.81577917933464,0.1649301694325899
0.0,0.527540052901054,10.74712371826172,0.8064189675996215,0.317204177860842,0.0,0.317204177860842,0.2557994656288269,0.0423971302807331,2479.362710117221,0.0674009936490058,1.2958620190620422,3.787024875481923,3.0,3.0,5.082886894543965,9.403432369232178,24.652093052864075,3.193480968475342,177,0.317204177860842,"ood:cond:pp:2479.36 outside [505.725,2097.14]",2479.362710117221,0.0674009936490058,5.037774562835693,0.2549460662705355,3.787024875481923,3.0,5.082886894543965,15.134249687194824,4.15015983581543,177,15.248660683631895,cbf0748d6b13cd76,18.489342987537384,17.193480968475342,1.2958620190620422,3.0,9.403432369232178,24.652093052864075,3.193480968475342,5.037774562835693,0.2549460662705355,3.787024875481923,3.0,5.082886894543965,15.134249687194824,4.15015983581543,15.248660683631895,17.193480968475342,18.489342987537384,3,15.248660683631897,0.2549460662705355,5.037774562835693,17.027762711048126,17.193480968475342,18.489342987537384,0.2549460662705355
0.0,0.7054542684071972,41.58526611328125,0.0256312913350729,16.930969650232104,0.0,16.930969650232104,0.4339626156903768,0.0652550086379051,2651.876843010425,0.0079489931420832,0.6657007336616516,5.119501265386741,3.0,3.0,5.785201999048392,3.15766990184784,20.51327589899301,0.7214223593473434,178,16.930969650232104,"ood:cond:pp:2651.88 outside [505.725,2097.14]",2651.876843010425,0.0079489931420832,1.3294724225997925,0.1150695747134072,5.119501265386741,3.0,5.785201999048392,9.27572250366211,4.723598003387451,178,17.355605997145176,41ad22260386cde7,15.387123093008997,14.721422359347343,0.6657007336616516,3.0,3.15766990184784,20.51327589899301,0.7214223593473434,1.3294724225997925,0.1150695747134072,5.119501265386741,3.0,5.785201999048392,9.27572250366211,4.723598003387451,17.355605997145176,14.721422359347343,15.387123093008997,3,17.355605997145172,0.1150695747134072,1.3294724225997925,11.835472900420426,14.721422359347343,15.387123093008995,0.11506957471340719
0.0,0.5573231674398427,8.527552604675293,0.5391165638502226,0.4803399598999816,0.0,0.4803399598999816,0.2589592286612318,0.0481707043945789,538.3418117520074,0.0991615114972591,0.8441760838031769,5.069374094406764,3.0,3.0,5.913550178209941,4.772925615310669,22.51357614994049,0.0463714450597763,179,0.4803399598999816,,538.3418117520074,0.0991615114972591,2.13789963722229,0.1427528402335655,5.069374094406764,3.0,5.913550178209941,11.108563423156738,4.828393459320068,179,17.740650534629822,d65b9460cdcb95e1,14.890547528862951,14.046371445059776,0.8441760838031769,3.0,4.772925615310669,22.51357614994049,0.0463714450597763,2.13789963722229,0.1427528402335655,5.069374094406764,3.0,5.913550178209941,11.108563423156738,4.828393459320068,17.740650534629822,14.046371445059776,14.890547528862951,3,17.740650534629822,0.1427528402335655,2.13789963722229,13.64325088262558,14.046371445059776,14.890547528862953,0.14275284023356558
0.0,0.5973714867746632,13.358428955078123,1.2224648649270555,0.2173462828187313,0.0,0.2173462828187313,0.2656981942683981,0.0356908589601516,2733.3905192971824,0.0726907445523738,0.9706794619560242,3.312309543291728,3.0,3.0,4.282989005247752,8.761143684387207,21.610110700130463,0.1806999370455742,180,0.2173462828187313,"ood:cond:pp:2733.39 outside [505.725,2097.14]",2733.3905192971824,0.0726907445523738,2.826655864715576,0.2266359920062121,3.312309543291728,3.0,4.282989005247752,13.52947235107422,3.4970457553863525,180,12.848967015743256,4bbe8a50320dc6f2,15.151379399001598,14.180699937045574,0.9706794619560242,3.0,8.761143684387207,21.610110700130463,0.1806999370455742,2.826655864715576,0.2266359920062121,3.312309543291728,3.0,4.282989005247752,13.52947235107422,3.4970457553863525,12.848967015743256,14.180699937045574,15.151379399001598,3,12.848967015743256,0.2266359920062121,2.826655864715576,15.185627192258835,14.180699937045574,15.151379399001598,0.22663599200621218
0.0,0.4973451464853486,7.334043979644775,0.2992026719069078,0.9160320862037118,0.0,0.9160320862037118,0.2740792477446095,0.0575490556657314,603.9412114125901,0.0814445361540317,0.8794687390327454,5.043763657410939,3.0,3.0,5.923232396443685,8.446530818939209,26.216228008270264,4.966325461864471,181,0.9160320862037118,,603.9412114125901,0.0814445361540317,2.320395946502685,0.148477837803693,5.043763657410939,3.0,5.923232396443685,14.809497833251951,4.836299419403076,181,17.769697189331055,70357b20489dc6c0,19.845794200897217,18.96632546186447,0.8794687390327454,3.0,8.446530818939209,26.216228008270264,4.966325461864471,2.320395946502685,0.148477837803693,5.043763657410939,3.0,5.923232396443685,14.809497833251951,4.836299419403076,17.769697189331055,18.96632546186447,19.845794200897217,3,17.769697189331055,0.148477837803693,2.320395946502685,17.331379413604736,18.96632546186447,19.845794200897217,0.14847783780369303
0.0,0.5425183022372523,8.506307601928711,0.5405225327556054,0.4178340903393449,0.0,0.4178340903393449,0.2258487407818571,0.0502477996051311,795.0776717548072,0.094390803838253,1.216115951538086,6.240147014458974,3.0,3.0,7.45626296599706,2.626998245716095,24.995787143707275,2.2474902868270874,182,0.4178340903393449,,795.0776717548072,0.094390803838253,4.436813831329346,0.1630999278169188,6.240147014458974,3.0,7.45626296599706,10.691319465637209,6.088013648986816,182,22.36878889799118,42fbf5132c182e7d,17.463606238365173,16.247490286827087,1.216115951538086,3.0,2.626998245716095,24.995787143707275,2.2474902868270874,4.436813831329346,0.1630999278169188,6.240147014458974,3.0,7.45626296599706,10.691319465637209,6.088013648986816,22.36878889799118,16.247490286827087,17.463606238365173,3,22.36878889799118,0.1630999278169188,4.436813831329346,13.811392694711685,16.247490286827087,17.463606238365173,0.16309992781691887
0.0,0.6579619635912192,15.286039352416992,0.1899478442413219,1.735820684869232,0.0,1.735820684869232,0.3297153970804056,0.0489220023155212,2763.01797684598,0.0187071270285248,0.5566632896661758,4.281038660245637,3.0,3.0,4.837701949911813,5.539333343505859,20.052439193241295,4.60922509431839,183,1.735820684869232,"ood:cond:pp:2763.02 outside [505.725,2097.14]",2763.01797684598,0.0187071270285248,0.9296219944953918,0.1150677109565055,4.281038660245637,3.0,4.837701949911813,10.655366897583008,3.9499669075012207,183,14.51310584973544,853cf45caa658205,19.16588838398457,18.60922509431839,0.5566632896661758,3.0,5.539333343505859,20.052439193241295,4.60922509431839,0.9296219944953918,0.1150677109565055,4.281038660245637,3.0,4.837701949911813,10.655366897583008,3.9499669075012207,14.51310584973544,18.60922509431839,19.16588838398457,3,14.513105849735435,0.1150677109565055,0.9296219944953918,12.795886268373577,18.60922509431839,19.165888383984566,0.11506771095650556
0.0,0.7159956567538938,37.136844635009766,0.0140287714004788,23.70511730239539,0.0,23.70511730239539,0.3325536716568402,0.0726675242185592,775.1098470049649,0.0091875279596447,0.9752986133098602,4.122544861010586,3.0,3.0,5.097843474320446,4.720980405807495,20.014510828768834,0.3668990358710289,184,23.70511730239539,,775.1098470049649,0.0091875279596447,2.853622436523437,0.1913159198046718,4.122544861010586,3.0,5.097843474320446,10.306472778320312,4.16237211227417,184,15.29353042296134,81d2ed2e17d387c9,15.34219764918089,14.366899035871027,0.9752986133098602,3.0,4.720980405807495,20.014510828768834,0.3668990358710289,2.853622436523437,0.1913159198046718,4.122544861010586,3.0,5.097843474320446,10.306472778320312,4.16237211227417,15.29353042296134,14.366899035871027,15.34219764918089,3,15.29353042296134,0.1913159198046718,2.853622436523437,12.367745617288165,14.366899035871029,15.34219764918089,0.19131591980467186
0.0,0.5510622728071297,11.651862144470217,0.1046099134493595,1.705638467079286,0.0,1.705638467079286,0.1784266924170624,0.0581761337816715,1871.302994420588,0.0202092631962895,0.5464529395103455,7.167833904425303,3.0,3.0,7.714286843935649,4.505964517593384,27.64882504940033,3.9580368995666495,185,1.705638467079286,,1871.302994420588,0.0202092631962895,0.8958324193954468,0.0708364817857301,7.167833904425303,3.0,7.714286843935649,12.493477821350098,6.298689365386963,185,23.142860531806942,190408e53a31fceb,18.504489839077,17.95803689956665,0.5464529395103455,3.0,4.505964517593384,27.64882504940033,3.9580368995666495,0.8958324193954468,0.0708364817857301,7.167833904425303,3.0,7.714286843935649,12.493477821350098,6.298689365386963,23.142860531806942,17.95803689956665,18.504489839077,3,23.142860531806946,0.0708364817857301,0.8958324193954468,16.077394783496857,17.95803689956665,18.504489839076996,0.07083648178573017
0.0,0.540515106649138,15.846043586730955,0.0240356237939708,4.5965893333847125,0.0,4.5965893333847125,0.1104818919526142,0.0670454278588295,1533.6631965523957,0.0110933072898685,0.6747113615274429,6.50001289943854,3.0,3.0,7.174724260965983,8.233779907226562,29.75795269012451,2.515195608139038,186,4.5965893333847125,,1533.6631965523957,0.0110933072898685,1.365706205368042,0.0940400407020801,6.50001289943854,3.0,7.174724260965983,15.74586009979248,5.858137607574463,186,21.52417278289795,e89a48888d5832a7,17.18990696966648,16.515195608139038,0.6747113615274429,3.0,8.233779907226562,29.75795269012451,2.515195608139038,1.365706205368042,0.0940400407020801,6.50001289943854,3.0,7.174724260965983,15.74586009979248,5.858137607574463,21.52417278289795,16.515195608139038,17.18990696966648,3,21.52417278289795,0.0940400407020801,1.365706205368042,18.995866298675537,16.515195608139038,17.18990696966648,0.09404004070208014
0.0,0.6391709858007394,41.47077178955078,0.0034319816642513,52.80756704492066,0.0,52.80756704492066,0.18123460183189,0.0912498980760574,2894.0595560409424,0.0058001351560801,0.6793955415487289,4.430738980571429,3.0,3.0,5.110134522120158,9.474382877349854,24.804786443710327,3.845632076263428,187,52.80756704492066,"ood:cond:pp:2894.06 outside [505.725,2097.14]",2894.0595560409424,0.0058001351560801,1.384734869003296,0.1329506177592469,4.430738980571429,3.0,5.110134522120158,14.924214363098145,4.172407150268555,187,15.330403566360474,f62ae6d2fee6852c,18.52502761781216,17.845632076263428,0.6793955415487289,3.0,9.474382877349854,24.804786443710327,3.845632076263428,1.384734869003296,0.1329506177592469,4.430738980571429,3.0,5.110134522120158,14.924214363098145,4.172407150268555,15.330403566360474,17.845632076263428,18.52502761781216,3,15.330403566360474,0.1329506177592469,1.384734869003296,17.13958466053009,17.845632076263428,18.525027617812157,0.13295061775924688
0.0,0.613569043352423,11.172577857971191,1.3972382216817607,0.2090038795020946,0.0,0.2090038795020946,0.2920282089200957,0.0409425236284732,1609.118599704385,0.0921019729189872,0.8282339572906494,4.463282530506452,3.0,3.0,5.291516487797101,4.321676254272461,20.196225717663765,1.711957007646561,188,0.2090038795020946,,1609.118599704385,0.0921019729189872,2.05791449546814,0.1565210954554635,4.463282530506452,3.0,5.291516487797101,10.02730941772461,4.320505142211914,188,15.874549463391304,73e5709142395323,16.54019096493721,15.71195700764656,0.8282339572906494,3.0,4.321676254272461,20.196225717663765,1.711957007646561,2.05791449546814,0.1565210954554635,4.463282530506452,3.0,5.291516487797101,10.02730941772461,4.320505142211914,15.874549463391304,15.71195700764656,16.54019096493721,3,15.874549463391304,0.1565210954554635,2.05791449546814,12.258950985968113,15.71195700764656,16.54019096493721,0.15652109545546358
0.0,0.4917607908795474,7.51955509185791,0.3865669195456028,0.7195361528107735,0.0,0.7195361528107735,0.2781488740937549,0.0531170815229415,703.2669900568873,0.0871587720656394,0.634563609957695,5.726493870218595,3.0,3.0,6.36105748017629,8.987661838531494,28.070834279060364,0.0418544327840209,189,0.7195361528107735,,703.2669900568873,0.0871587720656394,1.208012938499451,0.099757565771927,5.726493870218595,3.0,6.36105748017629,15.666001319885254,5.193781852722168,189,19.08317244052887,7e00aed7ab588514,14.676418042741716,14.04185443278402,0.634563609957695,3.0,8.987661838531494,28.070834279060364,0.0418544327840209,1.208012938499451,0.099757565771927,5.726493870218595,3.0,6.36105748017629,15.666001319885254,5.193781852722168,19.08317244052887,14.04185443278402,14.676418042741716,3,19.08317244052887,0.099757565771927,1.208012938499451,18.52924805879593,14.041854432784021,14.676418042741716,0.09975756577192708
0.0,0.5071924702919384,7.755151271820068,0.2176162995525636,1.2675967236219925,0.0,1.2675967236219925,0.2758497083195716,0.0668415501713752,682.9199193116352,0.0549114247045516,1.3504294157028198,3.7493703365325928,3.0,3.0,5.099799752235413,9.845811367034912,25.14521062374115,2.2399578988552094,190,1.2675967236219925,,682.9199193116352,0.0549114247045516,5.470978736877441,0.2648004787072044,3.7493703365325928,3.0,5.099799752235413,15.62082576751709,4.163969039916992,190,15.299399256706238,8df2a8f0e63b7e90,17.59038731455803,16.23995789885521,1.3504294157028198,3.0,9.845811367034912,25.14521062374115,2.2399578988552094,5.470978736877441,0.2648004787072044,3.7493703365325928,3.0,5.099799752235413,15.62082576751709,4.163969039916992,15.299399256706238,16.23995789885521,17.59038731455803,3,15.299399256706238,0.2648004787072044,5.470978736877441,17.49551099538803,16.23995789885521,17.59038731455803,0.2648004787072044
0.0,0.582178501618044,9.6536283493042,0.1059533453625804,2.071836732750908,0.0,2.071836732750908,0.2195180328800373,0.0682610496878624,637.827163505219,0.031633876353383,0.6484441459178925,3.0438931807875638,3.0,3.0,3.692337326705456,9.39213800430298,20.469149984419342,3.720114231109619,191,2.071836732750908,,637.827163505219,0.031633876353383,1.261439561843872,0.1756188800053316,3.0438931807875638,3.0,3.692337326705456,13.408696174621582,3.0147805213928223,191,11.077011980116367,cdd26165e6d897dd,18.36855837702751,17.72011423110962,0.6484441459178925,3.0,9.39213800430298,20.469149984419342,3.720114231109619,1.261439561843872,0.1756188800053316,3.0438931807875638,3.0,3.692337326705456,13.408696174621582,3.0147805213928223,11.077011980116367,17.72011423110962,18.36855837702751,3,11.077011980116362,0.1756188800053316,1.261439561843872,14.930643994361162,17.72011423110962,18.36855837702751,0.17561888000533163
0.0,0.5970809680539741,23.363433837890625,0.0288672878272487,7.532942668710186,0.0,7.532942668710186,0.2174556242038199,0.0645220801234245,2376.111022789538,0.0095070832142233,0.5576298050582409,7.893255808701118,3.0,3.0,8.45088561375936,2.197107076644897,27.549763917922974,1.6563454270362854,192,7.532942668710186,"ood:cond:pp:2376.11 outside [505.725,2097.14]",2376.111022789538,0.0095070832142233,0.932853102684021,0.0659847772818428,7.893255808701118,3.0,8.45088561375936,10.926807403564451,6.900119304656982,192,25.35265684127808,a74f1c3ffd943d76,16.213975232094526,15.656345427036284,0.5576298050582409,3.0,2.197107076644897,27.549763917922974,1.6563454270362854,0.932853102684021,0.0659847772818428,7.893255808701118,3.0,8.45088561375936,10.926807403564451,6.900119304656982,25.35265684127808,15.656345427036284,16.213975232094526,3,25.352656841278076,0.0659847772818428,0.932853102684021,14.873435497283936,15.656345427036285,16.213975232094526,0.06598477728184282
0.0,0.4922027374991733,10.667949676513672,0.4483903265850599,0.4308640453949243,0.0,0.4308640453949243,0.1931952700283902,0.0473541691899299,2935.204615426719,0.0409302180491685,0.6186975836753845,6.686213433742523,3.0,3.0,7.304911017417908,5.51108717918396,27.425820231437683,1.650635302066803,193,0.4308640453949243,"ood:cond:pp:2935.2 outside [505.725,2097.14]",2935.204615426719,0.0409302180491685,1.148360013961792,0.084696115010868,6.686213433742523,3.0,7.304911017417908,13.125347137451172,5.964434623718262,193,21.914733052253723,41ae8455319a4f9e,16.269332885742188,15.650635302066805,0.6186975836753845,3.0,5.51108717918396,27.425820231437683,1.650635302066803,1.148360013961792,0.084696115010868,6.686213433742523,3.0,7.304911017417908,13.125347137451172,5.964434623718262,21.914733052253723,15.650635302066805,16.269332885742188,3,21.914733052253723,0.084696115010868,1.148360013961792,16.46845370531082,15.650635302066803,16.269332885742188,0.08469611501086809
0.0,0.4924070878920533,10.283888816833496,0.5092476345197146,0.3853414307700819,0.0,0.3853414307700819,0.1962342121021065,0.048168908804655,2577.195206493199,0.0537851846442222,0.7198947817087173,7.257730747262637,3.0,3.0,7.977625528971354,4.794015884399414,28.72689247131348,4.999435842037201,194,0.3853414307700819,"ood:cond:pp:2577.2 outside [505.725,2097.14]",2577.195206493199,0.0537851846442222,1.5547454357147217,0.0902392295921091,7.257730747262637,3.0,7.977625528971354,13.13158893585205,6.513704299926758,194,23.932876586914062,f6157e1b3e8500db,19.71933062374592,18.9994358420372,0.7198947817087173,3.0,4.794015884399414,28.72689247131348,4.999435842037201,1.5547454357147217,0.0902392295921091,7.257730747262637,3.0,7.977625528971354,13.13158893585205,6.513704299926758,23.932876586914062,18.9994358420372,19.71933062374592,3,23.932876586914066,0.0902392295921091,1.5547454357147217,16.760454177856445,18.9994358420372,19.71933062374592,0.09023922959210917
0.0,0.6386738990194709,56.90812683105469,0.0016821761891492,136.43369189657506,0.0,136.43369189657506,0.2295055079061444,0.0910648703575134,860.3002155672759,0.0061719039332568,1.4121150374412537,7.238011300563812,3.0,3.0,8.650126338005066,2.836446523666382,28.78682553768158,0.69045789539814,195,136.43369189657506,,860.3002155672759,0.0061719039332568,5.982207298278809,0.163247909020358,7.238011300563812,3.0,8.650126338005066,12.192630767822266,7.062798023223877,195,25.9503790140152,f7b688b14400fa7d,16.102572932839394,14.69045789539814,1.4121150374412537,3.0,2.836446523666382,28.78682553768158,0.69045789539814,5.982207298278809,0.163247909020358,7.238011300563812,3.0,8.650126338005066,12.192630767822266,7.062798023223877,25.9503790140152,14.69045789539814,16.102572932839394,3,25.950379014015198,0.163247909020358,5.982207298278809,15.81163603067398,14.69045789539814,16.102572932839394,0.16324790902035802
0.0,0.6217998601091133,13.80960464477539,1.8256837942250888,0.1577179923959293,0.0,0.1577179923959293,0.287943182774964,0.0332224033772945,2854.0096626106497,0.0925761373519897,1.3132492899894714,3.082571193575859,3.0,3.0,4.3958204835653305,7.770299434661865,20.957760885357857,4.984467923641205,196,0.1577179923959293,"ood:cond:pp:2854.01 outside [505.725,2097.14]",2854.0096626106497,0.0925761373519897,5.1738715171813965,0.2987495269425403,3.082571193575859,3.0,4.3958204835653305,12.82274341583252,3.589172601699829,196,13.187461450695992,d92af3adb4daf044,20.29771721363068,18.984467923641205,1.3132492899894714,3.0,7.770299434661865,20.957760885357857,4.984467923641205,5.1738715171813965,0.2987495269425403,3.082571193575859,3.0,4.3958204835653305,12.82274341583252,3.589172601699829,13.187461450695992,18.984467923641205,20.29771721363068,3,13.187461450695992,0.2987495269425403,5.1738715171813965,14.364030160009861,18.984467923641205,20.297717213630676,0.29874952694254037
0.0,0.5741876527892769,13.572443962097168,1.3555189034760082,0.1816493334852739,0.0,0.1816493334852739,0.2462291053431063,0.0356788672506809,2837.955751674771,0.0823927265408039,0.7513076663017273,5.889546672503154,3.0,3.0,6.640854338804881,3.528722047805786,23.45128506422043,4.304754436016083,197,0.1816493334852739,"ood:cond:pp:2837.96 outside [505.725,2097.14]",2837.955751674771,0.0823927265408039,1.693389654159546,0.113134188459995,5.889546672503154,3.0,6.640854338804881,10.5452299118042,5.422234535217285,197,19.92256301641464,564a27c5b0294808,19.05606210231781,18.304754436016083,0.7513076663017273,3.0,3.528722047805786,23.45128506422043,4.304754436016083,1.693389654159546,0.113134188459995,5.889546672503154,3.0,6.640854338804881,10.5452299118042,5.422234535217285,19.92256301641464,18.304754436016083,19.05606210231781,3,19.922563016414642,0.113134188459995,1.693389654159546,13.490003556013107,18.304754436016083,19.05606210231781,0.11313418845999505
0.0,0.5041926115369685,10.810860633850098,0.4738641301266764,0.4098753275295209,0.0,0.4098753275295209,0.194225215540163,0.0468904413282871,2922.291111822128,0.0413319664983749,1.270486831665039,5.692504088083903,3.0,3.0,6.962990919748942,4.94553279876709,25.83450555801392,2.507847249507904,198,0.4098753275295209,"ood:cond:pp:2922.29 outside [505.725,2097.14]",2922.291111822128,0.0413319664983749,4.842410564422607,0.1824628017338916,5.692504088083903,3.0,6.962990919748942,12.543766975402832,5.685258388519287,198,20.888972759246823,76453847afc35bd2,17.778334081172943,16.507847249507904,1.270486831665039,3.0,4.94553279876709,25.83450555801392,2.507847249507904,4.842410564422607,0.1824628017338916,5.692504088083903,3.0,6.962990919748942,12.543766975402832,5.685258388519287,20.888972759246823,16.507847249507904,17.778334081172943,3,20.88897275924683,0.1824628017338916,4.842410564422607,15.390019178390505,16.507847249507904,17.778334081172943,0.18246280173389165
0.0,0.5168280925428218,10.400482177734377,0.6120151191065264,0.4108195515145569,0.0,0.4108195515145569,0.2514277767514713,0.0443197563290596,2929.206697576046,0.049258010025978,1.162100374698639,3.639440476894378,3.0,3.0,4.801540851593018,9.787851333618164,24.192473888397217,3.400244414806366,199,0.4108195515145569,"ood:cond:pp:2929.21 outside [505.725,2097.14]",2929.206697576046,0.049258010025978,4.051431179046631,0.2420265516043847,3.639440476894378,3.0,4.801540851593018,15.170443534851074,3.9204416275024414,199,14.404622554779053,203f9987073fdcd1,18.562344789505005,17.400244414806366,1.162100374698639,3.0,9.787851333618164,24.192473888397217,3.400244414806366,4.051431179046631,0.2420265516043847,3.639440476894378,3.0,4.801540851593018,15.170443534851074,3.9204416275024414,14.404622554779053,17.400244414806366,18.562344789505005,3,14.404622554779053,0.2420265516043847,4.051431179046631,16.99016261100769,17.400244414806366,18.562344789505005,0.24202655160438474
0.0,0.5332116956574323,9.690624237060549,0.0618318098678734,3.192124963897981,0.0,3.192124963897981,0.1973748638422323,0.066743180155754,890.2679148807824,0.0222862497392296,1.3061208724975586,4.605242609977722,3.0,3.0,5.911363482475281,9.008993148803713,26.743083596229557,2.1575725078582764,200,3.192124963897981,,890.2679148807824,0.0222862497392296,5.117855072021484,0.2209508646134957,4.605242609977722,3.0,5.911363482475281,15.57341766357422,4.826608180999756,200,17.734090447425842,53b7b180d8c30ceb,17.463693380355835,16.157572507858276,1.3061208724975586,3.0,9.008993148803713,26.743083596229557,2.1575725078582764,5.117855072021484,0.2209508646134957,4.605242609977722,3.0,5.911363482475281,15.57341766357422,4.826608180999756,17.734090447425842,16.157572507858276,17.463693380355835,3,17.734090447425842,0.2209508646134957,5.117855072021484,17.876038372516636,16.157572507858276,17.463693380355835,0.22095086461349575
0.0,0.5493926481928104,9.85066032409668,1.264732263270345,0.2326218107445397,0.0,0.2326218107445397,0.2942043091889875,0.0405085757374763,2091.904828270495,0.0959263596608638,0.9442675709724426,4.346835394700368,3.0,3.0,5.291102965672811,9.52672290802002,25.40003180503845,4.415016770362854,201,0.2326218107445397,,2091.904828270495,0.0959263596608638,2.674923896789551,0.1784632763903075,4.346835394700368,3.0,5.291102965672811,15.289959907531738,4.320167541503906,201,15.873308897018433,0409951645ff6b1a,19.359284341335297,18.41501677036285,0.9442675709724426,3.0,9.52672290802002,25.40003180503845,4.415016770362854,2.674923896789551,0.1784632763903075,4.346835394700368,3.0,5.291102965672811,15.289959907531738,4.320167541503906,15.873308897018433,18.41501677036285,19.359284341335297,3,15.873308897018429,0.1784632763903075,2.674923896789551,17.463377356529236,18.415016770362854,19.359284341335297,0.1784632763903075
0.0,0.5702044876542057,22.412229537963867,0.0075827654242991,19.45743508431294,0.0,19.45743508431294,0.1475411660028726,0.075716309249401,591.1073422199413,0.0103480885110795,0.809493899345398,5.638939261436462,3.0,3.0,6.44843316078186,7.860166549682617,27.2054660320282,2.3869135975837708,202,19.45743508431294,,591.1073422199413,0.0103480885110795,1.9658410549163816,0.1255334248121831,5.638939261436462,3.0,6.44843316078186,14.713345527648926,5.26512336730957,202,19.34529948234558,8f1d711a85e95fa2,17.19640749692917,16.38691359758377,0.809493899345398,3.0,7.860166549682617,27.2054660320282,2.3869135975837708,1.9658410549163816,0.1255334248121831,5.638939261436462,3.0,6.44843316078186,14.713345527648926,5.26512336730957,19.34529948234558,16.38691359758377,17.19640749692917,3,19.34529948234558,0.1255334248121831,1.9658410549163816,17.532816290855408,16.38691359758377,17.19640749692917,0.1255334248121831
0.0,0.8040795958565506,59.79474258422852,0.0009223375448243,552.4473869559619,0.0,552.4473869559619,0.5095429665295969,0.1044910326600074,1640.4664801665544,0.0045165445514209,0.6162465289235115,6.698546153803666,3.0,3.0,7.314792682727178,2.313372761011124,24.257750809192657,4.390241205692291,203,552.4473869559619,,1640.4664801665544,0.0045165445514209,1.1392793655395508,0.0842466158171083,6.698546153803666,3.0,7.314792682727178,9.936288833618164,5.972503185272217,203,21.94437804818153,12fa789d5b317232,19.006487734615803,18.39024120569229,0.6162465289235115,3.0,2.313372761011124,24.257750809192657,4.390241205692291,1.1392793655395508,0.0842466158171083,6.698546153803666,3.0,7.314792682727178,9.936288833618164,5.972503185272217,21.94437804818153,18.39024120569229,19.006487734615803,3,21.944378048181534,0.0842466158171083,1.1392793655395508,13.28556178510189,18.39024120569229,19.006487734615803,0.0842466158171083
0.0,0.4869800466223075,8.485530853271484,0.3682116860483403,0.8038810133208735,0.0,0.8038810133208735,0.2959983832971272,0.0605905838310718,1616.903167756766,0.0555890843701362,1.484237253665924,3.527656584978104,4.0,4.0,5.011893838644028,9.769847869873049,29.81742322444916,4.612800776958466,204,0.8038810133208735,,1616.903167756766,0.0555890843701362,8.811840057373047,0.2961429953327754,3.527656584978104,4.0,5.011893838644028,18.02980613708496,5.6034674644470215,204,20.04757535457611,45fdfc881d81a4ce,20.09703803062439,18.612800776958466,1.484237253665924,4.0,9.769847869873049,29.81742322444916,4.612800776958466,8.811840057373047,0.2961429953327754,3.527656584978104,4.0,5.011893838644028,18.02980613708496,5.6034674644470215,20.04757535457611,18.612800776958466,20.09703803062439,4,20.04757535457611,0.2961429953327754,8.811840057373047,19.793635547161106,18.612800776958466,20.09703803062439,0.2961429953327754
0.0,0.6349768571765906,15.31629753112793,2.1378686446665736,0.1239560931465181,0.0,0.1239560931465181,0.2650018448533103,0.0305127128958702,2777.834901774585,0.0970497031972408,0.5244384128600359,4.048551676794887,4.0,4.0,4.5729900896549225,3.183387517929077,21.475347876548767,0.097122685983777,205,0.1239560931465181,"ood:cond:pp:2777.83 outside [505.725,2097.14]",2777.834901774585,0.0970497031972408,1.1001427173614502,0.1146817295857315,4.048551676794887,4.0,4.5729900896549225,10.305091857910156,5.112758636474609,205,18.29196035861969,e48ae2faaac4eef6,14.621561098843811,14.097122685983775,0.5244384128600359,4.0,3.183387517929077,21.475347876548767,0.097122685983777,1.1001427173614502,0.1146817295857315,4.048551676794887,4.0,4.5729900896549225,10.305091857910156,5.112758636474609,18.29196035861969,14.097122685983775,14.621561098843811,4,18.29196035861969,0.1146817295857315,1.1001427173614502,12.329367697238922,14.097122685983777,14.621561098843813,0.1146817295857315
0.0,0.5537996411055219,8.464463233947754,0.1491475948170751,1.5544487937794276,0.0,1.5544487937794276,0.2318422988585052,0.0688643902540206,553.0162081789449,0.0430537999689579,1.4894770979881289,1.4941036440432072,4.0,4.0,2.983580742031336,9.233335971832275,21.16765893995762,0.6261179596185684,206,1.5544487937794276,,553.0162081789449,0.0430537999689579,8.874168395996094,0.4992246655185325,1.4941036440432072,4.0,2.983580742031336,14.453445434570312,3.335744619369507,206,11.934322968125343,6e5385ab43d7369b,16.115595057606697,14.626117959618568,1.4894770979881289,4.0,9.233335971832275,21.16765893995762,0.6261179596185684,8.874168395996094,0.4992246655185325,1.4941036440432072,4.0,2.983580742031336,14.453445434570312,3.335744619369507,11.934322968125343,14.626117959618568,16.115595057606697,4,11.934322968125343,0.4992246655185325,8.874168395996094,15.200497455894947,14.626117959618568,16.115595057606697,0.49922466551853256
0.0,0.583081574525083,21.36250877380371,0.0273546598317012,6.797620691828671,0.0,6.797620691828671,0.1859466016899071,0.0676630064845085,2630.152805853009,0.0099355790714919,0.5143632050603628,5.2779434863477945,4.0,4.0,5.792306691408157,3.4482585191726685,26.617485284805294,4.94240403175354,207,6.797620691828671,"ood:cond:pp:2630.15 outside [505.725,2097.14]",2630.152805853009,0.0099355790714919,1.0582780838012695,0.0888010998836315,5.2779434863477945,4.0,5.792306691408157,12.39389991760254,6.475995063781738,207,23.16922676563263,466e2fba58ba6cb0,19.456767236813903,18.94240403175354,0.5143632050603628,4.0,3.4482585191726685,26.617485284805294,4.94240403175354,1.0582780838012695,0.0888010998836315,5.2779434863477945,4.0,5.792306691408157,12.39389991760254,6.475995063781738,23.16922676563263,18.94240403175354,19.456767236813903,4,23.169226765632626,0.0888010998836315,1.0582780838012695,15.032871901988981,18.94240403175354,19.456767236813903,0.0888010998836315
0.0,0.585204906963601,13.91301155090332,1.6511519564475314,0.1536112252626568,0.0,0.1536112252626568,0.2536354751247383,0.034185703843832,2901.792019346833,0.0907229620990753,1.4508160948753357,2.893253244459629,4.0,4.0,4.344069339334965,4.491966009140015,21.868243366479877,4.1145458817482,208,0.1536112252626568,"ood:cond:pp:2901.79 outside [505.725,2097.14]",2901.792019346833,0.0907229620990753,8.419469833374023,0.3339762746737006,2.893253244459629,4.0,4.344069339334965,11.733478546142578,4.856817245483398,208,17.37627735733986,db0f6ec4ff0d6ceb,19.56536197662353,18.1145458817482,1.4508160948753357,4.0,4.491966009140015,21.868243366479877,4.1145458817482,8.419469833374023,0.3339762746737006,2.893253244459629,4.0,4.344069339334965,11.733478546142578,4.856817245483398,17.37627735733986,18.1145458817482,19.56536197662353,4,17.376277357339863,0.3339762746737006,8.419469833374023,13.180104687809946,18.1145458817482,19.565361976623535,0.33397627467370067
0.0,0.6083141114567527,50.1458740234375,0.0008979342218994,383.4509060457743,0.0,383.4509060457743,0.3443136909568631,0.09799325466156,515.4711380133275,0.0070357705647051,0.5288593005388975,2.4175992477685213,4.0,4.0,2.946458548307419,9.634667873382568,21.420502066612244,4.7277432680130005,209,383.4509060457743,,515.4711380133275,0.0070357705647051,1.1187686920166016,0.1794898152708439,2.4175992477685213,4.0,2.946458548307419,14.318784713745115,3.294241189956665,209,11.785834193229675,2344629484da3702,19.256602568551894,18.727743268013,0.5288593005388975,4.0,9.634667873382568,21.420502066612244,4.7277432680130005,1.1187686920166016,0.1794898152708439,2.4175992477685213,4.0,2.946458548307419,14.318784713745115,3.294241189956665,11.785834193229675,18.727743268013,19.256602568551894,4,11.785834193229675,0.1794898152708439,1.1187686920166016,15.527584969997406,18.727743268013,19.256602568551898,0.1794898152708439
0.0,0.574589575051254,33.673095703125,0.0047217592853979,37.724871078211365,0.0,37.724871078211365,0.1781277603039853,0.079064555466175,582.8614827078338,0.0085230450979322,1.1565120220184326,4.922175139188767,4.0,4.0,6.078687161207199,3.943012952804565,28.25776159763336,0.2250583656132221,210,37.724871078211365,,582.8614827078338,0.0085230450979322,5.3500800132751465,0.1902568747737224,4.922175139188767,4.0,6.078687161207199,13.639299392700195,6.796178817749023,210,24.3147486448288,befdde94cb547095,15.381570387631657,14.225058365613222,1.1565120220184326,4.0,3.943012952804565,28.25776159763336,0.2250583656132221,5.3500800132751465,0.1902568747737224,4.922175139188767,4.0,6.078687161207199,13.639299392700195,6.796178817749023,24.3147486448288,14.225058365613222,15.381570387631657,4,24.314748644828793,0.1902568747737224,5.3500800132751465,16.10038727521896,14.225058365613222,15.381570387631655,0.19025687477372247
0.0,0.5923687316236786,13.899059295654297,1.5067683304135486,0.2159369070460125,0.0,0.2159369070460125,0.325366892904386,0.0335684306919574,2692.8956914696096,0.0966457246553897,1.2238043546676636,3.476950377225876,4.0,4.0,4.700754731893539,9.663221836090088,28.46624076366425,0.1572083495557308,211,0.2159369070460125,"ood:cond:pp:2692.9 outside [505.725,2097.14]",2692.8956914696096,0.0966457246553897,5.990788459777832,0.2603420991876969,3.476950377225876,4.0,4.700754731893539,17.326255798339844,5.255603313446045,211,18.80301892757416,4304f54e8504ec9c,15.381012704223394,14.15720834955573,1.2238043546676636,4.0,9.663221836090088,28.46624076366425,0.1572083495557308,5.990788459777832,0.2603420991876969,3.476950377225876,4.0,4.700754731893539,17.326255798339844,5.255603313446045,18.80301892757416,14.15720834955573,15.381012704223394,4,18.80301892757416,0.2603420991876969,5.990788459777832,19.064731299877167,14.15720834955573,15.381012704223394,0.26034209918769696
0.0,0.6019652794731943,53.93447494506836,0.0009662006788476,387.34674468213,0.0,387.34674468213,0.3742546876612946,0.0981908813118934,532.986214048761,0.0068366486072689,1.353324472904205,3.949955463409424,4.0,4.0,5.303279936313629,4.21983528137207,25.432955026626587,4.571893513202667,212,387.34674468213,,532.986214048761,0.0068366486072689,7.3259477615356445,0.2551863166108702,3.949955463409424,4.0,5.303279936313629,12.851417541503906,5.92924690246582,212,21.21311974525452,dee3da35898c4f75,19.925217986106876,18.571893513202667,1.353324472904205,4.0,4.21983528137207,25.432955026626587,4.571893513202667,7.3259477615356445,0.2551863166108702,3.949955463409424,4.0,5.303279936313629,12.851417541503906,5.92924690246582,21.21311974525452,18.571893513202667,19.925217986106876,4,21.213119745254517,0.2551863166108702,7.3259477615356445,14.826395153999329,18.571893513202667,19.925217986106873,0.25518631661087016
0.0,0.5806285967582482,10.601106643676758,1.7372832093464785,0.1859191997966282,0.0,0.1859191997966282,0.3229943041018153,0.0388683453202247,2163.423312731147,0.0961390522224903,1.3086302280426023,1.4052209742367268,4.0,4.0,2.7138512022793293,9.780046939849854,20.63545174896717,3.691777288913727,213,0.1859191997966282,"ood:cond:pp:2163.42 outside [505.725,2097.14]",2163.423312731147,0.0961390522224903,6.850052356719971,0.4822041189817262,1.4052209742367268,4.0,2.7138512022793293,14.505139350891112,3.0341780185699463,213,10.855404809117315,55c511d1fcb849da,19.00040751695633,17.691777288913727,1.3086302280426023,4.0,9.780046939849854,20.63545174896717,3.691777288913727,6.850052356719971,0.4822041189817262,1.4052209742367268,4.0,2.7138512022793293,14.505139350891112,3.0341780185699463,10.855404809117315,17.691777288913727,19.00040751695633,4,10.855404809117317,0.4822041189817262,6.850052356719971,15.207749344408512,17.691777288913727,19.00040751695633,0.48220411898172616
0.0,0.6204239737377352,32.20841598510742,0.0267366431098291,10.30799386026277,0.0,10.30799386026277,0.2756011530201558,0.0678011924028396,2975.276212973952,0.008112541082859,0.7545447051525116,2.747718185186386,4.0,4.0,3.5022628903388977,8.559318542480469,22.56837010383606,0.6689088046550751,214,10.30799386026277,"ood:cond:pp:2975.28 outside [505.725,2097.14]",2975.276212973952,0.008112541082859,2.277351140975952,0.2154449077006603,2.747718185186386,4.0,3.5022628903388977,14.189985275268556,3.915649175643921,214,14.00905156135559,ae08d39203a9adb5,15.423453509807588,14.668908804655077,0.7545447051525116,4.0,8.559318542480469,22.56837010383606,0.6689088046550751,2.277351140975952,0.2154449077006603,2.747718185186386,4.0,3.5022628903388977,14.189985275268556,3.915649175643921,14.00905156135559,14.668908804655077,15.423453509807588,4,14.00905156135559,0.2154449077006603,2.277351140975952,15.563844323158264,14.668908804655075,15.423453509807587,0.2154449077006603
0.0,0.5452241381137087,12.314837455749512,1.2064535392365348,0.258250867938972,0.0,0.258250867938972,0.3115676736358797,0.0374465994536876,2749.783222579002,0.0891487071008682,0.6383495032787323,3.9266514480113983,4.0,4.0,4.565000951290131,9.628610134124756,27.88861393928528,3.997470736503601,215,0.258250867938972,"ood:cond:pp:2749.78 outside [505.725,2097.14]",2749.783222579002,0.0891487071008682,1.629960536956787,0.1398355685113989,3.9266514480113983,4.0,4.565000951290131,16.7952880859375,5.103826522827148,215,18.26000380516052,8a94a2f04aeced47,18.635820239782333,17.9974707365036,0.6383495032787323,4.0,9.628610134124756,27.88861393928528,3.997470736503601,1.629960536956787,0.1398355685113989,3.9266514480113983,4.0,4.565000951290131,16.7952880859375,5.103826522827148,18.26000380516052,17.9974707365036,18.635820239782333,4,18.260003805160522,0.1398355685113989,1.629960536956787,18.758612036705017,17.9974707365036,18.635820239782333,0.13983556851139892
0.0,0.4881626689117234,9.22044277191162,0.4439140140481837,0.6507965665745924,0.0,0.6507965665745924,0.2888977161969033,0.0535294786095619,1960.4493842703105,0.0542145221955776,0.7128535211086273,4.32396987080574,4.0,4.0,5.036823391914368,9.802197456359863,29.94949102401733,1.7034626007080078,216,0.6507965665745924,,1960.4493842703105,0.0542145221955776,2.0326406955718994,0.1415283931243199,4.32396987080574,4.0,5.036823391914368,17.71385955810547,5.631339550018311,216,20.14729356765747,57ddbaccc0731d35,16.416316121816635,15.703462600708008,0.7128535211086273,4.0,9.802197456359863,29.94949102401733,1.7034626007080078,2.0326406955718994,0.1415283931243199,4.32396987080574,4.0,5.036823391914368,17.71385955810547,5.631339550018311,20.14729356765747,15.703462600708008,16.416316121816635,4,20.147293567657467,0.1415283931243199,2.0326406955718994,19.8758442401886,15.703462600708008,16.416316121816635,0.14152839312431995
0.0,0.6268273540108265,11.636274337768556,0.1125489567688453,2.129414394169271,0.0,2.129414394169271,0.2396633685923143,0.0652714595198631,622.6204099659659,0.0329092470074892,0.5822866931557655,3.9466178324073553,4.0,4.0,4.528904525563121,2.0318158492445946,20.14743395149708,2.8137367963790894,217,2.129414394169271,,622.6204099659659,0.0329092470074892,1.3562313318252563,0.1285712007990198,3.9466178324073553,4.0,4.528904525563121,9.116315841674805,5.063468933105469,217,18.115618102252483,479383dc3b91b749,17.396023489534855,16.81373679637909,0.5822866931557655,4.0,2.0318158492445946,20.14743395149708,2.8137367963790894,1.3562313318252563,0.1285712007990198,3.9466178324073553,4.0,4.528904525563121,9.116315841674805,5.063468933105469,18.115618102252483,16.81373679637909,17.396023489534855,4,18.115618102252487,0.1285712007990198,1.3562313318252563,11.089624900370838,16.81373679637909,17.396023489534855,0.1285712007990198
0.0,0.5406620200548264,10.883761405944824,1.2444073696783362,0.1813325224686759,0.0,0.1813325224686759,0.2256515273223828,0.0398962013423442,2194.386762738466,0.0929825796701908,1.085621953010559,4.596362620592117,4.0,4.0,5.681984573602676,2.8211790323257446,25.54911732673645,2.6821112632751465,218,0.1813325224686759,"ood:cond:pp:2194.39 outside [505.725,2097.14]",2194.386762738466,0.0929825796701908,4.714300155639648,0.1910638684332467,4.596362620592117,4.0,5.681984573602676,11.886966705322266,6.352652072906494,218,22.727938294410706,97e231f21e25a3f2,17.767733216285706,16.682111263275146,1.085621953010559,4.0,2.8211790323257446,25.54911732673645,2.6821112632751465,4.714300155639648,0.1910638684332467,4.596362620592117,4.0,5.681984573602676,11.886966705322266,6.352652072906494,22.727938294410706,16.682111263275146,17.767733216285706,4,22.727938294410706,0.1910638684332467,4.714300155639648,14.185148179531097,16.682111263275146,17.767733216285706,0.1910638684332467
0.0,0.5301787720139696,7.867270469665527,0.4633304511264591,0.58468262218823,0.0,0.58468262218823,0.2709012631042736,0.0523656941950321,676.1058857829571,0.0895413707354068,0.5301970392465591,3.3656938076019287,4.0,4.0,3.895890846848488,8.034525871276855,23.618089258670807,0.5237795785069466,219,0.58468262218823,,676.1058857829571,0.0895413707354068,1.124435544013977,0.1360913485744737,3.3656938076019287,4.0,3.895890846848488,14.143461227416992,4.355738162994385,219,15.583563387393951,e53a72eb389b1a81,15.053976617753506,14.523779578506948,0.5301970392465591,4.0,8.034525871276855,23.618089258670807,0.5237795785069466,1.124435544013977,0.1360913485744737,3.3656938076019287,4.0,3.895890846848488,14.143461227416992,4.355738162994385,15.583563387393951,14.523779578506948,15.053976617753506,4,15.583563387393951,0.1360913485744737,1.124435544013977,15.826307564973831,14.523779578506947,15.053976617753506,0.13609134857447372
0.0,0.4950832028296342,11.14162826538086,0.1730864932994025,1.0493424024453202,0.0,1.0493424024453202,0.1816269967096308,0.0538120865821838,2657.853800035834,0.0217454508303999,0.6624169945716858,6.211780169978738,4.0,4.0,6.874197164550424,2.0825259312987328,29.579314589500427,0.1151693426072597,220,1.0493424024453202,"ood:cond:pp:2657.85 outside [505.725,2097.14]",2657.853800035834,0.0217454508303999,1.7551851272583008,0.0963628157172603,6.211780169978738,4.0,6.874197164550424,12.725029945373535,7.685585975646973,220,27.49678865820169,1a1cdf25b77863cd,14.777586337178946,14.11516934260726,0.6624169945716858,4.0,2.0825259312987328,29.579314589500427,0.1151693426072597,1.7551851272583008,0.0963628157172603,6.211780169978738,4.0,6.874197164550424,12.725029945373535,7.685585975646973,27.49678865820169,14.11516934260726,14.777586337178946,4,27.496788658201694,0.0963628157172603,1.7551851272583008,15.83092026039958,14.11516934260726,14.777586337178946,0.09636281571726031
0.0,0.6280288131837455,54.58081817626953,0.0024856982874513,70.48598871569952,0.0,70.48598871569952,0.1752069014399314,0.0945215448737144,2141.8925314095018,0.0056202744338065,1.3582037687301636,3.0299197137355804,4.0,4.0,4.388123482465744,8.220446586608887,25.772940516471863,2.320523858070373,221,70.48598871569952,"ood:cond:pp:2141.89 outside [505.725,2097.14]",2141.8925314095018,0.0056202744338065,7.378870010375977,0.3095181286846948,3.0299197137355804,4.0,4.388123482465744,15.481733322143556,4.906071186065674,221,17.552493929862976,5260032511564879,17.678727626800537,16.320523858070374,1.3582037687301636,4.0,8.220446586608887,25.772940516471863,2.320523858070373,7.378870010375977,0.3095181286846948,3.0299197137355804,4.0,4.388123482465744,15.481733322143556,4.906071186065674,17.552493929862976,16.320523858070374,17.678727626800537,4,17.552493929862976,0.3095181286846948,7.378870010375977,16.996693551540375,16.320523858070374,17.678727626800537,0.30951812868469486
0.0,0.4815854474317341,6.904448509216309,0.2963000137043231,0.9389770349591028,0.0,0.9389770349591028,0.2782189083264267,0.0536928176879882,534.7833074985175,0.095802686166048,1.2891367077827454,4.378669589757919,4.0,4.0,5.667806297540665,6.8661980628967285,29.537423253059387,3.8579916954040527,222,0.9389770349591028,,534.7833074985175,0.095802686166048,6.647493362426758,0.227448970572992,4.378669589757919,4.0,5.667806297540665,16.012475967407227,6.336799621582031,222,22.67122519016266,e58c5e65116d5f5e,19.1471284031868,17.857991695404053,1.2891367077827454,4.0,6.8661980628967285,29.537423253059387,3.8579916954040527,6.647493362426758,0.227448970572992,4.378669589757919,4.0,5.667806297540665,16.012475967407227,6.336799621582031,22.67122519016266,17.857991695404053,19.1471284031868,4,22.67122519016266,0.227448970572992,6.647493362426758,18.201810657978058,17.857991695404053,19.147128403186798,0.227448970572992
0.0,0.5579666996617705,11.810816764831545,0.5729888349200626,0.4044448240252538,0.0,0.4044448240252538,0.2317423685076799,0.0449611768126487,2773.3055796174403,0.0429962474228143,0.5183626376092434,3.2955307345837355,4.0,4.0,3.813893372192979,5.350898742675781,20.606472231447697,3.845517337322235,223,0.4044448240252538,"ood:cond:pp:2773.31 outside [505.725,2097.14]",2773.3055796174403,0.0429962474228143,1.0747992992401123,0.135914297287023,3.2955307345837355,4.0,3.813893372192979,11.33091926574707,4.264062404632568,223,15.255573488771915,676e72de57161e4e,18.36387997493148,17.845517337322235,0.5183626376092434,4.0,5.350898742675781,20.606472231447697,3.845517337322235,1.0747992992401123,0.135914297287023,3.2955307345837355,4.0,3.813893372192979,11.33091926574707,4.264062404632568,15.255573488771915,17.845517337322235,18.36387997493148,4,15.255573488771915,0.135914297287023,1.0747992992401123,12.978685487061739,17.845517337322235,18.36387997493148,0.13591429728702306
0.0,0.5799705406294767,11.537498474121094,0.0569127222046498,3.3646523125229177,0.0,3.3646523125229177,0.1914915223778493,0.061525534838438,1043.9432087508887,0.0169554873455762,0.5833148881793022,2.816748268902302,4.0,4.0,3.400063157081604,9.831332206726074,23.43158483505249,0.7511085271835327,224,3.3646523125229177,,1043.9432087508887,0.0169554873455762,1.361025094985962,0.1715600155733525,2.816748268902302,4.0,3.400063157081604,15.223085403442385,3.80138635635376,224,13.600252628326416,bb1c3bf803ac4f8d,15.334423415362837,14.751108527183533,0.5833148881793022,4.0,9.831332206726074,23.43158483505249,0.7511085271835327,1.361025094985962,0.1715600155733525,2.816748268902302,4.0,3.400063157081604,15.223085403442385,3.80138635635376,13.600252628326416,14.751108527183533,15.334423415362837,4,13.600252628326416,0.1715600155733525,1.361025094985962,16.631458520889282,14.751108527183533,15.334423415362835,0.17156001557335254
0.0,0.5507571587057051,10.37821102142334,0.6651581550325438,0.3119236864869353,0.0,0.3119236864869353,0.2074785838145995,0.0478253923356533,1792.0178552369475,0.0625814201307296,1.319779098033905,3.212618112564087,4.0,4.0,4.532397210597992,4.404881715774536,22.534470558166504,0.9242988377809525,225,0.3119236864869353,,1792.0178552369475,0.0625814201307296,6.967267990112305,0.2911878718281571,3.212618112564087,4.0,4.532397210597992,11.863367080688477,5.067374229431152,225,18.129588842391968,83fc03d41b2a1623,16.244077935814857,14.924298837780952,1.319779098033905,4.0,4.404881715774536,22.534470558166504,0.9242988377809525,6.967267990112305,0.2911878718281571,3.212618112564087,4.0,4.532397210597992,11.863367080688477,5.067374229431152,18.129588842391968,14.924298837780952,16.244077935814857,4,18.129588842391968,0.2911878718281571,6.967267990112305,13.46967613697052,14.924298837780952,16.244077935814857,0.29118787182815714
0.0,0.569280604973577,10.141185760498049,0.1816103015684073,1.0548057074235129,0.0,1.0548057074235129,0.1915635826212614,0.0670546144247055,1027.0375970480145,0.0365003943315744,1.435870110988617,2.4855006486177444,4.0,4.0,3.9213707596063614,5.819005250930786,21.50448828935623,4.8749807476997375,226,1.0548057074235129,,1027.0375970480145,0.0365003943315744,8.246892929077148,0.3661653536511691,2.4855006486177444,4.0,3.9213707596063614,12.41899585723877,4.384225845336914,226,15.685483038425446,c2ad219e04f60728,20.310850858688354,18.874980747699738,1.435870110988617,4.0,5.819005250930786,21.50448828935623,4.8749807476997375,8.246892929077148,0.3661653536511691,2.4855006486177444,4.0,3.9213707596063614,12.41899585723877,4.384225845336914,15.685483038425446,18.874980747699738,20.310850858688354,4,15.685483038425446,0.3661653536511691,8.246892929077148,13.661746770143509,18.874980747699738,20.310850858688354,0.3661653536511691
0.0,0.5018590625343373,7.525567054748535,0.3399300968182124,0.7101774528895392,0.0,0.7101774528895392,0.2414106903188525,0.0513059087097644,560.4176418913361,0.0953546596882343,0.9355741441249849,4.968160063028336,4.0,4.0,5.90373420715332,4.5343568325042725,28.149293661117557,0.0858984421938657,227,0.7101774528895392,,560.4176418913361,0.0953546596882343,3.5011961460113525,0.1584715895562145,4.968160063028336,4.0,5.90373420715332,13.857746124267578,6.60057544708252,227,23.61493682861328,03cddc6956a3e2c4,15.02147258631885,14.085898442193866,0.9355741441249849,4.0,4.5343568325042725,28.149293661117557,0.0858984421938657,3.5011961460113525,0.1584715895562145,4.968160063028336,4.0,5.90373420715332,13.857746124267578,6.60057544708252,23.61493682861328,14.085898442193866,15.02147258631885,4,23.614936828613285,0.1584715895562145,3.5011961460113525,16.341825246810913,14.085898442193866,15.02147258631885,0.15847158955621457
0.0,0.5838029943611552,12.940621376037598,0.3342699423184393,0.7585502277541959,0.0,0.7585502277541959,0.253560540877034,0.0469648651778698,2946.303744050085,0.0274295891462564,1.076393961906433,3.5863537322729826,4.0,4.0,4.662747694179416,2.089028976857662,20.740019753575325,1.949869990348816,228,0.7585502277541959,"ood:cond:pp:2946.3 outside [505.725,2097.14]",2946.303744050085,0.0274295891462564,4.634495735168457,0.2308497119091632,3.5863537322729826,4.0,4.662747694179416,9.621347427368164,5.213110446929932,228,18.650990776717663,2f841ca3a12b52fa,17.02626395225525,15.949869990348816,1.076393961906433,4.0,2.089028976857662,20.740019753575325,1.949869990348816,4.634495735168457,0.2308497119091632,3.5863537322729826,4.0,4.662747694179416,9.621347427368164,5.213110446929932,18.650990776717663,15.949869990348816,17.02626395225525,4,18.650990776717663,0.2308497119091632,4.634495735168457,11.414524365216494,15.949869990348816,17.02626395225525,0.2308497119091632
0.0,0.5096467218676481,8.032485961914062,0.3852337867512691,0.5986885658489507,0.0,0.5986885658489507,0.2306350633066778,0.0558646358549594,859.091177327022,0.0869037683284282,0.5865317732095718,5.968241691589356,4.0,4.0,6.554773464798927,2.855232894420624,29.074326753616333,4.053106904029846,229,0.5986885658489507,,859.091177327022,0.0869037683284282,1.3760780096054075,0.0894816237905735,5.968241691589356,4.0,6.554773464798927,12.980658531188965,7.3284592628479,229,26.21909385919571,70e24cb29eb5f15c,18.639638677239414,18.05310690402985,0.5865317732095718,4.0,2.855232894420624,29.074326753616333,4.053106904029846,1.3760780096054075,0.0894816237905735,5.968241691589356,4.0,6.554773464798927,12.980658531188965,7.3284592628479,26.21909385919571,18.05310690402985,18.639638677239414,4,26.21909385919571,0.0894816237905735,1.3760780096054075,15.964779824018478,18.053106904029846,18.639638677239418,0.08948162379057353
0.0,0.6537956489196155,58.61761093139648,0.0001632158311319,3153.9407619220724,0.0,3153.9407619220724,0.5147730627981834,0.1123260930180549,518.8206472298056,0.0047317081920132,0.6399870961904526,4.527784273028374,4.0,4.0,5.167771369218826,6.289373874664307,26.96045935153961,4.310884475708008,230,3153.9407619220724,,518.8206472298056,0.0047317081920132,1.638334035873413,0.1238419911535665,4.527784273028374,4.0,5.167771369218826,14.361023902893066,5.777744293212891,230,20.671085476875305,5b0dae968efc43ee,18.95087157189846,18.310884475708008,0.6399870961904526,4.0,6.289373874664307,26.96045935153961,4.310884475708008,1.638334035873413,0.1238419911535665,4.527784273028374,4.0,5.167771369218826,14.361023902893066,5.777744293212891,20.671085476875305,18.310884475708008,18.95087157189846,4,20.6710854768753,0.1238419911535665,1.638334035873413,16.62491661310196,18.310884475708008,18.95087157189846,0.12384199115356659
0.0,0.5383267903296998,8.361308097839355,0.4406382447480756,0.5059144116757975,0.0,0.5059144116757975,0.2229252383535788,0.0557579174637794,802.8102465544491,0.0856922943003177,0.9664550721645356,3.780306443572045,4.0,4.0,4.74676151573658,4.739658355712891,23.72670441865921,4.916724562644959,231,0.5059144116757975,,802.8102465544491,0.0856922943003177,3.7361419200897217,0.2036030394534294,3.780306443572045,4.0,4.74676151573658,12.343029022216797,5.307040691375732,231,18.98704606294632,20aca2051f244e7f,19.88317963480949,18.91672456264496,0.9664550721645356,4.0,4.739658355712891,23.72670441865921,4.916724562644959,3.7361419200897217,0.2036030394534294,3.780306443572045,4.0,4.74676151573658,12.343029022216797,5.307040691375732,18.98704606294632,18.91672456264496,19.88317963480949,4,18.98704606294632,0.2036030394534294,3.7361419200897217,14.23318138718605,18.91672456264496,19.883179634809494,0.20360303945342947
0.0,0.4915610725159742,7.2271857261657715,0.4144435028843564,0.8091919069529182,0.0,0.8091919069529182,0.3353643284232396,0.0533933974802494,754.0503497705162,0.0909488159577846,1.4281678795814514,3.34580546617508,4.0,4.0,4.773973345756531,9.904527187347412,29.00042057037353,0.6996795535087585,232,0.8091919069529182,,754.0503497705162,0.0909488159577846,8.158653259277344,0.2991570702527937,3.34580546617508,4.0,4.773973345756531,17.779571533203125,5.337464332580566,232,19.095893383026123,a88c5bd2063e56b6,16.12784743309021,14.69967955350876,1.4281678795814514,4.0,9.904527187347412,29.00042057037353,0.6996795535087585,8.158653259277344,0.2991570702527937,3.34580546617508,4.0,4.773973345756531,17.779571533203125,5.337464332580566,19.095893383026123,14.69967955350876,16.12784743309021,4,19.09589338302612,0.2991570702527937,8.158653259277344,19.452473878860474,14.699679553508759,16.12784743309021,0.29915707025279376
0.0,0.5865704295449621,11.602980613708496,0.0507577692702313,2.823917519550489,0.0,2.823917519550489,0.1433357538955077,0.0663753449916839,704.9666565502063,0.0219758745037913,1.3871265649795532,3.664708495140076,4.0,4.0,5.051835060119629,3.427659153938293,23.63499939441681,2.238970547914505,233,2.823917519550489,,704.9666565502063,0.0219758745037913,7.696480274200439,0.2745787517747473,3.664708495140076,4.0,5.051835060119629,11.698974609375,5.648123264312744,233,20.20734024047852,19a0d577e152764d,17.62609711289406,16.238970547914505,1.3871265649795532,4.0,3.427659153938293,23.63499939441681,2.238970547914505,7.696480274200439,0.2745787517747473,3.664708495140076,4.0,5.051835060119629,11.698974609375,5.648123264312744,20.20734024047852,16.238970547914505,17.62609711289406,4,20.207340240478516,0.2745787517747473,7.696480274200439,13.531329274177551,16.238970547914505,17.62609711289406,0.27457875177474733
0.0,0.6319430148277725,14.290185928344728,1.877539022758362,0.1683164776003,0.0,0.1683164776003,0.3160207548677971,0.0316117368638515,2923.5115967541933,0.0926813757989406,1.329400658607483,1.876544922590256,4.0,4.0,3.205945581197738,9.28611421585083,22.109896540641785,1.3436174392700195,234,0.1683164776003,"ood:cond:pp:2923.51 outside [505.725,2097.14]",2923.5115967541933,0.0926813757989406,7.0692243576049805,0.4146672564887455,1.876544922590256,4.0,3.205945581197738,14.759733200073242,3.58435606956482,234,12.823782324790956,5988b7b97caa786b,16.673018097877502,15.34361743927002,1.329400658607483,4.0,9.28611421585083,22.109896540641785,1.3436174392700195,7.0692243576049805,0.4146672564887455,1.876544922590256,4.0,3.205945581197738,14.759733200073242,3.58435606956482,12.823782324790956,15.34361743927002,16.673018097877502,4,12.823782324790955,0.4146672564887455,7.0692243576049805,15.698005378246307,15.34361743927002,16.673018097877502,0.41466725648874553
0.0,0.5633606565983797,40.67731094360352,0.006011790615132,25.751261714262565,0.0,25.751261714262565,0.1548111935016127,0.0848001912236213,2479.767506763995,0.0067462288807183,1.250182807445526,5.545913740992546,4.0,4.0,6.796096548438072,2.0548415780067444,29.239227771759037,2.2113612294197083,235,25.751261714262565,"ood:cond:pp:2479.77 outside [505.725,2097.14]",2479.767506763995,0.0067462288807183,6.251828670501709,0.1839560104149568,5.545913740992546,4.0,6.796096548438072,12.87407684326172,7.598266124725342,235,27.18438619375229,9d1912564ef79ebf,17.461544036865234,16.21136122941971,1.250182807445526,4.0,2.0548415780067444,29.239227771759037,2.2113612294197083,6.251828670501709,0.1839560104149568,5.545913740992546,4.0,6.796096548438072,12.87407684326172,7.598266124725342,27.18438619375229,16.21136122941971,17.461544036865234,4,27.184386193752292,0.1839560104149568,6.251828670501709,15.64703467488289,16.21136122941971,17.461544036865234,0.1839560104149568
0.0,0.4860151705595881,10.838932037353516,0.5601278334059066,0.3607907475083043,0.0,0.3607907475083043,0.2020889397147239,0.045390173792839,2879.9780438966154,0.0510373556529283,0.5447402969002724,5.141669742763042,4.0,4.0,5.686410039663315,4.474231719970703,27.21987187862396,1.991913765668869,236,0.3607907475083043,"ood:cond:pp:2879.98 outside [505.725,2097.14]",2879.9780438966154,0.0510373556529283,1.1869680881500244,0.0957968723853276,5.141669742763042,4.0,5.686410039663315,13.276216506958008,6.357599258422852,236,22.74564015865326,2acab3341326b52a,16.53665406256914,15.991913765668867,0.5447402969002724,4.0,4.474231719970703,27.21987187862396,1.991913765668869,1.1869680881500244,0.0957968723853276,5.141669742763042,4.0,5.686410039663315,13.276216506958008,6.357599258422852,22.74564015865326,15.991913765668867,16.53665406256914,4,22.745640158653256,0.0957968723853276,1.1869680881500244,15.847051799297331,15.991913765668869,16.53665406256914,0.09579687238532762
0.0,0.5851810589562515,13.423129081726074,1.539629664097485,0.1956545789832901,0.0,0.1956545789832901,0.3012355937191778,0.0340078547596931,2644.665575827777,0.0915284900262355,0.5485635995864868,3.6208342611789694,4.0,4.0,4.169397860765457,8.66122579574585,25.33881723880768,0.0682310899719595,237,0.1956545789832901,"ood:cond:pp:2644.67 outside [505.725,2097.14]",2644.665575827777,0.0915284900262355,1.203688144683838,0.1315690221718913,3.6208342611789694,4.0,4.169397860765457,15.189603805541992,4.661528587341309,237,16.67759144306183,d70124612d3c97b2,14.616794689558446,14.06823108997196,0.5485635995864868,4.0,8.66122579574585,25.33881723880768,0.0682310899719595,1.203688144683838,0.1315690221718913,3.6208342611789694,4.0,4.169397860765457,15.189603805541992,4.661528587341309,16.67759144306183,14.06823108997196,14.616794689558446,4,16.677591443061832,0.1315690221718913,1.203688144683838,17.000021517276764,14.06823108997196,14.616794689558446,0.13156902217189134
0.0,0.519692498623831,10.139699935913086,0.0652344508588676,2.961503349201545,0.0,2.961503349201545,0.1931920447018601,0.0645438581705093,1082.2601548030675,0.0206385805527567,0.5089165782555938,5.138762869872153,4.0,4.0,5.647679448127747,7.365348815917969,29.956066608428955,0.9145770967006684,238,2.961503349201545,,1082.2601548030675,0.0206385805527567,1.0359842777252195,0.0901107406909051,5.138762869872153,4.0,5.647679448127747,16.091325759887695,6.314297676086426,238,22.590717792510983,43bd24b3c31c2f94,15.423493674956262,14.914577096700668,0.5089165782555938,4.0,7.365348815917969,29.956066608428955,0.9145770967006684,1.0359842777252195,0.0901107406909051,5.138762869872153,4.0,5.647679448127747,16.091325759887695,6.314297676086426,22.590717792510983,14.914577096700668,15.423493674956262,4,22.590717792510986,0.0901107406909051,1.0359842777252195,18.660707712173462,14.914577096700668,15.423493674956262,0.09011074069090516
0.0,0.5594177914686274,12.999326705932615,1.447386765595116,0.1659174779184841,0.0,0.1659174779184841,0.2401467617201338,0.0354178212583065,2669.2524752046465,0.0901965332956314,0.8372898399829865,4.092749282717705,4.0,4.0,4.930039122700691,4.668217897415161,24.38837438821793,2.1025805175304413,239,0.1659174779184841,"ood:cond:pp:2669.25 outside [505.725,2097.14]",2669.2524752046465,0.0901965332956314,2.804216861724853,0.1698343195954835,4.092749282717705,4.0,4.930039122700691,12.481922149658203,5.511951446533203,239,19.720156490802765,c21b2051ff96189a,16.939870357513428,16.10258051753044,0.8372898399829865,4.0,4.668217897415161,24.38837438821793,2.1025805175304413,2.804216861724853,0.1698343195954835,4.092749282717705,4.0,4.930039122700691,12.481922149658203,5.511951446533203,19.720156490802765,16.10258051753044,16.939870357513428,4,19.72015649080277,0.1698343195954835,2.804216861724853,14.528296142816545,16.10258051753044,16.939870357513428,0.16983431959548353
0.0,0.5334897761306335,9.016104698181152,0.0939121560314655,2.507785376873925,0.0,2.507785376873925,0.2355115316064117,0.0673657432198524,850.616165636763,0.02718878241539,1.3934349417686462,2.4648707807064056,4.0,4.0,3.858305722475052,9.610413074493408,25.043635964393616,0.10316320694983,240,2.507785376873925,,850.616165636763,0.02718878241539,7.766644477844238,0.3611520294132566,2.4648707807064056,4.0,3.858305722475052,16.094589233398438,4.313716888427734,240,15.433222889900208,ca273cdd18fe0f84,15.496598148718476,14.10316320694983,1.3934349417686462,4.0,9.610413074493408,25.043635964393616,0.10316320694983,7.766644477844238,0.3611520294132566,2.4648707807064056,4.0,3.858305722475052,16.094589233398438,4.313716888427734,15.433222889900208,14.10316320694983,15.496598148718476,4,15.433222889900208,0.3611520294132566,7.766644477844238,17.327024519443512,14.10316320694983,15.496598148718476,0.36115202941325664
0.0,0.5549936449685273,8.726154327392578,0.1803019307322089,1.165440081642405,0.0,1.165440081642405,0.2101310968728288,0.0672875493764877,562.8901505503952,0.0502439792784452,0.9492149949073792,2.956991657614708,4.0,4.0,3.906206652522087,6.606155872344971,22.23098248243332,2.01215922832489,241,1.165440081642405,,562.8901505503952,0.0502439792784452,3.604036331176758,0.2430017352754513,2.956991657614708,4.0,3.906206652522087,12.940073013305664,4.367271900177002,241,15.624826610088348,cfbab15132830e82,16.96137422323227,16.01215922832489,0.9492149949073792,4.0,6.606155872344971,22.23098248243332,2.01215922832489,3.604036331176758,0.2430017352754513,2.956991657614708,4.0,3.906206652522087,12.940073013305664,4.367271900177002,15.624826610088348,16.01215922832489,16.96137422323227,4,15.624826610088348,0.2430017352754513,3.604036331176758,14.418569177389145,16.01215922832489,16.96137422323227,0.24300173527545135
0.0,0.509996803981988,10.481719017028809,0.7085972405227462,0.300448982430084,0.0,0.300448982430084,0.2128973198678246,0.0451017208397388,2028.0053808059693,0.0744258777992725,1.4723732471466064,5.09176230430603,4.0,4.0,6.564135551452637,2.919102907180786,29.175645112991333,0.0606357539072632,242,0.300448982430084,,2028.0053808059693,0.0744258777992725,8.671531677246094,0.2243057346402256,5.09176230430603,4.0,6.564135551452637,13.501493453979492,7.338926315307617,242,26.256542205810547,9415f78d5b3b7ff9,15.53300900105387,14.060635753907263,1.4723732471466064,4.0,2.919102907180786,29.175645112991333,0.0606357539072632,8.671531677246094,0.2243057346402256,5.09176230430603,4.0,6.564135551452637,13.501493453979492,7.338926315307617,26.256542205810547,14.060635753907263,15.53300900105387,4,26.256542205810547,0.2243057346402256,8.671531677246094,16.04737401008606,14.060635753907263,15.53300900105387,0.22430573464022566
0.0,0.660199473568347,45.69308853149414,9.182396754334166e-05,5543.913157570669,0.0,5543.913157570669,0.5090641018438739,0.1158030927181243,591.0016740170456,0.0044316795009709,1.0954560041427612,3.095708012580872,4.0,4.0,4.191164016723633,9.466752052307127,26.23140811920166,4.408831298351288,243,5543.913157570669,,591.0016740170456,0.0044316795009709,4.800095558166504,0.261372735538781,3.095708012580872,4.0,4.191164016723633,16.301225662231445,4.685863971710205,243,16.76465606689453,bab5b3253d2022ce,19.50428730249405,18.408831298351288,1.0954560041427612,4.0,9.466752052307127,26.23140811920166,4.408831298351288,4.800095558166504,0.261372735538781,3.095708012580872,4.0,4.191164016723633,16.301225662231445,4.685863971710205,16.76465606689453,18.408831298351288,19.50428730249405,4,16.76465606689453,0.261372735538781,4.800095558166504,17.849080085754395,18.408831298351288,19.50428730249405,0.261372735538781
0.0,0.5357061907070537,8.17914867401123,0.5466698541357132,0.4324670262697554,0.0,0.4324670262697554,0.2364166861693928,0.0510599911212921,775.4100810952112,0.0979170217120647,1.4576928615570068,2.9889573454856877,4.0,4.0,4.446650207042694,5.528239965438843,23.31484079360962,2.4686414003372192,244,0.4324670262697554,,775.4100810952112,0.0979170217120647,8.499473571777344,0.3278181987978914,2.9889573454856877,4.0,4.446650207042694,12.927061080932615,4.971505641937256,244,17.786600828170776,36b495f00495fd87,17.926334261894226,16.46864140033722,1.4576928615570068,4.0,5.528239965438843,23.31484079360962,2.4686414003372192,8.499473571777344,0.3278181987978914,2.9889573454856877,4.0,4.446650207042694,12.927061080932615,4.971505641937256,17.786600828170776,16.46864140033722,17.926334261894226,4,17.786600828170776,0.3278181987978914,8.499473571777344,14.421540379524231,16.46864140033722,17.926334261894226,0.3278181987978914
0.0,0.4734097869729753,9.532158851623535,0.3806080674018877,0.7410792139730072,0.0,0.7410792139730072,0.2820607274219763,0.0523314848542213,2909.410759026289,0.0411750291378498,0.8211557567119598,4.073548048734665,4.0,4.0,4.894703805446625,9.92885160446167,29.50766682624817,4.867739081382752,245,0.7410792139730072,"ood:cond:pp:2909.41 outside [505.725,2097.14]",2909.410759026289,0.0411750291378498,2.697187185287476,0.1677641363708691,4.073548048734665,4.0,4.894703805446625,17.68148422241211,5.472445011138916,245,19.5788152217865,e0c852992b04bedd,19.68889483809471,18.86773908138275,0.8211557567119598,4.0,9.92885160446167,29.50766682624817,4.867739081382752,2.697187185287476,0.1677641363708691,4.073548048734665,4.0,4.894703805446625,17.68148422241211,5.472445011138916,19.5788152217865,18.86773908138275,19.68889483809471,4,19.5788152217865,0.1677641363708691,2.697187185287476,19.71825921535492,18.86773908138275,19.68889483809471,0.16776413637086918
0.0,0.5063400167134515,9.954217910766602,0.8338568409484802,0.3386058292602189,0.0,0.3386058292602189,0.2823487871136666,0.0449007675051689,2170.795576890826,0.0825504255371093,1.1157430410385132,4.198214322328568,4.0,4.0,5.313957363367081,8.737440586090088,29.99327003955841,3.869690001010895,246,0.3386058292602189,"ood:cond:pp:2170.8 outside [505.725,2097.14]",2170.795576890826,0.0825504255371093,4.979530334472656,0.2099646204785402,4.198214322328568,4.0,5.313957363367081,17.26624870300293,5.941184997558594,246,21.255829453468323,b53b9283a91e72da,18.985433042049408,17.869690001010895,1.1157430410385132,4.0,8.737440586090088,29.99327003955841,3.869690001010895,4.979530334472656,0.2099646204785402,4.198214322328568,4.0,5.313957363367081,17.26624870300293,5.941184997558594,21.255829453468323,17.869690001010895,18.985433042049408,4,21.255829453468323,0.2099646204785402,4.979530334472656,19.36535531282425,17.869690001010895,18.985433042049408,0.2099646204785402
0.0,0.5861868785207831,10.998634338378906,0.0980542807174236,1.764131523225415,0.0,1.764131523225415,0.172980647600801,0.0644568353891372,828.870275704071,0.0266600845720171,0.68450927734375,3.864704921841621,4.0,4.0,4.549214199185371,4.748459339141846,22.94531613588333,0.2348279766738414,247,1.764131523225415,,828.870275704071,0.0266600845720171,1.8742117881774905,0.1504675856912442,3.864704921841621,4.0,4.549214199185371,11.914535522460938,5.086175918579102,247,18.19685679674149,45c198712f2b8229,14.919337254017591,14.23482797667384,0.68450927734375,4.0,4.748459339141846,22.94531613588333,0.2348279766738414,1.8742117881774905,0.1504675856912442,3.864704921841621,4.0,4.549214199185371,11.914535522460938,5.086175918579102,18.19685679674149,14.23482797667384,14.919337254017591,4,18.196856796741486,0.1504675856912442,1.8742117881774905,13.846887737512589,14.234827976673841,14.919337254017591,0.15046758569124427
0.0,0.5116933945028209,7.608987331390381,0.7228615201814946,0.4624492101179642,0.0,0.4624492101179642,0.334286739032603,0.0501885861158371,1105.5752821222245,0.0994831410553455,1.2208461165428162,2.925863355398178,4.0,4.0,4.146709471940994,9.940395832061768,26.527233719825745,2.7606800198554997,248,0.4624492101179642,,1105.5752821222245,0.0994831410553455,5.961861610412598,0.2944132268739246,2.925863355398178,4.0,4.146709471940994,16.770883560180664,4.636162757873535,248,16.586837887763977,3d36fafa4496d01d,17.981526136398315,16.7606800198555,1.2208461165428162,4.0,9.940395832061768,26.527233719825745,2.7606800198554997,5.961861610412598,0.2944132268739246,2.925863355398178,4.0,4.146709471940994,16.770883560180664,4.636162757873535,16.586837887763977,16.7606800198555,17.981526136398315,4,16.586837887763977,0.2944132268739246,5.961861610412598,18.233814775943756,16.7606800198555,17.981526136398315,0.2944132268739246
0.0,0.5959545962723216,12.987959861755373,1.6753114625203465,0.186133943252611,0.0,0.186133943252611,0.3118323286952109,0.0346366241574287,2753.077342628896,0.0870492349925041,0.6824362576007843,2.158083539456129,4.0,4.0,2.8405197970569134,9.586779594421388,20.94885878264904,3.2457900047302246,249,0.186133943252611,"ood:cond:pp:2753.08 outside [505.725,2097.14]",2753.077342628896,0.0870492349925041,1.8628767728805544,0.2402504845443648,2.158083539456129,4.0,2.8405197970569134,14.188776016235352,3.175797462463379,249,11.362079188227654,f5d6fcd1f4082fea,17.92822626233101,17.245790004730225,0.6824362576007843,4.0,9.586779594421388,20.94885878264904,3.2457900047302246,1.8628767728805544,0.2402504845443648,2.158083539456129,4.0,2.8405197970569134,14.188776016235352,3.175797462463379,11.362079188227654,17.245790004730225,17.92822626233101,4,11.362079188227652,0.2402504845443648,1.8628767728805544,15.267819188535213,17.245790004730225,17.92822626233101,0.24025048454436485
0.0,0.5784477483102164,14.051884651184082,1.645161951788804,0.1637340769173629,0.0,0.1637340769173629,0.269369073555707,0.0327265039086341,2936.145176713585,0.0967481069681644,1.441556751728058,3.240218073129654,4.0,4.0,4.681774824857712,6.715764999389648,25.442864298820496,2.5293204188346863,250,0.1637340769173629,"ood:cond:pp:2936.15 outside [505.725,2097.14]",2936.145176713585,0.0967481069681644,8.312342643737793,0.3079081770601536,3.240218073129654,4.0,4.681774824857712,14.459206581115724,5.234383583068848,250,18.727099299430847,bef5f724133f89eb,17.970877170562744,16.529320418834686,1.441556751728058,4.0,6.715764999389648,25.442864298820496,2.5293204188346863,8.312342643737793,0.3079081770601536,3.240218073129654,4.0,4.681774824857712,14.459206581115724,5.234383583068848,18.727099299430847,16.529320418834686,17.970877170562744,4,18.727099299430847,0.3079081770601536,8.312342643737793,16.079314649105072,16.529320418834686,17.970877170562744,0.3079081770601536
0.0,0.5025290699670468,10.024232864379885,0.4766008658125945,0.4021265273400302,0.0,0.4021265273400302,0.1916538510964703,0.0505308248102664,2340.2023046031595,0.0513631395879983,1.027962565422058,4.518071830272675,4.0,4.0,5.546034395694733,4.098138332366943,26.282275915145878,4.813254773616791,251,0.4021265273400302,"ood:cond:pp:2340.2 outside [505.725,2097.14]",2340.2023046031595,0.0513631395879983,4.226828098297119,0.1853509178053499,4.518071830272675,4.0,5.546034395694733,12.931171417236328,6.200654983520508,251,22.18413758277893,f75405484165e54c,19.84121733903885,18.81325477361679,1.027962565422058,4.0,4.098138332366943,26.282275915145878,4.813254773616791,4.226828098297119,0.1853509178053499,4.518071830272675,4.0,5.546034395694733,12.931171417236328,6.200654983520508,22.18413758277893,18.81325477361679,19.84121733903885,4,22.184137582778934,0.1853509178053499,4.226828098297119,15.19020712375641,18.81325477361679,19.84121733903885,0.18535091780534996
0.0,0.5207070715597131,7.545162200927734,0.3850278507659529,0.7812699797926019,0.0,0.7812699797926019,0.3008107011875049,0.0585580356419086,697.8235120496676,0.0796410980255603,0.9634358584880828,2.4369941651821136,4.0,4.0,3.4004300236701965,9.368657112121582,22.970377206802368,4.354690909385681,252,0.7812699797926019,,697.8235120496676,0.0796410980255603,3.71283483505249,0.2833276532031718,2.4369941651821136,4.0,3.4004300236701965,14.951021194458008,3.801795959472656,252,13.601720094680786,6082876d3e1cf494,19.318126767873764,18.35469090938568,0.9634358584880828,4.0,9.368657112121582,22.970377206802368,4.354690909385681,3.71283483505249,0.2833276532031718,2.4369941651821136,4.0,3.4004300236701965,14.951021194458008,3.801795959472656,13.601720094680786,18.35469090938568,19.318126767873764,4,13.601720094680786,0.2833276532031718,3.71283483505249,16.169517159461975,18.35469090938568,19.318126767873764,0.2833276532031718
0.0,0.5379685223622098,10.383126258850098,0.4869373306038503,0.5361712022683794,0.0,0.5361712022683794,0.2610817739792218,0.046939417719841,2897.5748796936277,0.0357751728194952,0.9708521366119384,1.734108954668045,4.0,4.0,2.7049610912799835,9.868761539459229,20.688605904579163,2.155960500240326,253,0.5361712022683794,"ood:cond:pp:2897.57 outside [505.725,2097.14]",2897.5748796936277,0.0357751728194952,3.7702155113220215,0.3589153795009054,1.734108954668045,4.0,2.7049610912799835,14.411629676818848,3.024238348007202,253,10.819844365119934,440c6851592f8a3f,17.126812636852264,16.155960500240326,0.9708521366119384,4.0,9.868761539459229,20.688605904579163,2.155960500240326,3.7702155113220215,0.3589153795009054,1.734108954668045,4.0,2.7049610912799835,14.411629676818848,3.024238348007202,10.819844365119934,16.155960500240326,17.126812636852264,4,10.819844365119934,0.3589153795009054,3.7702155113220215,15.278683722019196,16.155960500240326,17.126812636852264,0.35891537950090535
0.0,0.5130235556947781,7.98267126083374,0.2434845779045301,0.9160410966682812,0.0,0.9160410966682812,0.2230418797654793,0.0605301707983017,635.8375203467831,0.0705409237029552,1.336405634880066,4.997607335448265,4.0,4.0,6.334012970328331,2.6056650280952454,27.94171690940857,1.3153065741062164,254,0.9160410966682812,,635.8375203467831,0.0705409237029552,7.143919944763184,0.2109887745952613,4.997607335448265,4.0,6.334012970328331,12.774887084960938,7.081642150878906,254,25.336051881313324,aebcb85cda870d5b,16.651712208986282,15.315306574106216,1.336405634880066,4.0,2.6056650280952454,27.94171690940857,1.3153065741062164,7.143919944763184,0.2109887745952613,4.997607335448265,4.0,6.334012970328331,12.774887084960938,7.081642150878906,25.336051881313324,15.315306574106216,16.651712208986282,4,25.336051881313324,0.2109887745952613,7.143919944763184,15.273690968751907,15.315306574106216,16.651712208986282,0.21098877459526133
0.0,0.5068444913743588,7.714991092681885,0.6865641777531424,0.4738791161733882,0.0,0.4738791161733882,0.3253484257499681,0.0517809204757213,1290.4149005751017,0.0947927513513565,1.4559605121612549,3.1555238366127014,4.0,4.0,4.611484348773956,9.720269680023192,28.16620707511902,4.805745184421539,255,0.4738791161733882,,1290.4149005751017,0.0947927513513565,8.479284286499023,0.3157249167609877,3.1555238366127014,4.0,4.611484348773956,17.365476608276367,5.155796527862549,255,18.445937395095825,d191654511daa14a,20.261705696582798,18.80574518442154,1.4559605121612549,4.0,9.720269680023192,28.16620707511902,4.805745184421539,8.479284286499023,0.3157249167609877,3.1555238366127014,4.0,4.611484348773956,17.365476608276367,5.155796527862549,18.445937395095825,18.80574518442154,20.261705696582798,4,18.445937395095825,0.3157249167609877,8.479284286499023,18.943238377571106,18.80574518442154,20.261705696582794,0.3157249167609877
0.0,0.7109789167477777,33.96279525756836,0.0007365125861843,466.0499740993956,0.0,466.0499740993956,0.3432516717151055,0.1160971820354461,2533.3405516315697,0.0043837023069337,1.129623293876648,4.375878602266312,4.0,4.0,5.50550189614296,7.419535636901855,29.44154322147369,4.7977614402771,256,466.0499740993956,"ood:cond:pp:2533.34 outside [505.725,2097.14]",2533.3405516315697,0.0043837023069337,5.10419511795044,0.2051808018934729,4.375878602266312,4.0,5.50550189614296,16.24260139465332,6.155338287353516,256,22.02200758457184,02888b3a0365f792,19.927384734153748,18.7977614402771,1.129623293876648,4.0,7.419535636901855,29.44154322147369,4.7977614402771,5.10419511795044,0.2051808018934729,4.375878602266312,4.0,5.50550189614296,16.24260139465332,6.155338287353516,22.02200758457184,18.7977614402771,19.927384734153748,4,22.022007584571835,0.2051808018934729,5.10419511795044,18.43053942918777,18.7977614402771,19.927384734153748,0.2051808018934729
0.0,0.7884766959180701,48.31844329833984,0.0006668456578334,299.2214540433455,0.0,299.2214540433455,0.1995345273594271,0.1173977255821228,2756.421857854425,0.00358756748203,0.9446751177310944,3.784403622150421,4.0,4.0,4.729078739881516,9.609036922454834,28.525351881980896,3.12402218580246,257,299.2214540433455,"ood:cond:pp:2756.42 outside [505.725,2097.14]",2756.421857854425,0.00358756748203,3.569643974304199,0.1997588049791623,3.784403622150421,4.0,4.729078739881516,17.174991607666016,5.287270545959473,257,18.916314959526066,98d9d323e4180657,18.068697303533558,17.12402218580246,0.9446751177310944,4.0,9.609036922454834,28.525351881980896,3.12402218580246,3.569643974304199,0.1997588049791623,3.784403622150421,4.0,4.729078739881516,17.174991607666016,5.287270545959473,18.916314959526066,17.12402218580246,18.068697303533558,4,18.916314959526062,0.1997588049791623,3.569643974304199,19.067194402217865,17.12402218580246,18.068697303533554,0.1997588049791623
0.0,0.6068843350147005,12.483004570007324,0.0650936846359692,3.0543893846922825,0.0,3.0543893846922825,0.1988214593626117,0.0616988651454448,1164.248051179141,0.0171858316819071,1.4943106770515442,1.3256476763635874,4.0,4.0,2.819958353415132,9.273985862731934,20.55381927639246,2.3417559266090398,258,3.0543893846922825,,1164.248051179141,0.0171858316819071,8.931857109069824,0.5299052290051901,1.3256476763635874,4.0,2.819958353415132,14.25107765197754,3.1528093814849854,258,11.279833413660526,bd5408ec11c755bc,17.836066603660583,16.34175592660904,1.4943106770515442,4.0,9.273985862731934,20.55381927639246,2.3417559266090398,8.931857109069824,0.5299052290051901,1.3256476763635874,4.0,2.819958353415132,14.25107765197754,3.1528093814849854,11.279833413660526,16.34175592660904,17.836066603660583,4,11.279833413660526,0.5299052290051901,8.931857109069824,14.913902569562197,16.34175592660904,17.836066603660583,0.5299052290051901
0.0,0.5802814881133384,14.61730670928955,1.740255664956116,0.1370907204214407,0.0,0.1370907204214407,0.2385729028263272,0.031363159418106,2919.6247759218213,0.0993908273367881,1.0537492632865906,4.763168126344681,4.0,4.0,5.816917389631271,3.338187456130981,26.605857014656067,0.6178150698542595,259,0.1370907204214407,"ood:cond:pp:2919.62 outside [505.725,2097.14]",2919.6247759218213,0.0993908273367881,4.441550731658936,0.181152523356256,4.763168126344681,4.0,5.816917389631271,12.59043788909912,6.503511428833008,259,23.267669558525085,eaf544aefd8a3e59,15.67156433314085,14.61781506985426,1.0537492632865906,4.0,3.338187456130981,26.605857014656067,0.6178150698542595,4.441550731658936,0.181152523356256,4.763168126344681,4.0,5.816917389631271,12.59043788909912,6.503511428833008,23.267669558525085,14.61781506985426,15.67156433314085,4,23.267669558525085,0.181152523356256,4.441550731658936,14.972022235393524,14.61781506985426,15.67156433314085,0.181152523356256
0.0,0.5154536266155266,10.373824119567873,0.0575437578014665,3.710527778846095,0.0,3.710527778846095,0.2135177118215334,0.0633537694811821,1278.9930347059965,0.0179137088217735,0.9690595269203186,4.08630096912384,4.0,4.0,5.055360496044159,9.40253973007202,29.623981714248657,1.9550268352031708,260,3.710527778846095,,1278.9930347059965,0.0179137088217735,3.756305456161499,0.1916895002203328,4.08630096912384,4.0,5.055360496044159,17.470109939575195,5.652064800262451,260,20.22144198417664,f99f5ec0962e5576,16.92408636212349,15.95502683520317,0.9690595269203186,4.0,9.40253973007202,29.623981714248657,1.9550268352031708,3.756305456161499,0.1916895002203328,4.08630096912384,4.0,5.055360496044159,17.470109939575195,5.652064800262451,20.22144198417664,15.95502683520317,16.92408636212349,4,20.221441984176636,0.1916895002203328,3.756305456161499,19.51326072216034,15.95502683520317,16.92408636212349,0.19168950022033282
0.0,0.5222295315077502,22.914125442504883,0.0214118232237893,7.332565796840297,0.0,7.332565796840297,0.1570036026187486,0.0728809460997581,2978.2739083034394,0.0088438589267879,0.5276208575814962,5.430453652516007,4.0,4.0,5.958074510097504,6.082783222198486,29.9150812625885,3.5109499096870422,261,7.332565796840297,"ood:cond:pp:2978.27 outside [505.725,2097.14]",2978.2739083034394,0.0088438589267879,1.1135350465774536,0.0885555990760615,5.430453652516007,4.0,5.958074510097504,15.283705711364746,6.661330223083496,261,23.83229804039001,ac8ed7d60d7d97c1,18.03857076726854,17.510949909687042,0.5276208575814962,4.0,6.082783222198486,29.9150812625885,3.5109499096870422,1.1135350465774536,0.0885555990760615,5.430453652516007,4.0,5.958074510097504,15.283705711364746,6.661330223083496,23.83229804039001,17.510949909687042,18.03857076726854,4,23.832298040390015,0.0885555990760615,1.1135350465774536,17.998932242393494,17.510949909687042,18.03857076726854,0.08855559907606153
0.0,0.5629776295199662,10.308390617370604,0.2452611295201417,0.9311726857087717,0.0,0.9311726857087717,0.2283804646752373,0.0577702149748802,1751.8014644712212,0.0308637962248325,1.1822543144226074,1.6303512686863542,4.0,4.0,2.8126055831089616,8.986624240875244,20.23704657331109,4.228073060512543,262,0.9311726857087717,,1751.8014644712212,0.0308637962248325,5.590900897979736,0.4203413096818866,1.6303512686863542,4.0,2.8126055831089616,13.796660423278809,3.1445884704589844,262,11.250422332435846,cbb10e5492db4719,19.41032737493515,18.228073060512543,1.1822543144226074,4.0,8.986624240875244,20.23704657331109,4.228073060512543,5.590900897979736,0.4203413096818866,1.6303512686863542,4.0,2.8126055831089616,13.796660423278809,3.1445884704589844,11.250422332435846,18.228073060512543,19.41032737493515,4,11.250422332435846,0.4203413096818866,5.590900897979736,14.611835407093167,18.228073060512543,19.41032737493515,0.42034130968188665
0.0,0.5084009584032148,10.699320793151855,0.3673759960570148,0.5007914539458781,0.0,0.5007914539458781,0.1839787592102076,0.0494275987148284,2660.9084315077066,0.0352966953353881,1.4809688925743103,4.274459294974804,4.0,4.0,5.755428187549114,2.2391851246356964,25.260897874832157,0.702216699719429,263,0.5007914539458781,"ood:cond:pp:2660.91 outside [505.725,2097.14]",2660.9084315077066,0.0352966953353881,8.773076057434082,0.2573168918653409,4.274459294974804,4.0,5.755428187549114,11.612812042236328,6.434764862060547,263,23.021712750196457,e2715808dabdb2f3,16.18318559229374,14.702216699719427,1.4809688925743103,4.0,2.2391851246356964,25.260897874832157,0.702216699719429,8.773076057434082,0.2573168918653409,4.274459294974804,4.0,5.755428187549114,11.612812042236328,6.434764862060547,23.021712750196457,14.702216699719427,16.18318559229374,4,23.02171275019646,0.2573168918653409,8.773076057434082,13.750041499733927,14.702216699719429,16.18318559229374,0.2573168918653409
0.0,0.5586667618900039,11.344898223876951,1.5102925775549167,0.1583372412202447,0.0,0.1583372412202447,0.239135560165458,0.0385676957666873,2351.772680149138,0.0972700409665107,1.2746880054473877,4.017867550253868,4.0,4.0,5.292555555701256,2.5933861136436462,23.76360833644867,4.594579637050629,264,0.1583372412202447,"ood:cond:pp:2351.77 outside [505.725,2097.14]",2351.772680149138,0.0972700409665107,6.4993181228637695,0.2408454653015906,4.017867550253868,4.0,5.292555555701256,11.169563293457031,5.917257308959961,264,21.170222222805023,8d468e4b548c7e0f,19.869267642498016,18.59457963705063,1.2746880054473877,4.0,2.5933861136436462,23.76360833644867,4.594579637050629,6.4993181228637695,0.2408454653015906,4.017867550253868,4.0,5.292555555701256,11.169563293457031,5.917257308959961,21.170222222805023,18.59457963705063,19.869267642498016,4,21.170222222805023,0.2408454653015906,6.4993181228637695,13.178497225046158,18.59457963705063,19.869267642498016,0.24084546530159065
0.0,0.6081183582111064,39.78934097290039,0.0077553662758692,28.08377999895836,0.0,28.08377999895836,0.2178000003028524,0.0815481171011924,2200.593694208443,0.0075297299549132,1.3106428980827332,3.4384946674108505,4.0,4.0,4.749137565493584,4.99492335319519,23.991473615169525,4.132303297519684,265,28.08377999895836,"ood:cond:pp:2200.59 outside [505.725,2097.14]",2200.593694208443,0.0075297299549132,6.871140003204346,0.2759749280807612,3.4384946674108505,4.0,4.749137565493584,12.773950576782228,5.309697151184082,265,18.99655026197433,99d566ed7a5c9a96,19.442946195602417,18.132303297519684,1.3106428980827332,4.0,4.99492335319519,23.991473615169525,4.132303297519684,6.871140003204346,0.2759749280807612,3.4384946674108505,4.0,4.749137565493584,12.773950576782228,5.309697151184082,18.99655026197433,18.132303297519684,19.442946195602417,4,18.996550261974335,0.2759749280807612,6.871140003204346,14.493198484182358,18.132303297519684,19.442946195602417,0.27597492808076124
0.0,0.5417858935693762,9.389793395996094,0.4058999662355913,0.4605507581708893,0.0,0.4605507581708893,0.18693753719134,0.0562337450683116,1250.036472223997,0.0605712151978015,0.7336132079362869,5.147481590509415,4.0,4.0,5.881094798445702,2.308347761631012,25.83272695541382,0.0394180323928594,266,0.4605507581708893,,1250.036472223997,0.0605712151978015,2.1527533531188965,0.1247409254702324,5.147481590509415,4.0,5.881094798445702,11.496796607971191,6.575263977050781,266,23.524379193782806,71f1021d84948e94,14.773031240329146,14.03941803239286,0.7336132079362869,4.0,2.308347761631012,25.83272695541382,0.0394180323928594,2.1527533531188965,0.1247409254702324,5.147481590509415,4.0,5.881094798445702,11.496796607971191,6.575263977050781,23.524379193782806,14.03941803239286,14.773031240329146,4,23.524379193782806,0.1247409254702324,2.1527533531188965,14.070537358522415,14.03941803239286,14.773031240329146,0.12474092547023244
0.0,0.5723766937996448,9.842144966125488,1.153194290279831,0.1958529829849692,0.0,0.1958529829849692,0.2258565417125393,0.0429587624967098,1565.8497330126463,0.0971149499957561,1.4612475633621216,3.674851655960083,4.0,4.0,5.136099219322205,2.867755353450775,23.412152230739597,0.187888853251934,267,0.1958529829849692,,1565.8497330126463,0.0971149499957561,8.540977478027344,0.2845053222229141,3.674851655960083,4.0,5.136099219322205,11.302528381347656,5.742333889007568,267,20.54439687728882,259bda4ee07ba169,15.649136416614056,14.187888853251934,1.4612475633621216,4.0,2.867755353450775,23.412152230739597,0.187888853251934,8.540977478027344,0.2845053222229141,3.674851655960083,4.0,5.136099219322205,11.302528381347656,5.742333889007568,20.54439687728882,14.187888853251934,15.649136416614056,4,20.544396877288822,0.2845053222229141,8.540977478027344,13.139953792095186,14.187888853251934,15.649136416614056,0.28450532222291414
0.0,0.5293447055873618,10.160956382751465,0.1840678592242202,1.145160182931368,0.0,1.145160182931368,0.2107871833409933,0.057933647185564,1744.8374161000252,0.0262020486421585,1.08904230594635,3.354390889406204,4.0,4.0,4.443433195352554,7.526966094970703,25.30069887638092,0.0547993695363402,268,1.145160182931368,,1744.8374161000252,0.0262020486421585,4.744052410125732,0.2450902844866428,3.354390889406204,4.0,4.443433195352554,14.736637115478516,4.967909336090088,268,17.773732781410217,4979189a2051bb9b,15.14384167548269,14.05479936953634,1.08904230594635,4.0,7.526966094970703,25.30069887638092,0.0547993695363402,4.744052410125732,0.2450902844866428,3.354390889406204,4.0,4.443433195352554,14.736637115478516,4.967909336090088,17.773732781410217,14.05479936953634,15.14384167548269,4,17.773732781410217,0.2450902844866428,4.744052410125732,16.41383248567581,14.05479936953634,15.14384167548269,0.24509028448664286
0.0,0.8250368517898882,96.53490447998048,0.0002387214775296,1653.3071971264162,0.0,1653.3071971264162,0.3946799369084862,0.1160786300897598,971.6014915944338,0.0031736285779401,0.5530263110995293,2.826890669763088,4.0,4.0,3.379916980862617,9.073678016662598,22.593345940113068,1.6407541930675509,269,1653.3071971264162,,971.6014915944338,0.0031736285779401,1.2233524322509766,0.1636212706497858,2.826890669763088,4.0,3.379916980862617,14.420066833496094,3.778862237930298,269,13.51966792345047,8bcfc64fe74a7af3,16.19378050416708,15.64075419306755,0.5530263110995293,4.0,9.073678016662598,22.593345940113068,1.6407541930675509,1.2233524322509766,0.1636212706497858,2.826890669763088,4.0,3.379916980862617,14.420066833496094,3.778862237930298,13.51966792345047,15.64075419306755,16.19378050416708,4,13.51966792345047,0.1636212706497858,1.2233524322509766,15.833511978387833,15.64075419306755,16.19378050416708,0.16362127064978582
0.0,0.5347153023703876,8.68773365020752,0.8201417548455266,0.2812941193023124,0.0,0.2812941193023124,0.2307010526323255,0.0476332753896713,1334.548289815247,0.0977263300385475,0.5798433646559715,4.845346309244633,4.0,4.0,5.425189673900604,4.873217582702637,26.573976278305054,2.434099316596985,270,0.2812941193023124,,1334.548289815247,0.0977263300385475,1.3448731899261477,0.1068798326896238,4.845346309244633,4.0,5.425189673900604,13.30092430114746,6.065546035766602,270,21.700758695602417,bafab042f19372ce,17.013942681252956,16.434099316596985,0.5798433646559715,4.0,4.873217582702637,26.573976278305054,2.434099316596985,1.3448731899261477,0.1068798326896238,4.845346309244633,4.0,5.425189673900604,13.30092430114746,6.065546035766602,21.700758695602417,16.434099316596985,17.013942681252956,4,21.700758695602417,0.1068798326896238,1.3448731899261477,15.723596930503845,16.434099316596985,17.013942681252956,0.10687983268962384
0.0,0.5135521001070122,9.909070014953612,0.4434064808922117,0.4328629046454216,0.0,0.4328629046454216,0.1919342172576074,0.0521932914853096,1995.4383533367516,0.0495826659322977,1.406364381313324,3.9016521275043488,4.0,4.0,5.308016508817673,4.295196056365967,25.527262091636658,2.4050195515155792,271,0.4328629046454216,,1995.4383533367516,0.0495826659322977,7.911443710327148,0.2649510187048349,3.9016521275043488,4.0,5.308016508817673,12.960403442382812,5.934543132781982,271,21.23206603527069,63d52545b15e2477,17.811383932828903,16.40501955151558,1.406364381313324,4.0,4.295196056365967,25.527262091636658,2.4050195515155792,7.911443710327148,0.2649510187048349,3.9016521275043488,4.0,5.308016508817673,12.960403442382812,5.934543132781982,21.23206603527069,16.40501955151558,17.811383932828903,4,21.23206603527069,0.2649510187048349,7.911443710327148,14.911229074001312,16.40501955151558,17.811383932828903,0.26495101870483495
0.0,0.7908804333537278,85.19550323486328,0.0012950582935638,312.7256549670014,0.0,312.7256549670014,0.4049979530751901,0.1128280535340309,2742.0201356560588,0.00376876507885,0.8136786222457886,3.029456503689289,4.0,4.0,3.8431351259350777,6.302857398986816,21.675397902727127,4.535246789455414,272,312.7256549670014,"ood:cond:pp:2742.02 outside [505.725,2097.14]",2742.0201356560588,0.00376876507885,2.64829158782959,0.2117226159326915,3.029456503689289,4.0,3.8431351259350777,12.474398612976074,4.296755790710449,272,15.37254050374031,7a7ddc1a5719e14b,19.3489254117012,18.53524678945541,0.8136786222457886,4.0,6.302857398986816,21.675397902727127,4.535246789455414,2.64829158782959,0.2117226159326915,3.029456503689289,4.0,3.8431351259350777,12.474398612976074,4.296755790710449,15.37254050374031,18.53524678945541,19.3489254117012,4,15.37254050374031,0.2117226159326915,2.64829158782959,13.989127650856972,18.535246789455414,19.348925411701202,0.21172261593269154
0.0,0.5797195116604116,9.331077575683594,0.1644556345041266,1.244726420401835,0.0,1.244726420401835,0.204702273251234,0.0681644082069397,568.8180085150283,0.0474834303926229,1.0985209941864014,3.7125627398490906,4.0,4.0,4.811083734035492,2.49333193898201,21.737666875123978,4.597614705562592,273,1.244726420401835,,568.8180085150283,0.0474834303926229,4.826993465423584,0.2283312980846775,3.7125627398490906,4.0,4.811083734035492,10.259218215942385,5.378954887390137,273,19.244334936141968,db33ff5e3d606bd5,19.696135699748996,18.59761470556259,1.0985209941864014,4.0,2.49333193898201,21.737666875123978,4.597614705562592,4.826993465423584,0.2283312980846775,3.7125627398490906,4.0,4.811083734035492,10.259218215942385,5.378954887390137,19.244334936141968,18.59761470556259,19.696135699748996,4,19.244334936141968,0.2283312980846775,4.826993465423584,12.115499407052994,18.59761470556259,19.696135699748993,0.22833129808467753
0.0,0.7013353048006963,78.50739288330078,0.0009209378889135,456.8055726889359,0.0,456.8055726889359,0.4206895597560792,0.0997575223445892,877.8983892893045,0.0052601316012814,0.5664392113685608,5.019614994525909,4.0,4.0,5.58605420589447,3.0378793478012085,25.38209617137909,2.3266248404979706,274,456.8055726889359,,877.8983892893045,0.0052601316012814,1.2834135293960571,0.1014023835949976,5.019614994525909,4.0,5.58605420589447,11.700180053710938,6.24539852142334,274,22.34421682357788,f264619070cef6d6,16.89306405186653,16.32662484049797,0.5664392113685608,4.0,3.0378793478012085,25.38209617137909,2.3266248404979706,1.2834135293960571,0.1014023835949976,5.019614994525909,4.0,5.58605420589447,11.700180053710938,6.24539852142334,22.34421682357788,16.32662484049797,16.89306405186653,4,22.34421682357788,0.1014023835949976,1.2834135293960571,14.209987759590149,16.32662484049797,16.89306405186653,0.1014023835949976
0.0,0.5757859040467799,9.311591148376465,0.4445949157054233,0.5731898695039958,0.0,0.5731898695039958,0.2548373017153316,0.0565252043306827,762.1294657318219,0.0715310906071662,0.5611200258135796,2.905123467557132,4.0,4.0,3.466243493370712,6.216627597808838,20.081601571291685,3.0076006054878235,275,0.5731898695039958,,762.1294657318219,0.0715310906071662,1.259422779083252,0.1618813066325944,2.905123467557132,4.0,3.466243493370712,11.696552276611328,3.875377655029297,275,13.864973973482847,e002cebb7767dfea,17.568720631301403,17.007600605487823,0.5611200258135796,4.0,6.216627597808838,20.081601571291685,3.0076006054878235,1.259422779083252,0.1618813066325944,2.905123467557132,4.0,3.466243493370712,11.696552276611328,3.875377655029297,13.864973973482847,17.007600605487823,17.568720631301403,4,13.864973973482847,0.1618813066325944,1.259422779083252,13.149114584550261,17.007600605487823,17.568720631301403,0.16188130663259445
0.0,0.5316231210100011,7.99936056137085,0.6940153583058821,0.4033586780610995,0.0,0.4033586780610995,0.2799371174803609,0.0491120666265487,941.865550625518,0.0996830877575874,1.3131811618804932,2.881795659661293,4.0,4.0,4.194976821541786,7.92091703414917,24.700824320316315,0.4663388431072235,276,0.4033586780610995,,941.865550625518,0.0996830877575874,6.8977789878845215,0.3130365715341087,2.881795659661293,4.0,4.194976821541786,14.869972229003906,4.690126419067383,276,16.779907286167145,33a515ef818aee08,15.779520004987717,14.466338843107224,1.3131811618804932,4.0,7.92091703414917,24.700824320316315,0.4663388431072235,6.8977789878845215,0.3130365715341087,2.881795659661293,4.0,4.194976821541786,14.869972229003906,4.690126419067383,16.779907286167145,14.466338843107224,15.779520004987717,4,16.779907286167145,0.3130365715341087,6.8977789878845215,16.310870677232742,14.466338843107224,15.779520004987717,0.3130365715341087
0.0,0.5082330383289954,10.007205963134766,0.4087492963428571,0.6286372761816467,0.0,0.6286372761816467,0.2569550442941384,0.0488091297447681,2998.8207201043365,0.0340700318664312,1.4785417318344116,2.109541803598404,4.0,4.0,3.588083535432816,9.301867485046388,23.65420162677765,1.9811300933361051,277,0.6286372761816467,"ood:cond:pp:2998.82 outside [505.725,2097.14]",2998.8207201043365,0.0340700318664312,8.744342803955078,0.4120700416346525,2.109541803598404,4.0,3.588083535432816,15.423263549804688,4.011599540710449,277,14.352334141731262,6d89f77dc9b6c18c,17.459671825170517,15.981130093336104,1.4785417318344116,4.0,9.301867485046388,23.65420162677765,1.9811300933361051,8.744342803955078,0.4120700416346525,2.109541803598404,4.0,3.588083535432816,15.423263549804688,4.011599540710449,14.352334141731262,15.981130093336104,17.459671825170517,4,14.35233414173126,0.4120700416346525,8.744342803955078,16.478034555912018,15.981130093336105,17.459671825170517,0.4120700416346525
0.0,0.5050291782734958,10.02513027191162,0.4251313903133168,0.5275091696868666,0.0,0.5275091696868666,0.2242607067120009,0.0505803748965263,2637.1712631748915,0.0410104638795852,1.496879160404205,2.620906338095665,4.0,4.0,4.11778549849987,7.464542865753174,23.93568485975265,4.512288272380829,278,0.5275091696868666,"ood:cond:pp:2637.17 outside [505.725,2097.14]",2637.1712631748915,0.0410104638795852,8.9625883102417,0.3635155743176826,2.620906338095665,4.0,4.11778549849987,14.389659881591797,4.603824138641357,278,16.47114199399948,2ede7de1e127286e,20.009167432785038,18.51228827238083,1.496879160404205,4.0,7.464542865753174,23.93568485975265,4.512288272380829,8.9625883102417,0.3635155743176826,2.620906338095665,4.0,4.11778549849987,14.389659881591797,4.603824138641357,16.47114199399948,18.51228827238083,20.009167432785038,4,16.471141993999478,0.3635155743176826,8.9625883102417,15.700113862752913,18.51228827238083,20.009167432785034,0.36351557431768255
0.0,0.5163853574060964,10.054802894592283,0.0766474171340781,3.131134204915052,0.0,3.131134204915052,0.2399933495069039,0.0623229406774044,1420.9977944767772,0.0193708724161982,1.1353472471237185,3.475168138742447,4.0,4.0,4.610515385866165,9.974277019500732,28.416338562965397,1.7468176782131195,279,3.131134204915052,,1420.9977944767772,0.0193708724161982,5.15605354309082,0.2462516990192027,3.475168138742447,4.0,4.610515385866165,17.45772361755371,5.154713153839111,279,18.44206154346466,38967939389b5f97,16.882164925336838,15.74681767821312,1.1353472471237185,4.0,9.974277019500732,28.416338562965397,1.7468176782131195,5.15605354309082,0.2462516990192027,3.475168138742447,4.0,4.610515385866165,17.45772361755371,5.154713153839111,18.44206154346466,15.74681767821312,16.882164925336838,4,18.442061543464664,0.2462516990192027,5.15605354309082,19.195307791233063,15.74681767821312,16.882164925336838,0.2462516990192028
0.0,0.5265609978414268,9.113485336303713,0.3004292644916721,0.784932147625338,0.0,0.784932147625338,0.2358165877869489,0.0615756325423717,1460.3797660069763,0.0422752177925109,0.7030350714921951,3.320511519908905,4.0,4.0,4.0235465914011,8.366657733917236,24.46084409952164,2.6456218957901,280,0.784932147625338,,1460.3797660069763,0.0422752177925109,1.9770331382751465,0.1747301927594631,3.320511519908905,4.0,4.0235465914011,14.753495216369627,4.498461723327637,280,16.0941863656044,137e6e49d1ef0e35,17.348656967282295,16.6456218957901,0.7030350714921951,4.0,8.366657733917236,24.46084409952164,2.6456218957901,1.9770331382751465,0.1747301927594631,3.320511519908905,4.0,4.0235465914011,14.753495216369627,4.498461723327637,16.0941863656044,16.6456218957901,17.348656967282295,4,16.094186365604404,0.1747301927594631,1.9770331382751465,16.413750916719437,16.6456218957901,17.348656967282295,0.17473019275946314
0.0,0.5211165830695841,12.592832565307615,1.1304356499453825,0.1936685994262186,0.0,0.1936685994262186,0.2189298890663893,0.0375410579144954,2757.551215227008,0.0881983702859878,1.473810851573944,5.001064740121365,4.0,4.0,6.474875591695309,2.280904322862625,28.18040668964386,3.167267143726349,281,0.1936685994262186,"ood:cond:pp:2757.55 outside [505.725,2097.14]",2757.551215227008,0.0881983702859878,8.688474655151367,0.2276199489399082,5.001064740121365,4.0,6.474875591695309,12.73012351989746,7.239130973815918,281,25.899502366781235,e6d3b73870e2e123,18.641077995300293,17.16726714372635,1.473810851573944,4.0,2.280904322862625,28.18040668964386,3.167267143726349,8.688474655151367,0.2276199489399082,5.001064740121365,4.0,6.474875591695309,12.73012351989746,7.239130973815918,25.899502366781235,17.16726714372635,18.641077995300293,4,25.899502366781235,0.2276199489399082,8.688474655151367,15.230655506253242,17.16726714372635,18.641077995300293,0.2276199489399082
0.0,0.496019515281153,10.556256294250488,0.579668277442675,0.4888586702319473,0.0,0.4888586702319473,0.2833758632862696,0.0451605059206485,2861.231930510104,0.0505025113511085,0.6489217728376389,3.674244865775108,4.0,4.0,4.323166638612747,9.745121479034424,27.037788033485413,0.8662886917591095,282,0.4888586702319473,"ood:cond:pp:2861.23 outside [505.725,2097.14]",2861.231930510104,0.0505025113511085,1.6843979358673096,0.1501033448587746,3.674244865775108,4.0,4.323166638612747,16.554332733154297,4.833446979522705,282,17.29266655445099,9934fb4a07385bfa,15.515210464596748,14.86628869175911,0.6489217728376389,4.0,9.745121479034424,27.037788033485413,0.8662886917591095,1.6843979358673096,0.1501033448587746,3.674244865775108,4.0,4.323166638612747,16.554332733154297,4.833446979522705,17.29266655445099,14.86628869175911,15.515210464596748,4,17.29266655445099,0.1501033448587746,1.6843979358673096,18.391454756259918,14.86628869175911,15.515210464596748,0.15010334485877466
0.0,0.5999082702770872,11.76443576812744,1.6662235571282382,0.1625150244703471,0.0,0.1625150244703471,0.2707863621597645,0.0384849160909652,2066.8863737465144,0.0954812585568428,0.7136541157960892,3.482785888016224,4.0,4.0,4.196440003812313,3.836819887161255,20.622579902410507,3.136829733848572,283,0.1625150244703471,,2066.8863737465144,0.0954812585568428,2.0372087955474854,0.1700617940796867,3.482785888016224,4.0,4.196440003812313,10.488306999206545,4.691762447357178,283,16.785760015249252,b95b7da0b3a15edd,17.85048384964466,17.136829733848572,0.7136541157960892,4.0,3.836819887161255,20.622579902410507,3.136829733848572,2.0372087955474854,0.1700617940796867,3.482785888016224,4.0,4.196440003812313,10.488306999206545,4.691762447357178,16.785760015249252,17.136829733848572,17.85048384964466,4,16.785760015249252,0.1700617940796867,2.0372087955474854,12.229699894785881,17.136829733848572,17.85048384964466,0.1700617940796867
0.0,0.6087651063124213,12.737568855285645,1.8281340566716904,0.152849933596633,0.0,0.152849933596633,0.2794301691680113,0.0355306789278984,2239.562246908426,0.0944546081447601,0.8897868096828461,2.7829800359904766,4.0,4.0,3.6727668456733222,6.167209625244141,20.85827700793743,0.0182190141640603,284,0.152849933596633,"ood:cond:pp:2239.56 outside [505.725,2097.14]",2239.562246908426,0.0944546081447601,3.1668825149536133,0.242266075433308,2.7829800359904766,4.0,3.6727668456733222,12.121253967285156,4.106278419494629,284,14.69106738269329,80b10750fe594881,14.908005823846906,14.01821901416406,0.8897868096828461,4.0,6.167209625244141,20.85827700793743,0.0182190141640603,3.1668825149536133,0.242266075433308,2.7829800359904766,4.0,3.6727668456733222,12.121253967285156,4.106278419494629,14.69106738269329,14.01821901416406,14.908005823846906,4,14.69106738269329,0.242266075433308,3.1668825149536133,13.512743316590786,14.01821901416406,14.908005823846906,0.24226607543330808
0.0,0.5624827649527359,10.734257698059082,0.8764743165490789,0.28216641544159,0.0,0.28216641544159,0.247311616127271,0.0446394868195056,1972.434219254851,0.0668716683216095,1.3794158101081848,1.8652684355620293,4.0,4.0,3.2446842456702143,7.073651313781738,20.052388296462595,2.172807604074478,285,0.28216641544159,,1972.434219254851,0.0668716683216095,7.611151218414307,0.4251309852257306,1.8652684355620293,4.0,3.2446842456702143,12.630386352539062,3.627667188644409,285,12.978736982680855,6fb0f44964bd64da,17.552223414182663,16.172807604074478,1.3794158101081848,4.0,7.073651313781738,20.052388296462595,2.172807604074478,7.611151218414307,0.4251309852257306,1.8652684355620293,4.0,3.2446842456702143,12.630386352539062,3.627667188644409,12.978736982680855,16.172807604074478,17.552223414182663,4,12.978736982680857,0.4251309852257306,7.611151218414307,13.563019805122167,16.172807604074478,17.552223414182663,0.4251309852257306
0.0,0.4786711165429308,10.917245864868164,0.4904536910325572,0.4333369408164113,0.0,0.4333369408164113,0.2125317020841657,0.0469689406454563,2728.122811189055,0.0494946796897649,0.5765815749764442,5.554939530789852,4.0,4.0,6.131521105766296,5.372177600860596,29.89826202392578,0.0471139466390013,286,0.4333369408164113,"ood:cond:pp:2728.12 outside [505.725,2097.14]",2728.122811189055,0.0494946796897649,1.3297853469848633,0.0940356503762511,5.554939530789852,4.0,6.131521105766296,14.857749938964844,6.85524845123291,286,24.526084423065186,f26d0396992afb74,14.623695521615446,14.047113946639,0.5765815749764442,4.0,5.372177600860596,29.89826202392578,0.0471139466390013,1.3297853469848633,0.0940356503762511,5.554939530789852,4.0,6.131521105766296,14.857749938964844,6.85524845123291,24.526084423065186,14.047113946639,14.623695521615446,4,24.526084423065186,0.0940356503762511,1.3297853469848633,17.63521981239319,14.047113946639001,14.623695521615446,0.09403565037625114
0.0,0.5499122312046515,10.15650463104248,0.9200682599620084,0.2413592018098195,0.0,0.2413592018098195,0.2220669408349799,0.0442753806710243,1734.5527121661007,0.0831077871391773,0.510609382763505,4.539515947923064,4.0,4.0,5.050125330686569,4.702160120010376,24.902661442756653,0.2899114042520523,287,0.2413592018098195,,1734.5527121661007,0.0831077871391773,1.042887806892395,0.1011082595635477,4.539515947923064,4.0,5.050125330686569,12.532652854919434,5.646212100982666,287,20.20050132274628,3742e53dd0b0f778,14.800520787015556,14.289911404252052,0.510609382763505,4.0,4.702160120010376,24.902661442756653,0.2899114042520523,1.042887806892395,0.1011082595635477,4.539515947923064,4.0,5.050125330686569,12.532652854919434,5.646212100982666,20.20050132274628,14.289911404252052,14.800520787015556,4,20.200501322746277,0.1011082595635477,1.042887806892395,14.802410781383514,14.289911404252052,14.800520787015557,0.10110825956354774
0.0,0.5479939033343242,10.204142570495604,0.0486277624486888,3.0381223482313957,0.0,3.0381223482313957,0.1477370918398489,0.0678932517766952,666.2891582882703,0.0232406803464293,1.1617093086242676,4.197393149137497,4.0,4.0,5.3591024577617645,4.859785556793213,26.29619538784027,2.067640870809555,288,3.0381223482313957,,666.2891582882703,0.0232406803464293,5.398273944854736,0.2167731103818934,4.197393149137497,4.0,5.3591024577617645,13.479294776916504,5.991659164428711,288,21.436409831047055,d461b0379e862948,17.229350179433823,16.067640870809555,1.1617093086242676,4.0,4.859785556793213,26.29619538784027,2.067640870809555,5.398273944854736,0.2167731103818934,4.197393149137497,4.0,5.3591024577617645,13.479294776916504,5.991659164428711,21.436409831047055,16.067640870809555,17.229350179433823,4,21.436409831047058,0.2167731103818934,5.398273944854736,15.577990472316742,16.067640870809555,17.229350179433823,0.21677311038189348
0.0,0.4706586022372114,9.539334297180176,0.3482515297207055,0.7505505632646222,0.0,0.7505505632646222,0.2613803817896418,0.0541940368711948,2672.354974660456,0.0415453370312452,1.305513083934784,3.8816886842250815,4.0,4.0,5.187201768159866,9.05808162689209,29.806888699531555,4.9784716963768005,289,0.7505505632646222,"ood:cond:pp:2672.35 outside [505.725,2097.14]",2672.354974660456,0.0415453370312452,6.817458152770996,0.251679641988923,3.8816886842250815,4.0,5.187201768159866,17.491641998291016,5.799468040466309,289,20.748807072639465,d42e342716100753,20.283984780311584,18.9784716963768,1.305513083934784,4.0,9.05808162689209,29.806888699531555,4.9784716963768005,6.817458152770996,0.251679641988923,3.8816886842250815,4.0,5.187201768159866,17.491641998291016,5.799468040466309,20.748807072639465,18.9784716963768,20.283984780311584,4,20.748807072639465,0.251679641988923,6.817458152770996,19.432485163211823,18.9784716963768,20.283984780311584,0.25167964198892306
0.0,0.6352675184967458,15.023541450500488,0.1109062125120191,2.441396441524492,0.0,2.441396441524492,0.2707660325698025,0.0537473745644092,1900.1812139599324,0.015927866136372,1.4077978134155271,3.363765202462673,4.0,4.0,4.7715630158782005,2.158525228500366,21.24477729201317,0.1183677371591329,290,2.441396441524492,,1900.1812139599324,0.015927866136372,7.927578926086426,0.295039132613535,3.363765202462673,4.0,4.7715630158782005,10.019768714904783,5.3347697257995605,290,19.0862520635128,2c29302c1d78a7b5,15.52616555057466,14.118367737159131,1.4077978134155271,4.0,2.158525228500366,21.24477729201317,0.1183677371591329,7.927578926086426,0.295039132613535,3.363765202462673,4.0,4.7715630158782005,10.019768714904783,5.3347697257995605,19.0862520635128,14.118367737159131,15.52616555057466,4,19.086252063512802,0.295039132613535,7.927578926086426,11.701651260256767,14.118367737159133,15.52616555057466,0.2950391326135349
0.0,0.5741541309164151,12.442606925964355,0.1832123712644933,1.285216132731133,0.0,1.285216132731133,0.2354674952650527,0.0519498027861118,2446.397575626313,0.0194747116459012,1.2365788221359253,2.895138002932072,4.0,4.0,4.131716825067997,5.916677713394165,22.443545013666157,0.7253974676132202,291,1.285216132731133,"ood:cond:pp:2446.4 outside [505.725,2097.14]",2446.397575626313,0.0194747116459012,6.116508960723877,0.2992893449602695,2.895138002932072,4.0,4.131716825067997,12.732542037963867,4.619399547576904,291,16.526867300271988,e878557c951dbf16,15.961976289749146,14.72539746761322,1.2365788221359253,4.0,5.916677713394165,22.443545013666157,0.7253974676132202,6.116508960723877,0.2992893449602695,2.895138002932072,4.0,4.131716825067997,12.732542037963867,4.619399547576904,16.526867300271988,14.72539746761322,15.961976289749146,4,16.52686730027199,0.2992893449602695,6.116508960723877,14.18011136353016,14.72539746761322,15.961976289749146,0.29928934496026954
0.0,0.5226217483402539,8.023548126220703,0.2768358620144464,0.8072725577553107,0.0,0.8072725577553107,0.2234819944067984,0.0593183077871799,605.1086439012773,0.0755879205112457,0.6042556688189507,4.6596288457512856,4.0,4.0,5.263884514570236,4.509367942810059,25.564906001091003,3.778645098209381,292,0.8072725577553107,,605.1086439012773,0.0755879205112457,1.46049964427948,0.1147927290476061,4.6596288457512856,4.0,5.263884514570236,12.70732307434082,5.885201930999756,292,21.055538058280945,f81030a94949da8b,18.38290076702833,17.77864509820938,0.6042556688189507,4.0,4.509367942810059,25.564906001091003,3.778645098209381,1.46049964427948,0.1147927290476061,4.6596288457512856,4.0,5.263884514570236,12.70732307434082,5.885201930999756,21.055538058280945,17.77864509820938,18.38290076702833,4,21.055538058280945,0.1147927290476061,1.46049964427948,15.037136971950531,17.77864509820938,18.38290076702833,0.1147927290476061
0.0,0.5210702124548053,9.106514930725098,0.4288866717432353,0.6006871816236414,0.0,0.6006871816236414,0.2576267260853879,0.0559947006404399,1843.8620036660432,0.0478097365097999,1.341425895690918,1.99575237929821,4.0,4.0,3.337178274989128,9.41105318069458,22.759766280651093,4.381133317947388,293,0.6006871816236414,,1843.8620036660432,0.0478097365097999,7.197693824768066,0.4019641101419096,1.99575237929821,4.0,3.337178274989128,15.087533950805664,3.731078863143921,293,13.348713099956512,ff803df72c7eee0a,19.722559213638306,18.381133317947388,1.341425895690918,4.0,9.41105318069458,22.759766280651093,4.381133317947388,7.197693824768066,0.4019641101419096,1.99575237929821,4.0,3.337178274989128,15.087533950805664,3.731078863143921,13.348713099956512,18.381133317947388,19.722559213638306,4,13.348713099956512,0.4019641101419096,7.197693824768066,16.085409730672836,18.381133317947388,19.722559213638306,0.40196411014190964
0.0,0.5731434682925303,10.736212730407717,1.457744802865122,0.1998374061376755,0.0,0.1998374061376755,0.2913119402152431,0.0404529385268688,2186.064720475137,0.0879704796285629,1.0576849579811096,2.021794879809022,4.0,4.0,3.079479837790132,8.24767780303955,20.56559715420008,4.583229124546051,294,0.1998374061376755,"ood:cond:pp:2186.06 outside [505.725,2097.14]",2186.064720475137,0.0879704796285629,4.474789142608643,0.3434622123521081,2.021794879809022,4.0,3.079479837790132,13.395740509033203,3.442962884902954,294,12.317919351160526,64165a9b313e5933,19.64091408252716,18.58322912454605,1.0576849579811096,4.0,8.24767780303955,20.56559715420008,4.583229124546051,4.474789142608643,0.3434622123521081,2.021794879809022,4.0,3.079479837790132,13.395740509033203,3.442962884902954,12.317919351160526,18.58322912454605,19.64091408252716,4,12.31791935116053,0.3434622123521081,4.474789142608643,14.406637478619816,18.58322912454605,19.64091408252716,0.34346221235210805
0.0,0.5107059894855845,10.211861610412598,0.8675244750209717,0.2689364181756454,0.0,0.2689364181756454,0.2333089249918473,0.0441405214369297,2281.8985055342314,0.0808199082646369,1.0207684636116028,4.398537933826447,4.0,4.0,5.419306397438049,5.708487272262573,27.38571286201477,4.883797764778137,295,0.2689364181756454,"ood:cond:pp:2281.9 outside [505.725,2097.14]",2281.8985055342314,0.0808199082646369,4.167872428894043,0.1883577691961034,4.398537933826447,4.0,5.419306397438049,14.34783172607422,6.058969020843506,295,21.6772255897522,773c3dfd7c20f488,19.90456622838974,18.883797764778137,1.0207684636116028,4.0,5.708487272262573,27.38571286201477,4.883797764778137,4.167872428894043,0.1883577691961034,4.398537933826447,4.0,5.419306397438049,14.34783172607422,6.058969020843506,21.6772255897522,18.883797764778137,19.90456622838974,4,21.677225589752197,0.1883577691961034,4.167872428894043,16.547100067138672,18.883797764778137,19.90456622838974,0.18835776919610342
0.0,0.5173438742341782,8.623541831970215,0.3176035787489651,0.6681261084089827,0.0,0.6681261084089827,0.2121992430863119,0.0608219988644123,969.4822555322796,0.0658674688551426,0.8829924166202545,5.192721903324127,4.0,4.0,6.075714319944382,3.8097825050354,28.112639784812927,1.612914800643921,296,0.6681261084089827,,969.4822555322796,0.0658674688551426,3.118702173233032,0.1453314573599533,5.192721903324127,4.0,6.075714319944382,13.364850997924805,6.792855262756348,296,24.302857279777527,e7843d346f3a8aab,16.495907217264175,15.61291480064392,0.8829924166202545,4.0,3.8097825050354,28.112639784812927,1.612914800643921,3.118702173233032,0.1453314573599533,5.192721903324127,4.0,6.075714319944382,13.364850997924805,6.792855262756348,24.302857279777527,15.61291480064392,16.495907217264175,4,24.302857279777527,0.1453314573599533,3.118702173233032,15.961211144924164,15.612914800643921,16.495907217264175,0.1453314573599533
0.0,0.5611040622228178,8.70071029663086,0.6140794429494227,0.3770557108806462,0.0,0.3770557108806462,0.2315421608984858,0.0486886017024517,771.8374682365954,0.0986711507639885,0.8862825036048889,3.9244192242622375,4.0,4.0,4.810701727867127,3.620535254478455,22.86334216594696,0.3239118307828903,297,0.3770557108806462,,771.8374682365954,0.0986711507639885,3.141986608505249,0.1842314393492508,3.9244192242622375,4.0,4.810701727867127,11.279728889465332,5.378528118133545,297,19.242806911468502,167b643bf3723d35,15.21019433438778,14.32391183078289,0.8862825036048889,4.0,3.620535254478455,22.86334216594696,0.3239118307828903,3.141986608505249,0.1842314393492508,3.9244192242622375,4.0,4.810701727867127,11.279728889465332,5.378528118133545,19.242806911468502,14.32391183078289,15.21019433438778,4,19.242806911468506,0.1842314393492508,3.141986608505249,13.241938710212708,14.32391183078289,15.21019433438778,0.18423143934925085
0.0,0.4904993219950492,9.416373252868652,0.5393588251062085,0.5273341467142427,0.0,0.5273341467142427,0.2844223258101789,0.050209742039442,2388.443569620132,0.0557417808041572,0.6811256110668182,3.502172946929932,4.0,4.0,4.18329855799675,9.816590309143066,26.549784541130062,4.906633198261261,298,0.5273341467142427,"ood:cond:pp:2388.44 outside [505.725,2097.14]",2388.443569620132,0.0557417808041572,1.8557285070419312,0.1628202246681116,3.502172946929932,4.0,4.18329855799675,16.432100296020508,4.677069664001465,298,16.733194231987,73991180bbcf6b4c,19.58775880932808,18.90663319826126,0.6811256110668182,4.0,9.816590309143066,26.549784541130062,4.906633198261261,1.8557285070419312,0.1628202246681116,3.502172946929932,4.0,4.18329855799675,16.432100296020508,4.677069664001465,16.733194231987,18.90663319826126,19.58775880932808,4,16.733194231986996,0.1628202246681116,1.8557285070419312,18.183187425136566,18.90663319826126,19.58775880932808,0.16282022466811163
0.0,0.5251702703823048,10.600268363952637,0.3222344012653627,0.5626030309024953,0.0,0.5626030309024953,0.1812900508129439,0.0513627715408802,2286.590757226765,0.0342465236486196,0.6251291036605835,5.092699699103832,4.0,4.0,5.717828802764416,2.35221591591835,25.223531126976013,0.00897848745808,299,0.5626030309024953,"ood:cond:pp:2286.59 outside [505.725,2097.14]",2286.590757226765,0.0342465236486196,1.563145637512207,0.1093298042358929,5.092699699103832,4.0,5.717828802764416,11.24152374267578,6.392727375030518,299,22.871315211057663,196615518c007ead,14.634107591118664,14.00897848745808,0.6251291036605835,4.0,2.35221591591835,25.223531126976013,0.00897848745808,1.563145637512207,0.1093298042358929,5.092699699103832,4.0,5.717828802764416,11.24152374267578,6.392727375030518,22.871315211057663,14.00897848745808,14.634107591118664,4,22.871315211057663,0.1093298042358929,1.563145637512207,13.787873521447182,14.00897848745808,14.634107591118664,0.1093298042358929
0.0,0.4720573291072754,10.404523849487305,0.4047285574432428,0.513980017289362,0.0,0.513980017289362,0.2080223909521765,0.0498888753354549,2745.759190103233,0.0428781390621662,1.4059020280838013,4.552176475524902,4.0,4.0,5.958078503608704,5.450097322463989,29.282411336898804,1.6613209247589111,300,0.513980017289362,"ood:cond:pp:2745.76 outside [505.725,2097.14]",2745.759190103233,0.0428781390621662,7.9062418937683105,0.2359656770605273,4.552176475524902,4.0,5.958078503608704,15.090166091918944,6.66133451461792,300,23.83231401443481,2f4ff7a5b1846722,17.067222952842712,15.661320924758911,1.4059020280838013,4.0,5.450097322463989,29.282411336898804,1.6613209247589111,7.9062418937683105,0.2359656770605273,4.552176475524902,4.0,5.958078503608704,15.090166091918944,6.66133451461792,23.83231401443481,15.661320924758911,17.067222952842712,4,23.832314014434814,0.2359656770605273,7.9062418937683105,17.366254329681396,15.661320924758911,17.067222952842712,0.23596567706052732
0.0,0.5671528741809398,14.3199462890625,0.0136551702829409,5.791019320728871,0.0,5.791019320728871,0.0790773549363536,0.0692716836929321,572.8983685631231,0.0128813194088041,0.5123131740838289,6.309882802888751,4.0,4.0,6.82219597697258,2.422487616539001,29.71127152442932,3.3621707558631897,301,5.791019320728871,,572.8983685631231,0.0128813194088041,1.0498591661453247,0.0750950538232959,6.309882802888751,4.0,6.82219597697258,12.911937713623049,7.62744665145874,301,27.28878390789032,662aa55e123f68e9,17.87448392994702,17.36217075586319,0.5123131740838289,4.0,2.422487616539001,29.71127152442932,3.3621707558631897,1.0498591661453247,0.0750950538232959,6.309882802888751,4.0,6.82219597697258,12.911937713623049,7.62744665145874,27.28878390789032,17.36217075586319,17.87448392994702,4,27.28878390789032,0.0750950538232959,1.0498591661453247,16.06687957048416,17.36217075586319,17.87448392994702,0.07509505382329594
0.0,0.7002865409011683,79.03374481201172,0.0026301679308448,73.86348548137715,0.0,73.86348548137715,0.1942733707735423,0.0929924845695495,2178.617829831183,0.0048754617165178,1.3637691736221311,1.7726944014430046,4.0,4.0,3.136463575065136,8.954012393951416,21.49986669421196,0.5285492539405823,302,73.86348548137715,"ood:cond:pp:2178.62 outside [505.725,2097.14]",2178.617829831183,0.0048754617165178,7.439465522766113,0.4348110988643665,1.7726944014430046,4.0,3.136463575065136,14.34059238433838,3.5066730976104736,302,12.545854300260544,e526dcc49e09fcae,15.892318427562714,14.528549253940582,1.3637691736221311,4.0,8.954012393951416,21.49986669421196,0.5285492539405823,7.439465522766113,0.4348110988643665,1.7726944014430046,4.0,3.136463575065136,14.34059238433838,3.5066730976104736,12.545854300260544,14.528549253940582,15.892318427562714,4,12.545854300260544,0.4348110988643665,7.439465522766113,15.226939544081688,14.528549253940582,15.892318427562714,0.4348110988643665
0.0,0.5378309143737858,10.451153755187988,0.3732290966624267,0.5106626856672053,0.0,0.5106626856672053,0.1905941728707798,0.0530669875442981,2148.4663516507744,0.0403516777794361,0.7896690666675568,3.947892904281616,4.0,4.0,4.737561970949173,4.412903070449829,23.36315095424652,4.560146927833557,303,0.5106626856672053,"ood:cond:pp:2148.47 outside [505.725,2097.14]",2148.4663516507744,0.0403516777794361,2.4943087100982666,0.1666825830479524,3.947892904281616,4.0,4.737561970949173,11.914080619812012,5.296755313873291,303,18.95024788379669,3efd0a4f464426b6,19.349815994501117,18.56014692783356,0.7896690666675568,4.0,4.412903070449829,23.36315095424652,4.560146927833557,2.4943087100982666,0.1666825830479524,3.947892904281616,4.0,4.737561970949173,11.914080619812012,5.296755313873291,18.95024788379669,18.56014692783356,19.349815994501117,4,18.950247883796692,0.1666825830479524,2.4943087100982666,13.888027012348175,18.560146927833557,19.349815994501114,0.16668258304795244
0.0,0.5845659751821991,14.84423828125,0.0513969989295411,3.139983816468212,0.0,3.139983816468212,0.1613857448537931,0.060640912503004,2050.3884203633665,0.0136585160716772,1.1471659541130066,4.847699835896492,4.0,4.0,5.994865790009499,2.4559949040412903,26.435458064079285,4.838154911994934,304,3.139983816468212,,2050.3884203633665,0.0136585160716772,5.2639594078063965,0.1913580711055733,4.847699835896492,4.0,5.994865790009499,12.021876335144045,6.702463626861572,304,23.979463160037994,e7361bfd0ff46fe8,19.98532086610794,18.83815491199493,1.1471659541130066,4.0,2.4559949040412903,26.435458064079285,4.838154911994934,5.2639594078063965,0.1913580711055733,4.847699835896492,4.0,5.994865790009499,12.021876335144045,6.702463626861572,23.979463160037994,18.83815491199493,19.98532086610794,4,23.979463160037994,0.1913580711055733,5.2639594078063965,14.445726484060287,18.838154911994934,19.98532086610794,0.19135807110557332
0.0,0.6102767027871024,13.930431365966797,2.07580504083415,0.1403806766331685,0.0,0.1403806766331685,0.29140291619084,0.0316617488861084,2775.583768604517,0.0989236561050415,0.6565223336219788,3.2754900008440018,4.0,4.0,3.932012334465981,7.277196884155273,23.0052462220192,1.307675838470459,305,0.1403806766331685,"ood:cond:pp:2775.58 outside [505.725,2097.14]",2775.583768604517,0.0989236561050415,1.7240862846374512,0.1669685336099392,3.2754900008440018,4.0,3.932012334465981,13.503477096557615,4.39612340927124,305,15.728049337863922,cb7b2de8a2589047,15.964198172092438,15.30767583847046,0.6565223336219788,4.0,7.277196884155273,23.0052462220192,1.307675838470459,1.7240862846374512,0.1669685336099392,3.2754900008440018,4.0,3.932012334465981,13.503477096557615,4.39612340927124,15.728049337863922,15.30767583847046,15.964198172092438,4,15.728049337863926,0.1669685336099392,1.7240862846374512,15.141221553087236,15.307675838470459,15.964198172092438,0.16696853360993924
0.0,0.5923993454610172,28.731801986694336,0.0084846878545831,21.85508231477828,0.0,21.85508231477828,0.1854335514771136,0.0786789506673812,2102.3030328433515,0.0079656694315671,1.198026478290558,1.0266355752944945,5.0,5.0,2.2246620535850523,9.934473991394045,21.057784259319305,4.982379674911499,306,21.85508231477828,"ood:cond:pp:2102.3 outside [505.725,2097.14]",2102.3030328433515,0.0079656694315671,7.176336765289307,0.5385206604121885,1.0266355752944945,5.0,2.2246620535850523,14.982810974121094,3.1461470127105717,306,11.123310267925262,82bf25303407d166,20.180406153202057,18.9823796749115,1.198026478290558,5.0,9.934473991394045,21.057784259319305,4.982379674911499,7.176336765289307,0.5385206604121885,1.0266355752944945,5.0,2.2246620535850523,14.982810974121094,3.1461470127105717,11.123310267925262,18.9823796749115,20.180406153202057,5,11.12331026792526,0.5385206604121885,7.176336765289307,15.496129125356674,18.9823796749115,20.180406153202057,0.5385206604121886
0.0,0.5224498547752293,8.48910140991211,0.5381600447816823,0.469147220220744,0.0,0.469147220220744,0.2524762890431974,0.0520370043814182,1114.551941364646,0.0899577950983047,0.6968315243721008,4.346688067913055,5.0,5.0,5.043519592285156,4.406494617462158,29.62409257888794,0.1676419377326965,307,0.469147220220744,,1114.551941364646,0.0899577950983047,2.427870988845825,0.1381637389568214,4.346688067913055,5.0,5.043519592285156,14.841949462890623,7.132614135742188,307,25.21759796142578,69c5ff25c66e7624,14.864473462104796,14.167641937732697,0.6968315243721008,5.0,4.406494617462158,29.62409257888794,0.1676419377326965,2.427870988845825,0.1381637389568214,4.346688067913055,5.0,5.043519592285156,14.841949462890623,7.132614135742188,25.21759796142578,14.167641937732697,14.864473462104796,5,25.21759796142578,0.1381637389568214,2.427870988845825,17.01529359817505,14.167641937732697,14.864473462104797,0.13816373895682146
0.0,0.5302199175235456,12.805917739868164,1.2412297667546484,0.2128259095646734,0.0,0.2128259095646734,0.2641658540883055,0.0373472534120082,2930.645264285862,0.0926673605465888,0.9875210523605348,3.726139235496521,5.0,5.0,4.713660287857056,5.972821474075317,29.5411229133606,4.898671507835388,308,0.2128259095646734,"ood:cond:pp:2930.65 outside [505.725,2097.14]",2930.645264285862,0.0926673605465888,4.875989437103272,0.20950195645293,3.726139235496521,5.0,4.713660287857056,15.893902778625488,6.666121959686279,308,23.56830143928528,e3d355829bb2db8c,19.886192560195923,18.898671507835388,0.9875210523605348,5.0,5.972821474075317,29.5411229133606,4.898671507835388,4.875989437103272,0.20950195645293,3.726139235496521,5.0,4.713660287857056,15.893902778625488,6.666121959686279,23.56830143928528,18.898671507835388,19.886192560195923,5,23.568301439285282,0.20950195645293,4.875989437103272,17.756972193717957,18.898671507835388,19.886192560195923,0.20950195645293004
0.0,0.5596968404852576,10.602999687194824,0.3807892530271755,0.7468563140368357,0.0,0.7468563140368357,0.2843948579407163,0.0483218245208263,2954.618948029995,0.0263230030395388,0.5933456942439079,1.6423554554581643,5.0,5.0,2.235701149702072,9.465834617614746,20.644340366125107,0.1421934645622968,309,0.7468563140368357,"ood:cond:pp:2954.62 outside [505.725,2097.14]",2954.618948029995,0.0263230030395388,1.7602956295013428,0.2653957995785692,1.6423554554581643,5.0,2.235701149702072,14.233909606933594,3.1617588996887207,309,11.17850574851036,97f672e70d649784,14.735539158806205,14.142193464562297,0.5933456942439079,5.0,9.465834617614746,20.644340366125107,0.1421934645622968,1.7602956295013428,0.2653957995785692,1.6423554554581643,5.0,2.235701149702072,14.233909606933594,3.1617588996887207,11.17850574851036,14.142193464562297,14.735539158806205,5,11.17850574851036,0.2653957995785692,1.7602956295013428,15.055087491869926,14.142193464562297,14.735539158806205,0.2653957995785693
0.0,0.5178392615909069,9.997535705566406,0.0657656383537702,3.7596089208962873,0.0,3.7596089208962873,0.2472530806432737,0.0623838417232036,1286.0646373827158,0.018025027372539,1.4037107229232788,2.54981861114502,5.0,5.0,3.9535293340682975,9.37478256225586,29.14242923259735,0.4814685136079788,310,3.7596089208962873,,1286.0646373827158,0.018025027372539,9.85201930999756,0.3550525629915635,2.54981861114502,5.0,3.9535293340682975,17.98369598388672,5.591134548187256,310,19.76764667034149,d4550fb76df9d352,15.885179236531258,14.48146851360798,1.4037107229232788,5.0,9.37478256225586,29.14242923259735,0.4814685136079788,9.85201930999756,0.3550525629915635,2.54981861114502,5.0,3.9535293340682975,17.98369598388672,5.591134548187256,19.76764667034149,14.48146851360798,15.885179236531258,5,19.76764667034149,0.3550525629915635,9.85201930999756,19.258605897426605,14.481468513607979,15.885179236531258,0.3550525629915636
0.0,0.5703779529277194,42.37235641479492,0.0008314603067318,421.5794112666976,0.0,421.5794112666976,0.3505265466036556,0.0969926193356514,538.7152252305467,0.006995698136717,1.3350776433944702,3.881297397613525,5.0,5.0,5.216375041007995,3.027259469032288,29.109134674072266,4.387310147285461,311,421.5794112666976,,538.7152252305467,0.006995698136717,8.912161827087402,0.2559397345664172,3.881297397613525,5.0,5.216375041007995,14.127548217773438,7.377068519592285,311,26.081875205039974,2b74b2891ac6eed0,19.72238779067993,18.38731014728546,1.3350776433944702,5.0,3.027259469032288,29.109134674072266,4.387310147285461,8.912161827087402,0.2559397345664172,3.881297397613525,5.0,5.216375041007995,14.127548217773438,7.377068519592285,26.081875205039974,18.38731014728546,19.72238779067993,5,26.081875205039978,0.2559397345664172,8.912161827087402,16.068197071552277,18.38731014728546,19.72238779067993,0.2559397345664172
0.0,0.5667690706844578,10.349530220031738,0.9119368736384402,0.2571389467134986,0.0,0.2571389467134986,0.2344944871565894,0.0463546067476272,1771.2192162162064,0.0760259303245544,1.3761102557182312,1.731688567996025,5.0,5.0,3.107798823714256,5.472931146621704,21.011925265192986,2.2831152379512787,312,0.2571389467134986,,1771.2192162162064,0.0760259303245544,9.468398094177246,0.442792578856049,1.731688567996025,5.0,3.107798823714256,12.37658405303955,4.395091533660889,312,15.53899411857128,936780d9cf7481dc,17.65922549366951,16.28311523795128,1.3761102557182312,5.0,5.472931146621704,21.011925265192986,2.2831152379512787,9.468398094177246,0.442792578856049,1.731688567996025,5.0,3.107798823714256,12.37658405303955,4.395091533660889,15.53899411857128,16.28311523795128,17.65922549366951,5,15.538994118571281,0.442792578856049,9.468398094177246,13.242428205907345,16.28311523795128,17.65922549366951,0.442792578856049
0.0,0.6375361793912848,21.164804458618164,0.0443738610079163,6.283872845112342,0.0,6.283872845112342,0.2788397002204347,0.0610832311213016,2545.638015095055,0.0106838898319005,0.5311582870781422,3.586121838539839,5.0,5.0,4.117280125617981,2.7013954520225525,23.287796080112457,3.482804596424103,313,6.283872845112342,"ood:cond:pp:2545.64 outside [505.725,2097.14]",2545.638015095055,0.0106838898319005,1.4106454849243164,0.1290070801287581,3.586121838539839,5.0,4.117280125617981,11.20153522491455,5.8227128982543945,313,20.586400628089905,7d7071a78ffeb66f,18.013962883502245,17.482804596424103,0.5311582870781422,5.0,2.7013954520225525,23.287796080112457,3.482804596424103,1.4106454849243164,0.1290070801287581,3.586121838539839,5.0,4.117280125617981,11.20153522491455,5.8227128982543945,20.586400628089905,17.482804596424103,18.013962883502245,5,20.586400628089905,0.1290070801287581,1.4106454849243164,12.994595766067505,17.482804596424103,18.013962883502245,0.1290070801287581
0.0,0.5064765701968627,8.19217300415039,0.29428435551779,1.1011316031882847,0.0,1.1011316031882847,0.3240458041845352,0.0648659542202949,1453.0254895058572,0.0452563900610208,0.7458885014057159,2.769001430273056,5.0,5.0,3.514889931678772,9.9465651512146,27.52101480960846,3.296983242034912,314,1.1011316031882847,,1453.0254895058572,0.0452563900610208,2.7817482948303223,0.2122082101869593,2.769001430273056,5.0,3.514889931678772,17.349288940429688,4.970804691314697,314,17.57444965839386,038ed139a6c26eae,18.042871743440628,17.296983242034912,0.7458885014057159,5.0,9.9465651512146,27.52101480960846,3.296983242034912,2.7817482948303223,0.2122082101869593,2.769001430273056,5.0,3.514889931678772,17.349288940429688,4.970804691314697,17.57444965839386,17.296983242034912,18.042871743440628,5,17.57444965839386,0.2122082101869593,2.7817482948303223,18.73378998041153,17.296983242034912,18.042871743440628,0.21220821018695932
0.0,0.5232679746430762,24.083969116210938,0.004006186175038,40.16905815766987,0.0,40.16905815766987,0.1609247254555573,0.087947592139244,2053.1589657566547,0.0070642734855413,1.4907773733139038,2.212540102005005,5.0,5.0,3.703317475318909,9.228767395019531,27.745354771614075,4.637054800987244,315,40.16905815766987,,2053.1589657566547,0.0070642734855413,11.112085342407228,0.4025518695735171,2.212540102005005,5.0,3.703317475318909,17.38079261779785,5.237281799316406,315,18.516587376594543,93508e3d8d224966,20.127832174301147,18.637054800987244,1.4907773733139038,5.0,9.228767395019531,27.745354771614075,4.637054800987244,11.112085342407228,0.4025518695735171,2.212540102005005,5.0,3.703317475318909,17.38079261779785,5.237281799316406,18.516587376594543,18.637054800987244,20.127832174301147,5,18.516587376594543,0.4025518695735171,11.112085342407228,18.487061083316803,18.637054800987244,20.127832174301147,0.402551869573517
0.0,0.4830897800701544,10.747650146484377,0.5840917953971475,0.4523557465759419,0.0,0.4523557465759419,0.2642172801757589,0.0460086651146411,2892.820042841971,0.0534812515780925,0.5686198845505714,3.856828628480434,5.0,5.0,4.4254485130310055,7.665051937103271,29.7922945022583,1.068373620510101,316,0.4523557465759419,"ood:cond:pp:2892.82 outside [505.725,2097.14]",2892.820042841971,0.0534812515780925,1.616642951965332,0.1284886453601788,3.856828628480434,5.0,4.4254485130310055,16.80025863647461,6.258529186248779,316,22.12724256515503,9422b7cd720f0876,15.636993505060673,15.0683736205101,0.5686198845505714,5.0,7.665051937103271,29.7922945022583,1.068373620510101,1.616642951965332,0.1284886453601788,3.856828628480434,5.0,4.4254485130310055,16.80025863647461,6.258529186248779,22.12724256515503,15.0683736205101,15.636993505060673,5,22.12724256515503,0.1284886453601788,1.616642951965332,18.728673219680786,15.068373620510101,15.636993505060673,0.1284886453601788
0.0,0.556792768756947,8.406810760498047,1.2145712861864413,0.280245177387167,0.0,0.280245177387167,0.3403777455466789,0.0473700650036335,1563.4019248650966,0.0966126858184337,0.6053298786282539,1.8221522137522697,5.0,5.0,2.427482092380524,9.986172199249268,22.12358266115189,4.894961416721344,317,0.280245177387167,,1563.4019248650966,0.0966126858184337,1.8321213722229004,0.2493653323039074,1.8221522137522697,5.0,2.427482092380524,15.14380168914795,3.43297815322876,317,12.137410461902618,df5156f88c33be60,19.5002912953496,18.894961416721344,0.6053298786282539,5.0,9.986172199249268,22.12358266115189,4.894961416721344,1.8321213722229004,0.2493653323039074,1.8221522137522697,5.0,2.427482092380524,15.14380168914795,3.43297815322876,12.137410461902618,18.894961416721344,19.5002912953496,5,12.137410461902622,0.2493653323039074,1.8321213722229004,16.054877430200577,18.894961416721344,19.500291295349598,0.24936533230390745
0.0,0.513101283226999,8.463276863098145,0.2137583052883377,1.1022362632885274,0.0,1.1022362632885274,0.2356121556679057,0.0689811408519744,972.9498598593624,0.0515829840250015,1.446437954902649,3.832164549827576,5.0,5.0,5.278602504730225,3.2853524684906006,29.678364992141724,1.7616075277328491,318,1.1022362632885274,,972.9498598593624,0.0515829840250015,10.460914611816406,0.2740191089604639,3.832164549827576,5.0,5.278602504730225,14.565777778625488,7.465071678161621,318,26.393012523651123,c952001ce48c6572,17.208045482635498,15.76160752773285,1.446437954902649,5.0,3.2853524684906006,29.678364992141724,1.7616075277328491,10.460914611816406,0.2740191089604639,3.832164549827576,5.0,5.278602504730225,14.565777778625488,7.465071678161621,26.393012523651123,15.76160752773285,17.208045482635498,5,26.393012523651123,0.2740191089604639,10.460914611816406,16.481858730316162,15.76160752773285,17.208045482635498,0.27401910896046383
0.0,0.5281824192358584,7.509261608123779,0.3058534671055885,0.8455558132417178,0.0,0.8455558132417178,0.2586161771112649,0.0585296861827373,528.8600788473543,0.0833190141289234,0.5115934116765857,3.497111441381276,5.0,5.0,4.0087048530578615,4.4309821128845215,24.474506378173828,4.845961332321167,319,0.8455558132417178,,528.8600788473543,0.0833190141289234,1.3086390495300293,0.1276206232260625,3.497111441381276,5.0,4.0087048530578615,12.704188346862791,5.669164657592773,319,20.043524265289307,3b3394f26381071f,19.357554743997756,18.845961332321167,0.5115934116765857,5.0,4.4309821128845215,24.474506378173828,4.845961332321167,1.3086390495300293,0.1276206232260625,3.497111441381276,5.0,4.0087048530578615,12.704188346862791,5.669164657592773,20.043524265289307,18.845961332321167,19.357554743997756,5,20.043524265289307,0.1276206232260625,1.3086390495300293,14.452744245529175,18.845961332321167,19.357554743997753,0.12762062322606252
0.0,0.5960089868379267,15.53998851776123,0.0210411274320186,3.9455459305557294,0.0,3.9455459305557294,0.0830187347137056,0.0656976997852325,544.4719007994001,0.0133029035656154,1.2001975178718567,2.872589480876923,5.0,5.0,4.07278699874878,4.598702430725098,24.962637424468998,0.0085319048957899,320,3.9455459305557294,,544.4719007994001,0.0133029035656154,7.202369689941406,0.2946870332871754,2.872589480876923,5.0,4.07278699874878,13.344375610351562,5.759790420532227,320,20.363934993743896,03d8ab462b7b5377,15.208729422767648,14.00853190489579,1.2001975178718567,5.0,4.598702430725098,24.962637424468998,0.0085319048957899,7.202369689941406,0.2946870332871754,2.872589480876923,5.0,4.07278699874878,13.344375610351562,5.759790420532227,20.363934993743896,14.00853190489579,15.208729422767648,5,20.3639349937439,0.2946870332871754,7.202369689941406,14.780669927597048,14.00853190489579,15.208729422767647,0.2946870332871753
0.0,0.4910704776674138,10.569849967956545,0.5783795422013819,0.4992426275635708,0.0,0.4992426275635708,0.2887517223776331,0.0458389371633529,2947.2376157118674,0.0496490003697872,1.4478802680969238,2.372510242462158,5.0,5.0,3.820390510559082,8.6273775100708,27.72933006286621,0.0421294290572404,321,0.4992426275635708,"ood:cond:pp:2947.24 outside [505.725,2097.14]",2947.2376157118674,0.0496490003697872,10.481786727905272,0.3789875050980165,2.372510242462158,5.0,3.820390510559082,16.992097854614258,5.402847766876221,321,19.10195255279541,5c8f0310702f8e63,15.490009697154164,14.04212942905724,1.4478802680969238,5.0,8.6273775100708,27.72933006286621,0.0421294290572404,10.481786727905272,0.3789875050980165,2.372510242462158,5.0,3.820390510559082,16.992097854614258,5.402847766876221,19.10195255279541,14.04212942905724,15.490009697154164,5,19.10195255279541,0.3789875050980165,10.481786727905272,18.178353786468506,14.04212942905724,15.490009697154164,0.3789875050980165
0.0,0.6462779216875487,40.6652946472168,0.0177392783388838,19.457616323932097,0.0,19.457616323932097,0.345164071781442,0.0716335922479629,2873.9795314126013,0.007447113028258,1.4012025594711304,2.5810592114925384,5.0,5.0,3.9822617709636687,2.3222323060035706,22.233541160821915,1.161263883113861,322,19.457616323932097,"ood:cond:pp:2873.98 outside [505.725,2097.14]",2873.9795314126013,0.007447113028258,9.816843032836914,0.3518609875643742,2.5810592114925384,5.0,3.9822617709636687,10.987357139587402,5.631768703460693,322,19.911308854818344,d03281b8fa274e2e,16.56246644258499,15.16126388311386,1.4012025594711304,5.0,2.3222323060035706,22.233541160821915,1.161263883113861,9.816843032836914,0.3518609875643742,2.5810592114925384,5.0,3.9822617709636687,10.987357139587402,5.631768703460693,19.911308854818344,15.16126388311386,16.56246644258499,5,19.911308854818344,0.3518609875643742,9.816843032836914,12.277886733412743,15.161263883113861,16.56246644258499,0.35186098756437423
0.0,0.5554660978076573,11.224410057067873,1.5172686996508784,0.1544392207371635,0.0,0.1544392207371635,0.2343257956229711,0.0391480065882205,2318.453738820433,0.0996101726715564,1.4962235689163208,2.878059601783752,5.0,5.0,4.374283170700073,2.3993073105812077,24.270723164081573,4.296838045120239,323,0.1544392207371635,"ood:cond:pp:2318.45 outside [505.725,2097.14]",2318.453738820433,0.0996101726715564,11.193424224853516,0.3420500023725855,2.878059601783752,5.0,4.374283170700073,11.89598560333252,6.18617057800293,323,21.87141585350037,30ea311196a2dd74,19.79306161403656,18.29683804512024,1.4962235689163208,5.0,2.3993073105812077,24.270723164081573,4.296838045120239,11.193424224853516,0.3420500023725855,2.878059601783752,5.0,4.374283170700073,11.89598560333252,6.18617057800293,21.87141585350037,18.29683804512024,19.79306161403656,5,21.871415853500366,0.3420500023725855,11.193424224853516,13.33501523733139,18.29683804512024,19.79306161403656,0.34205000237258554
0.0,0.5391565525105155,7.86674690246582,0.2725791248365479,0.9313415139038884,0.0,0.9313415139038884,0.2538642547838675,0.0600537620484828,510.7646348642991,0.0700934165222644,0.600314274430275,2.4883134096860884,5.0,5.0,3.088627684116364,7.120738983154297,22.563877403736115,0.7452670484781265,324,0.9313415139038884,,510.7646348642991,0.0700934165222644,1.8018860816955569,0.1943627836781567,2.4883134096860884,5.0,3.088627684116364,13.598152160644531,4.367979526519775,324,15.443138420581818,ee8c82f42b2b1d19,15.3455813229084,14.745267048478128,0.600314274430275,5.0,7.120738983154297,22.563877403736115,0.7452670484781265,1.8018860816955569,0.1943627836781567,2.4883134096860884,5.0,3.088627684116364,13.598152160644531,4.367979526519775,15.443138420581818,14.745267048478128,15.3455813229084,5,15.443138420581818,0.1943627836781567,1.8018860816955569,14.842308193445206,14.745267048478127,15.345581322908401,0.1943627836781567
0.0,0.4830139944568015,6.466822147369385,0.3104950294689338,1.2372823105921689,0.0,1.2372823105921689,0.384170007488706,0.0584636963903903,661.3015410659686,0.086215982368946,0.5497521348297596,3.5001564078032974,5.0,5.0,4.049908542633057,9.601321697235107,29.85086441040039,4.633687436580658,325,1.2372823105921689,,661.3015410659686,0.086215982368946,1.5111368894577026,0.1357443332466804,3.5001564078032974,5.0,4.049908542633057,17.976016998291016,5.72743558883667,325,20.249542713165283,3f532cef2de74733,19.183439571410418,18.633687436580654,0.5497521348297596,5.0,9.601321697235107,29.85086441040039,4.633687436580658,1.5111368894577026,0.1357443332466804,3.5001564078032974,5.0,4.049908542633057,17.976016998291016,5.72743558883667,20.249542713165283,18.633687436580654,19.183439571410418,5,20.249542713165283,0.1357443332466804,1.5111368894577026,19.72609305381775,18.633687436580658,19.183439571410418,0.13574433324668045
0.0,0.4928117926508424,8.332539558410645,0.4655155344579291,0.6942851750039014,0.0,0.6942851750039014,0.323200534308158,0.0585199557244777,1670.890969379574,0.0633968954827785,1.4528939723968506,2.590028762817383,5.0,5.0,4.042922735214233,9.48188066482544,29.696494340896606,4.819115102291107,326,0.6942851750039014,,1670.890969379574,0.0633968954827785,10.55450439453125,0.3593672369105669,2.590028762817383,5.0,4.042922735214233,18.294172286987305,5.717555999755859,326,20.214613676071167,7fc4bee8f43b142c,20.27200907468796,18.819115102291107,1.4528939723968506,5.0,9.48188066482544,29.696494340896606,4.819115102291107,10.55450439453125,0.3593672369105669,2.590028762817383,5.0,4.042922735214233,18.294172286987305,5.717555999755859,20.214613676071167,18.819115102291107,20.27200907468796,5,20.214613676071167,0.3593672369105669,10.55450439453125,19.589187502861023,18.819115102291107,20.272009074687958,0.35936723691056693
0.0,0.547548343080994,11.037382125854492,1.4397707063553264,0.2345234371619977,0.0,0.2345234371619977,0.3376599747796086,0.0395517498254776,2455.232786462784,0.0929701569290161,1.4750674366950989,1.4326600909233091,5.0,5.0,2.907727527618408,9.599274158477783,24.137911796569824,4.277924299240112,327,0.2345234371619977,"ood:cond:pp:2455.23 outside [505.725,2097.14]",2455.232786462784,0.0929701569290161,10.879117965698242,0.5072921801250276,1.4326600909233091,5.0,2.907727527618408,16.152263641357422,4.112147331237793,327,14.53863763809204,2354113bba1425d7,19.75299173593521,18.277924299240112,1.4750674366950989,5.0,9.599274158477783,24.137911796569824,4.277924299240112,10.879117965698242,0.5072921801250276,1.4326600909233091,5.0,2.907727527618408,16.152263641357422,4.112147331237793,14.53863763809204,18.277924299240112,19.75299173593521,5,14.538637638092041,0.5072921801250276,10.879117965698242,16.868592977523804,18.277924299240112,19.75299173593521,0.5072921801250277
0.0,0.6769591443580263,47.510250091552734,0.0004803629596805,805.7042646155246,0.0,805.7042646155246,0.3870304851779358,0.1094958409667015,1399.5605935771464,0.0047286832862719,1.0387922525405884,3.785242867469788,5.0,5.0,4.824035120010376,5.8788886070251465,29.999064207077023,3.7328073382377625,328,805.7042646155246,,1399.5605935771464,0.0047286832862719,5.39544677734375,0.2153367930991253,3.785242867469788,5.0,4.824035120010376,16.046356201171875,6.822216033935547,328,24.12017560005188,45a0805249869cfb,18.77159959077835,17.732807338237762,1.0387922525405884,5.0,5.8788886070251465,29.999064207077023,3.7328073382377625,5.39544677734375,0.2153367930991253,3.785242867469788,5.0,4.824035120010376,16.046356201171875,6.822216033935547,24.12017560005188,17.732807338237762,18.77159959077835,5,24.120175600051876,0.2153367930991253,5.39544677734375,17.938976407051086,17.732807338237762,18.77159959077835,0.2153367930991253
0.0,0.4948393016351577,11.415152549743652,0.7470342017036969,0.3170190866453024,0.0,0.3170190866453024,0.2368241003169086,0.0429147668182849,2761.049889146149,0.0675044434058666,1.1330934166908264,3.470565617084503,5.0,5.0,4.60365903377533,5.573405027389526,28.59170019626617,2.604704201221466,329,0.3170190866453024,"ood:cond:pp:2761.05 outside [505.725,2097.14]",2761.049889146149,0.0675044434058666,6.419502258300781,0.246128874527358,3.470565617084503,5.0,4.60365903377533,15.347270011901855,6.510557174682617,329,23.018295168876648,ba5a3494717c5e74,17.737797617912292,16.604704201221466,1.1330934166908264,5.0,5.573405027389526,28.59170019626617,2.604704201221466,6.419502258300781,0.246128874527358,3.470565617084503,5.0,4.60365903377533,15.347270011901855,6.510557174682617,23.018295168876648,16.604704201221466,17.737797617912292,5,23.018295168876644,0.246128874527358,6.419502258300781,17.08255261182785,16.604704201221466,17.737797617912292,0.24612887452735804
0.0,0.6186848314955055,11.926830291748049,1.6634984659416026,0.1614622620564388,0.0,0.1614622620564388,0.2685922252383469,0.0388149507343769,1959.559664134085,0.0967130832622051,0.5143994335085154,2.809361446648836,5.0,5.0,3.3237608801573515,3.5104000568389893,20.129204457625747,2.4395518004894257,330,0.1614622620564388,,1959.559664134085,0.0967130832622051,1.3230336904525757,0.1547642721771738,2.809361446648836,5.0,3.3237608801573515,10.415121078491213,4.700507640838623,330,16.618804400786757,55b26e773ca8077a,16.95395123399794,16.439551800489426,0.5143994335085154,5.0,3.5104000568389893,20.129204457625747,2.4395518004894257,1.3230336904525757,0.1547642721771738,2.809361446648836,5.0,3.3237608801573515,10.415121078491213,4.700507640838623,16.618804400786757,16.439551800489426,16.95395123399794,5,16.618804400786757,0.1547642721771738,1.3230336904525757,11.819802257232368,16.439551800489426,16.95395123399794,0.15476427217717387
0.0,0.5613305168353339,8.491143226623535,1.0590554260536718,0.3066300071412013,0.0,0.3066300071412013,0.3247381728537654,0.046767484396696,1282.0636469489036,0.0991331578743457,1.461166262626648,1.1966416239738464,5.0,5.0,2.6578078866004944,9.154694080352783,22.44373351335525,0.0540820555761456,331,0.3066300071412013,,1282.0636469489036,0.0991331578743457,10.675034523010254,0.5497636868312452,1.1966416239738464,5.0,2.6578078866004944,15.200894355773926,3.758708238601685,331,13.289039433002472,6b283d16a758cd18,15.515248318202794,14.054082055576146,1.461166262626648,5.0,9.154694080352783,22.44373351335525,0.0540820555761456,10.675034523010254,0.5497636868312452,1.1966416239738464,5.0,2.6578078866004944,15.200894355773926,3.758708238601685,13.289039433002472,14.054082055576146,15.515248318202794,5,13.289039433002468,0.5497636868312452,10.675034523010254,15.799213796854017,14.054082055576146,15.515248318202794,0.5497636868312452
0.0,0.5268699960729426,9.619388580322266,0.3049308609014921,0.8851935057709924,0.0,0.8851935057709924,0.2699228177791586,0.0533947460353374,2811.0154421932098,0.0285480339797735,0.7939671874046326,1.8790269255638123,5.0,5.0,2.672994112968445,9.50605583190918,22.871026396751404,4.674965441226959,332,0.8851935057709924,"ood:cond:pp:2811.02 outside [505.725,2097.14]",2811.0154421932098,0.0285480339797735,3.1519196033477783,0.2970328978850263,1.8790269255638123,5.0,2.672994112968445,15.249028205871582,3.780184984207153,332,13.364970564842224,94c35e1d02ed20fb,19.468932628631592,18.67496544122696,0.7939671874046326,5.0,9.50605583190918,22.871026396751404,4.674965441226959,3.1519196033477783,0.2970328978850263,1.8790269255638123,5.0,2.672994112968445,15.249028205871582,3.780184984207153,13.364970564842224,18.67496544122696,19.468932628631592,5,13.364970564842224,0.2970328978850263,3.1519196033477783,16.18854111433029,18.67496544122696,19.468932628631592,0.2970328978850263
0.0,0.5780369554343362,42.99103546142578,0.0055971365486177,36.84429623983642,0.0,36.84429623983642,0.2062225570920873,0.0810143426060676,2838.217241686404,0.0059373260631933,0.5357419773936272,2.80243970900774,5.0,5.0,3.338181686401368,9.718839168548584,26.40974760055542,0.3939327597618103,333,36.84429623983642,"ood:cond:pp:2838.22 outside [505.725,2097.14]",2838.217241686404,0.0059373260631933,1.435097336769104,0.1604891607835668,2.80243970900774,5.0,3.338181686401368,16.663074493408203,4.720901966094971,333,16.690908432006836,7daaf1f4409a8f83,14.929674737155436,14.39393275976181,0.5357419773936272,5.0,9.718839168548584,26.40974760055542,0.3939327597618103,1.435097336769104,0.1604891607835668,2.80243970900774,5.0,3.338181686401368,16.663074493408203,4.720901966094971,16.690908432006836,14.39393275976181,14.929674737155436,5,16.690908432006836,0.1604891607835668,1.435097336769104,18.064293384552002,14.39393275976181,14.929674737155437,0.16048916078356676
0.0,0.5493123810156609,8.782502174377441,0.0593138724677737,3.921688941241343,0.0,3.921688941241343,0.2326105577190676,0.0688386410474777,697.1689879820347,0.0242901942568421,1.4357019066810608,1.151200759410858,5.0,5.0,2.5869026660919188,9.96129846572876,22.895811796188354,2.8156858682632446,334,3.921688941241343,,697.1689879820347,0.0242901942568421,10.306198120117188,0.5549887614635312,1.151200759410858,5.0,2.5869026660919188,15.852953910827637,3.658432722091675,334,12.934513330459597,1f0d4b44a86d32f1,18.251387774944305,16.815685868263245,1.4357019066810608,5.0,9.96129846572876,22.895811796188354,2.8156858682632446,10.306198120117188,0.5549887614635312,1.151200759410858,5.0,2.5869026660919188,15.852953910827637,3.658432722091675,12.934513330459597,16.815685868263245,18.251387774944305,5,12.934513330459595,0.5549887614635312,10.306198120117188,16.428555130958557,16.815685868263245,18.251387774944305,0.5549887614635312
0.0,0.5950011291729804,11.05154800415039,0.1296597713911075,1.4999419181019424,0.0,1.4999419181019424,0.1944821262010372,0.0650718808174133,1063.479812834874,0.0278169155603647,0.6067055463790894,2.295677214860916,5.0,5.0,2.902382761240005,6.418302059173584,20.93021586537361,3.860257267951965,335,1.4999419181019424,,1063.479812834874,0.0278169155603647,1.8404580354690552,0.2090370555122379,2.295677214860916,5.0,2.902382761240005,12.52642059326172,4.104588985443115,335,14.511913806200027,cbe5fee40bfca065,18.46696281433105,17.860257267951965,0.6067055463790894,5.0,6.418302059173584,20.93021586537361,3.860257267951965,1.8404580354690552,0.2090370555122379,2.295677214860916,5.0,2.902382761240005,12.52642059326172,4.104588985443115,14.511913806200027,17.860257267951965,18.46696281433105,5,14.511913806200027,0.2090370555122379,1.8404580354690552,13.674258962273598,17.860257267951965,18.466962814331055,0.20903705551223795
0.0,0.6618869627953746,18.453022003173828,0.0420593022105713,5.849805008094336,0.0,5.849805008094336,0.2460387167083533,0.0617676451802253,1665.7928804319204,0.0125857715487182,1.192199945449829,2.408511161804199,5.0,5.0,3.6007111072540283,3.221302628517151,21.22485816478729,4.485474228858948,336,5.849805008094336,,1665.7928804319204,0.0125857715487182,7.106703758239746,0.3311012491527052,2.408511161804199,5.0,3.6007111072540283,11.018824577331545,5.092174530029297,336,18.00355553627014,3b6075b8c6216ede,19.677674174308777,18.485474228858948,1.192199945449829,5.0,3.221302628517151,21.22485816478729,4.485474228858948,7.106703758239746,0.3311012491527052,2.408511161804199,5.0,3.6007111072540283,11.018824577331545,5.092174530029297,18.00355553627014,18.485474228858948,19.677674174308777,5,18.003555536270138,0.3311012491527052,7.106703758239746,12.22308039665222,18.485474228858948,19.677674174308777,0.3311012491527052
0.0,0.6042729059795794,14.203201293945312,1.5792242091274131,0.2226123124443322,0.0,0.2226123124443322,0.3515547530619251,0.0327509343624115,2900.310787694812,0.0914995132467746,0.8278995156288147,2.3754996418952943,5.0,5.0,3.203399157524109,9.893099784851074,25.91009557247162,0.4954841360449791,337,0.2226123124443322,"ood:cond:pp:2900.31 outside [505.725,2097.14]",2900.310787694812,0.0914995132467746,3.427088022232056,0.2584440698513182,2.3754996418952943,5.0,3.203399157524109,16.713848114013672,4.530290603637695,337,16.016995787620544,35bed2251a19de08,15.323383651673794,14.49548413604498,0.8278995156288147,5.0,9.893099784851074,25.91009557247162,0.4954841360449791,3.427088022232056,0.2584440698513182,2.3754996418952943,5.0,3.203399157524109,16.713848114013672,4.530290603637695,16.016995787620544,14.49548413604498,15.323383651673794,5,16.016995787620544,0.2584440698513182,3.427088022232056,17.901597678661346,14.495484136044979,15.323383651673794,0.2584440698513182
0.0,0.595550155246784,13.988524436950684,1.916399175662236,0.141596299303079,0.0,0.141596299303079,0.2713550312612438,0.0322503484785556,2740.758621023476,0.0990206319577693,0.7431537210941315,3.0854763448238374,5.0,5.0,3.828630065917969,5.304405212402344,24.447555541992188,0.5222571641206741,338,0.141596299303079,"ood:cond:pp:2740.76 outside [505.725,2097.14]",2740.758621023476,0.0990206319577693,2.76138687133789,0.1941043423624553,3.0854763448238374,5.0,3.828630065917969,13.333242416381836,5.414500236511231,338,19.143150329589844,38949b855b0d4d23,15.265410885214806,14.522257164120674,0.7431537210941315,5.0,5.304405212402344,24.447555541992188,0.5222571641206741,2.76138687133789,0.1941043423624553,3.0854763448238374,5.0,3.828630065917969,13.333242416381836,5.414500236511231,19.143150329589844,14.522257164120674,15.265410885214806,5,19.143150329589844,0.1941043423624553,2.76138687133789,14.875980377197266,14.522257164120674,15.265410885214806,0.19410434236245536
0.0,0.5212105556893872,7.38839054107666,0.3174733088127704,0.8453623456189702,0.0,0.8453623456189702,0.2683799810093793,0.0575026012957096,521.1890207250509,0.0875413786458969,1.2701404094696045,2.600266468524933,5.0,5.0,3.8704068779945375,4.981029272079468,24.333063662052155,4.442506730556488,339,0.8453623456189702,,521.1890207250509,0.0875413786458969,8.066283226013184,0.32816715386981,2.600266468524933,5.0,3.8704068779945375,13.35691261291504,5.473581314086914,339,19.352034389972687,11b044996cee9826,19.712647140026093,18.442506730556488,1.2701404094696045,5.0,4.981029272079468,24.333063662052155,4.442506730556488,8.066283226013184,0.32816715386981,2.600266468524933,5.0,3.8704068779945375,13.35691261291504,5.473581314086914,19.352034389972687,18.442506730556488,19.712647140026093,5,19.352034389972687,0.32816715386981,8.066283226013184,14.657046467065811,18.442506730556488,19.712647140026093,0.32816715386981005
0.0,0.5131280660308368,7.489511013031006,0.2441759410541528,1.3417923869203667,0.0,1.3417923869203667,0.3276334187755785,0.0658591240644455,770.5242948325276,0.0580817855699062,0.8227335512638092,2.7565238177776337,5.0,5.0,3.579257369041443,9.101402759552002,26.997689604759216,0.3139658272266388,340,1.3417923869203667,,770.5242948325276,0.0580817855699062,3.384452104568481,0.2298615233372124,2.7565238177776337,5.0,3.579257369041443,16.671283721923828,5.061834335327148,340,17.896286845207214,d926b712287b6bb2,15.136699378490448,14.31396582722664,0.8227335512638092,5.0,9.101402759552002,26.997689604759216,0.3139658272266388,3.384452104568481,0.2298615233372124,2.7565238177776337,5.0,3.579257369041443,16.671283721923828,5.061834335327148,17.896286845207214,14.31396582722664,15.136699378490448,5,17.896286845207214,0.2298615233372124,3.384452104568481,18.04954618215561,14.313965827226639,15.136699378490448,0.22986152333721244
0.0,0.4969579818140056,6.623915195465088,0.4228798266333544,0.9209031657820764,0.0,0.9209031657820764,0.3894313710920317,0.0534068048000335,687.2698108581826,0.0983642115445136,1.3325932025909424,2.2320658683776857,5.0,5.0,3.564659070968628,9.953192710876465,27.776488065719604,2.1376442909240723,341,0.9209031657820764,,687.2698108581826,0.0983642115445136,8.879023551940918,0.3738346854665222,2.2320658683776857,5.0,3.564659070968628,17.748807907104492,5.041189193725586,341,17.82329535484314,37e5c6ef626483aa,17.470237493515015,16.137644290924072,1.3325932025909424,5.0,9.953192710876465,27.776488065719604,2.1376442909240723,8.879023551940918,0.3738346854665222,2.2320658683776857,5.0,3.564659070968628,17.748807907104492,5.041189193725586,17.82329535484314,16.137644290924072,17.470237493515015,5,17.82329535484314,0.3738346854665222,8.879023551940918,18.864840388298035,16.137644290924072,17.470237493515015,0.3738346854665222
0.0,0.6648694520001514,42.86264801025391,0.0051314243537604,48.464849646345705,0.0,48.464849646345705,0.2486937097765966,0.0794434025883674,557.4560937651694,0.0087357019578814,0.8245962858200073,2.863518714904785,5.0,5.0,3.688115000724793,3.380792737007141,21.821367740631104,2.1234452724456787,342,48.464849646345705,,557.4560937651694,0.0087357019578814,3.3997952938079834,0.2235820427665505,2.863518714904785,5.0,3.688115000724793,11.169321060180664,5.215782165527344,342,18.44057500362396,ada784a1041eb049,16.948041558265686,16.12344527244568,0.8245962858200073,5.0,3.380792737007141,21.821367740631104,2.1234452724456787,3.3997952938079834,0.2235820427665505,2.863518714904785,5.0,3.688115000724793,11.169321060180664,5.215782165527344,18.44057500362396,16.12344527244568,16.948041558265686,5,18.440575003623962,0.2235820427665505,3.3997952938079834,12.601080238819122,16.12344527244568,16.948041558265686,0.22358204276655055
0.0,0.5331391354400432,11.732200622558594,0.1062367798979014,1.7745897787560658,0.0,1.7745897787560658,0.1885267037347737,0.0578498467803001,2549.197490273297,0.0178382275424599,1.1424782276153564,3.354563641548157,5.0,5.0,4.497041869163513,4.727654218673706,27.212863564491272,4.86786812543869,343,1.7745897787560658,"ood:cond:pp:2549.2 outside [505.725,2097.14]",2549.197490273297,0.0178382275424599,6.52628231048584,0.2540510541939577,3.354563641548157,5.0,4.497041869163513,14.292978286743164,6.359777450561523,343,22.48520934581757,2195760932fdfd5d,20.010346353054047,18.86786812543869,1.1424782276153564,5.0,4.727654218673706,27.212863564491272,4.86786812543869,6.52628231048584,0.2540510541939577,3.354563641548157,5.0,4.497041869163513,14.292978286743164,6.359777450561523,22.48520934581757,18.86786812543869,20.010346353054047,5,22.485209345817566,0.2540510541939577,6.52628231048584,15.970258891582489,18.86786812543869,20.010346353054047,0.2540510541939577
0.0,0.5261285046199189,12.52839469909668,1.1354893626339244,0.2067110290649254,0.0,0.2067110290649254,0.2347181746423347,0.0381271392107009,2895.997912073731,0.0851490402700901,0.5379214510321617,4.130397416651249,5.0,5.0,4.668318867683411,4.156726598739624,27.49832093715668,4.382463097572327,344,0.2067110290649254,"ood:cond:pp:2896 outside [505.725,2097.14]",2895.997912073731,0.0851490402700901,1.446797251701355,0.115228086657906,4.130397416651249,5.0,4.668318867683411,13.762324333190918,6.601999759674072,344,23.341594338417053,f32799fbb33cd555,18.92038454860449,18.382463097572327,0.5379214510321617,5.0,4.156726598739624,27.49832093715668,4.382463097572327,1.446797251701355,0.115228086657906,4.130397416651249,5.0,4.668318867683411,13.762324333190918,6.601999759674072,23.341594338417053,18.382463097572327,18.92038454860449,5,23.341594338417057,0.115228086657906,1.446797251701355,15.827523767948152,18.382463097572327,18.92038454860449,0.11522808665790601
0.0,0.5624411312648585,34.45433807373047,0.0038684593810173,46.02125743166524,0.0,46.02125743166524,0.1780313650377415,0.0832383558154106,952.8709873331188,0.0078994341654032,1.362922191619873,2.917922019958496,5.0,5.0,4.280844211578369,6.594738960266113,27.99896001815796,2.0114223659038544,345,46.02125743166524,,952.8709873331188,0.0078994341654032,9.287784576416016,0.3183769659109731,2.917922019958496,5.0,4.280844211578369,15.837888717651367,6.054028034210205,345,21.40422105789185,97f674391d8cbb1e,17.374344557523727,16.011422365903854,1.362922191619873,5.0,6.594738960266113,27.99896001815796,2.0114223659038544,9.287784576416016,0.3183769659109731,2.917922019958496,5.0,4.280844211578369,15.837888717651367,6.054028034210205,21.40422105789185,16.011422365903854,17.374344557523727,5,21.404221057891846,0.3183769659109731,9.287784576416016,17.296849489212036,16.011422365903854,17.374344557523727,0.31837696591097314
0.0,0.5590268466442222,12.01053524017334,1.5865039232684095,0.1518076442114868,0.0,0.1518076442114868,0.2408434231236587,0.0367526300251483,2351.4065346695184,0.0997489519426822,1.3340232968330383,3.294203555583953,5.0,5.0,4.628226852416992,2.7163119316101074,25.85744619369507,0.7102352380752563,346,0.1518076442114868,"ood:cond:pp:2351.41 outside [505.725,2097.14]",2351.4065346695184,0.0997489519426822,8.898090362548828,0.2882363677001643,3.294203555583953,5.0,4.628226852416992,12.639778137207031,6.545300960540772,346,23.14113426208496,65ee6106a44f11bb,16.044258534908295,14.710235238075256,1.3340232968330383,5.0,2.7163119316101074,25.85744619369507,0.7102352380752563,8.898090362548828,0.2882363677001643,3.294203555583953,5.0,4.628226852416992,12.639778137207031,6.545300960540772,23.14113426208496,14.710235238075256,16.044258534908295,5,23.14113426208496,0.2882363677001643,8.898090362548828,14.286879062652588,14.710235238075256,16.044258534908295,0.28823636770016436
0.0,0.5415662977692706,14.17211627960205,0.0654309343870971,2.451283632808085,0.0,2.451283632808085,0.1603897785424309,0.0583010762929916,2339.509556761086,0.0135383124913871,0.7055860310792923,4.393775054812432,5.0,5.0,5.099361085891724,3.1383817195892334,28.63518714904785,1.421605497598648,347,2.451283632808085,"ood:cond:pp:2339.51 outside [505.725,2097.14]",2339.509556761086,0.0135383124913871,2.489258289337158,0.1383675364804857,4.393775054812432,5.0,5.099361085891724,13.689895629882812,7.211585521697998,347,25.496805429458615,003706fc4e54848f,16.12719152867794,15.421605497598648,0.7055860310792923,5.0,3.1383817195892334,28.63518714904785,1.421605497598648,2.489258289337158,0.1383675364804857,4.393775054812432,5.0,5.099361085891724,13.689895629882812,7.211585521697998,25.496805429458615,15.421605497598648,16.12719152867794,5,25.496805429458618,0.1383675364804857,2.489258289337158,15.886784434318542,15.421605497598648,16.12719152867794,0.1383675364804857
0.0,0.5161368157831665,10.07949924468994,0.5993352800214444,0.4502554496422902,0.0,0.4502554496422902,0.2698539759925434,0.0472472086548805,2659.542856040477,0.0470025381768941,1.4344640970230105,1.0838943421840668,5.0,5.0,2.518358439207077,9.209589958190918,21.801382154226303,2.190544158220291,348,0.4502554496422902,"ood:cond:pp:2659.54 outside [505.725,2097.14]",2659.542856040477,0.0470025381768941,10.288436889648438,0.569602831229482,1.0838943421840668,5.0,2.518358439207077,14.963537216186523,3.5614967346191406,348,12.591792196035383,691acf649237e52c,17.6250082552433,16.19054415822029,1.4344640970230105,5.0,9.209589958190918,21.801382154226303,2.190544158220291,10.288436889648438,0.569602831229482,1.0838943421840668,5.0,2.518358439207077,14.963537216186523,3.5614967346191406,12.591792196035383,16.19054415822029,17.6250082552433,5,12.591792196035385,0.569602831229482,10.288436889648438,15.50548605620861,16.19054415822029,17.6250082552433,0.5696028312294821
0.0,0.581456490610962,10.093560218811035,1.544588179524962,0.2088858267753403,0.0,0.2088858267753403,0.3226425789074895,0.0415996834635734,1886.7969094077348,0.0928289427313804,0.8919512629508972,1.2526681572198868,5.0,5.0,2.144619420170784,9.541475772857666,20.264572873711582,2.533758282661438,349,0.2088858267753403,,1886.7969094077348,0.0928289427313804,3.977885246276856,0.4159018866293152,1.2526681572198868,5.0,2.144619420170784,14.276690483093262,3.032949924468994,349,10.72309710085392,5f5bdafa4f1622ed,17.425709545612335,16.533758282661438,0.8919512629508972,5.0,9.541475772857666,20.264572873711582,2.533758282661438,3.977885246276856,0.4159018866293152,1.2526681572198868,5.0,2.144619420170784,14.276690483093262,3.032949924468994,10.72309710085392,16.533758282661438,17.425709545612335,5,10.723097100853916,0.4159018866293152,3.977885246276856,14.903024323284624,16.533758282661438,17.425709545612335,0.41590188662931526
0.0,0.5582261393616268,13.328601837158203,1.4577134415841864,0.2182471831076603,0.0,0.2182471831076603,0.3181418524039216,0.0353581421077251,2991.416345744252,0.0939396904275417,0.8735635280609131,2.906534767150879,5.0,5.0,3.780098295211792,8.541364192962646,27.441855669021606,4.374959468841553,350,0.2182471831076603,"ood:cond:pp:2991.42 outside [505.725,2097.14]",2991.416345744252,0.0939396904275417,3.815566301345825,0.2310954530382043,2.906534767150879,5.0,3.780098295211792,16.53834342956543,5.345866680145264,350,18.90049147605896,4af54c08100012b1,19.248522996902462,18.374959468841556,0.8735635280609131,5.0,8.541364192962646,27.441855669021606,4.374959468841553,3.815566301345825,0.2310954530382043,2.906534767150879,5.0,3.780098295211792,16.53834342956543,5.345866680145264,18.90049147605896,18.374959468841556,19.248522996902462,5,18.90049147605896,0.2310954530382043,3.815566301345825,17.991609930992126,18.374959468841553,19.248522996902466,0.23109545303820436
0.0,0.5315828534663748,10.496798515319824,0.0455464847019578,3.655007236644971,0.0,3.655007236644971,0.1664727311893955,0.0651420503854751,943.1763454962224,0.0186944345413446,0.8085196316242218,4.1123387038707735,5.0,5.0,4.920858335494995,5.341531276702881,29.945822954177856,0.8770037442445755,351,3.655007236644971,,943.1763454962224,0.0186944345413446,3.268519639968872,0.1643045941380248,4.1123387038707735,5.0,4.920858335494995,15.587507247924805,6.959144592285156,351,24.604291677474976,a49869256af4a053,15.685523375868796,14.877003744244576,0.8085196316242218,5.0,5.341531276702881,29.945822954177856,0.8770037442445755,3.268519639968872,0.1643045941380248,4.1123387038707735,5.0,4.920858335494995,15.587507247924805,6.959144592285156,24.604291677474976,14.877003744244576,15.685523375868796,5,24.604291677474976,0.1643045941380248,3.268519639968872,17.64367711544037,14.877003744244576,15.685523375868797,0.16430459413802487
0.0,0.4772277895386042,9.945131301879885,0.5107783526624289,0.585784017827523,0.0,0.585784017827523,0.299205795641921,0.0492286793887615,2817.3273264478444,0.0496072835009098,1.229169845581055,2.765064191818237,5.0,5.0,3.994234037399292,9.512208938598633,29.483379125595093,2.552219927310944,352,0.585784017827523,"ood:cond:pp:2817.33 outside [505.725,2097.14]",2817.3273264478444,0.0496072835009098,7.554292678833008,0.307736060048546,2.765064191818237,5.0,3.994234037399292,18.11526107788086,5.648699760437012,352,19.97117018699646,4120885ed797e23e,17.781389772892,16.552219927310944,1.229169845581055,5.0,9.512208938598633,29.483379125595093,2.552219927310944,7.554292678833008,0.307736060048546,2.765064191818237,5.0,3.994234037399292,18.11526107788086,5.648699760437012,19.97117018699646,16.552219927310944,17.781389772892,5,19.97117018699646,0.307736060048546,7.554292678833008,19.497794032096863,16.552219927310944,17.781389772892,0.307736060048546
0.0,0.5380271789581359,10.387051582336426,0.076820953807895,2.521373859972889,0.0,2.521373859972889,0.1936943448294114,0.0648272112011909,1384.8294445079564,0.0214064522260427,0.6364666521549225,3.618302649259567,5.0,5.0,4.254769301414489,6.016332626342773,27.290179133415226,4.743887782096863,353,2.521373859972889,,1384.8294445079564,0.0214064522260427,2.025448799133301,0.1495889922735247,3.618302649259567,5.0,4.254769301414489,14.844103813171388,6.017152309417725,353,21.27384650707245,361e05de61b2d991,19.380354434251785,18.743887782096863,0.6364666521549225,5.0,6.016332626342773,27.290179133415226,4.743887782096863,2.025448799133301,0.1495889922735247,3.618302649259567,5.0,4.254769301414489,14.844103813171388,6.017152309417725,21.27384650707245,18.743887782096863,19.380354434251785,5,21.273846507072452,0.1495889922735247,2.025448799133301,16.653255879878998,18.743887782096863,19.380354434251785,0.1495889922735248
0.0,0.5795323863336513,12.882308959960938,0.1128403012130413,2.006471033478981,0.0,2.006471033478981,0.2264107957930105,0.0551504418253898,2259.0903031381367,0.0161074145591259,0.8562454283237457,2.6134580194950106,5.0,5.0,3.4697034478187563,6.256515026092529,23.60503226518631,1.604020595550537,354,2.006471033478981,"ood:cond:pp:2259.09 outside [505.725,2097.14]",2259.0903031381367,0.0161074145591259,3.665781021118164,0.2467776976335046,2.6134580194950106,5.0,3.4697034478187563,13.62404441833496,4.906901836395264,354,17.34851723909378,88b0ecfe18cec8c9,16.460266023874283,15.604020595550535,0.8562454283237457,5.0,6.256515026092529,23.60503226518631,1.604020595550537,3.665781021118164,0.2467776976335046,2.6134580194950106,5.0,3.4697034478187563,13.62404441833496,4.906901836395264,17.34851723909378,15.604020595550535,16.460266023874283,5,17.34851723909378,0.2467776976335046,3.665781021118164,14.93077364563942,15.604020595550537,16.460266023874283,0.24677769763350468
0.0,0.5577017899134665,11.099652290344238,0.5181133201844823,0.4191116429346729,0.0,0.4191116429346729,0.2171473248488566,0.0488425642251968,2110.894444010079,0.045273636495471,1.0198664665222168,2.1209951519966124,5.0,5.0,3.140861618518829,5.221994876861572,20.92630296945572,0.1478299312293529,355,0.4191116429346729,"ood:cond:pp:2110.89 outside [505.725,2097.14]",2110.894444010079,0.045273636495471,5.200638294219971,0.3247091372981807,2.1209951519966124,5.0,3.140861618518829,12.01365089416504,4.4418487548828125,355,15.704308092594149,3cd35a669e66999c,15.16769639775157,14.147829931229351,1.0198664665222168,5.0,5.221994876861572,20.92630296945572,0.1478299312293529,5.200638294219971,0.3247091372981807,2.1209951519966124,5.0,3.140861618518829,12.01365089416504,4.4418487548828125,15.704308092594149,14.147829931229351,15.16769639775157,5,15.704308092594147,0.3247091372981807,5.200638294219971,13.074148923158646,14.147829931229353,15.16769639775157,0.3247091372981808
0.0,0.5110787571305854,8.140085220336914,0.2637927006340267,0.9377805133562888,0.0,0.9377805133562888,0.2473796542202194,0.0649139136075973,871.3603213776498,0.0646992695872783,1.0443260669708252,4.221918594837189,5.0,5.0,5.266244661808014,2.9990153908729558,29.330238699913025,2.699102759361267,356,0.9377805133562888,,871.3603213776498,0.0646992695872783,5.453084945678711,0.1983056492882892,4.221918594837189,5.0,5.266244661808014,14.053668022155762,7.44759464263916,356,26.33122330904007,16ee2dfc1fc09e27,17.743428826332092,16.699102759361267,1.0443260669708252,5.0,2.9990153908729558,29.330238699913025,2.699102759361267,5.453084945678711,0.1983056492882892,4.221918594837189,5.0,5.266244661808014,14.053668022155762,7.44759464263916,26.33122330904007,16.699102759361267,17.743428826332092,5,26.33122330904007,0.1983056492882892,5.453084945678711,16.16462704539299,16.699102759361267,17.743428826332092,0.1983056492882892
0.0,0.5153534550800046,8.06129264831543,0.8022751031976352,0.4274789137417059,0.0,0.4274789137417059,0.3429556896369401,0.049045979976654,1389.7115328945515,0.09785400212121,0.8846757411956787,3.2473082780838016,5.0,5.0,4.13198401927948,9.108863353729248,29.768783450126648,1.8786515295505524,357,0.4274789137417059,,1389.7115328945515,0.09785400212121,3.9132559299468994,0.2141043472258988,3.2473082780838016,5.0,4.13198401927948,17.815168380737305,5.843507766723633,357,20.6599200963974,000c19580244188a,16.76332727074623,15.878651529550552,0.8846757411956787,5.0,9.108863353729248,29.768783450126648,1.8786515295505524,3.9132559299468994,0.2141043472258988,3.2473082780838016,5.0,4.13198401927948,17.815168380737305,5.843507766723633,20.6599200963974,15.878651529550552,16.76332727074623,5,20.6599200963974,0.2141043472258988,3.9132559299468994,19.438823401927948,15.878651529550552,16.76332727074623,0.21410434722589877
0.0,0.507384375977652,7.366250514984131,0.2424931485343565,1.2697467663018307,0.0,1.2697467663018307,0.3079048912018487,0.0652282238006591,682.799134414278,0.0652762202308177,0.5179636757820845,3.380894227698445,5.0,5.0,3.89885790348053,7.582751750946045,27.07704126834869,3.095795512199402,358,1.2697467663018307,,682.799134414278,0.0652762202308177,1.341431736946106,0.1328501034417529,3.380894227698445,5.0,3.89885790348053,15.639450073242188,5.51381778717041,358,19.49428951740265,4cde5932b6f5c335,17.613759187981486,17.095795512199402,0.5179636757820845,5.0,7.582751750946045,27.07704126834869,3.095795512199402,1.341431736946106,0.1328501034417529,3.380894227698445,5.0,3.89885790348053,15.639450073242188,5.51381778717041,19.49428951740265,17.095795512199402,17.613759187981486,5,19.494289517402645,0.1328501034417529,1.341431736946106,17.32989650964737,17.095795512199402,17.613759187981486,0.13285010344175296
0.0,0.5653603815478723,10.12576961517334,0.0848181268389378,2.401944785527587,0.0,2.401944785527587,0.2037284574790041,0.0667415335774421,1104.1420299478918,0.0234909959846138,1.1935609579086304,1.869738149642944,5.0,5.0,3.0632991075515745,7.683366298675537,22.99986183643341,4.718728065490723,359,2.401944785527587,,1104.1420299478918,0.0234909959846138,7.122938632965088,0.3896325223241476,1.869738149642944,5.0,3.0632991075515745,14.406744003295898,4.33215856552124,359,15.316495537757874,8d7464f82eda8fd8,19.912289023399357,18.718728065490723,1.1935609579086304,5.0,7.683366298675537,22.99986183643341,4.718728065490723,7.122938632965088,0.3896325223241476,1.869738149642944,5.0,3.0632991075515745,14.406744003295898,4.33215856552124,15.316495537757874,18.718728065490723,19.912289023399357,5,15.316495537757874,0.3896325223241476,7.122938632965088,15.341614067554474,18.718728065490723,19.912289023399353,0.38963252232414763
0.0,0.5509064385463097,11.63737964630127,0.4774369037471256,0.4450676312067958,0.0,0.4450676312067958,0.2124917118014402,0.0464194677770137,2920.3939341481923,0.036838404828906,0.5019959316123277,3.2638052597176284,5.0,5.0,3.765801191329956,3.1942379474639893,22.02324390411377,0.8890671283006668,360,0.4450676312067958,"ood:cond:pp:2920.39 outside [505.725,2097.14]",2920.3939341481923,0.036838404828906,1.2599995136260986,0.133303885709123,3.2638052597176284,5.0,3.765801191329956,10.976837158203123,5.325646877288818,360,18.82900595664978,2c57302e4aac2534,15.391063059912996,14.889067128300669,0.5019959316123277,5.0,3.1942379474639893,22.02324390411377,0.8890671283006668,1.2599995136260986,0.133303885709123,3.2638052597176284,5.0,3.765801191329956,10.976837158203123,5.325646877288818,18.82900595664978,14.889067128300669,15.391063059912996,5,18.82900595664978,0.133303885709123,1.2599995136260986,12.60874092578888,14.889067128300667,15.391063059912995,0.133303885709123
0.0,0.5435042807251933,8.524531364440918,0.8434183202396892,0.3215376248953011,0.0,0.3215376248953011,0.2711907234830541,0.0490480065345764,1263.8815432861743,0.0964901663172245,1.1615169048309326,2.4731823325157167,5.0,5.0,3.634699237346649,6.572662830352783,24.74615901708603,1.247256100177765,361,0.3215376248953011,,1263.8815432861743,0.0964901663172245,6.745607852935791,0.3195634161133086,2.4731823325157167,5.0,3.634699237346649,14.422821044921877,5.140241146087647,361,18.17349618673325,92916c589c93eda3,16.408773005008698,15.247256100177763,1.1615169048309326,5.0,6.572662830352783,24.74615901708603,1.247256100177765,6.745607852935791,0.3195634161133086,2.4731823325157167,5.0,3.634699237346649,14.422821044921877,5.140241146087647,18.17349618673325,15.247256100177763,16.408773005008698,5,18.173496186733246,0.3195634161133086,6.745607852935791,15.659410923719406,15.247256100177765,16.408773005008698,0.31956341611330863
0.0,0.5447303450553431,8.27853012084961,0.3946548129684649,0.5487242659251967,0.0,0.5487242659251967,0.2165566725399667,0.0572962388396263,710.9538152538687,0.0860873813214302,1.074442744255066,3.2414815425872803,5.0,5.0,4.315924286842346,2.0988285541534424,23.678449988365173,4.474511742591858,362,0.5487242659251967,,710.9538152538687,0.0860873813214302,5.7721357345581055,0.2489484691681556,3.2414815425872803,5.0,4.315924286842346,11.267898559570312,6.103638648986816,362,21.57962143421173,aa98be2c2a80afb5,19.548954486846924,18.474511742591854,1.074442744255066,5.0,2.0988285541534424,23.678449988365173,4.474511742591858,5.7721357345581055,0.2489484691681556,3.2414815425872803,5.0,4.315924286842346,11.267898559570312,6.103638648986816,21.57962143421173,18.474511742591854,19.548954486846924,5,21.57962143421173,0.2489484691681556,5.7721357345581055,12.888639271259308,18.474511742591858,19.548954486846924,0.24894846916815563
0.0,0.7613679736063215,80.37320709228516,0.0013794954109944,166.85534468237964,0.0,166.85534468237964,0.2301761822892412,0.1037285551428794,2610.5302029221057,0.0036600207452289,1.0238118767738342,1.3007378786802293,5.0,5.0,2.3245497554540635,9.420547008514404,21.04329578578472,2.540556788444519,363,166.85534468237964,"ood:cond:pp:2610.53 outside [505.725,2097.14]",2610.5302029221057,0.0036600207452289,5.240952968597412,0.4404344860210785,1.3007378786802293,5.0,2.3245497554540635,14.58155345916748,3.287409782409668,363,11.622748777270315,d476610997112f67,17.564368665218353,16.54055678844452,1.0238118767738342,5.0,9.420547008514404,21.04329578578472,2.540556788444519,5.240952968597412,0.4404344860210785,1.3007378786802293,5.0,2.3245497554540635,14.58155345916748,3.287409782409668,11.622748777270315,16.54055678844452,17.564368665218353,5,11.622748777270317,0.4404344860210785,5.240952968597412,15.231921397149563,16.54055678844452,17.564368665218353,0.44043448602107854
0.0,0.5692108390727044,12.495129585266112,1.164823480061138,0.220339166202214,0.0,0.220339166202214,0.2566562343694324,0.039480522274971,2680.2276227764487,0.074309474464178,0.9103663861751556,2.0092386335134504,5.0,5.0,2.919605019688606,6.1602935791015625,20.758318677544597,4.368649125099182,364,0.220339166202214,"ood:cond:pp:2680.23 outside [505.725,2097.14]",2680.2276227764487,0.074309474464178,4.143835067749023,0.3118114882102277,2.0092386335134504,5.0,2.919605019688606,12.454687118530272,4.128944873809815,364,14.598025098443031,0430c1f5d88f7756,19.279015511274338,18.368649125099186,0.9103663861751556,5.0,6.1602935791015625,20.758318677544597,4.368649125099182,4.143835067749023,0.3118114882102277,2.0092386335134504,5.0,2.919605019688606,12.454687118530272,4.128944873809815,14.598025098443031,18.368649125099186,19.279015511274338,5,14.598025098443035,0.3118114882102277,4.143835067749023,13.45930612832308,18.368649125099182,19.279015511274338,0.3118114882102278
0.0,0.5396400670125615,9.059392929077148,0.1334861840103674,1.490556887945785,0.0,1.490556887945785,0.1989687510222516,0.0687614828348159,927.002838929668,0.0346103374429941,0.5260358899831772,3.731802240014076,5.0,5.0,4.257838129997253,5.156803131103516,26.445993781089783,0.1257145032286644,365,1.490556887945785,,927.002838929668,0.0346103374429941,1.3835687637329102,0.1235453002022687,3.731802240014076,5.0,4.257838129997253,13.93549633026123,6.0214924812316895,365,21.289190649986267,a3eabd44ef670597,14.651750393211842,14.125714503228664,0.5260358899831772,5.0,5.156803131103516,26.445993781089783,0.1257145032286644,1.3835687637329102,0.1235453002022687,3.731802240014076,5.0,4.257838129997253,13.93549633026123,6.0214924812316895,21.289190649986267,14.125714503228664,14.651750393211842,5,21.289190649986267,0.1235453002022687,1.3835687637329102,15.80139845609665,14.125714503228664,14.651750393211842,0.12354530020226873
0.0,0.5316316999584512,11.657000541687012,0.0211013926450002,6.830523677022923,0.0,6.830523677022923,0.1441335620798314,0.0700355172157287,980.0956430453508,0.0125375274035036,0.9274932146072388,2.766383743286133,5.0,5.0,3.693876957893372,9.991912364959717,28.46129715442657,4.282334446907044,366,6.830523677022923,,980.0956430453508,0.0125375274035036,4.301218509674072,0.2510893636089575,2.766383743286133,5.0,3.693876957893372,17.843414306640625,5.223930835723877,366,18.469384789466854,b75bb342c851691d,19.20982766151428,18.282334446907043,0.9274932146072388,5.0,9.991912364959717,28.46129715442657,4.282334446907044,4.301218509674072,0.2510893636089575,2.766383743286133,5.0,3.693876957893372,17.843414306640625,5.223930835723877,18.469384789466854,18.282334446907043,19.20982766151428,5,18.469384789466854,0.2510893636089575,4.301218509674072,19.226604759693146,18.282334446907043,19.209827661514282,0.2510893636089575
0.0,0.4851862669670679,9.953072547912598,0.2964007084680376,0.686298357051438,0.0,0.686298357051438,0.2034193192504964,0.0548952259123325,2644.0856596621275,0.0352206788915395,0.7559958100318909,4.34418534040451,5.0,5.0,5.100181150436401,4.33704948425293,29.837955236434937,3.7056532502174377,367,0.686298357051438,"ood:cond:pp:2644.09 outside [505.725,2097.14]",2644.0856596621275,0.0352206788915395,2.8576483726501465,0.1482292074992676,4.34418534040451,5.0,5.100181150436401,14.915410041809082,7.212745666503906,367,25.500905752182007,13b9f3f2ac34136e,18.46164906024933,17.705653250217438,0.7559958100318909,5.0,4.33704948425293,29.837955236434937,3.7056532502174377,2.8576483726501465,0.1482292074992676,4.34418534040451,5.0,5.100181150436401,14.915410041809082,7.212745666503906,25.500905752182007,17.705653250217438,18.46164906024933,5,25.500905752182007,0.1482292074992676,2.8576483726501465,17.087502360343933,17.705653250217438,18.46164906024933,0.14822920749926763
0.0,0.5149179415169655,8.25399398803711,0.3989730201126946,0.6759804188270436,0.0,0.6759804188270436,0.2696979492364698,0.0566952712833881,961.8739219362884,0.0792544351577758,1.2920590043067932,3.344590365886688,5.0,5.0,4.6366493701934814,5.816309452056885,28.99955630302429,0.2519478648900985,368,0.6759804188270436,,961.8739219362884,0.0792544351577758,8.347081184387207,0.2786622194494032,3.344590365886688,5.0,4.6366493701934814,15.735638618469238,6.5572123527526855,368,23.183246850967407,c06ffd9499918f67,15.544006869196892,14.2519478648901,1.2920590043067932,5.0,5.816309452056885,28.99955630302429,0.2519478648900985,8.347081184387207,0.2786622194494032,3.344590365886688,5.0,4.6366493701934814,15.735638618469238,6.5572123527526855,23.183246850967407,14.2519478648901,15.544006869196892,5,23.183246850967404,0.2786622194494032,8.347081184387207,17.40793287754059,14.251947864890099,15.544006869196892,0.2786622194494032
0.0,0.5806730871525028,9.894635200500488,0.7747386459405095,0.2786114699598075,0.0,0.2786114699598075,0.2158510729801562,0.0487443506717681,1336.2723548578322,0.0837415084981918,1.1622901558876038,2.6656176865100862,5.0,5.0,3.82790784239769,2.460460603237152,21.5999998152256,1.873384267091751,369,0.2786114699598075,,1336.2723548578322,0.0837415084981918,6.754591464996338,0.3036358772837068,2.6656176865100862,5.0,3.82790784239769,10.697421073913574,5.413478851318359,369,19.13953921198845,a125f797b4d2d5cc,17.035674422979355,15.873384267091753,1.1622901558876038,5.0,2.460460603237152,21.5999998152256,1.873384267091751,6.754591464996338,0.3036358772837068,2.6656176865100862,5.0,3.82790784239769,10.697421073913574,5.413478851318359,19.13953921198845,15.873384267091753,17.035674422979355,5,19.13953921198845,0.3036358772837068,6.754591464996338,12.030230209231377,15.873384267091751,17.035674422979355,0.3036358772837068
0.0,0.5210272615340512,11.638054847717283,0.8068874383317061,0.2783466697588877,0.0,0.2783466697588877,0.2245944313299102,0.0417968668043613,2936.09448422128,0.0603964313261509,0.5571330189704895,3.0947779178619386,5.0,5.0,3.651910936832428,5.46077561378479,23.72033029794693,3.1845948100090027,370,0.2783466697588877,"ood:cond:pp:2936.09 outside [505.725,2097.14]",2936.09448422128,0.0603964313261509,1.5519859790802002,0.1525593117157813,3.0947779178619386,5.0,3.651910936832428,13.043164253234863,5.164581775665283,370,18.25955468416214,aaa101226dd2c7b9,17.741727828979492,17.184594810009003,0.5571330189704895,5.0,5.46077561378479,23.72033029794693,3.1845948100090027,1.5519859790802002,0.1525593117157813,3.0947779178619386,5.0,3.651910936832428,13.043164253234863,5.164581775665283,18.25955468416214,17.184594810009003,17.741727828979492,5,18.25955468416214,0.1525593117157813,1.5519859790802002,14.59055295586586,17.184594810009003,17.741727828979492,0.15255931171578135
0.0,0.6307995483578487,17.019163131713867,0.0234996709269142,5.546791977138717,0.0,5.546791977138717,0.1303477861628076,0.066798560321331,747.1475300511345,0.0126924322927892,0.9819418489933014,1.505509141087532,5.0,5.0,2.4874509900808333,8.577517032623291,21.014771983027455,1.259898841381073,371,5.546791977138717,,747.1475300511345,0.0126924322927892,4.821048736572266,0.3947582697745501,1.505509141087532,5.0,2.4874509900808333,14.043390274047852,3.517786979675293,371,12.437254950404167,5f327521ac40b00f,16.241840690374374,15.259898841381071,0.9819418489933014,5.0,8.577517032623291,21.014771983027455,1.259898841381073,4.821048736572266,0.3947582697745501,1.505509141087532,5.0,2.4874509900808333,14.043390274047852,3.517786979675293,12.437254950404167,15.259898841381071,16.241840690374374,5,12.437254950404164,0.3947582697745501,4.821048736572266,14.796144507825373,15.259898841381073,16.241840690374374,0.39475826977455014
0.0,0.4983339987180556,6.869265079498291,0.3582957918078581,1.0170216565801518,0.0,1.0170216565801518,0.364394579730125,0.0578352063894271,717.7419822322205,0.0874261004545688,1.0371446013450625,2.7771328568458555,5.0,5.0,3.814277458190918,8.875962257385254,27.947349548339844,3.9498907327651978,372,1.0170216565801518,,717.7419822322205,0.0874261004545688,5.378345489501953,0.2719111581979597,2.7771328568458555,5.0,3.814277458190918,17.023088455200195,5.394202709197998,372,19.07138729095459,4a62ce65d3f05dce,18.98703533411026,17.949890732765198,1.0371446013450625,5.0,8.875962257385254,27.947349548339844,3.9498907327651978,5.378345489501953,0.2719111581979597,2.7771328568458555,5.0,3.814277458190918,17.023088455200195,5.394202709197998,19.07138729095459,17.949890732765198,18.98703533411026,5,19.07138729095459,0.2719111581979597,5.378345489501953,18.41165590286255,17.949890732765198,18.98703533411026,0.27191115819795975
0.0,0.5747764462137139,13.293900489807127,1.3831261091849492,0.1851820830700516,0.0,0.1851820830700516,0.2561301740474445,0.0359652377665042,2641.8682719341514,0.0838466142358779,1.4406049251556396,2.0990885972976683,5.0,5.0,3.539693522453308,5.383149147033691,23.081616759300232,0.3656679764389992,373,0.1851820830700516,"ood:cond:pp:2641.87 outside [505.725,2097.14]",2641.8682719341514,0.0838466142358779,10.376712799072266,0.4069857788583849,2.0990885972976683,5.0,3.539693522453308,13.18284034729004,5.005882740020752,373,17.69846761226654,eb7efc2238eba1ad,15.80627290159464,14.365667976439,1.4406049251556396,5.0,5.383149147033691,23.081616759300232,0.3656679764389992,10.376712799072266,0.4069857788583849,2.0990885972976683,5.0,3.539693522453308,13.18284034729004,5.005882740020752,17.69846761226654,14.365667976439,15.80627290159464,5,17.69846761226654,0.4069857788583849,10.376712799072266,14.232382953166962,14.365667976439,15.806272901594639,0.40698577885838494
0.0,0.6502292993034394,46.14153671264648,0.0020705395220684,103.692085496619,0.0,103.692085496619,0.2146985611464514,0.104450523853302,2885.0822278360124,0.004779127953045,1.4330657124519348,3.095710408687592,5.0,5.0,4.528776121139527,6.174539566040039,28.81842017173767,4.173567593097687,374,103.692085496619,"ood:cond:pp:2885.08 outside [505.725,2097.14]",2885.0822278360124,0.004779127953045,10.26838493347168,0.3164355389003747,3.095710408687592,5.0,4.528776121139527,15.948623657226562,6.404656410217285,374,22.643880605697632,5dff4b698090406c,19.60663330554962,18.173567593097687,1.4330657124519348,5.0,6.174539566040039,28.81842017173767,4.173567593097687,10.26838493347168,0.3164355389003747,3.095710408687592,5.0,4.528776121139527,15.948623657226562,6.404656410217285,22.643880605697632,18.173567593097687,19.60663330554962,5,22.643880605697632,0.3164355389003747,10.26838493347168,17.496479868888855,18.173567593097687,19.60663330554962,0.3164355389003747
0.0,0.5092283541084971,9.406325340270996,0.4307551731499929,0.6572031340932792,0.0,0.6572031340932792,0.2830936498210685,0.0518539398908615,2298.578714036345,0.040556191411376,1.0767988562583923,1.9026011347770693,5.0,5.0,2.9793999910354616,9.341415405273438,24.238415360450745,0.1990594342350959,375,0.6572031340932792,"ood:cond:pp:2298.58 outside [505.725,2097.14]",2298.578714036345,0.040556191411376,5.797479629516602,0.3614146672143076,1.9026011347770693,5.0,2.9793999910354616,15.838615417480469,4.213507652282715,375,14.896999955177307,7318bf2e8fa163bd,15.275858290493488,14.199059434235096,1.0767988562583923,5.0,9.341415405273438,24.238415360450745,0.1990594342350959,5.797479629516602,0.3614146672143076,1.9026011347770693,5.0,2.9793999910354616,15.838615417480469,4.213507652282715,14.896999955177307,14.199059434235096,15.275858290493488,5,14.896999955177307,0.3614146672143076,5.797479629516602,16.78991538286209,14.199059434235096,15.275858290493488,0.3614146672143076
0.0,0.7811717121160077,113.28512573242188,0.0021323543508581,155.6663178959678,0.0,155.6663178959678,0.3319357502475324,0.0942718833684921,1715.6771916987896,0.0041971690674088,1.0088077187538147,2.2328782618045806,5.0,5.0,3.2416859805583957,4.227054595947266,20.435484498739243,0.1374254003167152,376,155.6663178959678,,1715.6771916987896,0.0041971690674088,5.088464736938477,0.3111984704268126,2.2328782618045806,5.0,3.2416859805583957,11.21483039855957,4.584435939788818,376,16.208429902791977,6e80df824167f4fb,15.14623311907053,14.137425400316715,1.0088077187538147,5.0,4.227054595947266,20.435484498739243,0.1374254003167152,5.088464736938477,0.3111984704268126,2.2328782618045806,5.0,3.2416859805583957,11.21483039855957,4.584435939788818,16.208429902791977,14.137425400316715,15.14623311907053,5,16.208429902791977,0.3111984704268126,5.088464736938477,12.331269547343254,14.137425400316715,15.14623311907053,0.31119847042681253
0.0,0.7511006638163363,89.33781433105469,0.0007894709918473,424.44823192946063,0.0,424.44823192946063,0.3350895666492121,0.1056724339723587,1112.7773324880898,0.0041793501439429,1.4608312249183657,1.523850500583649,5.0,5.0,2.984681725502014,7.484838962554932,22.408247590065,1.3075685501098633,377,424.44823192946063,,1112.7773324880898,0.0041793501439429,10.670138359069824,0.4894428817775061,1.523850500583649,5.0,2.984681725502014,14.18461799621582,4.220977783203125,377,14.92340862751007,1966f7cd932b1c58,16.76839977502823,15.307568550109863,1.4608312249183657,5.0,7.484838962554932,22.408247590065,1.3075685501098633,10.670138359069824,0.4894428817775061,1.523850500583649,5.0,2.984681725502014,14.18461799621582,4.220977783203125,14.92340862751007,15.307568550109863,16.76839977502823,5,14.923408627510067,0.4894428817775061,10.670138359069824,14.946543276309965,15.307568550109863,16.76839977502823,0.4894428817775063
0.0,0.7354803287847402,84.3852767944336,0.0015544266665505,259.5227578958982,0.0,259.5227578958982,0.4034090954501216,0.0969736501574516,1081.577218411118,0.005391408291161,1.3959499597549438,2.465088826417923,5.0,5.0,3.861038786172867,2.7524619698524475,22.05765590071678,2.5458499789237976,378,259.5227578958982,,1081.577218411118,0.005391408291161,9.74338150024414,0.3615477691532426,2.465088826417923,5.0,3.861038786172867,11.172514915466309,5.460333347320557,378,19.30519393086433,1e781abde005741c,17.94179993867874,16.545849978923798,1.3959499597549438,5.0,2.7524619698524475,22.05765590071678,2.5458499789237976,9.74338150024414,0.3615477691532426,2.465088826417923,5.0,3.861038786172867,11.172514915466309,5.460333347320557,19.30519393086433,16.545849978923798,17.94179993867874,5,19.305193930864334,0.3615477691532426,9.74338150024414,12.405058935284615,16.545849978923798,17.94179993867874,0.3615477691532426
0.0,0.5235315698476519,15.157172203063965,0.058060250494984,3.1301530374031192,0.0,3.1301530374031192,0.1817374694392601,0.0597800463438034,2306.6223192378284,0.0119727636536955,1.2664034962654114,3.37744654417038,5.0,5.0,4.643850040435791,6.637500762939453,29.856750965118408,0.349002368748188,379,3.1301530374031192,"ood:cond:pp:2306.62 outside [505.725,2097.14]",2306.6223192378284,0.0119727636536955,8.018888473510742,0.272705510565231,3.37744654417038,5.0,4.643850040435791,16.55840301513672,6.567395687103272,379,23.219250202178955,a3b4eb9e3f315e09,15.6154058650136,14.349002368748188,1.2664034962654114,5.0,6.637500762939453,29.856750965118408,0.349002368748188,8.018888473510742,0.272705510565231,3.37744654417038,5.0,4.643850040435791,16.55840301513672,6.567395687103272,23.219250202178955,14.349002368748188,15.6154058650136,5,23.219250202178955,0.272705510565231,8.018888473510742,18.24712586402893,14.349002368748188,15.6154058650136,0.27270551056523107
0.0,0.5240251572407795,12.7135591506958,0.0887082826534724,2.0936412219699334,0.0,2.0936412219699334,0.1857233172934702,0.0577337816357612,2244.99823625201,0.0153732524815797,1.3482112884521484,3.356051969528198,5.0,5.0,4.7042632579803465,5.18123722076416,28.702553510665894,0.9374472498893738,380,2.0936412219699334,"ood:cond:pp:2245 outside [505.725,2097.14]",2244.99823625201,0.0153732524815797,9.08836841583252,0.2865935034917599,3.356051969528198,5.0,4.7042632579803465,15.26386833190918,6.652832984924316,380,23.521316289901733,718aea4d58fbdbb9,16.285658538341522,14.937447249889374,1.3482112884521484,5.0,5.18123722076416,28.702553510665894,0.9374472498893738,9.08836841583252,0.2865935034917599,3.356051969528198,5.0,4.7042632579803465,15.26386833190918,6.652832984924316,23.521316289901733,14.937447249889374,16.285658538341522,5,23.521316289901733,0.2865935034917599,9.08836841583252,16.941895365715027,14.937447249889374,16.285658538341522,0.28659350349175994
0.0,0.4991290669490937,9.715703964233398,0.6117623267695163,0.5010351148786913,0.0,0.5010351148786913,0.3065144076714201,0.0490013621747493,2212.859047471524,0.0609299052605629,1.0471306443214417,2.582864248752594,5.0,5.0,3.629994893074036,9.323463916778564,27.473438382148743,1.8215768039226528,381,0.5010351148786913,"ood:cond:pp:2212.86 outside [505.725,2097.14]",2212.859047471524,0.0609299052605629,5.482412338256836,0.2884661480707171,2.582864248752594,5.0,3.629994893074036,17.107019424438477,5.133587837219238,381,18.149974465370175,e2e8f14141ddf020,16.868707448244095,15.821576803922651,1.0471306443214417,5.0,9.323463916778564,27.473438382148743,1.8215768039226528,5.482412338256836,0.2884661480707171,2.582864248752594,5.0,3.629994893074036,17.107019424438477,5.133587837219238,18.149974465370175,15.821576803922651,16.868707448244095,5,18.149974465370178,0.2884661480707171,5.482412338256836,18.398451149463654,15.821576803922653,16.868707448244095,0.2884661480707171
0.0,0.5661367520219515,10.618932723999023,1.0493225731355742,0.2202657574202275,0.0,0.2202657574202275,0.2311298313498493,0.0431681834161281,1843.6116630295517,0.0841856517875194,0.8205124735832214,2.9457995653152467,5.0,5.0,3.766312038898468,4.394649982452393,23.226210176944733,0.6268242746591568,382,0.2202657574202275,,1843.6116630295517,0.0841856517875194,3.366203546524048,0.217855680864721,2.9457995653152467,5.0,3.766312038898468,12.337530136108398,5.326369285583496,382,18.83156019449234,13435b8115470dd0,15.447336748242378,14.626824274659157,0.8205124735832214,5.0,4.394649982452393,23.226210176944733,0.6268242746591568,3.366203546524048,0.217855680864721,2.9457995653152467,5.0,3.766312038898468,12.337530136108398,5.326369285583496,18.83156019449234,14.626824274659157,15.447336748242378,5,18.83156019449234,0.217855680864721,3.366203546524048,13.810430079698563,14.626824274659157,15.447336748242378,0.21785568086472104
0.0,0.5429596479600107,8.147339820861816,0.5365457274847575,0.4685685805820879,0.0,0.4685685805820879,0.2514084699449165,0.0527696572244167,754.6599976032078,0.0959187317631244,0.7671832144260406,2.7145730197429656,5.0,5.0,3.4817562341690063,5.500218152999878,22.90899932384491,3.049481213092804,383,0.4685685805820879,,754.6599976032078,0.0959187317631244,2.942850351333618,0.2203437468990832,2.7145730197429656,5.0,3.4817562341690063,12.847322463989258,4.923946857452393,383,17.40878117084503,52996d6807d78981,17.816664427518845,17.049481213092804,0.7671832144260406,5.0,5.500218152999878,22.90899932384491,3.049481213092804,2.942850351333618,0.2203437468990832,2.7145730197429656,5.0,3.4817562341690063,12.847322463989258,4.923946857452393,17.40878117084503,17.049481213092804,17.816664427518845,5,17.40878117084503,0.2203437468990832,2.942850351333618,14.204608738422394,17.049481213092804,17.816664427518845,0.22034374689908323
0.0,0.5261868526547039,9.749504089355469,1.0449581591336343,0.2558207709291831,0.0,0.2558207709291831,0.2673220018583063,0.0445063039660453,2059.5080145950915,0.0887158614089489,1.2151336669921875,2.7666768789291383,5.0,5.0,3.9818105459213258,6.275546073913574,26.184598803520203,4.151950776576996,384,0.2558207709291831,,2059.5080145950915,0.0887158614089489,7.382749557495117,0.3051711408612549,2.7666768789291383,5.0,3.9818105459213258,14.84673309326172,5.631130218505859,384,19.90905272960663,dc8b62dd43fb4dbb,19.367084443569183,18.151950776577,1.2151336669921875,5.0,6.275546073913574,26.184598803520203,4.151950776576996,7.382749557495117,0.3051711408612549,2.7666768789291383,5.0,3.9818105459213258,14.84673309326172,5.631130218505859,19.90905272960663,18.151950776577,19.367084443569183,5,19.90905272960663,0.3051711408612549,7.382749557495117,16.23007243871689,18.151950776576996,19.367084443569183,0.30517114086125496
0.0,0.6981607516001399,74.375732421875,0.0004022091166385,1007.4735495584704,0.0,1007.4735495584704,0.4052150464046087,0.1053727492690086,616.5990133894757,0.00444952402867,1.359731674194336,3.494497048854828,5.0,5.0,4.854228723049164,2.9284620881080627,27.19960570335388,1.1175286024808884,385,1007.4735495584704,,616.5990133894757,0.00444952402867,9.244351387023926,0.2801128153970104,3.494497048854828,5.0,4.854228723049164,13.31678581237793,6.864916801452637,385,24.27114361524582,8fed8e73562bdbef,16.477260276675224,15.117528602480888,1.359731674194336,5.0,2.9284620881080627,27.19960570335388,1.1175286024808884,9.244351387023926,0.2801128153970104,3.494497048854828,5.0,4.854228723049164,13.31678581237793,6.864916801452637,24.27114361524582,15.117528602480888,16.477260276675224,5,24.271143615245816,0.2801128153970104,9.244351387023926,15.06403389573097,15.117528602480888,16.477260276675224,0.2801128153970104
0.0,0.5345077267983814,9.475089073181152,0.0401421061521833,4.332495643585047,0.0,4.332495643585047,0.1739155000286626,0.0673015043139457,648.2123511825987,0.0217216699071526,0.848781555891037,3.639696818590165,5.0,5.0,4.488478374481201,5.667295694351196,28.1096875667572,1.505568027496338,386,4.332495643585047,,648.2123511825987,0.0217216699071526,3.6021509170532227,0.1891022937119849,3.639696818590165,5.0,4.488478374481201,15.068643569946287,6.347667217254639,386,22.44239187240601,ceca42f6e9638cca,16.354349583387375,15.505568027496338,0.848781555891037,5.0,5.667295694351196,28.1096875667572,1.505568027496338,3.6021509170532227,0.1891022937119849,3.639696818590165,5.0,4.488478374481201,15.068643569946287,6.347667217254639,22.44239187240601,15.505568027496338,16.354349583387375,5,22.442391872406002,0.1891022937119849,3.6021509170532227,16.8884916305542,15.505568027496338,16.354349583387375,0.18910229371198498
0.0,0.6388127958100273,14.830367088317873,2.027149776374582,0.1466671491295768,0.0,0.1466671491295768,0.2973162785595192,0.031107984483242,2979.139099814355,0.0925585447194576,0.7311197221279144,2.1306072413921355,5.0,5.0,2.86172696352005,7.047863483428955,21.356498301029205,1.196618676185608,387,0.1466671491295768,"ood:cond:pp:2979.14 outside [505.725,2097.14]",2979.139099814355,0.0925585447194576,2.672680377960205,0.2554819979152046,2.1306072413921355,5.0,2.86172696352005,13.136877059936523,4.047092914581299,387,14.30863481760025,b03c053c9595d413,15.927738398313522,15.196618676185608,0.7311197221279144,5.0,7.047863483428955,21.356498301029205,1.196618676185608,2.672680377960205,0.2554819979152046,2.1306072413921355,5.0,2.86172696352005,13.136877059936523,4.047092914581299,14.30863481760025,15.196618676185608,15.927738398313522,5,14.30863481760025,0.2554819979152046,2.672680377960205,14.20218089222908,15.196618676185608,15.927738398313522,0.2554819979152047
0.0,0.5078276004171355,12.311915397644045,0.8416720164867553,0.2792704121402237,0.0,0.2792704121402237,0.2350540909311493,0.040263008326292,2845.872105341315,0.0723458966429233,0.7687772214412689,4.080379420518876,5.0,5.0,4.849156641960144,5.118774652481079,29.3645578622818,1.4796768128871918,388,0.2792704121402237,"ood:cond:pp:2845.87 outside [505.725,2097.14]",2845.872105341315,0.0723458966429233,2.955092191696167,0.1585383352620489,4.080379420518876,5.0,4.849156641960144,15.201475143432615,6.857742786407471,388,24.24578320980072,9a9017d7e1079224,16.24845403432846,15.479676812887192,0.7687772214412689,5.0,5.118774652481079,29.3645578622818,1.4796768128871918,2.955092191696167,0.1585383352620489,4.080379420518876,5.0,4.849156641960144,15.201475143432615,6.857742786407471,24.24578320980072,15.479676812887192,16.24845403432846,5,24.24578320980072,0.1585383352620489,2.955092191696167,17.24166625738144,15.479676812887192,16.24845403432846,0.15853833526204897
0.0,0.5556282571713527,32.89372253417969,0.0090463037077013,16.99313337992684,0.0,16.99313337992684,0.1537250455002958,0.0786418467760086,2390.4940140376684,0.0076176685952097,1.1352750658988953,3.657348620891571,5.0,5.0,4.792623686790466,4.060195446014404,28.023313879966736,3.0023223161697388,389,16.99313337992684,"ood:cond:pp:2390.49 outside [505.725,2097.14]",2390.4940140376684,0.0076176685952097,6.444248199462891,0.2368796592622043,3.657348620891571,5.0,4.792623686790466,14.213079452514648,6.777793884277344,389,23.96311843395233,5ab9b6b871bc8193,18.137597382068638,17.00232231616974,1.1352750658988953,5.0,4.060195446014404,28.023313879966736,3.0023223161697388,6.444248199462891,0.2368796592622043,3.657348620891571,5.0,4.792623686790466,14.213079452514648,6.777793884277344,23.96311843395233,17.00232231616974,18.137597382068638,5,23.96311843395233,0.2368796592622043,6.444248199462891,16.04175466299057,17.00232231616974,18.137597382068634,0.23687965926220436
0.0,0.543917163232541,10.639140129089355,0.5664377602441206,0.4228058088009638,0.0,0.4228058088009638,0.2394931753554218,0.0482420101761817,2488.7666877442,0.0442897963612079,0.5763392746448517,2.110844457149505,5.0,5.0,2.687183731794357,7.446277618408203,20.88219627737999,3.390907943248749,390,0.4228058088009638,"ood:cond:pp:2488.77 outside [505.725,2097.14]",2488.7666877442,0.0442897963612079,1.6608346700668335,0.2144770630402719,2.110844457149505,5.0,2.687183731794357,13.10881519317627,3.8002519607543945,390,13.435918658971786,b8eed3f5ebd5b47f,17.9672472178936,17.39090794324875,0.5763392746448517,5.0,7.446277618408203,20.88219627737999,3.390907943248749,1.6608346700668335,0.2144770630402719,2.110844457149505,5.0,2.687183731794357,13.10881519317627,3.8002519607543945,13.435918658971786,17.39090794324875,17.9672472178936,5,13.435918658971786,0.2144770630402719,1.6608346700668335,14.164236947894096,17.39090794324875,17.9672472178936,0.21447706304027198
0.0,0.5047181091100642,6.978050708770752,0.3628854874373481,0.9574741983810328,0.0,0.9574741983810328,0.3474534911881853,0.059142954647541,721.284789094627,0.0852753794901371,1.4573370218276978,2.113453221321106,5.0,5.0,3.570790243148804,8.401161670684814,26.255112886428837,4.977470934391022,391,0.9574741983810328,,721.284789094627,0.0852753794901371,10.619155883789062,0.4081273114890627,2.113453221321106,5.0,3.570790243148804,16.271411895751953,5.049859523773193,391,17.85395121574402,6b3c4833c515d7f7,20.43480795621872,18.97747093439102,1.4573370218276978,5.0,8.401161670684814,26.255112886428837,4.977470934391022,10.619155883789062,0.4081273114890627,2.113453221321106,5.0,3.570790243148804,16.271411895751953,5.049859523773193,17.85395121574402,18.97747093439102,20.43480795621872,5,17.853951215744022,0.4081273114890627,10.619155883789062,17.328137278556824,18.97747093439102,20.43480795621872,0.40812731148906267
0.0,0.5504559485578256,12.123779296875,1.2110709775376216,0.2620547790967991,0.0,0.2620547790967991,0.317366937489166,0.0383696593344211,2801.661562425196,0.0776415848433971,0.9744605720043182,1.723694509267807,5.0,5.0,2.6981550812721253,9.71221160888672,23.202987015247345,3.3179178833961487,392,0.2620547790967991,"ood:cond:pp:2801.66 outside [505.725,2097.14]",2801.661562425196,0.0776415848433971,4.747867107391357,0.3611581034641196,1.723694509267807,5.0,2.6981550812721253,15.595751762390137,3.815767288208008,392,13.490775406360626,2e6f49c0cd8751f4,18.292378455400467,17.31791788339615,0.9744605720043182,5.0,9.71221160888672,23.202987015247345,3.3179178833961487,4.747867107391357,0.3611581034641196,1.723694509267807,5.0,2.6981550812721253,15.595751762390137,3.815767288208008,13.490775406360626,17.31791788339615,18.292378455400467,5,13.490775406360624,0.3611581034641196,4.747867107391357,16.457599312067032,17.31791788339615,18.292378455400467,0.3611581034641196
0.0,0.5894590937802895,10.335967063903809,0.1856853428043164,1.0494519233406354,0.0,1.0494519233406354,0.1948678401421551,0.0674535706639289,824.1724864885509,0.0393791381275653,1.1007070541381836,1.946277914941311,5.0,5.0,3.0469849690794946,5.1023359298706055,20.33726077526808,2.019631564617157,393,1.0494519233406354,,824.1724864885509,0.0393791381275653,6.0577802658081055,0.3612446616271662,1.946277914941311,5.0,3.0469849690794946,11.746659278869627,4.30908727645874,393,15.234924845397472,d076ca48e545ef42,17.12033861875534,16.019631564617157,1.1007070541381836,5.0,5.1023359298706055,20.33726077526808,2.019631564617157,6.0577802658081055,0.3612446616271662,1.946277914941311,5.0,3.0469849690794946,11.746659278869627,4.30908727645874,15.234924845397472,16.019631564617157,17.12033861875534,5,15.234924845397476,0.3612446616271662,6.0577802658081055,12.719798352569343,16.019631564617157,17.12033861875534,0.36124466162716623
0.0,0.47969946745753,10.200325965881348,0.4686178424719147,0.4183124737152613,0.0,0.4183124737152613,0.1960286889115353,0.0498371794819831,2785.4578038874265,0.0512403373583555,1.1140867471694946,4.267412209510804,5.0,5.0,5.381498956680298,2.7381097078323364,29.645604491233826,4.911195635795593,394,0.4183124737152613,"ood:cond:pp:2785.46 outside [505.725,2097.14]",2785.4578038874265,0.0512403373583555,6.20594596862793,0.2070216413935244,4.267412209510804,5.0,5.381498956680298,14.058151245117188,7.610589504241943,394,26.90749478340149,23844e4d5c1979c6,20.025282382965088,18.911195635795597,1.1140867471694946,5.0,2.7381097078323364,29.645604491233826,4.911195635795593,6.20594596862793,0.2070216413935244,4.267412209510804,5.0,5.381498956680298,14.058151245117188,7.610589504241943,26.90749478340149,18.911195635795597,20.025282382965088,5,26.90749478340149,0.2070216413935244,6.20594596862793,16.19185709953308,18.911195635795593,20.025282382965088,0.20702164139352444
0.0,0.5314262334221591,12.268027305603027,1.026994918451855,0.2960351160677346,0.0,0.2960351160677346,0.3040265598848685,0.0395479016005992,2971.939279323518,0.0791214950942993,1.4252328872680664,2.228117251396179,5.0,5.0,3.6533501386642455,8.706045627593994,26.972796320915226,4.645605981349945,395,0.2960351160677346,"ood:cond:pp:2971.94 outside [505.725,2097.14]",2971.939279323518,0.0791214950942993,10.156444549560549,0.3901166965039837,2.228117251396179,5.0,3.6533501386642455,16.725360870361328,5.166617393493652,395,18.266750693321228,8c42fa64db3808e7,20.07083886861801,18.645605981349945,1.4252328872680664,5.0,8.706045627593994,26.972796320915226,4.645605981349945,10.156444549560549,0.3901166965039837,2.228117251396179,5.0,3.6533501386642455,16.725360870361328,5.166617393493652,18.266750693321228,18.645605981349945,20.07083886861801,5,18.26675069332123,0.3901166965039837,10.156444549560549,17.839420974254608,18.645605981349945,20.07083886861801,0.39011669650398373
0.0,0.517954690872306,8.601585388183594,0.3079979802592799,0.9789348456020271,0.0,0.9789348456020271,0.3015099552508544,0.0603734999895095,1633.7258652731775,0.0403800458272695,0.5575223453342915,2.688489507883787,5.0,5.0,3.2460118532180786,9.829697608947754,26.059756875038147,0.5152973532676697,396,0.9789348456020271,,1633.7258652731775,0.0403800458272695,1.554155945777893,0.1717561027331329,2.688489507883787,5.0,3.2460118532180786,16.600482940673828,4.590554237365723,396,16.230059266090393,229d5600ac29949c,15.07281969860196,14.51529735326767,0.5575223453342915,5.0,9.829697608947754,26.059756875038147,0.5152973532676697,1.554155945777893,0.1717561027331329,2.688489507883787,5.0,3.2460118532180786,16.600482940673828,4.590554237365723,16.230059266090393,14.51529735326767,15.07281969860196,5,16.230059266090393,0.1717561027331329,1.554155945777893,17.94472724199295,14.51529735326767,15.072819698601961,0.1717561027331329
0.0,0.5542396129732752,8.626455307006836,1.016997443127755,0.303095645617954,0.0,0.303095645617954,0.3082474966166154,0.0493308641016483,1538.543055063963,0.0883446101257801,1.2627740502357483,1.2005085229873655,5.0,5.0,2.463282573223114,9.139235973358154,21.455648839473724,4.810774922370911,397,0.303095645617954,,1538.543055063963,0.0883446101257801,7.972990989685059,0.5126387301086027,1.2005085229873655,5.0,2.463282573223114,14.697189331054688,3.483607292175293,397,12.31641286611557,5b3078e95619c4d4,20.07354897260666,18.81077492237091,1.2627740502357483,5.0,9.139235973358154,21.455648839473724,4.810774922370911,7.972990989685059,0.5126387301086027,1.2005085229873655,5.0,2.463282573223114,14.697189331054688,3.483607292175293,12.31641286611557,18.81077492237091,20.07354897260666,5,12.31641286611557,0.5126387301086027,7.972990989685059,15.29744240641594,18.81077492237091,20.07354897260666,0.5126387301086027
0.0,0.8053418013900022,112.4643096923828,0.0013011609818043,277.5219364220355,0.0,277.5219364220355,0.3611007152671355,0.1045282781124115,1689.501580693543,0.0037284290805254,1.4369980096817017,1.3649193864315747,5.0,5.0,2.8019173961132764,6.04546594619751,20.05505292676389,1.6711881756782532,398,277.5219364220355,,1689.501580693543,0.0037284290805254,10.324816703796388,0.5128623747705967,1.3649193864315747,5.0,2.8019173961132764,12.367799758911133,3.9625093936920166,398,14.009586980566382,532a67b809ec902d,17.108186185359955,15.671188175678251,1.4369980096817017,5.0,6.04546594619751,20.05505292676389,1.6711881756782532,10.324816703796388,0.5128623747705967,1.3649193864315747,5.0,2.8019173961132764,12.367799758911133,3.9625093936920166,14.009586980566382,15.671188175678251,17.108186185359955,5,14.009586980566379,0.5128623747705967,10.324816703796388,13.0502594364807,15.671188175678253,17.108186185359955,0.5128623747705967
0.0,0.5342227005797744,8.346332550048828,0.2633383100036641,1.105601916860222,0.0,1.105601916860222,0.2911473403227824,0.0664593875408172,1109.688769751206,0.0443640414248704,1.3566933870315552,1.472447800636291,5.0,5.0,2.8291411876678465,9.648533821105955,23.79423975944519,0.4332140833139419,399,1.105601916860222,,1109.688769751206,0.0443640414248704,9.203084945678713,0.479542481989003,1.472447800636291,5.0,2.8291411876678465,15.985162734985352,4.001009941101074,399,14.145705938339232,96131b57ddd06242,15.789907470345495,14.433214083313942,1.3566933870315552,5.0,9.648533821105955,23.79423975944519,0.4332140833139419,9.203084945678713,0.479542481989003,1.472447800636291,5.0,2.8291411876678465,15.985162734985352,4.001009941101074,14.145705938339232,14.433214083313942,15.789907470345495,5,14.145705938339235,0.479542481989003,9.203084945678713,16.721386790275574,14.433214083313942,15.789907470345497,0.4795424819890031
0.0,0.5174758275995281,8.961689949035645,0.3317384003389987,0.7654260561704311,0.0,0.7654260561704311,0.2539212154517674,0.0613293386995792,1606.6392759897708,0.0446529408392906,1.39301735162735,2.140706956386566,5.0,5.0,3.533724308013916,7.671463489532471,25.34008502960205,2.526066303253174,400,0.7654260561704311,,1606.6392759897708,0.0446529408392906,9.702486038208008,0.3942065736334358,2.140706956386566,5.0,3.533724308013916,15.435420036315918,4.997440814971924,400,17.66862154006958,b610c93a89876ed8,17.919083654880524,16.526066303253174,1.39301735162735,5.0,7.671463489532471,25.34008502960205,2.526066303253174,9.702486038208008,0.3942065736334358,2.140706956386566,5.0,3.533724308013916,15.435420036315918,4.997440814971924,17.66862154006958,16.526066303253174,17.919083654880524,5,17.66862154006958,0.3942065736334358,9.702486038208008,16.50577425956726,16.526066303253174,17.919083654880524,0.39420657363343586
0.0,0.5425607133382514,11.521326065063477,0.8403286773583892,0.2496746022777897,0.0,0.2496746022777897,0.2098087283020769,0.0430536083877086,2555.626665954411,0.0667689975104331,0.9967696368694304,2.8857498466968536,5.0,5.0,3.882519483566284,3.2997065782547,22.71230399608612,4.627935588359833,401,0.2496746022777897,"ood:cond:pp:2555.63 outside [505.725,2097.14]",2555.626665954411,0.0667689975104331,4.967748641967773,0.2567326812108741,2.8857498466968536,5.0,3.882519483566284,11.563130378723145,5.490711688995361,401,19.41259741783142,44136c600873432a,19.624705225229263,18.627935588359836,0.9967696368694304,5.0,3.2997065782547,22.71230399608612,4.627935588359833,4.967748641967773,0.2567326812108741,2.8857498466968536,5.0,3.882519483566284,11.563130378723145,5.490711688995361,19.41259741783142,18.627935588359836,19.624705225229263,5,19.41259741783142,0.2567326812108741,4.967748641967773,13.00600528717041,18.627935588359833,19.624705225229263,0.2567326812108741
0.0,0.5262303989255165,8.783113479614258,0.9243563120284152,0.2840238143580189,0.0,0.2840238143580189,0.2625392055682216,0.04682407528162,1587.8021093729435,0.0988947081754207,0.8604282736778259,3.8112465739250174,5.0,5.0,4.671674847602844,5.00853419303894,28.36690843105316,2.734578251838684,402,0.2840238143580189,,1587.8021093729435,0.0988947081754207,3.701684236526489,0.1841798288079346,3.8112465739250174,5.0,4.671674847602844,14.782098770141602,6.606746196746826,402,23.35837423801422,416842ba7d843fc4,17.59500652551651,16.734578251838684,0.8604282736778259,5.0,5.00853419303894,28.36690843105316,2.734578251838684,3.701684236526489,0.1841798288079346,3.8112465739250174,5.0,4.671674847602844,14.782098770141602,6.606746196746826,23.35837423801422,16.734578251838684,17.59500652551651,5,23.35837423801422,0.1841798288079346,3.701684236526489,16.68772131204605,16.734578251838684,17.59500652551651,0.18417982880793463
0.0,0.6535490711410578,54.18122482299805,0.0003685569151157,715.2496809854808,0.0,715.2496809854808,0.2636102159615431,0.1059248968958854,730.8523466372118,0.0051649440780207,0.7872856259346008,2.3893783688545227,5.0,5.0,3.1766639947891235,9.63675022125244,25.52007019519806,2.432256191968918,403,715.2496809854808,,730.8523466372118,0.0051649440780207,3.099093198776245,0.2478340885992455,2.3893783688545227,5.0,3.1766639947891235,16.38372230529785,4.492481708526611,403,15.883319973945618,f5ff35b1186ae02d,17.21954181790352,16.432256191968918,0.7872856259346008,5.0,9.63675022125244,25.52007019519806,2.432256191968918,3.099093198776245,0.2478340885992455,2.3893783688545227,5.0,3.1766639947891235,16.38372230529785,4.492481708526611,15.883319973945618,16.432256191968918,17.21954181790352,5,15.88331997394562,0.2478340885992455,3.099093198776245,17.57841020822525,16.432256191968918,17.21954181790352,0.24783408859924552
0.0,0.5115465812683588,7.615971565246582,0.3518932192920868,0.734244475747321,0.0,0.734244475747321,0.2583756523181553,0.0580745711922645,770.2733409804032,0.0878619522998332,1.4225898385047913,3.772435066103936,5.0,5.0,5.195024904608727,2.244363144040108,28.21948766708374,4.691459834575653,404,0.734244475747321,,770.2733409804032,0.0878619522998332,10.11880874633789,0.2738369622141275,3.772435066103936,5.0,5.195024904608727,13.345707893371582,7.346875190734863,404,25.975124523043636,8de3df3b75ac4a1d,20.114049673080444,18.691459834575653,1.4225898385047913,5.0,2.244363144040108,28.21948766708374,4.691459834575653,10.11880874633789,0.2738369622141275,3.772435066103936,5.0,5.195024904608727,13.345707893371582,7.346875190734863,25.975124523043636,18.691459834575653,20.114049673080444,5,25.975124523043633,0.2738369622141275,10.11880874633789,15.231925405561924,18.691459834575653,20.114049673080444,0.2738369622141275
0.0,0.5333478161347186,11.141940116882324,0.7327686230569808,0.3221059715148139,0.0,0.3221059715148139,0.2360291492253412,0.0443923845887184,2418.5819658670425,0.0568663821935653,1.3850114941596985,1.815010118484497,5.0,5.0,3.2000216126441954,6.28594970703125,22.286057770252228,0.2086329273879528,405,0.3221059715148139,"ood:cond:pp:2418.58 outside [505.725,2097.14]",2418.5819658670425,0.0568663821935653,9.591282844543455,0.4328131687258374,1.815010118484497,5.0,3.2000216126441954,13.378499031066896,4.525513648986816,405,16.000108063220978,626513bec173d6ec,15.593644421547651,14.208632927387953,1.3850114941596985,5.0,6.28594970703125,22.286057770252228,0.2086329273879528,9.591282844543455,0.4328131687258374,1.815010118484497,5.0,3.2000216126441954,13.378499031066896,4.525513648986816,16.000108063220978,14.208632927387953,15.593644421547651,5,16.000108063220978,0.4328131687258374,9.591282844543455,14.286003738641739,14.208632927387953,15.593644421547651,0.4328131687258374
0.0,0.5625038118322726,11.115639686584473,0.4057535517346546,0.5350504245052695,0.0,0.5350504245052695,0.2170986101001477,0.0521809123456478,2261.907081273675,0.038794822119832,1.3083032965660095,1.7866351753473282,5.0,5.0,3.0949384719133377,5.037827491760254,20.512519851326942,4.750289916992188,406,0.5350504245052695,"ood:cond:pp:2261.91 outside [505.725,2097.14]",2261.907081273675,0.038794822119832,8.55828857421875,0.4227235237271766,1.7866351753473282,5.0,3.0949384719133377,11.881855964660645,4.376904487609863,406,15.474692359566689,bed5727a431fb875,20.0585932135582,18.750289916992188,1.3083032965660095,5.0,5.037827491760254,20.512519851326942,4.750289916992188,8.55828857421875,0.4227235237271766,1.7866351753473282,5.0,3.0949384719133377,11.881855964660645,4.376904487609863,15.474692359566689,18.750289916992188,20.0585932135582,5,15.474692359566689,0.4227235237271766,8.55828857421875,12.775173671543598,18.750289916992188,20.058593213558197,0.4227235237271766
0.0,0.5805459549245582,20.866397857666016,0.0162052735826394,5.983771496518322,0.0,5.983771496518322,0.0969686541570792,0.0710025280714035,1272.3773671433628,0.0102836538355648,1.4714605808258057,2.884196543693543,5.0,5.0,4.3556571245193485,4.744915246963501,26.52320086956024,3.215913772583008,407,5.983771496518322,,1272.3773671433628,0.0102836538355648,10.82598114013672,0.3378274594991641,2.884196543693543,5.0,4.3556571245193485,14.191960334777832,6.159829616546631,407,21.77828562259674,2cdf5b76fc8eb678,18.687374353408813,17.215913772583008,1.4714605808258057,5.0,4.744915246963501,26.52320086956024,3.215913772583008,10.82598114013672,0.3378274594991641,2.884196543693543,5.0,4.3556571245193485,14.191960334777832,6.159829616546631,21.77828562259674,17.215913772583008,18.687374353408813,5,21.77828562259674,0.3378274594991641,10.82598114013672,15.634058058261871,17.215913772583008,18.687374353408813,0.3378274594991641
0.0,0.6283423873382081,14.137059211730955,1.6280245890999507,0.2156435856801983,0.0,0.2156435856801983,0.351073059969045,0.0319603607058525,2973.561141760647,0.0812420564358234,0.6411316096782684,1.2814113398392994,6.0,6.0,1.922542949517568,9.81548547744751,21.35074317455292,0.0541572179645299,408,0.2156435856801983,"ood:cond:pp:2973.56 outside [505.725,2097.14]",2973.561141760647,0.0812420564358234,2.466298818588257,0.3334810334609951,1.2814113398392994,6.0,1.922542949517568,14.942408561706545,3.283367156982422,408,11.535257697105408,5624bf79d41caec7,14.695288827642798,14.05415721796453,0.6411316096782684,6.0,9.81548547744751,21.35074317455292,0.0541572179645299,2.466298818588257,0.3334810334609951,1.2814113398392994,6.0,1.922542949517568,14.942408561706545,3.283367156982422,11.535257697105408,14.05415721796453,14.695288827642798,6,11.535257697105411,0.3334810334609951,2.466298818588257,15.583114326000215,14.05415721796453,14.695288827642798,0.33348103346099517
0.0,0.5263646591295188,9.75151824951172,0.0386215972430279,4.066913425378122,0.0,4.066913425378122,0.1570706923372169,0.0662881210446357,916.7419203293772,0.0201366712284684,1.3137472867965698,3.118057022492091,6.0,6.0,4.431804309288661,2.837606132030487,29.42843198776245,4.724736213684082,409,4.066913425378122,,916.7419203293772,0.0201366712284684,10.355591773986816,0.2964362131340218,3.118057022492091,6.0,4.431804309288661,14.57399082183838,7.568746566772461,409,26.590825855731964,98484b61774afb9e,20.03848350048065,18.72473621368408,1.3137472867965698,6.0,2.837606132030487,29.42843198776245,4.724736213684082,10.355591773986816,0.2964362131340218,3.118057022492091,6.0,4.431804309288661,14.57399082183838,7.568746566772461,26.590825855731964,18.72473621368408,20.03848350048065,6,26.590825855731964,0.2964362131340218,10.355591773986816,16.13301905989647,18.724736213684082,20.038483500480652,0.2964362131340218
0.0,0.5408793971825767,9.112951278686523,0.8478274565416617,0.3628500812026077,0.0,0.3628500812026077,0.3076342614519423,0.0463104732334613,1838.402972280502,0.0759471933407783,1.4292833805084229,0.5689181536436081,6.0,6.0,1.998201534152031,9.534752368927002,21.523961573839188,4.56020325422287,410,0.3628500812026077,,1838.402972280502,0.0759471933407783,12.257104873657228,0.715284897984508,0.5689181536436081,6.0,1.998201534152031,15.244898796081545,3.412578821182251,410,11.989209204912186,a4ee339029002a1f,19.989486634731293,18.56020325422287,1.4292833805084229,6.0,9.534752368927002,21.523961573839188,4.56020325422287,12.257104873657228,0.715284897984508,0.5689181536436081,6.0,1.998201534152031,15.244898796081545,3.412578821182251,11.989209204912186,18.56020325422287,19.989486634731293,6,11.989209204912186,0.715284897984508,12.257104873657228,15.529356971383095,18.56020325422287,19.989486634731293,0.715284897984508
0.0,0.6268610889732608,14.260884284973145,2.027901333698782,0.1292967364049279,0.0,0.1292967364049279,0.2622010241984531,0.0326346866786479,2597.4284978651403,0.0992702984745502,0.5912811830639839,2.4279167937735715,6.0,6.0,3.0191979768375554,2.0539820231497288,20.169169884175066,4.096645712852478,411,0.1292967364049279,"ood:cond:pp:2597.43 outside [505.725,2097.14]",2597.4284978651403,0.0992702984745502,2.0976805686950684,0.1958404806839856,2.4279167937735715,6.0,3.0191979768375554,9.89761734008789,5.156261920928955,411,18.115187861025333,28ec4484e9848818,18.687926895916465,18.09664571285248,0.5912811830639839,6.0,2.0539820231497288,20.169169884175066,4.096645712852478,2.0976805686950684,0.1958404806839856,2.4279167937735715,6.0,3.0191979768375554,9.89761734008789,5.156261920928955,18.115187861025333,18.09664571285248,18.687926895916465,6,18.115187861025337,0.1958404806839856,2.0976805686950684,11.111575953662397,18.096645712852478,18.687926895916462,0.19584048068398568
0.0,0.5519265270861347,40.83888244628906,0.0086692405552672,22.28913095862097,0.0,22.28913095862097,0.1932298380481397,0.0758103057742118,2587.3212176542875,0.0069608103856295,1.0134446024894714,3.035799066225688,6.0,6.0,4.049243668715159,3.408275604248047,27.703737616539,0.1683996804058551,412,22.28913095862097,"ood:cond:pp:2587.32 outside [505.725,2097.14]",2587.3212176542875,0.0069608103856295,6.162420272827148,0.2502799745837576,3.035799066225688,6.0,4.049243668715159,14.038105964660645,6.91540002822876,412,24.295462012290955,2c1f491330cef8ee,15.181844282895328,14.168399680405855,1.0134446024894714,6.0,3.408275604248047,27.703737616539,0.1683996804058551,6.162420272827148,0.2502799745837576,3.035799066225688,6.0,4.049243668715159,14.038105964660645,6.91540002822876,24.295462012290955,14.168399680405855,15.181844282895328,6,24.295462012290955,0.2502799745837576,6.162420272827148,15.556006610393524,14.168399680405855,15.181844282895327,0.2502799745837576
0.0,0.4769628175211199,6.255200386047363,0.3470481333496511,1.1129872855732017,0.0,1.1129872855732017,0.3862601599000747,0.0500749498605728,641.3061680683829,0.0976510088758468,0.7753861844539642,2.5027535061041517,6.0,6.0,3.2781396905581155,9.95827579498291,29.627113938331604,1.4202775061130524,413,1.1129872855732017,,641.3061680683829,0.0976510088758468,3.607342481613159,0.236532380449581,2.5027535061041517,6.0,3.2781396905581155,18.541318893432617,5.598489761352539,413,19.66883814334869,4537445ba1248992,16.195663690567017,15.420277506113052,0.7753861844539642,6.0,9.95827579498291,29.627113938331604,1.4202775061130524,3.607342481613159,0.236532380449581,2.5027535061041517,6.0,3.2781396905581155,18.541318893432617,5.598489761352539,19.66883814334869,15.420277506113052,16.195663690567017,6,19.668838143348694,0.236532380449581,3.607342481613159,19.792694866657257,15.420277506113052,16.195663690567017,0.2365323804495811
0.0,0.5557975030219964,8.8580904006958,0.4938324979139645,0.4387366652870966,0.0,0.4387366652870966,0.2166624233451698,0.049524687230587,820.4868747128844,0.0880754815068244,1.3563348650932312,1.3149361635247865,6.0,6.0,2.6712710286180177,5.112842321395874,21.14046849310398,0.8210258185863495,414,0.4387366652870966,,820.4868747128844,0.0880754815068244,11.037866592407228,0.5077488770560773,1.3149361635247865,6.0,2.6712710286180177,12.46918773651123,4.562063694000244,414,16.027626171708107,2d8516a162bb2cdc,16.17736068367958,14.82102581858635,1.3563348650932312,6.0,5.112842321395874,21.14046849310398,0.8210258185863495,11.037866592407228,0.5077488770560773,1.3149361635247865,6.0,2.6712710286180177,12.46918773651123,4.562063694000244,16.027626171708107,14.82102581858635,16.17736068367958,6,16.027626171708107,0.5077488770560773,11.037866592407228,13.126655407249928,14.82102581858635,16.17736068367958,0.5077488770560774
0.0,0.8014049065662162,80.89391326904297,0.0002403319380936,1422.3392046108836,0.0,1422.3392046108836,0.3418335376707047,0.1138738468289375,758.5765501026214,0.0046184765362218,0.6290245354175568,1.4208545113603273,6.0,6.0,2.049879046777884,8.174843788146973,20.47411806881428,3.748360574245453,415,1422.3392046108836,,758.5765501026214,0.0046184765362218,2.374030828475952,0.3068593419725389,1.4208545113603273,6.0,2.049879046777884,13.614054679870604,3.5008347034454346,415,12.299274280667303,a99a30bdd9ba9015,18.37738510966301,17.748360574245453,0.6290245354175568,6.0,8.174843788146973,20.47411806881428,3.748360574245453,2.374030828475952,0.3068593419725389,1.4208545113603273,6.0,2.049879046777884,13.614054679870604,3.5008347034454346,12.299274280667303,17.748360574245453,18.37738510966301,6,12.299274280667309,0.3068593419725389,2.374030828475952,14.324480928480627,17.748360574245453,18.37738510966301,0.3068593419725389
0.0,0.4758494672641184,8.918318748474121,0.2117522039418532,1.4927411910086024,0.0,1.4927411910086024,0.3160912371108584,0.0538353994488716,2993.925549784243,0.0245455917943716,1.0455483198165894,2.205297867457072,6.0,6.0,3.250846187273661,9.94812536239624,29.453202486038208,3.978208899497986,416,1.4927411910086024,"ood:cond:pp:2993.93 outside [505.725,2097.14]",2993.925549784243,0.0245455917943716,6.559027194976807,0.321623435741032,2.205297867457072,6.0,3.250846187273661,18.59801483154297,5.551876544952393,416,19.505077123641968,7329671185c77fa3,19.02375721931457,17.978208899497986,1.0455483198165894,6.0,9.94812536239624,29.453202486038208,3.978208899497986,6.559027194976807,0.321623435741032,2.205297867457072,6.0,3.250846187273661,18.59801483154297,5.551876544952393,19.505077123641968,17.978208899497986,19.02375721931457,6,19.505077123641968,0.321623435741032,6.559027194976807,19.700663924217224,17.978208899497986,19.023757219314575,0.321623435741032
0.0,0.5421889959601911,10.394420623779297,0.0943347620499922,2.68731273549975,0.0,2.68731273549975,0.2535070074572828,0.0584469512104988,1536.7459244496226,0.0181950250557065,1.2983972430229187,1.1026213765144348,6.0,6.0,2.401018619537353,9.795813083648682,24.201924800872803,0.3917892649769783,417,2.68731273549975,,1536.7459244496226,0.0181950250557065,10.11501407623291,0.5407693353386421,1.1026213765144348,6.0,2.401018619537353,16.44755744934082,4.100520133972168,417,14.40611171722412,75df0c6e93f0bcca,15.690186507999895,14.391789264976978,1.2983972430229187,6.0,9.795813083648682,24.201924800872803,0.3917892649769783,10.11501407623291,0.5407693353386421,1.1026213765144348,6.0,2.401018619537353,16.44755744934082,4.100520133972168,14.40611171722412,14.391789264976978,15.690186507999895,6,14.406111717224121,0.5407693353386421,10.11501407623291,16.998868942260742,14.391789264976978,15.690186507999897,0.5407693353386422
0.0,0.5538336243386686,13.3842134475708,1.36616271809892,0.1764392512439391,0.0,0.1764392512439391,0.2410447270587581,0.033894445747137,2833.192589956343,0.0940739229638576,1.4642997980117798,2.2376285990079245,6.0,6.0,3.701928397019704,3.768381834030152,25.979952216148376,2.9911473393440247,418,0.1764392512439391,"ood:cond:pp:2833.19 outside [505.725,2097.14]",2833.192589956343,0.0940739229638576,12.865042686462402,0.395550545815699,2.2376285990079245,6.0,3.701928397019704,13.755352973937988,6.322246551513672,418,22.211570382118225,d0374ce81e713d4d,18.455447137355804,16.991147339344025,1.4642997980117798,6.0,3.768381834030152,25.979952216148376,2.9911473393440247,12.865042686462402,0.395550545815699,2.2376285990079245,6.0,3.701928397019704,13.755352973937988,6.322246551513672,22.211570382118225,16.991147339344025,18.455447137355804,6,22.211570382118225,0.395550545815699,12.865042686462402,14.874167025089264,16.991147339344025,18.455447137355804,0.39555054581569904
0.0,0.4986986549354211,7.978897571563721,0.3171024013555496,0.8437509249948754,0.0,0.8437509249948754,0.2675554444618412,0.0581902414560318,981.7177284699828,0.0711537346978187,0.6895086318254471,3.018920386830965,6.0,6.0,3.7084290186564126,6.050838947296143,28.30141305923462,4.500814974308014,419,0.8437509249948754,,981.7177284699828,0.0711537346978187,2.852532863616944,0.1859301144383937,3.018920386830965,6.0,3.7084290186564126,15.666665077209473,6.333348274230957,419,22.25057411193848,cd4a201e038f2704,19.19032360613346,18.50081497430801,0.6895086318254471,6.0,6.050838947296143,28.30141305923462,4.500814974308014,2.852532863616944,0.1859301144383937,3.018920386830965,6.0,3.7084290186564126,15.666665077209473,6.333348274230957,22.25057411193848,18.50081497430801,19.19032360613346,6,22.250574111938477,0.1859301144383937,2.852532863616944,17.17612600326538,18.500814974308014,19.19032360613346,0.18593011443839377
0.0,0.5390189354217796,8.581377029418945,0.60470357976032,0.3122982935797367,0.0,0.3122982935797367,0.1888478960807061,0.0469158440828323,1030.598447315857,0.0996011542115211,0.6738793104887009,3.0348255584637323,6.0,6.0,3.708704868952433,2.587748408317566,24.83997762203217,0.9882691502571106,420,0.3122982935797367,,1030.598447315857,0.0996011542115211,2.724679946899414,0.1817020588858681,3.0348255584637323,6.0,3.708704868952433,12.196449279785156,6.333818912506104,420,22.2522292137146,f62bc6b41f97e303,15.662148460745811,14.98826915025711,0.6738793104887009,6.0,2.587748408317566,24.83997762203217,0.9882691502571106,2.724679946899414,0.1817020588858681,3.0348255584637323,6.0,3.708704868952433,12.196449279785156,6.333818912506104,22.2522292137146,14.98826915025711,15.662148460745811,6,22.252229213714603,0.1817020588858681,2.724679946899414,13.713863015174867,14.98826915025711,15.662148460745811,0.18170205888586813
0.0,0.4916870185961836,7.866494178771973,0.1696212457276053,1.5295505900885364,0.0,1.5295505900885364,0.2594442764942114,0.0646615922451019,750.6674621122107,0.0529382514264583,1.483255684375763,2.540167172749837,6.0,6.0,4.0234228571256,5.788090467453003,29.928627610206604,0.0598046742379665,421,1.5295505900885364,,750.6674621122107,0.0529382514264583,13.200284004211426,0.3686551816816553,2.540167172749837,6.0,4.0234228571256,16.588275909423828,6.871302604675293,421,24.1405371427536,be986778a13d32fe,15.54306035861373,14.059804674237968,1.483255684375763,6.0,5.788090467453003,29.928627610206604,0.0598046742379665,13.200284004211426,0.3686551816816553,2.540167172749837,6.0,4.0234228571256,16.588275909423828,6.871302604675293,24.1405371427536,14.059804674237968,15.54306035861373,6,24.1405371427536,0.3686551816816553,13.200284004211426,17.858359038829803,14.059804674237967,15.54306035861373,0.36865518168165534
0.0,0.5214542498135809,15.568859100341797,0.0541518334612063,2.689963754090835,0.0,2.689963754090835,0.1456664692282082,0.0592824108898639,2886.662763255953,0.0116811299956738,0.6331165581941605,3.796113833785057,6.0,6.0,4.4292303919792175,3.257845640182495,29.8332279920578,3.1024152040481567,422,2.689963754090835,"ood:cond:pp:2886.66 outside [505.725,2097.14]",2886.662763255953,0.0116811299956738,2.4050192832946777,0.1429405341705989,3.796113833785057,6.0,4.4292303919792175,14.647480010986328,7.564351081848144,422,26.575382351875305,6b4a3ec09661c4e7,17.735531762242317,17.102415204048157,0.6331165581941605,6.0,3.257845640182495,29.8332279920578,3.1024152040481567,2.4050192832946777,0.1429405341705989,3.796113833785057,6.0,4.4292303919792175,14.647480010986328,7.564351081848144,26.575382351875305,17.102415204048157,17.735531762242317,6,26.575382351875305,0.1429405341705989,2.4050192832946777,16.545536816120148,17.102415204048157,17.735531762242317,0.1429405341705989
0.0,0.4992879681115854,7.58657169342041,0.4500574848568158,0.7384126030051803,0.0,0.7384126030051803,0.3323281188950858,0.0527882613241672,1091.0001871404202,0.0848501905457973,1.3615978956222534,1.9964470863342283,6.0,6.0,3.358044981956482,8.6343994140625,28.78266930580139,3.4815558791160583,423,0.7384126030051803,,1091.0001871404202,0.0848501905457973,11.123692512512209,0.405473393876026,1.9964470863342283,6.0,3.358044981956482,17.710309982299805,5.7349534034729,423,20.14826989173889,25133afe942b4bec,18.84315377473831,17.48155587911606,1.3615978956222534,6.0,8.6343994140625,28.78266930580139,3.4815558791160583,11.123692512512209,0.405473393876026,1.9964470863342283,6.0,3.358044981956482,17.710309982299805,5.7349534034729,20.14826989173889,17.48155587911606,18.84315377473831,6,20.14826989173889,0.405473393876026,11.123692512512209,18.708534359931946,17.48155587911606,18.84315377473831,0.40547339387602604
0.0,0.4815163416671635,9.44239330291748,0.3229411203084614,0.8472666002532301,0.0,0.8472666002532301,0.2736172250857194,0.0515038408339023,2559.447928460956,0.035574484676361,0.5021730461157858,3.0895442964198687,6.0,6.0,3.5917173425356546,8.1025972366333,29.65290129184723,0.4039919003844261,424,0.8472666002532301,"ood:cond:pp:2559.45 outside [505.725,2097.14]",2559.447928460956,0.035574484676361,1.5130665302276611,0.1398141886525138,3.0895442964198687,6.0,3.5917173425356546,17.332977294921875,6.134025096893311,424,21.550304055213928,af9a2947b1a3b872,14.906164946500212,14.403991900384426,0.5021730461157858,6.0,8.1025972366333,29.65290129184723,0.4039919003844261,1.5130665302276611,0.1398141886525138,3.0895442964198687,6.0,3.5917173425356546,17.332977294921875,6.134025096893311,21.550304055213928,14.403991900384426,14.906164946500212,6,21.550304055213928,0.1398141886525138,1.5130665302276611,18.877749264240265,14.403991900384426,14.906164946500212,0.13981418865251388
0.0,0.5807501833399329,10.35287857055664,0.1698068966240323,1.0277586103278469,0.0,1.0277586103278469,0.1745205000983998,0.0642046332359314,905.7892573307752,0.037580627551794,1.3457247018814087,1.5034705847501757,6.0,6.0,2.849195286631584,3.8537999391555786,20.948971658945084,4.168069362640381,425,1.0277586103278469,,905.7892573307752,0.037580627551794,10.865849494934082,0.4723174673900188,1.5034705847501757,6.0,2.849195286631584,11.649650573730469,4.865927219390869,425,17.095171719789505,8b1d55e4603e319c,19.51379406452179,18.16806936264038,1.3457247018814087,6.0,3.8537999391555786,20.948971658945084,4.168069362640381,10.865849494934082,0.4723174673900188,1.5034705847501757,6.0,2.849195286631584,11.649650573730469,4.865927219390869,17.095171719789505,18.16806936264038,19.51379406452179,6,17.095171719789505,0.4723174673900188,10.865849494934082,12.401385799050331,18.16806936264038,19.51379406452179,0.47231746739001884
0.0,0.5849730925273467,13.273279190063477,1.5316725277313057,0.2163855559892042,0.0,0.2163855559892042,0.3314318115065284,0.0336425267159938,2942.8452078814503,0.084790402137041,0.7497823983430862,1.505477930108706,6.0,6.0,2.2552603284517923,8.889426708221436,22.42098867893219,3.348318338394165,426,0.2163855559892042,"ood:cond:pp:2942.85 outside [505.725,2097.14]",2942.8452078814503,0.084790402137041,3.37304162979126,0.3324593568573976,1.505477930108706,6.0,2.2552603284517923,14.90246868133545,3.851590156555176,426,13.531561970710754,e81f7d0aac6c5f17,18.09810073673725,17.348318338394165,0.7497823983430862,6.0,8.889426708221436,22.42098867893219,3.348318338394165,3.37304162979126,0.3324593568573976,1.505477930108706,6.0,2.2552603284517923,14.90246868133545,3.851590156555176,13.531561970710754,17.348318338394165,18.09810073673725,6,13.531561970710754,0.3324593568573976,3.37304162979126,15.655207693576813,17.348318338394165,18.09810073673725,0.33245935685739764
0.0,0.7351177272473033,92.16291046142578,0.0004873700284251,653.1366726898589,0.0,653.1366726898589,0.3183192387343345,0.1063648164272308,776.0235754623263,0.0047610757064968,0.5944662913680077,2.4739588474233947,6.0,6.0,3.0684251387914023,6.042966365814209,24.453517198562626,0.7814179360866547,427,653.1366726898589,,776.0235754623263,0.0047610757064968,2.1203410625457764,0.1937366122616755,2.4739588474233947,6.0,3.0684251387914023,14.01126194000244,5.240333557128906,427,18.410550832748413,6fdf7f27e82b8e29,15.375884227454662,14.781417936086656,0.5944662913680077,6.0,6.042966365814209,24.453517198562626,0.7814179360866547,2.1203410625457764,0.1937366122616755,2.4739588474233947,6.0,3.0684251387914023,14.01126194000244,5.240333557128906,18.410550832748413,14.781417936086656,15.375884227454662,6,18.410550832748417,0.1937366122616755,2.1203410625457764,15.248241782188417,14.781417936086655,15.375884227454662,0.19373661226167546
0.0,0.6154293128430719,37.5482063293457,0.0029269957424973,63.97158176438993,0.0,63.97158176438993,0.1872445474651902,0.0932711884379386,2861.693365982592,0.0055649631596207,0.8092630505561829,2.537170926729838,6.0,6.0,3.3464339772860208,6.121791362762451,26.200395226478577,4.876402020454407,428,63.97158176438993,"ood:cond:pp:2861.69 outside [505.725,2097.14]",2861.693365982592,0.0055649631596207,3.929440259933472,0.2418284825127493,2.537170926729838,6.0,3.3464339772860208,14.89250659942627,5.715123653411865,428,20.078603863716125,ccad3361b9372803,19.68566507101059,18.876402020454407,0.8092630505561829,6.0,6.121791362762451,26.200395226478577,4.876402020454407,3.929440259933472,0.2418284825127493,2.537170926729838,6.0,3.3464339772860208,14.89250659942627,5.715123653411865,20.078603863716125,18.876402020454407,19.68566507101059,6,20.078603863716125,0.2418284825127493,3.929440259933472,16.161093294620514,18.876402020454407,19.68566507101059,0.24182848251274938
0.0,0.5472008835883356,11.111666679382324,0.4772721642373581,0.5218908494432388,0.0,0.5218908494432388,0.2490839752094478,0.0455099754035472,2928.33749229008,0.0333239663448333,1.0687147974967957,1.3820405304431915,6.0,6.0,2.450755327939987,6.518176555633545,21.222708523273468,0.221270453184843,429,0.5218908494432388,"ood:cond:pp:2928.34 outside [505.725,2097.14]",2928.33749229008,0.0333239663448333,6.852908611297607,0.4360756805515617,1.3820405304431915,6.0,2.450755327939987,13.179423332214355,4.185461521148682,429,14.704531967639925,1e402badf3defa7b,15.28998525068164,14.221270453184845,1.0687147974967957,6.0,6.518176555633545,21.222708523273468,0.221270453184843,6.852908611297607,0.4360756805515617,1.3820405304431915,6.0,2.450755327939987,13.179423332214355,4.185461521148682,14.704531967639925,14.221270453184845,15.28998525068164,6,14.704531967639923,0.4360756805515617,6.852908611297607,13.870442539453506,14.221270453184843,15.289985250681639,0.4360756805515617
0.0,0.5068856191298025,9.56686019897461,0.1876389627172824,1.4871223605981618,0.0,1.4871223605981618,0.2790420971763155,0.0540912039577961,2581.2583361111283,0.0227616864501833,1.432533085346222,1.3053578337033591,6.0,6.0,2.737890919049581,9.087053298950195,25.51439881324768,3.3840137720108032,430,1.4871223605981618,"ood:cond:pp:2581.26 outside [505.725,2097.14]",2581.2583361111283,0.0227616864501833,12.312905311584473,0.5232250398943962,1.3053578337033591,6.0,2.737890919049581,16.648046493530273,4.675838947296143,430,16.427345514297485,eac89e36c86bb6fe,18.816546857357025,17.384013772010803,1.432533085346222,6.0,9.087053298950195,25.51439881324768,3.3840137720108032,12.312905311584473,0.5232250398943962,1.3053578337033591,6.0,2.737890919049581,16.648046493530273,4.675838947296143,16.427345514297485,17.384013772010803,18.816546857357025,6,16.427345514297485,0.5232250398943962,12.312905311584473,17.300726056098938,17.384013772010803,18.816546857357025,0.5232250398943962
0.0,0.4761976720974831,10.024100303649902,0.3846335151328851,0.5716950422691948,0.0,0.5716950422691948,0.2198930736920437,0.0495416074991226,2606.1926500173804,0.0442488036233186,1.3073384165763855,2.727758725484212,6.0,6.0,4.035097142060597,5.04660439491272,29.257187247276303,2.289467006921768,431,0.5716950422691948,"ood:cond:pp:2606.19 outside [505.725,2097.14]",2606.1926500173804,0.0442488036233186,10.254803657531738,0.3239918075203435,2.727758725484212,6.0,4.035097142060597,15.78801727294922,6.891240119934082,431,24.210582852363583,d4ca7bba1e6edc60,17.596805423498154,16.289467006921768,1.3073384165763855,6.0,5.04660439491272,29.257187247276303,2.289467006921768,10.254803657531738,0.3239918075203435,2.727758725484212,6.0,4.035097142060597,15.78801727294922,6.891240119934082,24.210582852363583,16.289467006921768,17.596805423498154,6,24.210582852363583,0.3239918075203435,10.254803657531738,17.151895821094513,16.289467006921768,17.596805423498154,0.32399180752034357
0.0,0.5446558860389374,11.000107765197754,1.2974988636174904,0.216291053815083,0.0,0.216291053815083,0.2806373965356997,0.037843681871891,2203.454326552868,0.0973860923335552,1.146827518939972,2.243221382300059,6.0,6.0,3.3900489012400308,6.106411457061768,26.446704864501957,0.5430729687213898,432,0.216291053815083,"ood:cond:pp:2203.45 outside [505.725,2097.14]",2203.454326552868,0.0973860923335552,7.891279220581055,0.3382923233114658,2.243221382300059,6.0,3.3900489012400308,15.154948234558104,5.789610385894775,432,20.340293407440186,5514077f3eb2a192,15.689900487661362,14.54307296872139,1.146827518939972,6.0,6.106411457061768,26.446704864501957,0.5430729687213898,7.891279220581055,0.3382923233114658,2.243221382300059,6.0,3.3900489012400308,15.154948234558104,5.789610385894775,20.340293407440186,14.54307296872139,15.689900487661362,6,20.34029340744019,0.3382923233114658,7.891279220581055,16.27655816078186,14.54307296872139,15.689900487661362,0.3382923233114658
0.0,0.5141515856098584,8.017923355102539,0.0909300681940847,2.260631860051094,0.0,2.260631860051094,0.2055594091961666,0.068274088203907,526.6853514160105,0.0407961326470375,1.4652339220046997,2.8285556609431906,6.0,6.0,4.29378958294789,2.2244964987039566,27.987233996391296,1.165135279297829,433,2.260631860051094,,526.6853514160105,0.0407961326470375,12.881463050842283,0.3412449291468883,2.8285556609431906,6.0,4.29378958294789,13.691588401794434,7.333041667938232,433,25.76273749768734,3c8e46a4dbbe1023,16.63036920130253,15.165135279297829,1.4652339220046997,6.0,2.2244964987039566,27.987233996391296,1.165135279297829,12.881463050842283,0.3412449291468883,2.8285556609431906,6.0,4.29378958294789,13.691588401794434,7.333041667938232,25.76273749768734,15.165135279297829,16.63036920130253,6,25.76273749768734,0.3412449291468883,12.881463050842283,15.105865247547626,15.165135279297829,16.63036920130253,0.34124492914688825
0.0,0.5653558560716477,12.172429084777832,0.0328270235843327,2.5480764011140944,0.0,2.5480764011140944,0.0836457641140541,0.0630739256739616,1006.1565269804,0.0164741046825647,0.7291295081377029,3.515343504647414,6.0,6.0,4.244473012785117,2.172834679484368,27.63967275619507,3.2057711482048035,434,2.5480764011140944,,1006.1565269804,0.0164741046825647,3.1897788047790527,0.1717832828578326,3.515343504647414,6.0,4.244473012785117,13.148582458496094,7.248817443847656,434,25.4668380767107,21cde90060b5490a,17.934900656342506,17.205771148204803,0.7291295081377029,6.0,2.172834679484368,27.63967275619507,3.2057711482048035,3.1897788047790527,0.1717832828578326,3.515343504647414,6.0,4.244473012785117,13.148582458496094,7.248817443847656,25.4668380767107,17.205771148204803,17.934900656342506,6,25.4668380767107,0.1717832828578326,3.1897788047790527,14.906253717839718,17.205771148204803,17.934900656342506,0.17178328285783265
0.0,0.5031626624479201,8.139097213745117,0.0675365648875572,3.130070030808794,0.0,3.130070030808794,0.2113941777383165,0.0682625249028205,633.4837757608369,0.0313094195109605,0.8843162953853607,3.3486490348974867,6.0,6.0,4.232965330282847,4.390062570571899,29.787854552268985,0.5597979947924614,435,3.130070030808794,,633.4837757608369,0.0313094195109605,4.692092418670654,0.2089117737532404,3.3486490348974867,6.0,4.232965330282847,15.414634704589844,7.229164600372314,435,25.397791981697083,24d45a2619d7a0cf,15.444114290177822,14.55979799479246,0.8843162953853607,6.0,4.390062570571899,29.787854552268985,0.5597979947924614,4.692092418670654,0.2089117737532404,3.3486490348974867,6.0,4.232965330282847,15.414634704589844,7.229164600372314,25.397791981697083,14.55979799479246,15.444114290177822,6,25.397791981697086,0.2089117737532404,4.692092418670654,17.08895856142044,14.559797994792461,15.444114290177822,0.20891177375324038
0.0,0.85543749791593,84.36965942382812,0.0001418614964619,1726.6978613100134,0.0,1726.6978613100134,0.2449519425430289,0.1203059330582618,937.5264368082732,0.0032868363199187,1.2169236540794373,0.7214031716187794,6.0,6.0,1.938326825698217,9.391377449035645,21.021338403224945,2.118327021598816,436,1726.6978613100134,,937.5264368082732,0.0032868363199187,8.885419845581055,0.6278217057853913,0.7214031716187794,6.0,1.938326825698217,14.845656394958496,3.310323476791382,436,11.6299609541893,5fd0313dac828536,17.335250675678253,16.118327021598816,1.2169236540794373,6.0,9.391377449035645,21.021338403224945,2.118327021598816,8.885419845581055,0.6278217057853913,0.7214031716187794,6.0,1.938326825698217,14.845656394958496,3.310323476791382,11.6299609541893,16.118327021598816,17.335250675678253,6,11.6299609541893,0.6278217057853913,8.885419845581055,15.206357926130295,16.118327021598816,17.335250675678253,0.6278217057853912
0.0,0.5076448028022167,8.246574401855469,0.0249395077540767,6.417648438335782,0.0,6.417648438335782,0.1600529929908135,0.0664293467998504,582.2590726778377,0.019231661839962,0.5864064320921898,3.5234244639674825,6.0,6.0,4.109830896059672,5.294334650039673,29.953320026397705,4.456515908241272,437,6.417648438335782,,582.2590726778377,0.019231661839962,2.06323504447937,0.1426838346693074,3.5234244639674825,6.0,4.109830896059672,15.86211395263672,7.018872261047363,437,24.658985376358032,773563a7e620558c,19.04292234033346,18.456515908241272,0.5864064320921898,6.0,5.294334650039673,29.953320026397705,4.456515908241272,2.06323504447937,0.1426838346693074,3.5234244639674825,6.0,4.109830896059672,15.86211395263672,7.018872261047363,24.658985376358032,18.456515908241272,19.04292234033346,6,24.658985376358032,0.1426838346693074,2.06323504447937,17.62382733821869,18.456515908241272,19.04292234033346,0.1426838346693074
0.0,0.5187338409808332,7.3738484382629395,0.422662153363901,0.6977979118845956,0.0,0.6977979118845956,0.2949327680499768,0.0498075000941753,630.7148005712145,0.0936833538277149,0.573842242360115,1.857973828911781,6.0,6.0,2.4318160712718964,8.185833930969238,22.776730358600616,1.272243708372116,438,0.6977979118845956,,630.7148005712145,0.0936833538277149,1.9757694005966189,0.2359727156749902,1.857973828911781,6.0,2.4318160712718964,14.552295684814451,4.153116703033447,438,14.590896427631378,60bc2f4599810dfc,15.846085950732231,15.272243708372116,0.573842242360115,6.0,8.185833930969238,22.776730358600616,1.272243708372116,1.9757694005966189,0.2359727156749902,1.857973828911781,6.0,2.4318160712718964,14.552295684814451,4.153116703033447,14.590896427631378,15.272243708372116,15.846085950732231,6,14.590896427631378,0.2359727156749902,1.9757694005966189,15.481282144784927,15.272243708372116,15.846085950732231,0.23597271567499026
0.0,0.5907432651344787,45.55091094970703,0.0028369317310378,54.02958882794527,0.0,54.02958882794527,0.1532782549609266,0.0880647823214531,2338.8246878107784,0.0058239007528498,0.5333105064928532,3.064980970074733,6.0,6.0,3.5982914765675864,6.405150890350342,27.99489974975586,2.2368024289608,439,54.02958882794527,"ood:cond:pp:2338.82 outside [505.725,2097.14]",2338.8246878107784,0.0058239007528498,1.7065207958221436,0.1482121473387638,3.064980970074733,6.0,3.5982914765675864,15.667534828186035,6.145252704620361,439,21.58974885940552,01c9d05666a55482,16.770112935453653,16.2368024289608,0.5333105064928532,6.0,6.405150890350342,27.99489974975586,2.2368024289608,1.7065207958221436,0.1482121473387638,3.064980970074733,6.0,3.5982914765675864,15.667534828186035,6.145252704620361,21.58974885940552,16.2368024289608,16.770112935453653,6,21.589748859405518,0.1482121473387638,1.7065207958221436,17.2000253200531,16.2368024289608,16.770112935453653,0.14821214733876384
0.0,0.5888568250520476,13.552430152893066,1.5947244758374783,0.2364112828910655,0.0,0.2364112828910655,0.3770108591905203,0.0330921821296215,2756.46050902158,0.0981432506186962,1.0179864764213562,1.939264496167501,6.0,6.0,2.957250972588857,9.847934246063232,27.59144008159637,1.188708320260048,440,0.2364112828910655,"ood:cond:pp:2756.46 outside [505.725,2097.14]",2756.46050902158,0.0981432506186962,6.217780113220215,0.3442340490736853,1.939264496167501,6.0,2.957250972588857,17.75005531311035,5.050467491149902,440,17.743505835533142,a8249821e68764ce,16.206694796681404,15.188708320260048,1.0179864764213562,6.0,9.847934246063232,27.59144008159637,1.188708320260048,6.217780113220215,0.3442340490736853,1.939264496167501,6.0,2.957250972588857,17.75005531311035,5.050467491149902,17.743505835533142,15.188708320260048,16.206694796681404,6,17.74350583553314,0.3442340490736853,6.217780113220215,18.719687163829803,15.188708320260048,16.206694796681404,0.34423404907368527
0.0,0.5114680166001636,8.506795883178711,0.2920522534611302,0.7840732599758288,0.0,0.7840732599758288,0.2289903624545554,0.0598541162908077,1057.8744273183197,0.0621169838638305,1.3276402950286863,2.4145013888676963,6.0,6.0,3.742141683896383,4.715655088424683,27.16850519180298,3.672661781311035,441,0.7840732599758288,,1057.8744273183197,0.0621169838638305,10.575772285461426,0.3547808734078514,2.4145013888676963,6.0,3.742141683896383,14.734829902648926,6.390923023223877,441,22.452850103378296,1cf967737b81fe01,19.00030207633972,17.672661781311035,1.3276402950286863,6.0,4.715655088424683,27.16850519180298,3.672661781311035,10.575772285461426,0.3547808734078514,2.4145013888676963,6.0,3.742141683896383,14.734829902648926,6.390923023223877,22.452850103378296,17.672661781311035,19.00030207633972,6,22.452850103378296,0.3547808734078514,10.575772285461426,15.94208014011383,17.672661781311035,19.00030207633972,0.35478087340785136
0.0,0.5294681733375274,12.31675148010254,1.1511100640855714,0.1875003333944586,0.0,0.1875003333944586,0.2158335207897612,0.0365829840302467,2709.9945218436715,0.0946738669300079,0.8581757247447968,3.637776136398315,6.0,6.0,4.495951861143112,2.314076244831085,29.28978741168976,4.322323203086853,442,0.1875003333944586,"ood:cond:pp:2709.99 outside [505.725,2097.14]",2709.9945218436715,0.0946738669300079,4.418793678283691,0.1908774273500789,3.637776136398315,6.0,4.495951861143112,13.983043670654297,7.678299427032471,442,26.975711166858677,8a3f3b6270ccc1bd,19.18049892783165,18.322323203086853,0.8581757247447968,6.0,2.314076244831085,29.28978741168976,4.322323203086853,4.418793678283691,0.1908774273500789,3.637776136398315,6.0,4.495951861143112,13.983043670654297,7.678299427032471,26.975711166858677,18.322323203086853,19.18049892783165,6,26.975711166858673,0.1908774273500789,4.418793678283691,15.801931828260422,18.322323203086853,19.18049892783165,0.19087742735007898
0.0,0.4765401864780233,6.453123092651367,0.3196857172839906,1.1670323225391004,0.0,1.1670323225391004,0.3730835651245137,0.0530737675726413,713.1464699513242,0.0888684193637371,0.5547802448272705,2.866842925548553,6.0,6.0,3.421623170375824,9.343191623687744,29.872930645942688,3.860197961330414,443,1.1670323225391004,,713.1464699513242,0.0888684193637371,1.8466867208480835,0.1621394926333558,2.866842925548553,6.0,3.421623170375824,18.174640655517575,5.843533515930176,443,20.529739022254944,8c8a8a12194eef91,18.414978206157684,17.860197961330414,0.5547802448272705,6.0,9.343191623687744,29.872930645942688,3.860197961330414,1.8466867208480835,0.1621394926333558,2.866842925548553,6.0,3.421623170375824,18.174640655517575,5.843533515930176,20.529739022254944,17.860197961330414,18.414978206157684,6,20.529739022254944,0.1621394926333558,1.8466867208480835,19.608061134815216,17.860197961330414,18.414978206157684,0.16213949263335584
0.0,0.5562547871474838,22.62091064453125,0.0265178100296902,8.403504902393095,0.0,8.403504902393095,0.2228425465852306,0.0648436546325683,2109.718853895247,0.0090662237579524,0.5048329131677747,1.9259892705207071,6.0,6.0,2.430822183688482,9.863116264343262,24.44804936647415,0.0087273912504315,444,8.403504902393095,"ood:cond:pp:2109.72 outside [505.725,2097.14]",2109.718853895247,0.0090662237579524,1.5291378498077393,0.2076799021151564,1.9259892705207071,6.0,2.430822183688482,16.192588806152344,4.151419162750244,444,14.58493310213089,cfc112972bc46778,14.513560304418206,14.008727391250432,0.5048329131677747,6.0,9.863116264343262,24.44804936647415,0.0087273912504315,1.5291378498077393,0.2076799021151564,1.9259892705207071,6.0,2.430822183688482,16.192588806152344,4.151419162750244,14.58493310213089,14.008727391250432,14.513560304418206,6,14.58493310213089,0.2076799021151564,1.5291378498077393,17.155582815408707,14.008727391250432,14.513560304418206,0.2076799021151564
0.0,0.5543146525011471,12.66030979156494,0.9682089396166372,0.3457166482530767,0.0,0.3457166482530767,0.3347259494129293,0.0367668308317661,2965.531659101009,0.0687221663093566,0.5062960376963019,2.148068309761584,6.0,6.0,2.6543643474578857,9.46193552017212,25.388121604919437,0.0767547404393553,445,0.3457166482530767,"ood:cond:pp:2965.53 outside [505.725,2097.14]",2965.531659101009,0.0687221663093566,1.5380141735076904,0.1907409727610255,2.148068309761584,6.0,2.6543643474578857,16.350994110107422,4.5331902503967285,445,15.926186084747314,19353c5a19612bc4,14.583050778135656,14.076754740439355,0.5062960376963019,6.0,9.46193552017212,25.388121604919437,0.0767547404393553,1.5380141735076904,0.1907409727610255,2.148068309761584,6.0,2.6543643474578857,16.350994110107422,4.5331902503967285,15.926186084747314,14.076754740439355,14.583050778135656,6,15.926186084747318,0.1907409727610255,1.5380141735076904,17.425028562545776,14.076754740439355,14.583050778135657,0.19074097276102556
0.0,0.5476038346681965,26.50864028930664,0.0153003994341608,11.387144835786122,0.0,11.387144835786122,0.1742278644021695,0.0726867914199829,2668.3854997937083,0.0083226411257237,1.4079214930534365,2.7518796871105837,6.0,6.0,4.15980118016402,2.095473557710648,27.054280638694763,3.9217835664749146,446,11.387144835786122,"ood:cond:pp:2668.39 outside [505.725,2097.14]",2668.3854997937083,0.0083226411257237,11.893457412719728,0.3384588426406289,2.7518796871105837,6.0,4.15980118016402,13.19893741607666,7.104213237762451,446,24.95880708098412,b9b5624cb8efb8e5,19.32970505952835,17.921783566474915,1.4079214930534365,6.0,2.095473557710648,27.054280638694763,3.9217835664749146,11.893457412719728,0.3384588426406289,2.7518796871105837,6.0,4.15980118016402,13.19893741607666,7.104213237762451,24.95880708098412,17.921783566474915,19.32970505952835,6,24.958807080984116,0.3384588426406289,11.893457412719728,14.574877098202705,17.921783566474915,19.32970505952835,0.338458842640629
0.0,0.5564727678658927,11.105283737182615,0.4636591878671555,0.4703828360358725,0.0,0.4703828360358725,0.218097323743042,0.0472162291407585,2351.669065289497,0.0403117236357927,1.4708990454673767,0.986652978385488,6.0,6.0,2.4575520238528648,5.542633295059204,20.287945438176397,2.489256113767624,447,0.4703828360358725,"ood:cond:pp:2351.67 outside [505.725,2097.14]",2351.669065289497,0.0403117236357927,12.981264114379885,0.5985220378616246,0.986652978385488,6.0,2.4575520238528648,12.42196273803711,4.1970696449279785,447,14.74531214311719,4f078949dff49096,17.960155159235,16.489256113767624,1.4708990454673767,6.0,5.542633295059204,20.287945438176397,2.489256113767624,12.981264114379885,0.5985220378616246,0.986652978385488,6.0,2.4575520238528648,12.42196273803711,4.1970696449279785,14.74531214311719,16.489256113767624,17.960155159235,6,14.745312143117193,0.5985220378616246,12.981264114379885,12.9152893666178,16.489256113767624,17.960155159235,0.5985220378616247
0.0,0.4831852173667852,7.035499572753906,0.0879738267378301,3.5757015650266397,0.0,3.5757015650266397,0.3145681499478417,0.0692969933152198,747.178432402566,0.032640020299077,1.1673669815063477,2.007363180319468,6.0,6.0,3.174730161825816,9.88544511795044,28.93382608890533,1.6738203167915344,448,3.5757015650266397,,747.178432402566,0.032640020299077,8.176473617553711,0.3677058905803145,2.007363180319468,6.0,3.174730161825816,18.405954360961918,5.421883583068848,448,19.04838097095489,daaeee14bc6f452e,16.841187298297882,15.673820316791534,1.1673669815063477,6.0,9.88544511795044,28.93382608890533,1.6738203167915344,8.176473617553711,0.3677058905803145,2.007363180319468,6.0,3.174730161825816,18.405954360961918,5.421883583068848,19.04838097095489,15.673820316791534,16.841187298297882,6,19.04838097095489,0.3677058905803145,8.176473617553711,19.409635603427887,15.673820316791534,16.841187298297882,0.3677058905803145
0.0,0.542045046723837,10.086407661437988,0.5058142701436615,0.5581715936684922,0.0,0.5581715936684922,0.2823311572663528,0.0466816760599613,2689.795570547163,0.0381369736394882,1.0280816555023191,0.7025446199501555,6.0,6.0,1.7306262754524748,9.75099515914917,20.13475281186402,3.655607998371124,449,0.5581715936684922,"ood:cond:pp:2689.8 outside [505.725,2097.14]",2689.795570547163,0.0381369736394882,6.341711521148682,0.5940518008335023,0.7025446199501555,6.0,1.7306262754524748,14.591601371765137,2.9556071758270264,449,10.383757652714849,ea88246323b51cdf,18.683689653873444,17.655607998371124,1.0280816555023191,6.0,9.75099515914917,20.13475281186402,3.655607998371124,6.341711521148682,0.5940518008335023,0.7025446199501555,6.0,1.7306262754524748,14.591601371765137,2.9556071758270264,10.383757652714849,17.655607998371124,18.683689653873444,6,10.383757652714849,0.5940518008335023,6.341711521148682,14.942873985506594,17.655607998371124,18.683689653873444,0.5940518008335021
0.0,0.635396482563336,14.97781467437744,2.2786741155585264,0.1174223501836472,0.0,0.1174223501836472,0.267567269951526,0.0300259683281183,2777.059202581465,0.0994044848511219,0.9322004616260527,1.9374244858821237,6.0,6.0,2.8696249475081763,3.4557164907455444,20.6734661757946,0.8308439701795578,450,0.1174223501836472,"ood:cond:pp:2777.06 outside [505.725,2097.14]",2777.059202581465,0.0994044848511219,5.213985919952393,0.3248509748409889,1.9374244858821237,6.0,2.8696249475081763,11.09587860107422,4.900817394256592,450,17.217749685049057,8fa11e9cfd359ee4,15.76304443180561,14.830843970179558,0.9322004616260527,6.0,3.4557164907455444,20.6734661757946,0.8308439701795578,5.213985919952393,0.3248509748409889,1.9374244858821237,6.0,2.8696249475081763,11.09587860107422,4.900817394256592,17.217749685049057,14.830843970179558,15.76304443180561,6,17.217749685049057,0.3248509748409889,5.213985919952393,12.064591333270073,14.830843970179558,15.76304443180561,0.3248509748409889
0.0,0.5053613479235876,11.449880599975586,0.6759856372756102,0.3000468006433743,0.0,0.3000468006433743,0.2028273277454193,0.0412105806171894,2894.8062668586967,0.0597076875519752,0.7457167208194733,2.921909282604853,6.0,6.0,3.6676260034243264,3.758193731307984,25.763949751853943,2.571607530117035,451,0.3000468006433743,"ood:cond:pp:2894.81 outside [505.725,2097.14]",2894.8062668586967,0.0597076875519752,3.3365604877471924,0.2033240903307003,2.921909282604853,6.0,3.6676260034243264,13.30011749267578,6.263663768768311,451,22.00575602054596,ddce9c11a9a4d395,17.317324250936508,16.571607530117035,0.7457167208194733,6.0,3.758193731307984,25.763949751853943,2.571607530117035,3.3365604877471924,0.2033240903307003,2.921909282604853,6.0,3.6676260034243264,13.30011749267578,6.263663768768311,22.00575602054596,16.571607530117035,17.317324250936508,6,22.00575602054596,0.2033240903307003,3.3365604877471924,14.761071741580963,16.571607530117035,17.317324250936508,0.20332409033070034
0.0,0.7104763482783879,63.78482437133789,0.0002243725126627,1689.6712149867133,0.0,1689.6712149867133,0.379115776080499,0.1117540225386619,588.5304986374304,0.0054664414963945,0.7636675536632538,2.1879174013932547,6.0,6.0,2.9515849550565085,5.8150506019592285,23.52456033229828,4.9573129415512085,452,1689.6712149867133,,588.5304986374304,0.0054664414963945,3.499128818511963,0.2587313478322813,2.1879174013932547,6.0,2.9515849550565085,13.575846672058104,5.040791034698486,452,17.70950973033905,7d81da5189f52907,19.720980495214462,18.95731294155121,0.7636675536632538,6.0,5.8150506019592285,23.52456033229828,4.9573129415512085,3.499128818511963,0.2587313478322813,2.1879174013932547,6.0,2.9515849550565085,13.575846672058104,5.040791034698486,17.70950973033905,18.95731294155121,19.720980495214462,6,17.70950973033905,0.2587313478322813,3.499128818511963,14.669805467128754,18.95731294155121,19.720980495214462,0.25873134783228124
0.0,0.546570071749615,8.498764038085938,0.5497263264314082,0.4762699803439679,0.0,0.4762699803439679,0.2618181466840484,0.0520091615617275,1023.0000738283246,0.0800943174746036,1.0123547315597534,1.1965999702612558,6.0,6.0,2.208954701821009,7.831641674041748,21.085369884967804,3.8178011775016794,453,0.4762699803439679,,1023.0000738283246,0.0800943174746036,6.149172782897949,0.4582958313835917,1.1965999702612558,6.0,2.208954701821009,13.860206604003906,3.772508382797241,453,13.253728210926056,62b49662f2531887,18.830155909061432,17.81780117750168,1.0123547315597534,6.0,7.831641674041748,21.085369884967804,3.8178011775016794,6.149172782897949,0.4582958313835917,1.1965999702612558,6.0,2.208954701821009,13.860206604003906,3.772508382797241,13.253728210926056,17.81780117750168,18.830155909061432,6,13.253728210926056,0.4582958313835917,6.149172782897949,14.458505779504776,17.81780117750168,18.830155909061432,0.45829583138359176
0.0,0.6108384125233797,14.430782318115234,1.600589592081592,0.1594528402325723,0.0,0.1594528402325723,0.2552185565041042,0.0327836014330387,2741.4329352319837,0.0855956819555759,1.4676100611686709,1.305811288456122,6.0,6.0,2.7734213496247926,4.103598117828369,20.74412621557713,0.1970188878476619,454,0.1594528402325723,"ood:cond:pp:2741.43 outside [505.725,2097.14]",2741.4329352319837,0.0855956819555759,12.9232759475708,0.5291695260683051,1.305811288456122,6.0,2.7734213496247926,11.770956993103027,4.736518383026123,454,16.640528097748756,5e2fc4e1c7692c32,15.664628949016333,14.197018887847662,1.4676100611686709,6.0,4.103598117828369,20.74412621557713,0.1970188878476619,12.9232759475708,0.5291695260683051,1.305811288456122,6.0,2.7734213496247926,11.770956993103027,4.736518383026123,16.640528097748756,14.197018887847662,15.664628949016333,6,16.64052809774876,0.5291695260683051,12.9232759475708,12.42386216670275,14.197018887847662,15.664628949016333,0.5291695260683053
0.0,0.5902645333697901,12.35548973083496,0.2350533341263345,1.1786628982182394,0.0,1.1786628982182394,0.2770486440372057,0.0489439219236373,2904.882774794161,0.020250994490087,0.5343493595719337,1.8161011263728144,6.0,6.0,2.350450485944748,7.025086402893066,21.127789318561558,2.6420873403549194,455,1.1786628982182394,"ood:cond:pp:2904.88 outside [505.725,2097.14]",2904.882774794161,0.020250994490087,1.7131755352020264,0.2273391261663423,1.8161011263728144,6.0,2.350450485944748,13.16838836669922,4.014158248901367,455,14.102702915668488,4ab6cc4a9d164dc7,17.176436699926853,16.64208734035492,0.5343493595719337,6.0,7.025086402893066,21.127789318561558,2.6420873403549194,1.7131755352020264,0.2273391261663423,1.8161011263728144,6.0,2.350450485944748,13.16838836669922,4.014158248901367,14.102702915668488,16.64208734035492,17.176436699926853,6,14.102702915668491,0.2273391261663423,1.7131755352020264,14.076437860727312,16.64208734035492,17.176436699926853,0.22733912616634236
0.0,0.5929567615605759,11.273754119873049,0.1789332149460442,1.052082264626352,0.0,1.052082264626352,0.188252461997308,0.0602621175348758,1085.6545449000596,0.033768124059081,1.0267561674118042,1.854458453754584,6.0,6.0,2.881214621166388,3.2339963912963867,20.52128411829472,1.4735053479671478,456,1.052082264626352,,1085.6545449000596,0.033768124059081,6.325369358062744,0.356362264674385,1.854458453754584,6.0,2.881214621166388,10.950411796569824,4.920610904693604,456,17.28728772699833,68a54cf4a6356637,16.500261515378952,15.473505347967148,1.0267561674118042,6.0,3.2339963912963867,20.52128411829472,1.4735053479671478,6.325369358062744,0.356362264674385,1.854458453754584,6.0,2.881214621166388,10.950411796569824,4.920610904693604,17.28728772699833,15.473505347967148,16.500261515378952,6,17.287287726998333,0.356362264674385,6.325369358062744,11.877640254795553,15.473505347967148,16.500261515378952,0.356362264674385
0.0,0.6161042844212199,19.59954833984375,0.0706972867667178,4.383943265938225,0.0,4.383943265938225,0.3099328942410561,0.0563183911144733,2908.3650962964293,0.0096560154653489,0.9592515528202056,0.8168122954666615,6.0,6.0,1.7760638482868671,9.709766864776611,20.36614995449781,0.8412536233663559,457,4.383943265938225,"ood:cond:pp:2908.37 outside [505.725,2097.14]",2908.3650962964293,0.0096560154653489,5.520981311798096,0.5400997006641783,0.8168122954666615,6.0,1.7760638482868671,14.629551887512209,3.0332062244415283,457,10.656383089721205,78f3a1120bb8e8dc,15.800505176186562,14.841253623366356,0.9592515528202056,6.0,9.709766864776611,20.36614995449781,0.8412536233663559,5.520981311798096,0.5400997006641783,0.8168122954666615,6.0,1.7760638482868671,14.629551887512209,3.0332062244415283,10.656383089721205,14.841253623366356,15.800505176186562,6,10.6563830897212,0.5400997006641783,5.520981311798096,15.037958409637211,14.841253623366356,15.800505176186562,0.5400997006641783
0.0,0.5446587125942033,12.9130220413208,0.0834698179217844,2.1371883691709592,0.0,2.1371883691709592,0.1783907240392553,0.0569382458925247,2063.5495887544157,0.0153785132499337,1.2595893740653992,2.243291219075521,6.0,6.0,3.50288059314092,5.303483247756958,26.32076680660248,1.1938316375017166,458,2.1371883691709592,,2063.5495887544157,0.0153785132499337,9.51939296722412,0.3595867288573391,2.243291219075521,6.0,3.50288059314092,14.69048023223877,5.9823079109191895,458,21.01728355884552,b83151bbdcfc0871,16.453421011567116,15.193831637501717,1.2595893740653992,6.0,5.303483247756958,26.32076680660248,1.1938316375017166,9.51939296722412,0.3595867288573391,2.243291219075521,6.0,3.50288059314092,14.69048023223877,5.9823079109191895,21.01728355884552,15.193831637501717,16.453421011567116,6,21.017283558845524,0.3595867288573391,9.51939296722412,15.81212502717972,15.193831637501717,16.453421011567116,0.3595867288573391
0.0,0.5510954728237866,9.23951816558838,0.4092797937504018,0.4296426818431518,0.0,0.4296426818431518,0.1758440682111346,0.0547370724380016,1089.274040881142,0.0691059326531887,0.9040602445602416,2.440994530916214,6.0,6.0,3.345054775476456,2.776247620582581,22.846576273441315,4.609252512454987,459,0.4296426818431518,,1089.274040881142,0.0691059326531887,4.903949737548828,0.2702676952222617,2.440994530916214,6.0,3.345054775476456,11.590914726257324,5.7127685546875,459,20.07032865285873,81b3a9538ae2fa81,19.51331275701523,18.609252512454987,0.9040602445602416,6.0,2.776247620582581,22.846576273441315,4.609252512454987,4.903949737548828,0.2702676952222617,2.440994530916214,6.0,3.345054775476456,11.590914726257324,5.7127685546875,20.07032865285873,18.609252512454987,19.51331275701523,6,20.070328652858734,0.2702676952222617,4.903949737548828,12.811411947011948,18.609252512454987,19.51331275701523,0.27026769522226163
0.0,0.5617096522076644,12.246588706970217,0.600326547018122,0.3367682475626551,0.0,0.3367682475626551,0.2021709192046328,0.0428542010486125,2797.100576042652,0.0484626285876035,1.4409183263778689,1.6514371310671172,6.0,6.0,3.092355457444986,2.141017973423004,20.69515071809292,4.297864139080048,460,0.3367682475626551,"ood:cond:pp:2797.1 outside [505.725,2097.14]",2797.100576042652,0.0484626285876035,12.457472801208496,0.4659614155639167,1.6514371310671172,6.0,3.092355457444986,10.592366218566896,5.28120231628418,460,18.554132744669914,7b173db91182a00f,19.73878246545792,18.297864139080048,1.4409183263778689,6.0,2.141017973423004,20.69515071809292,4.297864139080048,12.457472801208496,0.4659614155639167,1.6514371310671172,6.0,3.092355457444986,10.592366218566896,5.28120231628418,18.554132744669914,18.297864139080048,19.73878246545792,6,18.554132744669914,0.4659614155639167,12.457472801208496,11.418084345757961,18.297864139080048,19.738782465457916,0.46596141556391674
0.0,0.5041224116672064,8.254076957702637,0.3380143215279141,0.9628467425326924,0.0,0.9628467425326924,0.3254559884125502,0.0585161633789539,1530.3158568184972,0.0474770314980745,0.6816406548023224,2.036375810702642,6.0,6.0,2.7180164655049643,9.9740948677063,26.282193660736084,2.10554838180542,461,0.9628467425326924,,1530.3158568184972,0.0474770314980745,2.787803649902344,0.2507860652991608,2.036375810702642,6.0,2.7180164655049643,17.109956741333008,4.641896724700928,461,16.308098793029785,21f1dfcff52c8f21,16.787189036607742,16.10554838180542,0.6816406548023224,6.0,9.9740948677063,26.282193660736084,2.10554838180542,2.787803649902344,0.2507860652991608,2.036375810702642,6.0,2.7180164655049643,17.109956741333008,4.641896724700928,16.308098793029785,16.10554838180542,16.787189036607742,6,16.308098793029785,0.2507860652991608,2.787803649902344,18.12814426422119,16.10554838180542,16.787189036607742,0.25078606529916087
0.0,0.5057361545083429,7.640229225158691,0.1395802120894768,1.7883881782669817,0.0,1.7883881782669817,0.2496236012208185,0.0655406191945076,591.7816006815732,0.0512507319557666,0.7632220387458801,3.0464892586072287,6.0,6.0,3.809711297353109,4.803439617156982,27.661707401275635,2.0994599163532257,462,1.7883881782669817,,591.7816006815732,0.0512507319557666,3.4950473308563232,0.200335925526994,3.0464892586072287,6.0,3.809711297353109,14.709327697753906,6.506320476531982,462,22.85826778411865,b5a89352d34df69c,16.862681955099106,16.099459916353226,0.7632220387458801,6.0,4.803439617156982,27.661707401275635,2.0994599163532257,3.4950473308563232,0.200335925526994,3.0464892586072287,6.0,3.809711297353109,14.709327697753906,6.506320476531982,22.85826778411865,16.099459916353226,16.862681955099106,6,22.858267784118652,0.200335925526994,3.4950473308563232,16.23257350921631,16.099459916353226,16.862681955099106,0.200335925526994
0.0,0.4938092251803312,10.187174797058104,0.6236387881889704,0.3933833057051741,0.0,0.3933833057051741,0.2453290880637461,0.0451916791498661,2375.9243079205157,0.0691344824550151,1.1510124206542969,2.6606481671333317,6.0,6.0,3.811660587787628,6.069375991821289,28.939339518547055,4.569063484668732,463,0.3933833057051741,"ood:cond:pp:2375.92 outside [505.725,2097.14]",2375.9243079205157,0.0691344824550151,7.948977470397949,0.3019713833760759,2.6606481671333317,6.0,3.811660587787628,16.174034118652344,6.509649753570557,463,22.86996352672577,77d97ea1df657e44,19.72007590532303,18.56906348466873,1.1510124206542969,6.0,6.069375991821289,28.939339518547055,4.569063484668732,7.948977470397949,0.3019713833760759,2.6606481671333317,6.0,3.811660587787628,16.174034118652344,6.509649753570557,22.86996352672577,18.56906348466873,19.72007590532303,6,22.869963526725765,0.3019713833760759,7.948977470397949,17.504357755184174,18.56906348466873,19.72007590532303,0.30197138337607593
0.0,0.5142740486755569,7.4825544357299805,0.0866288986688249,3.327046150735253,0.0,3.327046150735253,0.2882183438585484,0.0684902518987655,688.7514884852096,0.0316667853660583,1.3992745280265808,1.0584347049395242,6.0,6.0,2.457709232966105,9.82687520980835,24.57313060760498,3.088109195232392,464,3.327046150735253,,688.7514884852096,0.0316667853660583,11.747817039489746,0.5693409575297301,1.0584347049395242,6.0,2.457709232966105,16.670785903930664,4.197337627410889,464,14.74625539779663,f6017040afc111c7,18.48738372325897,17.08810919523239,1.3992745280265808,6.0,9.82687520980835,24.57313060760498,3.088109195232392,11.747817039489746,0.5693409575297301,1.0584347049395242,6.0,2.457709232966105,16.670785903930664,4.197337627410889,14.74625539779663,17.08810919523239,18.48738372325897,6,14.74625539779663,0.5693409575297301,11.747817039489746,17.200002908706665,17.08810919523239,18.487383723258972,0.5693409575297301
0.0,0.5086033217205774,10.713315963745115,0.1617987749801185,1.035576957459719,0.0,1.035576957459719,0.1675550831146207,0.0544847212731838,2572.3336329568624,0.0242933100395798,0.6485809534788132,3.514850849906604,6.0,6.0,4.163431803385417,3.1587977409362797,28.13938856124878,4.840737581253052,465,1.035576957459719,"ood:cond:pp:2572.33 outside [505.725,2097.14]",2572.3336329568624,0.0242933100395798,2.523943424224853,0.1557803716038849,3.514850849906604,6.0,4.163431803385417,13.891667366027832,7.110413551330566,465,24.9805908203125,28b7e33594cf7b23,19.489318534731865,18.84073758125305,0.6485809534788132,6.0,3.1587977409362797,28.13938856124878,4.840737581253052,2.523943424224853,0.1557803716038849,3.514850849906604,6.0,4.163431803385417,13.891667366027832,7.110413551330566,24.9805908203125,18.84073758125305,19.489318534731865,6,24.9805908203125,0.1557803716038849,2.523943424224853,15.64909315109253,18.84073758125305,19.489318534731865,0.15578037160388497
0.0,0.5490831681036875,9.170272827148438,0.4955630282415758,0.53255977167936,0.0,0.53255977167936,0.2639169331730658,0.0534768588840961,1363.0025357825757,0.0561137475633621,1.285259485244751,0.504435682669282,6.0,6.0,1.789695167914033,9.367798805236816,20.10596981272101,0.4851321876049042,466,0.53255977167936,,1363.0025357825757,0.0561137475633621,9.911351203918455,0.7181443568084147,0.504435682669282,6.0,1.789695167914033,14.484667778015137,3.0564863681793213,466,10.738171007484198,818011e8fbca60be,15.770391672849655,14.485132187604904,1.285259485244751,6.0,9.367798805236816,20.10596981272101,0.4851321876049042,9.911351203918455,0.7181443568084147,0.504435682669282,6.0,1.789695167914033,14.484667778015137,3.0564863681793213,10.738171007484198,14.485132187604904,15.770391672849655,6,10.738171007484194,0.7181443568084147,9.911351203918455,14.736884308978913,14.485132187604904,15.770391672849655,0.7181443568084147
0.0,0.4993321584564705,10.242305755615234,0.1271526782209172,2.285942228848568,0.0,2.285942228848568,0.2906636766563882,0.0546950027346611,2711.6960651484724,0.0172663645682334,1.4180694818496704,1.5752869447072348,6.0,6.0,2.9933564265569053,9.545536994934082,27.505675554275516,2.4376027286052704,467,2.285942228848568,"ood:cond:pp:2711.7 outside [505.725,2097.14]",2711.6960651484724,0.0172663645682334,12.065526962280272,0.4737389337496298,1.5752869447072348,6.0,2.9933564265569053,17.73796272277832,5.112129211425781,467,17.96013855934143,46d6d444654630f2,17.85567221045494,16.43760272860527,1.4180694818496704,6.0,9.545536994934082,27.505675554275516,2.4376027286052704,12.065526962280272,0.4737389337496298,1.5752869447072348,6.0,2.9933564265569053,17.73796272277832,5.112129211425781,17.96013855934143,16.43760272860527,17.85567221045494,6,17.960138559341434,0.4737389337496298,12.065526962280272,18.525606274604797,16.43760272860527,17.85567221045494,0.47373893374962983
0.0,0.4960596119679665,9.121636390686035,0.3601539940957285,0.68967620574847,0.0,0.68967620574847,0.2483896401330989,0.0550641678273677,1803.8684517447944,0.0500014848319292,0.7555358409881592,2.9129897356033325,6.0,6.0,3.668525576591492,6.668225765228272,28.67937922477722,2.2708453238010406,468,0.68967620574847,,1803.8684517447944,0.0500014848319292,3.42500638961792,0.2059508173553867,2.9129897356033325,6.0,3.668525576591492,16.217308044433594,6.265200138092041,468,22.01115345954895,4d46de652f50b78d,17.0263811647892,16.27084532380104,0.7555358409881592,6.0,6.668225765228272,28.67937922477722,2.2708453238010406,3.42500638961792,0.2059508173553867,2.9129897356033325,6.0,3.668525576591492,16.217308044433594,6.265200138092041,22.01115345954895,16.27084532380104,17.0263811647892,6,22.01115345954895,0.2059508173553867,3.42500638961792,17.673802495002747,16.27084532380104,17.0263811647892,0.20595081735538673
0.0,0.5087314034469261,8.006293296813965,0.1630434490134696,1.8517499606538743,0.0,1.8517499606538743,0.3019157002955644,0.066201277077198,1224.714829025358,0.0345853448264598,1.007296442985535,1.7965832750002542,6.0,6.0,2.803879717985789,9.120791912078856,25.94407021999359,4.834374785423279,469,1.8517499606538743,,1224.714829025358,0.0345853448264598,6.087876796722412,0.3592509466522843,1.7965832750002542,6.0,2.803879717985789,16.634138107299805,4.788536071777344,469,16.823278307914734,16c0ed8b3e35ed49,19.841671228408813,18.83437478542328,1.007296442985535,6.0,9.120791912078856,25.94407021999359,4.834374785423279,6.087876796722412,0.3592509466522843,1.7965832750002542,6.0,2.803879717985789,16.634138107299805,4.788536071777344,16.823278307914734,18.83437478542328,19.841671228408813,6,16.823278307914734,0.3592509466522843,6.087876796722412,17.532431066036224,18.83437478542328,19.841671228408813,0.3592509466522844
0.0,0.5158866641554807,7.008701801300049,0.3060010414172107,1.0988522377859449,0.0,1.0988522377859449,0.3362499291261315,0.0552705079317092,537.5572371917181,0.0765997594153881,0.5369364470243454,1.452983150879542,6.0,6.0,1.9899195979038875,9.841103076934814,21.78062066435814,3.622688055038452,470,1.0988522377859449,,537.5572371917181,0.0765997594153881,1.729804515838623,0.2698282119488323,1.452983150879542,6.0,1.9899195979038875,15.084370613098145,3.39843487739563,470,11.939517587423325,e170e3dd4bae9b2c,18.1596245020628,17.622688055038452,0.5369364470243454,6.0,9.841103076934814,21.78062066435814,3.622688055038452,1.729804515838623,0.2698282119488323,1.452983150879542,6.0,1.9899195979038875,15.084370613098145,3.39843487739563,11.939517587423325,17.622688055038452,18.1596245020628,6,11.939517587423325,0.2698282119488323,1.729804515838623,15.810861870646477,17.622688055038452,18.159624502062798,0.26982821194883233
0.0,0.521756116594602,11.808470726013184,0.8938745387316923,0.2639835082480617,0.0,0.2639835082480617,0.23596813666801,0.03910418972373,2418.5948991422056,0.0823678695185184,0.6849337071180344,3.4615759402513504,6.0,6.0,4.146509647369385,4.395545244216919,29.274603128433228,0.3997668623924255,471,0.2639835082480617,"ood:cond:pp:2418.59 outside [505.725,2097.14]",2418.5948991422056,0.0823678695185184,2.814805507659912,0.1651831939068483,3.4615759402513504,6.0,4.146509647369385,15.104286193847656,7.081513404846191,471,24.87905788421631,e982482d5d65d5ca,15.08470056951046,14.399766862392426,0.6849337071180344,6.0,4.395545244216919,29.274603128433228,0.3997668623924255,2.814805507659912,0.1651831939068483,3.4615759402513504,6.0,4.146509647369385,15.104286193847656,7.081513404846191,24.87905788421631,14.399766862392426,15.08470056951046,6,24.87905788421631,0.1651831939068483,2.814805507659912,16.835074186325073,14.399766862392426,15.08470056951046,0.16518319390684832
0.0,0.5233132862182308,10.271045684814451,0.7556343371139141,0.3158286656102766,0.0,0.3158286656102766,0.2386509843799934,0.0437629632651805,1986.8204809863569,0.0753411332085132,0.7510041296482086,2.662411759297053,6.0,6.0,3.413415888945261,5.705625772476196,26.18612110614777,0.2174881473183632,472,0.3158286656102766,,1986.8204809863569,0.0753411332085132,3.3840432167053223,0.2200154197677527,2.662411759297053,6.0,3.413415888945261,14.614666938781738,5.829516887664795,472,20.48049533367157,88e97bccc3265f68,14.968492276966572,14.217488147318363,0.7510041296482086,6.0,5.705625772476196,26.18612110614777,0.2174881473183632,3.3840432167053223,0.2200154197677527,2.662411759297053,6.0,3.413415888945261,14.614666938781738,5.829516887664795,20.48049533367157,14.217488147318363,14.968492276966572,6,20.480495333671573,0.2200154197677527,3.3840432167053223,15.945873439311983,14.217488147318363,14.968492276966572,0.22001541976775277
0.0,0.7442257706538272,85.80914306640625,0.0014142428860807,125.28935739251916,0.0,125.28935739251916,0.1771895823940046,0.1053059473633766,2887.780227961719,0.0032306499489406,1.4067529439926147,0.9014105945825576,6.0,6.0,2.3081635385751724,8.463869571685791,22.312850803136826,1.4011113345623016,473,125.28935739251916,"ood:cond:pp:2887.78 outside [505.725,2097.14]",2887.780227961719,0.0032306499489406,11.873723983764648,0.609468488901355,0.9014105945825576,6.0,2.3081635385751724,14.93765354156494,3.94193959236145,473,13.848981231451036,81b056f2691d3b78,16.807864278554916,15.401111334562302,1.4067529439926147,6.0,8.463869571685791,22.312850803136826,1.4011113345623016,11.873723983764648,0.609468488901355,0.9014105945825576,6.0,2.3081635385751724,14.93765354156494,3.94193959236145,13.848981231451036,15.401111334562302,16.807864278554916,6,13.848981231451035,0.609468488901355,11.873723983764648,15.388360187411308,15.401111334562302,16.807864278554916,0.609468488901355
0.0,0.5629983525802549,9.25857925415039,0.6991654280661753,0.3027759208201189,0.0,0.3027759208201189,0.2116904562883289,0.0472940653562545,1200.7196641517876,0.0898969334754943,0.7606703639030457,2.1519847909609475,6.0,6.0,2.912655154863993,4.339717149734497,21.815648078918457,2.692820727825165,474,0.3027759208201189,,1200.7196641517876,0.0898969334754943,3.4717166423797607,0.2611604613174899,2.1519847909609475,6.0,2.912655154863993,12.001690864562988,4.974306106567383,474,17.47593092918396,8ca238f44d409f7d,17.45349109172821,16.692820727825165,0.7606703639030457,6.0,4.339717149734497,21.815648078918457,2.692820727825165,3.4717166423797607,0.2611604613174899,2.1519847909609475,6.0,2.912655154863993,12.001690864562988,4.974306106567383,17.47593092918396,16.692820727825165,17.45349109172821,6,17.47593092918396,0.2611604613174899,3.4717166423797607,13.077682614326477,16.692820727825165,17.45349109172821,0.26116046131749
0.0,0.4723140535959262,8.654994010925293,0.2526399378861068,1.2163054205870394,0.0,1.2163054205870394,0.3072873259076446,0.0552571900188922,2514.4988509355185,0.03175845573318,0.6171594560146332,2.717495987812678,6.0,6.0,3.334655443827311,9.520780563354492,29.52871322631836,4.373052716255188,475,1.2163054205870394,"ood:cond:pp:2514.5 outside [505.725,2097.14]",2514.4988509355185,0.03175845573318,2.2853150367736816,0.1850744301505092,2.717495987812678,6.0,3.334655443827311,18.165998458862305,5.695008754730225,475,20.007932662963867,4a7ba54fb8a26b07,18.99021217226982,18.373052716255188,0.6171594560146332,6.0,9.520780563354492,29.52871322631836,4.373052716255188,2.2853150367736816,0.1850744301505092,2.717495987812678,6.0,3.334655443827311,18.165998458862305,5.695008754730225,20.007932662963867,18.373052716255188,18.99021217226982,6,20.007932662963867,0.1850744301505092,2.2853150367736816,19.524746894836426,18.373052716255188,18.99021217226982,0.18507443015050928
0.0,0.4932050294827049,7.192142963409424,0.2554265222352873,1.2941681703838968,0.0,1.2941681703838968,0.3305648749487635,0.0575518161058425,708.9687247569486,0.069469908006668,1.0487346053123474,2.0427472988764444,6.0,6.0,3.091481904188792,8.725988388061523,27.274879813194275,0.5272889882326126,476,1.2941681703838968,,708.9687247569486,0.069469908006668,6.599066734313965,0.3392336225197916,2.0427472988764444,6.0,3.091481904188792,16.97905921936035,5.27971076965332,476,18.54889142513275,3b5c84fb5d5f7cee,15.57602359354496,14.527288988232613,1.0487346053123474,6.0,8.725988388061523,27.274879813194275,0.5272889882326126,6.599066734313965,0.3392336225197916,2.0427472988764444,6.0,3.091481904188792,16.97905921936035,5.27971076965332,18.54889142513275,14.527288988232613,15.57602359354496,6,18.54889142513275,0.3392336225197916,6.599066734313965,18.0004341006279,14.527288988232613,15.57602359354496,0.33923362251979167
0.0,0.5375597194373055,10.122465133666992,1.1064908480266655,0.2991508914384276,0.0,0.2991508914384276,0.3310077235556387,0.0406647771596908,2121.606912303567,0.0898138574757576,1.328405261039734,1.4318243662516277,6.0,6.0,2.7602296272913613,8.93137264251709,25.49275040626526,2.0561426877975464,477,0.2991508914384276,"ood:cond:pp:2121.61 outside [505.725,2097.14]",2121.606912303567,0.0898138574757576,10.587964057922363,0.4812662134719965,1.4318243662516277,6.0,2.7602296272913613,16.49614906311035,4.7139892578125,477,16.56137776374817,cd2f80a96beff3c7,17.38454794883728,16.056142687797546,1.328405261039734,6.0,8.93137264251709,25.49275040626526,2.0561426877975464,10.587964057922363,0.4812662134719965,1.4318243662516277,6.0,2.7602296272913613,16.49614906311035,4.7139892578125,16.56137776374817,16.056142687797546,17.38454794883728,6,16.56137776374817,0.4812662134719965,10.587964057922363,17.212061524391174,16.056142687797546,17.38454794883728,0.48126621347199666
0.0,0.5526202118377452,12.129735946655272,0.0364101949075774,2.196573033405992,0.0,2.196573033405992,0.0799776522750408,0.062446542084217,1060.3836313583106,0.0164193260485529,0.5193671490997076,3.962319500123461,6.0,6.0,4.481686649223168,2.022098317742348,28.91221821308136,1.1509857326745987,478,2.196573033405992,,1060.3836313583106,0.0164193260485529,1.6184535026550293,0.1158865377591117,3.962319500123461,6.0,4.481686649223168,13.48599910736084,7.653936862945557,478,26.89011989533901,a844d52d87afeadd,15.670352881774306,15.1509857326746,0.5193671490997076,6.0,2.022098317742348,28.91221821308136,1.1509857326745987,1.6184535026550293,0.1158865377591117,3.962319500123461,6.0,4.481686649223168,13.48599910736084,7.653936862945557,26.89011989533901,15.1509857326746,15.670352881774306,6,26.890119895339012,0.1158865377591117,1.6184535026550293,15.467158265411854,15.150985732674599,15.670352881774306,0.11588653775911173
0.0,0.5176271227980912,7.581844329833984,0.3337426923808139,0.6641317706763837,0.0,0.6641317706763837,0.2216491252411735,0.049843207001686,549.8399741888717,0.0982018157942295,1.2807533740997314,2.481132373213768,6.0,6.0,3.7618857473135,2.3650581538677216,24.93637263774872,3.920651078224182,479,0.6641317706763837,,549.8399741888717,0.0982018157942295,9.841975212097168,0.3404551493926588,2.481132373213768,6.0,3.7618857473135,12.410149574279783,6.424643039703369,479,22.571314483881,cad4c0c1c3e0a1b3,19.201404452323917,17.920651078224182,1.2807533740997314,6.0,2.3650581538677216,24.93637263774872,3.920651078224182,9.841975212097168,0.3404551493926588,2.481132373213768,6.0,3.7618857473135,12.410149574279783,6.424643039703369,22.571314483881,17.920651078224182,19.201404452323917,6,22.571314483880997,0.3404551493926588,9.841975212097168,13.65071539580822,17.920651078224182,19.201404452323914,0.3404551493926588
0.0,0.6153171066736864,17.162864685058594,0.0318267042652548,5.279334262536109,0.0,5.279334262536109,0.1680238102911639,0.0632970035076141,1601.7945751744803,0.0118071973059773,1.3759738206863403,1.2879697183767953,6.0,6.0,2.663943539063136,6.191988468170166,22.17564970254898,4.896623492240906,480,5.279334262536109,,1601.7945751744803,0.0118071973059773,11.359824180603027,0.5165176365450475,1.2879697183767953,6.0,2.663943539063136,13.539834022521973,4.54955005645752,480,15.983661234378816,37dd0bf0e4587773,20.27259731292725,18.896623492240906,1.3759738206863403,6.0,6.191988468170166,22.17564970254898,4.896623492240906,11.359824180603027,0.5165176365450475,1.2879697183767953,6.0,2.663943539063136,13.539834022521973,4.54955005645752,15.983661234378816,18.896623492240906,20.27259731292725,6,15.983661234378815,0.5165176365450475,11.359824180603027,14.183819085359573,18.896623492240906,20.272597312927246,0.5165176365450475
0.0,0.6010497507011339,13.935014724731444,1.756301135473218,0.2053369229072788,0.0,0.2053369229072788,0.3606334708566305,0.031790055334568,2978.6019972492454,0.0959020738654136,1.237995147705078,1.1912534634272256,6.0,6.0,2.429248611132304,9.488206386566162,24.063698053359985,3.123508393764496,481,0.2053369229072788,"ood:cond:pp:2978.6 outside [505.725,2097.14]",2978.6019972492454,0.0959020738654136,9.195792198181152,0.509620605331141,1.1912534634272256,6.0,2.429248611132304,16.180326461791992,4.148731708526611,481,14.575491666793823,53fcbc0a19835fbc,18.36150354146957,17.123508393764496,1.237995147705078,6.0,9.488206386566162,24.063698053359985,3.123508393764496,9.195792198181152,0.509620605331141,1.1912534634272256,6.0,2.429248611132304,16.180326461791992,4.148731708526611,14.575491666793823,17.123508393764496,18.36150354146957,6,14.575491666793823,0.509620605331141,9.195792198181152,16.775952219963074,17.123508393764496,18.361503541469574,0.5096206053311408
0.0,0.5263229043379856,9.894010543823242,0.8598169299143104,0.3863275494798574,0.0,0.3863275494798574,0.3321709675350898,0.0432978458702564,1987.3589214764836,0.085305937240839,1.2929369807243347,2.1837193767229715,6.0,6.0,3.476656357447306,9.018239498138428,29.878177642822266,0.841665118932724,482,0.3863275494798574,,1987.3589214764836,0.085305937240839,10.03011703491211,0.371890934217513,2.1837193767229715,6.0,3.476656357447306,18.356348037719727,5.937520980834961,482,20.85993814468384,f6c082f53f4f21c1,16.13460209965706,14.841665118932724,1.2929369807243347,6.0,9.018239498138428,29.878177642822266,0.841665118932724,10.03011703491211,0.371890934217513,2.1837193767229715,6.0,3.476656357447306,18.356348037719727,5.937520980834961,20.85993814468384,14.841665118932724,16.13460209965706,6,20.859938144683838,0.371890934217513,10.03011703491211,19.448208570480347,14.841665118932724,16.13460209965706,0.37189093421751307
0.0,0.4902376816951267,7.43257999420166,0.2767885185422645,0.9760232620994932,0.0,0.9760232620994932,0.2701520327793071,0.05334098264575,677.0352605300993,0.0857735469901561,0.8675517439842224,3.194694379965465,6.0,6.0,4.062246123949687,4.849591016769409,29.22306776046753,3.189961612224579,483,0.9760232620994932,,677.0352605300993,0.0857735469901561,4.515876293182373,0.2135645447156484,3.194694379965465,6.0,4.062246123949687,15.43898105621338,6.937605857849121,483,24.37347674369812,7a073796090c75df,18.0575133562088,17.18996161222458,0.8675517439842224,6.0,4.849591016769409,29.22306776046753,3.189961612224579,4.515876293182373,0.2135645447156484,3.194694379965465,6.0,4.062246123949687,15.43898105621338,6.937605857849121,24.37347674369812,17.18996161222458,18.0575133562088,6,24.37347674369812,0.2135645447156484,4.515876293182373,17.03632938861847,17.18996161222458,18.0575133562088,0.21356454471564842
0.0,0.5219739096668039,10.990034103393556,0.6363504988716898,0.2994402743401622,0.0,0.2994402743401622,0.1905489679586379,0.0433583371341228,2591.474731540024,0.0589977102954387,1.152492105960846,2.272554586331049,6.0,6.0,3.4250466922918954,3.4236661195755005,23.973946273326877,4.416850507259369,484,0.2994402743401622,"ood:cond:pp:2591.47 outside [505.725,2097.14]",2591.474731540024,0.0589977102954387,7.969427585601807,0.336489458247253,2.272554586331049,6.0,3.4250466922918954,12.562527656555176,5.849380493164063,484,20.550280153751373,4ca0dc20aa22eec5,19.56934261322021,18.41685050725937,1.152492105960846,6.0,3.4236661195755005,23.973946273326877,4.416850507259369,7.969427585601807,0.336489458247253,2.272554586331049,6.0,3.4250466922918954,12.562527656555176,5.849380493164063,20.550280153751373,18.41685050725937,19.56934261322021,6,20.550280153751377,0.336489458247253,7.969427585601807,13.698806196451189,18.41685050725937,19.569342613220215,0.33648945824725307
0.0,0.5223079696778163,12.98083209991455,0.8391813926282989,0.2347215682434405,0.0,0.2347215682434405,0.1969739725184287,0.0375133119523525,2919.176125066161,0.0702124105730056,0.8954257369041443,3.267577365661661,6.0,6.0,4.163003102565805,2.03817405924201,27.01619267463684,0.0223398837260901,485,0.2347215682434405,"ood:cond:pp:2919.18 outside [505.725,2097.14]",2919.176125066161,0.0702124105730056,4.810723781585693,0.2150912970380113,3.267577365661661,6.0,4.163003102565805,12.893394470214844,7.109682083129883,485,24.97801861539483,54a188d8e66f5203,14.917765620630234,14.02233988372609,0.8954257369041443,6.0,2.03817405924201,27.01619267463684,0.0223398837260901,4.810723781585693,0.2150912970380113,3.267577365661661,6.0,4.163003102565805,12.893394470214844,7.109682083129883,24.97801861539483,14.02233988372609,14.917765620630234,6,24.97801861539483,0.2150912970380113,4.810723781585693,14.527183366939425,14.02233988372609,14.917765620630234,0.2150912970380113
0.0,0.5304508667215831,9.74028491973877,0.3834969238573151,0.5278442887153864,0.0,0.5278442887153864,0.2024266609980032,0.0530767254531383,1823.157019396484,0.045641068059802,1.0605111718177795,1.8621159692605336,6.0,6.0,2.9226271410783133,5.798909902572632,23.33467274904251,3.474891185760498,486,0.5278442887153864,,1823.157019396484,0.045641068059802,6.748103141784668,0.3628622881489085,1.8621159692605336,6.0,2.9226271410783133,13.635733604431152,4.991335868835449,486,17.53576284646988,6527957ee95a6ce2,18.53540235757828,17.474891185760498,1.0605111718177795,6.0,5.798909902572632,23.33467274904251,3.474891185760498,6.748103141784668,0.3628622881489085,1.8621159692605336,6.0,2.9226271410783133,13.635733604431152,4.991335868835449,17.53576284646988,17.474891185760498,18.53540235757828,6,17.53576284646988,0.3628622881489085,6.748103141784668,14.566791325807571,17.474891185760498,18.535402357578278,0.3628622881489085
0.0,0.5759953338594379,9.951111793518066,0.134149653713004,1.6487054130726055,0.0,1.6487054130726055,0.2211732602384453,0.0623336657881736,1015.4092075867206,0.0283610812455415,0.7135827094316483,1.1101639258364835,6.0,6.0,1.823746635268132,9.43943214416504,20.38191195577383,1.619722843170166,487,1.6487054130726055,,1015.4092075867206,0.0283610812455415,3.055201768875122,0.391272940896604,1.1101639258364835,6.0,1.823746635268132,14.355589866638184,3.114640235900879,487,10.942479811608791,02dff39841b7b41d,16.333305552601814,15.619722843170166,0.7135827094316483,6.0,9.43943214416504,20.38191195577383,1.619722843170166,3.055201768875122,0.391272940896604,1.1101639258364835,6.0,1.823746635268132,14.355589866638184,3.114640235900879,10.942479811608791,15.619722843170166,16.333305552601814,6,10.94247981160879,0.391272940896604,3.055201768875122,14.910672049969435,15.619722843170166,16.333305552601814,0.391272940896604
0.0,0.5557512492165355,8.749475479125977,0.7074853068223498,0.3204996152326148,0.0,0.3204996152326148,0.2267487686192915,0.0479770563542842,1148.949547573626,0.0939447218396663,1.450302243232727,1.289626732468605,6.0,6.0,2.739928975701332,5.089713096618652,21.529286950826645,4.7020405530929565,488,0.3204996152326148,,1148.949547573626,0.0939447218396663,12.620259284973145,0.529321108720162,1.289626732468605,6.0,2.739928975701332,12.664687156677246,4.679319858551025,488,16.439573854207993,4cd097348554a134,20.152342796325684,18.70204055309296,1.450302243232727,6.0,5.089713096618652,21.529286950826645,4.7020405530929565,12.620259284973145,0.529321108720162,1.289626732468605,6.0,2.739928975701332,12.664687156677246,4.679319858551025,16.439573854207993,18.70204055309296,20.152342796325684,6,16.439573854207993,0.529321108720162,12.620259284973145,13.309500023722649,18.702040553092957,20.152342796325684,0.529321108720162
0.0,0.5215813759987571,11.726922988891602,1.0143904670613302,0.2127161301465299,0.0,0.2127161301465299,0.2157772146108172,0.0382942333817482,2467.9867796736958,0.0913414449725151,1.4291985630989077,3.140992507338524,6.0,6.0,4.570191070437431,2.3779066503047943,29.799053072929382,2.153845876455307,489,0.2127161301465299,"ood:cond:pp:2467.99 outside [505.725,2097.14]",2467.9867796736958,0.0913414449725151,12.25564956665039,0.3127218405251737,3.140992507338524,6.0,4.570191070437431,14.517982482910156,7.805086612701416,489,27.421146422624588,593c1f231c566f6f,17.583044439554214,16.153845876455307,1.4291985630989077,6.0,2.3779066503047943,29.799053072929382,2.153845876455307,12.25564956665039,0.3127218405251737,3.140992507338524,6.0,4.570191070437431,14.517982482910156,7.805086612701416,27.421146422624588,16.153845876455307,17.583044439554214,6,27.421146422624588,0.3127218405251737,12.25564956665039,16.08847986161709,16.153845876455307,17.583044439554214,0.31272184052517377
0.0,0.5985925004217705,13.511244773864746,0.0263960502044003,3.5734080554443555,0.0,3.5734080554443555,0.094323858432318,0.0637722536921501,535.698336716312,0.0156726474678516,1.2679042220115662,1.8689121007919312,6.0,6.0,3.1368163228034973,4.791345596313477,23.61224353313446,0.2375728264451027,490,3.5734080554443555,,535.698336716312,0.0156726474678516,9.645487785339355,0.4042009768931545,1.8689121007919312,6.0,3.1368163228034973,13.267338752746582,5.357133388519287,490,18.820897936820984,1f1c57fe2cd3f775,15.505477048456669,14.237572826445104,1.2679042220115662,6.0,4.791345596313477,23.61224353313446,0.2375728264451027,9.645487785339355,0.4042009768931545,1.8689121007919312,6.0,3.1368163228034973,13.267338752746582,5.357133388519287,18.820897936820984,14.237572826445104,15.505477048456669,6,18.820897936820984,0.4042009768931545,9.645487785339355,14.201794564723969,14.237572826445103,15.505477048456669,0.4042009768931545
0.0,0.5851947666052792,13.792168617248535,0.0262150298521352,5.161961434693909,0.0,5.161961434693909,0.1353209731060718,0.0651745647192001,1198.8105194818677,0.0124435497704148,0.9480279684066772,1.2080542842547095,6.0,6.0,2.156082252661387,9.658020973205566,22.59451448917389,4.687056839466095,491,5.161961434693909,,1198.8105194818677,0.0124435497704148,5.392542362213135,0.4396993515606684,1.2080542842547095,6.0,2.156082252661387,15.52224063873291,3.682211637496948,491,12.936493515968325,1e5e856ea89b121e,19.63508480787277,18.68705683946609,0.9480279684066772,6.0,9.658020973205566,22.59451448917389,4.687056839466095,5.392542362213135,0.4396993515606684,1.2080542842547095,6.0,2.156082252661387,15.52224063873291,3.682211637496948,12.936493515968325,18.68705683946609,19.63508480787277,6,12.936493515968323,0.4396993515606684,5.392542362213135,16.126267731189728,18.687056839466095,19.635084807872772,0.43969935156066847
0.0,0.5439535711757741,9.3567533493042,0.3393974653590064,0.4680449023180318,0.0,0.4680449023180318,0.1588532535209437,0.0561329536139965,1065.9669411120865,0.062515238597393,1.2476596236228945,2.191891054312388,6.0,6.0,3.4395506779352822,2.7191243767738342,23.35642844438553,1.3425610959529877,492,0.4680449023180318,,1065.9669411120865,0.062515238597393,9.33992862701416,0.3627391309064381,2.191891054312388,6.0,3.4395506779352822,11.9418306350708,5.87415075302124,492,20.63730406761169,219d216f6efb58db,16.590220719575882,15.342561095952988,1.2476596236228945,6.0,2.7191243767738342,23.35642844438553,1.3425610959529877,9.33992862701416,0.3627391309064381,2.191891054312388,6.0,3.4395506779352822,11.9418306350708,5.87415075302124,20.63730406761169,15.342561095952988,16.590220719575882,6,20.637304067611694,0.3627391309064381,9.33992862701416,13.037776410579681,15.342561095952988,16.590220719575882,0.36273913090643817
0.0,0.4982405393943885,7.187486171722412,0.2721784566371372,0.9984320332675918,0.0,0.9984320332675918,0.271751689871852,0.0518825724720954,507.0813493593,0.0891511131775379,1.1068435311317444,2.220236519972483,6.0,6.0,3.327080051104228,5.651777744293213,25.61425805091858,2.458351254463196,493,0.9984320332675918,,507.0813493593,0.0891511131775379,7.350614547729492,0.3326771565849138,2.220236519972483,6.0,3.327080051104228,14.522899627685549,5.682070255279541,493,19.96248030662537,df9ff2e87357fabf,17.56519478559494,16.458351254463196,1.1068435311317444,6.0,5.651777744293213,25.61425805091858,2.458351254463196,7.350614547729492,0.3326771565849138,2.220236519972483,6.0,3.327080051104228,14.522899627685549,5.682070255279541,19.96248030662537,16.458351254463196,17.56519478559494,6,19.962480306625366,0.3326771565849138,7.350614547729492,15.633017897605896,16.458351254463196,17.56519478559494,0.3326771565849138
0.0,0.4943066196932218,7.31867790222168,0.3090303973390788,0.8531897464871738,0.0,0.8531897464871738,0.2636615663625593,0.0523054264485836,686.8968456774354,0.0929424033827781,1.2749625444412231,2.830484449863434,6.0,6.0,4.105446994304657,4.114471912384033,28.74715387821197,4.3867427110672,494,0.8531897464871738,,686.8968456774354,0.0929424033827781,9.75317668914795,0.3105538924774657,2.830484449863434,6.0,4.105446994304657,15.01557159423828,7.011385440826416,494,24.632681965827945,3067756e2dbc5232,19.661705255508423,18.3867427110672,1.2749625444412231,6.0,4.114471912384033,28.74715387821197,4.3867427110672,9.75317668914795,0.3105538924774657,2.830484449863434,6.0,4.105446994304657,15.01557159423828,7.011385440826416,24.632681965827945,18.3867427110672,19.661705255508423,6,24.63268196582794,0.3105538924774657,9.75317668914795,16.430812895298004,18.3867427110672,19.661705255508423,0.3105538924774657
0.0,0.5002980898921195,7.744991302490234,0.4374581366333071,0.739211647417878,0.0,0.739211647417878,0.3233741498570621,0.0516909472644329,1026.913467338115,0.0844337719528675,0.6955017894506454,2.789345915118853,6.0,6.0,3.4848477045694985,8.613821506500244,29.52290773391724,0.0723731517791748,495,0.739211647417878,,1026.913467338115,0.0844337719528675,2.902336359024048,0.199578819051022,2.789345915118853,6.0,3.4848477045694985,17.67369270324707,5.951510429382324,495,20.909086227416992,f529d7fe4ee33f78,14.76787494122982,14.072373151779177,0.6955017894506454,6.0,8.613821506500244,29.52290773391724,0.0723731517791748,2.902336359024048,0.199578819051022,2.789345915118853,6.0,3.4848477045694985,17.67369270324707,5.951510429382324,20.909086227416992,14.072373151779177,14.76787494122982,6,20.909086227416996,0.199578819051022,2.902336359024048,19.06836462020874,14.072373151779175,14.76787494122982,0.19957881905102204
0.0,0.6064830705875502,13.483268737792969,0.067905436877025,2.5822278713619284,0.0,2.5822278713619284,0.1753473117208623,0.0581320188939571,1555.6786040468214,0.0167931738173365,0.6829155832529068,2.4692242592573166,6.0,6.0,3.1521398425102234,4.1958167552948,23.10865581035614,4.273307621479034,496,2.5822278713619284,,1555.6786040468214,0.0167931738173365,2.7982420921325684,0.2166514232785634,2.4692242592573166,6.0,3.1521398425102234,12.417624473571776,5.383303642272949,496,18.91283905506134,c81386748d5e73d0,18.95622320473194,18.273307621479034,0.6829155832529068,6.0,4.1958167552948,23.10865581035614,4.273307621479034,2.7982420921325684,0.2166514232785634,2.4692242592573166,6.0,3.1521398425102234,12.417624473571776,5.383303642272949,18.91283905506134,18.273307621479034,18.95622320473194,6,18.91283905506134,0.2166514232785634,2.7982420921325684,13.65223628282547,18.273307621479034,18.95622320473194,0.21665142327856346
0.0,0.5348815079317231,8.868725776672363,0.7426339263553617,0.301425208710925,0.0,0.301425208710925,0.2238485862474786,0.0463341549038887,1432.2037341139912,0.0922093751039505,0.5074008232913911,2.8726298683322966,6.0,6.0,3.380030691623688,5.094494819641113,25.37467896938324,2.6253819465637207,497,0.301425208710925,,1432.2037341139912,0.0922093751039505,1.5447335243225098,0.150117223653862,2.8726298683322966,6.0,3.380030691623688,13.79827117919922,5.772501468658447,497,20.280184149742126,6b20b76d5544a78c,17.132782769855112,16.62538194656372,0.5074008232913911,6.0,5.094494819641113,25.37467896938324,2.6253819465637207,1.5447335243225098,0.150117223653862,2.8726298683322966,6.0,3.380030691623688,13.79827117919922,5.772501468658447,20.280184149742126,16.62538194656372,17.132782769855112,6,20.280184149742126,0.150117223653862,1.5447335243225098,15.234586894512177,16.62538194656372,17.132782769855112,0.15011722365386201
0.0,0.501880049843097,9.264534950256348,0.6017607689118034,0.4609173048049995,0.0,0.4609173048049995,0.2773619517442126,0.0482683777809143,2013.4405804138776,0.0700519419920444,1.425682783126831,1.88394965728124,6.0,6.0,3.309632440408071,7.563478946685791,27.421273589134216,4.520878195762634,498,0.4609173048049995,,2013.4405804138776,0.0700519419920444,12.195428848266602,0.430767708740203,1.88394965728124,6.0,3.309632440408071,16.550399780273438,5.652273178100586,498,19.857794642448425,7a134ebbc943e8c2,19.946560978889465,18.520878195762634,1.425682783126831,6.0,7.563478946685791,27.421273589134216,4.520878195762634,12.195428848266602,0.430767708740203,1.88394965728124,6.0,3.309632440408071,16.550399780273438,5.652273178100586,19.857794642448425,18.520878195762634,19.946560978889465,6,19.857794642448425,0.430767708740203,12.195428848266602,17.492376267910004,18.520878195762634,19.946560978889465,0.430767708740203
0.0,0.5768762552386897,12.005069732666016,0.3198269358330562,0.7113910253126745,0.0,0.7113910253126745,0.2275220118048888,0.0483009442687034,2569.535883088231,0.0289429277069568,0.922601044178009,1.86917881667614,6.0,6.0,2.791779860854149,4.207061529159546,20.95774069428444,2.2513222694396973,499,0.7113910253126745,"ood:cond:pp:2569.54 outside [505.725,2097.14]",2569.535883088231,0.0289429277069568,5.107155799865723,0.330470556477092,1.86917881667614,6.0,2.791779860854149,11.647811889648438,4.767871856689453,499,16.750679165124893,78eeb33711d25a8d,17.173923313617706,16.251322269439697,0.922601044178009,6.0,4.207061529159546,20.95774069428444,2.2513222694396973,5.107155799865723,0.330470556477092,1.86917881667614,6.0,2.791779860854149,11.647811889648438,4.767871856689453,16.750679165124893,16.251322269439697,17.173923313617706,6,16.750679165124893,0.330470556477092,5.107155799865723,12.582401111721992,16.251322269439697,17.173923313617706,0.330470556477092
0.0,0.4807165631862757,9.883427619934082,0.4018742633462431,0.6443372144865628,0.0,0.6443372144865628,0.2589425434183576,0.0494472682476043,2527.627611809492,0.0435672780791521,1.4595909118652344,2.2831823428471885,6.0,6.0,3.742773254712423,6.875312805175781,29.33195233345032,0.0900840107351541,500,0.6443372144865628,"ood:cond:pp:2527.63 outside [505.725,2097.14]",2527.627611809492,0.0435672780791521,12.78243350982666,0.3899757779949677,2.2831823428471885,6.0,3.742773254712423,16.9620418548584,6.392002582550049,500,22.456639528274536,f57abfd973380b88,15.549674922600389,14.090084010735154,1.4595909118652344,6.0,6.875312805175781,29.33195233345032,0.0900840107351541,12.78243350982666,0.3899757779949677,2.2831823428471885,6.0,3.742773254712423,16.9620418548584,6.392002582550049,22.456639528274536,14.090084010735154,15.549674922600389,6,22.45663952827454,0.3899757779949677,12.78243350982666,18.10363256931305,14.090084010735154,15.549674922600389,0.3899757779949677
0.0,0.5431953163272595,12.425774574279783,1.187372519408504,0.2497362196682334,0.0,0.2497362196682334,0.2965299243350259,0.036212034523487,2625.5336940613984,0.0934805279114246,1.4611528515815737,2.164788067340851,6.0,6.0,3.625940918922424,7.105742454528809,28.861387968063354,2.2422511875629425,501,0.2497362196682334,"ood:cond:pp:2625.53 outside [505.725,2097.14]",2625.5336940613984,0.0934805279114246,12.809805870056152,0.4029720517387267,2.164788067340851,6.0,3.625940918922424,16.90117073059082,6.1924729347229,501,21.755645513534542,e0353012519894b3,17.703404039144516,16.242251187562943,1.4611528515815737,6.0,7.105742454528809,28.861387968063354,2.2422511875629425,12.809805870056152,0.4029720517387267,2.164788067340851,6.0,3.625940918922424,16.90117073059082,6.1924729347229,21.755645513534542,16.242251187562943,17.703404039144516,6,21.755645513534546,0.4029720517387267,12.809805870056152,17.98356521129608,16.242251187562943,17.703404039144516,0.40297205173872686
0.0,0.4940302886329763,9.909133911132812,0.2992979155604006,0.8787600485692879,0.0,0.8787600485692879,0.2630110508145442,0.0505010522902011,2989.415255894005,0.0270065985597372,1.3054067492485046,1.8674343625704448,6.0,6.0,3.172841111818949,7.554358005523682,26.591404676437374,0.863163024187088,502,0.8787600485692879,"ood:cond:pp:2989.42 outside [505.725,2097.14]",2989.415255894005,0.0270065985597372,10.22452163696289,0.4114314909706057,1.8674343625704448,6.0,3.172841111818949,16.139163970947266,5.418657302856445,502,19.037046670913696,73f359eadae5c33c,16.168569773435593,14.863163024187088,1.3054067492485046,6.0,7.554358005523682,26.591404676437374,0.863163024187088,10.22452163696289,0.4114314909706057,1.8674343625704448,6.0,3.172841111818949,16.139163970947266,5.418657302856445,19.037046670913696,14.863163024187088,16.168569773435593,6,19.037046670913693,0.4114314909706057,10.22452163696289,17.07288134098053,14.863163024187088,16.168569773435593,0.4114314909706058
0.0,0.554502310356632,10.552231788635254,0.334739039348294,0.6484326542507918,0.0,0.6484326542507918,0.2170557237659745,0.051524918526411,1935.7526263837217,0.0344745325903892,0.5618311762809753,1.9900968372821808,6.0,6.0,2.551928013563156,6.399405002593994,21.71097308397293,0.2726621180772781,503,0.6484326542507918,,1935.7526263837217,0.0344745325903892,1.893925666809082,0.2201594924680154,1.9900968372821808,6.0,2.551928013563156,13.060139656066896,4.358246803283691,503,15.311568081378937,623f8aba7f55072c,14.834493294358252,14.272662118077278,0.5618311762809753,6.0,6.399405002593994,21.71097308397293,0.2726621180772781,1.893925666809082,0.2201594924680154,1.9900968372821808,6.0,2.551928013563156,13.060139656066896,4.358246803283691,15.311568081378937,14.272662118077278,14.834493294358252,6,15.311568081378937,0.2201594924680154,1.893925666809082,14.055189043283463,14.272662118077278,14.834493294358253,0.22015949246801547
0.0,0.5991084538428089,11.14078140258789,0.03230547991528,4.506838107324925,0.0,4.506838107324925,0.1455955679576039,0.0649790689349174,627.2413149487451,0.0180281013230085,1.4499295353889463,0.4999065473675728,6.0,6.0,1.9498360827565195,8.858413219451904,20.55742971599102,4.002362787723541,504,4.506838107324925,,627.2413149487451,0.0180281013230085,12.613771438598633,0.7436161163553576,0.4999065473675728,6.0,1.9498360827565195,14.457968711853027,3.3299789428710938,504,11.699016496539116,03a444c3ab71cf0e,19.452292323112488,18.00236278772354,1.4499295353889463,6.0,8.858413219451904,20.55742971599102,4.002362787723541,12.613771438598633,0.7436161163553576,0.4999065473675728,6.0,1.9498360827565195,14.457968711853027,3.3299789428710938,11.699016496539116,18.00236278772354,19.452292323112488,6,11.699016496539116,0.7436161163553576,12.613771438598633,14.707921467721462,18.00236278772354,19.452292323112488,0.7436161163553574
0.0,0.5446624272099377,10.170536994934082,1.0197165960836811,0.2253888432423089,0.0,0.2253888432423089,0.2298327440262856,0.0417299270629882,1976.313309853792,0.0875369703903198,1.4012395143508911,1.7170524994532266,6.0,6.0,3.1182920138041177,4.8975830078125,23.607335090637207,2.800069749355316,505,0.2253888432423089,,1976.313309853792,0.0875369703903198,11.78083324432373,0.4493612234350907,1.7170524994532266,6.0,3.1182920138041177,13.393933296203612,5.325497627258301,505,18.709752082824707,bb3a90c0b8e1ba2b,18.201309263706207,16.800069749355316,1.4012395143508911,6.0,4.8975830078125,23.607335090637207,2.800069749355316,11.78083324432373,0.4493612234350907,1.7170524994532266,6.0,3.1182920138041177,13.393933296203612,5.325497627258301,18.709752082824707,16.800069749355316,18.201309263706207,6,18.709752082824707,0.4493612234350907,11.78083324432373,14.252459049224854,16.800069749355316,18.201309263706207,0.4493612234350907
0.0,0.535843339153809,9.400921821594238,1.2199614367586316,0.2989170198223728,0.0,0.2989170198223728,0.3646672369741103,0.0410056822001934,2041.956222273648,0.0977213851759433,0.6792378276586533,2.1135942290226617,6.0,6.0,2.792832056681315,9.882683753967283,26.639676094055176,3.9350759983062735,506,0.2989170198223728,,2041.956222273648,0.0977213851759433,2.7681844234466557,0.2432075448409821,2.1135942290226617,6.0,2.792832056681315,17.204383850097656,4.7696685791015625,506,16.75699234008789,a4ddb081bd967a80,18.614313825964928,17.935075998306274,0.6792378276586533,6.0,9.882683753967283,26.639676094055176,3.9350759983062735,2.7681844234466557,0.2432075448409821,2.1135942290226617,6.0,2.792832056681315,17.204383850097656,4.7696685791015625,16.75699234008789,17.935075998306274,18.614313825964928,6,16.75699234008789,0.2432075448409821,2.7681844234466557,18.26117992401123,17.935075998306274,18.614313825964928,0.24320754484098214
0.0,0.5461434824088055,12.364821434020996,0.0533482876230292,3.1402015143311104,0.0,3.1402015143311104,0.167524373580808,0.0605974793434143,1413.9580790129603,0.0149424140172898,0.9945767223834991,2.3079287509123483,6.0,6.0,3.3025054732958474,7.184230327606201,26.999263167381287,0.8805255591869354,507,3.1402015143311104,,1413.9580790129603,0.0149424140172898,5.935096740722656,0.3011582358986759,2.3079287509123483,6.0,3.3025054732958474,15.937782287597656,5.640101909637451,507,19.815032839775085,e52b8d70d2bf7c46,15.875102281570436,14.880525559186935,0.9945767223834991,6.0,7.184230327606201,26.999263167381287,0.8805255591869354,5.935096740722656,0.3011582358986759,2.3079287509123483,6.0,3.3025054732958474,15.937782287597656,5.640101909637451,19.815032839775085,14.880525559186935,15.875102281570436,6,19.815032839775085,0.3011582358986759,5.935096740722656,17.091746747493744,14.880525559186935,15.875102281570435,0.3011582358986759
0.0,0.5161721507694369,9.0062837600708,0.5287254487794663,0.4052742156025334,0.0,0.4052742156025334,0.2142787915231956,0.0490867234766483,1389.285106460005,0.0834238602180481,1.2874606251716614,3.094104925791423,6.0,6.0,4.381565550963084,3.4245765209198,29.713969826698303,0.3762025758624077,508,0.4052742156025334,,1389.285106460005,0.0834238602180481,9.94532871246338,0.2938357557810981,3.094104925791423,6.0,4.381565550963084,15.022220611572266,7.482947826385498,508,26.289393305778503,c0cd75b27395dbc0,15.663663201034067,14.376202575862408,1.2874606251716614,6.0,3.4245765209198,29.713969826698303,0.3762025758624077,9.94532871246338,0.2938357557810981,3.094104925791423,6.0,4.381565550963084,15.022220611572266,7.482947826385498,26.289393305778503,14.376202575862408,15.663663201034067,6,26.289393305778503,0.2938357557810981,9.94532871246338,16.56927317380905,14.376202575862408,15.663663201034069,0.2938357557810981
0.0,0.5637313376503199,36.60909271240234,0.0029149737610809,79.33342005531907,0.0,79.33342005531907,0.231254837838068,0.0863805785775184,956.4562547325194,0.0081299894661903,1.1173901557922363,2.8648160696029663,6.0,6.0,3.982206225395202,3.5440460443496704,27.437283396720886,3.8311612606048575,509,79.33342005531907,,956.4562547325194,0.0081299894661903,7.4913649559021,0.2805957533455827,2.8648160696029663,6.0,3.982206225395202,14.058257102966309,6.800912380218506,509,23.893237352371216,076c1bca3aefd60a,18.94855141639709,17.83116126060486,1.1173901557922363,6.0,3.5440460443496704,27.437283396720886,3.8311612606048575,7.4913649559021,0.2805957533455827,2.8648160696029663,6.0,3.982206225395202,14.058257102966309,6.800912380218506,23.893237352371216,17.83116126060486,18.94855141639709,6,23.893237352371216,0.2805957533455827,7.4913649559021,15.490664720535278,17.83116126060486,18.948551416397095,0.2805957533455828
0.0,0.522790221032361,9.924882888793944,0.4477697814758934,0.4151169364637067,0.0,0.4151169364637067,0.1858768199272963,0.0508705675601959,1743.7348915569482,0.0602644317674636,1.478959321975708,12.080221265554428,2.0,2.0,13.559180587530136,2.710614621639252,29.828975796699524,4.980105757713318,510,0.4151169364637067,,1743.7348915569482,0.0602644317674636,4.374641418457031,0.1090743878236897,12.080221265554428,2.0,13.559180587530136,10.229684829711914,6.779590606689453,510,27.118361175060272,45fd43e5fc792c57,20.459065079689022,18.98010575771332,1.478959321975708,2.0,2.710614621639252,29.828975796699524,4.980105757713318,4.374641418457031,0.1090743878236897,12.080221265554428,2.0,13.559180587530136,10.229684829711914,6.779590606689453,27.118361175060272,18.98010575771332,20.459065079689022,2,27.118361175060272,0.1090743878236897,4.374641418457031,16.269795209169388,18.980105757713318,20.459065079689026,0.10907438782368979
0.0,0.5345824370624785,11.345695495605469,0.7701205117530112,0.4386083096939491,0.0,0.4386083096939491,0.3377812559206273,0.0401604920625686,2997.05852419877,0.0566025157854557,1.3891305923461914,0.9982572694619498,6.0,6.0,2.387387861808141,9.964419841766356,24.288747012615204,0.2567178942263126,511,0.4386083096939491,"ood:cond:pp:2997.06 outside [505.725,2097.14]",2997.05852419877,0.0566025157854557,11.578103065490724,0.5818621324873884,0.9982572694619498,6.0,2.387387861808141,16.62745475769043,4.077240943908691,511,14.324327170848846,b87f13f1a436642d,15.645848486572504,14.256717894226313,1.3891305923461914,6.0,9.964419841766356,24.288747012615204,0.2567178942263126,11.578103065490724,0.5818621324873884,0.9982572694619498,6.0,2.387387861808141,16.62745475769043,4.077240943908691,14.324327170848846,14.256717894226313,15.645848486572504,6,14.324327170848848,0.5818621324873884,11.578103065490724,17.12658342719078,14.256717894226313,15.645848486572504,0.5818621324873884
