pp,pp0,sampler_area_proxy,sampler_fill_ratio,sampler_min_gap,sampler_nncoil_effective,sampler_pitch,sampler_r_center_mean,sampler_r_center_std,sampler_rank,sampler_span_r,sampler_structure_signature,sampler_z_max,sampler_z_min,series.llcoil,series.nncoil,series.rrc,series.rrce,series.zzc
1453.2977572467923,0.00377368334550783,1.7990418672561646,0.0951327800946224,9.02111679315567,2.0,9.96954756975174,15.416637420654297,4.984773635864258,0,19.93909513950348,da9a3f1a47db80d7,19.645151615142822,18.696720838546753,0.9484307765960693,2.0,9.957648754119873,29.896743893623352,4.696720838546753
1647.3720314828456,0.09769967855620383,4.366229057312012,0.1107428330593412,11.86451569199562,2.0,13.34205237030983,10.065954208374023,6.671026706695557,1,26.68410474061966,af6d48f4bf50f42a,15.541199994273484,14.063663315959275,1.477536678314209,2.0,2.6561588644981384,29.340263605117798,0.06366331595927477
2693.638239853978,0.05559800474071503,0.6040449738502502,0.09574224831968071,5.190489109605551,2.0,5.740054868161678,12.804439544677734,2.870027542114258,2,11.480109736323357,7b05c0c010806e36,14.930110197514296,14.380544438958168,0.5495657585561275,2.0,9.659629344940186,21.139739081263542,0.38054443895816803
673.9562490912526,0.08608034773039817,4.417911529541016,0.1411043823467073,9.046766936779022,2.0,10.533022582530975,12.373631477355957,5.266510963439941,3,21.06604516506195,1ac0ad7450ff4675,19.532598316669464,18.04634267091751,1.4862556457519531,2.0,6.363992691040039,27.43003785610199,4.046342670917511
1678.9811046399773,0.08331626185417175,0.5966808199882507,0.049554015083656276,10.476220473647118,2.0,11.022425934672356,8.282693862915039,5.511213302612305,4,22.04485186934471,bb207cc839539a0d,19.41434359550476,18.868138134479523,0.546205461025238,2.0,2.4983780682086945,24.543229937553406,4.868138134479523
2949.701627617955,0.09039136203622818,1.531694769859314,0.16332382245962435,4.483105659484863,2.0,5.358232706785202,13.097058296203613,2.6791162490844727,5,10.716465413570404,4b284e203880e752,19.254387885332108,18.37926083803177,0.8751270473003387,2.0,9.980378150939941,20.696843564510345,4.379260838031769
867.7483326424956,0.00463409025003016,3.171522855758667,0.13562274027887572,8.025826394557953,2.0,9.285096645355225,14.848255157470703,4.642548084259033,6,18.57019329071045,a93ec54dcc8f9219,16.06384116411209,14.80457091331482,1.2592702507972717,2.0,9.57607126235962,28.14626455307007,0.8045709133148193
2991.4961752702593,0.026082114086627962,3.074854850769043,0.1534159534916029,6.842217609286308,2.0,8.082148060202599,9.416568756103516,4.041074275970459,7,16.164296120405197,ff87fd91e40b2b43,18.129005134105682,16.889074683189392,1.2399304509162903,2.0,4.755529165267944,20.91982528567314,2.889074683189392
2175.084518519938,0.005963905961871147,3.4317636489868164,0.16226079525659157,6.76299319131067,2.0,8.07290998561075,8.550986289978027,4.036455154418945,8,16.1458199712215,9793826e4ddf958c,15.43906469270587,14.12914789840579,1.3099167943000793,2.0,3.859573245048523,20.005393216270022,0.12914789840579033
2682.522164180398,0.02023996231120825,4.253945827484131,0.11690535013226744,11.016758739948273,2.0,12.475173234939575,11.149110794067383,6.237586975097656,9,24.95034646987915,f93a14c1347f6af8,19.586121380329132,18.12770688533783,1.4584144949913025,2.0,4.182316541671753,29.132663011550903,4.12770688533783
625.4911324948929,0.014828671358704568,0.5288236737251282,0.044628024820604316,11.007920677773654,2.0,11.522130608558655,11.343446731567383,5.7610650062561035,10,23.04426121711731,e0ebb939460de8cf,16.449097846634686,15.934887915849686,0.5142099307850003,2.0,5.3252763748168945,28.369537591934204,1.9348879158496857
2628.204787028432,0.0732887613492012,3.3467092514038086,0.13180491410819425,8.520787060260773,2.0,9.814369142055511,15.443058013916016,4.90718412399292,11,19.628738284111023,5075fd890c0ffb22,16.159986928105354,14.866404846310616,1.2935820817947388,2.0,9.88908338546753,29.517821669578552,0.8664048463106155
2947.4867670816775,0.01369608433353901,0.5005335807800293,0.04173390075103162,11.486792552255793,2.0,11.98705929517746,9.718121528625488,5.993529796600342,12,23.97411859035492,f3b6dd64aadeaaf3,15.775966775632696,15.275700032711029,0.5002667429216672,2.0,3.474458694458008,27.448577284812927,1.275700032711029
519.2810235116557,0.04399725898194313,1.8146495819091797,0.13149737862058633,6.291228085756302,2.0,7.2437640726566315,10.434349060058594,3.6218819618225098,13,14.487528145313263,68947a0d62988d38,15.008938702754676,14.056402715854347,0.9525359869003296,2.0,6.336198806762695,20.82372695207596,0.05640271585434675
2582.516580260336,0.09212715305948257,3.3091866970062256,0.11313343755111284,10.083538234233856,2.0,11.369848251342773,11.745536804199219,5.684924602508545,14,22.739696502685547,ff5cef9bb7c2d5e8,15.39747515693307,14.111165139824152,1.2863100171089172,2.0,5.417457818984985,28.157154321670532,0.11116513982415199
2931.844193759322,0.023339022239089013,1.362364411354065,0.09639239700843365,7.73693123459816,2.0,8.562268853187561,13.296646118164062,4.281134128570557,15,17.124537706375122,cf0ccb49c7af925b,19.64622536301613,18.820887744426727,0.8253376185894012,2.0,8.602842807769775,25.727380514144897,4.820887744426727
1105.6722816859483,0.06618049539089202,0.6822448372840881,0.047802701088911465,11.634015366435051,2.0,12.218072220683098,8.72325325012207,6.109035968780518,16,24.436144441366196,616bfa4645127068,15.253057077527046,14.669000223279,0.5840568542480469,2.0,2.3221884071826935,26.75833284854889,0.6690002232789993
862.1106139380336,0.050161794738769534,1.6655384302139282,0.16243285065212434,4.705525302328169,2.0,5.6180872255936265,12.092641830444336,2.8090434074401855,17,11.236174451187253,4cdfccce309f394a,19.641022235155106,18.72846031188965,0.9125619232654572,2.0,8.827316761016846,20.0634912122041,4.728460311889648
1572.7252553452254,0.09881750023317337,1.7711174488067627,0.16405148619322862,4.795214518904686,2.0,5.736255809664726,13.058849334716797,2.8681278228759766,18,11.472511619329453,40562de72f617c39,15.667580783367157,14.726539492607117,0.9410412907600403,2.0,9.720201015472412,21.192712634801865,0.7265394926071167
689.7060608201698,0.050781316206455235,0.8361371755599976,0.04853113639575928,12.676457226276398,2.0,13.323039472103119,9.994410514831543,6.6615190505981445,19,26.646078944206238,4ecbd8722536dcb9,18.61104154586792,17.9644593000412,0.6465822458267212,2.0,3.0095999240875244,29.655678868293762,3.9644593000411987
2190.788487734735,0.011901194412708281,3.708980083465576,0.15552548864881036,7.394302975386381,2.0,8.75609965249896,7.775069236755371,4.378049850463867,20,17.51219930499792,a5c8c698898ab417,19.761348128318787,18.399551451206207,1.3617966771125793,2.0,2.716120719909668,20.22832002490759,4.399551451206207
779.2908255181312,0.01053383243700862,3.666440010070801,0.17735862192750432,6.28008559346199,2.0,7.634050220251083,11.879447937011719,3.8170251846313477,21,15.268100440502167,80e67c092e6b3cd7,16.751357823610306,15.397393196821213,1.353964626789093,2.0,7.385440826416016,22.653541266918182,1.3973931968212128
1082.8939596152304,0.08747351805186271,0.5142244100570679,0.07532021643948676,6.225025509018451,2.0,6.732087820768356,13.23501968383789,3.3660435676574707,22,13.464175641536713,ee971a10dbe6da09,17.97868626890704,17.471623957157135,0.5070623117499053,2.0,9.615444660186768,23.07962030172348,3.471623957157135
2985.9457190085645,0.09084532581114768,1.5790934562683105,0.10833723765682583,7.3132729940116405,2.0,8.20183740183711,8.650890350341797,4.100918769836426,23,16.40367480367422,6b4701991d47137c,17.26388892531395,16.37532451748848,0.88856440782547,2.0,4.105689764022827,20.509364567697048,2.3753245174884796
1695.8165867732168,0.09905326112699508,1.148972988128662,0.07789407237540191,8.97255852818489,2.0,9.730507373809814,9.910032272338867,4.865253925323486,24,19.46101474761963,c0a34ff6de865667,19.361890882253647,18.603942036628723,0.7579488456249237,2.0,4.665804624557495,24.126819372177124,4.603942036628723
963.0981233267337,0.09592289768004417,0.5176767110824585,0.04103217637279889,11.890326858498156,2.0,12.399088442325592,11.626932144165039,6.199544429779053,25,24.798176884651184,004ad2deacc7ad30,18.74909025337547,18.240328669548035,0.508761583827436,2.0,5.173007249832153,29.971184134483337,4.240328669548035
556.6967098243385,0.08965445633888244,0.7658382058143616,0.06956491773392477,8.27654979377985,2.0,8.895354390144348,13.407241821289062,4.447677135467529,26,17.790708780288696,2c4a927ea0663cee,14.774048721417785,14.155244125053287,0.6188045963644981,2.0,8.650163173675537,26.440871953964233,0.15524412505328655
980.2522917660773,0.012141871319293975,2.353301763534546,0.14096255834537208,6.610466837882996,2.0,7.6952022314071655,14.102947235107422,3.8476014137268066,27,15.390404462814331,456c3fd69a0e1035,19.23047000169754,18.14573460817337,1.08473539352417,2.0,9.712977409362793,25.103381872177124,4.14573460817337
700.3922165883258,0.0969481171400547,3.9359402656555176,0.13886033472195183,8.699707269668579,2.0,10.102550864219666,9.846123695373535,5.051275253295898,28,20.20510172843933,d85aa40f3c2d03de,18.919716715812683,17.516873121261597,1.4028435945510864,2.0,4.093426704406738,24.29852843284607,3.5168731212615967
730.6410102314204,0.004676685416229069,2.210839033126831,0.0817291638919754,11.812921106815338,2.0,12.864310443401337,11.072877883911133,6.432155132293701,29,25.728620886802673,f00c28bdba2947ad,15.614777728915215,14.563388392329216,1.0513893365859985,2.0,4.115028381347656,29.84364926815033,0.563388392329216
2934.695014653623,0.043459359482049945,3.473997116088867,0.10485397793927767,11.251455783843994,2.0,12.569408237934113,11.482995986938477,6.284704208374023,30,25.138816475868225,a753a7d30fc6ede1,18.99323534965515,17.675282895565033,1.3179524540901184,2.0,4.539315462112427,29.678131937980652,3.675282895565033
2850.2255646879075,0.05370209133458138,3.9332075119018555,0.17236544650839433,6.733592629432678,2.0,8.13594913482666,14.072184562683105,4.067975044250488,31,16.27189826965332,94a7568da1bdfd8c,17.492025166749954,16.089668661355972,1.402356505393982,2.0,9.30303144454956,25.57492971420288,2.0896686613559723
936.9394593717009,0.003410172564610839,0.65694260597229,0.06436821055529456,8.330714516341686,2.0,8.90383867919445,7.527768135070801,4.4519195556640625,32,17.8076773583889,a2020f2632637ce0,17.967749647796154,17.39462548494339,0.5731241628527641,2.0,2.7892868518829346,20.596964210271835,3.39462548494339
2974.6729574496744,0.009286831994473934,0.5935492515563965,0.08881865763738418,5.588741065002978,2.0,6.133511305786669,11.166872024536133,3.066755771636963,33,12.267022611573339,5d65eb5f3ffdc112,16.05243307352066,15.507662832736969,0.5447702407836914,2.0,7.827731609344482,20.09475422091782,1.507662832736969
2494.44915260756,0.09819910390925407,4.4807257652282715,0.2203119880757551,5.2971459329128265,2.0,6.793930202722549,11.847489356994629,3.3969650268554688,34,13.587860405445099,304d68d65e672bdb,16.733740985393524,15.236956715583801,1.496784269809723,2.0,7.702132225036621,21.28999263048172,1.2369567155838013
1136.4770389204323,0.09727919790577888,3.7900264263153076,0.11438661178727064,10.657984793186188,2.0,12.034579575061798,10.837356567382812,6.017290115356445,35,24.069159150123596,c43822dcd7970b07,19.955766320228577,18.579171538352966,1.3765947818756104,2.0,4.131769418716431,28.200928568840027,4.579171538352966
1764.545646232009,0.0954110611257553,0.8737581968307495,0.06213754906982827,9.97621139883995,2.0,10.637179672718048,9.888644218444824,5.31859016418457,36,21.274359345436096,f8157c7280f0e9b0,15.840803697705269,15.179835423827171,0.6609682738780975,2.0,4.239570379257202,25.5139297246933,1.1798354238271713
2748.3607109693885,0.030277867511034014,1.1604136228561401,0.07249345426413346,9.745622992515564,2.0,10.50733608007431,13.598419189453125,5.253667831420898,37,21.01467216014862,d452a1f37df110c2,16.569855898618698,15.808142811059952,0.7617130875587463,2.0,7.963894367218018,28.978566527366638,1.8081428110599518
2774.0974825690982,0.08320670170116425,2.3298327922821045,0.12440026518447156,7.596817463636398,2.0,8.676130384206772,9.673192024230957,4.338065147399902,38,17.352260768413544,9aa7a94a0b9f7f4e,15.691266655921936,14.611953735351562,1.0793129205703735,2.0,4.795470714569092,22.147731482982635,0.6119537353515625
2881.171918986678,0.09575113727164268,2.411181926727295,0.18551023711932174,4.820784613490105,2.0,5.918778643012047,12.894672393798828,2.9593892097473145,39,11.837557286024094,14b3978829f057f6,19.435160875320435,18.337166845798492,1.0979940295219421,2.0,9.38628625869751,21.223843544721603,4.337166845798492
2783.8705788424013,0.01444989315223694,3.923471450805664,0.12228734141038487,10.052893996238708,2.0,11.453513741493225,10.442696571350098,5.726756572723389,40,22.90702748298645,1033842b78154fd2,16.592374607920647,15.19175486266613,1.4006197452545166,2.0,4.015630006790161,26.92265748977661,1.19175486266613
764.3537474900932,0.016173254221856594,3.135040760040283,0.14810767145645734,7.201346814632416,2.0,8.45335328578949,14.212413787841797,4.226676940917969,41,16.90670657157898,436165da7462c54d,20.143280148506165,18.89127367734909,1.252006471157074,2.0,9.359733581542969,26.26644015312195,4.891273677349091
858.5960707416087,0.04885556341063976,4.180816173553467,0.16694919472856404,7.214441612362862,2.0,8.660266056656837,9.676254272460938,4.330132961273193,42,17.320532113313675,34113fae16839ff4,20.43881106376648,18.992986619472504,1.4458244442939758,2.0,4.623209476470947,21.943741589784622,4.992986619472504
1368.6498429496587,0.0031793943311916664,0.9999802708625793,0.08282708579725706,7.829960465431213,2.0,8.537060290575027,9.590688705444336,4.268530368804932,43,17.074120581150055,4fb87bd0d494edcd,19.305776089429855,18.59867626428604,0.7070998251438141,2.0,4.968608379364014,22.04272896051407,4.598676264286041
549.2400727682822,0.02982062062430382,2.5822837352752686,0.09419173972812563,10.927238911390305,2.0,12.063523143529892,8.863967895507812,6.031761169433594,44,24.127046287059784,e717e8771e341c05,19.884248971939087,18.7479647397995,1.1362842321395874,2.0,2.264064133167267,26.39111042022705,4.7479647397994995
2897.5864750437736,0.021576395094513895,0.6337686777114868,0.05519818567712444,9.635323353111744,2.0,10.198248147964478,10.05740737915039,5.099123954772949,45,20.396496295928955,15da25e68ed8a26e,18.46759109944105,17.904666304588318,0.5629247948527336,2.0,4.676820993423462,25.073317289352417,3.904666304588318
554.2031613652744,0.027933365055203437,3.276430606842041,0.14340451377141222,7.645368963479996,2.0,8.925296813249588,10.13942813873291,4.462648868560791,46,17.850593626499176,01af4a1395658196,17.636024802923203,16.35609695315361,1.2799278497695923,2.0,5.036815404891968,22.887409031391144,2.3560969531536102
1044.8854052794427,0.022290585870206357,3.1444971561431885,0.1144815067574411,9.698909491300583,2.0,10.952802866697311,8.802270889282227,5.4764018058776855,47,21.905605733394623,39b57178dc3e46d0,17.0316299200058,15.77773654460907,1.2538933753967285,2.0,2.6989225149154663,24.60452824831009,1.7777365446090698
2914.1954762033224,0.09056206654047966,3.5904226303100586,0.10557564349725884,11.351093113422394,2.0,12.690948128700256,11.188661575317383,6.3454742431640625,48,25.381896257400513,60a46acd215036b1,17.66113406419754,16.321279048919678,1.3398550152778625,2.0,4.173259973526001,29.555156230926514,2.3212790489196777
2342.674344059348,0.09509476301813125,2.140355348587036,0.09797166329085658,9.524620234966278,2.0,10.559114217758179,14.239964485168457,5.279557228088379,49,21.118228435516357,7324039bb951ebfe,18.9674471616745,17.9329531788826,1.0344939827919006,2.0,8.443160057067871,29.56138849258423,3.932953178882599
1809.965970680058,0.018800316339731216,4.40076208114624,0.12469820480004944,10.412297546863556,2.0,11.89566570520401,11.239175796508789,5.947832107543945,50,23.79133141040802,787d3ebcc0bf9aa8,16.942714869976044,15.45934671163559,1.483368158340454,2.0,4.549658536911011,28.34098994731903,1.4593467116355896
2351.290729826391,0.09752023255038261,4.434332847595215,0.14886853582966644,8.513200581073761,2.0,10.002215802669525,15.736413955688477,5.001107692718506,51,20.00443160533905,e990ce451ea8ba24,18.776046574115753,17.28703135251999,1.4890152215957642,2.0,9.99079942703247,29.99523103237152,3.287031352519989
2921.7499954819677,0.009457119618535043,2.764798641204834,0.17864085261251417,5.4059135019779205,2.0,6.581668347120285,11.916504859924316,3.290834426879883,52,13.16333669424057,aeb34fca35a2c59c,15.875092640519142,14.699337795376778,1.1757548451423645,2.0,8.037793159484863,21.201129853725433,0.6993377953767776
2470.225425543606,0.015815247900307177,0.8305962681770325,0.11309153654423103,5.053923919796944,2.0,5.698360234498978,12.662548065185547,2.849180221557617,53,11.396720468997955,b815543a740eb73f,17.647771015763283,17.00333470106125,0.644436314702034,2.0,9.491149425506592,20.887869894504547,3.003334701061249
968.859451436922,0.011428504206538199,0.9707016348838806,0.07615107277646874,8.45187058672309,2.0,9.148541864007711,6.9843430519104,4.574270725250244,54,18.297083728015423,df26de517164f210,15.227302074432373,14.53063079714775,0.6966712772846222,2.0,2.0617363825440407,20.358820110559464,0.5306307971477509
2750.8807670678493,0.046885151062250136,4.496465682983398,0.15439397455516665,8.212178409099579,2.0,9.711589276790619,14.755548477172852,4.855794906616211,55,19.423178553581238,386633f363383e2c,17.068638294935226,15.569227427244186,1.49941086769104,2.0,9.150047779083252,28.57322633266449,1.5692274272441864
1350.3748278274238,0.07595329219698906,1.9946773052215576,0.09148935255875915,9.917010575532913,2.0,10.915678977966309,10.582828521728516,5.457839488983154,56,21.831357955932617,2040a26346e5ced3,17.310076028108597,16.3114076256752,0.9986684024333954,2.0,4.625654935836792,26.45701289176941,2.3114076256752014
2012.4979379103183,0.09231352879691124,3.5226612091064453,0.17861130593132807,6.103236943483353,2.0,7.430388301610947,11.171740531921387,3.7151939868927,57,14.860776603221893,dd54212b3b26b121,17.831441402435303,16.50429004430771,1.327151358127594,2.0,6.792970657348633,21.653747260570526,2.5042900443077087
1701.3631779181956,0.09298109678840637,1.8861316442489624,0.11164794931677197,7.726901292800903,2.0,8.698017060756683,14.525121688842773,4.349009037017822,58,17.396034121513367,1c603f6b2b23c1a8,19.640641391277313,18.669525623321533,0.97111576795578,2.0,9.69055461883545,27.086588740348816,4.669525623321533
1814.978283768296,0.019402167280316355,1.0073938369750977,0.07585762374323732,8.646180123090744,2.0,9.355896174907684,10.269545555114746,4.677947998046875,59,18.71179234981537,f322315f86189755,16.525888949632645,15.816172897815704,0.7097160518169403,2.0,5.23673939704895,23.94853174686432,1.8161728978157043
2000.1710400964616,0.09627093061184883,1.6719276905059814,0.09611837100103418,8.598028898239136,2.0,9.512339472770691,14.945070266723633,4.75616979598999,60,19.024678945541382,3b3b334ed1b00686,16.54295563697815,15.628645062446594,0.9143105745315552,2.0,9.73174524307251,28.75642418861389,1.6286450624465942
2835.171232397973,0.06912968184161186,1.7592593431472778,0.15257729439142936,5.209069229662418,2.0,6.146954990923405,11.667730331420898,3.073477268218994,61,12.29390998184681,2aeee071d36b73fa,19.865995705127716,18.92810994386673,0.9378857612609863,2.0,8.12531042098999,20.4192204028368,4.92810994386673
726.8935008414313,0.07388618960928917,3.715102195739746,0.1468663931939456,7.917079389095306,2.0,9.279999434947968,14.38524055480957,4.639999866485596,62,18.559998869895935,f0e5602e234e5318,15.364541911811102,14.001621865958441,1.3629200458526611,2.0,9.063780307769775,27.62377917766571,0.0016218659584410489
925.2154082717002,0.07942865357255935,4.3312296867370605,0.18050555098444016,6.681070566177368,2.0,8.152673363685608,14.555912971496582,4.076336860656738,63,16.305346727371216,ee5872661607fa21,17.16646221280098,15.69485941529274,1.4716027975082397,2.0,9.743774890899658,26.049121618270874,1.6948594152927399
650.2382205190956,0.037842001333713536,2.1384527683258057,0.08547350615215697,11.063680410385132,2.0,12.097714483737946,11.81195068359375,6.04885721206665,64,24.19542896747589,52a65a4331676e3c,19.98984467983246,18.955810606479645,1.0340340733528137,2.0,5.2460761070251465,29.441505074501038,4.955810606479645
2829.7721103215217,0.08701098587441444,2.8329708576202393,0.11518848722636789,9.142137050628662,2.0,10.332298934459686,8.583377838134766,5.166149139404297,65,20.664597868919373,7dcd6c6ee1849faa,15.485457431524992,14.295295547693968,1.1901618838310242,2.0,2.822147488594055,23.486745357513428,0.2952955476939678
948.0362837908715,0.09081014631605148,0.7374004125595093,0.09189067390040023,6.000720292329788,2.0,6.607927173376083,11.065220832824707,3.3039634227752686,66,13.215854346752167,fb0c752b5f697811,16.365187615156174,15.757980734109879,0.6072068810462952,2.0,7.457653999328613,20.67350834608078,1.7579807341098785
1216.3614198532998,0.003027384978371381,0.5552108883857727,0.05910928676518689,8.38682252727449,2.0,8.913705289363861,13.242117881774902,4.456852912902832,67,17.827410578727722,a8e6ffc84c4eae72,17.78759598173201,17.26071321964264,0.5268827620893717,2.0,8.521823406219482,26.349233984947205,3.260713219642639
911.2806219042242,0.04866508522593975,2.2859268188476562,0.10969786911223241,8.676716446876526,2.0,9.74581116437912,15.273149490356445,4.872905731201172,68,19.49162232875824,8eba1b4fc0209a92,15.27372919768095,14.204634480178356,1.069094717502594,2.0,9.86569595336914,29.35731828212738,0.20463448017835617
2724.3540250748392,0.02116944501912594,3.53066349029541,0.17157720861201833,6.4151318073272705,2.0,7.743789613246918,14.346746444702148,3.8718953132629395,69,15.487579226493835,689b0747917a1336,20.279240489006042,18.950582683086395,1.3286578059196472,2.0,9.810522079467773,25.29810130596161,4.950582683086395
1721.3602511954905,0.04851242341172695,2.2357215881347656,0.12558048250920315,7.36192786693573,2.0,8.419217228889465,10.841279983520508,4.209608554840088,70,16.83843445777893,4263a400053170ac,15.06538465700578,14.008095295052044,1.0572893619537354,2.0,6.10302734375,22.94146180152893,0.008095295052044094
2574.68035343647,0.0894464720711708,4.064493656158447,0.14157160396844148,8.644027635455132,2.0,10.069596573710442,8.086122512817383,5.0347981452941895,71,20.139193147420883,38f5a938b93681c5,19.005393505096436,17.579824566841125,1.42556893825531,2.0,2.3385400474071503,22.477733194828033,3.5798245668411255
2821.0854091619253,0.05255125967049599,3.822167158126831,0.15026966534378644,7.817171573638916,2.0,9.199591040611267,10.94177532196045,4.599795341491699,72,18.399182081222534,8785eb65dac8ec23,20.327235102653503,18.944815635681152,1.382419466972351,2.0,5.650769948959351,24.049952030181885,4.944815635681152
856.2117397031933,0.0312200715559721,4.21054744720459,0.2398413804292332,4.598692450206727,2.0,6.049648496787995,11.706738471984863,3.0248241424560547,73,12.09929699357599,37eea3b647ba438d,16.55043599009514,15.09947994351387,1.4509560465812683,2.0,7.9564361572265625,20.055733150802553,1.0994799435138702
1160.2170317616165,0.09927727436590195,4.277078151702881,0.18483720032562795,6.449314573779702,2.0,7.911689022555947,9.10129451751709,3.9558446407318115,74,15.823378045111895,044d9538dba3cda9,16.04195097833872,14.579576529562473,1.4623744487762451,2.0,4.414263010025024,20.23764105513692,0.5795765295624733
1278.9259154676497,0.04779697911047936,3.6812546253204346,0.12737952664398516,9.294129014015198,2.0,10.650826215744019,10.194021224975586,5.325413227081299,75,21.301652431488037,a6a00aa47bacee89,18.287352979183197,16.930655777454376,1.3566972017288208,2.0,4.190258741378784,25.49191117286682,2.930655777454376
791.19226317662,0.07763517440891265,1.6190773248672485,0.0956186874694432,8.509961403906345,2.0,9.409705050289631,7.3451056480407715,4.704852104187012,76,18.819410100579262,0b0452f951afb231,17.226144820451736,16.32640117406845,0.8997436463832855,2.0,2.1903814673423767,21.00979156792164,2.326401174068451
1482.6164514333605,0.007959652797400952,2.444021224975586,0.10760536566613839,9.167701780796051,2.0,10.273147583007812,10.506553649902344,5.136573791503906,77,20.546295166015625,f1724ad2cc351ce1,18.454530656337738,17.349084854125977,1.1054458022117615,2.0,4.817257404327393,25.363552570343018,3.3490848541259766
2481.0369002883435,0.08173083619785308,1.4129358530044556,0.06828382431658463,11.468642920255661,2.0,12.309159398078918,10.57729721069336,6.154579162597656,78,24.618318796157837,6c2dac2ac07b1b34,18.995631366968155,18.155114889144897,0.8405164778232574,2.0,4.002459526062012,28.62077832221985,4.1551148891448975
586.8845814234354,0.09677101951122283,0.5975462198257446,0.06768241535284951,7.529372151941061,2.0,8.07597354799509,9.010540008544922,4.037986755371094,79,16.15194709599018,3f1adff1ce903063,19.323336999863386,18.776735603809357,0.5466013960540295,2.0,4.699252605438232,20.851199701428413,4.776735603809357
2876.771037631154,0.018018697717607023,0.9776181578636169,0.08202928503521875,7.824012540280819,2.0,8.523161374032497,8.355031967163086,4.261580467224121,80,17.046322748064995,f08dccc3c3ebfdc6,15.828071385622025,15.128922551870346,0.6991488337516785,2.0,3.743876814842224,20.79019956290722,1.128922551870346
2736.0000677134394,0.010661378301620483,0.5115217566490173,0.04860714690029012,9.898669183719903,2.0,10.404397249221802,10.292411804199219,5.202198505401611,81,20.808794498443604,3835819ba69b021e,18.966693758498877,18.46096569299698,0.5057280655018985,2.0,4.8373496532440186,25.646144151687622,4.460965692996979
1959.2847948722838,0.04528859513759613,3.539095401763916,0.21158222690700956,4.956879451870918,2.0,6.287122920155525,12.844820022583008,3.143561363220215,82,12.57424584031105,9e8c6e69d1da17b8,17.889175176620483,16.558931708335876,1.330243468284607,2.0,9.036137104034424,21.610382944345474,2.5589317083358765
2524.371696951747,0.03271073125731945,0.8234925270080566,0.07184629941518182,8.289538264274597,2.0,8.931212857365608,7.6815876960754395,4.465606212615967,83,17.862425714731216,e40e33a207756ff3,19.377567008137703,18.735892415046692,0.641674593091011,2.0,2.8951441049575806,20.757569819688797,4.735892415046692
2797.3229689121245,0.07441657084083557,1.1393426656723022,0.11975521834262763,5.547805326059461,2.0,6.302571104839444,11.091278076171875,3.1512856483459473,84,12.605142209678888,93e42dcc5536ff6e,17.054782211780548,16.300016433000565,0.7547657787799835,2.0,7.5626091957092285,20.167751405388117,2.3000164330005646
1665.1080858107803,0.07828993307137488,0.9035046100616455,0.05746030563036818,11.02508357167244,2.0,11.697208762168884,12.770479202270508,5.848604679107666,85,23.39441752433777,0975ec1d15ee53cc,15.221252128481865,14.54912693798542,0.6721251904964447,2.0,6.585811614990234,29.980229139328003,0.5491269379854202
995.831164991796,0.0241089191711545,0.9484052658081055,0.08033907254917341,7.882843658328056,2.0,8.571467399597168,13.611959457397461,4.285733699798584,86,17.142934799194336,29375ea3d592a608,15.722950220108032,15.03432647883892,0.6886237412691116,2.0,8.981914520263672,26.124849319458008,1.0343264788389206
1327.4943031512498,0.019529709538698196,0.5855352282524109,0.04180295265289545,12.402505051344633,2.0,12.943585127592087,9.018172264099121,6.471792697906494,87,25.887170255184174,ad03c2c212d374da,16.64203353598714,16.100953459739685,0.5410800762474537,2.0,2.275839626789093,28.163009881973267,2.100953459739685
2463.974937181413,0.08550328168749809,1.2489675283432007,0.1035988961302347,6.837665170431137,2.0,7.627908021211624,13.634407043457031,3.8139538764953613,88,15.255816042423248,8efc6390425704e9,16.610432505607605,15.820189654827118,0.7902428507804871,2.0,9.425331592559814,24.681147634983063,1.820189654827118
1429.4808337171376,0.03834625615000725,1.1722544431686401,0.07825401613372668,9.017799109220505,2.0,9.783388555049896,15.075984954833984,4.89169454574585,89,19.566777110099792,e3a0cd68b9162283,17.897485703229904,17.131896257400513,0.7655894458293915,2.0,9.801496505737305,29.368273615837097,3.1318962574005127
1512.3661804628669,0.06140754898428917,2.0283408164978027,0.1297330738538814,6.755495607852936,2.0,7.762555837631226,11.86767578125,3.8812780380249023,90,15.525111675262451,b723b79cf3ea0874,19.49066287279129,18.483602643013,1.0070602297782898,2.0,7.48286771774292,23.00797939300537,4.4836026430130005
686.023886768505,0.0446243304527998,1.3400628566741943,0.1151849999225841,6.287878334522247,2.0,7.106432795524597,13.845199584960938,3.5532164573669434,91,14.212865591049194,6236587dc6f68338,15.473765075206757,14.655210614204407,0.8185544610023499,2.0,9.882706642150879,24.095572233200073,0.6552106142044067
693.5866380024627,0.07443830631041526,2.7770323753356934,0.19027894962374595,5.014413759112358,2.0,6.192766949534416,13.616079330444336,3.096383571624756,92,12.385533899068832,8a86bdc93ae5c7e0,18.64712357521057,17.468770384788513,1.178353190422058,2.0,9.930520057678223,22.316053956747055,3.468770384788513
2185.5896084358096,0.042196371179342274,1.6362812519073486,0.06635889639138264,12.726084202528,2.0,13.630595475435257,9.643487930297852,6.815298080444336,93,27.261190950870514,6846b6c6f2ced123,15.149392765015364,14.244881492108107,0.9045112729072571,2.0,2.3759341835975647,29.63712513446808,0.2448814921081066
2795.3423939121362,0.03395273995625973,3.295029401779175,0.122326802558966,9.209284007549286,2.0,10.492839515209198,9.253854751586914,5.246419906616211,94,20.985679030418396,ed48e5e4b70bb994,17.20184263586998,15.918287128210068,1.283555507659912,2.0,3.365657329559326,24.351336359977722,1.9182871282100677
659.5073929094784,0.0136082949911654,1.3293441534042358,0.1382176525492907,5.083206873387098,2.0,5.898481082171202,11.703145980834961,2.9492406845092773,95,11.796962164342403,506320dddcf710be,16.57028156518936,15.755007356405258,0.8152742087841034,2.0,8.346268653869629,20.143230818212032,1.7550073564052582
669.3469115851819,0.03253781108534336,2.576399087905884,0.13746163191450128,7.121778704226017,2.0,8.256767429411411,8.659602165222168,4.128383636474609,96,16.513534858822823,ec869d40c05781d9,19.324634671211243,18.18964594602585,1.1349887251853943,2.0,3.963724374771118,20.47725923359394,4.189645946025848
1932.5557288850546,0.02078503820884228,3.8764734268188477,0.14554933824764607,8.172974944114685,2.0,9.565180659294128,15.341760635375977,4.782590389251709,97,19.130361318588257,30afbfe4fe6240bd,18.452015817165375,17.05981010198593,1.3922057151794434,2.0,9.863067626953125,28.993428945541382,3.0598101019859314
2968.3961565621494,0.04626361299073696,0.9884126782417297,0.08303922955348274,7.762857034802437,2.0,8.465855121612549,14.358985900878906,4.2329277992248535,98,16.931710243225098,de1e1b2df8f1046e,16.705161914229393,16.00216382741928,0.702998086810112,2.0,9.774558544158936,26.706268787384033,2.002163827419281
2103.636944085181,0.013191754507660865,0.7066980600357056,0.10327537396558843,5.161361726000905,2.0,5.755793446674943,11.920175552368164,2.877896785736084,99,11.511586893349886,547bcd317a3e537f,19.390140376985073,18.795708656311035,0.5944317206740379,2.0,8.745062828063965,20.25664972141385,4.795708656311035
2071.60865442276,0.01832943357604742,4.094385147094727,0.13984042908516225,8.800870895385742,2.0,10.23167234659195,13.777235984802246,5.115836143493652,100,20.4633446931839,c489be629a648c23,19.27404636144638,17.843244910240173,1.4308014512062073,2.0,7.945998668670654,28.409343361854553,3.8432449102401733
2119.482733351767,0.031555168219447136,3.65075421333313,0.2160740725204323,4.901721874251962,2.0,6.252787033095956,11.593836784362793,3.1263933181762695,101,12.505574066191912,5ee94b2c61acedd5,18.98638015985489,17.635315001010895,1.3510651588439941,2.0,7.791910648345947,20.29748471453786,3.6353150010108948
923.1374248975665,0.04199207392120361,6.089084625244141,0.4003152085354931,2.1342059522867203,3.0,3.558879569172859,14.218310356140137,2.905813217163086,102,10.676638707518578,10340230649e2efe,20.14617955684662,18.72150593996048,1.424673616886139,3.0,9.947092533111572,20.62373124063015,4.72150593996048
1885.2419432214497,0.033641770414113994,1.9567041397094727,0.0924218769679871,7.930694371461868,3.0,8.738304913043976,11.72951889038086,7.134796142578125,103,26.214914739131927,c4bef4cc9b0c7f8a,15.021505888551474,14.213895346969366,0.8076105415821075,3.0,2.5874086022377014,28.80232334136963,0.21389534696936607
2808.230179624736,0.01141014344701171,0.9926645755767822,0.08912028852768748,5.879292751351993,3.0,6.4545215765635175,15.15957260131836,5.270094394683838,104,19.36356472969055,0f82ff64d5035b9f,19.1788120418787,18.603583216667175,0.575228825211525,3.0,8.417436599731445,27.781001329421997,4.603583216667175
990.241351435855,0.05695999415493012,0.9878652095794678,0.14423551613960392,3.404632680118084,3.0,3.978469245135784,12.537793159484863,3.2484066486358643,105,11.935407735407352,278f4fe4e786f560,14.743397176265717,14.169560611248016,0.5738365650177002,3.0,8.272406578063965,20.207814313471317,0.16956061124801636
580.1842901034839,0.08071565648221969,4.8188958168029785,0.1516028714359711,7.092591106891632,3.0,8.359989523887634,11.606934547424316,6.825902938842773,106,25.079968571662903,96dd19029c03545e,19.891481459140778,18.624083042144775,1.2673984169960022,3.0,2.6132458448410034,27.693214416503906,4.624083042144775
2614.945058161139,0.013092753396153449,5.594852447509766,0.22857972903696364,4.608791435758273,3.0,5.974423552552859,9.22081470489502,4.878096580505371,107,17.923270657658577,d4fe78866e08748d,16.730642557144165,15.365010440349579,1.3656321167945862,3.0,2.56357479095459,20.486845448613167,1.3650104403495789
2218.1830970886945,0.09472044788193702,6.422300338745117,0.2565011519452119,4.241072177886963,3.0,5.704208135604858,16.193424224853516,4.657466411590576,108,17.112624406814575,2baf7bdec5bcd7f2,16.06301785260439,14.599881894886494,1.4631359577178955,3.0,9.757648944854736,26.87027335166931,0.5998818948864937
509.3897020517048,0.08875660315322875,0.8377597332000732,0.06583518878371175,7.498329455653826,3.0,8.026773611704508,13.052319526672363,6.5538330078125,109,24.080320835113525,628bd9bd88e39eda,19.40011565387249,18.871671497821808,0.5284441560506821,3.0,4.761324882507324,28.84164571762085,4.871671497821808
2864.428382033765,0.09099151949119567,6.391820907592773,0.21400848469721442,5.360909799734752,3.0,6.820569554964702,14.66307544708252,5.568971633911133,110,20.461708664894104,6a7e8394aad3caba,20.09051865339279,18.630858898162842,1.45965975522995,3.0,7.11267614364624,27.574384808540344,4.630858898162842
2791.751849141836,0.004247995543785393,6.569419860839844,0.1827092114841894,6.619406044483185,3.0,8.099205493927002,13.670369148254395,6.612973213195801,111,24.297616481781006,89e61a97b6e28fba,16.803339958190918,15.3235405087471,1.4797994494438171,3.0,4.831265211105347,29.128881692886353,1.3235405087471008
2911.1536293482777,0.014833298151820898,2.973287582397461,0.27874513320156735,2.575961194932461,3.0,3.5714992210268974,13.582531929016113,2.91611647605896,112,10.714497663080692,29c14e5d5712bf31,16.78949463367462,15.793956607580185,0.9955380260944366,3.0,9.513265132904053,20.227762795984745,1.793956607580185
2815.03635284394,0.011301277132660152,1.078876256942749,0.07529532268111978,7.3647875015934305,3.0,7.964475234349568,11.52935791015625,6.502967357635498,113,23.893425703048706,e88f291c34f5d274,18.5767879858613,17.977100253105164,0.5996877327561378,3.0,3.26503849029541,27.158464193344116,3.9771002531051636
583.3515767200067,0.025705035135746002,3.0719680786132812,0.1453050033722535,5.952210704485576,3.0,6.964134256045024,16.398120880126953,5.686191558837891,114,20.89240276813507,433b431f168e94f4,15.458623260259628,14.44669970870018,1.0119235515594482,3.0,8.928025722503662,29.820428490638733,0.44669970870018005
2711.15688136667,0.0948546573383808,1.5046422481536865,0.1621793804800527,3.6585702498753863,3.0,4.366770361860593,12.431434631347656,3.565453052520752,115,13.10031108558178,3f450482c000ab4d,18.915436282753944,18.207236170768738,0.7082001119852066,3.0,7.710564136505127,20.810875222086906,4.207236170768738
2468.4593645213245,0.09312158397006988,6.692091941833496,0.19159008340920858,6.302008171876271,3.0,7.795560201009114,12.164706230163574,6.365048408508301,116,23.386680603027344,c745971588da2600,16.579944878816605,15.086392849683762,1.493552029132843,3.0,3.6223690509796143,27.009049654006958,1.0863928496837616
1469.3814741788806,0.012194376585900783,4.857901573181152,0.19073957572800687,5.398973723252614,3.0,6.671491106351216,16.685791015625,5.447249412536621,117,20.01447331905365,fb65e54651b554d8,18.794201493263245,17.521684110164642,1.2725173830986023,3.0,9.378040313720703,29.392513632774353,3.5216841101646423
1023.9928885200172,0.014126898275464775,3.2445781230926514,0.16884531868713096,5.119308710098267,3.0,6.159273147583008,12.010769844055176,5.029025077819824,118,18.477819442749023,46664de4eea40f6b,19.823218405246735,18.783253967761993,1.0399644374847412,3.0,5.331515789031982,23.809335231781006,4.783253967761993
1085.1219020850062,0.09191562603139877,6.004116058349609,0.24329082018063855,4.400147000948588,3.0,5.8148455421129865,12.296774864196777,4.747801303863525,119,17.44453662633896,656677bbc5910b75,16.981510788202286,15.566812247037888,1.4146985411643982,3.0,5.774580001831055,23.219116628170013,1.5668122470378876
1422.7893504035474,0.0898990972135067,1.79349946975708,0.11987538200856261,5.676807115475337,3.0,6.450003782908122,9.686175346374512,5.266406059265137,120,19.350011348724365,82be7bff8a2369a8,17.817809373140335,17.04461270570755,0.773196667432785,3.0,2.8495731949806213,22.199584543704987,3.04461270570755
754.977550389506,0.008313372753947973,1.10277259349823,0.09468025365089887,5.7972889592250185,3.0,6.403581698735555,10.434425354003906,5.22850227355957,121,19.210745096206665,e5d534a12e7b4b54,16.04628448188305,15.439991742372513,0.6062927395105362,3.0,3.727697730064392,22.938442826271057,1.4399917423725128
1250.6335584273636,0.09217870772385597,0.9532061815261841,0.06950838763592561,7.545847696562609,3.0,8.109527905782064,13.135815620422363,6.621401309967041,122,24.32858371734619,62a74ce99ba3f676,15.318421714007854,14.754741504788399,0.5636802092194557,3.0,4.744447231292725,29.073030948638916,0.7547415047883987
2976.652640499651,0.0716239063129425,2.2786951065063477,0.16369567244222988,4.452558646599452,3.0,5.324088970820109,14.735389709472656,4.347100734710693,123,15.972266912460327,4eac61ff40ec4437,16.62465327978134,15.753122955560684,0.8715303242206573,3.0,8.975534915924072,24.9478018283844,1.7531229555606842
2704.148681469917,0.08669343568372725,5.550487995147705,0.15571416871505542,7.3750726977984105,3.0,8.735279480616251,12.450153350830078,7.132325649261475,124,26.205838441848755,e3241c2af04bb19b,18.996045112609863,17.635838329792023,1.3602067828178406,3.0,3.034770369529724,29.24060881137848,3.6358383297920227
655.0844450823217,0.07607760615825652,4.95066499710083,0.3128856366902228,2.821074455976486,3.0,4.105684012174606,14.736830711364746,3.3522768020629883,125,12.317052036523819,20c134188853f867,15.690295942127705,14.405686385929585,1.2846095561981201,3.0,9.988842010498047,22.305894047021866,0.4056863859295845
644.2570453134254,0.08633198180627823,5.8250908851623535,0.25487304870437993,4.0737752715746565,3.0,5.467223087946574,15.1934232711792,4.463968753814697,126,16.40166926383972,8f4d5bfdfa05066a,18.85435515642166,17.460907340049744,1.3934478163719177,3.0,9.029476165771484,25.431145429611206,3.4609073400497437
2706.650303934812,0.026129437921941282,3.2664194107055664,0.14887240712843802,5.965623259544373,3.0,7.009082198143005,12.3451566696167,5.722891330718994,127,21.027246594429016,7a50ee44426eb818,15.11296515353024,14.069506214931607,1.0434589385986328,3.0,4.814345359802246,25.841591954231262,0.06950621493160725
2897.2769683898687,0.007111790614783764,6.672382354736328,0.27314298759398653,3.9686131477355957,3.0,5.459964036941528,14.402691841125488,4.458042144775391,128,16.379892110824585,1ffd56d650c06229,18.791863918304443,17.30051302909851,1.4913508892059326,3.0,8.197052001953125,24.57694411277771,3.3005130290985107
2936.364596416354,0.010261034118384122,1.7155334949493408,0.13667221238018423,4.776771537959576,3.0,5.532975547015667,9.771039009094238,4.517655372619629,129,16.598926641047,9d8cda4c1927db53,19.183202505111694,18.426998496055603,0.7562040090560913,3.0,3.8599621057510376,20.45888874679804,4.426998496055603
2803.286249370694,0.08846327528834343,0.7762292623519897,0.08038261960515383,5.819415585137904,3.0,6.328083515167236,16.55076789855957,5.166858673095703,130,18.98425054550171,0b2d674b4586c60b,14.963558993302286,14.454891063272953,0.5086679300293326,3.0,9.968350410461426,28.952600955963135,0.45489106327295303
873.7143261156828,0.011622741525411606,4.076502323150635,0.13247248050212557,7.633800745010376,3.0,8.799491167068481,11.883796691894531,7.184754371643066,131,26.398473501205444,a205b3d42aa6e763,18.924777150154114,17.75908672809601,1.1656904220581055,3.0,2.5014607906341553,28.8999342918396,3.7590867280960083
2057.673273421943,0.00509346246842295,1.1085349321365356,0.127330942747996,4.166100050012271,3.0,4.773974756399791,13.39477825164795,3.8979341983795166,132,14.321924269199371,4e1016ac60d4500b,17.232420101761818,16.624545395374298,0.6078747063875198,3.0,8.31686544418335,22.63878971338272,2.624545395374298
1483.0094297424853,0.07420711523127556,6.699435710906982,0.3199945109150658,3.175618728001912,3.0,4.669989844163259,15.27987003326416,3.81303071975708,133,14.009969532489777,5b31f46483f99abc,18.303842306137085,16.80947118997574,1.4943711161613464,3.0,9.86269474029541,23.872664272785187,2.8094711899757385
1756.1849528015255,0.018106897448956966,1.6860612630844116,0.09126313820872833,7.464810709158579,3.0,8.214490930239359,13.90106201171875,6.707103729248047,134,24.64347279071808,315a76cb8ec75efd,17.898706555366516,17.149026334285736,0.74968022108078,3.0,5.311731338500977,29.955204129219055,3.149026334285736
809.4181838836521,0.05782426035666466,6.61378812789917,0.20724868108571462,5.679494480292003,3.0,7.164282600084941,13.73486614227295,5.849611759185791,135,21.492847800254822,105679dc54785c04,15.771534722298384,14.286746602505445,1.4847881197929382,3.0,5.828189849853516,27.321037650108337,0.2867466025054455
1227.1799558689595,0.01284261518448591,4.989594459533691,0.22479608673092014,4.44732881585757,3.0,5.736979315678279,10.689518928527832,4.6842241287231445,136,17.210937947034836,b21396c5fe0c32a2,18.463451504707336,17.173801004886627,1.2896504998207092,3.0,4.307713747024536,21.518651694059372,3.173801004886627
2727.5622206069825,0.03941864798367024,5.942776203155518,0.22308910862403136,4.901476522286733,3.0,6.308930118878682,16.050783157348633,5.151219367980957,137,18.926790356636047,499a8ef26b48944d,16.95807632803917,15.55062273144722,1.4074535965919495,3.0,9.038126468658447,27.964916825294495,1.5506227314472198
2155.955461261928,0.07282496554875373,5.729257583618164,0.21729296372156612,4.977853904167811,3.0,6.359791944424312,9.623645782470703,5.192748546600342,138,19.079375833272934,856069f52c3b6ee0,20.34386706352234,18.96192902326584,1.3819380402565002,3.0,2.572885036468506,21.65226086974144,4.961929023265839
544.4938929418652,0.056522567108392714,1.4804129600524902,0.09464531086634854,6.719708755612373,3.0,7.422183632850647,12.495953559875488,6.060187816619873,139,22.26655089855194,bfa76b337a293a58,16.750989213585854,16.04851433634758,0.7024748772382736,3.0,4.7225329875946045,26.989083886146545,2.04851433634758
1000.9227129727005,0.08621611507821082,5.4268059730529785,0.22445718702624692,4.647119030356407,3.0,5.992085739970207,9.667120933532715,4.892517566680908,140,17.97625721991062,8ea18cd89598a455,15.620600286871195,14.275633577257395,1.3449667096138,3.0,3.0025521516799927,20.978809371590614,0.2756335772573948
2190.820746593475,0.0917432540063858,1.0971283912658691,0.07536001164481294,7.419930522640547,3.0,8.024669726689657,11.383709907531738,6.5521159172058105,141,24.07400918006897,c5a7e053039f7673,15.809475809335709,15.204736605286598,0.6047392040491104,3.0,3.056670904159546,27.130680084228516,1.2047366052865982
648.7182912441901,0.01736158346569538,6.100692272186279,0.20924817867056714,5.388990581035614,3.0,6.815021395683289,14.192975044250488,5.564441680908203,142,20.445064187049866,b5433f0c825329d8,19.654278814792633,18.22824800014496,1.4260308146476746,3.0,6.664938449859619,27.110002636909485,4.2282480001449585
2037.9678677983284,0.0903465582344532,2.521496534347534,0.12013224143656029,6.714696854352951,3.0,7.631484150886536,15.06602954864502,6.231080532073975,143,22.894452452659607,2150aa092fdcb22f,18.39936450123787,17.482577204704285,0.9167872965335846,3.0,6.976152420043945,29.870604872703552,3.4825772047042847
1286.5274851093889,0.027080481557905677,1.0323601961135864,0.12884152381689315,3.96639829625686,3.0,4.553015788396199,14.716906547546387,3.717522382736206,144,13.659047365188599,46d4d794bc5d0194,18.28699155896902,17.70037406682968,0.5866174921393394,3.0,9.870581150054932,23.52962851524353,3.7003740668296814
2843.319493067443,0.02731203758752346,1.0562779903411865,0.09201796800386826,5.855083381136258,3.0,6.448457320531209,15.811015129089355,5.265143871307373,145,19.345371961593628,2788d057594b838d,15.380164489150047,14.786790549755096,0.5933739393949509,3.0,9.065869808197021,28.41124176979065,0.7867905497550964
1443.1901053901015,0.08482922248196602,1.272129774093628,0.0743600864861431,8.106012786428133,3.0,8.757198850313822,12.46459674835205,7.1502227783203125,146,26.271596550941467,ba117e1c8d10f401,17.59506244957447,16.94387638568878,0.6511860638856888,3.0,3.381805419921875,29.653401970863342,2.9438763856887817
2832.2948422700165,0.09965422060751915,2.0645089149475098,0.12003807369492625,6.081246544917424,3.0,6.910806437333425,9.998269081115723,5.6426496505737305,147,20.732419312000275,c1667ea2fa64d1c6,15.259777687489986,14.430217795073986,0.8295598924160004,3.0,2.6726828813552856,23.40510219335556,0.43021779507398605
2121.627575812161,0.09062829423356056,6.046018123626709,0.19139986164334036,5.997445106506348,3.0,7.417071580886841,12.511093139648438,6.056013107299805,148,22.251214742660522,215c080542f7943f,20.359140872955322,18.93951439857483,1.4196264743804932,3.0,4.3842079639434814,26.635422706604004,4.939514398574829
1269.7880362606943,0.021452495128452778,5.326577186584473,0.31226670228324394,2.9346605638662977,3.0,4.267149160305659,14.05624008178711,3.4841127395629883,149,12.801447480916977,45c3cabb052942ff,15.444793628528714,14.112305032089353,1.3324885964393616,3.0,9.122846603393555,21.92429408431053,0.11230503208935261
558.0831113952156,0.07411151263093947,4.542517185211182,0.3257582838389615,2.5468762442469597,3.0,3.777393452823162,13.22111988067627,3.084228754043579,150,11.332180358469486,8aae55fd6bd53393,19.621670365333557,18.391153156757355,1.2305172085762024,3.0,8.828468799591064,20.16064915806055,4.391153156757355
2391.9889222565293,0.029925711937069895,5.741548538208008,0.24620547512583038,4.23554390668869,3.0,5.6189634799957275,15.041705131530762,4.587864875793457,151,16.856890439987183,5c28f33c14c65737,19.823490858078003,18.440071284770966,1.3834195733070374,3.0,8.731031894683838,25.58792233467102,4.440071284770966
641.4547520744242,0.0035815709075182676,1.9126341342926025,0.14663862313490517,4.646649519602458,3.0,5.44511346022288,15.071690559387207,4.445916652679443,152,16.33534038066864,eb115ef9b6860b74,18.933468520641327,18.135004580020905,0.7984639406204224,3.0,9.227345943450928,25.562686324119568,4.1350045800209045
2653.3924147378802,0.00526116226182133,5.538986682891846,0.1631046026226604,6.9720341960589085,3.0,8.330831090609232,13.222676277160645,6.80209493637085,153,24.992493271827698,7033e47b3526b7be,17.375395625829697,16.016598731279373,1.3587968945503235,3.0,4.212446928024292,29.20494019985199,2.016598731279373
2813.5716222671267,0.07552316416001319,5.930525302886963,0.19111804669712606,5.95071816444397,3.0,7.356720149517059,10.86347484588623,6.006736755371094,154,22.070160448551178,9146235e8e1f06d7,19.681370735168457,18.275368750095367,1.4060019850730896,3.0,2.803753077983856,24.873913526535034,4.275368750095367
508.4070042565591,0.047981427678585056,5.045406341552734,0.1829067436564537,5.793344676494598,3.0,7.090187847614288,10.914586067199707,5.789114475250244,155,21.270563542842865,f23657e7e74aa635,15.441505776718259,14.144662605598569,1.29684317111969,3.0,3.175976037979126,24.44653958082199,0.14466260559856892
1315.266337459475,0.0837503942489624,5.308638572692871,0.16021302802653503,6.972720305124918,3.0,8.302963177363077,14.05120849609375,6.779340744018555,156,24.908889532089233,4d13b3623f18ee41,18.239132523536682,16.908889651298523,1.3302428722381592,3.0,5.08312463760376,29.992014169692993,2.908889651298523
2287.9630223190784,0.09784374888801574,0.7954082489013672,0.08363181215534951,5.641997681309779,3.0,6.156911333401998,13.062248229980469,5.027096748352051,157,18.470734000205994,8dc031368154d974,16.074203494936228,15.55928984284401,0.5149136520922184,3.0,6.647881031036377,25.11861503124237,1.5592898428440094
2994.45715199095,0.09800450019741058,2.7918996810913086,0.26122700925928344,2.7282375593980155,3.0,3.69293083747228,14.100092887878418,3.0152649879455566,158,11.07879251241684,aafb21a10b1d3b22,15.58310391008854,14.618410632014275,0.9646932780742645,3.0,9.924814701080322,21.003607213497162,0.6184106320142746
1808.00308602196,0.042189868425369266,0.9945393204689026,0.10547882179863516,4.8828760869801044,3.0,5.458647828549147,9.470108985900879,4.456967353820801,159,16.37594348564744,f8bdc84e45db4f5e,17.83198957890272,17.25621783733368,0.5757717415690422,3.0,3.7235747575759888,20.09951824322343,3.256217837333679
2045.8950735233425,0.0994493463525772,3.410454750061035,0.2517756405094375,3.168572624524434,3.0,4.234789450963338,14.313072204589844,3.457690954208374,160,12.704368352890015,0bb9bf246cbdd2ca,19.05847305059433,17.992256224155426,1.0662168264389038,3.0,9.54517412185669,22.249542474746704,3.992256224155426
1569.3916665073334,0.006498842222556472,3.2063612937927246,0.18409783995350912,4.581788202126821,3.0,5.615609844525655,14.493847846984863,4.5851263999938965,161,16.846829533576965,e8fb85c2168fce0a,15.618026249110699,14.584204606711864,1.0338216423988342,3.0,8.361327171325684,25.20815670490265,0.5842046067118645
635.7282193058207,0.0963122724328041,1.6068238019943237,0.14183686430075043,4.427965725461642,3.0,5.159818152586619,14.667193412780762,4.212973594665527,162,15.479454457759857,a48a7d014aebcbca,17.67933727800846,16.947484850883484,0.7318524271249771,3.0,9.141448974609375,24.620903432369232,2.947484850883484
976.4747348100841,0.07882517261600494,1.205688714981079,0.09948471836065566,5.7384113272031145,3.0,6.372364183266957,11.313448905944824,5.2030134201049805,163,19.117092549800873,30571fa73bdb43da,18.892843902111053,18.25889104604721,0.6339528560638428,3.0,4.624107122421265,23.741199672222137,4.258891046047211
2342.7714179522395,0.03960863283610344,2.6182217597961426,0.17065286331751528,4.540099501609802,3.0,5.4743053913116455,10.059521675109863,4.469751834869385,164,16.422916173934937,ccf49192b3df38f0,15.011027988046408,14.076822098344564,0.9342058897018433,3.0,4.118113994598389,20.541030168533325,0.07682209834456444
1460.073158190608,0.07719936872339248,6.3391265869140625,0.17304085393268154,6.946875333786011,3.0,8.40050607919693,12.053119659423828,6.85898494720459,165,25.20151823759079,2eaf3a7b3fb91a7f,16.160368978977203,14.706738233566284,1.4536307454109192,3.0,2.9257985949516296,28.12731683254242,0.7067382335662842
945.2369358451367,0.0622053913140297,1.4425468444824219,0.10662092523576525,5.810288106401761,3.0,6.503720839818318,16.754344940185547,5.310266017913818,166,19.511162519454956,5e71f9f64492c0fc,17.448194906115532,16.754762172698975,0.6934327334165573,3.0,9.903907299041748,29.415069818496704,2.7547621726989746
1272.658851701081,0.08258136410570144,4.422883033752441,0.20369641165006347,4.746651913272217,3.0,5.960857118712738,8.697568893432617,4.8670196533203125,167,17.882571356138214,f7acb476076519ac,18.805761754512787,17.591556549072266,1.2142052054405212,3.0,2.1296091824769974,20.012180538615212,3.5915565490722656
2923.895135259032,0.041878904653191565,6.253751277923584,0.302029576128222,3.336547004679839,3.0,4.78035585830609,11.589299201965332,3.903144359588623,168,14.34106757491827,07e117db97df88e0,16.70159649848938,15.257787644863129,1.4438088536262512,3.0,6.087039470672607,20.428107045590878,1.2577876448631287
2211.797032324791,0.01428013059526682,5.361417293548584,0.16769374996615175,6.635069111982982,3.0,7.971908311049144,11.151019096374512,6.509036064147949,169,23.91572493314743,5f86a64644f36860,16.86050483584404,15.523665636777878,1.336839199066162,3.0,2.5106905102729797,26.42641544342041,1.5236656367778778
1037.0881641039848,0.005651647372804582,5.863816261291504,0.19654952007570275,5.71500567595164,3.0,7.113077680269877,12.776718139648438,5.807804107666016,170,21.33923304080963,00826a645d2ab51a,16.220643520355225,14.822571516036987,1.3980720043182373,3.0,4.964603662490845,26.303836703300476,0.8225715160369873
2735.3660399137734,0.07930592635250092,1.1675838232040405,0.10606178566888803,5.258138013382752,3.0,5.881992657979329,14.59335708618164,4.802626609802246,171,17.64597797393799,7d63648c308e1188,18.973579294979572,18.349724650382996,0.6238546445965767,3.0,8.399437427520752,26.04541540145874,4.349724650382996
524.4895156624601,0.03256255270826817,2.0387990474700928,0.1313913751326279,5.449841260910034,3.0,6.27421960234642,8.902383804321289,5.1228790283203125,172,18.82265880703926,cf8b004fc42dde88,15.772860422730446,14.94848208129406,0.8243783414363861,3.0,2.2159745544195175,21.03863336145878,0.9484820812940598
907.237152351126,0.09385312936711311,1.0609846115112305,0.10388084667508367,5.130080451567967,3.0,5.724774916966756,15.3767728805542,4.674259185791016,173,17.17432475090027,72b78eeff3d51cb3,17.175116032361984,16.580421566963196,0.5946944653987885,3.0,9.354650020599365,26.528974771499634,2.580421566963196
1048.157449566558,0.07344108273530006,0.7907382249832153,0.08717204601274346,5.376101179979742,3.0,5.8895010352134705,11.127216339111328,4.808757781982422,174,17.66850310564041,edd6849ddf943f25,19.08772434387356,18.57432448863983,0.5133998552337289,3.0,4.98101544380188,22.64951854944229,4.5743244886398315
1198.419027756095,0.03624166607999802,0.879899263381958,0.09285189775964485,5.291067020346721,3.0,5.832638581593831,15.936808586120605,4.762329578399658,175,17.497915744781494,bcc5152ccb2bbd49,14.630266569554806,14.088695008307695,0.5415715612471104,3.0,9.833384037017822,27.331299781799316,0.08869500830769539
903.2683464468867,0.07726179400753974,2.8287386894226074,0.16493016943258992,4.9165275891621905,3.0,5.887564619382222,14.589020729064941,4.80717658996582,176,17.662693858146667,c2d21d858ad35d94,16.81577917933464,15.844742149114609,0.9710370302200317,3.0,8.215937614440918,25.878631472587585,1.8447421491146088
2479.362710117221,0.06740099364900588,5.037774562835693,0.2549460662705355,3.787024875481923,3.0,5.082886894543965,15.134249687194824,4.15015983581543,177,15.248660683631897,cbf0748d6b13cd76,18.489342987537384,17.193480968475342,1.2958620190620422,3.0,9.403432369232178,24.652093052864075,3.193480968475342
2651.8768430104255,0.007948993142083288,1.3294724225997925,0.1150695747134072,5.119501265386741,3.0,5.785201999048392,9.27572250366211,4.723598003387451,178,17.355605997145176,41ad22260386cde7,15.387123093008995,14.721422359347343,0.6657007336616516,3.0,3.1576699018478394,20.513275898993015,0.7214223593473434
538.3418117520074,0.09916151149725913,2.13789963722229,0.14275284023356558,5.069374094406764,3.0,5.913550178209941,11.108563423156738,4.828393459320068,179,17.740650534629822,d65b9460cdcb95e1,14.890547528862953,14.046371445059776,0.8441760838031769,3.0,4.772925615310669,22.51357614994049,0.046371445059776306
2733.3905192971824,0.07269074455237388,2.826655864715576,0.22663599200621218,3.312309543291728,3.0,4.282989005247752,13.529472351074219,3.4970457553863525,180,12.848967015743256,4bbe8a50320dc6f2,15.151379399001598,14.180699937045574,0.9706794619560242,3.0,8.761143684387207,21.610110700130463,0.1806999370455742
603.9412114125901,0.08144453615403174,2.3203959465026855,0.14847783780369303,5.043763657410939,3.0,5.923232396443685,14.809497833251953,4.836299419403076,181,17.769697189331055,70357b20489dc6c0,19.845794200897217,18.96632546186447,0.8794687390327454,3.0,8.446530818939209,26.216228008270264,4.966325461864471
795.0776717548072,0.09439080383825302,4.436813831329346,0.16309992781691887,6.240147014458974,3.0,7.45626296599706,10.691319465637207,6.088013648986816,182,22.36878889799118,42fbf5132c182e7d,17.463606238365173,16.247490286827087,1.216115951538086,3.0,2.626998245716095,24.995787143707275,2.2474902868270874
2763.0179768459793,0.018707127028524877,0.9296219944953918,0.11506771095650556,4.281038660245637,3.0,4.837701949911813,10.655366897583008,3.9499669075012207,183,14.513105849735439,853cf45caa658205,19.165888383984566,18.60922509431839,0.5566632896661758,3.0,5.539333343505859,20.052439193241298,4.60922509431839
775.1098470049649,0.009187527959644795,2.8536224365234375,0.19131591980467186,4.122544861010586,3.0,5.097843474320446,10.306472778320312,4.16237211227417,184,15.29353042296134,81d2ed2e17d387c9,15.34219764918089,14.366899035871029,0.9752986133098602,3.0,4.720980405807495,20.014510828768834,0.3668990358710289
1871.3029944205878,0.020209263196289542,0.8958324193954468,0.07083648178573017,7.167833904425303,3.0,7.714286843935649,12.493477821350098,6.298689365386963,185,23.142860531806946,190408e53a31fceb,18.504489839076996,17.95803689956665,0.5464529395103455,3.0,4.505964517593384,27.64882504940033,3.9580368995666504
1533.6631965523957,0.011093307289868595,1.365706205368042,0.09404004070208015,6.50001289943854,3.0,7.174724260965983,15.74586009979248,5.858137607574463,186,21.52417278289795,e89a48888d5832a7,17.18990696966648,16.515195608139038,0.6747113615274429,3.0,8.233779907226562,29.75795269012451,2.515195608139038
2894.0595560409424,0.005800135156080127,1.384734869003296,0.1329506177592469,4.430738980571429,3.0,5.110134522120158,14.924214363098145,4.172407150268555,187,15.330403566360474,f62ae6d2fee6852c,18.525027617812157,17.845632076263428,0.6793955415487289,3.0,9.474382877349854,24.804786443710327,3.8456320762634277
1609.118599704385,0.09210197291898727,2.0579144954681396,0.15652109545546355,4.463282530506452,3.0,5.291516487797101,10.02730941772461,4.320505142211914,188,15.874549463391304,73e5709142395323,16.54019096493721,15.71195700764656,0.8282339572906494,3.0,4.321676254272461,20.196225717663765,1.7119570076465607
703.2669900568873,0.08715877206563949,1.2080129384994507,0.09975756577192708,5.726493870218595,3.0,6.36105748017629,15.666001319885254,5.193781852722168,189,19.08317244052887,7e00aed7ab588514,14.676418042741716,14.041854432784021,0.634563609957695,3.0,8.987661838531494,28.070834279060364,0.0418544327840209
682.9199193116352,0.054911424704551695,5.470978736877441,0.2648004787072044,3.7493703365325928,3.0,5.099799752235413,15.62082576751709,4.163969039916992,190,15.299399256706238,8df2a8f0e63b7e90,17.59038731455803,16.23995789885521,1.3504294157028198,3.0,9.845811367034912,25.14521062374115,2.2399578988552094
637.827163505219,0.031633876353383064,1.261439561843872,0.17561888000533163,3.0438931807875633,3.0,3.692337326705456,13.408696174621582,3.0147805213928223,191,11.077011980116367,cdd26165e6d897dd,18.36855837702751,17.72011423110962,0.6484441459178925,3.0,9.392138004302979,20.469149984419346,3.720114231109619
2376.111022789538,0.009507083214223385,0.932853102684021,0.06598477728184282,7.893255808701118,3.0,8.45088561375936,10.926807403564453,6.900119304656982,192,25.352656841278076,a74f1c3ffd943d76,16.213975232094526,15.656345427036285,0.5576298050582409,3.0,2.1971070766448975,27.549763917922974,1.6563454270362854
2935.204615426719,0.04093021804916859,1.148360013961792,0.08469611501086809,6.686213433742523,3.0,7.304911017417908,13.125347137451172,5.964434623718262,193,21.914733052253723,41ae8455319a4f9e,16.269332885742188,15.650635302066803,0.6186975836753845,3.0,5.51108717918396,27.425820231437683,1.650635302066803
2577.195206493199,0.05378518464422226,1.5547454357147217,0.09023922959210916,7.257730747262637,3.0,7.9776255289713545,13.13158893585205,6.513704299926758,194,23.932876586914062,f6157e1b3e8500db,19.71933062374592,18.9994358420372,0.7198947817087173,3.0,4.794015884399414,28.726892471313477,4.999435842037201
860.3002155672759,0.0061719039332568644,5.982207298278809,0.16324790902035802,7.238011300563812,3.0,8.650126338005066,12.192630767822266,7.062798023223877,195,25.950379014015198,f7b688b14400fa7d,16.102572932839394,14.69045789539814,1.4121150374412537,3.0,2.836446523666382,28.78682553768158,0.69045789539814
2854.0096626106497,0.09257613735198975,5.1738715171813965,0.29874952694254037,3.082571193575859,3.0,4.3958204835653305,12.82274341583252,3.589172601699829,196,13.187461450695992,d92af3adb4daf044,20.297717213630676,18.984467923641205,1.3132492899894714,3.0,7.770299434661865,20.957760885357857,4.984467923641205
2837.955751674771,0.0823927265408039,1.693389654159546,0.11313418845999507,5.889546672503154,3.0,6.640854338804881,10.5452299118042,5.422234535217285,197,19.922563016414642,564a27c5b0294808,19.05606210231781,18.304754436016083,0.7513076663017273,3.0,3.528722047805786,23.45128506422043,4.304754436016083
2922.291111822128,0.04133196649837494,4.842410564422607,0.18246280173389165,5.692504088083903,3.0,6.962990919748942,12.543766975402832,5.685258388519287,198,20.888972759246826,76453847afc35bd2,17.778334081172943,16.507847249507904,1.270486831665039,3.0,4.94553279876709,25.834505558013916,2.507847249507904
2929.206697576046,0.04925801002597809,4.051431179046631,0.24202655160438474,3.6394404768943787,3.0,4.801540851593018,15.170443534851074,3.9204416275024414,199,14.404622554779053,203f9987073fdcd1,18.562344789505005,17.400244414806366,1.162100374698639,3.0,9.787851333618164,24.192473888397217,3.400244414806366
890.2679148807824,0.02228624973922968,5.117855072021484,0.22095086461349575,4.605242609977722,3.0,5.911363482475281,15.573417663574219,4.826608180999756,200,17.734090447425842,53b7b180d8c30ceb,17.463693380355835,16.157572507858276,1.3061208724975586,3.0,9.008993148803711,26.743083596229553,2.1575725078582764
2091.904828270495,0.09592635966086387,2.674923896789551,0.1784632763903075,4.346835394700368,3.0,5.291102965672811,15.289959907531738,4.320167541503906,201,15.873308897018433,0409951645ff6b1a,19.359284341335297,18.415016770362854,0.9442675709724426,3.0,9.52672290802002,25.400031805038452,4.415016770362854
591.1073422199413,0.010348088511079549,1.9658410549163818,0.1255334248121831,5.638939261436462,3.0,6.44843316078186,14.713345527648926,5.26512336730957,202,19.34529948234558,8f1d711a85e95fa2,17.19640749692917,16.38691359758377,0.809493899345398,3.0,7.860166549682617,27.2054660320282,2.3869135975837708
1640.4664801665544,0.004516544551420957,1.1392793655395508,0.0842466158171083,6.698546153803666,3.0,7.314792682727178,9.936288833618164,5.972503185272217,203,21.944378048181534,12fa789d5b317232,19.006487734615803,18.39024120569229,0.6162465289235115,3.0,2.3133727610111237,24.257750809192657,4.390241205692291
1616.903167756766,0.055589084370136266,8.811840057373047,0.2961429953327754,3.5276565849781036,4.0,5.011893838644028,18.02980613708496,5.6034674644470215,204,20.04757535457611,45fdfc881d81a4ce,20.09703803062439,18.612800776958466,1.484237253665924,4.0,9.769847869873047,29.817423224449158,4.612800776958466
2777.834901774585,0.09704970319724082,1.1001427173614502,0.1146817295857315,4.048551676794887,4.0,4.5729900896549225,10.305091857910156,5.112758636474609,205,18.29196035861969,e48ae2faaac4eef6,14.621561098843813,14.097122685983777,0.5244384128600359,4.0,3.183387517929077,21.475347876548767,0.09712268598377705
553.0162081789449,0.043053799968957904,8.874168395996094,0.4992246655185325,1.4941036440432072,4.0,2.983580742031336,14.453445434570312,3.335744619369507,206,11.934322968125343,6e5385ab43d7369b,16.115595057606697,14.626117959618568,1.4894770979881287,4.0,9.233335971832275,21.16765893995762,0.6261179596185684
2630.152805853009,0.009935579071491956,1.0582780838012695,0.0888010998836315,5.2779434863477945,4.0,5.792306691408157,12.393899917602539,6.475995063781738,207,23.16922676563263,466e2fba58ba6cb0,19.456767236813903,18.94240403175354,0.5143632050603628,4.0,3.4482585191726685,26.617485284805298,4.94240403175354
2901.792019346833,0.09072296209907531,8.419469833374023,0.33397627467370067,2.893253244459629,4.0,4.344069339334965,11.733478546142578,4.856817245483398,208,17.37627735733986,db0f6ec4ff0d6ceb,19.565361976623535,18.1145458817482,1.4508160948753357,4.0,4.491966009140015,21.868243366479874,4.1145458817481995
515.4711380133275,0.007035770564705134,1.1187686920166016,0.1794898152708439,2.4175992477685213,4.0,2.946458548307419,14.318784713745117,3.294241189956665,209,11.785834193229675,2344629484da3702,19.256602568551898,18.727743268013,0.5288593005388975,4.0,9.634667873382568,21.420502066612244,4.7277432680130005
582.8614827078338,0.00852304509793222,5.3500800132751465,0.19025687477372247,4.9221751391887665,4.0,6.078687161207199,13.639299392700195,6.796178817749023,210,24.314748644828796,befdde94cb547095,15.381570387631655,14.225058365613222,1.1565120220184326,4.0,3.9430129528045654,28.257761597633362,0.22505836561322212
2692.8956914696096,0.09664572465538979,5.990788459777832,0.26034209918769696,3.476950377225876,4.0,4.700754731893539,17.326255798339844,5.255603313446045,211,18.803018927574158,4304f54e8504ec9c,15.381012704223394,14.15720834955573,1.2238043546676636,4.0,9.663221836090088,28.466240763664246,0.15720834955573082
532.986214048761,0.0068366486072689294,7.3259477615356445,0.2551863166108702,3.949955463409424,4.0,5.303279936313629,12.851417541503906,5.92924690246582,212,21.213119745254517,dee3da35898c4f75,19.925217986106873,18.571893513202667,1.3533244729042053,4.0,4.21983528137207,25.432955026626587,4.571893513202667
2163.423312731147,0.0961390522224903,6.850052356719971,0.48220411898172627,1.4052209742367268,4.0,2.7138512022793293,14.505139350891113,3.0341780185699463,213,10.855404809117317,55c511d1fcb849da,19.00040751695633,17.691777288913727,1.3086302280426025,4.0,9.780046939849854,20.63545174896717,3.691777288913727
2975.276212973952,0.00811254108285904,2.277351140975952,0.2154449077006603,2.747718185186386,4.0,3.5022628903388977,14.189985275268555,3.915649175643921,214,14.00905156135559,ae08d39203a9adb5,15.423453509807587,14.668908804655075,0.7545447051525116,4.0,8.559318542480469,22.56837010383606,0.6689088046550751
2749.783222579002,0.08914870710086822,1.629960536956787,0.13983556851139892,3.9266514480113983,4.0,4.565000951290131,16.7952880859375,5.103826522827148,215,18.260003805160522,8a94a2f04aeced47,18.635820239782333,17.9974707365036,0.6383495032787323,4.0,9.628610134124756,27.88861393928528,3.997470736503601
1960.4493842703105,0.054214522195577625,2.0326406955718994,0.14152839312431995,4.32396987080574,4.0,5.036823391914368,17.71385955810547,5.6313395500183105,216,20.14729356765747,57ddbaccc0731d35,16.416316121816635,15.703462600708008,0.7128535211086273,4.0,9.802197456359863,29.949491024017334,1.7034626007080078
622.6204099659659,0.032909247007489206,1.3562313318252563,0.1285712007990198,3.9466178324073553,4.0,4.528904525563121,9.116315841674805,5.063468933105469,217,18.115618102252483,479383dc3b91b749,17.396023489534855,16.81373679637909,0.5822866931557655,4.0,2.0318158492445946,20.147433951497078,2.8137367963790894
2194.386762738466,0.0929825796701908,4.714300155639648,0.1910638684332467,4.596362620592117,4.0,5.681984573602676,11.886966705322266,6.352652072906494,218,22.727938294410706,97e231f21e25a3f2,17.767733216285706,16.682111263275146,1.085621953010559,4.0,2.8211790323257446,25.54911732673645,2.6821112632751465
676.1058857829571,0.08954137073540687,1.124435544013977,0.13609134857447372,3.3656938076019287,4.0,3.895890846848488,14.143461227416992,4.355738162994385,219,15.583563387393951,e53a72eb389b1a81,15.053976617753506,14.523779578506947,0.5301970392465591,4.0,8.034525871276855,23.618089258670807,0.5237795785069466
2657.853800035834,0.02174545083039999,1.7551851272583008,0.09636281571726031,6.211780169978738,4.0,6.874197164550424,12.725029945373535,7.685585975646973,220,27.496788658201694,1a1cdf25b77863cd,14.777586337178946,14.11516934260726,0.6624169945716858,4.0,2.0825259312987328,29.579314589500427,0.11516934260725975
2141.8925314095018,0.005620274433806539,7.378870010375977,0.30951812868469486,3.0299197137355804,4.0,4.388123482465744,15.481733322143555,4.906071186065674,221,17.552493929862976,5260032511564879,17.678727626800537,16.320523858070374,1.3582037687301636,4.0,8.220446586608887,25.772940516471863,2.3205238580703735
534.7833074985175,0.09580268616604805,6.647493362426758,0.227448970572992,4.378669589757919,4.0,5.667806297540665,16.012475967407227,6.336799621582031,222,22.67122519016266,e58c5e65116d5f5e,19.147128403186798,17.857991695404053,1.2891367077827454,4.0,6.8661980628967285,29.537423253059387,3.8579916954040527
2773.3055796174403,0.04299624742281437,1.0747992992401123,0.13591429728702306,3.2955307345837355,4.0,3.813893372192979,11.33091926574707,4.264062404632568,223,15.255573488771915,676e72de57161e4e,18.36387997493148,17.845517337322235,0.5183626376092434,4.0,5.350898742675781,20.606472231447697,3.845517337322235
1043.9432087508887,0.016955487345576288,1.361025094985962,0.17156001557335254,2.816748268902302,4.0,3.400063157081604,15.223085403442383,3.8013863563537598,224,13.600252628326416,bb1c3bf803ac4f8d,15.334423415362835,14.751108527183533,0.5833148881793022,4.0,9.831332206726074,23.43158483505249,0.7511085271835327
1792.0178552369475,0.06258142013072968,6.967267990112305,0.29118787182815714,3.212618112564087,4.0,4.532397210597992,11.863367080688477,5.067374229431152,225,18.129588842391968,83fc03d41b2a1623,16.244077935814857,14.924298837780952,1.319779098033905,4.0,4.404881715774536,22.534470558166504,0.9242988377809525
1027.0375970480145,0.03650039433157444,8.246892929077148,0.3661653536511691,2.4855006486177444,4.0,3.9213707596063614,12.41899585723877,4.384225845336914,226,15.685483038425446,c2ad219e04f60728,20.310850858688354,18.874980747699738,1.435870110988617,4.0,5.819005250930786,21.50448828935623,4.8749807476997375
560.4176418913361,0.09535465968823433,3.5011961460113525,0.15847158955621457,4.968160063028336,4.0,5.90373420715332,13.857746124267578,6.6005754470825195,227,23.61493682861328,03cddc6956a3e2c4,15.02147258631885,14.085898442193866,0.9355741441249847,4.0,4.5343568325042725,28.149293661117554,0.08589844219386578
2946.3037440500852,0.02742958914625645,4.634495735168457,0.2308497119091632,3.5863537322729826,4.0,4.662747694179416,9.621347427368164,5.213110446929932,228,18.650990776717663,2f841ca3a12b52fa,17.02626395225525,15.949869990348816,1.076393961906433,4.0,2.089028976857662,20.740019753575325,1.949869990348816
859.091177327022,0.08690376832842826,1.3760780096054077,0.08948162379057353,5.9682416915893555,4.0,6.554773464798927,12.980658531188965,7.3284592628479,229,26.21909385919571,70e24cb29eb5f15c,18.639638677239418,18.053106904029846,0.5865317732095718,4.0,2.855232894420624,29.074326753616333,4.053106904029846
518.8206472298056,0.004731708192013204,1.638334035873413,0.12384199115356659,4.527784273028374,4.0,5.167771369218826,14.361023902893066,5.777744293212891,230,20.671085476875305,5b0dae968efc43ee,18.95087157189846,18.310884475708008,0.6399870961904526,4.0,6.289373874664307,26.960459351539612,4.310884475708008
802.8102465544491,0.08569229430031776,3.7361419200897217,0.20360303945342947,3.7803064435720444,4.0,4.74676151573658,12.343029022216797,5.307040691375732,231,18.98704606294632,20aca2051f244e7f,19.883179634809494,18.91672456264496,0.9664550721645355,4.0,4.739658355712891,23.72670441865921,4.9167245626449585
754.0503497705162,0.09094881595778465,8.158653259277344,0.29915707025279376,3.3458054661750793,4.0,4.773973345756531,17.779571533203125,5.337464332580566,232,19.095893383026123,a88c5bd2063e56b6,16.12784743309021,14.699679553508759,1.4281678795814514,4.0,9.904527187347412,29.000420570373535,0.6996795535087585
704.9666565502063,0.021975874503791334,7.6964802742004395,0.27457875177474733,3.6647084951400757,4.0,5.051835060119629,11.698974609375,5.648123264312744,233,20.207340240478516,19a0d577e152764d,17.62609711289406,16.238970547914505,1.3871265649795532,4.0,3.4276591539382935,23.63499939441681,2.238970547914505
2923.5115967541933,0.09268137579894066,7.0692243576049805,0.4146672564887455,1.8765449225902557,4.0,3.2059455811977386,14.759733200073242,3.5843560695648193,234,12.823782324790955,5988b7b97caa786b,16.673018097877502,15.34361743927002,1.329400658607483,4.0,9.28611421585083,22.109896540641785,1.3436174392700195
2479.767506763995,0.006746228880718351,6.251828670501709,0.18395601041495682,5.545913740992546,4.0,6.796096548438072,12.874076843261719,7.598266124725342,235,27.18438619375229,9d1912564ef79ebf,17.461544036865234,16.21136122941971,1.2501828074455261,4.0,2.0548415780067444,29.239227771759033,2.2113612294197083
2879.9780438966154,0.05103735565292836,1.1869680881500244,0.09579687238532762,5.1416697427630424,4.0,5.686410039663315,13.276216506958008,6.357599258422852,236,22.74564015865326,2acab3341326b52a,16.53665406256914,15.991913765668869,0.5447402969002724,4.0,4.474231719970703,27.219871878623962,1.991913765668869
2644.665575827777,0.09152849002623557,1.203688144683838,0.13156902217189134,3.6208342611789703,4.0,4.169397860765457,15.189603805541992,4.661528587341309,237,16.67759144306183,d70124612d3c97b2,14.616794689558446,14.06823108997196,0.5485635995864868,4.0,8.66122579574585,25.338817238807678,0.06823108997195959
1082.2601548030675,0.02063858055275679,1.0359842777252197,0.09011074069090516,5.138762869872153,4.0,5.647679448127747,16.091325759887695,6.314297676086426,238,22.590717792510986,43bd24b3c31c2f94,15.423493674956262,14.914577096700668,0.5089165782555938,4.0,7.365348815917969,29.956066608428955,0.9145770967006683
2669.2524752046465,0.0901965332956314,2.8042168617248535,0.16983431959548353,4.092749282717705,4.0,4.930039122700691,12.481922149658203,5.511951446533203,239,19.720156490802765,c21b2051ff96189a,16.939870357513428,16.10258051753044,0.8372898399829865,4.0,4.668217897415161,24.388374388217926,2.1025805175304413
850.616165636763,0.027188782415390016,7.766644477844238,0.36115202941325664,2.4648707807064056,4.0,3.858305722475052,16.094589233398438,4.313716888427734,240,15.433222889900208,ca273cdd18fe0f84,15.496598148718476,14.10316320694983,1.3934349417686462,4.0,9.610413074493408,25.043635964393616,0.10316320694983006
562.8901505503952,0.05024397927844525,3.604036331176758,0.24300173527545135,2.956991657614708,4.0,3.906206652522087,12.940073013305664,4.367271900177002,241,15.624826610088348,cfbab15132830e82,16.96137422323227,16.01215922832489,0.9492149949073792,4.0,6.606155872344971,22.23098248243332,2.01215922832489
2028.0053808059693,0.07442587779927254,8.671531677246094,0.22430573464022566,5.09176230430603,4.0,6.564135551452637,13.501493453979492,7.338926315307617,242,26.256542205810547,9415f78d5b3b7ff9,15.53300900105387,14.060635753907263,1.4723732471466064,4.0,2.919102907180786,29.175645112991333,0.06063575390726328
591.0016740170456,0.0044316795009709895,4.800095558166504,0.261372735538781,3.0957080125808716,4.0,4.191164016723633,16.301225662231445,4.685863971710205,243,16.76465606689453,bab5b3253d2022ce,19.50428730249405,18.408831298351288,1.0954560041427612,4.0,9.466752052307129,26.23140811920166,4.408831298351288
775.4100810952112,0.09791702171206473,8.499473571777344,0.3278181987978914,2.9889573454856873,4.0,4.446650207042694,12.927061080932617,4.971505641937256,244,17.786600828170776,36b495f00495fd87,17.926334261894226,16.46864140033722,1.4576928615570068,4.0,5.528239965438843,23.31484079360962,2.4686414003372192
2909.410759026289,0.04117502913784981,2.6971871852874756,0.16776413637086918,4.073548048734665,4.0,4.894703805446625,17.68148422241211,5.472445011138916,245,19.5788152217865,e0c852992b04bedd,19.68889483809471,18.86773908138275,0.8211557567119598,4.0,9.92885160446167,29.50766682624817,4.8677390813827515
2170.795576890826,0.08255042553710937,4.979530334472656,0.2099646204785402,4.1982143223285675,4.0,5.313957363367081,17.26624870300293,5.941184997558594,246,21.255829453468323,b53b9283a91e72da,18.985433042049408,17.869690001010895,1.1157430410385132,4.0,8.737440586090088,29.99327003955841,3.8696900010108948
828.870275704071,0.026660084572017195,1.8742117881774902,0.15046758569124427,3.8647049218416214,4.0,4.549214199185371,11.914535522460938,5.086175918579102,247,18.196856796741486,45c198712f2b8229,14.919337254017591,14.234827976673841,0.68450927734375,4.0,4.748459339141846,22.94531613588333,0.23482797667384148
1105.5752821222245,0.09948314105534553,5.961861610412598,0.2944132268739246,2.925863355398178,4.0,4.146709471940994,16.770883560180664,4.636162757873535,248,16.586837887763977,3d36fafa4496d01d,17.981526136398315,16.7606800198555,1.2208461165428162,4.0,9.940395832061768,26.527233719825745,2.7606800198554993
2753.077342628896,0.08704923499250411,1.8628767728805542,0.24025048454436485,2.158083539456129,4.0,2.8405197970569134,14.188776016235352,3.175797462463379,249,11.362079188227654,f5d6fcd1f4082fea,17.92822626233101,17.245790004730225,0.6824362576007843,4.0,9.586779594421387,20.94885878264904,3.2457900047302246
2936.1451767135854,0.09674810696816444,8.312342643737793,0.3079081770601536,3.240218073129654,4.0,4.681774824857712,14.459206581115723,5.234383583068848,250,18.727099299430847,bef5f724133f89eb,17.970877170562744,16.529320418834686,1.4415567517280579,4.0,6.715764999389648,25.442864298820496,2.5293204188346863
2340.2023046031595,0.05136313958799839,4.226828098297119,0.18535091780534996,4.518071830272675,4.0,5.546034395694733,12.931171417236328,6.200654983520508,251,22.18413758277893,f75405484165e54c,19.84121733903885,18.81325477361679,1.027962565422058,4.0,4.098138332366943,26.282275915145874,4.813254773616791
697.8235120496676,0.07964109802556038,3.7128348350524902,0.2833276532031718,2.4369941651821136,4.0,3.4004300236701965,14.951021194458008,3.8017959594726562,252,13.601720094680786,6082876d3e1cf494,19.318126767873764,18.35469090938568,0.9634358584880829,4.0,9.368657112121582,22.970377206802368,4.354690909385681
2897.5748796936273,0.0357751728194952,3.7702155113220215,0.3589153795009054,1.734108954668045,4.0,2.7049610912799835,14.411629676818848,3.024238348007202,253,10.819844365119934,440c6851592f8a3f,17.126812636852264,16.155960500240326,0.9708521366119385,4.0,9.868761539459229,20.688605904579163,2.155960500240326
635.8375203467831,0.07054092370295524,7.143919944763184,0.21098877459526133,4.997607335448265,4.0,6.334012970328331,12.774887084960938,7.081642150878906,254,25.336051881313324,aebcb85cda870d5b,16.651712208986282,15.315306574106216,1.336405634880066,4.0,2.6056650280952454,27.94171690940857,1.3153065741062164
1290.4149005751015,0.09479275135135651,8.479284286499023,0.3157249167609877,3.1555238366127014,4.0,4.611484348773956,17.365476608276367,5.155796527862549,255,18.445937395095825,d191654511daa14a,20.261705696582794,18.80574518442154,1.4559605121612549,4.0,9.720269680023193,28.16620707511902,4.805745184421539
2533.3405516315697,0.0043837023069337,5.1041951179504395,0.2051808018934729,4.375878602266312,4.0,5.50550189614296,16.24260139465332,6.155338287353516,256,22.02200758457184,02888b3a0365f792,19.927384734153748,18.7977614402771,1.129623293876648,4.0,7.4195356369018555,29.441543221473694,4.7977614402771
2756.4218578544255,0.003587567482030019,3.569643974304199,0.19975880497916232,3.784403622150421,4.0,4.7290787398815155,17.174991607666016,5.287270545959473,257,18.916314959526062,98d9d323e4180657,18.068697303533554,17.12402218580246,0.9446751177310944,4.0,9.609036922454834,28.525351881980896,3.1240221858024597
1164.248051179141,0.01718583168190718,8.931857109069824,0.5299052290051901,1.3256476763635874,4.0,2.8199583534151316,14.251077651977539,3.1528093814849854,258,11.279833413660526,bd5408ec11c755bc,17.836066603660583,16.34175592660904,1.4943106770515442,4.0,9.273985862731934,20.55381927639246,2.3417559266090393
2919.6247759218213,0.09939082733678817,4.4415507316589355,0.181152523356256,4.763168126344681,4.0,5.816917389631271,12.590437889099121,6.503511428833008,259,23.267669558525085,eaf544aefd8a3e59,15.67156433314085,14.61781506985426,1.0537492632865906,4.0,3.3381874561309814,26.605857014656067,0.6178150698542595
1278.9930347059965,0.017913708821773528,3.756305456161499,0.19168950022033282,4.08630096912384,4.0,5.055360496044159,17.470109939575195,5.652064800262451,260,20.221441984176636,f99f5ec0962e5576,16.92408636212349,15.95502683520317,0.9690595269203186,4.0,9.402539730072021,29.623981714248657,1.9550268352031708
2978.2739083034394,0.008843858926787972,1.1135350465774536,0.08855559907606153,5.430453652516007,4.0,5.958074510097504,15.283705711364746,6.661330223083496,261,23.832298040390015,ac8ed7d60d7d97c1,18.03857076726854,17.510949909687042,0.5276208575814962,4.0,6.082783222198486,29.9150812625885,3.5109499096870422
1751.8014644712212,0.030863796224832537,5.590900897979736,0.42034130968188665,1.6303512686863542,4.0,2.8126055831089616,13.796660423278809,3.1445884704589844,262,11.250422332435846,cbb10e5492db4719,19.41032737493515,18.228073060512543,1.1822543144226074,4.0,8.986624240875244,20.23704657331109,4.228073060512543
2660.9084315077066,0.035296695335388185,8.773076057434082,0.2573168918653409,4.274459294974804,4.0,5.755428187549114,11.612812042236328,6.434764862060547,263,23.021712750196457,e2715808dabdb2f3,16.18318559229374,14.702216699719429,1.4809688925743103,4.0,2.2391851246356964,25.260897874832153,0.702216699719429
2351.772680149138,0.09727004096651076,6.4993181228637695,0.24084546530159065,4.017867550253868,4.0,5.292555555701256,11.169563293457031,5.917257308959961,264,21.170222222805023,8d468e4b548c7e0f,19.869267642498016,18.59457963705063,1.2746880054473877,4.0,2.5933861136436462,23.76360833644867,4.594579637050629
2200.593694208443,0.0075297299549132585,6.871140003204346,0.27597492808076124,3.4384946674108505,4.0,4.749137565493584,12.773950576782227,5.309697151184082,265,18.996550261974335,99d566ed7a5c9a96,19.442946195602417,18.132303297519684,1.3106428980827332,4.0,4.99492335319519,23.991473615169525,4.132303297519684
1250.036472223997,0.06057121519780159,2.1527533531188965,0.12474092547023244,5.147481590509415,4.0,5.881094798445702,11.496796607971191,6.575263977050781,266,23.524379193782806,71f1021d84948e94,14.773031240329146,14.03941803239286,0.7336132079362869,4.0,2.308347761631012,25.83272695541382,0.03941803239285946
1565.8497330126465,0.09711494999575615,8.540977478027344,0.28450532222291414,3.674851655960083,4.0,5.136099219322205,11.302528381347656,5.742333889007568,267,20.54439687728882,259bda4ee07ba169,15.649136416614056,14.187888853251934,1.4612475633621216,4.0,2.867755353450775,23.412152230739594,0.18788885325193405
1744.8374161000252,0.02620204864215851,4.744052410125732,0.24509028448664286,3.3543908894062042,4.0,4.443433195352554,14.736637115478516,4.967909336090088,268,17.773732781410217,4979189a2051bb9b,15.14384167548269,14.05479936953634,1.08904230594635,4.0,7.526966094970703,25.30069887638092,0.05479936953634024
971.6014915944338,0.0031736285779401657,1.2233524322509766,0.16362127064978582,2.8268906697630882,4.0,3.3799169808626175,14.420066833496094,3.778862237930298,269,13.51966792345047,8bcfc64fe74a7af3,16.19378050416708,15.64075419306755,0.5530263110995293,4.0,9.073678016662598,22.593345940113068,1.6407541930675507
1334.548289815247,0.09772633003854751,1.3448731899261475,0.10687983268962384,4.845346309244633,4.0,5.425189673900604,13.300924301147461,6.065546035766602,270,21.700758695602417,bafab042f19372ce,17.013942681252956,16.434099316596985,0.5798433646559715,4.0,4.873217582702637,26.573976278305054,2.434099316596985
1995.4383533367513,0.04958266593229771,7.911443710327148,0.26495101870483495,3.9016521275043488,4.0,5.308016508817673,12.960403442382812,5.934543132781982,271,21.23206603527069,63d52545b15e2477,17.811383932828903,16.40501955151558,1.406364381313324,4.0,4.295196056365967,25.527262091636658,2.4050195515155792
2742.0201356560588,0.0037687650788500904,2.64829158782959,0.21172261593269154,3.029456503689289,4.0,3.8431351259350777,12.474398612976074,4.296755790710449,272,15.37254050374031,7a7ddc1a5719e14b,19.348925411701202,18.535246789455414,0.8136786222457886,4.0,6.302857398986816,21.675397902727127,4.535246789455414
568.8180085150283,0.04748343039262295,4.826993465423584,0.22833129808467753,3.7125627398490906,4.0,4.811083734035492,10.259218215942383,5.378954887390137,273,19.244334936141968,db33ff5e3d606bd5,19.696135699748993,18.59761470556259,1.0985209941864014,4.0,2.49333193898201,21.737666875123978,4.5976147055625916
877.8983892893045,0.005260131601281463,1.2834135293960571,0.1014023835949976,5.019614994525909,4.0,5.58605420589447,11.700180053710938,6.24539852142334,274,22.34421682357788,f264619070cef6d6,16.89306405186653,16.32662484049797,0.5664392113685608,4.0,3.0378793478012085,25.38209617137909,2.3266248404979706
762.1294657318219,0.07153109060716628,1.259422779083252,0.16188130663259445,2.9051234675571322,4.0,3.466243493370712,11.696552276611328,3.875377655029297,275,13.864973973482847,e002cebb7767dfea,17.568720631301403,17.007600605487823,0.5611200258135796,4.0,6.216627597808838,20.081601571291685,3.0076006054878235
941.8655506255179,0.09968308775758743,6.8977789878845215,0.3130365715341087,2.881795659661293,4.0,4.194976821541786,14.869972229003906,4.690126419067383,276,16.779907286167145,33a515ef818aee08,15.779520004987717,14.466338843107224,1.3131811618804932,4.0,7.92091703414917,24.700824320316315,0.4663388431072235
2998.8207201043365,0.03407003186643123,8.744342803955078,0.41207004163465255,2.109541803598404,4.0,3.5880835354328156,15.423263549804688,4.011599540710449,277,14.352334141731262,6d89f77dc9b6c18c,17.459671825170517,15.981130093336105,1.4785417318344116,4.0,9.301867485046387,23.65420162677765,1.9811300933361053
2637.1712631748915,0.04101046387958527,8.9625883102417,0.3635155743176826,2.620906338095665,4.0,4.11778549849987,14.389659881591797,4.603824138641357,278,16.47114199399948,2ede7de1e127286e,20.009167432785034,18.51228827238083,1.4968791604042053,4.0,7.464542865753174,23.935684859752655,4.512288272380829
1420.9977944767772,0.019370872416198254,5.15605354309082,0.24625169901920274,3.475168138742447,4.0,4.610515385866165,17.45772361755371,5.154713153839111,279,18.44206154346466,38967939389b5f97,16.882164925336838,15.74681767821312,1.1353472471237183,4.0,9.974277019500732,28.416338562965393,1.7468176782131195
1460.3797660069763,0.042275217792510984,1.9770331382751465,0.17473019275946314,3.320511519908905,4.0,4.0235465914011,14.753495216369629,4.498461723327637,280,16.0941863656044,137e6e49d1ef0e35,17.348656967282295,16.6456218957901,0.7030350714921951,4.0,8.366657733917236,24.460844099521637,2.6456218957901
2757.5512152270076,0.08819837028598784,8.688474655151367,0.2276199489399082,5.001064740121365,4.0,6.474875591695309,12.730123519897461,7.239130973815918,281,25.899502366781235,e6d3b73870e2e123,18.641077995300293,17.16726714372635,1.473810851573944,4.0,2.280904322862625,28.18040668964386,3.167267143726349
2861.2319305101037,0.05050251135110855,1.6843979358673096,0.15010334485877466,3.6742448657751083,4.0,4.323166638612747,16.554332733154297,4.833446979522705,282,17.29266655445099,9934fb4a07385bfa,15.515210464596748,14.86628869175911,0.6489217728376389,4.0,9.745121479034424,27.037788033485413,0.8662886917591095
2066.8863737465144,0.0954812585568428,2.0372087955474854,0.1700617940796867,3.482785888016224,4.0,4.196440003812313,10.488306999206543,4.691762447357178,283,16.785760015249252,b95b7da0b3a15edd,17.85048384964466,17.136829733848572,0.7136541157960892,4.0,3.836819887161255,20.622579902410507,3.1368297338485718
2239.562246908426,0.09445460814476013,3.1668825149536133,0.24226607543330805,2.7829800359904766,4.0,3.6727668456733227,12.121253967285156,4.106278419494629,284,14.69106738269329,80b10750fe594881,14.908005823846906,14.01821901416406,0.8897868096828461,4.0,6.167209625244141,20.85827700793743,0.018219014164060354
1972.434219254851,0.0668716683216095,7.611151218414307,0.4251309852257306,1.8652684355620295,4.0,3.2446842456702143,12.630386352539062,3.627667188644409,285,12.978736982680857,6fb0f44964bd64da,17.552223414182663,16.172807604074478,1.3794158101081848,4.0,7.073651313781738,20.052388296462595,2.172807604074478
2728.122811189055,0.04949467968976498,1.3297853469848633,0.09403565037625114,5.554939530789852,4.0,6.131521105766296,14.857749938964844,6.85524845123291,286,24.526084423065186,f26d0396992afb74,14.623695521615446,14.047113946639001,0.5765815749764442,4.0,5.372177600860596,29.89826202392578,0.04711394663900137
1734.5527121661007,0.08310778713917731,1.042887806892395,0.10110825956354774,4.539515947923064,4.0,5.050125330686569,12.532652854919434,5.646212100982666,287,20.200501322746277,3742e53dd0b0f778,14.800520787015557,14.289911404252052,0.510609382763505,4.0,4.702160120010376,24.902661442756653,0.2899114042520523
666.2891582882703,0.02324068034642935,5.398273944854736,0.21677311038189348,4.197393149137497,4.0,5.3591024577617645,13.479294776916504,5.991659164428711,288,21.436409831047058,d461b0379e862948,17.229350179433823,16.067640870809555,1.1617093086242676,4.0,4.859785556793213,26.29619538784027,2.067640870809555
2672.354974660456,0.04154533703124523,6.817458152770996,0.25167964198892306,3.8816886842250824,4.0,5.187201768159866,17.491641998291016,5.799468040466309,289,20.748807072639465,d42e342716100753,20.283984780311584,18.9784716963768,1.305513083934784,4.0,9.05808162689209,29.806888699531555,4.9784716963768005
1900.1812139599324,0.01592786613637209,7.927578926086426,0.295039132613535,3.363765202462673,4.0,4.7715630158782005,10.019768714904785,5.3347697257995605,290,19.086252063512802,2c29302c1d78a7b5,15.52616555057466,14.118367737159133,1.4077978134155273,4.0,2.158525228500366,21.24477729201317,0.11836773715913296
2446.3975756263135,0.019474711645901203,6.116508960723877,0.29928934496026954,2.8951380029320717,4.0,4.131716825067997,12.732542037963867,4.619399547576904,291,16.526867300271988,e878557c951dbf16,15.961976289749146,14.72539746761322,1.2365788221359253,4.0,5.916677713394165,22.443545013666153,0.7253974676132202
605.1086439012773,0.07558792051124572,1.46049964427948,0.1147927290476061,4.6596288457512856,4.0,5.263884514570236,12.70732307434082,5.885201930999756,292,21.055538058280945,f81030a94949da8b,18.38290076702833,17.77864509820938,0.6042556688189507,4.0,4.509367942810059,25.564906001091003,3.778645098209381
1843.8620036660432,0.04780973650979996,7.197693824768066,0.40196411014190964,1.9957523792982101,4.0,3.337178274989128,15.087533950805664,3.731078863143921,293,13.348713099956512,ff803df72c7eee0a,19.722559213638306,18.381133317947388,1.341425895690918,4.0,9.41105318069458,22.759766280651093,4.381133317947388
2186.064720475137,0.08797047962856293,4.474789142608643,0.3434622123521081,2.021794879809022,4.0,3.0794798377901316,13.395740509033203,3.442962884902954,294,12.317919351160526,64165a9b313e5933,19.64091408252716,18.58322912454605,1.0576849579811096,4.0,8.24767780303955,20.565597154200077,4.583229124546051
2281.8985055342314,0.08081990826463699,4.167872428894043,0.18835776919610342,4.3985379338264465,4.0,5.419306397438049,14.347831726074219,6.058969020843506,295,21.677225589752197,773c3dfd7c20f488,19.90456622838974,18.883797764778137,1.0207684636116028,4.0,5.708487272262573,27.38571286201477,4.883797764778137
969.4822555322796,0.0658674688551426,3.1187021732330322,0.1453314573599533,5.192721903324127,4.0,6.075714319944382,13.364850997924805,6.792855262756348,296,24.302857279777527,e7843d346f3a8aab,16.495907217264175,15.612914800643921,0.8829924166202545,4.0,3.8097825050354004,28.112639784812927,1.612914800643921
771.8374682365954,0.0986711507639885,3.141986608505249,0.18423143934925088,3.9244192242622375,4.0,4.8107017278671265,11.279728889465332,5.378528118133545,297,19.242806911468506,167b643bf3723d35,15.21019433438778,14.32391183078289,0.8862825036048889,4.0,3.6205352544784546,22.86334216594696,0.3239118307828903
2388.443569620132,0.05574178080415726,1.8557285070419312,0.16282022466811163,3.5021729469299316,4.0,4.18329855799675,16.432100296020508,4.677069664001465,298,16.733194231987,73991180bbcf6b4c,19.58775880932808,18.90663319826126,0.6811256110668182,4.0,9.816590309143066,26.549784541130066,4.906633198261261
2286.590757226765,0.03424652364861965,1.563145637512207,0.1093298042358929,5.092699699103832,4.0,5.717828802764416,11.241523742675781,6.392727375030518,299,22.871315211057663,196615518c007ead,14.634107591118664,14.00897848745808,0.6251291036605835,4.0,2.35221591591835,25.223531126976013,0.008978487458080053
2745.759190103233,0.04287813906216621,7.9062418937683105,0.23596567706052732,4.552176475524902,4.0,5.958078503608704,15.090166091918945,6.66133451461792,300,23.832314014434814,2f4ff7a5b1846722,17.067222952842712,15.661320924758911,1.4059020280838013,4.0,5.450097322463989,29.282411336898804,1.6613209247589111
572.8983685631231,0.012881319408804177,1.0498591661453247,0.07509505382329594,6.309882802888751,4.0,6.82219597697258,12.911937713623047,7.62744665145874,301,27.28878390789032,662aa55e123f68e9,17.87448392994702,17.36217075586319,0.5123131740838289,4.0,2.4224876165390015,29.71127152442932,3.3621707558631897
2178.617829831183,0.004875461716517806,7.439465522766113,0.43481109886436653,1.7726944014430046,4.0,3.136463575065136,14.340592384338379,3.5066730976104736,302,12.545854300260544,e526dcc49e09fcae,15.892318427562714,14.528549253940582,1.3637691736221313,4.0,8.954012393951416,21.49986669421196,0.5285492539405823
2148.4663516507744,0.040351677779436115,2.4943087100982666,0.16668258304795244,3.947892904281616,4.0,4.737561970949173,11.914080619812012,5.296755313873291,303,18.950247883796692,3efd0a4f464426b6,19.349815994501114,18.560146927833557,0.7896690666675568,4.0,4.412903070449829,23.36315095424652,4.560146927833557
2050.3884203633665,0.013658516071677208,5.2639594078063965,0.19135807110557332,4.847699835896492,4.0,5.994865790009499,12.021876335144043,6.702463626861572,304,23.979463160037994,e7361bfd0ff46fe8,19.98532086610794,18.838154911994934,1.1471659541130066,4.0,2.4559949040412903,26.435458064079285,4.838154911994934
2775.583768604517,0.0989236561050415,1.7240862846374512,0.16696853360993924,3.2754900008440018,4.0,3.9320123344659805,13.503477096557617,4.39612340927124,305,15.728049337863922,cb7b2de8a2589047,15.964198172092438,15.307675838470459,0.6565223336219788,4.0,7.277196884155273,23.005246222019196,1.307675838470459
2102.3030328433515,0.007965669431567192,7.176336765289307,0.5385206604121885,1.0266355752944945,5.0,2.2246620535850523,14.982810974121094,3.1461470127105713,306,11.123310267925262,82bf25303407d166,20.180406153202057,18.9823796749115,1.1980264782905579,5.0,9.934473991394043,21.057784259319305,4.982379674911499
1114.551941364646,0.08995779509830475,2.427870988845825,0.13816373895682144,4.346688067913055,5.0,5.043519592285156,14.841949462890625,7.1326141357421875,307,25.21759796142578,69c5ff25c66e7624,14.864473462104797,14.167641937732697,0.6968315243721008,5.0,4.406494617462158,29.62409257888794,0.16764193773269653
2930.645264285862,0.09266736054658889,4.8759894371032715,0.20950195645293007,3.726139235496521,5.0,4.7136602878570555,15.893902778625488,6.666121959686279,308,23.56830143928528,e3d355829bb2db8c,19.886192560195923,18.898671507835388,0.9875210523605347,5.0,5.972821474075317,29.541122913360596,4.898671507835388
2954.618948029995,0.026323003039538863,1.7602956295013428,0.26539579957856924,1.6423554554581643,5.0,2.2357011497020722,14.233909606933594,3.1617588996887207,309,11.17850574851036,97f672e70d649784,14.735539158806205,14.142193464562297,0.5933456942439079,5.0,9.465834617614746,20.644340366125107,0.14219346456229687
1286.0646373827158,0.018025027372539044,9.852019309997559,0.35505256299156357,2.5498186111450196,5.0,3.9535293340682984,17.98369598388672,5.591134548187256,310,19.76764667034149,d4550fb76df9d352,15.885179236531258,14.481468513607979,1.4037107229232788,5.0,9.37478256225586,29.14242923259735,0.4814685136079788
538.7152252305467,0.006995698136717081,8.912161827087402,0.2559397345664172,3.881297397613525,5.0,5.216375041007995,14.127548217773438,7.377068519592285,311,26.081875205039978,2b74b2891ac6eed0,19.72238779067993,18.38731014728546,1.3350776433944702,5.0,3.0272594690322876,29.109134674072266,4.387310147285461
1771.2192162162064,0.07602593032455444,9.468398094177246,0.442792578856049,1.731688567996025,5.0,3.107798823714256,12.37658405303955,4.395091533660889,312,15.538994118571281,936780d9cf7481dc,17.65922549366951,16.28311523795128,1.3761102557182312,5.0,5.472931146621704,21.011925265192986,2.2831152379512787
2545.638015095055,0.010683889831900596,1.4106454849243164,0.1290070801287581,3.586121838539839,5.0,4.117280125617981,11.20153522491455,5.8227128982543945,313,20.586400628089905,7d7071a78ffeb66f,18.013962883502245,17.482804596424103,0.5311582870781422,5.0,2.7013954520225525,23.287796080112457,3.482804596424103
1453.0254895058572,0.045256390061020856,2.7817482948303223,0.21220821018695932,2.769001430273056,5.0,3.514889931678772,17.349288940429688,4.970804691314697,314,17.57444965839386,038ed139a6c26eae,18.042871743440628,17.296983242034912,0.7458885014057159,5.0,9.9465651512146,27.52101480960846,3.296983242034912
2053.1589657566547,0.0070642734855413435,11.112085342407227,0.4025518695735171,2.212540102005005,5.0,3.703317475318909,17.38079261779785,5.237281799316406,315,18.516587376594543,93508e3d8d224966,20.127832174301147,18.637054800987244,1.4907773733139038,5.0,9.228767395019531,27.745354771614075,4.637054800987244
2892.820042841971,0.053481251578092574,1.616642951965332,0.1284886453601788,3.856828628480434,5.0,4.4254485130310055,16.80025863647461,6.258529186248779,316,22.12724256515503,9422b7cd720f0876,15.636993505060673,15.068373620510101,0.5686198845505714,5.0,7.6650519371032715,29.7922945022583,1.0683736205101013
1563.4019248650966,0.09661268581843376,1.8321213722229004,0.24936533230390748,1.8221522137522697,5.0,2.4274820923805236,15.14380168914795,3.4329781532287598,317,12.137410461902618,df5156f88c33be60,19.500291295349598,18.894961416721344,0.6053298786282539,5.0,9.986172199249268,22.123582661151886,4.894961416721344
972.9498598593623,0.05158298402500153,10.460914611816406,0.2740191089604639,3.832164549827576,5.0,5.278602504730225,14.565777778625488,7.465071678161621,318,26.393012523651123,c952001ce48c6572,17.208045482635498,15.76160752773285,1.446437954902649,5.0,3.2853524684906006,29.678364992141724,1.7616075277328491
528.8600788473543,0.08331901412892341,1.3086390495300293,0.12762062322606252,3.497111441381276,5.0,4.0087048530578615,12.704188346862793,5.669164657592773,319,20.043524265289307,3b3394f26381071f,19.357554743997753,18.845961332321167,0.5115934116765857,5.0,4.4309821128845215,24.474506378173828,4.845961332321167
544.4719007994001,0.013302903565615417,7.202369689941406,0.2946870332871754,2.872589480876923,5.0,4.0727869987487795,13.344375610351562,5.759790420532227,320,20.363934993743896,03d8ab462b7b5377,15.208729422767647,14.00853190489579,1.2001975178718567,5.0,4.598702430725098,24.962637424468994,0.008531904895789921
2947.2376157118674,0.04964900036978722,10.481786727905273,0.3789875050980165,2.372510242462158,5.0,3.820390510559082,16.992097854614258,5.402847766876221,321,19.10195255279541,5c8f0310702f8e63,15.490009697154164,14.04212942905724,1.4478802680969238,5.0,8.6273775100708,27.72933006286621,0.042129429057240486
2873.9795314126013,0.007447113028258085,9.816843032836914,0.35186098756437423,2.5810592114925384,5.0,3.9822617709636687,10.987357139587402,5.631768703460693,322,19.911308854818344,d03281b8fa274e2e,16.56246644258499,15.161263883113861,1.4012025594711304,5.0,2.3222323060035706,22.233541160821915,1.161263883113861
2318.4537388204335,0.09961017267155647,11.193424224853516,0.3420500023725855,2.878059601783752,5.0,4.374283170700073,11.89598560333252,6.18617057800293,323,21.871415853500366,30ea311196a2dd74,19.79306161403656,18.29683804512024,1.4962235689163208,5.0,2.3993073105812073,24.270723164081573,4.296838045120239
510.7646348642991,0.07009341652226447,1.8018860816955566,0.19436278367815674,2.4883134096860884,5.0,3.0886276841163633,13.598152160644531,4.367979526519775,324,15.443138420581818,ee8c82f42b2b1d19,15.345581322908401,14.745267048478127,0.600314274430275,5.0,7.120738983154297,22.563877403736115,0.7452670484781265
661.3015410659686,0.08621598236894606,1.5111368894577026,0.13574433324668045,3.5001564078032974,5.0,4.049908542633057,17.976016998291016,5.72743558883667,325,20.249542713165283,3f532cef2de74733,19.183439571410418,18.633687436580658,0.5497521348297596,5.0,9.601321697235107,29.85086441040039,4.633687436580658
1670.890969379574,0.06339689548277855,10.55450439453125,0.35936723691056693,2.590028762817383,5.0,4.042922735214233,18.294172286987305,5.717555999755859,326,20.214613676071167,7fc4bee8f43b142c,20.272009074687958,18.819115102291107,1.4528939723968506,5.0,9.48188066482544,29.696494340896606,4.819115102291107
2455.2327864627837,0.09297015692901611,10.879117965698242,0.5072921801250276,1.4326600909233091,5.0,2.907727527618408,16.152263641357422,4.112147331237793,327,14.538637638092041,2354113bba1425d7,19.75299173593521,18.277924299240112,1.4750674366950989,5.0,9.599274158477783,24.137911796569824,4.277924299240112
1399.5605935771464,0.00472868328627199,5.39544677734375,0.2153367930991253,3.7852428674697878,5.0,4.824035120010376,16.046356201171875,6.822216033935547,328,24.12017560005188,45a0805249869cfb,18.77159959077835,17.732807338237762,1.0387922525405884,5.0,5.8788886070251465,29.999064207077026,3.7328073382377625
2761.049889146149,0.06750444340586662,6.419502258300781,0.24612887452735804,3.470565617084503,5.0,4.60365903377533,15.347270011901855,6.510557174682617,329,23.018295168876648,ba5a3494717c5e74,17.737797617912292,16.604704201221466,1.1330934166908264,5.0,5.573405027389526,28.591700196266174,2.604704201221466
1959.5596641340853,0.09671308326220512,1.3230336904525757,0.15476427217717387,2.809361446648836,5.0,3.3237608801573515,10.415121078491211,4.700507640838623,330,16.618804400786757,55b26e773ca8077a,16.95395123399794,16.439551800489426,0.5143994335085154,5.0,3.5104000568389893,20.129204457625747,2.4395518004894257
1282.0636469489036,0.09913315787434578,10.675034523010254,0.5497636868312452,1.1966416239738464,5.0,2.6578078866004944,15.200894355773926,3.7587082386016846,331,13.289039433002472,6b283d16a758cd18,15.515248318202794,14.054082055576146,1.461166262626648,5.0,9.154694080352783,22.443733513355255,0.05408205557614565
2811.0154421932098,0.028548033979773523,3.1519196033477783,0.2970328978850263,1.8790269255638123,5.0,2.672994112968445,15.249028205871582,3.7801849842071533,332,13.364970564842224,94c35e1d02ed20fb,19.468932628631592,18.67496544122696,0.7939671874046326,5.0,9.50605583190918,22.871026396751404,4.674965441226959
2838.2172416864037,0.005937326063193381,1.435097336769104,0.1604891607835668,2.80243970900774,5.0,3.3381816864013674,16.663074493408203,4.720901966094971,333,16.690908432006836,7daaf1f4409a8f83,14.929674737155437,14.39393275976181,0.5357419773936272,5.0,9.718839168548584,26.40974760055542,0.3939327597618103
697.1689879820347,0.02429019425684214,10.306198120117188,0.5549887614635312,1.151200759410858,5.0,2.5869026660919188,15.852953910827637,3.658432722091675,334,12.934513330459595,1f0d4b44a86d32f1,18.251387774944305,16.815685868263245,1.4357019066810608,5.0,9.96129846572876,22.895811796188354,2.8156858682632446
1063.4798128348739,0.027816915560364724,1.8404580354690552,0.2090370555122379,2.295677214860916,5.0,2.9023827612400055,12.526420593261719,4.104588985443115,335,14.511913806200027,cbe5fee40bfca065,18.466962814331055,17.860257267951965,0.6067055463790894,5.0,6.418302059173584,20.93021586537361,3.8602572679519653
1665.7928804319204,0.012585771548718212,7.106703758239746,0.3311012491527052,2.408511161804199,5.0,3.6007111072540283,11.018824577331543,5.092174530029297,336,18.00355553627014,3b6075b8c6216ede,19.677674174308777,18.485474228858948,1.192199945449829,5.0,3.221302628517151,21.224858164787292,4.485474228858948
2900.3107876948116,0.09149951324677467,3.4270880222320557,0.2584440698513182,2.3754996418952943,5.0,3.203399157524109,16.713848114013672,4.530290603637695,337,16.016995787620544,35bed2251a19de08,15.323383651673794,14.495484136044979,0.8278995156288147,5.0,9.893099784851074,25.91009557247162,0.4954841360449791
2740.758621023476,0.09902063195776939,2.7613868713378906,0.19410434236245536,3.0854763448238374,5.0,3.828630065917969,13.333242416381836,5.4145002365112305,338,19.143150329589844,38949b855b0d4d23,15.265410885214806,14.522257164120674,0.7431537210941315,5.0,5.304405212402344,24.447555541992188,0.5222571641206741
521.1890207250509,0.08754137864589691,8.066283226013184,0.32816715386981005,2.600266468524933,5.0,3.8704068779945375,13.356912612915039,5.473581314086914,339,19.352034389972687,11b044996cee9826,19.712647140026093,18.442506730556488,1.2701404094696045,5.0,4.981029272079468,24.333063662052155,4.442506730556488
770.5242948325276,0.05808178556990624,3.3844521045684814,0.22986152333721244,2.7565238177776337,5.0,3.579257369041443,16.671283721923828,5.061834335327148,340,17.896286845207214,d926b712287b6bb2,15.136699378490448,14.313965827226639,0.8227335512638092,5.0,9.101402759552002,26.997689604759216,0.3139658272266388
687.2698108581826,0.09836421154451369,8.879023551940918,0.3738346854665222,2.2320658683776857,5.0,3.564659070968628,17.748807907104492,5.041189193725586,341,17.82329535484314,37e5c6ef626483aa,17.470237493515015,16.137644290924072,1.3325932025909424,5.0,9.953192710876465,27.776488065719604,2.1376442909240723
557.4560937651694,0.00873570195788145,3.3997952938079834,0.22358204276655058,2.863518714904785,5.0,3.6881150007247925,11.169321060180664,5.215782165527344,342,18.440575003623962,ada784a1041eb049,16.948041558265686,16.12344527244568,0.8245962858200073,5.0,3.380792737007141,21.821367740631104,2.1234452724456787
2549.197490273297,0.017838227542459964,6.52628231048584,0.2540510541939577,3.3545636415481566,5.0,4.497041869163513,14.292978286743164,6.359777450561523,343,22.485209345817566,2195760932fdfd5d,20.010346353054047,18.86786812543869,1.1424782276153564,5.0,4.727654218673706,27.212863564491272,4.86786812543869
2895.997912073731,0.0851490402700901,1.446797251701355,0.11522808665790601,4.130397416651249,5.0,4.668318867683411,13.762324333190918,6.601999759674072,344,23.341594338417053,f32799fbb33cd555,18.92038454860449,18.382463097572327,0.5379214510321617,5.0,4.156726598739624,27.498320937156677,4.382463097572327
952.8709873331189,0.007899434165403247,9.287784576416016,0.31837696591097314,2.917922019958496,5.0,4.280844211578369,15.837888717651367,6.054028034210205,345,21.404221057891846,97f674391d8cbb1e,17.374344557523727,16.011422365903854,1.362922191619873,5.0,6.594738960266113,27.99896001815796,2.0114223659038544
2351.4065346695184,0.09974895194268227,8.898090362548828,0.2882363677001643,3.2942035555839535,5.0,4.628226852416992,12.639778137207031,6.5453009605407715,346,23.14113426208496,65ee6106a44f11bb,16.044258534908295,14.710235238075256,1.3340232968330383,5.0,2.7163119316101074,25.85744619369507,0.7102352380752563
2339.509556761086,0.01353831249138713,2.489258289337158,0.13836753648048572,4.393775054812432,5.0,5.099361085891724,13.689895629882812,7.211585521697998,347,25.496805429458618,003706fc4e54848f,16.12719152867794,15.421605497598648,0.7055860310792923,5.0,3.1383817195892334,28.63518714904785,1.421605497598648
2659.5428560404775,0.04700253817689419,10.288436889648438,0.569602831229482,1.0838943421840668,5.0,2.518358439207077,14.963537216186523,3.5614967346191406,348,12.591792196035385,691acf649237e52c,17.6250082552433,16.19054415822029,1.4344640970230103,5.0,9.209589958190918,21.801382154226303,2.190544158220291
1886.7969094077348,0.09282894273138045,3.9778852462768555,0.41590188662931526,1.2526681572198868,5.0,2.144619420170784,14.276690483093262,3.032949924468994,349,10.72309710085392,5f5bdafa4f1622ed,17.425709545612335,16.533758282661438,0.8919512629508972,5.0,9.541475772857666,20.264572873711586,2.533758282661438
2991.416345744252,0.09393969042754173,3.815566301345825,0.23109545303820436,2.906534767150879,5.0,3.780098295211792,16.53834342956543,5.345866680145264,350,18.90049147605896,4af54c08100012b1,19.248522996902466,18.374959468841553,0.8735635280609131,5.0,8.541364192962646,27.441855669021606,4.374959468841553
943.1763454962224,0.018694434541344642,3.268519639968872,0.16430459413802487,4.1123387038707735,5.0,4.920858335494995,15.587507247924805,6.959144592285156,351,24.604291677474976,a49869256af4a053,15.685523375868797,14.877003744244576,0.8085196316242218,5.0,5.341531276702881,29.945822954177856,0.8770037442445755
2817.3273264478444,0.04960728350090981,7.554292678833008,0.307736060048546,2.7650641918182375,5.0,3.994234037399292,18.11526107788086,5.648699760437012,352,19.97117018699646,4120885ed797e23e,17.781389772892,16.552219927310944,1.2291698455810547,5.0,9.512208938598633,29.483379125595093,2.5522199273109436
1384.8294445079564,0.02140645222604275,2.025448799133301,0.14958899227352476,3.618302649259567,5.0,4.254769301414489,14.844103813171387,6.017152309417725,353,21.27384650707245,361e05de61b2d991,19.380354434251785,18.743887782096863,0.6364666521549225,5.0,6.016332626342773,27.290179133415222,4.743887782096863
2259.0903031381367,0.0161074145591259,3.665781021118164,0.24677769763350468,2.6134580194950106,5.0,3.4697034478187563,13.624044418334961,4.906901836395264,354,17.34851723909378,88b0ecfe18cec8c9,16.460266023874283,15.604020595550537,0.8562454283237457,5.0,6.256515026092529,23.60503226518631,1.604020595550537
2110.894444010079,0.045273636495471004,5.200638294219971,0.32470913729818074,2.1209951519966124,5.0,3.140861618518829,12.013650894165039,4.4418487548828125,355,15.704308092594147,3cd35a669e66999c,15.16769639775157,14.147829931229353,1.0198664665222168,5.0,5.221994876861572,20.92630296945572,0.14782993122935295
871.3603213776498,0.06469926958727837,5.453084945678711,0.1983056492882892,4.221918594837189,5.0,5.266244661808014,14.053668022155762,7.44759464263916,356,26.33122330904007,16ee2dfc1fc09e27,17.743428826332092,16.699102759361267,1.0443260669708252,5.0,2.9990153908729553,29.330238699913025,2.699102759361267
1389.7115328945517,0.09785400212121009,3.9132559299468994,0.2141043472258988,3.2473082780838016,5.0,4.13198401927948,17.815168380737305,5.843507766723633,357,20.6599200963974,000c19580244188a,16.76332727074623,15.878651529550552,0.8846757411956787,5.0,9.108863353729248,29.768783450126648,1.8786515295505524
682.799134414278,0.06527622023081779,1.341431736946106,0.13285010344175296,3.3808942276984455,5.0,3.89885790348053,15.639450073242188,5.51381778717041,358,19.49428951740265,4cde5932b6f5c335,17.613759187981486,17.095795512199402,0.5179636757820845,5.0,7.582751750946045,27.077041268348694,3.095795512199402
1104.1420299478918,0.023490995984613898,7.122938632965088,0.3896325223241476,1.8697381496429442,5.0,3.0632991075515745,14.406744003295898,4.33215856552124,359,15.316495537757874,8d7464f82eda8fd8,19.912289023399353,18.718728065490723,1.1935609579086304,5.0,7.683366298675537,22.99986183643341,4.718728065490723
2920.3939341481923,0.03683840482890606,1.2599995136260986,0.133303885709123,3.2638052597176284,5.0,3.765801191329956,10.976837158203125,5.325646877288818,360,18.82900595664978,2c57302e4aac2534,15.391063059912995,14.889067128300667,0.5019959316123277,5.0,3.1942379474639893,22.02324390411377,0.8890671283006668
1263.8815432861745,0.0964901663172245,6.745607852935791,0.3195634161133086,2.4731823325157167,5.0,3.6346992373466493,14.422821044921875,5.1402411460876465,361,18.173496186733246,92916c589c93eda3,16.408773005008698,15.247256100177765,1.1615169048309326,5.0,6.572662830352783,24.74615901708603,1.247256100177765
710.9538152538687,0.0860873813214302,5.7721357345581055,0.24894846916815563,3.2414815425872803,5.0,4.315924286842346,11.267898559570312,6.103638648986816,362,21.57962143421173,aa98be2c2a80afb5,19.548954486846924,18.474511742591858,1.074442744255066,5.0,2.0988285541534424,23.678449988365173,4.474511742591858
2610.5302029221057,0.0036600207452289757,5.240952968597412,0.44043448602107854,1.3007378786802293,5.0,2.3245497554540635,14.58155345916748,3.287409782409668,363,11.622748777270317,d476610997112f67,17.564368665218353,16.54055678844452,1.0238118767738342,5.0,9.420547008514404,21.04329578578472,2.540556788444519
2680.2276227764487,0.07430947446417809,4.143835067749023,0.31181148821022775,2.0092386335134504,5.0,2.919605019688606,12.454687118530273,4.1289448738098145,364,14.598025098443031,0430c1f5d88f7756,19.279015511274338,18.368649125099182,0.9103663861751556,5.0,6.1602935791015625,20.758318677544594,4.368649125099182
927.0028389296681,0.03461033744299412,1.3835687637329102,0.12354530020226873,3.7318022400140762,5.0,4.257838129997253,13.93549633026123,6.0214924812316895,365,21.289190649986267,a3eabd44ef670597,14.651750393211842,14.125714503228664,0.5260358899831772,5.0,5.156803131103516,26.445993781089783,0.1257145032286644
980.0956430453509,0.012537527403503657,4.301218509674072,0.25108936360895756,2.766383743286133,5.0,3.6938769578933717,17.843414306640625,5.223930835723877,366,18.469384789466858,b75bb342c851691d,19.209827661514282,18.282334446907043,0.9274932146072388,5.0,9.991912364959717,28.461297154426575,4.2823344469070435
2644.0856596621275,0.03522067889153958,2.8576483726501465,0.14822920749926763,4.34418534040451,5.0,5.100181150436401,14.915410041809082,7.212745666503906,367,25.500905752182007,13b9f3f2ac34136e,18.46164906024933,17.705653250217438,0.7559958100318909,5.0,4.33704948425293,29.837955236434937,3.7056532502174377
961.8739219362885,0.07925443515777587,8.347081184387207,0.2786622194494032,3.3445903658866882,5.0,4.6366493701934814,15.735638618469238,6.5572123527526855,368,23.183246850967407,c06ffd9499918f67,15.544006869196892,14.251947864890099,1.2920590043067932,5.0,5.816309452056885,28.999556303024292,0.25194786489009857
1336.2723548578322,0.08374150849819183,6.754591464996338,0.3036358772837068,2.6656176865100862,5.0,3.82790784239769,10.697421073913574,5.413478851318359,369,19.13953921198845,a125f797b4d2d5cc,17.035674422979355,15.873384267091751,1.1622901558876038,5.0,2.460460603237152,21.5999998152256,1.873384267091751
2936.0944842212793,0.0603964313261509,1.5519859790802002,0.15255931171578135,3.0947779178619386,5.0,3.651910936832428,13.043164253234863,5.164581775665283,370,18.25955468416214,aaa101226dd2c7b9,17.741727828979492,17.184594810009003,0.5571330189704895,5.0,5.46077561378479,23.72033029794693,3.1845948100090027
747.1475300511345,0.01269243229278922,4.821048736572266,0.3947582697745501,1.5055091410875319,5.0,2.4874509900808333,14.043390274047852,3.517786979675293,371,12.437254950404167,5f327521ac40b00f,16.241840690374374,15.259898841381073,0.9819418489933014,5.0,8.577517032623291,21.014771983027458,1.259898841381073
717.7419822322205,0.08742610045456886,5.378345489501953,0.2719111581979597,2.7771328568458555,5.0,3.814277458190918,17.023088455200195,5.394202709197998,372,19.07138729095459,4a62ce65d3f05dce,18.98703533411026,17.949890732765198,1.0371446013450623,5.0,8.875962257385254,27.947349548339844,3.9498907327651978
2641.8682719341514,0.08384661423587798,10.376712799072266,0.40698577885838494,2.0990885972976683,5.0,3.539693522453308,13.182840347290039,5.005882740020752,373,17.69846761226654,eb7efc2238eba1ad,15.806272901594639,14.365667976439,1.4406049251556396,5.0,5.383149147033691,23.081616759300232,0.3656679764389992
2885.0822278360124,0.00477912795304507,10.26838493347168,0.31643553890037474,3.0957104086875917,5.0,4.5287761211395265,15.948623657226562,6.404656410217285,374,22.643880605697632,5dff4b698090406c,19.60663330554962,18.173567593097687,1.4330657124519348,5.0,6.174539566040039,28.81842017173767,4.173567593097687
2298.5787140363454,0.040556191411376,5.797479629516602,0.3614146672143076,1.9026011347770693,5.0,2.9793999910354616,15.838615417480469,4.213507652282715,375,14.896999955177307,7318bf2e8fa163bd,15.275858290493488,14.199059434235096,1.0767988562583923,5.0,9.341415405273438,24.238415360450745,0.19905943423509598
1715.6771916987896,0.00419716906740889,5.088464736938477,0.3111984704268126,2.2328782618045806,5.0,3.2416859805583953,11.21483039855957,4.584435939788818,376,16.208429902791977,6e80df824167f4fb,15.14623311907053,14.137425400316715,1.0088077187538147,5.0,4.227054595947266,20.435484498739243,0.13742540031671524
1112.7773324880898,0.004179350143942982,10.670138359069824,0.48944288177750617,1.5238505005836487,5.0,2.984681725502014,14.18461799621582,4.220977783203125,377,14.92340862751007,1966f7cd932b1c58,16.76839977502823,15.307568550109863,1.4608312249183655,5.0,7.484838962554932,22.408247590065002,1.3075685501098633
1081.5772184111179,0.005391408291161061,9.74338150024414,0.36154776915324266,2.465088826417923,5.0,3.861038786172867,11.172514915466309,5.460333347320557,378,19.305193930864334,1e781abde005741c,17.94179993867874,16.545849978923798,1.3959499597549438,5.0,2.7524619698524475,22.05765590071678,2.5458499789237976
2306.6223192378284,0.011972763653695585,8.018888473510742,0.27270551056523107,3.37744654417038,5.0,4.643850040435791,16.55840301513672,6.5673956871032715,379,23.219250202178955,a3b4eb9e3f315e09,15.6154058650136,14.349002368748188,1.2664034962654114,5.0,6.637500762939453,29.856750965118408,0.349002368748188
2244.99823625201,0.01537325248157978,9.08836841583252,0.28659350349175994,3.356051969528198,5.0,4.7042632579803465,15.26386833190918,6.652832984924316,380,23.521316289901733,718aea4d58fbdbb9,16.285658538341522,14.937447249889374,1.3482112884521484,5.0,5.18123722076416,28.702553510665894,0.9374472498893738
2212.8590474715234,0.0609299052605629,5.482412338256836,0.2884661480707171,2.582864248752594,5.0,3.6299948930740356,17.107019424438477,5.133587837219238,381,18.149974465370178,e2e8f14141ddf020,16.868707448244095,15.821576803922653,1.0471306443214417,5.0,9.323463916778564,27.473438382148743,1.8215768039226532
1843.6116630295514,0.08418565178751945,3.366203546524048,0.21785568086472104,2.9457995653152467,5.0,3.766312038898468,12.337530136108398,5.326369285583496,382,18.83156019449234,13435b8115470dd0,15.447336748242378,14.626824274659157,0.8205124735832214,5.0,4.394649982452393,23.226210176944733,0.6268242746591568
754.6599976032078,0.09591873176312446,2.942850351333618,0.2203437468990832,2.7145730197429656,5.0,3.4817562341690063,12.847322463989258,4.923946857452393,383,17.40878117084503,52996d6807d78981,17.816664427518845,17.049481213092804,0.7671832144260406,5.0,5.500218152999878,22.90899932384491,3.049481213092804
2059.5080145950915,0.0887158614089489,7.382749557495117,0.30517114086125496,2.7666768789291383,5.0,3.9818105459213258,14.846733093261719,5.631130218505859,384,19.90905272960663,dc8b62dd43fb4dbb,19.367084443569183,18.151950776576996,1.2151336669921875,5.0,6.275546073913574,26.184598803520203,4.151950776576996
616.5990133894757,0.004449524028670043,9.244351387023926,0.2801128153970104,3.4944970488548277,5.0,4.854228723049164,13.31678581237793,6.864916801452637,385,24.27114361524582,8fed8e73562bdbef,16.477260276675224,15.117528602480888,1.359731674194336,5.0,2.9284620881080627,27.199605703353882,1.1175286024808884
648.2123511825987,0.021721669907152654,3.6021509170532227,0.18910229371198498,3.6396968185901644,5.0,4.488478374481201,15.068643569946289,6.347667217254639,386,22.442391872406006,ceca42f6e9638cca,16.354349583387375,15.505568027496338,0.848781555891037,5.0,5.667295694351196,28.109687566757202,1.505568027496338
2979.139099814355,0.09255854471945762,2.672680377960205,0.25548199791520465,2.1306072413921355,5.0,2.86172696352005,13.136877059936523,4.047092914581299,387,14.30863481760025,b03c053c9595d413,15.927738398313522,15.196618676185608,0.7311197221279144,5.0,7.047863483428955,21.356498301029205,1.196618676185608
2845.872105341315,0.07234589664292335,2.955092191696167,0.15853833526204897,4.0803794205188755,5.0,4.849156641960144,15.201475143432617,6.857742786407471,388,24.24578320980072,9a9017d7e1079224,16.24845403432846,15.479676812887192,0.7687772214412689,5.0,5.118774652481079,29.3645578622818,1.4796768128871918
2390.4940140376684,0.007617668595209718,6.444248199462891,0.23687965926220436,3.657348620891571,5.0,4.792623686790466,14.213079452514648,6.777793884277344,389,23.96311843395233,5ab9b6b871bc8193,18.137597382068634,17.00232231616974,1.1352750658988953,5.0,4.060195446014404,28.023313879966736,3.0023223161697388
2488.7666877442,0.044289796361207966,1.6608346700668335,0.21447706304027198,2.1108444571495055,5.0,2.687183731794357,13.10881519317627,3.8002519607543945,390,13.435918658971786,b8eed3f5ebd5b47f,17.9672472178936,17.39090794324875,0.5763392746448517,5.0,7.446277618408203,20.88219627737999,3.390907943248749
721.284789094627,0.0852753794901371,10.619155883789062,0.4081273114890627,2.113453221321106,5.0,3.570790243148804,16.271411895751953,5.049859523773193,391,17.85395121574402,6b3c4833c515d7f7,20.43480795621872,18.97747093439102,1.4573370218276978,5.0,8.401161670684814,26.255112886428833,4.977470934391022
2801.661562425196,0.07764158484339713,4.747867107391357,0.3611581034641196,1.723694509267807,5.0,2.6981550812721253,15.595751762390137,3.815767288208008,392,13.490775406360626,2e6f49c0cd8751f4,18.292378455400467,17.31791788339615,0.9744605720043182,5.0,9.712211608886719,23.202987015247345,3.3179178833961487
824.1724864885509,0.03937913812756538,6.0577802658081055,0.36124466162716623,1.946277914941311,5.0,3.0469849690794946,11.746659278869629,4.30908727645874,393,15.234924845397472,d076ca48e545ef42,17.12033861875534,16.019631564617157,1.1007070541381836,5.0,5.1023359298706055,20.337260775268078,2.019631564617157
2785.4578038874265,0.05124033735835552,6.20594596862793,0.20702164139352447,4.267412209510804,5.0,5.381498956680298,14.058151245117188,7.610589504241943,394,26.90749478340149,23844e4d5c1979c6,20.025282382965088,18.911195635795593,1.1140867471694946,5.0,2.7381097078323364,29.645604491233826,4.911195635795593
2971.939279323518,0.0791214950942993,10.156444549560547,0.39011669650398373,2.228117251396179,5.0,3.6533501386642455,16.725360870361328,5.166617393493652,395,18.266750693321228,8c42fa64db3808e7,20.07083886861801,18.645605981349945,1.4252328872680664,5.0,8.706045627593994,26.972796320915222,4.645605981349945
1633.7258652731775,0.040380045827269555,1.554155945777893,0.1717561027331329,2.688489507883787,5.0,3.2460118532180786,16.600482940673828,4.590554237365723,396,16.230059266090393,229d5600ac29949c,15.072819698601961,14.51529735326767,0.5575223453342915,5.0,9.829697608947754,26.059756875038147,0.5152973532676697
1538.543055063963,0.0883446101257801,7.972990989685059,0.5126387301086027,1.2005085229873655,5.0,2.463282573223114,14.697189331054688,3.483607292175293,397,12.31641286611557,5b3078e95619c4d4,20.07354897260666,18.81077492237091,1.2627740502357483,5.0,9.139235973358154,21.455648839473724,4.810774922370911
1689.501580693543,0.003728429080525413,10.324816703796387,0.5128623747705967,1.3649193864315747,5.0,2.8019173961132764,12.367799758911133,3.9625093936920166,398,14.009586980566382,532a67b809ec902d,17.108186185359955,15.671188175678253,1.4369980096817017,5.0,6.04546594619751,20.055052926763892,1.6711881756782532
1109.688769751206,0.04436404142487049,9.203084945678711,0.47954248198900307,1.4724478006362913,5.0,2.8291411876678465,15.985162734985352,4.001009941101074,399,14.145705938339233,96131b57ddd06242,15.789907470345497,14.433214083313942,1.3566933870315552,5.0,9.648533821105957,23.79423975944519,0.43321408331394196
1606.6392759897708,0.04465294083929062,9.702486038208008,0.3942065736334358,2.140706956386566,5.0,3.533724308013916,15.435420036315918,4.997440814971924,400,17.66862154006958,b610c93a89876ed8,17.919083654880524,16.526066303253174,1.3930173516273499,5.0,7.671463489532471,25.34008502960205,2.526066303253174
2555.626665954411,0.06676899751043319,4.967748641967773,0.2567326812108741,2.8857498466968536,5.0,3.882519483566284,11.563130378723145,5.490711688995361,401,19.41259741783142,44136c600873432a,19.624705225229263,18.627935588359833,0.9967696368694305,5.0,3.2997065782546997,22.71230399608612,4.627935588359833
1587.8021093729435,0.09889470817542076,3.7016842365264893,0.18417982880793463,3.8112465739250183,5.0,4.671674847602844,14.782098770141602,6.606746196746826,402,23.35837423801422,416842ba7d843fc4,17.59500652551651,16.734578251838684,0.8604282736778259,5.0,5.00853419303894,28.36690843105316,2.734578251838684
730.8523466372118,0.005164944078020751,3.099093198776245,0.24783408859924552,2.3893783688545227,5.0,3.1766639947891235,16.38372230529785,4.492481708526611,403,15.883319973945618,f5ff35b1186ae02d,17.21954181790352,16.432256191968918,0.7872856259346008,5.0,9.636750221252441,25.52007019519806,2.432256191968918
770.2733409804032,0.08786195229983329,10.11880874633789,0.2738369622141275,3.7724350661039354,5.0,5.195024904608727,13.345707893371582,7.346875190734863,404,25.975124523043633,8de3df3b75ac4a1d,20.114049673080444,18.691459834575653,1.4225898385047913,5.0,2.2443631440401077,28.21948766708374,4.691459834575653
2418.5819658670425,0.05686638219356537,9.591282844543457,0.4328131687258374,1.815010118484497,5.0,3.2000216126441954,13.378499031066895,4.525513648986816,405,16.000108063220978,626513bec173d6ec,15.593644421547651,14.208632927387953,1.3850114941596985,5.0,6.28594970703125,22.286057770252228,0.2086329273879528
2261.907081273675,0.03879482211983204,8.55828857421875,0.4227235237271766,1.7866351753473282,5.0,3.0949384719133377,11.881855964660645,4.376904487609863,406,15.474692359566689,bed5727a431fb875,20.058593213558197,18.750289916992188,1.3083032965660095,5.0,5.037827491760254,20.512519851326942,4.7502899169921875
1272.3773671433628,0.010283653835564852,10.825981140136719,0.3378274594991641,2.884196543693543,5.0,4.3556571245193485,14.191960334777832,6.159829616546631,407,21.77828562259674,2cdf5b76fc8eb678,18.687374353408813,17.215913772583008,1.4714605808258057,5.0,4.744915246963501,26.52320086956024,3.215913772583008
2973.561141760647,0.08124205643582344,2.466298818588257,0.33348103346099517,1.2814113398392994,6.0,1.9225429495175679,14.942408561706543,3.283367156982422,408,11.535257697105408,5624bf79d41caec7,14.695288827642798,14.05415721796453,0.6411316096782684,6.0,9.81548547744751,21.350743174552917,0.05415721796452999
916.7419203293771,0.02013667122846842,10.355591773986816,0.29643621313402185,3.118057022492091,6.0,4.431804309288661,14.573990821838379,7.568746566772461,409,26.590825855731964,98484b61774afb9e,20.038483500480652,18.724736213684082,1.3137472867965698,6.0,2.837606132030487,29.42843198776245,4.724736213684082
1838.4029722805021,0.07594719334077835,12.257104873657227,0.715284897984508,0.5689181536436081,6.0,1.998201534152031,15.244898796081543,3.412578821182251,410,11.989209204912186,a4ee339029002a1f,19.989486634731293,18.56020325422287,1.4292833805084229,6.0,9.534752368927002,21.523961573839188,4.56020325422287
2597.4284978651403,0.09927029847455024,2.0976805686950684,0.19584048068398566,2.4279167937735715,6.0,3.0191979768375554,9.89761734008789,5.156261920928955,411,18.115187861025333,28ec4484e9848818,18.687926895916462,18.096645712852478,0.5912811830639839,6.0,2.0539820231497288,20.169169884175062,4.096645712852478
2587.3212176542875,0.006960810385629535,6.162420272827148,0.2502799745837576,3.035799066225688,6.0,4.049243668715159,14.038105964660645,6.91540002822876,412,24.295462012290955,2c1f491330cef8ee,15.181844282895327,14.168399680405855,1.0134446024894714,6.0,3.408275604248047,27.703737616539,0.16839968040585518
641.3061680683829,0.09765100887584685,3.607342481613159,0.23653238044958108,2.5027535061041513,6.0,3.2781396905581155,18.541318893432617,5.598489761352539,413,19.668838143348694,4537445ba1248992,16.195663690567017,15.420277506113052,0.7753861844539642,6.0,9.95827579498291,29.627113938331604,1.4202775061130524
820.4868747128844,0.08807548150682448,11.037866592407227,0.5077488770560773,1.3149361635247865,6.0,2.6712710286180177,12.46918773651123,4.562063694000244,414,16.027626171708107,2d8516a162bb2cdc,16.17736068367958,14.82102581858635,1.3563348650932312,6.0,5.112842321395874,21.14046849310398,0.8210258185863495
758.5765501026214,0.004618476536221802,2.374030828475952,0.3068593419725389,1.4208545113603273,6.0,2.049879046777884,13.614054679870605,3.5008347034454346,415,12.299274280667305,a99a30bdd9ba9015,18.37738510966301,17.748360574245453,0.6290245354175568,6.0,8.174843788146973,20.474118068814278,3.748360574245453
2993.925549784243,0.024545591794371605,6.559027194976807,0.321623435741032,2.205297867457072,6.0,3.250846187273661,18.59801483154297,5.551876544952393,416,19.505077123641968,7329671185c77fa3,19.023757219314575,17.978208899497986,1.0455483198165894,6.0,9.94812536239624,29.453202486038208,3.978208899497986
1536.7459244496226,0.018195025055706502,10.11501407623291,0.5407693353386421,1.1026213765144348,6.0,2.4010186195373535,16.44755744934082,4.100520133972168,417,14.406111717224121,75df0c6e93f0bcca,15.690186507999897,14.391789264976978,1.2983972430229187,6.0,9.795813083648682,24.201924800872803,0.3917892649769783
2833.192589956343,0.09407392296385765,12.865042686462402,0.39555054581569904,2.2376285990079245,6.0,3.7019283970197043,13.755352973937988,6.322246551513672,418,22.211570382118225,d0374ce81e713d4d,18.455447137355804,16.991147339344025,1.4642997980117798,6.0,3.7683818340301514,25.979952216148376,2.9911473393440247
981.7177284699827,0.07115373469781876,2.8525328636169434,0.18593011443839375,3.0189203868309655,6.0,3.7084290186564126,15.666665077209473,6.333348274230957,419,22.250574111938477,cd4a201e038f2704,19.19032360613346,18.500814974308014,0.6895086318254471,6.0,6.050838947296143,28.30141305923462,4.500814974308014
1030.598447315857,0.09960115421152115,2.724679946899414,0.18170205888586813,3.0348255584637323,6.0,3.708704868952433,12.196449279785156,6.3338189125061035,420,22.2522292137146,f62bc6b41f97e303,15.662148460745811,14.98826915025711,0.6738793104887009,6.0,2.587748408317566,24.839977622032166,0.9882691502571106
750.6674621122107,0.05293825142645836,13.200284004211426,0.36865518168165534,2.540167172749837,6.0,4.0234228571256,16.588275909423828,6.871302604675293,421,24.1405371427536,be986778a13d32fe,15.54306035861373,14.059804674237967,1.483255684375763,6.0,5.788090467453003,29.928627610206604,0.05980467423796654
2886.6627632559535,0.011681129995673896,2.4050192832946777,0.1429405341705989,3.796113833785057,6.0,4.4292303919792175,14.647480010986328,7.5643510818481445,422,26.575382351875305,6b4a3ec09661c4e7,17.735531762242317,17.102415204048157,0.6331165581941605,6.0,3.257845640182495,29.8332279920578,3.1024152040481567
1091.0001871404202,0.08485019054579734,11.123692512512207,0.40547339387602604,1.9964470863342285,6.0,3.358044981956482,17.710309982299805,5.7349534034729,423,20.14826989173889,25133afe942b4bec,18.84315377473831,17.48155587911606,1.3615978956222534,6.0,8.6343994140625,28.78266930580139,3.4815558791160583
2559.4479284609556,0.03557448467636108,1.5130665302276611,0.13981418865251388,3.0895442964198687,6.0,3.5917173425356546,17.332977294921875,6.1340250968933105,424,21.550304055213928,af9a2947b1a3b872,14.906164946500212,14.403991900384426,0.5021730461157858,6.0,8.1025972366333,29.65290129184723,0.4039919003844261
905.7892573307753,0.03758062755179405,10.865849494934082,0.47231746739001884,1.5034705847501755,6.0,2.849195286631584,11.649650573730469,4.865927219390869,425,17.095171719789505,8b1d55e4603e319c,19.51379406452179,18.16806936264038,1.3457247018814087,6.0,3.8537999391555786,20.948971658945084,4.168069362640381
2942.8452078814503,0.08479040213704109,3.3730416297912598,0.33245935685739764,1.505477930108706,6.0,2.2552603284517923,14.90246868133545,3.851590156555176,426,13.531561970710754,e81f7d0aac6c5f17,18.09810073673725,17.348318338394165,0.7497823983430862,6.0,8.889426708221436,22.42098867893219,3.348318338394165
776.0235754623263,0.004761075706496835,2.1203410625457764,0.1937366122616755,2.4739588474233947,6.0,3.0684251387914023,14.011261940002441,5.240333557128906,427,18.410550832748413,6fdf7f27e82b8e29,15.375884227454662,14.781417936086655,0.5944662913680077,6.0,6.042966365814209,24.453517198562622,0.7814179360866547
2861.693365982592,0.005564963159620762,3.9294402599334717,0.24182848251274938,2.537170926729838,6.0,3.3464339772860208,14.89250659942627,5.715123653411865,428,20.078603863716125,ccad3361b9372803,19.68566507101059,18.876402020454407,0.8092630505561829,6.0,6.121791362762451,26.200395226478577,4.876402020454407
2928.3374922900794,0.033323966344833374,6.852908611297607,0.4360756805515617,1.3820405304431915,6.0,2.450755327939987,13.179423332214355,4.185461521148682,429,14.704531967639923,1e402badf3defa7b,15.289985250681639,14.221270453184843,1.0687147974967957,6.0,6.518176555633545,21.222708523273468,0.22127045318484306
2581.2583361111283,0.022761686450183394,12.312905311584473,0.5232250398943962,1.3053578337033591,6.0,2.737890919049581,16.648046493530273,4.675838947296143,430,16.427345514297485,eac89e36c86bb6fe,18.816546857357025,17.384013772010803,1.432533085346222,6.0,9.087053298950195,25.51439881324768,3.3840137720108032
2606.1926500173804,0.04424880362331867,10.254803657531738,0.32399180752034357,2.727758725484212,6.0,4.035097142060597,15.788017272949219,6.891240119934082,431,24.210582852363586,d4ca7bba1e6edc60,17.596805423498154,16.289467006921768,1.3073384165763855,6.0,5.04660439491272,29.257187247276306,2.289467006921768
2203.4543265528678,0.09738609233355522,7.891279220581055,0.3382923233114658,2.243221382300059,6.0,3.3900489012400308,15.154948234558105,5.789610385894775,432,20.340293407440186,5514077f3eb2a192,15.689900487661362,14.54307296872139,1.146827518939972,6.0,6.106411457061768,26.446704864501953,0.5430729687213898
526.6853514160105,0.040796132647037506,12.881463050842285,0.3412449291468883,2.8285556609431906,6.0,4.29378958294789,13.691588401794434,7.333041667938232,433,25.76273749768734,3c8e46a4dbbe1023,16.63036920130253,15.165135279297829,1.4652339220046997,6.0,2.2244964987039566,27.987233996391296,1.1651352792978287
1006.1565269804,0.016474104682564734,3.1897788047790527,0.17178328285783268,3.515343504647414,6.0,4.244473012785117,13.148582458496094,7.248817443847656,434,25.4668380767107,21cde90060b5490a,17.934900656342506,17.205771148204803,0.7291295081377029,6.0,2.1728346794843674,27.63967275619507,3.2057711482048035
633.4837757608369,0.03130941951096058,4.692092418670654,0.2089117737532404,3.3486490348974867,6.0,4.232965330282847,15.414634704589844,7.2291646003723145,435,25.397791981697083,24d45a2619d7a0cf,15.444114290177822,14.559797994792461,0.8843162953853607,6.0,4.390062570571899,29.787854552268982,0.5597979947924614
937.5264368082733,0.0032868363199187443,8.885419845581055,0.6278217057853913,0.7214031716187794,6.0,1.9383268256982167,14.845656394958496,3.310323476791382,436,11.6299609541893,5fd0313dac828536,17.335250675678253,16.118327021598816,1.2169236540794373,6.0,9.391377449035645,21.021338403224945,2.118327021598816
582.2590726778377,0.019231661839962007,2.06323504447937,0.14268383466930742,3.5234244639674825,6.0,4.109830896059672,15.862113952636719,7.018872261047363,437,24.658985376358032,773563a7e620558c,19.04292234033346,18.456515908241272,0.5864064320921898,6.0,5.294334650039673,29.953320026397705,4.456515908241272
630.7148005712145,0.09368335382771492,1.9757694005966187,0.23597271567499026,1.8579738289117813,6.0,2.4318160712718964,14.552295684814453,4.153116703033447,438,14.590896427631378,60bc2f4599810dfc,15.846085950732231,15.272243708372116,0.573842242360115,6.0,8.185833930969238,22.776730358600616,1.272243708372116
2338.8246878107784,0.005823900752849877,1.7065207958221436,0.14821214733876384,3.0649809700747332,6.0,3.5982914765675864,15.667534828186035,6.145252704620361,439,21.589748859405518,01c9d05666a55482,16.770112935453653,16.2368024289608,0.5333105064928532,6.0,6.405150890350342,27.99489974975586,2.2368024289608
2756.46050902158,0.0981432506186962,6.217780113220215,0.3442340490736853,1.939264496167501,6.0,2.957250972588857,17.75005531311035,5.050467491149902,440,17.743505835533142,a8249821e68764ce,16.206694796681404,15.188708320260048,1.0179864764213562,6.0,9.847934246063232,27.591440081596375,1.188708320260048
1057.8744273183197,0.06211698386383057,10.575772285461426,0.3547808734078514,2.4145013888676963,6.0,3.742141683896383,14.734829902648926,6.390923023223877,441,22.452850103378296,1cf967737b81fe01,19.00030207633972,17.672661781311035,1.3276402950286865,6.0,4.715655088424683,27.16850519180298,3.672661781311035
2709.9945218436715,0.09467386693000793,4.418793678283691,0.19087742735007898,3.6377761363983154,6.0,4.495951861143112,13.983043670654297,7.678299427032471,442,26.975711166858673,8a3f3b6270ccc1bd,19.18049892783165,18.322323203086853,0.8581757247447968,6.0,2.314076244831085,29.28978741168976,4.322323203086853
713.1464699513242,0.0888684193637371,1.8466867208480835,0.16213949263335584,2.8668429255485535,6.0,3.421623170375824,18.174640655517578,5.843533515930176,443,20.529739022254944,8c8a8a12194eef91,18.414978206157684,17.860197961330414,0.5547802448272705,6.0,9.343191623687744,29.872930645942688,3.860197961330414
2109.718853895247,0.009066223757952453,1.5291378498077393,0.20767990211515644,1.9259892705207071,6.0,2.430822183688482,16.192588806152344,4.151419162750244,444,14.58493310213089,cfc112972bc46778,14.513560304418206,14.008727391250432,0.5048329131677747,6.0,9.863116264343262,24.44804936647415,0.008727391250431538
2965.531659101009,0.06872216630935668,1.5380141735076904,0.19074097276102556,2.148068309761584,6.0,2.6543643474578857,16.350994110107422,4.5331902503967285,445,15.926186084747314,19353c5a19612bc4,14.583050778135657,14.076754740439355,0.5062960376963019,6.0,9.46193552017212,25.388121604919434,0.07675474043935537
2668.3854997937083,0.008322641125723718,11.893457412719727,0.3384588426406289,2.7518796871105833,6.0,4.15980118016402,13.19893741607666,7.104213237762451,446,24.958807080984116,b9b5624cb8efb8e5,19.32970505952835,17.921783566474915,1.4079214930534363,6.0,2.0954735577106476,27.054280638694763,3.9217835664749146
2351.669065289497,0.04031172363579273,12.981264114379883,0.5985220378616246,0.986652978385488,6.0,2.4575520238528648,12.42196273803711,4.1970696449279785,447,14.74531214311719,4f078949dff49096,17.960155159235,16.489256113767624,1.4708990454673767,6.0,5.542633295059204,20.287945438176394,2.489256113767624
747.178432402566,0.03264002029907703,8.176473617553711,0.3677058905803145,2.007363180319468,6.0,3.1747301618258157,18.405954360961914,5.421883583068848,448,19.048380970954895,daaeee14bc6f452e,16.841187298297882,15.673820316791534,1.1673669815063477,6.0,9.88544511795044,28.933826088905334,1.6738203167915344
2689.795570547163,0.038136973639488224,6.341711521148682,0.5940518008335023,0.7025446199501555,6.0,1.7306262754524748,14.591601371765137,2.9556071758270264,449,10.383757652714849,ea88246323b51cdf,18.683689653873444,17.655607998371124,1.0280816555023193,6.0,9.75099515914917,20.13475281186402,3.6556079983711243
2777.059202581465,0.0994044848511219,5.213985919952393,0.32485097484098896,1.9374244858821235,6.0,2.8696249475081763,11.095878601074219,4.900817394256592,450,17.217749685049057,8fa11e9cfd359ee4,15.76304443180561,14.830843970179558,0.9322004616260529,6.0,3.4557164907455444,20.6734661757946,0.8308439701795578
2894.8062668586967,0.05970768755197525,3.3365604877471924,0.20332409033070034,2.921909282604853,6.0,3.6676260034243264,13.300117492675781,6.2636637687683105,451,22.00575602054596,ddce9c11a9a4d395,17.317324250936508,16.571607530117035,0.7457167208194733,6.0,3.7581937313079834,25.763949751853943,2.571607530117035
588.5304986374304,0.005466441496394575,3.499128818511963,0.2587313478322813,2.1879174013932547,6.0,2.9515849550565085,13.575846672058105,5.040791034698486,452,17.70950973033905,7d81da5189f52907,19.720980495214462,18.95731294155121,0.7636675536632538,6.0,5.8150506019592285,23.52456033229828,4.9573129415512085
1023.0000738283246,0.08009431747460365,6.149172782897949,0.4582958313835917,1.1965999702612558,6.0,2.208954701821009,13.860206604003906,3.772508382797241,453,13.253728210926056,62b49662f2531887,18.830155909061432,17.81780117750168,1.0123547315597534,6.0,7.831641674041748,21.085369884967804,3.8178011775016785
2741.4329352319833,0.08559568195557594,12.9232759475708,0.5291695260683051,1.305811288456122,6.0,2.7734213496247926,11.770956993103027,4.736518383026123,454,16.640528097748756,5e2fc4e1c7692c32,15.664628949016333,14.197018887847662,1.4676100611686707,6.0,4.103598117828369,20.744126215577126,0.19701888784766197
2904.882774794161,0.020250994490087035,1.7131755352020264,0.22733912616634236,1.8161011263728142,6.0,2.350450485944748,13.168388366699219,4.014158248901367,455,14.102702915668488,4ab6cc4a9d164dc7,17.176436699926853,16.64208734035492,0.5343493595719337,6.0,7.025086402893066,21.127789318561554,2.6420873403549194
1085.6545449000596,0.03376812405908108,6.325369358062744,0.356362264674385,1.8544584537545838,6.0,2.881214621166388,10.950411796569824,4.9206109046936035,456,17.28728772699833,68a54cf4a6356637,16.500261515378952,15.473505347967148,1.0267561674118042,6.0,3.2339963912963867,20.521284118294716,1.4735053479671478
2908.3650962964293,0.009656015465348958,5.520981311798096,0.5400997006641783,0.8168122954666615,6.0,1.7760638482868671,14.629551887512207,3.0332062244415283,457,10.656383089721203,78f3a1120bb8e8dc,15.800505176186562,14.841253623366356,0.9592515528202057,6.0,9.709766864776611,20.366149954497814,0.8412536233663559
2063.5495887544153,0.01537851324993372,9.519392967224121,0.3595867288573391,2.243291219075521,6.0,3.50288059314092,14.69048023223877,5.9823079109191895,458,21.01728355884552,b83151bbdcfc0871,16.453421011567116,15.193831637501717,1.2595893740653992,6.0,5.303483247756958,26.320766806602478,1.1938316375017166
1089.274040881142,0.0691059326531887,4.903949737548828,0.2702676952222617,2.440994530916214,6.0,3.3450547754764557,11.590914726257324,5.7127685546875,459,20.070328652858734,81b3a9538ae2fa81,19.51331275701523,18.609252512454987,0.9040602445602417,6.0,2.7762476205825806,22.846576273441315,4.609252512454987
2797.100576042652,0.04846262858760357,12.457472801208496,0.4659614155639167,1.6514371310671172,6.0,3.092355457444986,10.592366218566895,5.28120231628418,460,18.554132744669914,7b173db91182a00f,19.738782465457916,18.297864139080048,1.4409183263778687,6.0,2.141017973423004,20.69515071809292,4.297864139080048
1530.3158568184972,0.047477031498074536,2.7878036499023438,0.25078606529916087,2.036375810702642,6.0,2.7180164655049643,17.109956741333008,4.641896724700928,461,16.308098793029785,21f1dfcff52c8f21,16.787189036607742,16.10554838180542,0.6816406548023224,6.0,9.974094867706299,26.282193660736084,2.10554838180542
591.7816006815732,0.05125073195576668,3.4950473308563232,0.200335925526994,3.0464892586072287,6.0,3.809711297353109,14.709327697753906,6.506320476531982,462,22.858267784118652,b5a89352d34df69c,16.862681955099106,16.099459916353226,0.7632220387458801,6.0,4.803439617156982,27.661707401275635,2.0994599163532257
2375.9243079205153,0.06913448245501518,7.948977470397949,0.30197138337607593,2.6606481671333313,6.0,3.811660587787628,16.174034118652344,6.509649753570557,463,22.86996352672577,77d97ea1df657e44,19.72007590532303,18.56906348466873,1.1510124206542969,6.0,6.069375991821289,28.939339518547058,4.569063484668732
688.7514884852096,0.031666785366058346,11.747817039489746,0.5693409575297301,1.0584347049395242,6.0,2.457709232966105,16.670785903930664,4.197337627410889,464,14.74625539779663,f6017040afc111c7,18.487383723258972,17.08810919523239,1.3992745280265808,6.0,9.82687520980835,24.57313060760498,3.0881091952323914
2572.3336329568624,0.02429331003957987,2.5239434242248535,0.15578037160388497,3.514850849906604,6.0,4.163431803385417,13.891667366027832,7.110413551330566,465,24.9805908203125,28b7e33594cf7b23,19.489318534731865,18.84073758125305,0.6485809534788132,6.0,3.1587977409362793,28.13938856124878,4.840737581253052
1363.0025357825757,0.056113747563362126,9.911351203918457,0.7181443568084147,0.504435682669282,6.0,1.789695167914033,14.484667778015137,3.0564863681793213,466,10.738171007484198,818011e8fbca60be,15.770391672849655,14.485132187604904,1.285259485244751,6.0,9.367798805236816,20.105969812721014,0.4851321876049042
2711.6960651484724,0.01726636456823349,12.065526962280273,0.47373893374962983,1.5752869447072348,6.0,2.9933564265569053,17.73796272277832,5.112129211425781,467,17.96013855934143,46d6d444654630f2,17.85567221045494,16.43760272860527,1.4180694818496704,6.0,9.545536994934082,27.505675554275513,2.4376027286052704
1803.8684517447946,0.050001484831929205,3.42500638961792,0.20595081735538676,2.9129897356033325,6.0,3.6685255765914917,16.217308044433594,6.265200138092041,468,22.01115345954895,4d46de652f50b78d,17.0263811647892,16.27084532380104,0.7555358409881592,6.0,6.6682257652282715,28.67937922477722,2.2708453238010406
1224.714829025358,0.034585344826459884,6.087876796722412,0.3592509466522843,1.7965832750002542,6.0,2.803879717985789,16.634138107299805,4.788536071777344,469,16.823278307914734,16c0ed8b3e35ed49,19.841671228408813,18.83437478542328,1.0072964429855347,6.0,9.120791912078857,25.94407021999359,4.834374785423279
537.5572371917181,0.0765997594153881,1.729804515838623,0.26982821194883233,1.452983150879542,6.0,1.9899195979038875,15.084370613098145,3.39843487739563,470,11.939517587423325,e170e3dd4bae9b2c,18.159624502062798,17.622688055038452,0.5369364470243454,6.0,9.841103076934814,21.78062066435814,3.622688055038452
2418.5948991422056,0.08236786951851845,2.814805507659912,0.16518319390684832,3.4615759402513504,6.0,4.146509647369385,15.104286193847656,7.081513404846191,471,24.87905788421631,e982482d5d65d5ca,15.08470056951046,14.399766862392426,0.6849337071180344,6.0,4.395545244216919,29.274603128433228,0.39976686239242554
1986.8204809863569,0.07534113320851325,3.3840432167053223,0.22001541976775274,2.662411759297053,6.0,3.4134158889452615,14.614666938781738,5.829516887664795,472,20.48049533367157,88e97bccc3265f68,14.968492276966572,14.217488147318363,0.7510041296482086,6.0,5.705625772476196,26.186121106147766,0.2174881473183632
2887.780227961719,0.0032306499489406122,11.873723983764648,0.609468488901355,0.9014105945825577,6.0,2.3081635385751724,14.937653541564941,3.94193959236145,473,13.848981231451035,81b056f2691d3b78,16.807864278554916,15.401111334562302,1.4067529439926147,6.0,8.463869571685791,22.312850803136826,1.4011113345623016
1200.7196641517876,0.08989693347549438,3.4717166423797607,0.26116046131748993,2.1519847909609475,6.0,2.912655154863993,12.001690864562988,4.974306106567383,474,17.47593092918396,8ca238f44d409f7d,17.45349109172821,16.692820727825165,0.7606703639030457,6.0,4.339717149734497,21.815648078918457,2.692820727825165
2514.4988509355185,0.03175845573318004,2.2853150367736816,0.18507443015050926,2.717495987812678,6.0,3.334655443827311,18.165998458862305,5.695008754730225,475,20.007932662963867,4a7ba54fb8a26b07,18.99021217226982,18.373052716255188,0.6171594560146332,6.0,9.520780563354492,29.52871322631836,4.373052716255188
708.9687247569486,0.06946990800666808,6.599066734313965,0.33923362251979167,2.0427472988764444,6.0,3.0914819041887918,16.97905921936035,5.27971076965332,476,18.54889142513275,3b5c84fb5d5f7cee,15.57602359354496,14.527288988232613,1.0487346053123474,6.0,8.725988388061523,27.274879813194275,0.5272889882326126
2121.606912303567,0.0898138574757576,10.587964057922363,0.48126621347199655,1.4318243662516275,6.0,2.7602296272913613,16.49614906311035,4.7139892578125,477,16.56137776374817,cd2f80a96beff3c7,17.38454794883728,16.056142687797546,1.3284052610397339,6.0,8.93137264251709,25.49275040626526,2.0561426877975464
1060.3836313583106,0.01641932604855299,1.6184535026550293,0.11588653775911172,3.962319500123461,6.0,4.481686649223168,13.48599910736084,7.653936862945557,478,26.890119895339012,a844d52d87afeadd,15.670352881774306,15.150985732674599,0.5193671490997076,6.0,2.0220983177423477,28.91221821308136,1.1509857326745987
549.8399741888717,0.0982018157942295,9.841975212097168,0.3404551493926588,2.481132373213768,6.0,3.7618857473134995,12.410149574279785,6.424643039703369,479,22.571314483880997,cad4c0c1c3e0a1b3,19.201404452323914,17.920651078224182,1.2807533740997314,6.0,2.3650581538677216,24.93637263774872,3.920651078224182
1601.7945751744805,0.011807197305977346,11.359824180603027,0.5165176365450475,1.2879697183767953,6.0,2.6639435390631356,13.539834022521973,4.5495500564575195,480,15.983661234378815,37dd0bf0e4587773,20.272597312927246,18.896623492240906,1.3759738206863403,6.0,6.191988468170166,22.17564970254898,4.896623492240906
2978.6019972492454,0.09590207386541366,9.195792198181152,0.509620605331141,1.1912534634272256,6.0,2.4292486111323037,16.180326461791992,4.148731708526611,481,14.575491666793823,53fcbc0a19835fbc,18.361503541469574,17.123508393764496,1.2379951477050781,6.0,9.488206386566162,24.063698053359985,3.123508393764496
1987.3589214764834,0.085305937240839,10.03011703491211,0.37189093421751307,2.1837193767229715,6.0,3.476656357447306,18.356348037719727,5.937520980834961,482,20.859938144683838,f6c082f53f4f21c1,16.13460209965706,14.841665118932724,1.2929369807243347,6.0,9.018239498138428,29.878177642822266,0.841665118932724
677.0352605300993,0.08577354699015617,4.515876293182373,0.21356454471564845,3.1946943799654646,6.0,4.062246123949687,15.438981056213379,6.937605857849121,483,24.37347674369812,7a073796090c75df,18.0575133562088,17.18996161222458,0.8675517439842224,6.0,4.849591016769409,29.22306776046753,3.189961612224579
2591.474731540024,0.058997710295438766,7.969427585601807,0.33648945824725307,2.2725545863310495,6.0,3.4250466922918954,12.562527656555176,5.8493804931640625,484,20.550280153751373,4ca0dc20aa22eec5,19.569342613220215,18.41685050725937,1.152492105960846,6.0,3.4236661195755005,23.973946273326874,4.416850507259369
2919.176125066161,0.07021241057300567,4.810723781585693,0.21509129703801133,3.267577365661661,6.0,4.163003102565805,12.893394470214844,7.109682083129883,485,24.97801861539483,54a188d8e66f5203,14.917765620630234,14.02233988372609,0.8954257369041443,6.0,2.03817405924201,27.01619267463684,0.022339883726090193
1823.157019396484,0.04564106805980206,6.748103141784668,0.36286228814890853,1.8621159692605338,6.0,2.9226271410783133,13.635733604431152,4.991335868835449,486,17.53576284646988,6527957ee95a6ce2,18.535402357578278,17.474891185760498,1.0605111718177795,6.0,5.798909902572632,23.33467274904251,3.474891185760498
1015.4092075867206,0.028361081245541573,3.055201768875122,0.391272940896604,1.1101639258364837,6.0,1.823746635268132,14.355589866638184,3.114640235900879,487,10.942479811608791,02dff39841b7b41d,16.333305552601814,15.619722843170166,0.7135827094316483,6.0,9.439432144165039,20.38191195577383,1.619722843170166
1148.949547573626,0.09394472183966636,12.620259284973145,0.529321108720162,1.289626732468605,6.0,2.739928975701332,12.664687156677246,4.679319858551025,488,16.439573854207993,4cd097348554a134,20.152342796325684,18.702040553092957,1.450302243232727,6.0,5.089713096618652,21.529286950826645,4.7020405530929565
2467.9867796736953,0.0913414449725151,12.25564956665039,0.31272184052517377,3.140992507338524,6.0,4.570191070437431,14.517982482910156,7.805086612701416,489,27.421146422624588,593c1f231c566f6f,17.583044439554214,16.153845876455307,1.4291985630989075,6.0,2.3779066503047943,29.799053072929382,2.153845876455307
535.698336716312,0.015672647467851637,9.645487785339355,0.4042009768931545,1.8689121007919312,6.0,3.1368163228034973,13.267338752746582,5.357133388519287,490,18.820897936820984,1f1c57fe2cd3f775,15.505477048456669,14.237572826445103,1.2679042220115662,6.0,4.791345596313477,23.61224353313446,0.2375728264451027
1198.8105194818677,0.01244354977041483,5.392542362213135,0.43969935156066847,1.2080542842547097,6.0,2.156082252661387,15.52224063873291,3.6822116374969482,491,12.936493515968323,1e5e856ea89b121e,19.635084807872772,18.687056839466095,0.9480279684066772,6.0,9.658020973205566,22.59451448917389,4.687056839466095
1065.9669411120863,0.06251523859739304,9.33992862701416,0.3627391309064381,2.191891054312388,6.0,3.4395506779352822,11.9418306350708,5.87415075302124,492,20.637304067611694,219d216f6efb58db,16.590220719575882,15.342561095952988,1.2476596236228943,6.0,2.7191243767738342,23.35642844438553,1.3425610959529877
507.0813493593,0.08915111317753792,7.350614547729492,0.33267715658491387,2.220236519972483,6.0,3.3270800511042276,14.522899627685547,5.682070255279541,493,19.962480306625366,df9ff2e87357fabf,17.56519478559494,16.458351254463196,1.1068435311317444,6.0,5.651777744293213,25.61425805091858,2.458351254463196
686.8968456774354,0.09294240338277816,9.75317668914795,0.3105538924774657,2.830484449863434,6.0,4.105446994304657,15.015571594238281,7.011385440826416,494,24.632681965827942,3067756e2dbc5232,19.661705255508423,18.3867427110672,1.2749625444412231,6.0,4.114471912384033,28.747153878211975,4.3867427110672
1026.913467338115,0.0844337719528675,2.902336359024048,0.19957881905102204,2.789345915118853,6.0,3.4848477045694985,17.67369270324707,5.951510429382324,495,20.909086227416992,f529d7fe4ee33f78,14.76787494122982,14.072373151779175,0.6955017894506454,6.0,8.613821506500244,29.522907733917236,0.0723731517791748
1555.6786040468214,0.016793173817336558,2.7982420921325684,0.21665142327856346,2.4692242592573166,6.0,3.1521398425102234,12.417624473571777,5.383303642272949,496,18.91283905506134,c81386748d5e73d0,18.95622320473194,18.273307621479034,0.6829155832529068,6.0,4.1958167552948,23.10865581035614,4.273307621479034
1432.2037341139912,0.0922093751039505,1.5447335243225098,0.15011722365386204,2.8726298683322966,6.0,3.3800306916236877,13.798271179199219,5.772501468658447,497,20.280184149742126,6b20b76d5544a78c,17.132782769855112,16.62538194656372,0.5074008232913911,6.0,5.094494819641113,25.37467896938324,2.6253819465637207
2013.4405804138778,0.07005194199204444,12.195428848266602,0.430767708740203,1.88394965728124,6.0,3.309632440408071,16.550399780273438,5.652273178100586,498,19.857794642448425,7a134ebbc943e8c2,19.946560978889465,18.520878195762634,1.425682783126831,6.0,7.563478946685791,27.421273589134216,4.520878195762634
2569.535883088231,0.028942927706956865,5.107155799865723,0.330470556477092,1.8691788166761398,6.0,2.791779860854149,11.647811889648438,4.767871856689453,499,16.750679165124893,78eeb33711d25a8d,17.173923313617706,16.251322269439697,0.922601044178009,6.0,4.207061529159546,20.95774069428444,2.2513222694396973
2527.627611809492,0.04356727807915211,12.78243350982666,0.3899757779949677,2.2831823428471885,6.0,3.742773254712423,16.9620418548584,6.392002582550049,500,22.456639528274536,f57abfd973380b88,15.549674922600389,14.090084010735154,1.4595909118652344,6.0,6.875312805175781,29.331952333450317,0.09008401073515415
2625.5336940613984,0.09348052791142464,12.809805870056152,0.40297205173872674,2.164788067340851,6.0,3.6259409189224243,16.90117073059082,6.1924729347229,501,21.755645513534546,e0353012519894b3,17.703404039144516,16.242251187562943,1.4611528515815735,6.0,7.105742454528809,28.861387968063354,2.2422511875629425
2989.415255894005,0.027006598559737208,10.22452163696289,0.4114314909706057,1.8674343625704446,6.0,3.1728411118189492,16.139163970947266,5.418657302856445,502,19.037046670913696,73f359eadae5c33c,16.168569773435593,14.863163024187088,1.3054067492485046,6.0,7.554358005523682,26.591404676437378,0.863163024187088
1935.7526263837217,0.034474532590389254,1.893925666809082,0.22015949246801547,1.9900968372821808,6.0,2.551928013563156,13.060139656066895,4.358246803283691,503,15.311568081378937,623f8aba7f55072c,14.834493294358253,14.272662118077278,0.5618311762809753,6.0,6.399405002593994,21.71097308397293,0.27266211807727814
627.2413149487451,0.018028101323008538,12.613771438598633,0.7436161163553576,0.4999065473675728,6.0,1.9498360827565193,14.457968711853027,3.3299789428710938,504,11.699016496539116,03a444c3ab71cf0e,19.452292323112488,18.00236278772354,1.4499295353889465,6.0,8.858413219451904,20.55742971599102,4.002362787723541
1976.313309853792,0.08753697039031982,11.78083324432373,0.4493612234350907,1.7170524994532266,6.0,3.1182920138041177,13.393933296203613,5.325497627258301,505,18.709752082824707,bb3a90c0b8e1ba2b,18.201309263706207,16.800069749355316,1.4012395143508911,6.0,4.8975830078125,23.607335090637207,2.800069749355316
2041.9562222736477,0.09772138517594336,2.7681844234466553,0.24320754484098212,2.1135942290226617,6.0,2.792832056681315,17.204383850097656,4.7696685791015625,506,16.75699234008789,a4ddb081bd967a80,18.614313825964928,17.935075998306274,0.6792378276586533,6.0,9.882683753967285,26.639676094055176,3.9350759983062744
1413.9580790129603,0.014942414017289875,5.935096740722656,0.3011582358986759,2.3079287509123483,6.0,3.3025054732958474,15.937782287597656,5.640101909637451,507,19.815032839775085,e52b8d70d2bf7c46,15.875102281570435,14.880525559186935,0.9945767223834991,6.0,7.184230327606201,26.999263167381287,0.8805255591869354
1389.285106460005,0.0834238602180481,9.945328712463379,0.2938357557810981,3.094104925791423,6.0,4.381565550963084,15.022220611572266,7.482947826385498,508,26.289393305778503,c0cd75b27395dbc0,15.663663201034069,14.376202575862408,1.2874606251716614,6.0,3.4245765209198,29.713969826698303,0.3762025758624077
956.4562547325194,0.008129989466190337,7.4913649559021,0.28059575334558273,2.8648160696029663,6.0,3.9822062253952026,14.058257102966309,6.800912380218506,509,23.893237352371216,076c1bca3aefd60a,18.948551416397095,17.83116126060486,1.1173901557922363,6.0,3.5440460443496704,27.437283396720886,3.8311612606048584
1743.7348915569482,0.06026443176746368,4.374641418457031,0.10907438782368979,12.080221265554428,2.0,13.559180587530136,10.229684829711914,6.779590606689453,510,27.118361175060272,45fd43e5fc792c57,20.459065079689026,18.980105757713318,1.478959321975708,2.0,2.7106146216392517,29.828975796699524,4.980105757713318
2997.05852419877,0.056602515785455706,11.578103065490723,0.5818621324873884,0.9982572694619498,6.0,2.387387861808141,16.62745475769043,4.077240943908691,511,14.324327170848846,b87f13f1a436642d,15.645848486572504,14.256717894226313,1.3891305923461914,6.0,9.964419841766357,24.288747012615204,0.25671789422631264
