bc_phi_mae,boundary_gamma_uniformity,boundary_operator_proxy_loss,layout.coil_01.height,layout.coil_01.r_center,layout.coil_01.width,layout.coil_01.z_center,layout.coil_02.height,layout.coil_02.r_center,layout.coil_02.width,layout.coil_02.z_center,layout.coil_03.height,layout.coil_03.r_center,layout.coil_03.width,layout.coil_03.z_center,layout.coil_04.height,layout.coil_04.r_center,layout.coil_04.width,layout.coil_04.z_center,layout.coil_05.height,layout.coil_05.r_center,layout.coil_05.width,layout.coil_05.z_center,layout.coil_06.height,layout.coil_06.r_center,layout.coil_06.width,layout.coil_06.z_center,poisson_residual_norm,pp,pp0,trial,value,warnings,model_id
0.0,0.6742120339411032,8.826566696166992,0.34845749353926575,3.327624490236393,0.6392994224757618,15.814672790737289,0.38899617422031724,7.8410502137543245,0.674352863692442,15.125709407204695,0.5073075161541464,12.402749378491714,0.3125441353675485,15.096849098640805,0.4442455528821012,16.80028815592308,0.5766370812564858,15.508911445729993,0.6234502426698925,21.76248468699943,0.28724788030815934,15.456112869517822,0.5776152707751544,26.283697153555135,0.7976539110001631,14.301531613247512,0.026343896985054016,2236.4447602743544,0.06510072161389623,0.0,0.4671901614272683,ood:cond:pp:2236.44 outside [505.725,ffno
0.0,0.6629820068325963,8.347177505493164,0.6234256386729367,4.4989030483328625,0.746640006974533,15.971535250409266,0.6289672294763573,8.995192035374945,0.5530244092956547,14.6984995292658,0.3658700660423224,12.670462730943912,0.6902993906300454,15.087267909317308,0.6547821598593782,16.325517815795596,0.8157695536754179,15.131467452068597,0.7354653360752657,21.737682905832703,0.7098827706127642,14.968323010799086,0.33845528097624344,25.57084995016907,0.4607866084277846,14.995993702539423,0.023495249450206757,2571.636243152411,0.027527765913650068,1.0,0.784469107504264,ood:cond:pp:2571.64 outside [505.725,ffno
0.0,0.6492323110189984,9.196621894836426,0.7108957180455445,3.4224003424691967,0.6062322894251362,14.902526426026363,0.4115011627446763,8.155344871586973,0.7950480959181014,15.319496783725874,0.5643745821497037,13.220755903400338,0.5563538228269405,14.48117214791011,0.3498407212145384,17.393149959593575,0.5358912936629576,14.654346549937879,0.8130955874244333,20.912255018337508,0.7110414836347397,14.848772448548331,0.6907465649149604,25.70064657916338,0.29737579594413166,15.561552493588646,0.02382773533463478,2980.956389421123,0.03292008010614286,2.0,0.6169744647140117,ood:cond:pp:2980.96 outside [505.725,ffno
0.0,0.6986255395851252,7.739285469055176,0.6727887440302416,4.914473407274592,0.5249221469274398,15.488627973757318,0.5463392709674868,8.647828090473894,0.3652592207567983,16.06759084965752,0.3569175082530162,12.975835366533417,0.31368407692149225,14.43569506664855,0.7614402298765117,17.449317080194277,0.3305637947955942,14.78445607993997,0.3160452212255033,22.109589007396114,0.7464231725121001,15.676637374551714,0.6642939794389455,25.96164138101006,0.2953389807686443,14.38029394601382,0.0255291685461998,1234.0648621198002,0.045061209055956966,3.0,0.9341467333844251,,ffno
0.0,0.6907386950745296,8.636791229248047,0.7367723034134865,3.9198190792598027,0.4152739363593464,15.420411728933953,0.8047758601708592,8.322442350769482,0.5887327081620747,14.800267221382141,0.6948002367068284,12.037583261326805,0.6482886753225354,14.671867480585162,0.6515320202531207,17.00354233358423,0.7343995306856441,15.298028134723934,0.7799780611876497,21.23718471568555,0.28551410212247014,16.033899374015785,0.7032225612497467,26.231651826937274,0.7360358012514967,14.505730518737364,0.02595822885632515,1256.196716168312,0.058858947396367954,4.0,0.7010178082823637,,ffno
0.0,0.6412678207654788,10.633903503417969,0.44841154327558164,3.411099578628196,0.5448308463703683,14.61984036284884,0.3942049896374747,8.49127934349572,0.36662181212503886,15.145932617809327,0.6617747345237018,11.802443544015023,0.7673419616605139,15.636490253695648,0.6939020795532089,17.403186124620344,0.8099246824286609,14.537993660017051,0.3230015272423596,21.75710405717747,0.28722859153123165,15.41250195791827,0.6228436836565089,26.4147789323454,0.3313829003370769,14.91223954531114,0.01827816665172577,2686.652407174797,0.011146870351375914,5.0,1.2653877537695593,ood:cond:pp:2686.65 outside [505.725,ffno
0.0,0.6867930573092237,8.42655086517334,0.4386838082927774,3.4459199050357534,0.2883336020393408,15.23067480897446,0.3125893468592803,8.293152550952545,0.6837861624142039,15.032171289687765,0.6142898867428196,13.48965124017743,0.37669552799261413,15.436754817583873,0.6482420535451556,17.01561299267411,0.4662825299279119,14.57141239452651,0.4864617847757359,21.422442559697892,0.81623751881107,14.770586474060126,0.7533073319289194,26.16528642231309,0.4806802539492699,15.31483650205995,0.02530648373067379,2400.3934610415413,0.036747977441116596,6.0,0.6646486716058811,ood:cond:pp:2400.39 outside [505.725,ffno
0.0,0.7167346752375271,6.278313159942627,0.5501651228043157,3.3995677278748917,0.7169298214919771,15.846956517865712,0.6853948523998479,9.21805876125178,0.4308417789914204,15.275065926576815,0.5211611425868485,12.923381860744279,0.43262862603532515,15.505820604759505,0.5363810344428528,16.79065406780828,0.664536398065323,14.768368507173113,0.4605052309464549,22.221575041534162,0.49293062407814814,14.887117205021426,0.8118508558797675,26.437930792800323,0.7871273286998672,14.45522490313822,0.023618903011083603,572.395996178269,0.09798564315827755,7.0,0.7852238572251734,,ffno
0.0,0.6364602061528337,10.16238784790039,0.6367819344409726,4.6641123866407765,0.6910472476482443,14.384859218562946,0.6065660801353836,7.756542785415865,0.7361463638282841,14.686404892003058,0.39127546969878363,12.41372879751413,0.5826490383847882,15.904063687859544,0.37615264692235106,17.61248331218909,0.5104710821428049,16.067684356894482,0.6297404332801055,20.823679086796385,0.5588851414731189,15.614012447243022,0.7378843752034077,25.59212076170767,0.4865071864808985,15.603577038041236,0.022514358162879944,2511.9686774021025,0.023362525345872645,8.0,0.8224758336416252,ood:cond:pp:2511.97 outside [505.725,ffno
0.0,0.6792199398830115,8.01579761505127,0.49658363511598735,4.373718266716021,0.3256025127711457,14.732728635924193,0.43693662780022424,7.9963667230664,0.8134176543782371,15.815662576166146,0.32519800260417775,12.813195748046097,0.8042025388944657,15.737523277772139,0.30474651844350203,17.432207821370874,0.7098485215962393,15.902393534338387,0.5994840978421987,21.212551782216114,0.3789171404964314,15.348598159997533,0.43238333700968434,25.269836787545884,0.5711233122850359,14.410669258173002,0.023752853274345398,759.133444076655,0.0713253586417649,9.0,0.8151821070450357,,ffno
0.0,0.7153260192460423,8.27904224395752,0.5333505151668874,3.4611727644014056,0.6905791987498626,15.83320411312667,0.6608521332584028,9.058519066296716,0.7673843926724776,15.339065547215029,0.69368657577857,12.031366146834651,0.5852190525434463,16.018552793916705,0.6900603787554667,17.84501486075217,0.4506351380174863,14.544242725464496,0.31226587775893133,20.46238191167604,0.6054562579434284,15.547679538328673,0.372576926397965,26.464975644910254,0.43266918157941286,14.703959654521054,0.02627570740878582,1719.999796371821,0.02737350575084978,10.0,1.1270538691681957,,ffno
0.0,0.8718027599167585,48.90717315673828,0.5349673328143527,4.326908151393565,0.5877208985286417,14.697214275642693,0.7247592981643652,8.44718746619644,0.5946561807795925,14.974155022481597,0.8191753917158023,11.878194045216231,0.4176724984347285,15.566213960612519,0.4462412494278965,17.457897857073068,0.6911867118535135,15.022552268000554,0.743807515029171,21.675045315981006,0.6502926060475941,15.259376201835886,0.5925385988634735,26.408829641805056,0.7372741032534089,14.721176677442497,0.03568063676357269,2265.9245415882833,0.005532827864571234,11.0,1.0583389900948876,ood:cond:pp:2265.92 outside [505.725,ffno
0.0,0.6691605025961664,9.596604347229004,0.540838616961425,4.090093134553007,0.579114644923605,15.14894313245157,0.8095583127803316,8.805325846158812,0.3368053397268684,14.785728834465292,0.4805319715634814,13.539707174672083,0.5880602270068782,15.41123132653165,0.8064578147269413,17.58618116922767,0.40805312072815736,14.740389279201207,0.6098498619141202,21.33395387789703,0.2849905722288422,15.250819094138745,0.7989678646840136,25.980218667830652,0.353165554706205,15.54393304032436,0.025546511635184288,2728.3367808913154,0.061989715741157886,12.0,0.4491972022309227,ood:cond:pp:2728.34 outside [505.725,ffno
0.0,0.7181204686717214,7.507223129272461,0.5782180683053852,4.728676810115189,0.7048924962662539,16.01929368504927,0.5640102412897443,8.340216419005838,0.31109702487967666,15.48937613189301,0.4107274357226849,12.248171562201103,0.6036150425337672,15.471601263898819,0.3458992547213313,17.062710900347078,0.28129860491493086,14.346914300993932,0.5928311991269288,21.68988197032021,0.5121539823803025,15.405553338998752,0.7390669377473653,25.722766666099858,0.7679093704920652,15.134449193885255,0.026086265221238136,948.6358580107155,0.09728565146259334,13.0,0.586276020739408,,ffno
0.0,0.6748262011412506,9.43411636352539,0.6281611364745974,4.006391027079893,0.715138677630247,15.419245063980545,0.7557250966188572,8.975512454922168,0.6471396358922008,14.929500576832394,0.8010463716648532,12.892528209835763,0.4289321744423842,15.766587628178424,0.4037157897438348,16.117657344420355,0.7704320976455309,14.713626520242332,0.47594106264398095,21.285415496451737,0.3357700060509382,15.182429703787841,0.48861283664743416,24.823777510183017,0.47653350490113294,15.497219768620996,0.02632233314216137,2549.970437675746,0.06581129608394541,14.0,0.46137064017768775,ood:cond:pp:2549.97 outside [505.725,ffno
0.0,0.6772165891785951,10.097248077392578,0.8099898276661287,4.228001117399996,0.49457004691392537,15.40227673615843,0.6235807349760434,8.913728736460376,0.5430016976219929,15.731720058041944,0.39750919901199194,12.323531849982903,0.5168075408563311,14.74169560979696,0.4462600612716555,16.727514652532978,0.6978055982160916,15.125925739566577,0.4044982891714031,20.575358578502648,0.7547123414332801,15.547802709681042,0.6544962055993134,24.89826017788409,0.29236982835920505,14.860350558898935,0.02574746683239937,2816.8765305608563,0.061761847257918154,15.0,0.4572831178551895,ood:cond:pp:2816.88 outside [505.725,ffno
0.0,0.9251465377908648,12.506396293640137,0.8184887431464251,3.924461011452939,0.693064144451665,15.917772259348519,0.5508153418581596,8.84817278722998,0.6059756212810203,15.096872558884503,0.710864229607816,12.123398300259762,0.41343622605407826,15.326568029012998,0.41761127759208727,16.325630694855874,0.5899020630923459,15.519415320379478,0.48268251230610726,21.135878077758193,0.6131882161955384,14.794737196427269,0.4601816359287934,25.078688601836017,0.6722375572037553,15.129241487574127,0.02631513774394989,582.9742433037231,0.02295432571521889,16.0,1.4506219561482612,,ffno
0.0,0.693059861526059,9.621345520019531,0.730711045233035,4.298620098388091,0.5384171941779212,15.405331370555096,0.6485733349696021,7.760440342861002,0.5306877802610697,14.555229752082166,0.6903714034150995,12.725358895089167,0.739857195606294,14.947404768029065,0.757043452466728,16.20553686235963,0.32221995688609684,14.872079929290479,0.4041282016515218,21.284975782300418,0.42985695935339163,15.557192149049612,0.7275634773577582,26.194446921900006,0.7318708839444201,14.511237630243825,0.026101751253008842,2417.54041461004,0.053979520140489165,17.0,0.5062285670981782,ood:cond:pp:2417.54 outside [505.725,ffno
0.0,0.7115861467541044,9.29056167602539,0.7799471439961172,4.872971222809121,0.7905304363461934,15.203669011258933,0.4304551209869879,7.50289450868764,0.5564606519360991,14.370869723595241,0.5934130282063481,11.995632973677898,0.3777039762618872,14.706989912943817,0.5441862442300465,16.48660287178984,0.5013342938662853,15.90777860812304,0.5078601089798744,21.97291116696793,0.4961158105940243,14.588611260902924,0.4681227324858037,26.30015903411171,0.6099050513927102,14.914410638242968,0.02607775665819645,1048.9919036344145,0.08769428802971924,18.0,0.5536372268667504,,ffno
0.0,0.6966436012001046,7.971724510192871,0.49847108905248333,4.5932860466070755,0.3686997733055302,15.93995289763053,0.7007293312710399,8.86480330858726,0.5769746982381304,15.513833815175644,0.3925082340807976,12.72522161111654,0.6181400638717275,14.958419982915412,0.5802495563757846,17.74629335634926,0.506972676976905,14.832178463276545,0.5212055719944674,22.019685177823607,0.3564415022776659,15.065832729744189,0.6586934953729555,25.281873381274625,0.5610678239647033,15.888141191775992,0.025588691234588623,1036.7942855511596,0.06585960521439163,19.0,0.7541025342101338,,ffno
0.0,0.6953844174717745,8.071249008178711,0.3099837286964779,4.264279288732471,0.33790762469432495,14.486546785319492,0.6314685705497662,8.455840190073191,0.7094360730369911,14.660753223543102,0.2907060949763346,13.31323471551639,0.7379186389747696,14.976925758894728,0.371831208584811,17.269121874884007,0.578402764236544,15.212319784235806,0.31935453813780956,20.658123550911622,0.4677948547640579,14.905827710247381,0.7527762246942435,24.965533872309088,0.7069099184289673,14.53359442498406,0.025615248829126358,1286.7928618190647,0.0461693398385002,20.0,0.8287584981482127,,ffno
0.0,0.6976290527069285,8.80251693725586,0.32664071462564037,4.672120862470038,0.6696329037100819,15.566987162150658,0.5512645379999754,7.577546787081122,0.7529638149455486,15.873543588228697,0.3329039276950655,12.741900031982839,0.4038576504686631,15.738635274447043,0.416378943838733,16.84680489212856,0.6912789510125819,14.849197465346055,0.3179069013230815,20.917655574789674,0.45748416976347794,14.469117529364317,0.7471011595914546,25.43860636735081,0.45351296627096044,15.467345250649599,0.028194474056363106,1923.9412251550111,0.08898837328117168,21.0,0.43268079506531026,,ffno
0.0,0.6901709068512464,8.457611083984375,0.6710806268794548,4.173422678621984,0.3111792449976829,15.98857873782045,0.8088665958276795,8.291269899174607,0.5170358294021524,15.462078470703762,0.48811183562921767,12.329846094283159,0.4359744977201027,14.429002944013815,0.7591939266701515,16.265142972100552,0.44685581998164864,15.773277605023313,0.7015981266815228,21.99491225758049,0.2829507583631366,14.88198039037851,0.5394621388203882,25.901225135734204,0.4488092181476322,15.11500748196841,0.02622232399880886,1299.3870711259444,0.0602728843222831,22.0,0.6777690831384698,,ffno
0.0,0.6604926867503699,9.507022857666016,0.7415733453382924,4.12843673387192,0.8081958262986974,15.620566257405304,0.3319894389469936,8.720589441837925,0.6403751941454564,15.853747851808722,0.5456584546207552,12.105209249520536,0.7998401064644949,14.639648407741866,0.44397711903690484,16.647988626088438,0.5042489819198701,15.025012453234275,0.5180609561801626,21.394649193123566,0.7431130455300721,15.921012839382339,0.52754408120896,25.400555057734266,0.4193966333818971,15.47209046896835,0.024863388389348984,2943.580789783305,0.04069710439513842,23.0,0.5648465804507949,ood:cond:pp:2943.58 outside [505.725,ffno
0.0,0.6668864599969393,9.617219924926758,0.7216552491476227,3.6470445585739495,0.6199432898529947,14.441108878250946,0.5191792770571917,8.094686474776262,0.5504446849817483,14.825249539879673,0.5655746934713715,12.392965982455465,0.3949726770648257,14.59804522892798,0.4160748971983764,17.509248446088158,0.5158436479596072,14.720304448604145,0.6963659429012996,21.541026963704063,0.5768244589810503,15.92877951409363,0.6026943289493636,25.947364546831345,0.569123955784667,14.481018007535146,0.02534017525613308,2640.2386552019834,0.052680828296654596,24.0,0.4800794190109674,ood:cond:pp:2640.24 outside [505.725,ffno
0.0,0.6937792873859883,7.87901496887207,0.7804027362535234,3.6146427786552664,0.37558862592396125,15.240323284233183,0.6436463233616839,9.055965272622021,0.36000165831877423,15.893894752513603,0.8178606082892317,13.465489352743718,0.41337055659741295,15.324011714268845,0.46123954257880634,17.34873701038161,0.34079532471314167,15.659649308929938,0.3825704550213635,20.58919614497484,0.3322659498741881,14.424157241718245,0.4541738066139482,25.33488342834316,0.7455865745702592,14.954754790144886,0.02656685560941696,1384.7061606589016,0.07985209244743977,25.0,0.5519521527580454,,ffno
0.0,0.6648004452702341,8.070538520812988,0.4397824678901804,4.356021054961027,0.400795120805423,16.067987583878256,0.42003854688370623,8.832153403739351,0.8215258664028363,14.80480559713562,0.46596764474419217,12.663780377536732,0.651756577864423,15.957109341801209,0.37154879751513537,17.518663848491034,0.8099234740974409,14.34755493691618,0.40127658872733496,21.040922872623955,0.7878151008197651,14.40995359375822,0.4771561876542053,25.967047021991768,0.655387530270275,15.278529958321695,0.023480337113142014,2314.4925653577975,0.02436437511574843,26.0,0.9658005378045503,ood:cond:pp:2314.49 outside [505.725,ffno
0.0,0.6563211610783769,9.604626655578613,0.3776141186158991,3.6793113632431997,0.30930064919038636,14.441427711310928,0.43771768286140256,8.651863671279312,0.3332049128365232,15.42047408708003,0.5834287810852561,12.561670456987969,0.7444523801470937,15.302008711458543,0.2845384088504012,17.63924837984127,0.7157311133725963,14.59794116390827,0.5432030917525956,21.084552416827638,0.6121594826733313,16.060981857120026,0.5919902276783482,24.792963585313977,0.36263303584660267,16.00859618886143,0.02380412630736828,2991.1032267521546,0.03230331250609987,27.0,0.6160854412769688,ood:cond:pp:2991.1 outside [505.725,ffno
0.0,0.6514120343783761,9.02103328704834,0.8194877834422549,3.2125375213819245,0.7654011775520487,15.958904385319647,0.7219123276138851,8.217682334566287,0.7137237322382928,15.460225140566001,0.5498355619657205,12.583749457621538,0.7888370752530829,15.376831885651853,0.32492436853267537,17.436308938950628,0.6464769605969851,14.686808356486706,0.5794767311673008,21.043121065068995,0.3561697537922263,14.42141222728109,0.31736278207589175,24.802949294944735,0.47563813276289624,15.696370227327268,0.025258447974920273,2832.557797581286,0.048422628779747415,28.0,0.5322227024025943,ood:cond:pp:2832.56 outside [505.725,ffno
0.0,0.7109054666213679,8.43933391571045,0.37010209992490006,4.660089136263185,0.468139536406331,14.63615165943428,0.6363857793121706,8.602550397379078,0.6141688941908746,14.280775684756719,0.43997939290656884,12.009741549623904,0.3589346082915458,15.273135033308602,0.6645986626554152,16.55872716463568,0.32519748598988174,15.967846611957208,0.6965078954810184,22.080906186810655,0.6175580454078953,14.984755143034821,0.5759684334966397,26.484378545450046,0.3123594629170632,14.695011315633218,0.024120992049574852,812.5042728512026,0.04671738748438188,29.0,1.1307962928732829,,ffno
0.0,2.3456697292269326,119.67569732666016,0.5815011484576118,3.3656626108171945,0.5724264064181814,14.29480768556191,0.7101932187437634,8.11346825191813,0.3862582121320335,14.773474275519614,0.2977640904525764,12.305145615480974,0.7638326176837398,14.857594171767637,0.8075532754787738,17.312168019997447,0.5203980845256425,14.568665653412461,0.7021042838351275,21.035171683837568,0.4068866109566781,15.877955489652333,0.730588145737015,25.562985129642712,0.37764136940265647,14.955998452686554,0.060208760201931,1176.7950345891725,0.004985754131127345,30.0,2.4681885001102133,,ffno
0.0,0.6876764305283353,8.879279136657715,0.32917239755672956,3.535759935475345,0.39139164978006424,14.88467902743397,0.6727527616223659,8.040047713676946,0.5840970757859119,15.57008006471204,0.557720214651358,13.169105346105795,0.4550077075182174,15.63479099770922,0.5013987008633534,17.80459702521639,0.5956688229843456,15.242582964640832,0.36759949836060946,21.58386243692844,0.4034410188846957,14.616578450008424,0.46564933547214915,26.205698045824544,0.36642313744033506,15.381279994260494,0.025379054248332977,2372.596579773612,0.03696782751214183,31.0,0.6372968679909514,ood:cond:pp:2372.6 outside [505.725,ffno
0.0,0.6994101506445637,8.666427612304688,0.7847260792347928,4.853083611899028,0.7015725997850271,15.433660749987741,0.3629815385235628,8.810531476467192,0.32965002660226583,14.41225291171865,0.6854434491721662,11.881064782282253,0.29425247047893877,14.547492205422202,0.628755520094558,16.730146695360432,0.7429763945743647,14.368131199348431,0.3260685170066665,21.68986524946957,0.6884884524234453,15.33743287880541,0.7104895262327128,26.29861858103752,0.5680865815048979,15.564788303833812,0.025932254269719124,2051.9165724923696,0.028066924911777213,32.0,0.9210516265807616,,ffno
0.0,0.6702224177553597,12.33365535736084,0.6646019036010411,4.609544709343583,0.3880331015421613,15.454613899073594,0.5146390847408919,8.334796834501468,0.6300078730746566,14.503437994939848,0.8083989362643392,11.783316924508853,0.797434199715825,15.323411438986811,0.49161043896295764,17.23154966507501,0.5543541373741516,15.004032055281538,0.716561873832303,20.496390499953385,0.31102642768885114,14.621969331350938,0.5360801215539022,25.212585864504234,0.2866859864157264,15.25602491977146,0.02057153359055519,2011.822433582926,0.013630297706637477,33.0,1.2812410643836842,,ffno
0.0,0.6899526098316854,9.173547744750977,0.34657900831224453,4.4032954437869005,0.5639431830681806,15.502528001664022,0.32403945644561216,9.119900131883425,0.5172149567470877,16.058313384078033,0.4326090002435081,11.961497871961464,0.6004463628961896,14.289948897929063,0.5843549519430142,16.860072294125825,0.6237501518761943,14.374564629073951,0.5917532367590295,20.44621902536537,0.6826510251035514,14.725681062551095,0.5335923704826953,26.085792700772753,0.3545558003713305,15.019512694328142,0.026616675779223442,2258.2353250304,0.061835406257045894,34.0,0.5196488298704228,ood:cond:pp:2258.24 outside [505.725,ffno
0.0,0.6830479857429748,7.749906539916992,0.7940096781570337,3.541211970919669,0.6820098681803111,14.670366450183336,0.778861123160303,9.195347564781372,0.39957824587484275,14.49823763957614,0.6986700308419866,13.4078289435375,0.8303088757020514,15.47852706058144,0.502771140373656,16.245009033311046,0.6002130431378954,15.194035408937124,0.7063103139618285,22.02337662037962,0.7422385870266928,15.51411696175116,0.7413997707814808,26.303175965928414,0.3608676708893678,14.679407082757761,0.024953028187155724,1009.6092988467435,0.06739516648087177,35.0,0.72286358029094,,ffno
0.0,0.6638468796836503,10.30986499786377,0.4611445591440312,3.6009732463399873,0.3897920819143072,14.632304906345503,0.8271974895546484,7.461323557951508,0.4778263432919376,15.66370816989018,0.2875668404757593,11.843932572404062,0.3197689201340148,14.460690438263258,0.35294702334219447,16.817751829123715,0.644430345047768,15.182938678230453,0.8098692024948649,21.670939788505265,0.5229863149049252,14.585177346486777,0.7793450730648481,25.765344314706525,0.7183472016130013,15.328330645242975,0.025209659710526466,2996.43545203629,0.055539883938115354,36.0,0.4510409060168521,ood:cond:pp:2996.44 outside [505.725,ffno
0.0,0.6853915588479508,9.91938591003418,0.522199195197818,4.224629189205486,0.4634708825218302,16.003179723236407,0.7884050501591232,7.911824617911119,0.8028076746606297,15.746461950310996,0.5002218177394281,12.64948496103165,0.6689959396373137,14.735131668381946,0.43909522613843877,16.45080921028223,0.4499528833110912,15.883565414057127,0.45549835614284284,21.892719565793485,0.4280856341726781,15.166033205827235,0.5842654510970884,25.50926864847111,0.6641104273379937,15.922935448040825,0.023670820519328117,2982.5990597634795,0.03050525700151758,37.0,0.6444095279569667,ood:cond:pp:2982.6 outside [505.725,ffno
0.0,0.768173820361777,9.397737503051758,0.5616970037552231,4.1512729246460855,0.3646105124089516,15.172417786377078,0.41187453049607314,7.691768605722139,0.6976621223418142,15.628046108512885,0.5892382520829972,12.252862970438901,0.4500943346522419,14.62425685344881,0.5450900901161404,16.99163107440774,0.6137132135228615,15.445419016162534,0.5330313794760478,22.224821364445923,0.6981366487659948,15.42098745817807,0.5679196857135653,26.168910220019107,0.3716938056111054,16.03878627335475,0.02725944295525551,1092.4199352842122,0.02669370523553867,38.0,1.2732818717049301,,ffno
0.0,0.689823231761976,9.29474925994873,0.804696230856536,3.352680446551553,0.7633621412047666,14.782079510012574,0.8260763169354327,8.800647519069432,0.35992348560474485,14.588411919121622,0.42238918617196475,11.901074710822954,0.7521947289670892,15.10892565149078,0.7930866348378101,16.466289139279798,0.27947173942310244,14.77043101002574,0.6942753845584004,21.348221704844622,0.6571939844944656,15.016065804441912,0.7726006691498513,25.22314944898627,0.4194576268279336,15.048217582927299,0.024351369589567184,1961.1952601177659,0.020511244311802977,39.0,1.1773689361535606,,ffno
0.0,0.7060242576579815,8.196026802062988,0.6581853362470458,3.92209142504925,0.6314418916764699,14.74162539596865,0.5377019897705337,7.596972157355251,0.8064065305406009,14.68545815669494,0.5075877610179017,12.583974806213776,0.6895845437194089,15.191973153114185,0.6250666507237514,16.64182455843612,0.4607885748501493,14.873507233574465,0.788982932767644,22.007149416139747,0.3140141524179505,14.478935698875995,0.31698393781180495,25.20568149812545,0.5434317936507305,14.718831057502191,0.026033200323581696,1358.3247117230599,0.04130523269693396,40.0,0.8712065570493024,,ffno
0.0,0.7018572733133378,9.076299667358398,0.6424373478122518,3.1725910529843104,0.2792036337150211,15.439285680749771,0.5163895419141693,7.846484740078338,0.6098298239585203,14.569057603032164,0.2893202789299683,13.094688133283059,0.3426877972420776,15.397007868107343,0.6967904081262527,17.720486485879302,0.7367016374656209,15.445358194617869,0.48987178081768,21.636451585633925,0.4471361720565933,14.859812282590534,0.5568230235171514,25.070545410786675,0.7057762507590488,15.43176320173837,0.026017000898718834,2286.5555294329333,0.042060677170165546,41.0,0.5961740076739956,ood:cond:pp:2286.56 outside [505.725,ffno
0.0,0.7388598456251704,8.096640586853027,0.3618926909542334,3.7934400887493314,0.5113799260395006,15.19993262480112,0.7677669049492701,8.066299098754051,0.7829176719246138,15.636822006805055,0.3434855311614552,12.67558792193068,0.6851200743754917,15.050295083130663,0.7101339722953155,16.195668233164877,0.3896261125855634,15.568106413175785,0.5722051951615246,21.36771012927371,0.4875675729775487,15.649816378005232,0.6741847283026173,25.05223705081255,0.5545246247406027,16.037354843911736,0.024756569415330887,766.3409759352639,0.04133581568430275,42.0,1.263141575583931,,ffno
0.0,0.8221413498926539,15.52871036529541,0.3505412664411717,3.2429296920645587,0.5886464358034307,15.974327329571734,0.6209371361769128,7.49744417823256,0.4584816159120544,14.31486349093495,0.6792875219428303,12.40921535806824,0.5190144545400537,14.531187078519578,0.7370230961044579,16.862469079810722,0.5911683963983493,14.92161624663753,0.31720652331377985,20.84472509218777,0.4440394046883346,15.329984469396225,0.5476904762531327,25.50600425929869,0.7124424602122406,15.666628571564823,0.026759710162878036,2826.481896431702,0.08640174442065825,43.0,0.3666743618177371,ood:cond:pp:2826.48 outside [505.725,ffno
0.0,0.6848359287607535,9.028139114379883,0.7365213393640353,3.7908552472304846,0.5535779876288374,15.639460540155953,0.3611276932563678,7.8121630614832185,0.43618954409294564,14.513570252141411,0.44075186070909544,11.804095190445135,0.5158056087612561,15.859576187048994,0.28236712388884366,17.151735353485225,0.7008311374520811,15.331991507343002,0.5800700384725386,20.45483382191012,0.7373284030137546,15.301257411577664,0.6064531672019051,25.50444843135893,0.7919212460820811,14.521232602990818,0.026820741593837738,1645.1166451311715,0.06505816409118675,44.0,0.5412772026461081,,ffno
0.0,0.689690326656442,7.7668633460998535,0.7368944397915376,3.6087965542620197,0.3883901998940918,14.726133887877598,0.6442163886669454,8.817171048238713,0.5045513520997238,15.248192038124236,0.41408121411451837,13.364286433462333,0.7948157636498283,15.368159426286086,0.6364373549548603,16.39542797458586,0.5667844739379198,15.998191401843782,0.2777365824501485,21.611673024026167,0.5169068082922885,14.735898261040221,0.3453814025789106,25.391474296767658,0.7896011749599173,14.944047159445311,0.02558795176446438,1306.6730522923824,0.04782371069453076,45.0,0.8111613465100088,,ffno
0.0,0.7021305153072748,9.52900505065918,0.31182372093453276,4.284778506437214,0.6582196499228585,14.569621410204828,0.34443458170774877,7.682310876752129,0.30967920265747684,14.746382298451802,0.5432789134522982,12.35982811334737,0.4866077164861521,14.924155534476776,0.6985744370649624,17.757791423242033,0.306469159520809,14.732700861587357,0.4769326288929341,21.48121966443977,0.47126634274252055,15.772507248443663,0.32729719991044237,26.006545059928314,0.5331500765205388,14.865441612523997,0.02697024866938591,1617.5769523847466,0.0758890314976348,46.0,0.49424182636964614,,ffno
0.0,0.6787759769931273,8.53842544555664,0.6123599113990689,4.665032157844157,0.5460764239651683,15.699783246958471,0.4934321452103919,8.054358627370322,0.5988832911074501,15.649799352385802,0.40610777611009474,13.36741215030493,0.7476227543257581,15.318246588585604,0.32119113691376266,17.379108180458655,0.43278126067991746,15.559297929615674,0.6174452933331511,20.52850098771457,0.35886839449078856,15.762676416443263,0.5581991103595961,25.691199202211582,0.7101136796727472,14.53132283211503,0.027180617675185204,2001.561159804683,0.07924953555884086,47.0,0.44029690540284644,,ffno
0.0,0.6940612975834645,8.698980331420898,0.743749251001504,3.356520866498116,0.6773016077657892,15.407050213999476,0.7256489654927117,8.722800390054621,0.5344293751283089,14.751886975788947,0.35064862365823724,13.375305924488416,0.3767217695443777,15.532145222139745,0.4437621068616077,17.593617714235926,0.4889177010929654,15.395426535608383,0.6009460909101142,20.672192829754135,0.6551367566033461,14.447571535049544,0.6751138673778367,24.91478316120922,0.35231351931318455,14.94586993879607,0.026339737698435783,2089.876465041424,0.04796610406485147,48.0,0.5942272433366674,,ffno
0.0,0.6845943898885721,8.946682929992676,0.5691250491207251,4.605338984727639,0.4427358390794056,15.438883175026822,0.735407592156939,8.422383496840853,0.33184549549916675,15.551979765927692,0.7948408494064286,12.549358143443854,0.5243534395419247,15.7663448962515,0.7365497372035295,16.563908557045806,0.703335609670739,14.655148078018728,0.627413295233934,22.113804859089658,0.6044903083831225,14.954029992032403,0.7574827189130058,26.28759212253317,0.8311716893571095,14.682640778868034,0.025048138573765755,2647.1853395286166,0.041012458882537656,49.0,0.5764976162980738,ood:cond:pp:2647.19 outside [505.725,ffno
0.0,3.265682674821943,171.7657928466797,0.7809057578330209,4.156260944241362,0.6481792231475927,15.90234358039456,0.36862066452530995,7.617680177490663,0.4871410318120719,14.366817048613326,0.35628943245349376,12.114709752401183,0.2772690772460379,14.936541677564461,0.7634607899011275,17.494424643198823,0.5040570837687728,15.355071466861823,0.6740483613952108,20.551908200027047,0.6326649889020857,15.337815041505714,0.7685859596202584,26.078422565018013,0.6902664056875911,15.390894407177656,0.07344194501638412,1206.3573840440677,0.003258422258511179,50.0,1.3821362910600954,,ffno
0.0,0.698947305125752,8.278956413269043,0.629825727386017,4.5696172980676835,0.48685765140367276,15.958662087332002,0.7562744452510972,8.787067081250672,0.4316968506848889,14.604784453734327,0.6465554516468588,12.477366752691566,0.6063079187903906,14.964481980552788,0.8209682361725668,16.919562154668387,0.6557466647293331,14.702240040468745,0.6213095642161215,20.499459919976694,0.7554685801526044,14.768009822866581,0.3855767626798798,26.247789476659467,0.5300326240261067,15.634956230061556,0.02626793459057808,1046.9332263481808,0.07944529885532436,51.0,0.6528916001086832,,ffno
0.0,0.7041839097536606,8.59317684173584,0.36739886559789814,3.616814771033759,0.7065723322907461,15.791364194486013,0.3750491002480279,7.531170932269008,0.7113866304541773,14.830339489671346,0.5212260752639045,13.033263688466086,0.5944629847752634,14.804618817497667,0.33248243720260506,16.800482192936542,0.7219327866749383,15.324567172505692,0.7348865214041378,21.91144727659483,0.510343128061818,15.638324552121174,0.7390402713338515,25.934054920082197,0.3977976975606631,15.793263598549657,0.026077192276716232,1863.0142652262862,0.025539323257749418,52.0,1.0798123066155367,,ffno
0.0,0.6842706034379774,9.088939666748047,0.3879062363027051,3.847814518662595,0.7915676956124056,16.012660290444664,0.7190007167852304,7.891508727055854,0.6550669701675431,15.822949542702741,0.6949685025216565,12.33026683782828,0.37855628809987557,15.617004063953246,0.4106522573442255,16.86220131773881,0.2996709512564009,14.874540482453497,0.8309324342591857,20.571854866482024,0.6742695091416819,14.446895189661907,0.6175264473422475,25.37228692525441,0.627995907100755,15.372164119158953,0.027390703558921814,2230.061146741181,0.07475911505389875,53.0,0.45716125309848055,ood:cond:pp:2230.06 outside [505.725,ffno
0.0,0.6975567956197647,7.931800365447998,0.7829713964001257,3.3772934568133746,0.7792297495595611,15.080569643770689,0.3308017020697619,8.389526035665003,0.5589255705398916,14.370812247403776,0.36530466989793814,12.220731094060058,0.5787624625059731,15.01145779062424,0.5642185094237955,17.865828736359838,0.6925342272513347,15.265576756556907,0.3735823575665564,20.823896898271673,0.5660697925151683,14.288452349160986,0.5981283227438683,25.864490913280928,0.5048006091258423,14.82659405717558,0.02591618150472641,1320.7051164079076,0.04255947167934026,54.0,0.8825337153315909,,ffno
0.0,0.7149750529811005,9.248880386352539,0.6594508480334491,4.304800860861617,0.8074068371088078,14.295977287633189,0.6780550250809197,7.641791383592978,0.4416822993548841,15.100015812098745,0.6105006335086941,11.87381225269915,0.5389774357104051,14.997680128776414,0.6965460012281711,17.44861323059967,0.6832551847290655,15.172966114360056,0.6237454633264072,20.61181406179221,0.5397505517953148,14.62404490142754,0.5863012492906137,25.413806115726793,0.5270123437879985,14.7773135083674,0.02818780392408371,1776.4589902185717,0.09438307842779275,55.0,0.4170231326086098,,ffno
0.0,0.7066366371688384,9.206734657287598,0.43531975491874286,4.81236085933227,0.45554178106477144,14.684926616070072,0.42064914666135644,8.801705170937492,0.8078733273037767,15.063512826571658,0.7550660660447418,12.782994156757926,0.6384557466311225,14.653312281124872,0.51015180335467,17.212515124152446,0.5141809531419608,14.987436459264309,0.6017006006417529,21.471210778846324,0.5966282738809854,15.079937107829153,0.39709679864731073,26.28090125993808,0.6661494664964847,14.958674101188695,0.026184501126408577,1753.90754801727,0.023223372272498446,56.0,1.1525656655532848,,ffno
0.0,0.7486198893303901,8.129878997802734,0.4307533267783481,4.751586283570962,0.5582261669298347,15.90410380572989,0.6031660166484938,8.155357926985907,0.6130136829814694,14.501086419948916,0.578138035824752,11.872308525347474,0.2981790902854848,14.613259719435298,0.37856246145576505,16.9180581271228,0.6158345025063495,14.43732835352703,0.7766757695502369,22.184028497958984,0.3373960865295869,14.956972032622447,0.5163356511174958,24.789047434917357,0.5578203238639542,15.11207381400343,0.025166768580675125,781.8243264370152,0.03855339094856421,57.0,1.2853695710646804,,ffno
0.0,0.7052617716288944,9.46037483215332,0.619405855101617,4.277296365837378,0.7313323400070066,15.717942254789726,0.7423754862232533,7.933811947106346,0.4159503037424366,15.993393550395872,0.5126021464284578,12.029012497242576,0.5252740746401153,15.577183382599664,0.715429962355042,17.834913829911283,0.5883181488949623,15.970361907164008,0.45134330467292255,20.710101047133776,0.3399461083091579,15.636756597077351,0.5694201179504197,25.60384922367906,0.48907142222279176,15.75655289794393,0.027053194120526314,1817.8036804211088,0.048308131021231854,58.0,0.6241156252071133,,ffno
0.0,0.7524214724232734,10.72757625579834,0.37739981429267877,3.989282722250313,0.7474107312379163,15.98482501533316,0.5053519478238235,8.403302013234661,0.7478913776564098,15.154444808481765,0.3870279210355615,12.287401487798816,0.3086997013694608,14.634710739007046,0.8195794564191913,17.805550436353823,0.5077134583636811,14.87585239129512,0.2803323735316992,20.481502136722774,0.347554787414984,14.328465061167664,0.7560851438782599,24.971345790301452,0.4310423398612212,14.822068024469043,0.02673681452870369,1416.378660152053,0.019065933415609835,59.0,1.2892932543812923,,ffno
0.0,0.7086599800949059,7.825002193450928,0.5543571661107218,3.44855149089524,0.5579988162090871,15.655063525514894,0.6298217757217263,8.981643423448272,0.7430985989055133,15.523996905811462,0.3186225489410537,12.98635298615127,0.4141428887666661,15.667137864401527,0.5747889616522853,17.77522326496075,0.293764494834726,14.344440098329017,0.615820340163657,21.9586250194882,0.4698660560991111,15.848674699262029,0.6992661707509371,25.63333926184845,0.7508505139099805,15.734293947435672,0.026437200605869293,1530.2008676717155,0.04610452286157063,60.0,0.7850899492005873,,ffno
0.0,0.7092991012526346,8.21461296081543,0.3800664789834347,3.1554969497657313,0.3477014220657335,15.470366898390065,0.6794445275064354,7.950361465777579,0.31928203674087274,14.629026458951463,0.4628297580287307,12.697754629578338,0.7949759214092924,14.854930599042213,0.5651024429719171,16.82693443954555,0.519601747073898,14.924581367776218,0.7478346852739022,20.55463254187755,0.4777978634069746,15.21111485713768,0.602413195122617,25.346501939463057,0.39772649276851035,15.88693025866349,0.02677837572991848,1110.5789986080044,0.09046774232543137,61.0,0.5786762276487175,,ffno
0.0,0.6793500870700725,12.793909072875977,0.5056607451162277,4.131044713914761,0.2970940944832922,14.682649501994534,0.7587359835044507,8.272004300508256,0.4474559721455914,14.699188239827992,0.5841045247177699,13.05012518637669,0.5972312858425144,15.956451950581428,0.4625915649157253,17.24621449012126,0.358112292707209,15.167206654037106,0.5888790631213201,21.340874732300918,0.663858083650813,15.027165483186513,0.6638647015170376,25.730371500958956,0.41743134127045234,14.332991630281288,0.0212522242218256,1859.2867262936265,0.013877879419597759,62.0,1.231294707503533,,ffno
0.0,0.6679870143483402,9.122234344482422,0.5641898798614906,3.7631216801060985,0.7166073513314527,14.74993864358931,0.6096891094829233,9.119409874679638,0.7772975107482026,15.231886075022341,0.41958799851801587,12.018326779747358,0.5181615376497781,15.443338647908813,0.31851458126037047,17.6891574266464,0.6569105686458075,14.839010295897566,0.6336415081195304,20.873341963621037,0.696248110302762,14.339721046916097,0.702811973464085,26.397875586285004,0.6543738818826723,15.629209487919054,0.025467399507761,2609.788541382362,0.047405419648813486,63.0,0.5317773704820031,ood:cond:pp:2609.79 outside [505.725,ffno
0.0,0.7092502549995273,8.269527435302734,0.8096117897191996,4.0741929064213664,0.39658313454830385,15.333028414703813,0.464737845111166,7.526905228803495,0.3163731911394205,15.80980573323701,0.5897379912776037,12.584875287734508,0.5878272000400641,14.740628778100309,0.4769844960688373,16.681559336615983,0.5184024452946999,15.67156208791842,0.4522313387319441,21.053038015933158,0.3723335032958663,15.690410285145898,0.6725206262880408,26.162150617459528,0.5519024595327063,15.059085800755524,0.02524484694004059,1061.5104975550094,0.043854850078919774,64.0,1.070496939494737,,ffno
0.0,0.7779188105482894,12.651117324829102,0.6446969609599718,4.760152351922482,0.5162103365922227,14.934107304957823,0.32908580373191426,8.25954913138729,0.716415469968676,15.629446760096682,0.6871438645623862,13.455019991821455,0.5851349683290705,15.020490415823275,0.3739109084275544,16.763459339571344,0.7933964335453193,15.764786416339959,0.5267264266990941,21.548905933970374,0.653880419205271,15.903564212701301,0.43448044655687046,25.786794412841626,0.34799442326985064,15.968071738954261,0.027103852480649948,1244.1275501240352,0.017294680357104356,65.0,1.3267218615383558,,ffno
0.0,0.6991600917635141,7.990221977233887,0.4803972639326885,4.491467723728697,0.7977871671982654,16.057773926470635,0.3422170464678156,8.422057283784806,0.3450252866644717,14.445647562471866,0.6079759471862255,13.457292803203558,0.5079288683518253,15.91967942424842,0.3950842901342434,17.57593522643978,0.7926825471136596,15.514495971727452,0.707799273030995,21.205183350023535,0.5850792945345552,15.601489183355401,0.6425921268440156,24.977393813941486,0.37736237811238593,14.377981178906778,0.026083137840032578,1744.453204606502,0.03289873490476277,66.0,0.9000245973760428,,ffno
0.0,0.6963390088634452,8.259847640991211,0.3295924316870544,4.856738415445726,0.6653760403541353,14.975000615899706,0.6500870511101902,8.919978104631673,0.33024086120795226,15.900857865902562,0.7812001276883046,13.496712548186254,0.45576693384010414,15.474647353779623,0.3555729206570227,16.877104399478853,0.5072689065157705,15.224139065520452,0.47488109429210945,20.83965480828729,0.6981148238708015,14.92114672095407,0.6257834398019471,26.03340606642965,0.6626187167042015,15.963004113108118,0.025109918788075447,921.7186068867953,0.0761311973469423,67.0,0.7091657890945403,,ffno
0.0,0.7013404016725184,9.760316848754883,0.6103233167447057,4.847109412121534,0.5889879675071961,14.393080067711546,0.6395900077982781,7.842892188832192,0.30065035340139823,14.95755400400905,0.7987760019835651,12.36418596894066,0.5642571106942353,15.532356364220187,0.817859328571778,17.821551664630793,0.6205247686463695,14.54293923135337,0.4269305432905053,20.867860635218396,0.7843468463177837,14.293398039588045,0.5783378786154169,26.205062491101298,0.5364550068908938,15.583945822575298,0.026865947991609573,1475.9188505293992,0.0660702226247635,68.0,0.5587594482062466,,ffno
0.0,0.7234790105651173,9.426434516906738,0.6160445030698235,4.684527598490265,0.678295834506649,14.543109270324878,0.8256271058474121,9.099372962949216,0.4915331250886324,15.368133114166925,0.8190432732615305,13.113379502867762,0.6205089066517503,14.658053482774958,0.7759459501191399,16.860566064819576,0.7487111341053616,14.592313713181335,0.6921892357052556,21.94093411620689,0.8217902437881127,15.89786082772053,0.4999186058255648,25.958714249022698,0.3959110398876646,15.197258629200832,0.02845856174826622,2091.2059346747915,0.09459892264289764,69.0,0.3908029121700965,,ffno
0.0,0.7149772601018446,8.131446838378906,0.5251995411436621,3.872574240218596,0.8245570859903902,14.721329000270284,0.40926578968082383,8.273535575382358,0.5236236780694077,14.9935150449855,0.6130680213092006,13.4732833084213,0.798350108179162,14.609743877441264,0.6429319900530427,17.54085366210947,0.8310234520917366,14.589997870790807,0.7241879844034291,21.33168625182143,0.7741817125998465,14.532946471362287,0.742524305628976,25.69504798483822,0.4323354904944138,16.034627364679707,0.026689818128943443,1618.6204713918182,0.0374851478356382,70.0,0.8531308800973572,,ffno
0.0,4.791440961108439,183.15870666503906,0.6571494697346956,3.608491910846957,0.7223149079287456,14.90023721235675,0.4032047177890742,8.61225329770958,0.6984808259488149,15.430229204357602,0.49450735875817126,11.9920442113293,0.29395318610372223,16.01530439647441,0.6989171448913258,16.793221543639355,0.547350454068007,15.248946637021891,0.46705274824423604,21.67875490018341,0.31352923466587684,15.751146467605814,0.651756575250914,25.83043818938729,0.6272320313687834,15.076280204052539,0.07590625435113907,666.1298596110528,0.003091830011913765,71.0,1.2226391668315832,,ffno
0.0,0.6752349508791345,8.531841278076172,0.6809314805551699,3.3223327251095354,0.7423170626009286,15.797754125930997,0.5077441602454354,9.026299252820953,0.3592735938569722,15.049663514754492,0.800219865071753,13.093965408069447,0.5432563493807594,14.855441149769481,0.7639424390400928,16.62989246689005,0.5993175224589432,15.388148569497654,0.3266486288240265,20.794092688486884,0.6461531070436901,14.68029649747464,0.8287916302562702,26.348838208122334,0.8168011084187105,14.548101210540175,0.025912633165717125,2324.6624588707828,0.05683814391355368,72.0,0.5306001584991143,ood:cond:pp:2324.66 outside [505.725,ffno
0.0,0.6705907121439533,8.823545455932617,0.5865032053637693,3.9228360674334026,0.3219579804679946,15.969340516290803,0.5500518514068937,8.207338316992349,0.32269857653632494,14.810600525418801,0.44209244810510984,12.38645515984954,0.6554348569590835,14.690262843448007,0.7472143412688577,17.20187297737131,0.30705107784087454,15.667490953311605,0.5640374003209874,21.611163794459987,0.4182719267870286,15.396980471983476,0.8005073529950564,26.149917871204973,0.8226326527744854,15.85011370253759,0.024113405495882034,2134.020641128552,0.021881705344210564,73.0,1.1119836681395232,ood:cond:pp:2134.02 outside [505.725,ffno
0.0,0.692390741852781,8.902006149291992,0.758851260547832,3.313233379666988,0.6206493171044678,15.353311868517853,0.33395138931703383,7.697877418904752,0.3732456914400227,15.174907220385819,0.36412450138807567,11.80168331529588,0.6364993916842463,15.386825631162665,0.2790061541848335,17.133060503907135,0.382854852795209,15.7752486696948,0.3236483814140577,21.903615390272137,0.5287694409554486,14.404757749366473,0.4161135102572817,26.201019224373326,0.6710364520969418,15.70955482687663,0.027822421863675117,2077.9959798456725,0.0867321907966674,74.0,0.4045419150543847,,ffno
0.0,0.6174930362219551,9.866933822631836,0.7455742221133002,4.588258931067562,0.41992032465571044,14.328967988373595,0.7608962270292834,7.741370398024166,0.35004524679535676,15.729654427743228,0.3996044696504062,11.89592717455138,0.7677478066864173,15.467937194751237,0.5599762556239157,16.252239726580676,0.5527030202065777,15.986347642926344,0.3608293797071338,20.546132036309963,0.5619559316836147,14.782543477849853,0.549643204393002,26.0283146614967,0.6584173898975088,15.69212930067252,0.02036333829164505,2670.822016984915,0.019398781305742546,75.0,0.9395578078409998,ood:cond:pp:2670.82 outside [505.725,ffno
0.0,0.6977106312344432,8.4161376953125,0.7342601222417844,4.61587782365881,0.5365112534106444,15.383492162781366,0.6205674169291362,7.818369963469777,0.4163903086656753,15.980627613947608,0.6474346285791456,13.095476595006387,0.42722648818098763,15.08171295382364,0.39987173578721863,16.99494841377996,0.29273982330376286,15.88498503697707,0.4527181404770003,20.957741728693826,0.3777731083000375,15.358496870051416,0.6282155313457554,25.611872180206188,0.6473555248053572,14.631080867626132,0.025873728096485138,1392.667272655921,0.04427863700613946,76.0,0.8267365043369764,,ffno
0.0,0.775662530342663,10.006067276000977,0.7854950514991815,4.330126574472626,0.7648239512319939,15.863817665415258,0.5003417051346692,7.76093091452802,0.3218591368694183,14.365628349321668,0.8300662082591449,13.28183398036027,0.36424244018259866,15.579205077946863,0.6642605462370401,16.120171198942923,0.3905716051059589,14.496023935085331,0.6472951956672965,20.661992129435752,0.43625700047221155,14.586218423106455,0.6462416279927907,25.230743935480106,0.5230412049493489,15.80790278179887,0.027609586715698242,1158.6501293205874,0.024200987943888936,77.0,1.2906129086055251,,ffno
0.0,0.966437950107593,31.702909469604492,0.451927699187716,4.144287089254783,0.8222433954862249,14.935008913461667,0.6676541055836107,7.870776074649923,0.388445085619564,15.727562019470513,0.5754094699691785,11.885956614452896,0.2921290696677757,15.164977536888832,0.7499858958789505,17.56575524439498,0.7432954361847082,14.53982869917169,0.795447292681979,21.72448586362292,0.5588105234221187,15.576640198040325,0.42983618085880976,25.3863735679324,0.8223785823035479,15.070761653085668,0.02844887785613537,1161.3081809790988,0.009054161458902303,78.0,1.2360923327397182,,ffno
0.0,0.6876164870784006,8.442413330078125,0.41553996610269794,3.569254615143131,0.38782222682489764,15.594729371517634,0.4561680511963123,8.336427629779529,0.46347559229241087,15.971038443080314,0.8128678665829698,11.983654323580533,0.4785329947271486,14.311557179359276,0.3583531180555784,16.142917480357287,0.6739350080396382,16.037209870288116,0.7998233739330051,22.126655346493642,0.5362876140900344,14.92549811751918,0.35988421056651226,26.386184156795984,0.7397110714733391,15.253564499514368,0.027665596455335617,1767.6126335425433,0.08514981573229963,79.0,0.4603442489290227,,ffno
0.0,0.7257739131291588,9.987957000732422,0.7671935350567511,4.874160223417208,0.7048387204213655,15.919417517070023,0.3724176795693503,7.844261981074385,0.36576918913651923,15.809628132773454,0.5195288188804921,13.074193057766658,0.43755218648245187,15.157642914998313,0.30869803331096324,17.501720291679835,0.6337463591864334,15.337678899622482,0.576963498638865,21.954947745932095,0.8139012094937149,14.591492029913084,0.4813533167302742,26.09785032928836,0.3036734464939276,16.002214706400395,0.02799631841480732,2321.154516461736,0.08756439478203248,80.0,0.3924087861210333,ood:cond:pp:2321.15 outside [505.725,ffno
0.0,0.7035184339479015,9.555009841918945,0.5350166645503789,4.011130367945589,0.5856773118852476,15.731149846109883,0.6493591815403742,7.605640927880205,0.48254861398870597,15.844240928922083,0.817748748570714,12.691302924683642,0.41419696759323854,15.071496430316243,0.2949001384958459,17.71939021458329,0.289920081525378,14.388933705885117,0.2821026864752198,21.828694298864896,0.3216474642625067,15.732939522617961,0.775465179067838,26.002168772078413,0.3032320186199674,15.629426896492285,0.0261397622525692,2475.8360750987117,0.045236303556608265,81.0,0.5681875814119575,ood:cond:pp:2475.84 outside [505.725,ffno
0.0,0.7697780964850098,11.560829162597656,0.6257107980210703,3.876230027285719,0.5067480160285784,14.435374927348667,0.392999739657959,8.456989999501372,0.5405809965900931,15.93375366111295,0.6805064670283593,12.67133381617085,0.7034748187049125,15.941061154102087,0.45326481029798144,16.815227883257336,0.4778803695059861,15.896882064007087,0.5549066048753986,20.959796601482587,0.43297364927367904,15.534148504226952,0.7373013606402092,24.96215581200268,0.31147736125334236,15.798740454448293,0.027075093239545822,1276.4810846030832,0.018843470340676124,82.0,1.2850277889623773,,ffno
0.0,0.7214082601083531,9.970465660095215,0.7544279784501218,3.7140028981776,0.6622684290366445,15.60247833584684,0.5419198407782755,8.630801202570286,0.40019966970080734,15.338138797882092,0.28071243899443005,12.013193161657334,0.5861818310083797,15.794023097018169,0.7467973546854361,16.48668048096093,0.736317354805142,15.381367939135043,0.7564777658069304,20.48424900719507,0.4399525984152064,14.800638306394909,0.7991870575953732,25.20198486779164,0.7780456487092844,14.29816381026627,0.02731676585972309,2463.3514932239036,0.08306798408182509,83.0,0.3968180398837336,ood:cond:pp:2463.35 outside [505.725,ffno
0.0,0.8714582529141691,10.748518943786621,0.28147315142700974,4.546208701602167,0.7641378232986347,14.681521774260254,0.5540727362180216,7.776314562128357,0.40228017854708065,15.948461149090848,0.44391090264818034,12.31854970731649,0.8145102059110705,15.147190760614372,0.4385989312777153,17.078178455460456,0.7547017745487057,14.495471071400585,0.466156195854311,21.28279505032834,0.520381807584071,14.96841546373855,0.6395809488429121,25.57556437477087,0.6609115467117703,16.037652363539355,0.023728081956505775,512.8171989209513,0.037471938819572025,84.0,1.3749701171558866,,ffno
0.0,0.6859502317555346,7.602564334869385,0.6581755554395643,3.877287742523702,0.5793884658629084,14.302543153146617,0.7089106468027693,7.742420206133515,0.8198707302202322,15.24948071040425,0.4550690571259695,12.285398911259092,0.5594682326608873,15.537017228793097,0.7130309581281358,17.05134521707667,0.7532428015629122,15.357358936225616,0.5932090142346322,21.281512809824,0.30123181753967027,14.33087035707706,0.7916285716124966,26.101476348645416,0.6597778135549079,15.909657831274242,0.02282199077308178,529.7235218499421,0.07597805677706826,85.0,0.9495872941303208,,ffno
0.0,0.708996193245665,7.566986560821533,0.39320158876361483,3.2458030672613596,0.7404087021917682,15.792024161492591,0.44948877577524105,8.266729104717681,0.7358934288885699,14.43904995280649,0.29588500713431093,13.45544624519826,0.4486719355972506,14.552570487367735,0.4207376168206164,16.409210157540656,0.7929535462967991,15.894983973749998,0.28888003370233445,22.067737078589072,0.31255279341934966,15.864907577344967,0.6489799274520339,25.17500590375816,0.7654941739669101,15.578352905999637,0.02705617994070053,1202.383582464583,0.09939041398316155,86.0,0.5081429982018901,,ffno
0.0,0.6873971111691597,10.275218963623047,0.7128587805093349,4.750874895746552,0.7632862946299076,15.52081431987464,0.7553058995615807,7.709007889080739,0.5492190551951021,14.582627830671933,0.562453223507599,12.018156077582796,0.6743202312582658,15.24925855064454,0.3228795041001383,17.327302798501474,0.6289747436502477,15.775351423568788,0.7751016987731643,20.95370137025109,0.5512267683640563,15.241921700496327,0.27760172018129264,25.311547392733132,0.5776326323326664,15.78776822320024,0.025493063032627106,2819.421327807938,0.04545974336813088,87.0,0.5192443369746037,ood:cond:pp:2819.42 outside [505.725,ffno
0.0,0.7501561619472333,10.624082565307617,0.6379985846960667,4.3287903217346315,0.7435941369862352,15.872783941214252,0.6381265686597862,7.872006708317679,0.6057550730095048,14.37320806673235,0.5500989825245781,12.909914000158635,0.3520842491573673,14.54707574786985,0.6053784726014619,17.280317300687358,0.8268539678145158,15.561884378172522,0.7118051421060931,22.165965706959916,0.6288823473254976,15.490642432231063,0.7710183314697485,26.373043435897323,0.610040986782812,15.075938794198718,0.028310023248195648,2337.107130118521,0.09277207203539853,88.0,0.36157125795062783,ood:cond:pp:2337.11 outside [505.725,ffno
0.0,0.7132435541243676,7.508114814758301,0.6660262457758843,4.283465971338389,0.4623618409660538,14.566747964120282,0.6904669783089036,8.455186182135238,0.42369754890065836,14.667895499662972,0.603223816982676,13.040256062806536,0.3003747720532869,14.337896268979472,0.7328114669727339,16.399938271887503,0.4692978671421708,15.016473053313899,0.5877621008410742,21.879186752662115,0.5557078398709938,14.46522788553768,0.778652126704013,25.015542827875443,0.4823935230672155,16.053998040878326,0.02412613481283188,616.1391989563185,0.09296422091475524,89.0,0.7220443209563717,,ffno
0.0,0.6615528092235231,12.68797492980957,0.5559718917511918,3.781111393337195,0.2894796240914808,15.159466149660478,0.45941972273115705,7.761355738504331,0.28063004840225264,16.012153977250215,0.7053858459117064,13.262507295138594,0.5618537671925576,14.969017207887727,0.5722239073968062,17.79798216896248,0.7526590260647564,15.94603542632646,0.38938262294270226,21.636994229109487,0.5527656337708342,15.87987984677621,0.5657281529498652,25.064199492284033,0.636208901821645,15.412645880118289,0.018479080870747566,2545.7554909085666,0.009848664000828858,90.0,1.314531170191711,ood:cond:pp:2545.76 outside [505.725,ffno
0.0,0.6951050097468374,8.168743133544922,0.3449090550494059,4.374482212164479,0.6670052419350487,15.807086911010153,0.7599416593243817,8.239902203823863,0.3495255234604745,15.193141053169127,0.3064973188550879,11.993462757376008,0.6656959705321734,14.945998598034851,0.36244145027650804,16.18069113626797,0.8250219353174197,14.648629153446025,0.8007195100434525,21.07670085880046,0.3192698176223198,14.326951422606717,0.6285851051086011,24.967231618498776,0.40601425600513497,15.224954947649053,0.028280846774578094,1610.7923339083914,0.09358147049608907,91.0,0.4727134817427494,,ffno
0.0,0.7193030499709001,9.814526557922363,0.7770486707560218,3.2727421501098606,0.735727475376491,14.610244637013547,0.36287895190290964,7.639055347802063,0.618972415099591,15.795540570182666,0.6858907683875279,12.592100409532849,0.31066878598011133,15.60699813066993,0.6589172585598145,16.97929079915381,0.29072735360799906,14.817246154976246,0.4631251134340938,21.01707920262612,0.456945341526643,15.759819219314787,0.7389852671577735,25.62737389645494,0.5456717845971047,14.830189257917986,0.027730422094464302,2290.473889137165,0.08722432335783616,92.0,0.3807519694968635,ood:cond:pp:2290.47 outside [505.725,ffno
0.0,0.7082054073211846,9.193049430847168,0.8193998371824172,3.6356900756932324,0.4997176746625219,15.80948732986181,0.7203937274289374,7.789711939653281,0.658894940848568,14.893217844095192,0.45863384346916136,12.79490883880577,0.6604489769495023,14.42301829814327,0.5828664088645956,17.67878906044767,0.47941083731885104,15.402885140892378,0.6908834278300301,21.933389923307974,0.57314012192711,16.04572148105895,0.4607955913510893,25.656203966638255,0.45678291558990103,15.337381176926202,0.02599378302693367,1816.7796801572113,0.02228555599464904,93.0,1.1751538574339235,,ffno
0.0,0.9370936932674094,63.781314849853516,0.8298459686368496,4.589371220285134,0.6389090966160229,14.52640263183882,0.4948399060554849,7.949598181544007,0.48293589638828144,14.828532300340807,0.2934409111466351,11.963053228525608,0.29809618305522356,15.261270729626025,0.37554639719236393,17.597284532299565,0.7300901583892732,14.33750099986478,0.7089909215087705,20.90257288996057,0.4052745651394133,14.966470131538163,0.2827023657469813,24.75140819109975,0.7417682303025309,14.677708811436137,0.047598257660865784,2403.156926046935,0.00377650636476865,94.0,1.0094031474565768,ood:cond:pp:2403.16 outside [505.725,ffno
0.0,0.7499281659974231,10.922744750976562,0.706740045462558,3.41667951328351,0.4214046636501585,15.084650121703556,0.4980235617749631,8.69456842260286,0.7827668748638156,15.191642069779025,0.35818040370981663,13.325533425261945,0.5711202213221366,14.945413184331322,0.8272460942027791,16.880377161021567,0.34334103335568156,15.50965727507421,0.34359542102642127,21.56533467066526,0.7862871453561242,14.958336580800564,0.7246553215319473,26.44815471794071,0.48919161406786343,14.461177132430796,0.026703640818595886,1286.4158281066002,0.018614330991963003,95.0,1.3079188375474597,,ffno
0.0,0.6881596686778926,8.589668273925781,0.734980200330062,3.4276973811911646,0.45207903955609285,15.234815737945386,0.8006874413617193,7.866762772695887,0.8166336733902083,16.015796241610136,0.5452189336782307,13.06125377039579,0.576897266500957,15.2635962779705,0.5329915069429876,17.19077731270513,0.6123873824035893,15.792293828351172,0.6320919748930135,21.640395809061904,0.3946649349996846,15.699915531038018,0.6611214583202671,25.00188146035412,0.35188528143823805,14.970568794060641,0.027719242498278618,1930.9122650905097,0.0862908924458717,96.0,0.4242577512086215,,ffno
0.0,0.7206959264871319,10.447491645812988,0.40919108337929844,4.76423772330392,0.728867048257738,14.375694532894984,0.7572367560679265,7.94342103674243,0.47690961930619546,15.618903163913068,0.40652251524283656,12.565631902894019,0.5820801144923549,16.012101632014573,0.5773153392645702,17.155520692427675,0.8072255957161191,15.660248437383435,0.33364710882584864,20.97911873704099,0.803857184736689,15.661494398243118,0.6223468055590093,25.008709877705527,0.40234943662906264,15.488080161188146,0.025907127186655998,2536.031652021559,0.04256887026682834,97.0,0.5424473892934393,ood:cond:pp:2536.03 outside [505.725,ffno
0.0,0.8054164477651833,18.821727752685547,0.7397645352314359,4.565681385948524,0.6686529498404579,16.05574455549626,0.27906324718984854,7.658099422922112,0.680327285590979,15.37895293002104,0.7937465463802816,12.445861055225295,0.6486561826667385,14.730451252457513,0.7164742378792575,16.61524447573037,0.2885019765733187,15.167173220109829,0.6727828360371773,20.60826724470461,0.3606210315483067,15.157090371070339,0.5203621570129786,26.10436251046659,0.3139670175209457,15.165230571105141,0.022584760561585426,1572.1846272391526,0.010490744341729114,98.0,1.4063109529156437,,ffno
0.0,0.7152211196599186,7.423831462860107,0.35635943321086827,3.5192730835979456,0.44443031507271136,16.068541284713397,0.4087275455980957,9.07055212785677,0.43899814487163347,15.548964473558517,0.6130863173263161,12.781986524313137,0.2785262654895797,15.388859670813847,0.641370864396752,16.792355750598084,0.6029552719490245,15.822305622770408,0.5392917127417511,20.502207858733644,0.7248556600377019,15.170468070318055,0.6370336522456519,26.2726762279672,0.4109646238001383,15.580084410499936,0.02626076526939869,1234.6532521987021,0.03585315766585803,99.0,1.18731543830719,,ffno
0.0,0.6782757788960733,9.267223358154297,0.7080688259076646,4.004961820494236,0.7135448570555352,16.056663686576023,0.47868576458384,8.122522596219575,0.4417781217261162,15.626366363187469,0.6232077662324875,12.531839834657038,0.7639751753470396,15.35601076652691,0.7725199137478893,16.110278701751866,0.7179399177184898,16.077617447521217,0.42765069184710114,21.648689394114534,0.7035709198317088,16.019789139381608,0.3736375444740947,25.29704691115284,0.2802349071352537,14.533374978664321,0.026078136637806892,2467.224324457558,0.05401266667113008,100.0,0.5070453647131088,ood:cond:pp:2467.22 outside [505.725,ffno
0.0,0.6733017654269315,8.83738899230957,0.7137114835154743,3.9992948757814126,0.6091990965502265,14.995843368645582,0.5914362246537039,8.74682951785686,0.5094762307447063,15.466880601902844,0.5326835515162658,12.434044137617112,0.648776909153892,14.813497339635745,0.3424171079380753,16.887910952458565,0.39540906499107054,14.933904436989705,0.38765120882363,21.59501095432824,0.32827626289748923,14.418235320358548,0.6614973863504188,25.726811413809617,0.6797175252966599,15.473074045984001,0.02371205762028694,2131.5847991187597,0.02121218064166975,101.0,1.1254348007090504,ood:cond:pp:2131.58 outside [505.725,ffno
0.0,0.6731152736267676,14.161310195922852,0.6849637547198368,4.262970010478372,0.44690808159248663,14.322041501618102,0.827095918411557,7.73119252223482,0.27839369114558,14.666435788390897,0.46128157382817914,12.05724130454918,0.4228399688583865,14.730201424908534,0.6582541130815918,17.731122293687836,0.623087743728132,15.153368968768724,0.39967507118190826,22.00952876003361,0.6026004525589345,15.838936559147422,0.6563724031123728,25.03755782839029,0.7030184717982385,14.488275843619341,0.018305616453289986,2172.3776042027735,0.011463970268496087,102.0,1.267967677034865,ood:cond:pp:2172.38 outside [505.725,ffno
0.0,0.7036240660160605,8.106657981872559,0.5182261614484126,4.186708709898658,0.30663669306890773,15.172428664296845,0.3546765828023613,9.109252179828555,0.4293967442435792,15.801298131306012,0.7678935899811292,13.198204070830016,0.7207699649198827,15.2417979315716,0.8304200186467922,17.113654482989507,0.5956463706365149,14.511156397451268,0.5918412921451928,21.461972793541513,0.48154936006828863,14.8846175737594,0.6684630328072607,26.420379667377066,0.8089709418213886,16.03261011959392,0.026489200070500374,1222.7093025866784,0.08042018980369045,103.0,0.5980071977000921,,ffno
0.0,0.7026459069409313,8.822635650634766,0.6079930392495217,4.541610260208616,0.8103168777437513,14.59178552347456,0.3755365799721342,7.581642183705245,0.6502430752718373,15.527445593978637,0.36238385814151475,13.265898561347147,0.686325128232024,14.352047454156576,0.6347189245550842,16.388039343104683,0.30208648800878246,14.669899957621043,0.40239512070990807,21.12451214867933,0.3051760306966466,14.626045856695082,0.6278088434702543,25.640344350868077,0.7477461208253305,15.065700513405812,0.025887666270136833,1295.8982146391659,0.051628189085260304,104.0,0.7568305727952885,,ffno
0.0,0.7131184282604822,8.894547462463379,0.4177198315459091,4.3899604772243705,0.29509030077547843,15.44630072750735,0.27732223822198726,8.719946114393721,0.7590223233070809,14.322182317186645,0.6242448723968368,12.172376269183058,0.6845269548004068,15.369661260001966,0.8019596816584348,17.514498540742746,0.5526107183349729,14.751040392712625,0.36143219286938033,22.126928714213676,0.6016941858775678,14.912284891935524,0.44636595893088726,24.940972983859645,0.5538966579014619,15.941182189724584,0.025923356413841248,1843.172174490498,0.02375028950054754,105.0,1.1436126475968766,,ffno
0.0,0.8180622210848739,15.474167823791504,0.4451854219011511,3.377356465814515,0.7115556818707887,15.877449168666223,0.4183090489962423,7.897704799372058,0.5662619494725971,14.29662525042446,0.7043307942425312,13.105125603047574,0.7532829758245154,15.639057780775795,0.5398519053521156,17.754276775695395,0.5471138912140157,15.32706638481844,0.795241275849435,20.56315106048088,0.5257614083749063,15.571103786221522,0.7910719207346409,25.033807219864393,0.6831756063900527,15.913330437351249,0.02672956883907318,2676.5168338826247,0.0962244484539277,106.0,0.3361930939978114,ood:cond:pp:2676.52 outside [505.725,ffno
0.0,0.7560277293812537,22.852380752563477,0.4806672421209101,4.1787567670903245,0.49348078335629286,15.382771465816804,0.3982506688994849,8.851421505296242,0.4483401584670593,14.456906407204919,0.5063046104845067,11.98219151980064,0.7445754796091397,14.341204672601734,0.3076209719003198,16.814482428441522,0.63012627798567,15.376021823752705,0.5266387859233819,20.90749548969582,0.5880020355302662,15.297344848263677,0.43285589448452055,25.309521738073183,0.4355740659537681,14.918821438374593,0.02075793780386448,1910.4404825187685,0.00930966956723181,107.0,1.496758041727156,,ffno
0.0,0.6837416064995864,10.05439567565918,0.7522123844269915,3.598647402172367,0.3363223265994662,14.39877782371804,0.611774697043783,8.52235885406913,0.6477626497079825,15.766080938946368,0.5116171737170974,12.888087396056335,0.7084683954378397,14.950324729297124,0.32772921208533823,16.612235151037815,0.3942660388086467,14.764640754552735,0.388746602430326,21.314118466798767,0.422379021427785,15.312524617963199,0.48593162474745144,24.97498304253228,0.33275204897305105,14.304571092680757,0.025784660130739212,2710.3407564952927,0.06729349381164679,108.0,0.4212366984790418,ood:cond:pp:2710.34 outside [505.725,ffno
0.0,0.6741234926612667,15.59295654296875,0.5313255221867816,4.662411079493821,0.8191874887867363,14.609297729802416,0.6131525651899155,8.636357661515003,0.5100570536327411,15.516286539343922,0.7474184992614173,13.365032107469762,0.28133453995996077,15.137019377795639,0.625104774541675,17.611446920267724,0.3681219671664924,16.040602192010034,0.8192453600870551,20.43728025442819,0.6947612437476934,14.956403183614924,0.5530937168548697,26.510899867714116,0.339410370716418,15.750358870731791,0.02010951191186905,2560.713391577387,0.00853086490847101,109.0,1.3649307666364514,ood:cond:pp:2560.71 outside [505.725,ffno
0.0,0.8602493901602823,12.455235481262207,0.6500840151179814,3.3903024193524955,0.2775844348324305,15.672300396264989,0.5524532532603784,8.923480654411131,0.5291467166148724,15.22649172859046,0.5863146856637944,12.255752112743615,0.6557486490805056,14.801684239322523,0.33820159778869097,17.29784829407372,0.4752512689070906,15.603569064654835,0.4827675270291875,21.765057688314034,0.630935233960827,14.937699213898963,0.5518567867000942,24.777373406967705,0.41984830728103484,15.832170067802434,0.026636706665158272,675.5248012654704,0.019373634704579205,110.0,1.4509621524912797,,ffno
0.0,0.6957264306486085,9.418611526489258,0.7316942727989927,4.140424425201835,0.6494332030576342,14.78732284233789,0.453554314088182,7.9740186825235035,0.6984153408042332,15.428928672929981,0.45268543036991615,13.344250404587516,0.47776450803479903,15.057115952722873,0.8084942245354597,16.86322285563874,0.7072947971250315,14.96931325779023,0.4601240602031066,20.519048815092454,0.4802029869830742,15.118277558903424,0.34795390899887163,26.026628712256052,0.67356384122691,15.024330427775038,0.026822974905371666,2021.0537409296758,0.05516987616050703,111.0,0.5450166207045593,,ffno
0.0,0.6816588171633191,13.046907424926758,0.7617045015118618,3.760637794639296,0.3641278983467098,15.818807014091401,0.6716143384498796,7.839587131748739,0.4157572474928395,14.315618457097289,0.7101410755927493,12.124038600528275,0.5552650848014533,15.15995435239792,0.8284702681404534,16.535994909657,0.5388737560123731,15.337950418209076,0.3839276679449965,22.19226685992998,0.5548688707582685,15.069035616765456,0.5601514554426914,25.366756790269413,0.6295064348477357,15.437970999184701,0.020847290754318237,1902.5392009777675,0.013036284775412854,112.0,1.3205445986223796,,ffno
0.0,0.707885537890783,8.274906158447266,0.6889672145719519,4.867182195433675,0.46217708276115144,15.02475973050792,0.8023411314576836,8.50416168781542,0.46784332686067953,15.369856578372717,0.6685096895180347,13.527547437523925,0.7376023102933863,14.678850513845147,0.38430276727100215,16.37758703784371,0.5573108223525548,15.383730095680496,0.3522096805516629,21.06444513936087,0.31378610006844443,15.63051792843687,0.5695096781336086,25.821329178836027,0.7529817351911315,14.930720299169298,0.025707421824336052,965.336728276003,0.09185081502619721,113.0,0.5822315842475124,,ffno
0.0,0.6944593267635885,7.505955696105957,0.7444025497789886,4.138840852804904,0.4853096439853267,14.725249372938196,0.691448430762591,7.745964814005284,0.7331356421958708,14.737177060486676,0.6733408306672536,13.307079770743737,0.7099870130310442,15.96551269470994,0.6956484462992394,16.205633088315228,0.43966861955962677,14.815671581708665,0.5507698667975979,21.28349839934433,0.6348625395827381,14.542137011346103,0.3727156864117012,24.76334109583162,0.7213874780014156,14.457651504173262,0.023869333788752556,643.3631010017587,0.08552487122037343,114.0,0.747592539964184,,ffno
0.0,0.6814465372336946,8.163585662841797,0.43232059969005077,3.326324852389662,0.4697179483828534,15.888930571255047,0.3928105673305026,9.209809809173532,0.5389824903768952,15.431430250154447,0.34966003798747736,12.422274341760968,0.6524862848461939,15.159513253757753,0.4244527070445272,17.207973834010097,0.3986950132056556,15.13992561881741,0.3695848009591146,20.85237762918054,0.5582131535658128,15.980302111974098,0.4977442713405451,25.16321015586585,0.6559754566624552,15.319923393912772,0.027162430807948112,1850.1358741768618,0.07809503127071298,115.0,0.4911481660897139,,ffno
0.0,0.7013169072991547,10.022963523864746,0.7495903824909218,4.280603956744244,0.8146911816134895,14.338091755809229,0.4841876415613438,7.655309009147571,0.48047521146332983,14.320015308425214,0.4711078456566251,12.324233218717609,0.5008336631488163,15.67127202296892,0.7410556159363699,16.507746119102368,0.671767994067751,15.048986556804138,0.624532057804087,20.676329799740163,0.6267644505468766,15.362818123924773,0.3457473797978483,25.282518851228318,0.31029557402480484,14.67683628670384,0.02650783210992813,2324.0155829449172,0.06114555494394041,116.0,0.468624927818358,ood:cond:pp:2324.02 outside [505.725,ffno
0.0,0.6939885191639327,8.382058143615723,0.503549849204797,4.772492916767842,0.8277127745840013,16.00021276110443,0.45186988542339374,8.713524989475454,0.4842137343277274,15.958418563029761,0.47612941059165903,12.950042057693405,0.45402109869558116,15.11368631303674,0.7737836595329091,16.999346950783348,0.5231289691554853,14.946820380018826,0.6028612996643798,21.584447276725733,0.8125893051985567,14.891515287209463,0.7666288190472157,25.192717585335895,0.6666784022915926,15.026247974078093,0.02664395608007908,1467.1726143796845,0.06683861295936334,117.0,0.5978558355393906,,ffno
0.0,1.2294746688759572,81.11080932617188,0.7697708010720865,4.494007170670422,0.7416734634241053,16.018107270746995,0.7301607249728072,7.995231406590064,0.5743234811404243,14.821348332875973,0.8304934297509267,13.537960989490918,0.6357295252846221,14.83541068088595,0.6790172043937881,16.950105032321137,0.8220140222959187,14.408103500461163,0.3053029285886576,20.70081667812751,0.4747663751581426,15.137013751649464,0.7581672378430853,25.512187018260995,0.6171559454858886,15.988774757562837,0.048449672758579254,814.6577027998183,0.006543823490927224,118.0,11.707147705316494,,ffno
0.0,0.8970524339360753,24.34602928161621,0.7038406372661796,3.6853130612136518,0.6549056821128918,15.137103972312184,0.2836627180270776,7.911767494972655,0.4633945024140849,14.466049547940559,0.7287171556134249,13.153006117095753,0.2786435154968596,14.767752318460436,0.6834988301384566,17.01718049916208,0.67292376161213,14.670904300479435,0.46402351475412995,20.758378115395427,0.35761872120266364,14.984587091692394,0.2823975508599221,25.64476177210742,0.28311802149886034,15.428960735153412,0.025536805391311646,897.3015195689572,0.011033320792470703,119.0,1.3413464602436134,,ffno
0.0,0.6999162586149662,7.6322855949401855,0.6811666188277186,3.3469251616277704,0.5523348620384471,15.061615126834646,0.5872911545541806,8.157819132831557,0.5808019760852355,14.815459210276245,0.7095636665634959,12.676992128207008,0.37640757361487004,15.205600852636723,0.8230845470271326,16.85021324345247,0.6587111321305751,15.175709356043086,0.6458630522946461,20.520472718133266,0.327919946797227,15.184535500025786,0.5296142920717166,25.06814975968488,0.7416486309431629,14.60457303403399,0.024967649951577187,993.3521888106872,0.0482691239779663,120.0,1.0139052259395225,,ffno
0.0,0.7130387146789696,11.349922180175781,0.47540339831323686,3.92758457417479,0.3033330024840511,14.300116999407027,0.8043113391808089,7.666392334449899,0.3625849338817868,14.533622055857073,0.3274129499944447,11.932351101955847,0.40599465965361436,15.256084872386923,0.6328830198748854,17.743126798411808,0.3254394595856902,14.66639806118494,0.7493565668192522,21.101487972441085,0.5093283504950232,15.465210464217733,0.7673854334480479,25.335320142979523,0.6732670651482466,14.870082168770043,0.025640230625867844,2942.894385622209,0.06626848643989725,121.0,0.39462086401724655,ood:cond:pp:2942.89 outside [505.725,ffno
0.0,0.6839313881118531,8.40649700164795,0.5145371139599112,4.423050381463598,0.6656105315606584,15.942863043151151,0.6340741463721141,7.84313894102468,0.6520457408188156,15.516078031812272,0.7803850522777533,12.961049014406008,0.7441749260913847,15.09026665199392,0.6312256235909879,17.327956019722958,0.6286399175115547,14.976977098406712,0.5400204954227787,20.78053197572822,0.4564568152911982,15.325477792913455,0.5979817761312329,25.189246516091117,0.6881462707135209,14.991182807266854,0.025349382311105728,2159.3416871170225,0.028191343781310652,122.0,0.8867678949642916,ood:cond:pp:2159.34 outside [505.725,ffno
0.0,0.6820949702111069,9.358595848083496,0.3821213776523053,4.170148988338971,0.4641587096777456,15.686098673121649,0.708182788268771,8.050630446032173,0.5697472751378839,14.912796237143256,0.4675782205259023,12.13210456268054,0.3491404781935263,15.4551172711866,0.7115590210777469,17.51135018855442,0.48682651398369675,15.349626242527854,0.5690731415853063,20.8205013062798,0.5689576135434079,16.038331034419045,0.564387537422326,25.581871996645194,0.3525748054088934,14.814797359203858,0.026585891842842102,2275.6793206860084,0.06291270421033568,123.0,0.4783531658716374,ood:cond:pp:2275.68 outside [505.725,ffno
0.0,0.7007118841350208,8.19132137298584,0.4997133421645539,3.837526123237185,0.5757358054339395,15.356209246987897,0.49983930537830945,8.741140507312785,0.7921680955898467,15.392999051649578,0.39922648700434354,13.152445363979092,0.29289618867971406,14.656511033324998,0.6948452947003356,16.419690641707515,0.7210644004556892,16.040082707003684,0.7036572619451078,20.484922570744892,0.4770942245066263,14.411879878748167,0.40491571950933025,25.168103331380983,0.31585541094028885,14.64789117763868,0.026429088786244392,1633.244994621678,0.04401749950302993,124.0,0.7542569698282622,,ffno
0.0,0.7008589608515277,8.827140808105469,0.7804847326113048,3.863507886008526,0.8039960269099418,14.731894819480482,0.5169077491379525,7.955603980649502,0.5325674524009123,15.983225112998936,0.7560290059427801,12.972729079783946,0.6413791902760397,15.492517710603495,0.6118574747861272,17.580585722856632,0.3235158050609174,14.902475770528879,0.7088641103236349,22.0295300234499,0.5460157338561085,14.428432800184856,0.4111548475349501,24.904490580113944,0.6717216686198713,15.506295208810524,0.025934778153896332,2182.487007815253,0.035254433817381574,125.0,0.6932164590374241,ood:cond:pp:2182.49 outside [505.725,ffno
0.0,0.9593779604516824,12.729620933532715,0.6267281081008261,4.635567050395907,0.789265714760336,14.310906055379101,0.7905296535174687,7.856408981109297,0.49577969528859933,15.861080020055134,0.3943796237454633,12.355918454290821,0.4421114199230083,15.799691967987842,0.5098192412301865,16.6182252587205,0.4407402043098143,14.307664603323442,0.8266200542333262,21.8531612664678,0.49733249282436,15.808449895627504,0.5976859784754333,26.305348729769637,0.5120782711896034,14.722988749595755,0.02392200194299221,528.1243429958437,0.03343803614625009,126.0,1.3668060318606856,,ffno
0.0,0.7076834542057285,20.34510612487793,0.5441603354274883,3.8691422706299496,0.7777084383646407,14.542353714963646,0.43634247386025227,8.375245326650383,0.3312136935325512,14.441861590157062,0.6043413318559924,12.021007203250175,0.6464435758440953,15.794126440777324,0.7614672801479615,16.58545573972578,0.30304726070254834,14.977844150083325,0.3568901086489687,20.82233374764538,0.6133557652774297,15.161423218328661,0.3701849221203777,25.435839355490685,0.4720243953833337,14.86369645622405,0.019154489040374756,2087.6369632806777,0.009384277936984434,127.0,1.4025294251417337,,ffno
0.0,0.7706308201657578,13.024991035461426,0.4529500393769178,3.2773341547728996,0.43024861741669335,15.0930943379054,0.5240281118567454,8.15342049297279,0.7853004328941292,15.332703779908307,0.43212590868889283,12.259909661056875,0.6813353665978004,15.601527623588284,0.7336803616876999,17.624684413320942,0.4665691720206266,14.966291749452877,0.5405461576034216,21.771119837559375,0.5512532194512804,14.279021444281717,0.5064929484881293,24.97314968912749,0.6765095937166079,15.40999903619255,0.026750128716230392,2777.4272530291073,0.0834004656958098,128.0,0.36213424458711685,ood:cond:pp:2777.43 outside [505.725,ffno
0.0,0.6189303394489197,8.545328140258789,0.3542976166629369,3.9429979436541966,0.4867740951872078,15.004850515269522,0.3656127509009204,8.740300223630308,0.6882510666533028,15.101391500499345,0.5866733795888657,13.350313663234559,0.4337071998917269,15.529092479804241,0.7343513462573795,17.878990243611668,0.5856612703174255,15.522172644535598,0.5231147077032061,21.670710492673543,0.3434422112674325,14.66936330722212,0.5144214231501554,25.136248197167873,0.30883652651093185,14.367550929024262,0.01785067282617092,2826.1624503244734,0.017845582975819525,129.0,0.999775866849764,ood:cond:pp:2826.16 outside [505.725,ffno
0.0,0.7008675112825641,7.907565116882324,0.28227635352317326,3.3918137617585913,0.47541650673413804,15.130915884219831,0.7387717501401929,7.5128938804010215,0.5986198839911481,15.683558107003424,0.6068144454271676,12.19083273088951,0.6611220304035017,14.902557743980555,0.746550040650716,17.210974881485257,0.8208492129012429,14.96180899598617,0.8275342801531076,20.96762904833826,0.5192415472807168,14.5360049480366,0.7282447408342478,25.79629511736282,0.5327641367425873,14.48342809652977,0.025979064404964447,1335.019951531931,0.04212907416119913,130.0,0.91258204730986,,ffno
0.0,0.7040494755209397,8.138171195983887,0.38615144897418097,3.552042436366391,0.6278527991263922,14.378019620430699,0.7194360986111699,8.219087899622812,0.4383466077304502,15.983062435172215,0.5595307974945147,13.413171713299933,0.792518272780815,14.376071278258232,0.6660387879330292,16.4728645683205,0.6176647058741487,14.902587915719323,0.35875352294185403,20.956406072145356,0.5208099072915788,15.316212929982848,0.7125109396219063,25.326418624744615,0.5367889611510686,15.580849689676716,0.025890441611409187,1275.0862243442616,0.049762928541682905,131.0,0.8235325247194313,,ffno
0.0,0.695255846354953,8.712553024291992,0.6829058784661026,3.62623485428976,0.6337578917201471,14.918828859707942,0.8183382725642507,8.415107359714463,0.7183601651479223,15.104635508598859,0.43097973887381114,11.952563165179853,0.5342007185630133,15.095348748307348,0.48404157701263284,16.93360917356379,0.2797403889577126,15.740119276599449,0.5571043790409749,20.872360545770125,0.5605327813006746,15.101572181068686,0.5446446730979722,25.482146505939514,0.8211760353818462,14.396359447372863,0.026398377493023872,1742.9349678420472,0.04347159490439437,132.0,0.685227909772903,,ffno
0.0,0.70546656175079,9.192249298095703,0.6501197425906797,4.41187659843083,0.6267641925086211,14.48205863884238,0.7770159501321491,8.42602673706555,0.5649811863446559,15.816477514630105,0.6373668812866811,13.386315911954997,0.2991457980350204,14.455196932839025,0.6737131184472789,17.027760063566436,0.7807326001998378,16.077005540266697,0.5583238312772777,21.923036055086783,0.5231460355889231,15.034562103874652,0.7951663001213951,26.051771984015602,0.30667837397077036,15.214926743321275,0.0265301913022995,1978.87782954548,0.04265403702768121,133.0,0.6269048427480105,,ffno
0.0,0.6952016810781585,8.78662395477295,0.8116588940156975,4.632324865110369,0.8021595330113,14.854124753556835,0.6527051931185486,8.085321254997611,0.4040134633638093,14.867659886430046,0.2841983949616973,12.37419130084814,0.7373164255744509,15.849585361238656,0.6986175610317971,16.71801403307542,0.8205190993512922,15.4406821859085,0.5153976531177594,20.680132978724274,0.31724857881759466,15.46922874540384,0.4571586640470505,24.890963553471078,0.2910386515529356,14.44712973537506,0.027647333219647408,1677.261055553819,0.0884325906005231,134.0,0.4453043351667955,,ffno
0.0,0.7404454461045854,8.823113441467285,0.5752739401121802,4.613072919484684,0.5667553692281879,15.07039730768465,0.5951907903010221,8.69679506325216,0.45528437723197657,15.242567740588525,0.40091666446722285,12.195963452162962,0.41393321822911777,15.526627870685145,0.5701727439487118,16.83499046490309,0.3216020375367591,14.68066012844346,0.5880566287709144,20.71665162423885,0.7758789466281857,15.769929214400598,0.7270244368440981,25.492267653957054,0.6603313002614895,15.147506113142207,0.026975642889738083,1329.0775368028708,0.02839873550411515,135.0,1.1914979560982724,,ffno
0.0,0.7149949434065638,8.716679573059082,0.7566481228737862,4.27357197043846,0.5236622455124064,15.231786187698654,0.6108780509333781,8.392470060354965,0.5604598648339824,15.766361472036431,0.38399718005266376,12.970579730145023,0.7048896554931767,16.054536557516577,0.5794518154128974,17.57875885460472,0.3415676800930974,15.431715844813981,0.8244307074586088,20.715779270615805,0.29057361352109484,14.92997617207515,0.49831605640480203,25.89778576781458,0.797515942156037,14.857817925152506,0.026568910107016563,1476.7657875898483,0.026984708528711016,136.0,1.1498685706479035,,ffno
0.0,2.6533187782738334,140.0515899658203,0.7114171591268064,4.098082306818139,0.48404385082518475,14.378325679208578,0.6528735555716145,8.236874716420362,0.8128827351732076,15.235195074086295,0.6487954778501228,12.062318251674993,0.6468748208676404,15.69886702271847,0.696196335448771,16.39656971683921,0.4759506059081591,15.52732270454723,0.4647596588430667,22.12750925009564,0.5684967134179524,14.868503062389212,0.6712539690705741,25.22262564236893,0.6555590956302753,15.43637720615193,0.06031129136681557,507.1277415819148,0.005083063235422192,137.0,1.6128417216718607,,ffno
0.0,0.7119753829934936,9.174615859985352,0.7730898805213127,4.7488672248399215,0.49461456887468636,14.75841086689714,0.6475094633073848,8.104308130036818,0.7936240600670985,14.640242484464608,0.3221720710951017,13.236434993940618,0.539004396272973,14.651565765192267,0.5898509700318026,16.96601719194996,0.32016251334194745,15.455439992592613,0.35582643614420345,20.942445286342753,0.4534921810946856,15.422584792649754,0.3033226431049896,26.44095055465653,0.805046920479418,15.318502779700118,0.026568634435534477,1540.2934709610804,0.042721483087345614,138.0,0.7722627976278992,,ffno
0.0,0.7040955198047963,9.474241256713867,0.5522039199027038,4.462244843622601,0.624339457210564,14.8062604969142,0.6651431258502452,8.482267532466906,0.46343500751291666,15.455169393681125,0.7407267839884635,13.096066955727977,0.5173716987275266,15.049423761981314,0.6414325310098432,17.75288392598945,0.6228702582046692,14.516471338886927,0.6160908716235571,22.09880257086046,0.5659306750287114,15.389031931002922,0.5068916492179839,25.357808181770647,0.6534457799274251,15.371046580802108,0.025666311383247375,2523.3882171381683,0.04176164017027332,139.0,0.5735413648028691,ood:cond:pp:2523.39 outside [505.725,ffno
0.0,0.7008986724271309,8.268595695495605,0.6996239039450174,4.6552125604903205,0.8101469835525383,14.486754690684732,0.5326769009652574,8.722293335663023,0.3677808972768149,14.475539670235388,0.5656410335925306,12.635361877945375,0.5166832292987061,15.936175891306178,0.6308669941824533,17.288098026785473,0.38306432554528347,14.38228461715821,0.6662076826972989,21.311606589821917,0.7499223759627007,15.131092404742382,0.6250944249859527,26.039504839432215,0.6073796764550263,15.60321833626891,0.02442505955696106,859.7376975743653,0.05522021443995337,140.0,0.9760311476494508,,ffno
0.0,1.0741838518906985,46.64399719238281,0.31425272455920494,3.297530763038138,0.5296644352196755,14.918774557009208,0.41930091251751866,8.742920444139763,0.6342022515169367,14.866147425241362,0.7319254530150225,12.785799290494385,0.545777122060272,15.855500405877379,0.6005427956497398,16.216597033148627,0.45706858278890894,15.944373500393828,0.30763053261989876,21.90793404173637,0.6008754004413304,15.613804075331686,0.6924682533153503,26.347475473059525,0.3922381595218121,15.187085890501928,0.0338377021253109,769.1115060478608,0.008848529239945401,141.0,1.1668165656961853,,ffno
0.0,0.699402358235908,7.872794151306152,0.7388753313373768,3.9298156489398504,0.32753270013323676,15.633437265920598,0.548499083193386,8.414566773555777,0.30387252701457107,14.709131858856965,0.40945821873639493,12.94743810014278,0.7182739292708733,14.556358539137983,0.45973804469442925,17.577829214318076,0.28635657686361193,14.310755610307687,0.4182310501882137,21.66243952791201,0.31169391109918104,15.22493469959509,0.6444786504070585,25.661106725355655,0.8124076120263282,14.840277039926239,0.02615469880402088,1401.5669864555748,0.04737373429145969,142.0,0.7951917732998108,,ffno
0.0,0.6836248619941628,15.244763374328613,0.7044781700383551,3.6323622764707197,0.5904635791632471,14.278797258567112,0.5791772972650138,8.605983415887456,0.3107568214863373,15.205016071956338,0.6891031160866323,13.534352329985918,0.6199529973604128,15.888718455070713,0.6627232328337019,16.203132763815326,0.7911591715504325,14.634630399445037,0.42310979885014655,20.986686905902516,0.3378577247731745,15.929006466711176,0.3748628038286569,26.255636937267187,0.3395164295206912,15.191759578784295,0.018661655485630035,2031.1646333308754,0.01071146997436452,143.0,1.3438259762021283,,ffno
0.0,0.6883917093054637,9.236238479614258,0.45637759547834533,4.09299345090161,0.7680931219461068,15.574199323788301,0.5772404975168846,8.389550787977603,0.3752010722200302,14.676601460857187,0.7910629910205272,12.31403789368225,0.3916368445511091,14.395651221731168,0.4104009706458629,17.749199597681386,0.48065600058958674,15.489244417541034,0.8291282064995223,21.084340180345826,0.5539846666855525,15.189952403442678,0.35100464551578364,25.455582242982047,0.47498261907304673,15.07605657881235,0.0270667877048254,1858.0032225870277,0.06265441948630728,144.0,0.5309291358785433,,ffno
0.0,0.9458715617137557,13.160037994384766,0.31472666672387345,4.446989405504169,0.6232564174029533,16.01993439883166,0.6722599294473507,7.929130610266386,0.4313016537334562,15.311107197787084,0.7131318468755425,12.135625205109152,0.5982789805790765,15.46042955794346,0.6682946575165355,16.357061136786953,0.4987776533434343,15.299485179771825,0.48442425020646807,21.73057241597107,0.5862032782802612,15.459476506491605,0.727493491511475,24.86491783394193,0.7968835529319419,15.403878226369676,0.02637076936662197,581.5534124307851,0.023479077053571436,145.0,1.4362780117724734,,ffno
0.0,0.7006955298102998,9.149558067321777,0.5067090030843995,3.4069883483490964,0.3090368167756535,14.326032232091519,0.3766276495446896,7.713631450729133,0.45788786101534545,14.450700317175542,0.5012868268719753,11.874145948457482,0.6866105335289396,15.114506443325546,0.7666017135369652,17.384147618807855,0.5196670962798892,15.166199569437332,0.8130721699717175,21.334476545125952,0.6316309982987609,14.611257553945318,0.5023015693676964,25.083340873787815,0.36023452036108217,16.03444211034866,0.026230953633785248,1237.4523890225462,0.060925240533351244,146.0,0.6629516752772403,,ffno
0.0,0.7036673611066475,8.013605117797852,0.8228330923710849,4.325553495675408,0.579879465425677,15.88381429405711,0.5053659114911412,7.619194134379502,0.7801920611912263,15.583181763585001,0.5963724503611598,13.051131288215842,0.7008407243194521,14.713489751741026,0.4898251347240845,16.236945417465705,0.8227396312778511,15.91973405787138,0.6104086496947733,21.294330353736704,0.4204417706767799,14.64621299326234,0.3701891529504658,25.968740048755123,0.46131498478093097,15.32994275997207,0.025337640196084976,853.3209770064805,0.08894475786912329,147.0,0.6423419253332485,,ffno
0.0,0.7177658920693457,8.291823387145996,0.7336547618053031,4.624201301871044,0.4359900724830954,15.528584189230589,0.7336521103510169,8.459647045842994,0.47156366369780367,14.46635134891051,0.5665187031876422,13.305434958665225,0.6250462451022046,15.08425811492401,0.29844548411433475,16.423677836909196,0.27984381490505317,15.12820431684839,0.666962797909165,21.309436180002624,0.6444862047331203,14.607449473693238,0.7333801286618137,24.942787087284636,0.7770799362625951,15.893497729512877,0.026793843135237694,1669.774673730667,0.030735482111592362,148.0,0.9848492757632195,,ffno
0.0,0.6980546468793699,7.656421184539795,0.6800230996252644,3.2857472132086443,0.47843441433981876,15.292331401512413,0.5598682894367606,8.700891695827332,0.3673379464210646,14.378347943908224,0.8002028979389731,11.916222460964542,0.36311424522873226,15.25963832173565,0.6702447905181499,17.27801279204511,0.35171647278171303,14.591701112390517,0.6063731200797907,20.5113416642398,0.29516523472,14.471055936696605,0.5910437944683592,25.215525506095275,0.549327082020789,15.985879510943468,0.025018885731697083,851.9303301434588,0.06306439824254217,149.0,0.8918926096737152,,ffno
0.0,0.6804047174226505,8.364082336425781,0.3772235027372691,4.789939044539313,0.7712578120638542,15.186286665031636,0.3722162143776192,8.956833482258483,0.4821630170319502,15.549320826281583,0.7769962617774848,12.444388947607994,0.8204961300796179,15.085687631485277,0.5260095640752634,17.70552065389633,0.40309337618796537,15.313431405381106,0.4115030511812009,20.926288395892804,0.32057408046119523,14.813162684993586,0.3103948946559165,25.983832142524758,0.7323467674643921,14.666053861322277,0.027285294607281685,1832.9188918583864,0.08306491491945042,150.0,0.4472871561738507,,ffno
0.0,0.695153505054971,8.217358589172363,0.4389424388735188,3.4259931438187383,0.651999485309149,15.155722354400726,0.5058608023523012,8.242798621825282,0.8306272806565161,15.881508182230018,0.4868262124539917,12.536513468822209,0.6378269184959064,15.32315783283833,0.578983885402169,16.384537878662414,0.6598904257586813,15.271076987637676,0.7184693727746504,20.60656539832814,0.36991119275061085,15.444044175143736,0.4318902348983126,26.12614335409573,0.29563871560679506,14.47416718943256,0.026061374694108963,1922.9467242581577,0.03331198523587483,151.0,0.850993203729454,,ffno
0.0,0.7100347505612017,8.452606201171875,0.5125591831503236,4.461828701766504,0.6061723146205424,15.688652241866501,0.3997497193112036,8.966251648817963,0.3079821118926489,16.05631716505391,0.46347762591658503,12.131402984681044,0.29113156725428174,15.673360498947417,0.6757494031620841,16.792844755900266,0.7288560140721627,14.872118939767567,0.4157273122873737,21.73590262889466,0.6044673621933092,14.870101683787098,0.3091724160801203,24.880860405333326,0.437404172784268,15.399220977345578,0.02625725045800209,2101.2377908618378,0.03680997581925719,152.0,0.7341389271182619,ood:cond:pp:2101.24 outside [505.725,ffno
0.0,1.830002363625149,95.00804138183594,0.7330402945476848,4.654444375455986,0.6443263714780194,14.913544718566612,0.3164066745534314,8.876086263755047,0.5080146962373948,15.227365110023007,0.6868071784319401,12.773233344133367,0.7960773741585533,15.53787491589188,0.32040839301476887,16.54528736185336,0.3376761954964532,14.610831270930639,0.38259997928169903,21.119884724613332,0.6516016457234879,14.28599797677469,0.4608899668989688,25.199645395013707,0.6915036437662265,15.377244954859643,0.05357670038938522,1211.248988831041,0.005354786379852639,153.0,5.852195411418379,,ffno
0.0,0.6749661962720573,9.39915657043457,0.7563518017843915,3.9486224016040223,0.46355140803318573,15.74360256676485,0.47880846797437626,7.681873013234959,0.4543878853344292,15.693633230842654,0.32625414846129125,11.853430773147451,0.3250617637091387,14.476017371675285,0.5811508341466328,16.804337730369493,0.3280805878753249,14.90766070731294,0.6802409633779443,22.079416814986644,0.4482550336378043,15.000814123134006,0.5067380372106326,25.504398522280372,0.6156096999867346,14.332715132848131,0.025737447664141655,2591.723274556526,0.056862495729549045,154.0,0.48138496660863106,ood:cond:pp:2591.72 outside [505.725,ffno
0.0,0.6995314613661561,9.821497917175293,0.7984747828930062,4.496590214595747,0.4788240348433256,14.891190013839019,0.5489237038524206,7.580863429643497,0.5611469726615321,15.79251294265495,0.5550897380476054,13.356909791262105,0.46955610800321257,14.909616875744426,0.615495744091664,16.91506355720137,0.7361181565959497,15.913719988262953,0.7281576196263726,21.74670733557951,0.809865291452217,15.2420090845181,0.5155072491040327,25.135165881344022,0.826624411471094,15.88619490567618,0.026969360187649727,2203.191012661878,0.057685721332278776,155.0,0.5014110396721504,ood:cond:pp:2203.19 outside [505.725,ffno
0.0,0.8370904928128987,12.74179458618164,0.2867150780752455,4.436582506040652,0.5182127713277338,15.879606394026487,0.39718718800606806,7.985501595658094,0.6523093418562871,14.414959695117139,0.5677093487143734,12.566021317981726,0.8094343729841237,14.401195283026428,0.6796366849713131,17.428089063831646,0.5817205113364377,15.522614087681966,0.555686967538606,20.880685747364637,0.5256087357531772,14.398423538223422,0.3333134082867346,25.695234505055947,0.6474516821702614,15.04314160525236,0.026787180453538895,729.9696132581403,0.019901003122428304,156.0,1.4240229699455185,,ffno
0.0,0.8510661707903914,16.810455322265625,0.8220371948268472,4.918144694690866,0.3308462601923473,14.703847396693067,0.33105581189820826,8.610051300318554,0.7790841231592518,15.736860058303321,0.5096770786017806,12.539433159166515,0.5135467428620324,14.555329107294082,0.3701005469365746,17.44321665862055,0.33731014906606116,15.02540772373683,0.6009776479908411,20.88419749543859,0.5173966819106165,15.641848692471015,0.4981230430315077,25.375478481623727,0.71353267622251,14.474611954859691,0.025906654074788094,2827.9413404426364,0.09500901504888626,157.0,0.306884105029086,ood:cond:pp:2827.94 outside [505.725,ffno
0.0,0.7167384445193,9.187767028808594,0.28587983799711936,4.889412776735946,0.7810667675649334,14.648748755482863,0.6750345860907854,8.601541736803153,0.5158687734059131,15.867049748170563,0.45471999096151383,12.528707709932487,0.7604490896138487,14.708637264465022,0.37076738388763997,17.341114788306793,0.3497594795287273,14.278570433362606,0.8052282350704923,21.32105939103416,0.5021093083839431,15.239450639445394,0.7463762617651544,26.498778181778412,0.8185437335912871,14.305203161923142,0.027818961068987846,2162.9217618015095,0.09044177567619438,158.0,0.3852491596735881,ood:cond:pp:2162.92 outside [505.725,ffno
0.0,0.6814065937459447,7.821583271026611,0.6238188442740653,4.387468878759103,0.693980308845725,15.396327031300316,0.8289675910868014,8.962109733342476,0.3598873306822129,14.557134026696966,0.6457968346189841,13.032599810387115,0.6858365046017211,15.874879464618004,0.7985144194933946,16.522964540900368,0.7523883179253743,15.849703372563066,0.5020538111633395,21.84276487264215,0.3285117824069792,14.645345544197694,0.3433129540128865,26.52561329247573,0.4500707141235617,14.880550609192522,0.024892345070838928,915.2209626336174,0.07264354833681451,159.0,0.7171273565908951,,ffno
0.0,0.7147910471037473,8.547271728515625,0.6744142562404737,4.777223021717228,0.3039011155764381,16.038341026143414,0.3308142814405228,7.54246073954343,0.38373683709809797,15.42846687927619,0.5445363872270033,12.351453641184234,0.2831001028154294,15.139041046418185,0.6936702864975592,17.042090166806936,0.29839692958833136,15.538491166142524,0.6116690345743612,20.781965541712047,0.6027352694430158,15.940132895861082,0.5791961431563468,25.673197956099262,0.7694152955128013,15.404544374338284,0.02514326572418213,982.2707932312678,0.04659029854283442,160.0,1.077331182407154,,ffno
0.0,0.7643354311548491,7.997990608215332,0.390117834014517,4.599744664762388,0.282558698136842,15.85743918991658,0.533979531832744,9.040238821999537,0.3539892094761182,15.572814078309573,0.7357835528612777,13.37591381808659,0.5134587623666417,14.341599834973763,0.3663519270919538,17.103037725396376,0.30887450006312006,15.045913743967365,0.6584626584181223,21.49888358953571,0.4863029966520518,15.771897659004349,0.5681160704372332,25.33530486283538,0.5306793738940938,16.07296925301187,0.025041891261935234,717.1487407054335,0.03760945245168859,161.0,1.3700264748904027,,ffno
0.0,0.68720345451846,8.118330955505371,0.5763719364206357,4.590912058939723,0.5975848662724496,15.32214860080957,0.30856903096983157,8.715776739288076,0.5935661891450107,15.480448122186186,0.3724420509538697,12.100020760792084,0.3556660549527477,15.950302572926269,0.5884164184316666,17.774889668729113,0.2903749251719847,15.544609960168984,0.7541748284072356,20.719528640238895,0.8143153795491835,15.10313036998892,0.3226925847206287,25.64493067771882,0.4512173109260782,15.747653595537441,0.02425513230264187,801.7023908919616,0.06211227615777607,162.0,0.9221702760587437,,ffno
0.0,0.7312054276550985,8.250356674194336,0.5477677062161599,3.191503835272944,0.5292914366065059,15.755743376856087,0.826928714942646,8.077127747276108,0.2835897103088851,15.159254633341574,0.6497297839929639,13.09360883553265,0.8161145579755421,15.892336540107017,0.6285080518166244,17.87933007939338,0.570687241693919,15.219000459995328,0.5447495449547892,21.545822952427002,0.5991696454580856,15.811258659623723,0.42189856081687305,26.12553018804781,0.7855099962727842,14.357200303026996,0.026569370180368423,1230.1006933371868,0.02883926882075931,163.0,1.2123212138383357,,ffno
0.0,0.6988847000007552,7.618320465087891,0.4457105918533657,3.2048451930175994,0.35476862953177074,14.702922626896235,0.2838489531927378,8.903183705207603,0.6014120646735244,14.418616489840637,0.7163631146150962,12.75020225168089,0.34116188117589014,15.208737888477442,0.7067832379041299,17.657792216567717,0.411591587211417,14.770411207729678,0.7990445466247786,20.428805982845056,0.5129998324193217,15.802453144199077,0.4544330409092877,25.0562713996385,0.589603852590476,15.613180321246864,0.02486444264650345,928.0183025889395,0.05593807202800454,164.0,0.9403099881205013,,ffno
0.0,0.6816868990030711,8.655418395996094,0.4305959159207927,3.304459003033882,0.38235850109139147,15.495282801937444,0.34781903113872614,8.390491859565316,0.333538042725189,15.371544980474061,0.36500470732265594,12.98904876181311,0.8280126355625467,14.627740427881413,0.34518343327539347,16.205156094624442,0.5684409184368815,15.752420186126969,0.35883225068866914,22.196111098886558,0.6868736568088263,15.607448522682212,0.6043334022144145,25.992523475548367,0.7141941041008473,15.836731297659309,0.027236662805080414,1946.4036247515992,0.07624451383236315,165.0,0.4697517601331214,,ffno
0.0,0.6977414042365999,9.295639991760254,0.6288988999000446,3.1654560487889816,0.5088444665594617,14.51497083258397,0.6685715329929873,7.5217988871267325,0.6912468317575897,15.265835473825863,0.7203302242577109,12.815434203853453,0.5378414632260133,15.525306610779278,0.7747903691585809,16.778884845271104,0.3324006297425325,14.814977854233165,0.6629991026228823,21.33624932162422,0.36683517589719083,14.548033776792344,0.5362828224381995,26.409388558103043,0.8292080006040023,15.597392117393294,0.026889804750680923,1967.5835798483013,0.05206591497029397,166.0,0.5658080626236041,,ffno
0.0,0.7067721238052777,8.889044761657715,0.546315300322407,4.387838566907035,0.41818770989118503,14.714053856579858,0.790782251168248,8.553704870569621,0.6109441662663152,14.560893981107997,0.6043003524587238,11.991849227278419,0.43432677186876856,14.919038346760743,0.3414422517732515,16.40438786912171,0.43071447579975847,15.481598580973284,0.2964651490249659,22.05762077729469,0.6058893863234236,14.41376635685546,0.39788898751096424,25.996817835256852,0.5919184814224054,16.04157347441657,0.026653310284018517,1156.171736873328,0.08770407147497129,167.0,0.5417967046965181,,ffno
0.0,0.6917731538615498,7.400032043457031,0.4013991024357718,3.8133400417059002,0.48680696500963516,15.071418313687358,0.4020696644398736,9.208095350817983,0.45953389883305773,14.60008728165369,0.8157266817063609,12.90008105941896,0.6409486787163164,14.33052367688415,0.6105513608127487,17.728497975519502,0.4859851112778364,14.868678608038248,0.4056420064179694,21.987370367626816,0.5923040763852683,14.79197768052572,0.396787652787537,25.803646514036327,0.4757424025387238,14.533319054007146,0.026806555688381195,1396.7675286797885,0.09165013134542295,168.0,0.49500329466767423,,ffno
0.0,0.6892310670449119,8.997513771057129,0.5077031888836031,3.401296884069905,0.36173633289895435,14.317558656607698,0.4200318837547647,7.848800837875315,0.37004371899933264,15.15751227904632,0.4726350992837996,12.201270593952692,0.5195802211863113,14.92557466659402,0.5140143584190505,16.67490466924835,0.6557523533186169,14.661698291579375,0.6228132038031129,21.408826331457533,0.8102428030316501,15.237465930655326,0.659325467141783,26.48839125198966,0.4798651339825177,15.138103785251616,0.027339531108736992,1864.6845713006092,0.08078123588261243,169.0,0.4534965137132553,,ffno
0.0,0.6859336292383579,7.548440456390381,0.3658333987163376,3.3195240194394797,0.42165784306769405,14.726587950989128,0.6874603826952868,8.973866479033653,0.39709418829544285,16.008535430460306,0.7039114149677179,12.805986062727168,0.6989819146719158,15.572000729446,0.471636305013851,17.214713292757196,0.30141520639379904,15.52846261058218,0.5807790163460798,22.139052400580944,0.34174852555330926,15.507363383675354,0.45080430014572137,26.28379114353434,0.5802677178614662,14.89190877394269,0.02449296973645687,904.6760105414237,0.07342700223947055,170.0,0.7480771913965024,,ffno
0.0,0.6902470996576067,8.358412742614746,0.5412146366691363,3.881957641091947,0.45544201566842846,14.833493675594887,0.6258027720053524,8.242011882814534,0.8052022145040825,15.251744047010575,0.48428030937809885,12.555746171837399,0.48718803162950897,14.931570682651003,0.6426117959835085,17.494105451408227,0.44324414420080155,15.622719709051543,0.46011722352401985,20.793690182211765,0.30354658031102005,14.854616865003091,0.7215733693968451,24.90144804434543,0.30022382486148874,15.105936519456607,0.025107409805059433,962.0113760415313,0.06632990685781111,171.0,0.7469477415801697,,ffno
0.0,0.7005289600212475,7.902522563934326,0.3781560067570555,3.911530715672651,0.39102473896182666,15.512364736688792,0.5730663031652818,8.118697855116334,0.5908865270280632,14.363338450268689,0.7262394948990862,12.135017588363793,0.5193032496978416,15.544548189055345,0.32331821875213507,16.856717033765474,0.6324326148014591,15.688509182527,0.47155400225060157,20.986263855237222,0.49006766505928956,14.634806947199568,0.5699173196674843,25.66017589456229,0.7945835560803852,15.49313660850841,0.02386358566582203,703.3252164397067,0.05630052971434624,172.0,1.1002724839558082,,ffno
0.0,0.7057526728538001,17.25845718383789,0.6627426731238916,3.708662328664277,0.48112414189404695,15.537008160074622,0.4632105006024847,8.172021424185933,0.5180008589792832,15.927188997124274,0.4038777716282192,13.255007570893108,0.8311120550601641,14.754110461498437,0.49886692511533626,16.16233294355622,0.5432104746531076,15.174349538295283,0.3640987447539537,20.628993271961374,0.499258588326665,14.761362897728452,0.5531241231311961,25.670713395524874,0.6466454790387905,14.927334427875488,0.018574746325612068,2107.6498542824093,0.009295656947320548,173.0,1.456819734853237,ood:cond:pp:2107.65 outside [505.725,ffno
0.0,0.8814517775960612,10.854316711425781,0.3320856225252435,4.901503762246034,0.6830038049050313,14.747953430483847,0.4456397241664079,8.39122623699649,0.4352162579768325,15.100023265340237,0.4649019742304188,13.041658106209866,0.6570761300426864,15.186190386467224,0.759063388675329,17.429757685662423,0.7676361799007227,14.974053782009968,0.28884650078470764,21.04906208975335,0.3247704832918717,15.727015016235093,0.5816126681809428,25.24790317057094,0.7057778995814941,14.985365988250699,0.023839375004172325,538.1829747610005,0.03656355196742097,174.0,1.3578364886688516,,ffno
0.0,0.6986603353378492,9.064521789550781,0.7948585810319301,4.39365706947069,0.3386420548559932,14.920945814233383,0.3451282744815951,7.518989635718856,0.8243254969275347,14.284660989810797,0.493222398288821,13.224431413511304,0.4252201308526967,14.651238105472004,0.6786156948359712,17.227116231970314,0.360679277440752,14.932186436870428,0.7414134460962665,21.61866905289512,0.45353907966162244,15.931687980895104,0.6206525586372322,25.781408233260976,0.5645870357981415,14.634889156814125,0.02600783109664917,1362.2921424619321,0.05511822454126134,175.0,0.6718615917402893,,ffno
0.0,1.029615060993088,54.73198699951172,0.345109020907022,3.8890317599537862,0.2874829703402887,15.28333829367243,0.5687205291263331,8.584826601234994,0.5749665066576573,15.91922964656157,0.467746784124073,13.522331575619159,0.6740068969485047,15.41332824575509,0.46664849831724053,16.663363632562216,0.2797370835541362,14.90309125498511,0.8211322901877369,21.35525044474017,0.3649510864092905,14.910300673125256,0.675686637197429,24.940553794741255,0.4622039501423541,14.596373323063025,0.039463747292757034,1935.7929825569267,0.00564958196421439,176.0,0.9257233359498249,,ffno
0.0,0.6779608737934288,8.2069673538208,0.3127699053862696,4.803546824464964,0.4088366561083886,15.845392640781668,0.30070507211868375,9.146907725001702,0.6580085096831588,15.657492869354805,0.6397614551278848,13.106460933119136,0.5185712802235724,15.301114392467177,0.7342564874175649,17.30530362870349,0.42874261526267954,14.523570533421418,0.7212297047898619,21.252598817196187,0.39000552762931195,14.925506754014542,0.8293701819390403,26.345634903866216,0.83043695960213,14.464306335182275,0.024369487538933754,2611.1480757963723,0.03406285685388382,177.0,0.6913255985470501,ood:cond:pp:2611.15 outside [505.725,ffno
0.0,0.6822840371979209,10.648369789123535,0.8262426583474406,3.4789021994994753,0.4813939681287258,14.716374659227935,0.8295260662889989,8.472519409644663,0.2837073308241027,15.4853971840534,0.8288477332783528,13.402048957755413,0.7569080498169158,15.403517003654065,0.41977667722917955,16.809935277098116,0.29658782022426294,15.44749908399866,0.326343525335189,20.63618668302692,0.5120270419783579,14.397692213320365,0.7899111107152414,24.875449873570414,0.6642966405622104,15.961831393265925,0.02568086050450802,2955.555121897221,0.06222331451743364,178.0,0.44109895960883283,ood:cond:pp:2955.56 outside [505.725,ffno
0.0,0.6182989136366598,8.574265480041504,0.5382043324976851,3.6021248227186415,0.6113818897979233,14.597425738658227,0.5926812075895335,8.650450243243665,0.6976561879534626,14.91429862412857,0.8223027503226069,13.319600358280951,0.7919870710356454,15.486578927827779,0.4437245811263797,17.31918252802044,0.7441863839922602,15.805281973247903,0.41153637109538077,21.757421768686665,0.28888675522511625,14.345697403532757,0.7393900080913451,24.967669818783314,0.4216184284595976,15.637836401905123,0.01793004758656025,2907.4892184357595,0.017756197270626464,179.0,0.9518256082546315,ood:cond:pp:2907.49 outside [505.725,ffno
0.0,0.6386439170936674,11.193901062011719,0.32773015026396135,4.464270056289729,0.30699792219059635,14.571513455272374,0.37476598813418593,7.858881467795813,0.34887717276467245,15.225738289022837,0.383802377827392,13.396386432197007,0.31294292382072797,14.75957411613119,0.5268462605059471,16.190601344965703,0.7079185200242593,15.712944882291927,0.45767108204210216,21.493735410989533,0.4067595528181147,14.55849498982154,0.8233992045855523,26.2452900273817,0.8011059429887083,15.205442714922635,0.018959343433380127,2213.1094183899654,0.01363705080372678,180.0,1.2307398484140257,ood:cond:pp:2213.11 outside [505.725,ffno
0.0,0.6980848016793664,8.910755157470703,0.4863602215123001,3.8079237963437547,0.5001126804057799,15.765860941408235,0.6226948702346988,8.064505014400149,0.8009723899956841,15.293569515839634,0.6129266658379438,12.855505245498831,0.5666033630421619,14.979422402750398,0.6070785034078403,16.295322307314773,0.6466383336371219,15.218760391660458,0.8082604864113162,21.862410768622823,0.6339889588647658,15.96142759196899,0.37233086962769113,25.924462329461765,0.8105296389817052,15.77118926060706,0.02689008042216301,1484.763346078812,0.06404838951347841,181.0,0.6038752455716837,,ffno
0.0,0.7127756065001336,7.754852294921875,0.36156697057809367,4.193305951200797,0.29742670836159246,15.639245599596913,0.6101108738368666,8.972480699149276,0.7520008599177747,15.747391397389814,0.28766514473849597,12.160263171774684,0.8301522926254544,15.892232242728925,0.5470091772963133,16.412292316710293,0.7889430394900053,14.40699122659564,0.6575387757558186,21.67665364545158,0.628394253113449,15.566412698089938,0.634209659468144,25.96950883711002,0.7395596832326938,15.421810511337583,0.026535673066973686,1545.998488620426,0.03952242263287907,182.0,0.8956965276556088,,ffno
0.0,0.742994914530904,8.9755220413208,0.7904626183575589,4.259292223524258,0.5107553084748127,14.648066911319711,0.47492561676943756,8.171523693371444,0.4493706740460852,15.659393355469753,0.7250140421646699,12.648333482374051,0.809627024446004,14.926025845886846,0.8230201291045607,16.36556031966766,0.35799409752356776,15.802356712005365,0.3663353308101813,21.678370539290885,0.7557804726985691,16.059521184794008,0.8126353266287154,25.674340736322677,0.3664365468982241,15.09354768331758,0.026965731754899025,1289.9101117396472,0.028266335746855734,183.0,1.1847233803242259,,ffno
0.0,0.7077857608447944,7.945785045623779,0.7304206001641118,4.2821904247398885,0.6843268828957534,14.512697714944403,0.7296269808964568,8.008677219082381,0.3737280719737419,15.765076058546773,0.3020226218029466,13.00753707876224,0.4001804003383248,15.755639215470982,0.42404105904301637,16.227768773615157,0.4141798438154539,15.283766544189119,0.4968021447813193,21.86969251417852,0.3275877705184834,14.344410708291258,0.3666341790817778,25.495271971026813,0.4446078697803735,15.778657400201173,0.022894350811839104,598.9800384745821,0.05533364051832016,184.0,1.1678813080963328,,ffno
0.0,0.7046473078703199,9.637482643127441,0.517837932982437,3.516582126013883,0.4214432894098376,14.995149918259461,0.5482701281994691,7.846269824243681,0.5411147957038798,15.269291488945866,0.4446680884437767,12.124798727393008,0.32194229379495104,14.560095643223983,0.32074755031380187,16.98724955250837,0.501880836460762,14.380754781899876,0.7804702362176875,21.371598122715046,0.8079591365345972,15.177429231834646,0.5447329961000268,26.256624416817196,0.31536868385778155,15.968180182319003,0.027116555720567703,2090.133034623299,0.053477846372506785,185.0,0.561477160405828,,ffno
0.0,0.686306046238273,8.496549606323242,0.667003643145054,3.266537853307216,0.800429108149991,15.773764648849962,0.7573250839790718,8.010917933916314,0.42959837782327226,14.983121806089956,0.4042020338598685,12.700793680995885,0.3788338509440178,14.937904348995016,0.28384075344968773,17.853367617560497,0.49772402671853466,14.732605708795994,0.7569597050313814,21.21844177605357,0.764844472287193,15.812073221028369,0.645073266736392,26.024833745857,0.5229434708879304,15.52988742574623,0.027569826692342758,1763.9643771703409,0.0832885022596395,186.0,0.4672629431851919,,ffno
0.0,0.6932591195854301,8.917131423950195,0.7631628369481982,4.767227945632349,0.6697763271005612,14.515184776766104,0.39819429210263313,9.221424490302862,0.7215927805781743,14.375735739763156,0.5877977469209278,12.377203679236533,0.35605968734409166,14.40059189876745,0.8192504018330927,16.95718980601956,0.5194670266671313,15.731050546637418,0.37230337201671054,21.334557345950994,0.3203255885072125,15.031391405093371,0.7045957182075495,26.50385524357253,0.608573566892405,14.793873427120865,0.026106664910912514,1412.4844622351934,0.05243507171082042,187.0,0.6802896155258558,,ffno
0.0,0.7047378447709147,8.948722839355469,0.46808052449882853,4.348025027852306,0.5520285252248418,14.8643287529101,0.4075697270286852,7.515932479493746,0.6789909444204134,14.980479331649924,0.37097254232967153,12.808426624941987,0.48157656571424134,16.00193416291046,0.5719404832846934,16.972133687038298,0.3601416378585859,15.140609064517276,0.7921422788189905,20.64403586657889,0.3234211886237652,15.705839125725717,0.4766312974315293,25.71098477005466,0.3513691825564227,15.629277079848398,0.02473287098109722,923.1003165539194,0.056594912974019175,188.0,0.9096432434108856,,ffno
0.0,0.7194194006012777,8.781026840209961,0.3340188083172588,3.563326358669514,0.6208210847509824,14.716885904462199,0.7554152886157071,8.093751751231855,0.372731536577571,14.45071077122335,0.30181917709843653,12.371401900907873,0.3776877892502456,14.838847738567788,0.4462735550263376,17.114733927285116,0.7077568049339928,15.432921574027315,0.4247516071223917,22.190720028420966,0.5544780318888178,15.95132494604819,0.823219154268182,25.90825856100645,0.41002259602031776,15.949613447052531,0.027922626584768295,1486.9549915792327,0.09837079790509824,189.0,0.4536460818669958,,ffno
0.0,0.6811784510670288,8.54506778717041,0.5797531561219875,3.1624238159854103,0.49584270585131307,15.066667189669383,0.7833317155566226,8.87770971116003,0.6678166654950443,14.85438051389114,0.38209337096898943,13.57233182154875,0.5978313102334982,14.54674229238511,0.7726512559899988,16.528917697005724,0.41092255841669756,14.40180064199785,0.7471603183110267,21.174502444767,0.7936155533977141,14.373992790544538,0.38205128574728464,24.88146961504101,0.5654022753363004,15.373081765134653,0.025607284158468246,2492.8934279507007,0.04301321369234984,190.0,0.6064058885812316,ood:cond:pp:2492.89 outside [505.725,ffno
0.0,0.6816380691606423,9.120055198669434,0.4231136180429632,3.621325223898413,0.7592746473846814,16.0173868630754,0.44944828966337397,8.004260906984088,0.6494489279568703,16.025873722971955,0.4544089157308324,12.695415271020172,0.7913044232934451,16.042082410203953,0.47956035366824334,16.679685896392904,0.6638103711266305,15.6663897319302,0.6583291018581057,20.597311827118595,0.6178476607434991,15.857136170214634,0.5264159287044765,24.990567268684444,0.44661057821460104,15.117369709290355,0.026079848408699036,2465.1714263525605,0.05037423054255387,191.0,0.5429817421005566,ood:cond:pp:2465.17 outside [505.725,ffno
0.0,0.7266490374337904,7.630604267120361,0.5085501506085337,4.1022129115489845,0.594550363899526,14.835089097193892,0.45788144738732406,9.192267819324705,0.4533887128480127,15.719074904548243,0.5693234877647565,12.508852842738092,0.43025147236859684,14.569410200809408,0.2772442189708197,17.74187929768884,0.3684801815366212,14.457448518962527,0.7614311035324741,22.21224405144413,0.7517016256490838,14.832216860308089,0.6945320164916869,26.502548356395998,0.8139495949001658,15.504975865805239,0.024598950520157814,783.60561018138,0.03962181653945818,192.0,1.277525533703058,,ffno
0.0,0.6715571348205073,9.360562324523926,0.5063756099591192,4.235453282847069,0.4532227591925748,15.7174536367812,0.7216860442818192,8.366047482688401,0.4115147800433666,14.550243636215962,0.7715387721685998,12.427584866884395,0.518977186516197,14.314136601535907,0.3700095244571405,17.811233265180736,0.5912781082920118,15.430012034960345,0.4558778700235596,20.79086924601183,0.7719025394527209,14.296265580864539,0.5785704779561709,25.717207592814653,0.7051727694048591,14.475355871454886,0.026104630902409554,2548.41416166493,0.06735890377962504,193.0,0.4413544013605973,ood:cond:pp:2548.41 outside [505.725,ffno
0.0,1.1636382776465124,66.4935531616211,0.5779176209090213,3.999736171491244,0.6649115540093347,15.56087006691814,0.2862664306616728,9.197614325331626,0.39123849102758473,16.012509189807307,0.3993217756251288,13.086824183558218,0.32291971372419714,15.351541699948118,0.7987221994318758,17.692934504028827,0.7698711338391075,15.727740851611623,0.3612685727361724,20.47835328748602,0.7057568495270482,14.84114845261856,0.5119816106248902,26.491714224451197,0.5174697829424021,15.52995506835013,0.043924152851104736,810.3118159603807,0.0065580296704091465,194.0,12.111536330820828,,ffno
0.0,0.6868140096984322,8.43792724609375,0.5256098798981705,3.4072014923438223,0.34062180489923455,16.012794962609064,0.7183817173849654,7.669636676899987,0.5635861148250727,15.47459026386647,0.7959590550812554,12.644548781539296,0.6175286171639878,15.398961447699481,0.8117114677348544,16.854082180698594,0.8175555933046775,16.064945164021967,0.7516810366166419,21.061182227955726,0.821766038082213,14.739524004331091,0.49859993930064317,26.09647049897953,0.6505050519185136,15.043467914116501,0.026356395334005356,1295.6665938696915,0.06588411779256613,195.0,0.634201905830298,,ffno
0.0,3.6712395915683733,156.94757080078125,0.747272149075287,4.8724777446448595,0.44105738558010055,14.718181454554612,0.2958429187886292,8.65795479534486,0.34770538375532734,14.798081451860684,0.6326272279110204,12.72593918332191,0.5786592272396325,14.93244654340092,0.403931024747383,16.523491710238016,0.4430802457143685,15.876551014060972,0.5248573079302017,20.862699606367713,0.28767165729735933,15.721205543844519,0.3779446455454893,26.190567883853763,0.3740562575152414,14.31878250646183,0.06675422936677933,775.8659596445827,0.004402186471581664,196.0,1.452256512208208,,ffno
0.0,0.7090356207138788,8.842669486999512,0.5861457133439104,3.241409011638053,0.3855800454164618,14.55131581823768,0.387137693847858,8.96453960534576,0.3579847511622576,15.141491759022609,0.5694727445755328,13.004734218464693,0.3624964487403095,15.068410869336098,0.30735520474732336,16.49441161243613,0.6553633075965749,14.892080024258695,0.2876788037051441,21.181405817386995,0.7397280796180432,15.518262660717303,0.5917022493881546,25.00279112239034,0.38942609847749954,16.06684624940828,0.026812151074409485,1704.5195724443415,0.051129130678399144,197.0,0.644635729031132,,ffno
0.0,0.6841394787818327,6.9430108070373535,0.6845846663511584,3.8198387742085016,0.7876566748181656,15.179800440327849,0.76051485600219,8.735845031338062,0.3386435853855858,14.561870228621888,0.37785792474243324,12.417265808606604,0.7808757918270707,14.86171381121689,0.5481039910961955,17.23775912458721,0.3610688222229749,14.898706655576127,0.5820741731557678,21.58062107862644,0.5488226520057535,14.777203031485133,0.8303847457074871,25.48866619293569,0.7825225612686496,14.843324325211427,0.02289356105029583,541.6584600027519,0.0724663746913405,198.0,1.0230102779752142,,ffno
0.0,0.8402234205467997,16.703418731689453,0.7820051141748902,4.6432751077294,0.43745706818593744,15.516098873566017,0.4423953279771041,8.073012444690034,0.5726607113562212,15.08079887613724,0.6803975839519154,11.828772665856935,0.5449419052016532,15.254895588514728,0.30861996847603984,16.375602105169722,0.7602269549048668,15.182472384933053,0.6845845425773884,21.833432417748075,0.3340327373565772,15.33884893548707,0.31907597257006876,25.060598276058002,0.43198484255150343,15.838997893945026,0.025968892499804497,2771.395513686892,0.09591617874581244,199.0,0.336603097638243,ood:cond:pp:2771.4 outside [505.725,ffno
0.0,0.6847537085185732,7.488884449005127,0.585733539917082,3.2657384198690065,0.49823091115875306,14.467297213395769,0.45463985780857974,7.93699198226831,0.4732316403175749,14.494234843187913,0.7007087843354856,12.92841824395026,0.512717800833455,15.492515300300749,0.5095768059611816,16.77138967619563,0.35191010368309594,16.058306812694653,0.7734273995828873,21.55678072537234,0.6472685776759252,15.624690152131574,0.5697084511527337,26.138778651923005,0.4402035422564654,14.845009159558042,0.023239070549607277,610.2953000958037,0.08388230489965282,200.0,0.7777576185291772,,ffno
0.0,0.7045025478005298,7.35992956161499,0.5202321079714559,3.164630786743046,0.6440267703895066,15.58611590500787,0.44231873422890855,8.356721683648384,0.6757992732243661,15.784778763635599,0.5486919844099807,13.526329317042126,0.5419181741786399,14.691793858688856,0.41035747828292257,16.630909318430582,0.5551044401117096,14.84693197784434,0.6258199393008077,20.708727625088432,0.3889296943837407,15.841327107997333,0.38750342304095214,26.22017428813188,0.5114764664967602,14.527554731597034,0.025843823328614235,1283.3017173670878,0.04088609245300577,201.0,1.0263714362975513,,ffno
0.0,2.5960876954229843,125.2685546875,0.6667731517199087,4.440234348765577,0.4866098911849336,15.973508186879098,0.5801811209445521,7.893701744567698,0.5034009480831914,15.678154719298183,0.4318675970025348,13.431591169297697,0.8033421870575151,15.878849048387387,0.7535107538529286,16.759839935238894,0.6434951216384153,15.617838798776388,0.2831187454535376,21.921274982629377,0.38439068808471283,14.7594790981948,0.31001789729889667,25.635399068816582,0.314083019529968,14.383164820534208,0.057547129690647125,811.4392967459758,0.005080360863641979,202.0,2.028871210863781,,ffno
0.0,0.7195757784749359,8.685563087463379,0.5523150166050129,3.5406473956960367,0.3557177674742646,15.11926712077544,0.7093151872382406,8.003113273699974,0.6725040386064111,15.82216179389169,0.6976134405222316,11.838844345237694,0.7456378512121389,14.762145311793828,0.7871280426808015,17.30152270931399,0.3389173435409182,14.369946782589565,0.35311989236725977,21.064403092730522,0.5241639541534211,15.905574460200198,0.45237239394347534,26.439647442745606,0.3951428783690002,15.67523959744527,0.026736343279480934,1787.936021545327,0.02786103297673808,203.0,1.0532340798554276,,ffno
0.0,0.7175932643095266,9.695024490356445,0.48161516538902277,4.875059901311712,0.8263856287335374,14.990383086106139,0.701577917424921,9.222589670596925,0.53098875108909,15.492162811903038,0.36115738028054845,12.841920978420644,0.6465617153221828,14.76089326742465,0.7288587036001171,16.44105180942516,0.4842950593603398,15.705854645182155,0.35260814132899837,20.864141280638115,0.5341733065914955,14.987826914412196,0.6362858418248507,25.197351240945945,0.6893498094927963,15.965666653266144,0.02631056122481823,2395.4160003859556,0.04122564324191773,204.0,0.6039757101158056,ood:cond:pp:2395.42 outside [505.725,ffno
0.0,0.7057300228661318,9.32231330871582,0.4030127275851644,4.563375463560813,0.7056634159533337,14.849847425748248,0.3213819060777746,8.10743292639351,0.5549041471902778,14.498685720746682,0.804232774790485,12.400894992353754,0.6047000528575233,15.84802741962928,0.5722635932583637,16.95297762212903,0.35776491666434584,14.563270789513458,0.3148801766081303,21.334634836765996,0.3247200255431015,15.399637378496507,0.6349600437953766,26.31248268553063,0.32178212764654657,15.371004010686756,0.02665954828262329,1566.7673738277513,0.05117369934990217,205.0,0.6558238729231842,,ffno
0.0,0.6988742479329877,9.375593185424805,0.34075750306452224,4.2140898066578005,0.35867998247007454,15.850668908494804,0.366547136312735,7.555988689898226,0.3853121732738818,14.346910689615353,0.8176460555759865,11.775911116819325,0.3073050818147386,15.61661408008298,0.35941886043070914,17.018193449000535,0.5409095688350292,15.45097282918601,0.7848709256437011,21.351644775987545,0.5672238119634909,14.416588146560839,0.745694005222407,24.87720788959487,0.6688529885540476,15.194601009222458,0.027076290920376778,1873.4790171286372,0.052316535357988796,206.0,0.5781319829947591,,ffno
0.0,0.6902108690530082,9.913023948669434,0.6599734866289143,3.9858133152008075,0.5673959838068241,14.804575395553874,0.4695663380053179,9.047036793449164,0.8105908273637626,15.172523142912445,0.7405581447271197,12.111022823724639,0.6027968779722401,14.54261381468956,0.5437755160541625,16.346149496588684,0.2921444012979396,14.606314112052072,0.5463289900414015,20.994058435663725,0.43153155108995456,15.435632223115789,0.8302379109334896,26.45003818488144,0.7021829267279444,16.004296457706758,0.024209847673773766,2818.506137959617,0.031319470527991014,207.0,0.6609942506556274,ood:cond:pp:2818.51 outside [505.725,ffno
0.0,0.6996895305946431,9.881839752197266,0.807976462839836,4.917322781723453,0.8079452711436663,15.282128949351456,0.6938237981614136,8.29803845804484,0.34819710974137075,15.217804775055793,0.5773593526368008,12.028597934481626,0.4153682218541799,14.375691189382907,0.47112620190603904,16.726780385430203,0.6066990159865139,15.23376704087521,0.8030235761721742,20.84888035013977,0.6445766992029868,14.919474623799601,0.2913829619826822,25.93196584377481,0.3057408674948531,14.579430632906378,0.02461758814752102,2682.3610424848603,0.032217430973392865,208.0,0.6487799341435456,ood:cond:pp:2682.36 outside [505.725,ffno
0.0,0.6782093342641299,9.564818382263184,0.7743393697274521,4.052847294174676,0.3071319498720884,15.349667673121603,0.28314094341187707,8.727871148489276,0.3940886200202153,15.100676612225227,0.7557263683033321,13.528273282114165,0.5760450252937032,14.957317357103872,0.6643884080336497,17.41962218550326,0.39745411796073893,16.040918619645883,0.7506146054982442,21.085588531423557,0.7707226289097441,15.509161220069323,0.3830471755716482,25.72928810722009,0.2946231653818085,15.671158021625352,0.026300614699721336,2519.701362906958,0.06760349499517881,209.0,0.4443620841477683,ood:cond:pp:2519.7 outside [505.725,ffno
0.0,0.698917753778148,8.812723159790039,0.3300918556363466,3.6287457801152443,0.3189062251269893,15.753944092967988,0.3206345768145574,7.464617852929119,0.820680117360389,14.704256898588921,0.6842136813534389,11.930178507130067,0.3483169227937461,14.505296545608724,0.3853164418748274,17.579897005847734,0.8251169905413429,14.871272003915543,0.7560439977237038,21.573842566788127,0.6100938878251616,14.646162693055679,0.5674753964995811,25.084494315667996,0.5485609227086555,15.389713960247846,0.026451585814356804,1197.0566647830894,0.0719056602903353,210.0,0.6173825124931175,,ffno
0.0,0.6634804058277571,8.893070220947266,0.7185757724446413,3.742240254362026,0.5064327264335526,15.381869159853114,0.6510623663927757,8.34461396401904,0.7234622374125244,14.859044789883331,0.46092480691817594,11.88258833471802,0.44448278788207835,14.587215751391481,0.7448875536573637,16.892579025485126,0.8124404233423932,14.835589144582068,0.5042377526547672,21.127156552036634,0.7443520862074005,15.713155474812064,0.6501155186248606,25.703908282004743,0.6832397212274419,14.629132581419011,0.023849576711654663,2555.891746238197,0.028390645268334357,211.0,0.752643858084462,ood:cond:pp:2555.89 outside [505.725,ffno
0.0,0.681937201859856,9.294952392578125,0.8273438583091014,4.347775934432011,0.5176412227566278,15.526688035173448,0.5902750738055769,7.9794168388260935,0.6672796027474959,15.587700823700409,0.7110484850615657,13.207741029497381,0.6290989171878505,14.630335467409786,0.7953406755508803,17.203306489334498,0.3060239271668579,15.767079750452,0.34425268434059403,20.972931118047807,0.6274430962270343,14.535960646757424,0.3677788705288486,25.253214318932063,0.6472971545923026,15.447784659341865,0.027056802064180374,2279.5695032399303,0.07121165999118473,212.0,0.4537843857327572,ood:cond:pp:2279.57 outside [505.725,ffno
0.0,0.6722377531373025,8.853859901428223,0.6488075199068063,3.8800915245067453,0.30789165378595473,15.859665661473182,0.42455590348040356,7.581283465138904,0.8186502330350429,15.137963662066388,0.7653131168701827,12.606201172395625,0.6572941324407204,14.857154835781834,0.8038384482904622,16.404713343370375,0.7913705371973014,15.284784020790365,0.38217923261140574,20.45306324919292,0.6968929526644363,14.903262692191541,0.7343312353919901,25.387503779828496,0.588766458678356,14.44670277001642,0.024794267490506172,2599.6894207537243,0.03394789364616832,213.0,0.6615799478952508,ood:cond:pp:2599.69 outside [505.725,ffno
0.0,0.7448086940522496,11.122097969055176,0.605211111336333,3.6231598408613044,0.8018876590091968,14.463785916981196,0.6533696786791008,9.059102240214479,0.7767750598553482,14.701130142547372,0.5909253682157529,12.198853505209907,0.7736334774626425,15.620613105715536,0.8300482095312839,16.356762979979354,0.7957653410005862,14.36654925189699,0.6769614190105424,20.852997094286664,0.31801489942977157,14.649321785043405,0.6709236451795616,25.032063419301252,0.6383637113261043,15.349069633751853,0.02802952192723751,2425.164011852821,0.08901073185612891,214.0,0.3862047780385173,ood:cond:pp:2425.16 outside [505.725,ffno
0.0,0.6980953291777289,8.357518196105957,0.40578277859636613,4.827104910666023,0.4360695305768344,15.857237869771357,0.39946925412190704,8.11292803359149,0.2870828364052874,14.828561444781634,0.7797586382966215,13.410640003308337,0.8295615197877007,15.566960400580339,0.36385052757098857,16.581972458082515,0.3165468990505887,14.5221910418666,0.7447318224397595,20.712628284230295,0.7948804709195111,14.873131682993126,0.6908691399464915,25.82298087126157,0.2976393447173414,15.822482110218242,0.025765834376215935,995.6435011782808,0.07366472610516878,215.0,0.7012185008585375,,ffno
0.0,0.6744936798479295,8.314692497253418,0.2930209838387005,3.544031314791232,0.2988094131483627,15.319675488726189,0.6164979847110486,8.684806654687339,0.40480064916174613,15.903954155674011,0.7847041019167478,12.863897380841863,0.5148144821439266,15.209606108639061,0.72209125588757,17.114147884914814,0.4515002781984141,15.577708088076236,0.6788304975139503,20.565081165281597,0.5359976862538403,15.835518402247855,0.4817729510043213,25.56500880560192,0.4697375269535874,15.216211376938842,0.024672837927937508,2378.4410444855953,0.0296707434292889,216.0,0.8009189847321833,ood:cond:pp:2378.44 outside [505.725,ffno
0.0,0.6993314139909476,8.891032218933105,0.4239636495495589,4.382690689648947,0.4096014864522339,15.46887562299112,0.6655541235414295,8.420410163833635,0.8136231647477316,14.74452206205296,0.8001862469705655,12.762326625855797,0.4549632224845566,15.922801476270093,0.5079419451741465,16.21642906481557,0.6538432522819271,16.056185526825182,0.4785474522770833,21.409460372294074,0.3567689001420605,15.591777432184646,0.6788694783832117,24.754102380469906,0.5643837676439056,15.971279441372502,0.02615996263921261,2075.8968527711772,0.032145838093193164,217.0,0.7918789198776394,,ffno
0.0,0.7236934581234481,7.944334983825684,0.8025060508922502,4.469528303654143,0.42347212803159845,15.903322314856352,0.8262639619038221,8.861180918475084,0.34484958308353636,14.448254598435144,0.4384477345029798,13.204881006055304,0.5362753020941956,14.767662275532642,0.5984200561062043,17.321809016931955,0.6269392406759153,15.924066379028503,0.6610647748921711,21.86602139471932,0.38502449501884284,15.274118987775216,0.7675771035711765,26.382669980937152,0.6352447863841109,15.953220986974321,0.02679758332669735,1322.857501525825,0.033384415811438486,218.0,1.130201374725734,,ffno
0.0,0.6710556891309921,8.615489959716797,0.5322861202669644,3.2139000238713664,0.7615971174081,14.81839023066302,0.7662775132836321,8.225195330205223,0.4971668676577341,14.814215471374444,0.8222005298470784,12.93014458624918,0.6612606287673415,15.960241954296475,0.329469374114732,17.19756834919004,0.5824524816092993,15.072804345520016,0.5385822883956138,20.88834983846869,0.6619276044713558,15.0876540218701,0.6415820378312578,25.98152924975792,0.46713381312205743,14.475962827967935,0.026657884940505028,2052.0074796642093,0.07013644309636397,219.0,0.4613095210575434,,ffno
0.0,0.7228469201546868,9.134062767028809,0.4284249365703998,4.8193578914539374,0.3513903251611181,15.02093245540084,0.7444719731835032,7.451670447643614,0.7745282960725126,15.343112980859042,0.3734725980328093,12.609800076562998,0.29026837330610045,15.431577465038643,0.46585793165536454,17.577297685913006,0.4998892916343102,15.437756887452352,0.5995211460399834,22.139689242472045,0.43038568315177184,15.32012003767651,0.30465668760973386,25.640447884463587,0.4163838980548221,15.97213273976744,0.02668697014451027,1652.3278165042839,0.03005104282506637,220.0,0.9927874729505787,,ffno
0.0,0.7110412597597556,7.684745788574219,0.6582771331105349,4.179934863109093,0.3513874432914376,15.75796928995431,0.3192686940543876,8.95745892838805,0.7713520884526083,15.730407515576122,0.7221575327345158,12.4977837963908,0.6801964636437208,14.371702308634804,0.33524069216036256,16.731228762212407,0.4353612309079016,15.814567383912522,0.776361054747404,21.33769653320903,0.3790332579551699,15.010994714511943,0.5841323491598079,26.082122226669462,0.5066064179641916,15.845999147026154,0.027711262926459312,1306.8941718924914,0.09968577977760114,221.0,0.5018350063266316,,ffno
0.0,0.6712271501687815,9.474040985107422,0.7070528047786182,4.228129729674174,0.40225430124255623,16.013958475253613,0.756227907556285,8.909546491742093,0.4808788445996337,14.293697352745367,0.6120290625972227,12.83928674020717,0.45921928221613406,15.404546372446967,0.6646962386844885,17.428742472141185,0.6115074612294267,15.464210179437929,0.4371243511722622,21.818881793311217,0.41324309868435005,15.924246146261243,0.6124612020229411,24.835152925548616,0.5177890079309738,15.73333999285999,0.025888025760650635,2611.7462188382506,0.059710100003285096,222.0,0.4770050807676387,ood:cond:pp:2611.75 outside [505.725,ffno
0.0,0.7363606287477324,8.240837097167969,0.49091483511180856,3.726137890277569,0.4501439605557262,15.687592549458465,0.4395709298484535,7.791130721970785,0.4880136479714249,14.886203814993653,0.7874001622185229,11.77533327159795,0.8304350157320649,14.480643060724233,0.3784910472613898,17.26902068252992,0.4757431403933169,15.742722066833757,0.49220255710609456,21.058339465200447,0.7073653227575523,15.362524353830368,0.31759121568017257,25.75808074043008,0.7953359243175179,15.254876758977321,0.024555612355470657,739.1300649382803,0.041877690562290466,223.0,1.2628667135967968,,ffno
0.0,0.6993765561503749,8.83797836303711,0.7496638427148086,4.58703262503561,0.5355809853203573,14.966591435698637,0.3055461052894898,7.813830590038157,0.7721699493795049,14.912268903512736,0.3382074949266172,12.318240754140803,0.7080413102345795,14.422189038632478,0.5951950295360462,17.03947219498005,0.5357579113134747,14.960571308393595,0.3689603904606801,20.78343033638389,0.7685027501658332,15.353076908820965,0.6930534641689221,25.477732192518104,0.5542229256633968,14.762935734124852,0.02540474943816662,1080.3515599823002,0.05818132343644751,224.0,0.7835099518005294,,ffno
0.0,0.6238401719023378,8.304990768432617,0.44579133391629006,4.118450009736743,0.4474746855906917,15.834695719212727,0.5573097708996548,8.918942566603427,0.6206244090668254,15.125909712536467,0.341339812962543,13.533440201050693,0.8208355819592308,15.022590645981902,0.7960741826502161,16.605244558141116,0.3339905430287277,16.068958686901247,0.7263055849402053,21.171556034670953,0.829153375241205,16.049881115315458,0.527353719810738,25.41432949008673,0.33724759319329034,14.763433340458684,0.020972998812794685,2465.2633657365905,0.020593092354674457,225.0,1.0513469929514163,ood:cond:pp:2465.26 outside [505.725,ffno
0.0,0.626912632489911,8.552888870239258,0.6162137898733077,3.180723089820422,0.5987250569339204,14.653502981321184,0.8086426694844197,9.151269151654821,0.2960959596268715,14.93828778400368,0.4721793077935676,11.780870284989945,0.43892183652949984,14.864712638926333,0.39990742925233,16.372956134445126,0.31745467583265363,15.302652511798676,0.5752131515414036,20.839160488171625,0.6363731930093381,14.4148850759473,0.7857595934386074,25.739022292219136,0.5116009669865194,15.804699098903825,0.019908711314201355,2548.297380848097,0.019114843849917938,226.0,1.0504480783769636,ood:cond:pp:2548.3 outside [505.725,ffno
0.0,0.6765383513630244,7.721607685089111,0.6061240315292749,3.319588915881303,0.28550485695750205,15.65119777232206,0.29548172494440056,8.85233663974457,0.46177188122868573,15.073571191841229,0.466805174495541,12.695513283082862,0.7781709230508095,15.878665963668073,0.30066439022467994,17.585776389407098,0.6619405065117283,15.910792721856378,0.35441957939229884,22.14062535248953,0.589624307983566,15.942676885474626,0.6623175104192397,26.42750212941195,0.5384687616257382,14.633360442867259,0.025318095460534096,1199.4284202059305,0.062083723059010665,227.0,0.6984499944228958,,ffno
0.0,0.9146023061540035,33.27251434326172,0.5558543502860664,3.7134803254886704,0.40874312382191563,14.364307733031211,0.6278365803531367,8.045744801226297,0.34914181388629617,15.960985949939062,0.2857032482430782,12.179014184105197,0.5701233102936034,15.897069050433466,0.7525983873373963,17.11280305048316,0.3077204981353283,15.596127949002955,0.43251745042741296,21.18207067317003,0.4843287585676058,16.04004649228145,0.6086255495253139,26.06695355678455,0.5254399680261654,15.016034496007316,0.026184944435954094,1811.4152304833783,0.007900018747231497,228.0,1.219383832686364,,ffno
0.0,0.687323391947168,8.765957832336426,0.5565675043243994,4.7226799088195754,0.7566601596957523,15.016373616952098,0.6016221470826659,9.061042643466955,0.5186665235038024,15.41988761608856,0.650306629279729,12.181615196911553,0.8216721570865041,15.984716581191615,0.4927518226137234,16.684843254639695,0.648602378500825,14.316846838423308,0.49549645529396713,21.952807753606322,0.6477145336445722,15.77440609866526,0.39652466219178756,26.156254644856688,0.655121619678508,14.838344012497458,0.027044184505939484,2159.153423820358,0.07635492192910208,229.0,0.4368819402638006,ood:cond:pp:2159.15 outside [505.725,ffno
0.0,0.7182117334254359,8.112615585327148,0.34467846893997867,3.358737486286397,0.5061506348095932,15.080551611454975,0.6531806377142277,8.815431241583084,0.4532580631010874,15.983860816493456,0.6028252205687139,13.13245691107515,0.815763362039211,15.521784416808684,0.42510652782433145,16.171359120275508,0.7501290221596106,14.663379263871033,0.542304950112265,21.893057512224246,0.6490590040717592,15.860207494007907,0.628894703252165,26.188340707460164,0.7733220657008611,16.05194038343914,0.026121217757463455,1869.8504257952504,0.026946517609219553,230.0,1.0739785788004963,,ffno
0.0,0.8279724340168921,12.091928482055664,0.5494555811365174,4.264819067052553,0.7933912536261208,14.3364309882497,0.39762466461889534,9.056053814568358,0.5774198096995784,15.625106708817494,0.7473824353907825,12.224010704909041,0.6795503824271288,14.909915928706104,0.4010877697335221,17.73706412212894,0.4948893872657998,15.433164286392863,0.5939468929712657,21.54490033561593,0.7666542226980627,15.611018608534977,0.31466257715819856,25.402472473297827,0.43751274981433264,14.495991316510098,0.026603220030665398,826.6311781105262,0.020416898780709975,231.0,1.367133826578735,,ffno
0.0,0.741640217012505,7.952265739440918,0.40745280241180815,3.231240832410734,0.4401291580116868,15.181749943257792,0.7740173573922178,7.457227917459705,0.3892340080790128,15.46598932105034,0.7934017019656676,13.44111965544122,0.6778187177885013,14.601617107479527,0.7468690741334825,17.788134465381635,0.5121183129270132,15.58043690044452,0.676755442218504,20.73899030293629,0.3455517811169171,15.584486525977056,0.43915784800551505,24.833147591612864,0.7830068229852573,14.36981093637537,0.02412980981171131,672.6162734528959,0.03863149878789153,232.0,1.3150664668316485,,ffno
0.0,0.7203213884140276,10.321817398071289,0.5543514694788774,4.549026143294028,0.3770394045464822,15.992245812135877,0.37392285362337707,8.799330289268738,0.4695260183531221,15.817261942493579,0.7186418320825826,12.235062395972145,0.6993510754070567,15.076828835408024,0.3295569057845556,16.885703970235525,0.449459797453876,15.317518075537382,0.6966334965690172,21.556251736812214,0.5271578284484019,14.38384151625334,0.3839583037100336,25.930710211187492,0.37631193209830116,14.730448436273985,0.026843620464205742,2585.931135990355,0.0778355101864344,233.0,0.4084883186274929,ood:cond:pp:2585.93 outside [505.725,ffno
0.0,0.7100940154729278,9.226151466369629,0.8041757848115915,4.785283197037691,0.6919637969758867,14.355723553737176,0.7099381707862674,8.02245994650836,0.7676231291734543,15.793691760253454,0.6381098285194866,12.031067509436587,0.3592361177696501,14.541373548461117,0.659993015524451,16.4861484042985,0.39651474015219423,15.408879365442575,0.4212980302582196,21.32794786678324,0.8207920222564866,15.77065939153509,0.6193281513354574,26.178877310322846,0.6683735426174704,14.47224170779548,0.025858821347355843,1335.5255570530862,0.045952741018896064,234.0,0.809947267230445,,ffno
0.0,0.7035264240405238,9.282342910766602,0.7897751563487924,3.4017126893762732,0.6570957062648914,14.735974188969903,0.692460003586982,8.201372131089288,0.6081905590845837,14.606569701956499,0.3397787777483255,13.221507132111068,0.7972548381610685,15.332390935240516,0.8010532600439777,17.648283310695668,0.6003803386833786,15.690329013161154,0.5445160765291441,21.701779536896193,0.829187532918045,14.85223240340567,0.3068194473361104,25.63820816436394,0.807283690724958,15.857460230135581,0.028076037764549255,2168.581651347846,0.0899351473314243,235.0,0.3852062199486847,ood:cond:pp:2168.58 outside [505.725,ffno
0.0,0.7210854047399472,9.677082061767578,0.4218153596026986,4.628390316284868,0.7057053242442034,15.105011376753868,0.5065694758955326,7.730696880760335,0.6359626401714747,15.27219836877235,0.34793565214468747,12.9969196880808,0.6746861479889386,15.92319178787503,0.4818288714981339,16.20269158972756,0.806789195854684,14.660811047711851,0.6419211894083677,20.65050408844792,0.7816497186782337,15.881126602066443,0.8303353306381015,26.508782477693448,0.5438051452663539,15.667545403629797,0.02736571989953518,1399.6445971177723,0.08523344846229566,236.0,0.517779574704145,,ffno
0.0,0.7939175495572185,13.60372543334961,0.35211476673095415,4.128708201860631,0.528325550159627,14.874560594313373,0.7764696884032289,9.04066661992602,0.6008923716300452,14.28130193711574,0.8106435495060645,12.831236041063814,0.4865608752795149,14.739577346986055,0.37926808630507236,16.735691691518003,0.4153108981127047,15.066146179147042,0.573380952236604,21.203235073930205,0.5274857172876322,15.270134500827192,0.2809835679517557,25.059930917886295,0.6893979743317322,14.594719937715427,0.027210408821702003,2604.4019061640997,0.09382078803809342,237.0,0.34116951381052846,ood:cond:pp:2604.4 outside [505.725,ffno
0.0,0.9095852664381492,11.39144229888916,0.4561263261414846,3.2105399606261282,0.5447341697907766,14.621108871338787,0.2840270136418822,7.464808141405493,0.3130431954912589,15.719038383983662,0.5957837410022138,12.88667608464949,0.7376091339553992,14.359633214733492,0.7521693137260235,16.159225007933376,0.32599536561861014,15.272949947171233,0.560037582290576,22.112013142440453,0.3573622165419046,15.85029979656585,0.36726644188797053,25.197194424088817,0.7821254664253784,15.001846371062715,0.025829941034317017,673.1492573315785,0.026870945288061207,238.0,1.4063784933836216,,ffno
0.0,0.6949375576981944,6.82097053527832,0.5619338610588146,3.473530783267598,0.6716338920494194,15.882263297059556,0.4394004014903887,8.233686861507548,0.6190815222193125,14.74630750798779,0.7389185273106085,12.444178585360756,0.46888102216134203,15.752042516219635,0.38153635885320547,16.82883214085739,0.5037987140694136,14.93046542473867,0.7796334827051896,21.60505961237337,0.33360213434534525,14.763344281276877,0.550643527877591,25.88217163282815,0.41617889444506634,15.822843916792136,0.023246966302394867,526.7893254082726,0.0835299614571636,239.0,0.9059877713336341,,ffno
0.0,0.5962627465826699,10.608050346374512,0.34845749353926575,3.327624490236393,0.6392994224757618,15.814672790737289,0.38899617422031724,7.8410502137543245,0.674352863692442,15.125709407204695,0.5073075161541464,12.402749378491714,0.3125441353675485,15.096849098640805,0.4442455528821012,16.80028815592308,0.5766370812564858,15.508911445729993,0.6234502426698925,21.76248468699943,0.28724788030815934,15.456112869517822,0.5776152707751544,26.283697153555135,0.7976539110001631,14.301531613247512,0.12747734785079956,2236.4447602743544,0.06510072161389623,0.0,1.2839736476043813,ood:cond:pp:2236.44 outside [505.725,unet
0.0,0.5144447903977355,11.168780326843262,0.6234256386729367,4.4989030483328625,0.746640006974533,15.971535250409266,0.6289672294763573,8.995192035374945,0.5530244092956547,14.6984995292658,0.3658700660423224,12.670462730943912,0.6902993906300454,15.087267909317308,0.6547821598593782,16.325517815795596,0.8157695536754179,15.131467452068597,0.7354653360752657,21.737682905832703,0.7098827706127642,14.968323010799086,0.33845528097624344,25.57084995016907,0.4607866084277846,14.995993702539423,0.2669678330421448,2571.636243152411,0.027527765913650068,1.0,56.04859457924932,ood:cond:pp:2571.64 outside [505.725,unet
0.0,0.5162211305608165,10.115683555603027,0.7108957180455445,3.4224003424691967,0.6062322894251362,14.902526426026363,0.4115011627446763,8.155344871586973,0.7950480959181014,15.319496783725874,0.5643745821497037,13.220755903400338,0.5563538228269405,14.48117214791011,0.3498407212145384,17.393149959593575,0.5358912936629576,14.654346549937879,0.8130955874244333,20.912255018337508,0.7110414836347397,14.848772448548331,0.6907465649149604,25.70064657916338,0.29737579594413166,15.561552493588646,0.2143956869840622,2980.956389421123,0.03292008010614286,2.0,5.084892926395957,ood:cond:pp:2980.96 outside [505.725,unet
0.0,0.5583234120457276,10.152859687805176,0.6727887440302416,4.914473407274592,0.5249221469274398,15.488627973757318,0.5463392709674868,8.647828090473894,0.3652592207567983,16.06759084965752,0.3569175082530162,12.975835366533417,0.31368407692149225,14.43569506664855,0.7614402298765117,17.449317080194277,0.3305637947955942,14.78445607993997,0.3160452212255033,22.109589007396114,0.7464231725121001,15.676637374551714,0.6642939794389455,25.96164138101006,0.2953389807686443,14.38029394601382,0.1652931272983551,1234.0648621198002,0.045061209055956966,3.0,3.3483865227588776,,unet
0.0,0.5289081118584443,9.784279823303223,0.7367723034134865,3.9198190792598027,0.4152739363593464,15.420411728933953,0.8047758601708592,8.322442350769482,0.5887327081620747,14.800267221382141,0.6948002367068284,12.037583261326805,0.6482886753225354,14.671867480585162,0.6515320202531207,17.00354233358423,0.7343995306856441,15.298028134723934,0.7799780611876497,21.23718471568555,0.28551410212247014,16.033899374015785,0.7032225612497467,26.231651826937274,0.7360358012514967,14.505730518737364,0.13070979714393616,1256.196716168312,0.058858947396367954,4.0,3.128001328967736,,unet
0.0,0.5397115252324267,16.87774085998535,0.44841154327558164,3.411099578628196,0.5448308463703683,14.61984036284884,0.3942049896374747,8.49127934349572,0.36662181212503886,15.145932617809327,0.6617747345237018,11.802443544015023,0.7673419616605139,15.636490253695648,0.6939020795532089,17.403186124620344,0.8099246824286609,14.537993660017051,0.3230015272423596,21.75710405717747,0.28722859153123165,15.41250195791827,0.6228436836565089,26.4147789323454,0.3313829003370769,14.91223954531114,0.19138017296791077,2686.652407174797,0.011146870351375914,5.0,2.419823855701397,ood:cond:pp:2686.65 outside [505.725,unet
0.0,0.5190470479084407,10.404937744140625,0.4386838082927774,3.4459199050357534,0.2883336020393408,15.23067480897446,0.3125893468592803,8.293152550952545,0.6837861624142039,15.032171289687765,0.6142898867428196,13.48965124017743,0.37669552799261413,15.436754817583873,0.6482420535451556,17.01561299267411,0.4662825299279119,14.57141239452651,0.4864617847757359,21.422442559697892,0.81623751881107,14.770586474060126,0.7533073319289194,26.16528642231309,0.4806802539492699,15.31483650205995,0.20040030777454376,2400.3934610415413,0.036747977441116596,6.0,4.26845776404497,ood:cond:pp:2400.39 outside [505.725,unet
0.0,0.5962576413515791,10.414632797241211,0.5501651228043157,3.3995677278748917,0.7169298214919771,15.846956517865712,0.6853948523998479,9.21805876125178,0.4308417789914204,15.275065926576815,0.5211611425868485,12.923381860744279,0.43262862603532515,15.505820604759505,0.5363810344428528,16.79065406780828,0.664536398065323,14.768368507173113,0.4605052309464549,22.221575041534162,0.49293062407814814,14.887117205021426,0.8118508558797675,26.437930792800323,0.7871273286998672,14.45522490313822,0.12710623443126678,572.395996178269,0.09798564315827755,7.0,1.7202186707423,,unet
0.0,0.5788756085944992,12.281172752380371,0.6367819344409726,4.6641123866407765,0.6910472476482443,14.384859218562946,0.6065660801353836,7.756542785415865,0.7361463638282841,14.686404892003058,0.39127546969878363,12.41372879751413,0.5826490383847882,15.904063687859544,0.37615264692235106,17.61248331218909,0.5104710821428049,16.067684356894482,0.6297404332801055,20.823679086796385,0.5588851414731189,15.614012447243022,0.7378843752034077,25.59212076170767,0.4865071864808985,15.603577038041236,0.29968729615211487,2511.9686774021025,0.023362525345872645,8.0,5.548287652108786,ood:cond:pp:2511.97 outside [505.725,unet
0.0,0.5732358155008972,9.05206298828125,0.49658363511598735,4.373718266716021,0.3256025127711457,14.732728635924193,0.43693662780022424,7.9963667230664,0.8134176543782371,15.815662576166146,0.32519800260417775,12.813195748046097,0.8042025388944657,15.737523277772139,0.30474651844350203,17.432207821370874,0.7098485215962393,15.902393534338387,0.5994840978421987,21.212551782216114,0.3789171404964314,15.348598159997533,0.43238333700968434,25.269836787545884,0.5711233122850359,14.410669258173002,0.11980799585580826,759.133444076655,0.0713253586417649,9.0,3.259986760505119,,unet
0.0,0.5777972069935818,11.657600402832031,0.5333505151668874,3.4611727644014056,0.6905791987498626,15.83320411312667,0.6608521332584028,9.058519066296716,0.7673843926724776,15.339065547215029,0.69368657577857,12.031366146834651,0.5852190525434463,16.018552793916705,0.6900603787554667,17.84501486075217,0.4506351380174863,14.544242725464496,0.31226587775893133,20.46238191167604,0.6054562579434284,15.547679538328673,0.372576926397965,26.464975644910254,0.43266918157941286,14.703959654521054,0.30918803811073303,1719.999796371821,0.02737350575084978,10.0,587.0912926776782,,unet
0.0,0.612007360533769,32.65183639526367,0.5349673328143527,4.326908151393565,0.5877208985286417,14.697214275642693,0.7247592981643652,8.44718746619644,0.5946561807795925,14.974155022481597,0.8191753917158023,11.878194045216231,0.4176724984347285,15.566213960612519,0.4462412494278965,17.457897857073068,0.6911867118535135,15.022552268000554,0.743807515029171,21.675045315981006,0.6502926060475941,15.259376201835886,0.5925385988634735,26.408829641805056,0.7372741032534089,14.721176677442497,0.21780580282211304,2265.9245415882833,0.005532827864571234,11.0,2.570498317807287,ood:cond:pp:2265.92 outside [505.725,unet
0.0,0.5845226916907037,10.550313949584961,0.540838616961425,4.090093134553007,0.579114644923605,15.14894313245157,0.8095583127803316,8.805325846158812,0.3368053397268684,14.785728834465292,0.4805319715634814,13.539707174672083,0.5880602270068782,15.41123132653165,0.8064578147269413,17.58618116922767,0.40805312072815736,14.740389279201207,0.6098498619141202,21.33395387789703,0.2849905722288422,15.250819094138745,0.7989678646840136,25.980218667830652,0.353165554706205,15.54393304032436,0.12511247396469116,2728.3367808913154,0.061989715741157886,12.0,1.0706291424061125,ood:cond:pp:2728.34 outside [505.725,unet
0.0,0.5719724504238703,9.25867748260498,0.5782180683053852,4.728676810115189,0.7048924962662539,16.01929368504927,0.5640102412897443,8.340216419005838,0.31109702487967666,15.48937613189301,0.4107274357226849,12.248171562201103,0.6036150425337672,15.471601263898819,0.3458992547213313,17.062710900347078,0.28129860491493086,14.346914300993932,0.5928311991269288,21.68988197032021,0.5121539823803025,15.405553338998752,0.7390669377473653,25.722766666099858,0.7679093704920652,15.134449193885255,0.12583406269550323,948.6358580107155,0.09728565146259334,13.0,1.480295183579994,,unet
0.0,0.5895920744952697,10.375511169433594,0.6281611364745974,4.006391027079893,0.715138677630247,15.419245063980545,0.7557250966188572,8.975512454922168,0.6471396358922008,14.929500576832394,0.8010463716648532,12.892528209835763,0.4289321744423842,15.766587628178424,0.4037157897438348,16.117657344420355,0.7704320976455309,14.713626520242332,0.47594106264398095,21.285415496451737,0.3357700060509382,15.182429703787841,0.48861283664743416,24.823777510183017,0.47653350490113294,15.497219768620996,0.12712660431861877,2549.970437675746,0.06581129608394541,14.0,1.066927839212573,ood:cond:pp:2549.97 outside [505.725,unet
0.0,0.5947939348947484,10.668691635131836,0.8099898276661287,4.228001117399996,0.49457004691392537,15.40227673615843,0.6235807349760434,8.913728736460376,0.5430016976219929,15.731720058041944,0.39750919901199194,12.323531849982903,0.5168075408563311,14.74169560979696,0.4462600612716555,16.727514652532978,0.6978055982160916,15.125925739566577,0.4044982891714031,20.575358578502648,0.7547123414332801,15.547802709681042,0.6544962055993134,24.89826017788409,0.29236982835920505,14.860350558898935,0.12374914437532425,2816.8765305608563,0.061761847257918154,15.0,1.0918906673597477,ood:cond:pp:2816.88 outside [505.725,unet
0.0,0.6839577480531436,13.416583061218262,0.8184887431464251,3.924461011452939,0.693064144451665,15.917772259348519,0.5508153418581596,8.84817278722998,0.6059756212810203,15.096872558884503,0.710864229607816,12.123398300259762,0.41343622605407826,15.326568029012998,0.41761127759208727,16.325630694855874,0.5899020630923459,15.519415320379478,0.48268251230610726,21.135878077758193,0.6131882161955384,14.794737196427269,0.4601816359287934,25.078688601836017,0.6722375572037553,15.129241487574127,0.45456668734550476,582.9742433037231,0.02295432571521889,16.0,2.7189792670911777,,unet
0.0,0.575498520843712,10.87849235534668,0.730711045233035,4.298620098388091,0.5384171941779212,15.405331370555096,0.6485733349696021,7.760440342861002,0.5306877802610697,14.555229752082166,0.6903714034150995,12.725358895089167,0.739857195606294,14.947404768029065,0.757043452466728,16.20553686235963,0.32221995688609684,14.872079929290479,0.4041282016515218,21.284975782300418,0.42985695935339163,15.557192149049612,0.7275634773577582,26.194446921900006,0.7318708839444201,14.511237630243825,0.13397765159606934,2417.54041461004,0.053979520140489165,17.0,1.3645186930110722,ood:cond:pp:2417.54 outside [505.725,unet
0.0,0.5545832168869286,9.324734687805176,0.7799471439961172,4.872971222809121,0.7905304363461934,15.203669011258933,0.4304551209869879,7.50289450868764,0.5564606519360991,14.370869723595241,0.5934130282063481,11.995632973677898,0.3777039762618872,14.706989912943817,0.5441862442300465,16.48660287178984,0.5013342938662853,15.90777860812304,0.5078601089798744,21.97291116696793,0.4961158105940243,14.588611260902924,0.4681227324858037,26.30015903411171,0.6099050513927102,14.914410638242968,0.12606187164783478,1048.9919036344145,0.08769428802971924,18.0,1.7691271653710756,,unet
0.0,0.5360104259188161,9.023566246032715,0.49847108905248333,4.5932860466070755,0.3686997733055302,15.93995289763053,0.7007293312710399,8.86480330858726,0.5769746982381304,15.513833815175644,0.3925082340807976,12.72522161111654,0.6181400638717275,14.958419982915412,0.5802495563757846,17.74629335634926,0.506972676976905,14.832178463276545,0.5212055719944674,22.019685177823607,0.3564415022776659,15.065832729744189,0.6586934953729555,25.281873381274625,0.5610678239647033,15.888141191775992,0.12519611418247223,1036.7942855511596,0.06585960521439163,19.0,3.113823450500653,,unet
0.0,0.5488230078845001,10.219806671142578,0.3099837286964779,4.264279288732471,0.33790762469432495,14.486546785319492,0.6314685705497662,8.455840190073191,0.7094360730369911,14.660753223543102,0.2907060949763346,13.31323471551639,0.7379186389747696,14.976925758894728,0.371831208584811,17.269121874884007,0.578402764236544,15.212319784235806,0.31935453813780956,20.658123550911622,0.4677948547640579,14.905827710247381,0.7527762246942435,24.965533872309088,0.7069099184289673,14.53359442498406,0.15723919868469238,1286.7928618190647,0.0461693398385002,20.0,3.2814901449375165,,unet
0.0,0.6067935191304925,9.106685638427734,0.32664071462564037,4.672120862470038,0.6696329037100819,15.566987162150658,0.5512645379999754,7.577546787081122,0.7529638149455486,15.873543588228697,0.3329039276950655,12.741900031982839,0.4038576504686631,15.738635274447043,0.416378943838733,16.84680489212856,0.6912789510125819,14.849197465346055,0.3179069013230815,20.917655574789674,0.45748416976347794,14.469117529364317,0.7471011595914546,25.43860636735081,0.45351296627096044,15.467345250649599,0.13306237757205963,1923.9412251550111,0.08898837328117168,21.0,1.1367005765279266,,unet
0.0,0.5215097528579274,9.62916088104248,0.6710806268794548,4.173422678621984,0.3111792449976829,15.98857873782045,0.8088665958276795,8.291269899174607,0.5170358294021524,15.462078470703762,0.48811183562921767,12.329846094283159,0.4359744977201027,14.429002944013815,0.7591939266701515,16.265142972100552,0.44685581998164864,15.773277605023313,0.7015981266815228,21.99491225758049,0.2829507583631366,14.88198039037851,0.5394621388203882,25.901225135734204,0.4488092181476322,15.11500748196841,0.13126064836978912,1299.3870711259444,0.0602728843222831,22.0,3.0343482223486666,,unet
0.0,0.5132029683038515,10.138091087341309,0.7415733453382924,4.12843673387192,0.8081958262986974,15.620566257405304,0.3319894389469936,8.720589441837925,0.6403751941454564,15.853747851808722,0.5456584546207552,12.105209249520536,0.7998401064644949,14.639648407741866,0.44397711903690484,16.647988626088438,0.5042489819198701,15.025012453234275,0.5180609561801626,21.394649193123566,0.7431130455300721,15.921012839382339,0.52754408120896,25.400555057734266,0.4193966333818971,15.47209046896835,0.1738736778497696,2943.580789783305,0.04069710439513842,23.0,3.1960273897089757,ood:cond:pp:2943.58 outside [505.725,unet
0.0,0.560588996901946,10.764785766601562,0.7216552491476227,3.6470445585739495,0.6199432898529947,14.441108878250946,0.5191792770571917,8.094686474776262,0.5504446849817483,14.825249539879673,0.5655746934713715,12.392965982455465,0.3949726770648257,14.59804522892798,0.4160748971983764,17.509248446088158,0.5158436479596072,14.720304448604145,0.6963659429012996,21.541026963704063,0.5768244589810503,15.92877951409363,0.6026943289493636,25.947364546831345,0.569123955784667,14.481018007535146,0.13538344204425812,2640.2386552019834,0.052680828296654596,24.0,1.3012358212532738,ood:cond:pp:2640.24 outside [505.725,unet
0.0,0.534698786451534,9.115168571472168,0.7804027362535234,3.6146427786552664,0.37558862592396125,15.240323284233183,0.6436463233616839,9.055965272622021,0.36000165831877423,15.893894752513603,0.8178606082892317,13.465489352743718,0.41337055659741295,15.324011714268845,0.46123954257880634,17.34873701038161,0.34079532471314167,15.659649308929938,0.3825704550213635,20.58919614497484,0.3322659498741881,14.424157241718245,0.4541738066139482,25.33488342834316,0.7455865745702592,14.954754790144886,0.1259545236825943,1384.7061606589016,0.07985209244743977,25.0,1.6642318731140642,,unet
0.0,0.5737460322085531,12.242599487304688,0.4397824678901804,4.356021054961027,0.400795120805423,16.067987583878256,0.42003854688370623,8.832153403739351,0.8215258664028363,14.80480559713562,0.46596764474419217,12.663780377536732,0.651756577864423,15.957109341801209,0.37154879751513537,17.518663848491034,0.8099234740974409,14.34755493691618,0.40127658872733496,21.040922872623955,0.7878151008197651,14.40995359375822,0.4771561876542053,25.967047021991768,0.655387530270275,15.278529958321695,0.28895968198776245,2314.4925653577975,0.02436437511574843,26.0,8.097975794267555,ood:cond:pp:2314.49 outside [505.725,unet
0.0,0.5219433322383601,10.108464241027832,0.3776141186158991,3.6793113632431997,0.30930064919038636,14.441427711310928,0.43771768286140256,8.651863671279312,0.3332049128365232,15.42047408708003,0.5834287810852561,12.561670456987969,0.7444523801470937,15.302008711458543,0.2845384088504012,17.63924837984127,0.7157311133725963,14.59794116390827,0.5432030917525956,21.084552416827638,0.6121594826733313,16.060981857120026,0.5919902276783482,24.792963585313977,0.36263303584660267,16.00859618886143,0.2182016521692276,2991.1032267521546,0.03230331250609987,27.0,5.560420797845321,ood:cond:pp:2991.1 outside [505.725,unet
0.0,0.5625682891240689,10.860933303833008,0.8194877834422549,3.2125375213819245,0.7654011775520487,15.958904385319647,0.7219123276138851,8.217682334566287,0.7137237322382928,15.460225140566001,0.5498355619657205,12.583749457621538,0.7888370752530829,15.376831885651853,0.32492436853267537,17.436308938950628,0.6464769605969851,14.686808356486706,0.5794767311673008,21.043121065068995,0.3561697537922263,14.42141222728109,0.31736278207589175,24.802949294944735,0.47563813276289624,15.696370227327268,0.14634616672992706,2832.557797581286,0.048422628779747415,28.0,1.3389250595520554,ood:cond:pp:2832.56 outside [505.725,unet
0.0,0.6011495090835925,9.917574882507324,0.37010209992490006,4.660089136263185,0.468139536406331,14.63615165943428,0.6363857793121706,8.602550397379078,0.6141688941908746,14.280775684756719,0.43997939290656884,12.009741549623904,0.3589346082915458,15.273135033308602,0.6645986626554152,16.55872716463568,0.32519748598988174,15.967846611957208,0.6965078954810184,22.080906186810655,0.6175580454078953,14.984755143034821,0.5759684334966397,26.484378545450046,0.3123594629170632,14.695011315633218,0.19252179563045502,812.5042728512026,0.04671738748438188,29.0,3.046999024584428,,unet
0.0,0.662338726119216,34.54274368286133,0.5815011484576118,3.3656626108171945,0.5724264064181814,14.29480768556191,0.7101932187437634,8.11346825191813,0.3862582121320335,14.773474275519614,0.2977640904525764,12.305145615480974,0.7638326176837398,14.857594171767637,0.8075532754787738,17.312168019997447,0.5203980845256425,14.568665653412461,0.7021042838351275,21.035171683837568,0.4068866109566781,15.877955489652333,0.730588145737015,25.562985129642712,0.37764136940265647,14.955998452686554,0.3916180431842804,1176.7950345891725,0.004985754131127345,30.0,2.560153022218494,,unet
0.0,0.5229442742580527,10.200775146484375,0.32917239755672956,3.535759935475345,0.39139164978006424,14.88467902743397,0.6727527616223659,8.040047713676946,0.5840970757859119,15.57008006471204,0.557720214651358,13.169105346105795,0.4550077075182174,15.63479099770922,0.5013987008633534,17.80459702521639,0.5956688229843456,15.242582964640832,0.36759949836060946,21.58386243692844,0.4034410188846957,14.616578450008424,0.46564933547214915,26.205698045824544,0.36642313744033506,15.381279994260494,0.1990123987197876,2372.596579773612,0.03696782751214183,31.0,4.250763419381854,ood:cond:pp:2372.6 outside [505.725,unet
0.0,0.5386507495182504,11.46701717376709,0.7847260792347928,4.853083611899028,0.7015725997850271,15.433660749987741,0.3629815385235628,8.810531476467192,0.32965002660226583,14.41225291171865,0.6854434491721662,11.881064782282253,0.29425247047893877,14.547492205422202,0.628755520094558,16.730146695360432,0.7429763945743647,14.368131199348431,0.3260685170066665,21.68986524946957,0.6884884524234453,15.33743287880541,0.7104895262327128,26.29861858103752,0.5680865815048979,15.564788303833812,0.28927305340766907,2051.9165724923696,0.028066924911777213,32.0,18.304859838623447,,unet
0.0,0.5524211745271728,14.10649299621582,0.6646019036010411,4.609544709343583,0.3880331015421613,15.454613899073594,0.5146390847408919,8.334796834501468,0.6300078730746566,14.503437994939848,0.8083989362643392,11.783316924508853,0.797434199715825,15.323411438986811,0.49161043896295764,17.23154966507501,0.5543541373741516,15.004032055281538,0.716561873832303,20.496390499953385,0.31102642768885114,14.621969331350938,0.5360801215539022,25.212585864504234,0.2866859864157264,15.25602491977146,0.31254714727401733,2011.822433582926,0.013630297706637477,33.0,2.422250018230263,,unet
0.0,0.5861377100599772,10.516857147216797,0.34657900831224453,4.4032954437869005,0.5639431830681806,15.502528001664022,0.32403945644561216,9.119900131883425,0.5172149567470877,16.058313384078033,0.4326090002435081,11.961497871961464,0.6004463628961896,14.289948897929063,0.5843549519430142,16.860072294125825,0.6237501518761943,14.374564629073951,0.5917532367590295,20.44621902536537,0.6826510251035514,14.725681062551095,0.5335923704826953,26.085792700772753,0.3545558003713305,15.019512694328142,0.1261686533689499,2258.2353250304,0.061835406257045894,34.0,1.3431392125159216,ood:cond:pp:2258.24 outside [505.725,unet
0.0,0.5163615678641514,9.19884967803955,0.7940096781570337,3.541211970919669,0.6820098681803111,14.670366450183336,0.778861123160303,9.195347564781372,0.39957824587484275,14.49823763957614,0.6986700308419866,13.4078289435375,0.8303088757020514,15.47852706058144,0.502771140373656,16.245009033311046,0.6002130431378954,15.194035408937124,0.7063103139618285,22.02337662037962,0.7422385870266928,15.51411696175116,0.7413997707814808,26.303175965928414,0.3608676708893678,14.679407082757761,0.1284986287355423,1009.6092988467435,0.06739516648087177,35.0,2.9728647205603047,,unet
0.0,0.5754383624811489,10.679671287536621,0.4611445591440312,3.6009732463399873,0.3897920819143072,14.632304906345503,0.8271974895546484,7.461323557951508,0.4778263432919376,15.66370816989018,0.2875668404757593,11.843932572404062,0.3197689201340148,14.460690438263258,0.35294702334219447,16.817751829123715,0.644430345047768,15.182938678230453,0.8098692024948649,21.670939788505265,0.5229863149049252,14.585177346486777,0.7793450730648481,25.765344314706525,0.7183472016130013,15.328330645242975,0.1275688260793686,2996.43545203629,0.055539883938115354,36.0,1.1938755256657003,ood:cond:pp:2996.44 outside [505.725,unet
0.0,0.5150087798465178,10.342704772949219,0.522199195197818,4.224629189205486,0.4634708825218302,16.003179723236407,0.7884050501591232,7.911824617911119,0.8028076746606297,15.746461950310996,0.5002218177394281,12.64948496103165,0.6689959396373137,14.735131668381946,0.43909522613843877,16.45080921028223,0.4499528833110912,15.883565414057127,0.45549835614284284,21.892719565793485,0.4280856341726781,15.166033205827235,0.5842654510970884,25.50926864847111,0.6641104273379937,15.922935448040825,0.23595567047595978,2982.5990597634795,0.03050525700151758,37.0,7.449461929784273,ood:cond:pp:2982.6 outside [505.725,unet
0.0,0.5551350284468526,10.51803970336914,0.5616970037552231,4.1512729246460855,0.3646105124089516,15.172417786377078,0.41187453049607314,7.691768605722139,0.6976621223418142,15.628046108512885,0.5892382520829972,12.252862970438901,0.4500943346522419,14.62425685344881,0.5450900901161404,16.99163107440774,0.6137132135228615,15.445419016162534,0.5330313794760478,22.224821364445923,0.6981366487659948,15.42098745817807,0.5679196857135653,26.168910220019107,0.3716938056111054,16.03878627335475,0.3728563189506531,1092.4199352842122,0.02669370523553867,38.0,8.80507168137189,,unet
0.0,0.5957003762157121,13.154614448547363,0.804696230856536,3.352680446551553,0.7633621412047666,14.782079510012574,0.8260763169354327,8.800647519069432,0.35992348560474485,14.588411919121622,0.42238918617196475,11.901074710822954,0.7521947289670892,15.10892565149078,0.7930866348378101,16.466289139279798,0.27947173942310244,14.77043101002574,0.6942753845584004,21.348221704844622,0.6571939844944656,15.016065804441912,0.7726006691498513,25.22314944898627,0.4194576268279336,15.048217582927299,0.34846124053001404,1961.1952601177659,0.020511244311802977,39.0,3.2837531103557898,,unet
0.0,0.5562793219008321,10.500795364379883,0.6581853362470458,3.92209142504925,0.6314418916764699,14.74162539596865,0.5377019897705337,7.596972157355251,0.8064065305406009,14.68545815669494,0.5075877610179017,12.583974806213776,0.6895845437194089,15.191973153114185,0.6250666507237514,16.64182455843612,0.4607885748501493,14.873507233574465,0.788982932767644,22.007149416139747,0.3140141524179505,14.478935698875995,0.31698393781180495,25.20568149812545,0.5434317936507305,14.718831057502191,0.18871957063674927,1358.3247117230599,0.04130523269693396,40.0,3.765656574927979,,unet
0.0,0.5479935816050363,10.602153778076172,0.6424373478122518,3.1725910529843104,0.2792036337150211,15.439285680749771,0.5163895419141693,7.846484740078338,0.6098298239585203,14.569057603032164,0.2893202789299683,13.094688133283059,0.3426877972420776,15.397007868107343,0.6967904081262527,17.720486485879302,0.7367016374656209,15.445358194617869,0.48987178081768,21.636451585633925,0.4471361720565933,14.859812282590534,0.5568230235171514,25.070545410786675,0.7057762507590488,15.43176320173837,0.17450660467147827,2286.5555294329333,0.042060677170165546,41.0,2.975703609250387,ood:cond:pp:2286.56 outside [505.725,unet
0.0,0.6200462401850525,10.171354293823242,0.3618926909542334,3.7934400887493314,0.5113799260395006,15.19993262480112,0.7677669049492701,8.066299098754051,0.7829176719246138,15.636822006805055,0.3434855311614552,12.67558792193068,0.6851200743754917,15.050295083130663,0.7101339722953155,16.195668233164877,0.3896261125855634,15.568106413175785,0.5722051951615246,21.36771012927371,0.4875675729775487,15.649816378005232,0.6741847283026173,25.05223705081255,0.5545246247406027,16.037354843911736,0.2388133704662323,766.3409759352639,0.04133581568430275,42.0,3.1091363749225414,,unet
0.0,0.67771202998524,10.399327278137207,0.3505412664411717,3.2429296920645587,0.5886464358034307,15.974327329571734,0.6209371361769128,7.49744417823256,0.4584816159120544,14.31486349093495,0.6792875219428303,12.40921535806824,0.5190144545400537,14.531187078519578,0.7370230961044579,16.862469079810722,0.5911683963983493,14.92161624663753,0.31720652331377985,20.84472509218777,0.4440394046883346,15.329984469396225,0.5476904762531327,25.50600425929869,0.7124424602122406,15.666628571564823,0.14241643249988556,2826.481896431702,0.08640174442065825,43.0,0.7336722823422425,ood:cond:pp:2826.48 outside [505.725,unet
0.0,0.5446802394915322,9.872562408447266,0.7365213393640353,3.7908552472304846,0.5535779876288374,15.639460540155953,0.3611276932563678,7.8121630614832185,0.43618954409294564,14.513570252141411,0.44075186070909544,11.804095190445135,0.5158056087612561,15.859576187048994,0.28236712388884366,17.151735353485225,0.7008311374520811,15.331991507343002,0.5800700384725386,20.45483382191012,0.7373284030137546,15.301257411577664,0.6064531672019051,25.50444843135893,0.7919212460820811,14.521232602990818,0.12915122509002686,1645.1166451311715,0.06505816409118675,44.0,1.8928159569055982,,unet
0.0,0.562763666782795,10.183403015136719,0.7368944397915376,3.6087965542620197,0.3883901998940918,14.726133887877598,0.6442163886669454,8.817171048238713,0.5045513520997238,15.248192038124236,0.41408121411451837,13.364286433462333,0.7948157636498283,15.368159426286086,0.6364373549548603,16.39542797458586,0.5667844739379198,15.998191401843782,0.2777365824501485,21.611673024026167,0.5169068082922885,14.735898261040221,0.3453814025789106,25.391474296767658,0.7896011749599173,14.944047159445311,0.1513848751783371,1306.6730522923824,0.04782371069453076,45.0,3.270288174495661,,unet
0.0,0.5360839157031949,9.141657829284668,0.31182372093453276,4.284778506437214,0.6582196499228585,14.569621410204828,0.34443458170774877,7.682310876752129,0.30967920265747684,14.746382298451802,0.5432789134522982,12.35982811334737,0.4866077164861521,14.924155534476776,0.6985744370649624,17.757791423242033,0.306469159520809,14.732700861587357,0.4769326288929341,21.48121966443977,0.47126634274252055,15.772507248443663,0.32729719991044237,26.006545059928314,0.5331500765205388,14.865441612523997,0.12641200423240662,1617.5769523847466,0.0758890314976348,46.0,1.5971532965395308,,unet
0.0,0.5647753406515352,9.371832847595215,0.6123599113990689,4.665032157844157,0.5460764239651683,15.699783246958471,0.4934321452103919,8.054358627370322,0.5988832911074501,15.649799352385802,0.40610777611009474,13.36741215030493,0.7476227543257581,15.318246588585604,0.32119113691376266,17.379108180458655,0.43278126067991746,15.559297929615674,0.6174452933331511,20.52850098771457,0.35886839449078856,15.762676416443263,0.5581991103595961,25.691199202211582,0.7101136796727472,14.53132283211503,0.12874190509319305,2001.561159804683,0.07924953555884086,47.0,1.2490487706502922,,unet
0.0,0.551263399129201,10.516995429992676,0.743749251001504,3.356520866498116,0.6773016077657892,15.407050213999476,0.7256489654927117,8.722800390054621,0.5344293751283089,14.751886975788947,0.35064862365823724,13.375305924488416,0.3767217695443777,15.532145222139745,0.4437621068616077,17.593617714235926,0.4889177010929654,15.395426535608383,0.6009460909101142,20.672192829754135,0.6551367566033461,14.447571535049544,0.6751138673778367,24.91478316120922,0.35231351931318455,14.94586993879607,0.15163803100585938,2089.876465041424,0.04796610406485147,48.0,1.954769408962305,,unet
0.0,0.5128023346963814,10.327083587646484,0.5691250491207251,4.605338984727639,0.4427358390794056,15.438883175026822,0.735407592156939,8.422383496840853,0.33184549549916675,15.551979765927692,0.7948408494064286,12.549358143443854,0.5243534395419247,15.7663448962515,0.7365497372035295,16.563908557045806,0.703335609670739,14.655148078018728,0.627413295233934,22.113804859089658,0.6044903083831225,14.954029992032403,0.7574827189130058,26.28759212253317,0.8311716893571095,14.682640778868034,0.17649298906326294,2647.1853395286166,0.041012458882537656,49.0,3.0858784588464827,ood:cond:pp:2647.19 outside [505.725,unet
0.0,1.1434487015842374,48.56624984741211,0.7809057578330209,4.156260944241362,0.6481792231475927,15.90234358039456,0.36862066452530995,7.617680177490663,0.4871410318120719,14.366817048613326,0.35628943245349376,12.114709752401183,0.2772690772460379,14.936541677564461,0.7634607899011275,17.494424643198823,0.5040570837687728,15.355071466861823,0.6740483613952108,20.551908200027047,0.6326649889020857,15.337815041505714,0.7685859596202584,26.078422565018013,0.6902664056875911,15.390894407177656,0.3926216661930084,1206.3573840440677,0.003258422258511179,50.0,2.675892104721627,,unet
0.0,0.526589976309889,9.406294822692871,0.629825727386017,4.5696172980676835,0.48685765140367276,15.958662087332002,0.7562744452510972,8.787067081250672,0.4316968506848889,14.604784453734327,0.6465554516468588,12.477366752691566,0.6063079187903906,14.964481980552788,0.8209682361725668,16.919562154668387,0.6557466647293331,14.702240040468745,0.6213095642161215,20.499459919976694,0.7554685801526044,14.768009822866581,0.3855767626798798,26.247789476659467,0.5300326240261067,15.634956230061556,0.12870006263256073,1046.9332263481808,0.07944529885532436,51.0,1.939713258999375,,unet
0.0,0.5650582665777731,11.766087532043457,0.36739886559789814,3.616814771033759,0.7065723322907461,15.791364194486013,0.3750491002480279,7.531170932269008,0.7113866304541773,14.830339489671346,0.5212260752639045,13.033263688466086,0.5944629847752634,14.804618817497667,0.33248243720260506,16.800482192936542,0.7219327866749383,15.324567172505692,0.7348865214041378,21.91144727659483,0.510343128061818,15.638324552121174,0.7390402713338515,25.934054920082197,0.3977976975606631,15.793263598549657,0.3297893702983856,1863.0142652262862,0.025539323257749418,52.0,13.993529269378119,,unet
0.0,0.5880247662151032,9.917963027954102,0.3879062363027051,3.847814518662595,0.7915676956124056,16.012660290444664,0.7190007167852304,7.891508727055854,0.6550669701675431,15.822949542702741,0.6949685025216565,12.33026683782828,0.37855628809987557,15.617004063953246,0.4106522573442255,16.86220131773881,0.2996709512564009,14.874540482453497,0.8309324342591857,20.571854866482024,0.6742695091416819,14.446895189661907,0.6175264473422475,25.37228692525441,0.627995907100755,15.372164119158953,0.12806837260723114,2230.061146741181,0.07475911505389875,53.0,1.1707881478540407,ood:cond:pp:2230.06 outside [505.725,unet
0.0,0.5495195090736712,10.390735626220703,0.7829713964001257,3.3772934568133746,0.7792297495595611,15.080569643770689,0.3308017020697619,8.389526035665003,0.5589255705398916,14.370812247403776,0.36530466989793814,12.220731094060058,0.5787624625059731,15.01145779062424,0.5642185094237955,17.865828736359838,0.6925342272513347,15.265576756556907,0.3735823575665564,20.823896898271673,0.5660697925151683,14.288452349160986,0.5981283227438683,25.864490913280928,0.5048006091258423,14.82659405717558,0.1768294870853424,1320.7051164079076,0.04255947167934026,54.0,3.528650726900774,,unet
0.0,0.6147612536648717,8.83977222442627,0.6594508480334491,4.304800860861617,0.8074068371088078,14.295977287633189,0.6780550250809197,7.641791383592978,0.4416822993548841,15.100015812098745,0.6105006335086941,11.87381225269915,0.5389774357104051,14.997680128776414,0.6965460012281711,17.44861323059967,0.6832551847290655,15.172966114360056,0.6237454633264072,20.61181406179221,0.5397505517953148,14.62404490142754,0.5863012492906137,25.413806115726793,0.5270123437879985,14.7773135083674,0.13446517288684845,1776.4589902185717,0.09438307842779275,55.0,1.1358024948032595,,unet
0.0,0.5821557493996476,11.767248153686523,0.43531975491874286,4.81236085933227,0.45554178106477144,14.684926616070072,0.42064914666135644,8.801705170937492,0.8078733273037767,15.063512826571658,0.7550660660447418,12.782994156757926,0.6384557466311225,14.653312281124872,0.51015180335467,17.212515124152446,0.5141809531419608,14.987436459264309,0.6017006006417529,21.471210778846324,0.5966282738809854,15.079937107829153,0.39709679864731073,26.28090125993808,0.6661494664964847,14.958674101188695,0.3636418879032135,1753.90754801727,0.023223372272498446,56.0,4.52582003535287,,unet
0.0,0.6210133013404447,10.477612495422363,0.4307533267783481,4.751586283570962,0.5582261669298347,15.90410380572989,0.6031660166484938,8.155357926985907,0.6130136829814694,14.501086419948916,0.578138035824752,11.872308525347474,0.2981790902854848,14.613259719435298,0.37856246145576505,16.9180581271228,0.6158345025063495,14.43732835352703,0.7766757695502369,22.184028497958984,0.3373960865295869,14.956972032622447,0.5163356511174958,24.789047434917357,0.5578203238639542,15.11207381400343,0.2526077628135681,781.8243264370152,0.03855339094856421,57.0,3.1826587201194476,,unet
0.0,0.5382899383128673,10.058938980102539,0.619405855101617,4.277296365837378,0.7313323400070066,15.717942254789726,0.7423754862232533,7.933811947106346,0.4159503037424366,15.993393550395872,0.5126021464284578,12.029012497242576,0.5252740746401153,15.577183382599664,0.715429962355042,17.834913829911283,0.5883181488949623,15.970361907164008,0.45134330467292255,20.710101047133776,0.3399461083091579,15.636756597077351,0.5694201179504197,25.60384922367906,0.48907142222279176,15.75655289794393,0.15136951208114624,1817.8036804211088,0.048308131021231854,58.0,2.863587559701597,,unet
0.0,0.5609827740186558,12.292276382446289,0.37739981429267877,3.989282722250313,0.7474107312379163,15.98482501533316,0.5053519478238235,8.403302013234661,0.7478913776564098,15.154444808481765,0.3870279210355615,12.287401487798816,0.3086997013694608,14.634710739007046,0.8195794564191913,17.805550436353823,0.5077134583636811,14.87585239129512,0.2803323735316992,20.481502136722774,0.347554787414984,14.328465061167664,0.7560851438782599,24.971345790301452,0.4310423398612212,14.822068024469043,0.41056299209594727,1416.378660152053,0.019065933415609835,59.0,2.6283818017240046,,unet
0.0,0.5432671729775785,10.150740623474121,0.5543571661107218,3.44855149089524,0.5579988162090871,15.655063525514894,0.6298217757217263,8.981643423448272,0.7430985989055133,15.523996905811462,0.3186225489410537,12.98635298615127,0.4141428887666661,15.667137864401527,0.5747889616522853,17.77522326496075,0.293764494834726,14.344440098329017,0.615820340163657,21.9586250194882,0.4698660560991111,15.848674699262029,0.6992661707509371,25.63333926184845,0.7508505139099805,15.734293947435672,0.15604926645755768,1530.2008676717155,0.04610452286157063,60.0,3.304506877973371,,unet
0.0,0.5713338846162401,9.425944328308105,0.3800664789834347,3.1554969497657313,0.3477014220657335,15.470366898390065,0.6794445275064354,7.950361465777579,0.31928203674087274,14.629026458951463,0.4628297580287307,12.697754629578338,0.7949759214092924,14.854930599042213,0.5651024429719171,16.82693443954555,0.519601747073898,14.924581367776218,0.7478346852739022,20.55463254187755,0.4777978634069746,15.21111485713768,0.602413195122617,25.346501939463057,0.39772649276851035,15.88693025866349,0.12655198574066162,1110.5789986080044,0.09046774232543137,61.0,1.4334160849865982,,unet
0.0,0.5505578576665806,14.122461318969727,0.5056607451162277,4.131044713914761,0.2970940944832922,14.682649501994534,0.7587359835044507,8.272004300508256,0.4474559721455914,14.699188239827992,0.5841045247177699,13.05012518637669,0.5972312858425144,15.956451950581428,0.4625915649157253,17.24621449012126,0.358112292707209,15.167206654037106,0.5888790631213201,21.340874732300918,0.663858083650813,15.027165483186513,0.6638647015170376,25.730371500958956,0.41743134127045234,14.332991630281288,0.3403802514076233,1859.2867262936265,0.013877879419597759,62.0,2.408699274709986,,unet
0.0,0.5319073159760981,10.388681411743164,0.5641898798614906,3.7631216801060985,0.7166073513314527,14.74993864358931,0.6096891094829233,9.119409874679638,0.7772975107482026,15.231886075022341,0.41958799851801587,12.018326779747358,0.5181615376497781,15.443338647908813,0.31851458126037047,17.6891574266464,0.6569105686458075,14.839010295897566,0.6336415081195304,20.873341963621037,0.696248110302762,14.339721046916097,0.702811973464085,26.397875586285004,0.6543738818826723,15.629209487919054,0.15069642663002014,2609.788541382362,0.047405419648813486,63.0,1.577963216101733,ood:cond:pp:2609.79 outside [505.725,unet
0.0,0.5864393738862836,10.400883674621582,0.8096117897191996,4.0741929064213664,0.39658313454830385,15.333028414703813,0.464737845111166,7.526905228803495,0.3163731911394205,15.80980573323701,0.5897379912776037,12.584875287734508,0.5878272000400641,14.740628778100309,0.4769844960688373,16.681559336615983,0.5184024452946999,15.67156208791842,0.4522313387319441,21.053038015933158,0.3723335032958663,15.690410285145898,0.6725206262880408,26.162150617459528,0.5519024595327063,15.059085800755524,0.18957918882369995,1061.5104975550094,0.043854850078919774,64.0,3.3152761289112194,,unet
0.0,0.559303074144495,12.531167030334473,0.6446969609599718,4.760152351922482,0.5162103365922227,14.934107304957823,0.32908580373191426,8.25954913138729,0.716415469968676,15.629446760096682,0.6871438645623862,13.455019991821455,0.5851349683290705,15.020490415823275,0.3739109084275544,16.763459339571344,0.7933964335453193,15.764786416339959,0.5267264266990941,21.548905933970374,0.653880419205271,15.903564212701301,0.43448044655687046,25.786794412841626,0.34799442326985064,15.968071738954261,0.46320343017578125,1244.1275501240352,0.017294680357104356,65.0,2.439163203373213,,unet
0.0,0.5410638389396614,11.191835403442383,0.4803972639326885,4.491467723728697,0.7977871671982654,16.057773926470635,0.3422170464678156,8.422057283784806,0.3450252866644717,14.445647562471866,0.6079759471862255,13.457292803203558,0.5079288683518253,15.91967942424842,0.3950842901342434,17.57593522643978,0.7926825471136596,15.514495971727452,0.707799273030995,21.205183350023535,0.5850792945345552,15.601489183355401,0.6425921268440156,24.977393813941486,0.37736237811238593,14.377981178906778,0.25114813446998596,1744.453204606502,0.03289873490476277,66.0,4.662075838474718,,unet
0.0,0.5178396419545693,8.7576322555542,0.3295924316870544,4.856738415445726,0.6653760403541353,14.975000615899706,0.6500870511101902,8.919978104631673,0.33024086120795226,15.900857865902562,0.7812001276883046,13.496712548186254,0.45576693384010414,15.474647353779623,0.3555729206570227,16.877104399478853,0.5072689065157705,15.224139065520452,0.47488109429210945,20.83965480828729,0.6981148238708015,14.92114672095407,0.6257834398019471,26.03340606642965,0.6626187167042015,15.963004113108118,0.12658461928367615,921.7186068867953,0.0761311973469423,67.0,2.8310549509909166,,unet
0.0,0.5149665238022775,9.232431411743164,0.6103233167447057,4.847109412121534,0.5889879675071961,14.393080067711546,0.6395900077982781,7.842892188832192,0.30065035340139823,14.95755400400905,0.7987760019835651,12.36418596894066,0.5642571106942353,15.532356364220187,0.817859328571778,17.821551664630793,0.6205247686463695,14.54293923135337,0.4269305432905053,20.867860635218396,0.7843468463177837,14.293398039588045,0.5783378786154169,26.205062491101298,0.5364550068908938,15.583945822575298,0.1289554238319397,1475.9188505293992,0.0660702226247635,68.0,2.2271689726883523,,unet
0.0,0.6255999960863853,8.858682632446289,0.6160445030698235,4.684527598490265,0.678295834506649,14.543109270324878,0.8256271058474121,9.099372962949216,0.4915331250886324,15.368133114166925,0.8190432732615305,13.113379502867762,0.6205089066517503,14.658053482774958,0.7759459501191399,16.860566064819576,0.7487111341053616,14.592313713181335,0.6921892357052556,21.94093411620689,0.8217902437881127,15.89786082772053,0.4999186058255648,25.958714249022698,0.3959110398876646,15.197258629200832,0.14151407778263092,2091.2059346747915,0.09459892264289764,69.0,0.910694303945058,,unet
0.0,0.5420225754013164,10.323291778564453,0.5251995411436621,3.872574240218596,0.8245570859903902,14.721329000270284,0.40926578968082383,8.273535575382358,0.5236236780694077,14.9935150449855,0.6130680213092006,13.4732833084213,0.798350108179162,14.609743877441264,0.6429319900530427,17.54085366210947,0.8310234520917366,14.589997870790807,0.7241879844034291,21.33168625182143,0.7741817125998465,14.532946471362287,0.742524305628976,25.69504798483822,0.4323354904944138,16.034627364679707,0.2087882161140442,1618.6204713918182,0.0374851478356382,70.0,4.290490740064828,,unet
0.0,1.5438503493107727,62.60675048828125,0.6571494697346956,3.608491910846957,0.7223149079287456,14.90023721235675,0.4032047177890742,8.61225329770958,0.6984808259488149,15.430229204357602,0.49450735875817126,11.9920442113293,0.29395318610372223,16.01530439647441,0.6989171448913258,16.793221543639355,0.547350454068007,15.248946637021891,0.46705274824423604,21.67875490018341,0.31352923466587684,15.751146467605814,0.651756575250914,25.83043818938729,0.6272320313687834,15.076280204052539,0.46020442247390747,666.1298596110528,0.003091830011913765,71.0,2.676929422475543,,unet
0.0,0.5800312507833818,10.785833358764648,0.6809314805551699,3.3223327251095354,0.7423170626009286,15.797754125930997,0.5077441602454354,9.026299252820953,0.3592735938569722,15.049663514754492,0.800219865071753,13.093965408069447,0.5432563493807594,14.855441149769481,0.7639424390400928,16.62989246689005,0.5993175224589432,15.388148569497654,0.3266486288240265,20.794092688486884,0.6461531070436901,14.68029649747464,0.8287916302562702,26.348838208122334,0.8168011084187105,14.548101210540175,0.1291605830192566,2324.6624588707828,0.05683814391355368,72.0,1.3192648173952195,ood:cond:pp:2324.66 outside [505.725,unet
0.0,0.6189477533007992,12.999468803405762,0.5865032053637693,3.9228360674334026,0.3219579804679946,15.969340516290803,0.5500518514068937,8.207338316992349,0.32269857653632494,14.810600525418801,0.44209244810510984,12.38645515984954,0.6554348569590835,14.690262843448007,0.7472143412688577,17.20187297737131,0.30705107784087454,15.667490953311605,0.5640374003209874,21.611163794459987,0.4182719267870286,15.396980471983476,0.8005073529950564,26.149917871204973,0.8226326527744854,15.85011370253759,0.3316446542739868,2134.020641128552,0.021881705344210564,73.0,4.068313117662603,ood:cond:pp:2134.02 outside [505.725,unet
0.0,0.6014131834044347,9.26895809173584,0.758851260547832,3.313233379666988,0.6206493171044678,15.353311868517853,0.33395138931703383,7.697877418904752,0.3732456914400227,15.174907220385819,0.36412450138807567,11.80168331529588,0.6364993916842463,15.386825631162665,0.2790061541848335,17.133060503907135,0.382854852795209,15.7752486696948,0.3236483814140577,21.903615390272137,0.5287694409554486,14.404757749366473,0.4161135102572817,26.201019224373326,0.6710364520969418,15.70955482687663,0.1331270933151245,2077.9959798456725,0.0867321907966674,74.0,1.092828476662605,,unet
0.0,0.5562870525730442,12.825448989868164,0.7455742221133002,4.588258931067562,0.41992032465571044,14.328967988373595,0.7608962270292834,7.741370398024166,0.35004524679535676,15.729654427743228,0.3996044696504062,11.89592717455138,0.7677478066864173,15.467937194751237,0.5599762556239157,16.252239726580676,0.5527030202065777,15.986347642926344,0.3608293797071338,20.546132036309963,0.5619559316836147,14.782543477849853,0.549643204393002,26.0283146614967,0.6584173898975088,15.69212930067252,0.28491076827049255,2670.822016984915,0.019398781305742546,75.0,3.2031674014905103,ood:cond:pp:2670.82 outside [505.725,unet
0.0,0.560935351843897,10.298588752746582,0.7342601222417844,4.61587782365881,0.5365112534106444,15.383492162781366,0.6205674169291362,7.818369963469777,0.4163903086656753,15.980627613947608,0.6474346285791456,13.095476595006387,0.42722648818098763,15.08171295382364,0.39987173578721863,16.99494841377996,0.29273982330376286,15.88498503697707,0.4527181404770003,20.957741728693826,0.3777731083000375,15.358496870051416,0.6282155313457554,25.611872180206188,0.6473555248053572,14.631080867626132,0.1703154593706131,1392.667272655921,0.04427863700613946,76.0,3.452711768426252,,unet
0.0,0.5574958715616992,11.222097396850586,0.7854950514991815,4.330126574472626,0.7648239512319939,15.863817665415258,0.5003417051346692,7.76093091452802,0.3218591368694183,14.365628349321668,0.8300662082591449,13.28183398036027,0.36424244018259866,15.579205077946863,0.6642605462370401,16.120171198942923,0.3905716051059589,14.496023935085331,0.6472951956672965,20.661992129435752,0.43625700047221155,14.586218423106455,0.6462416279927907,25.230743935480106,0.5230412049493489,15.80790278179887,0.397148072719574,1158.6501293205874,0.024200987943888936,77.0,4.763627971992288,,unet
0.0,0.5556859140050023,17.687480926513672,0.451927699187716,4.144287089254783,0.8222433954862249,14.935008913461667,0.6676541055836107,7.870776074649923,0.388445085619564,15.727562019470513,0.5754094699691785,11.885956614452896,0.2921290696677757,15.164977536888832,0.7499858958789505,17.56575524439498,0.7432954361847082,14.53982869917169,0.795447292681979,21.72448586362292,0.5588105234221187,15.576640198040325,0.42983618085880976,25.3863735679324,0.8223785823035479,15.070761653085668,0.42104601860046387,1161.3081809790988,0.009054161458902303,78.0,2.390107296027347,,unet
0.0,0.5870433718274812,9.394432067871094,0.41553996610269794,3.569254615143131,0.38782222682489764,15.594729371517634,0.4561680511963123,8.336427629779529,0.46347559229241087,15.971038443080314,0.8128678665829698,11.983654323580533,0.4785329947271486,14.311557179359276,0.3583531180555784,16.142917480357287,0.6739350080396382,16.037209870288116,0.7998233739330051,22.126655346493642,0.5362876140900344,14.92549811751918,0.35988421056651226,26.386184156795984,0.7397110714733391,15.253564499514368,0.13016000390052795,1767.6126335425433,0.08514981573229963,79.0,1.236352684892945,,unet
0.0,0.623233001626276,9.415057182312012,0.7671935350567511,4.874160223417208,0.7048387204213655,15.919417517070023,0.3724176795693503,7.844261981074385,0.36576918913651923,15.809628132773454,0.5195288188804921,13.074193057766658,0.43755218648245187,15.157642914998313,0.30869803331096324,17.501720291679835,0.6337463591864334,15.337678899622482,0.576963498638865,21.954947745932095,0.8139012094937149,14.591492029913084,0.4813533167302742,26.09785032928836,0.3036734464939276,16.002214706400395,0.1339464783668518,2321.154516461736,0.08756439478203248,80.0,0.9866928151376105,ood:cond:pp:2321.15 outside [505.725,unet
0.0,0.5516460140035829,10.665600776672363,0.5350166645503789,4.011130367945589,0.5856773118852476,15.731149846109883,0.6493591815403742,7.605640927880205,0.48254861398870597,15.844240928922083,0.817748748570714,12.691302924683642,0.41419696759323854,15.071496430316243,0.2949001384958459,17.71939021458329,0.289920081525378,14.388933705885117,0.2821026864752198,21.828694298864896,0.3216474642625067,15.732939522617961,0.775465179067838,26.002168772078413,0.3032320186199674,15.629426896492285,0.16121149063110352,2475.8360750987117,0.045236303556608265,81.0,2.162651210712438,ood:cond:pp:2475.84 outside [505.725,unet
0.0,0.5413496118987168,11.765541076660156,0.6257107980210703,3.876230027285719,0.5067480160285784,14.435374927348667,0.392999739657959,8.456989999501372,0.5405809965900931,15.93375366111295,0.6805064670283593,12.67133381617085,0.7034748187049125,15.941061154102087,0.45326481029798144,16.815227883257336,0.4778803695059861,15.896882064007087,0.5549066048753986,20.959796601482587,0.43297364927367904,15.534148504226952,0.7373013606402092,24.96215581200268,0.31147736125334236,15.798740454448293,0.45077064633369446,1276.4810846030832,0.018843470340676124,82.0,2.571584093545041,,unet
0.0,0.6271605751742199,10.070862770080566,0.7544279784501218,3.7140028981776,0.6622684290366445,15.60247833584684,0.5419198407782755,8.630801202570286,0.40019966970080734,15.338138797882092,0.28071243899443005,12.013193161657334,0.5861818310083797,15.794023097018169,0.7467973546854361,16.48668048096093,0.736317354805142,15.381367939135043,0.7564777658069304,20.48424900719507,0.4399525984152064,14.800638306394909,0.7991870575953732,25.20198486779164,0.7780456487092844,14.29816381026627,0.13409222662448883,2463.3514932239036,0.08306798408182509,83.0,0.9086049892380376,ood:cond:pp:2463.35 outside [505.725,unet
0.0,0.6614259191416354,10.618249893188477,0.28147315142700974,4.546208701602167,0.7641378232986347,14.681521774260254,0.5540727362180216,7.776314562128357,0.40228017854708065,15.948461149090848,0.44391090264818034,12.31854970731649,0.8145102059110705,15.147190760614372,0.4385989312777153,17.078178455460456,0.7547017745487057,14.495471071400585,0.466156195854311,21.28279505032834,0.520381807584071,14.96841546373855,0.6395809488429121,25.57556437477087,0.6609115467117703,16.037652363539355,0.30586421489715576,512.8171989209513,0.037471938819572025,84.0,2.8900225788920686,,unet
0.0,0.6346371746804745,9.582039833068848,0.6581755554395643,3.877287742523702,0.5793884658629084,14.302543153146617,0.7089106468027693,7.742420206133515,0.8198707302202322,15.24948071040425,0.4550690571259695,12.285398911259092,0.5594682326608873,15.537017228793097,0.7130309581281358,17.05134521707667,0.7532428015629122,15.357358936225616,0.5932090142346322,21.281512809824,0.30123181753967027,14.33087035707706,0.7916285716124966,26.101476348645416,0.6597778135549079,15.909657831274242,0.11867904663085938,529.7235218499421,0.07597805677706826,85.0,3.1479803728342195,,unet
0.0,0.6102942613947854,9.332294464111328,0.39320158876361483,3.2458030672613596,0.7404087021917682,15.792024161492591,0.44948877577524105,8.266729104717681,0.7358934288885699,14.43904995280649,0.29588500713431093,13.45544624519826,0.4486719355972506,14.552570487367735,0.4207376168206164,16.409210157540656,0.7929535462967991,15.894983973749998,0.28888003370233445,22.067737078589072,0.31255279341934966,15.864907577344967,0.6489799274520339,25.17500590375816,0.7654941739669101,15.578352905999637,0.1318727284669876,1202.383582464583,0.09939041398316155,86.0,1.1678091619215478,,unet
0.0,0.5386432361575181,10.391443252563477,0.7128587805093349,4.750874895746552,0.7632862946299076,15.52081431987464,0.7553058995615807,7.709007889080739,0.5492190551951021,14.582627830671933,0.562453223507599,12.018156077582796,0.6743202312582658,15.24925855064454,0.3228795041001383,17.327302798501474,0.6289747436502477,15.775351423568788,0.7751016987731643,20.95370137025109,0.5512267683640563,15.241921700496327,0.27760172018129264,25.311547392733132,0.5776326323326664,15.78776822320024,0.1587277501821518,2819.421327807938,0.04545974336813088,87.0,1.7648090031667036,ood:cond:pp:2819.42 outside [505.725,unet
0.0,0.683321164544137,10.055912971496582,0.6379985846960667,4.3287903217346315,0.7435941369862352,15.872783941214252,0.6381265686597862,7.872006708317679,0.6057550730095048,14.37320806673235,0.5500989825245781,12.909914000158635,0.3520842491573673,14.54707574786985,0.6053784726014619,17.280317300687358,0.8268539678145158,15.561884378172522,0.7118051421060931,22.165965706959916,0.6288823473254976,15.490642432231063,0.7710183314697485,26.373043435897323,0.610040986782812,15.075938794198718,0.1445719450712204,2337.107130118521,0.09277207203539853,88.0,0.8292141121314877,ood:cond:pp:2337.11 outside [505.725,unet
0.0,0.5540673296158471,9.204047203063965,0.6660262457758843,4.283465971338389,0.4623618409660538,14.566747964120282,0.6904669783089036,8.455186182135238,0.42369754890065836,14.667895499662972,0.603223816982676,13.040256062806536,0.3003747720532869,14.337896268979472,0.7328114669727339,16.399938271887503,0.4692978671421708,15.016473053313899,0.5877621008410742,21.879186752662115,0.5557078398709938,14.46522788553768,0.778652126704013,25.015542827875443,0.4823935230672155,16.053998040878326,0.12600554525852203,616.1391989563185,0.09296422091475524,89.0,2.042397710696474,,unet
0.0,0.5638094370672077,18.297578811645508,0.5559718917511918,3.781111393337195,0.2894796240914808,15.159466149660478,0.45941972273115705,7.761355738504331,0.28063004840225264,16.012153977250215,0.7053858459117064,13.262507295138594,0.5618537671925576,14.969017207887727,0.5722239073968062,17.79798216896248,0.7526590260647564,15.94603542632646,0.38938262294270226,21.636994229109487,0.5527656337708342,15.87987984677621,0.5657281529498652,25.064199492284033,0.636208901821645,15.412645880118289,0.2186526507139206,2545.7554909085666,0.009848664000828858,90.0,2.4270088759662687,ood:cond:pp:2545.76 outside [505.725,unet
0.0,0.6127743411009186,9.17470645904541,0.3449090550494059,4.374482212164479,0.6670052419350487,15.807086911010153,0.7599416593243817,8.239902203823863,0.3495255234604745,15.193141053169127,0.3064973188550879,11.993462757376008,0.6656959705321734,14.945998598034851,0.36244145027650804,16.18069113626797,0.8250219353174197,14.648629153446025,0.8007195100434525,21.07670085880046,0.3192698176223198,14.326951422606717,0.6285851051086011,24.967231618498776,0.40601425600513497,15.224954947649053,0.1345558911561966,1610.7923339083914,0.09358147049608907,91.0,1.122090597936448,,unet
0.0,0.6141956941261869,9.304500579833984,0.7770486707560218,3.2727421501098606,0.735727475376491,14.610244637013547,0.36287895190290964,7.639055347802063,0.618972415099591,15.795540570182666,0.6858907683875279,12.592100409532849,0.31066878598011133,15.60699813066993,0.6589172585598145,16.97929079915381,0.29072735360799906,14.817246154976246,0.4631251134340938,21.01707920262612,0.456945341526643,15.759819219314787,0.7389852671577735,25.62737389645494,0.5456717845971047,14.830189257917986,0.13482911884784698,2290.473889137165,0.08722432335783616,92.0,0.9874140474697667,ood:cond:pp:2290.47 outside [505.725,unet
0.0,0.5952800732167137,12.440896034240723,0.8193998371824172,3.6356900756932324,0.4997176746625219,15.80948732986181,0.7203937274289374,7.789711939653281,0.658894940848568,14.893217844095192,0.45863384346916136,12.79490883880577,0.6604489769495023,14.42301829814327,0.5828664088645956,17.67878906044767,0.47941083731885104,15.402885140892378,0.6908834278300301,21.933389923307974,0.57314012192711,16.04572148105895,0.4607955913510893,25.656203966638255,0.45678291558990103,15.337381176926202,0.35928255319595337,1816.7796801572113,0.02228555599464904,93.0,3.9204523083523024,,unet
0.0,0.7341625378849617,43.10813522338867,0.8298459686368496,4.589371220285134,0.6389090966160229,14.52640263183882,0.4948399060554849,7.949598181544007,0.48293589638828144,14.828532300340807,0.2934409111466351,11.963053228525608,0.29809618305522356,15.261270729626025,0.37554639719236393,17.597284532299565,0.7300901583892732,14.33750099986478,0.7089909215087705,20.90257288996057,0.4052745651394133,14.966470131538163,0.2827023657469813,24.75140819109975,0.7417682303025309,14.677708811436137,0.2122419774532318,2403.156926046935,0.00377650636476865,94.0,2.68419141193084,ood:cond:pp:2403.16 outside [505.725,unet
0.0,0.5658413323177565,12.579503059387207,0.706740045462558,3.41667951328351,0.4214046636501585,15.084650121703556,0.4980235617749631,8.69456842260286,0.7827668748638156,15.191642069779025,0.35818040370981663,13.325533425261945,0.5711202213221366,14.945413184331322,0.8272460942027791,16.880377161021567,0.34334103335568156,15.50965727507421,0.34359542102642127,21.56533467066526,0.7862871453561242,14.958336580800564,0.7246553215319473,26.44815471794071,0.48919161406786343,14.461177132430796,0.43471214175224304,1286.4158281066002,0.018614330991963003,95.0,2.5516793539433857,,unet
0.0,0.5896412856199486,9.179085731506348,0.734980200330062,3.4276973811911646,0.45207903955609285,15.234815737945386,0.8006874413617193,7.866762772695887,0.8166336733902083,16.015796241610136,0.5452189336782307,13.06125377039579,0.576897266500957,15.2635962779705,0.5329915069429876,17.19077731270513,0.6123873824035893,15.792293828351172,0.6320919748930135,21.640395809061904,0.3946649349996846,15.699915531038018,0.6611214583202671,25.00188146035412,0.35188528143823805,14.970568794060641,0.13162542879581451,1930.9122650905097,0.0862908924458717,96.0,1.1628235389935637,,unet
0.0,0.5312418630723181,10.128239631652832,0.40919108337929844,4.76423772330392,0.728867048257738,14.375694532894984,0.7572367560679265,7.94342103674243,0.47690961930619546,15.618903163913068,0.40652251524283656,12.565631902894019,0.5820801144923549,16.012101632014573,0.5773153392645702,17.155520692427675,0.8072255957161191,15.660248437383435,0.33364710882584864,20.97911873704099,0.803857184736689,15.661494398243118,0.6223468055590093,25.008709877705527,0.40234943662906264,15.488080161188146,0.1708698719739914,2536.031652021559,0.04256887026682834,97.0,2.9910178517633095,ood:cond:pp:2536.03 outside [505.725,unet
0.0,0.5503267376854334,15.487401008605957,0.7397645352314359,4.565681385948524,0.6686529498404579,16.05574455549626,0.27906324718984854,7.658099422922112,0.680327285590979,15.37895293002104,0.7937465463802816,12.445861055225295,0.6486561826667385,14.730451252457513,0.7164742378792575,16.61524447573037,0.2885019765733187,15.167173220109829,0.6727828360371773,20.60826724470461,0.3606210315483067,15.157090371070339,0.5203621570129786,26.10436251046659,0.3139670175209457,15.165230571105141,0.3839016556739807,1572.1846272391526,0.010490744341729114,98.0,2.3586746324175563,,unet
0.0,0.5820948841207313,10.832619667053223,0.35635943321086827,3.5192730835979456,0.44443031507271136,16.068541284713397,0.4087275455980957,9.07055212785677,0.43899814487163347,15.548964473558517,0.6130863173263161,12.781986524313137,0.2785262654895797,15.388859670813847,0.641370864396752,16.792355750598084,0.6029552719490245,15.822305622770408,0.5392917127417511,20.502207858733644,0.7248556600377019,15.170468070318055,0.6370336522456519,26.2726762279672,0.4109646238001383,15.580084410499936,0.2471906542778015,1234.6532521987021,0.03585315766585803,99.0,3.88737830417535,,unet
0.0,0.5780005288782518,10.740816116333008,0.7080688259076646,4.004961820494236,0.7135448570555352,16.056663686576023,0.47868576458384,8.122522596219575,0.4417781217261162,15.626366363187469,0.6232077662324875,12.531839834657038,0.7639751753470396,15.35601076652691,0.7725199137478893,16.110278701751866,0.7179399177184898,16.077617447521217,0.42765069184710114,21.648689394114534,0.7035709198317088,16.019789139381608,0.3736375444740947,25.29704691115284,0.2802349071352537,14.533374978664321,0.13317495584487915,2467.224324457558,0.05401266667113008,100.0,1.4016789183835414,ood:cond:pp:2467.22 outside [505.725,unet
0.0,0.6002030868790932,12.906383514404297,0.7137114835154743,3.9992948757814126,0.6091990965502265,14.995843368645582,0.5914362246537039,8.74682951785686,0.5094762307447063,15.466880601902844,0.5326835515162658,12.434044137617112,0.648776909153892,14.813497339635745,0.3424171079380753,16.887910952458565,0.39540906499107054,14.933904436989705,0.38765120882363,21.59501095432824,0.32827626289748923,14.418235320358548,0.6614973863504188,25.726811413809617,0.6797175252966599,15.473074045984001,0.3341125249862671,2131.5847991187597,0.02121218064166975,101.0,3.65674595360041,ood:cond:pp:2131.58 outside [505.725,unet
0.0,0.5462525682817279,15.687350273132324,0.6849637547198368,4.262970010478372,0.44690808159248663,14.322041501618102,0.827095918411557,7.73119252223482,0.27839369114558,14.666435788390897,0.46128157382817914,12.05724130454918,0.4228399688583865,14.730201424908534,0.6582541130815918,17.731122293687836,0.623087743728132,15.153368968768724,0.39967507118190826,22.00952876003361,0.6026004525589345,15.838936559147422,0.6563724031123728,25.03755782839029,0.7030184717982385,14.488275843619341,0.2688894271850586,2172.3776042027735,0.011463970268496087,102.0,2.393862871002583,ood:cond:pp:2172.38 outside [505.725,unet
0.0,0.5227309436569826,8.996949195861816,0.5182261614484126,4.186708709898658,0.30663669306890773,15.172428664296845,0.3546765828023613,9.109252179828555,0.4293967442435792,15.801298131306012,0.7678935899811292,13.198204070830016,0.7207699649198827,15.2417979315716,0.8304200186467922,17.113654482989507,0.5956463706365149,14.511156397451268,0.5918412921451928,21.461972793541513,0.48154936006828863,14.8846175737594,0.6684630328072607,26.420379667377066,0.8089709418213886,16.03261011959392,0.1258372962474823,1222.7093025866784,0.08042018980369045,103.0,1.8071811865383671,,unet
0.0,0.5637831627480943,10.109122276306152,0.6079930392495217,4.541610260208616,0.8103168777437513,14.59178552347456,0.3755365799721342,7.581642183705245,0.6502430752718373,15.527445593978637,0.36238385814151475,13.265898561347147,0.686325128232024,14.352047454156576,0.6347189245550842,16.388039343104683,0.30208648800878246,14.669899957621043,0.40239512070990807,21.12451214867933,0.3051760306966466,14.626045856695082,0.6278088434702543,25.640344350868077,0.7477461208253305,15.065700513405812,0.1400475651025772,1295.8982146391659,0.051628189085260304,104.0,3.4126233567986044,,unet
0.0,0.5738116418568735,11.904864311218262,0.4177198315459091,4.3899604772243705,0.29509030077547843,15.44630072750735,0.27732223822198726,8.719946114393721,0.7590223233070809,14.322182317186645,0.6242448723968368,12.172376269183058,0.6845269548004068,15.369661260001966,0.8019596816584348,17.514498540742746,0.5526107183349729,14.751040392712625,0.36143219286938033,22.126928714213676,0.6016941858775678,14.912284891935524,0.44636595893088726,24.940972983859645,0.5538966579014619,15.941182189724584,0.34000343084335327,1843.172174490498,0.02375028950054754,105.0,5.452830537429712,,unet
0.0,0.7051544815337146,10.031502723693848,0.4451854219011511,3.377356465814515,0.7115556818707887,15.877449168666223,0.4183090489962423,7.897704799372058,0.5662619494725971,14.29662525042446,0.7043307942425312,13.105125603047574,0.7532829758245154,15.639057780775795,0.5398519053521156,17.754276775695395,0.5471138912140157,15.32706638481844,0.795241275849435,20.56315106048088,0.5257614083749063,15.571103786221522,0.7910719207346409,25.033807219864393,0.6831756063900527,15.913330437351249,0.15079493820667267,2676.5168338826247,0.0962244484539277,106.0,0.7021678686572731,ood:cond:pp:2676.52 outside [505.725,unet
0.0,0.6054236211932507,18.151193618774414,0.4806672421209101,4.1787567670903245,0.49348078335629286,15.382771465816804,0.3982506688994849,8.851421505296242,0.4483401584670593,14.456906407204919,0.5063046104845067,11.98219151980064,0.7445754796091397,14.341204672601734,0.3076209719003198,16.814482428441522,0.63012627798567,15.376021823752705,0.5266387859233819,20.90749548969582,0.5880020355302662,15.297344848263677,0.43285589448452055,25.309521738073183,0.4355740659537681,14.918821438374593,0.2926219701766968,1910.4404825187685,0.00930966956723181,107.0,2.396389953099182,,unet
0.0,0.5904174575184121,10.369986534118652,0.7522123844269915,3.598647402172367,0.3363223265994662,14.39877782371804,0.611774697043783,8.52235885406913,0.6477626497079825,15.766080938946368,0.5116171737170974,12.888087396056335,0.7084683954378397,14.950324729297124,0.32772921208533823,16.612235151037815,0.3942660388086467,14.764640754552735,0.388746602430326,21.314118466798767,0.422379021427785,15.312524617963199,0.48593162474745144,24.97498304253228,0.33275204897305105,14.304571092680757,0.12475315481424332,2710.3407564952927,0.06729349381164679,108.0,1.0493118502059482,ood:cond:pp:2710.34 outside [505.725,unet
0.0,0.6256644033819959,21.64039421081543,0.5313255221867816,4.662411079493821,0.8191874887867363,14.609297729802416,0.6131525651899155,8.636357661515003,0.5100570536327411,15.516286539343922,0.7474184992614173,13.365032107469762,0.28133453995996077,15.137019377795639,0.625104774541675,17.611446920267724,0.3681219671664924,16.040602192010034,0.8192453600870551,20.43728025442819,0.6947612437476934,14.956403183614924,0.5530937168548697,26.510899867714116,0.339410370716418,15.750358870731791,0.2081380933523178,2560.713391577387,0.00853086490847101,109.0,2.4741550943411257,ood:cond:pp:2560.71 outside [505.725,unet
0.0,0.6772795645560996,13.638028144836426,0.6500840151179814,3.3903024193524955,0.2775844348324305,15.672300396264989,0.5524532532603784,8.923480654411131,0.5291467166148724,15.22649172859046,0.5863146856637944,12.255752112743615,0.6557486490805056,14.801684239322523,0.33820159778869097,17.29784829407372,0.4752512689070906,15.603569064654835,0.4827675270291875,21.765057688314034,0.630935233960827,14.937699213898963,0.5518567867000942,24.777373406967705,0.41984830728103484,15.832170067802434,0.47918251156806946,675.5248012654704,0.019373634704579205,110.0,2.3723576103963255,,unet
0.0,0.5469862526790086,10.237278938293457,0.7316942727989927,4.140424425201835,0.6494332030576342,14.78732284233789,0.453554314088182,7.9740186825235035,0.6984153408042332,15.428928672929981,0.45268543036991615,13.344250404587516,0.47776450803479903,15.057115952722873,0.8084942245354597,16.86322285563874,0.7072947971250315,14.96931325779023,0.4601240602031066,20.519048815092454,0.4802029869830742,15.118277558903424,0.34795390899887163,26.026628712256052,0.67356384122691,15.024330427775038,0.1332278549671173,2021.0537409296758,0.05516987616050703,111.0,1.8460451147736336,,unet
0.0,0.5419026026836394,14.307512283325195,0.7617045015118618,3.760637794639296,0.3641278983467098,15.818807014091401,0.6716143384498796,7.839587131748739,0.4157572474928395,14.315618457097289,0.7101410755927493,12.124038600528275,0.5552650848014533,15.15995435239792,0.8284702681404534,16.535994909657,0.5388737560123731,15.337950418209076,0.3839276679449965,22.19226685992998,0.5548688707582685,15.069035616765456,0.5601514554426914,25.366756790269413,0.6295064348477357,15.437970999184701,0.33009907603263855,1902.5392009777675,0.013036284775412854,112.0,2.380449984872296,,unet
0.0,0.5537376709459597,9.277859687805176,0.6889672145719519,4.867182195433675,0.46217708276115144,15.02475973050792,0.8023411314576836,8.50416168781542,0.46784332686067953,15.369856578372717,0.6685096895180347,13.527547437523925,0.7376023102933863,14.678850513845147,0.38430276727100215,16.37758703784371,0.5573108223525548,15.383730095680496,0.3522096805516629,21.06444513936087,0.31378610006844443,15.63051792843687,0.5695096781336086,25.821329178836027,0.7529817351911315,14.930720299169298,0.12539495527744293,965.336728276003,0.09185081502619721,113.0,1.6881119366472637,,unet
0.0,0.5460839803177283,9.139270782470703,0.7444025497789886,4.138840852804904,0.4853096439853267,14.725249372938196,0.691448430762591,7.745964814005284,0.7331356421958708,14.737177060486676,0.6733408306672536,13.307079770743737,0.7099870130310442,15.96551269470994,0.6956484462992394,16.205633088315228,0.43966861955962677,14.815671581708665,0.5507698667975979,21.28349839934433,0.6348625395827381,14.542137011346103,0.3727156864117012,24.76334109583162,0.7213874780014156,14.457651504173262,0.1247008889913559,643.3631010017587,0.08552487122037343,114.0,2.4798110702258898,,unet
0.0,0.5568126763140443,9.386077880859375,0.43232059969005077,3.326324852389662,0.4697179483828534,15.888930571255047,0.3928105673305026,9.209809809173532,0.5389824903768952,15.431430250154447,0.34966003798747736,12.422274341760968,0.6524862848461939,15.159513253757753,0.4244527070445272,17.207973834010097,0.3986950132056556,15.13992561881741,0.3695848009591146,20.85237762918054,0.5582131535658128,15.980302111974098,0.4977442713405451,25.16321015586585,0.6559754566624552,15.319923393912772,0.12906977534294128,1850.1358741768618,0.07809503127071298,115.0,1.264244271186495,,unet
0.0,0.5698919698142821,10.189371109008789,0.7495903824909218,4.280603956744244,0.8146911816134895,14.338091755809229,0.4841876415613438,7.655309009147571,0.48047521146332983,14.320015308425214,0.4711078456566251,12.324233218717609,0.5008336631488163,15.67127202296892,0.7410556159363699,16.507746119102368,0.671767994067751,15.048986556804138,0.624532057804087,20.676329799740163,0.6267644505468766,15.362818123924773,0.3457473797978483,25.282518851228318,0.31029557402480484,14.67683628670384,0.1274862438440323,2324.0155829449172,0.06114555494394041,116.0,1.371233556144701,ood:cond:pp:2324.02 outside [505.725,unet
0.0,0.5026520560317425,9.163694381713867,0.503549849204797,4.772492916767842,0.8277127745840013,16.00021276110443,0.45186988542339374,8.713524989475454,0.4842137343277274,15.958418563029761,0.47612941059165903,12.950042057693405,0.45402109869558116,15.11368631303674,0.7737836595329091,16.999346950783348,0.5231289691554853,14.946820380018826,0.6028612996643798,21.584447276725733,0.8125893051985567,14.891515287209463,0.7666288190472157,25.192717585335895,0.6666784022915926,15.026247974078093,0.1284845918416977,1467.1726143796845,0.06683861295936334,117.0,2.1978865159599796,,unet
0.0,0.6203640606107579,26.133359909057617,0.7697708010720865,4.494007170670422,0.7416734634241053,16.018107270746995,0.7301607249728072,7.995231406590064,0.5743234811404243,14.821348332875973,0.8304934297509267,13.537960989490918,0.6357295252846221,14.83541068088595,0.6790172043937881,16.950105032321137,0.8220140222959187,14.408103500461163,0.3053029285886576,20.70081667812751,0.4747663751581426,15.137013751649464,0.7581672378430853,25.512187018260995,0.6171559454858886,15.988774757562837,0.4491191506385803,814.6577027998183,0.006543823490927224,118.0,2.469085277221484,,unet
0.0,0.5263378200440207,14.982372283935547,0.7038406372661796,3.6853130612136518,0.6549056821128918,15.137103972312184,0.2836627180270776,7.911767494972655,0.4633945024140849,14.466049547940559,0.7287171556134249,13.153006117095753,0.2786435154968596,14.767752318460436,0.6834988301384566,17.01718049916208,0.67292376161213,14.670904300479435,0.46402351475412995,20.758378115395427,0.35761872120266364,14.984587091692394,0.2823975508599221,25.64476177210742,0.28311802149886034,15.428960735153412,0.4609658718109131,897.3015195689572,0.011033320792470703,119.0,2.323313391622294,,unet
0.0,0.5680159999093285,10.36117172241211,0.6811666188277186,3.3469251616277704,0.5523348620384471,15.061615126834646,0.5872911545541806,8.157819132831557,0.5808019760852355,14.815459210276245,0.7095636665634959,12.676992128207008,0.37640757361487004,15.205600852636723,0.8230845470271326,16.85021324345247,0.6587111321305751,15.175709356043086,0.6458630522946461,20.520472718133266,0.327919946797227,15.184535500025786,0.5296142920717166,25.06814975968488,0.7416486309431629,14.60457303403399,0.15961749851703644,993.3521888106872,0.0482691239779663,120.0,3.2738556513361075,,unet
0.0,0.596035799426833,10.445160865783691,0.47540339831323686,3.92758457417479,0.3033330024840511,14.300116999407027,0.8043113391808089,7.666392334449899,0.3625849338817868,14.533622055857073,0.3274129499944447,11.932351101955847,0.40599465965361436,15.256084872386923,0.6328830198748854,17.743126798411808,0.3254394595856902,14.66639806118494,0.7493565668192522,21.101487972441085,0.5093283504950232,15.465210464217733,0.7673854334480479,25.335320142979523,0.6732670651482466,14.870082168770043,0.12494610995054245,2942.894385622209,0.06626848643989725,121.0,1.0302958932623894,ood:cond:pp:2942.89 outside [505.725,unet
0.0,0.5511196580031998,11.64918327331543,0.5145371139599112,4.423050381463598,0.6656105315606584,15.942863043151151,0.6340741463721141,7.84313894102468,0.6520457408188156,15.516078031812272,0.7803850522777533,12.961049014406008,0.7441749260913847,15.09026665199392,0.6312256235909879,17.327956019722958,0.6286399175115547,14.976977098406712,0.5400204954227787,20.78053197572822,0.4564568152911982,15.325477792913455,0.5979817761312329,25.189246516091117,0.6881462707135209,14.991182807266854,0.2844621241092682,2159.3416871170225,0.028191343781310652,122.0,15.748871282601135,ood:cond:pp:2159.34 outside [505.725,unet
0.0,0.5836500615676534,10.428247451782227,0.3821213776523053,4.170148988338971,0.4641587096777456,15.686098673121649,0.708182788268771,8.050630446032173,0.5697472751378839,14.912796237143256,0.4675782205259023,12.13210456268054,0.3491404781935263,15.4551172711866,0.7115590210777469,17.51135018855442,0.48682651398369675,15.349626242527854,0.5690731415853063,20.8205013062798,0.5689576135434079,16.038331034419045,0.564387537422326,25.581871996645194,0.3525748054088934,14.814797359203858,0.12743182480335236,2275.6793206860084,0.06291270421033568,123.0,1.329486063132769,ood:cond:pp:2275.68 outside [505.725,unet
0.0,0.5423190274040405,10.194121360778809,0.4997133421645539,3.837526123237185,0.5757358054339395,15.356209246987897,0.49983930537830945,8.741140507312785,0.7921680955898467,15.392999051649578,0.39922648700434354,13.152445363979092,0.29289618867971406,14.656511033324998,0.6948452947003356,16.419690641707515,0.7210644004556892,16.040082707003684,0.7036572619451078,20.484922570744892,0.4770942245066263,14.411879878748167,0.40491571950933025,25.168103331380983,0.31585541094028885,14.64789117763868,0.17065100371837616,1633.244994621678,0.04401749950302993,124.0,3.444418482706375,,unet
0.0,0.5215131301410936,10.12166976928711,0.7804847326113048,3.863507886008526,0.8039960269099418,14.731894819480482,0.5169077491379525,7.955603980649502,0.5325674524009123,15.983225112998936,0.7560290059427801,12.972729079783946,0.6413791902760397,15.492517710603495,0.6118574747861272,17.580585722856632,0.3235158050609174,14.902475770528879,0.7088641103236349,22.0295300234499,0.5460157338561085,14.428432800184856,0.4111548475349501,24.904490580113944,0.6717216686198713,15.506295208810524,0.21486644446849823,2182.487007815253,0.035254433817381574,125.0,4.53232726062612,ood:cond:pp:2182.49 outside [505.725,unet
0.0,0.6599473679561333,11.14812183380127,0.6267281081008261,4.635567050395907,0.789265714760336,14.310906055379101,0.7905296535174687,7.856408981109297,0.49577969528859933,15.861080020055134,0.3943796237454633,12.355918454290821,0.4421114199230083,15.799691967987842,0.5098192412301865,16.6182252587205,0.4407402043098143,14.307664603323442,0.8266200542333262,21.8531612664678,0.49733249282436,15.808449895627504,0.5976859784754333,26.305348729769637,0.5120782711896034,14.722988749595755,0.3427199721336365,528.1243429958437,0.03343803614625009,126.0,5.839828240129333,,unet
0.0,0.6118322094205381,19.00778579711914,0.5441603354274883,3.8691422706299496,0.7777084383646407,14.542353714963646,0.43634247386025227,8.375245326650383,0.3312136935325512,14.441861590157062,0.6043413318559924,12.021007203250175,0.6464435758440953,15.794126440777324,0.7614672801479615,16.58545573972578,0.30304726070254834,14.977844150083325,0.3568901086489687,20.82233374764538,0.6133557652774297,15.161423218328661,0.3701849221203777,25.435839355490685,0.4720243953833337,14.86369645622405,0.2655056118965149,2087.6369632806777,0.009384277936984434,127.0,2.416369822833811,,unet
0.0,0.6528011616604477,10.190479278564453,0.4529500393769178,3.2773341547728996,0.43024861741669335,15.0930943379054,0.5240281118567454,8.15342049297279,0.7853004328941292,15.332703779908307,0.43212590868889283,12.259909661056875,0.6813353665978004,15.601527623588284,0.7336803616876999,17.624684413320942,0.4665691720206266,14.966291749452877,0.5405461576034216,21.771119837559375,0.5512532194512804,14.279021444281717,0.5064929484881293,24.97314968912749,0.6765095937166079,15.40999903619255,0.1346229612827301,2777.4272530291073,0.0834004656958098,128.0,0.8110984726116124,ood:cond:pp:2777.43 outside [505.725,unet
0.0,0.5939985159671428,14.015645980834961,0.3542976166629369,3.9429979436541966,0.4867740951872078,15.004850515269522,0.3656127509009204,8.740300223630308,0.6882510666533028,15.101391500499345,0.5866733795888657,13.350313663234559,0.4337071998917269,15.529092479804241,0.7343513462573795,17.878990243611668,0.5856612703174255,15.522172644535598,0.5231147077032061,21.670710492673543,0.3434422112674325,14.66936330722212,0.5144214231501554,25.136248197167873,0.30883652651093185,14.367550929024262,0.21372151374816895,2826.1624503244734,0.017845582975819525,129.0,2.859101800995334,ood:cond:pp:2826.16 outside [505.725,unet
0.0,0.5571290382331276,10.549942016601562,0.28227635352317326,3.3918137617585913,0.47541650673413804,15.130915884219831,0.7387717501401929,7.5128938804010215,0.5986198839911481,15.683558107003424,0.6068144454271676,12.19083273088951,0.6611220304035017,14.902557743980555,0.746550040650716,17.210974881485257,0.8208492129012429,14.96180899598617,0.8275342801531076,20.96762904833826,0.5192415472807168,14.5360049480366,0.7282447408342478,25.79629511736282,0.5327641367425873,14.48342809652977,0.18115490674972534,1335.019951531931,0.04212907416119913,130.0,3.637415634846134,,unet
0.0,0.564728744350627,10.138947486877441,0.38615144897418097,3.552042436366391,0.6278527991263922,14.378019620430699,0.7194360986111699,8.219087899622812,0.4383466077304502,15.983062435172215,0.5595307974945147,13.413171713299933,0.792518272780815,14.376071278258232,0.6660387879330292,16.4728645683205,0.6176647058741487,14.902587915719323,0.35875352294185403,20.956406072145356,0.5208099072915788,15.316212929982848,0.7125109396219063,25.326418624744615,0.5367889611510686,15.580849689676716,0.14391042292118073,1275.0862243442616,0.049762928541682905,131.0,3.2986281839667737,,unet
0.0,0.5380730760989125,10.20480728149414,0.6829058784661026,3.62623485428976,0.6337578917201471,14.918828859707942,0.8183382725642507,8.415107359714463,0.7183601651479223,15.104635508598859,0.43097973887381114,11.952563165179853,0.5342007185630133,15.095348748307348,0.48404157701263284,16.93360917356379,0.2797403889577126,15.740119276599449,0.5571043790409749,20.872360545770125,0.5605327813006746,15.101572181068686,0.5446446730979722,25.482146505939514,0.8211760353818462,14.396359447372863,0.17285457253456116,1742.9349678420472,0.04347159490439437,132.0,3.43460002012396,,unet
0.0,0.520900925345507,9.873346328735352,0.6501197425906797,4.41187659843083,0.6267641925086211,14.48205863884238,0.7770159501321491,8.42602673706555,0.5649811863446559,15.816477514630105,0.6373668812866811,13.386315911954997,0.2991457980350204,14.455196932839025,0.6737131184472789,17.027760063566436,0.7807326001998378,16.077005540266697,0.5583238312772777,21.923036055086783,0.5231460355889231,15.034562103874652,0.7951663001213951,26.051771984015602,0.30667837397077036,15.214926743321275,0.17726869881153107,1978.87782954548,0.04265403702768121,133.0,3.59920011387335,,unet
0.0,0.5820204430665076,8.985342979431152,0.8116588940156975,4.632324865110369,0.8021595330113,14.854124753556835,0.6527051931185486,8.085321254997611,0.4040134633638093,14.867659886430046,0.2841983949616973,12.37419130084814,0.7373164255744509,15.849585361238656,0.6986175610317971,16.71801403307542,0.8205190993512922,15.4406821859085,0.5153976531177594,20.680132978724274,0.31724857881759466,15.46922874540384,0.4571586640470505,24.890963553471078,0.2910386515529356,14.44712973537506,0.13085117936134338,1677.261055553819,0.0884325906005231,134.0,1.279092765367273,,unet
0.0,0.5658652489757612,10.866337776184082,0.5752739401121802,4.613072919484684,0.5667553692281879,15.07039730768465,0.5951907903010221,8.69679506325216,0.45528437723197657,15.242567740588525,0.40091666446722285,12.195963452162962,0.41393321822911777,15.526627870685145,0.5701727439487118,16.83499046490309,0.3216020375367591,14.68066012844346,0.5880566287709144,20.71665162423885,0.7758789466281857,15.769929214400598,0.7270244368440981,25.492267653957054,0.6603313002614895,15.147506113142207,0.33113497495651245,1329.0775368028708,0.02839873550411515,135.0,25.394815427415427,,unet
0.0,0.5627277626295879,11.047210693359375,0.7566481228737862,4.27357197043846,0.5236622455124064,15.231786187698654,0.6108780509333781,8.392470060354965,0.5604598648339824,15.766361472036431,0.38399718005266376,12.970579730145023,0.7048896554931767,16.054536557516577,0.5794518154128974,17.57875885460472,0.3415676800930974,15.431715844813981,0.8244307074586088,20.715779270615805,0.29057361352109484,14.92997617207515,0.49831605640480203,25.89778576781458,0.797515942156037,14.857817925152506,0.3439624309539795,1476.7657875898483,0.026984708528711016,136.0,44.85059693061168,,unet
0.0,0.9197532435808805,38.42198944091797,0.7114171591268064,4.098082306818139,0.48404385082518475,14.378325679208578,0.6528735555716145,8.236874716420362,0.8128827351732076,15.235195074086295,0.6487954778501228,12.062318251674993,0.6468748208676404,15.69886702271847,0.696196335448771,16.39656971683921,0.4759506059081591,15.52732270454723,0.4647596588430667,22.12750925009564,0.5684967134179524,14.868503062389212,0.6712539690705741,25.22262564236893,0.6555590956302753,15.43637720615193,0.5029767155647278,507.1277415819148,0.005083063235422192,137.0,2.577280741060831,,unet
0.0,0.5516484870183469,10.206101417541504,0.7730898805213127,4.7488672248399215,0.49461456887468636,14.75841086689714,0.6475094633073848,8.104308130036818,0.7936240600670985,14.640242484464608,0.3221720710951017,13.236434993940618,0.539004396272973,14.651565765192267,0.5898509700318026,16.96601719194996,0.32016251334194745,15.455439992592613,0.35582643614420345,20.942445286342753,0.4534921810946856,15.422584792649754,0.3033226431049896,26.44095055465653,0.805046920479418,15.318502779700118,0.17860837280750275,1540.2934709610804,0.042721483087345614,138.0,3.652069783756989,,unet
0.0,0.5197474356801247,10.192218780517578,0.5522039199027038,4.462244843622601,0.624339457210564,14.8062604969142,0.6651431258502452,8.482267532466906,0.46343500751291666,15.455169393681125,0.7407267839884635,13.096066955727977,0.5173716987275266,15.049423761981314,0.6414325310098432,17.75288392598945,0.6228702582046692,14.516471338886927,0.6160908716235571,22.09880257086046,0.5659306750287114,15.389031931002922,0.5068916492179839,25.357808181770647,0.6534457799274251,15.371046580802108,0.17267708480358124,2523.3882171381683,0.04176164017027332,139.0,3.067054511332166,ood:cond:pp:2523.39 outside [505.725,unet
0.0,0.5746852016096393,9.70391845703125,0.6996239039450174,4.6552125604903205,0.8101469835525383,14.486754690684732,0.5326769009652574,8.722293335663023,0.3677808972768149,14.475539670235388,0.5656410335925306,12.635361877945375,0.5166832292987061,15.936175891306178,0.6308669941824533,17.288098026785473,0.38306432554528347,14.38228461715821,0.6662076826972989,21.311606589821917,0.7499223759627007,15.131092404742382,0.6250944249859527,26.039504839432215,0.6073796764550263,15.60321833626891,0.14380621910095215,859.7376975743653,0.05522021443995337,140.0,3.283680008581931,,unet
0.0,0.5451404716038598,17.985780715942383,0.31425272455920494,3.297530763038138,0.5296644352196755,14.918774557009208,0.41930091251751866,8.742920444139763,0.6342022515169367,14.866147425241362,0.7319254530150225,12.785799290494385,0.545777122060272,15.855500405877379,0.6005427956497398,16.216597033148627,0.45706858278890894,15.944373500393828,0.30763053261989876,21.90793404173637,0.6008754004413304,15.613804075331686,0.6924682533153503,26.347475473059525,0.3922381595218121,15.187085890501928,0.46186715364456177,769.1115060478608,0.008848529239945401,141.0,2.3760753729262785,,unet
0.0,0.5501818243107588,10.189143180847168,0.7388753313373768,3.9298156489398504,0.32753270013323676,15.633437265920598,0.548499083193386,8.414566773555777,0.30387252701457107,14.709131858856965,0.40945821873639493,12.94743810014278,0.7182739292708733,14.556358539137983,0.45973804469442925,17.577829214318076,0.28635657686361193,14.310755610307687,0.4182310501882137,21.66243952791201,0.31169391109918104,15.22493469959509,0.6444786504070585,25.661106725355655,0.8124076120263282,14.840277039926239,0.1491011083126068,1401.5669864555748,0.04737373429145969,142.0,3.254706982810924,,unet
0.0,0.5542759365944465,16.485782623291016,0.7044781700383551,3.6323622764707197,0.5904635791632471,14.278797258567112,0.5791772972650138,8.605983415887456,0.3107568214863373,15.205016071956338,0.6891031160866323,13.534352329985918,0.6199529973604128,15.888718455070713,0.6627232328337019,16.203132763815326,0.7911591715504325,14.634630399445037,0.42310979885014655,20.986686905902516,0.3378577247731745,15.929006466711176,0.3748628038286569,26.255636937267187,0.3395164295206912,15.191759578784295,0.29860296845436096,2031.1646333308754,0.01071146997436452,143.0,2.377920151697192,,unet
0.0,0.5516730858093392,10.037750244140625,0.45637759547834533,4.09299345090161,0.7680931219461068,15.574199323788301,0.5772404975168846,8.389550787977603,0.3752010722200302,14.676601460857187,0.7910629910205272,12.31403789368225,0.3916368445511091,14.395651221731168,0.4104009706458629,17.749199597681386,0.48065600058958674,15.489244417541034,0.8291282064995223,21.084340180345826,0.5539846666855525,15.189952403442678,0.35100464551578364,25.455582242982047,0.47498261907304673,15.07605657881235,0.12913432717323303,1858.0032225870277,0.06265441948630728,144.0,1.6705219236569029,,unet
0.0,0.6893906349726613,13.49554443359375,0.31472666672387345,4.446989405504169,0.6232564174029533,16.01993439883166,0.6722599294473507,7.929130610266386,0.4313016537334562,15.311107197787084,0.7131318468755425,12.135625205109152,0.5982789805790765,15.46042955794346,0.6682946575165355,16.357061136786953,0.4987776533434343,15.299485179771825,0.48442425020646807,21.73057241597107,0.5862032782802612,15.459476506491605,0.727493491511475,24.86491783394193,0.7968835529319419,15.403878226369676,0.4498547315597534,581.5534124307851,0.023479077053571436,145.0,2.833355749478491,,unet
0.0,0.5286858991576195,9.5786714553833,0.5067090030843995,3.4069883483490964,0.3090368167756535,14.326032232091519,0.3766276495446896,7.713631450729133,0.45788786101534545,14.450700317175542,0.5012868268719753,11.874145948457482,0.6866105335289396,15.114506443325546,0.7666017135369652,17.384147618807855,0.5196670962798892,15.166199569437332,0.8130721699717175,21.334476545125952,0.6316309982987609,14.611257553945318,0.5023015693676964,25.083340873787815,0.36023452036108217,16.03444211034866,0.13028164207935333,1237.4523890225462,0.060925240533351244,146.0,3.1072237862176957,,unet
0.0,0.5423821651299429,9.386945724487305,0.8228330923710849,4.325553495675408,0.579879465425677,15.88381429405711,0.5053659114911412,7.619194134379502,0.7801920611912263,15.583181763585001,0.5963724503611598,13.051131288215842,0.7008407243194521,14.713489751741026,0.4898251347240845,16.236945417465705,0.8227396312778511,15.91973405787138,0.6104086496947733,21.294330353736704,0.4204417706767799,14.64621299326234,0.3701891529504658,25.968740048755123,0.46131498478093097,15.32994275997207,0.12652935087680817,853.3209770064805,0.08894475786912329,147.0,1.9888082445723851,,unet
0.0,0.5495317951555683,11.24974250793457,0.7336547618053031,4.624201301871044,0.4359900724830954,15.528584189230589,0.7336521103510169,8.459647045842994,0.47156366369780367,14.46635134891051,0.5665187031876422,13.305434958665225,0.6250462451022046,15.08425811492401,0.29844548411433475,16.423677836909196,0.27984381490505317,15.12820431684839,0.666962797909165,21.309436180002624,0.6444862047331203,14.607449473693238,0.7333801286618137,24.942787087284636,0.7770799362625951,15.893497729512877,0.28505420684814453,1669.774673730667,0.030735482111592362,148.0,6.197443189344919,,unet
0.0,0.564100087094263,9.396782875061035,0.6800230996252644,3.2857472132086443,0.47843441433981876,15.292331401512413,0.5598682894367606,8.700891695827332,0.3673379464210646,14.378347943908224,0.8002028979389731,11.916222460964542,0.36311424522873226,15.25963832173565,0.6702447905181499,17.27801279204511,0.35171647278171303,14.591701112390517,0.6063731200797907,20.5113416642398,0.29516523472,14.471055936696605,0.5910437944683592,25.215525506095275,0.549327082020789,15.985879510943468,0.1275060474872589,851.9303301434588,0.06306439824254217,149.0,3.0945386619633117,,unet
0.0,0.5682241245242944,9.163555145263672,0.3772235027372691,4.789939044539313,0.7712578120638542,15.186286665031636,0.3722162143776192,8.956833482258483,0.4821630170319502,15.549320826281583,0.7769962617774848,12.444388947607994,0.8204961300796179,15.085687631485277,0.5260095640752634,17.70552065389633,0.40309337618796537,15.313431405381106,0.4115030511812009,20.926288395892804,0.32057408046119523,14.813162684993586,0.3103948946559165,25.983832142524758,0.7323467674643921,14.666053861322277,0.12893840670585632,1832.9188918583864,0.08306491491945042,150.0,1.2656799975360171,,unet
0.0,0.5533231534913307,11.217992782592773,0.4389424388735188,3.4259931438187383,0.651999485309149,15.155722354400726,0.5058608023523012,8.242798621825282,0.8306272806565161,15.881508182230018,0.4868262124539917,12.536513468822209,0.6378269184959064,15.32315783283833,0.578983885402169,16.384537878662414,0.6598904257586813,15.271076987637676,0.7184693727746504,20.60656539832814,0.36991119275061085,15.444044175143736,0.4318902348983126,26.12614335409573,0.29563871560679506,14.47416718943256,0.2410793900489807,1922.9467242581577,0.03331198523587483,151.0,4.669261107846151,,unet
0.0,0.5226972813425488,10.113892555236816,0.5125591831503236,4.461828701766504,0.6061723146205424,15.688652241866501,0.3997497193112036,8.966251648817963,0.3079821118926489,16.05631716505391,0.46347762591658503,12.131402984681044,0.29113156725428174,15.673360498947417,0.6757494031620841,16.792844755900266,0.7288560140721627,14.872118939767567,0.4157273122873737,21.73590262889466,0.6044673621933092,14.870101683787098,0.3091724160801203,24.880860405333326,0.437404172784268,15.399220977345578,0.20518289506435394,2101.2377908618378,0.03680997581925719,152.0,4.457101409739688,ood:cond:pp:2101.24 outside [505.725,unet
0.0,0.664778890850592,32.02820587158203,0.7330402945476848,4.654444375455986,0.6443263714780194,14.913544718566612,0.3164066745534314,8.876086263755047,0.5080146962373948,15.227365110023007,0.6868071784319401,12.773233344133367,0.7960773741585533,15.53787491589188,0.32040839301476887,16.54528736185336,0.3376761954964532,14.610831270930639,0.38259997928169903,21.119884724613332,0.6516016457234879,14.28599797677469,0.4608899668989688,25.199645395013707,0.6915036437662265,15.377244954859643,0.40965399146080017,1211.248988831041,0.005354786379852639,153.0,2.5660262013063844,,unet
0.0,0.5828149628126108,10.718711853027344,0.7563518017843915,3.9486224016040223,0.46355140803318573,15.74360256676485,0.47880846797437626,7.681873013234959,0.4543878853344292,15.693633230842654,0.32625414846129125,11.853430773147451,0.3250617637091387,14.476017371675285,0.5811508341466328,16.804337730369493,0.3280805878753249,14.90766070731294,0.6802409633779443,22.079416814986644,0.4482550336378043,15.000814123134006,0.5067380372106326,25.504398522280372,0.6156096999867346,14.332715132848131,0.12721894681453705,2591.723274556526,0.056862495729549045,154.0,1.270061076047305,ood:cond:pp:2591.72 outside [505.725,unet
0.0,0.5851021563652153,10.423404693603516,0.7984747828930062,4.496590214595747,0.4788240348433256,14.891190013839019,0.5489237038524206,7.580863429643497,0.5611469726615321,15.79251294265495,0.5550897380476054,13.356909791262105,0.46955610800321257,14.909616875744426,0.615495744091664,16.91506355720137,0.7361181565959497,15.913719988262953,0.7281576196263726,21.74670733557951,0.809865291452217,15.2420090845181,0.5155072491040327,25.135165881344022,0.826624411471094,15.88619490567618,0.12809206545352936,2203.191012661878,0.057685721332278776,155.0,1.6346941805809798,ood:cond:pp:2203.19 outside [505.725,unet
0.0,0.6235956237658405,13.024643898010254,0.2867150780752455,4.436582506040652,0.5182127713277338,15.879606394026487,0.39718718800606806,7.985501595658094,0.6523093418562871,14.414959695117139,0.5677093487143734,12.566021317981726,0.8094343729841237,14.401195283026428,0.6796366849713131,17.428089063831646,0.5817205113364377,15.522614087681966,0.555686967538606,20.880685747364637,0.5256087357531772,14.398423538223422,0.3333134082867346,25.695234505055947,0.6474516821702614,15.04314160525236,0.47208482027053833,729.9696132581403,0.019901003122428304,156.0,2.4458589737696848,,unet
0.0,0.6966609959033055,10.080339431762695,0.8220371948268472,4.918144694690866,0.3308462601923473,14.703847396693067,0.33105581189820826,8.610051300318554,0.7790841231592518,15.736860058303321,0.5096770786017806,12.539433159166515,0.5135467428620324,14.555329107294082,0.3701005469365746,17.44321665862055,0.33731014906606116,15.02540772373683,0.6009776479908411,20.88419749543859,0.5173966819106165,15.641848692471015,0.4981230430315077,25.375478481623727,0.71353267622251,14.474611954859691,0.14240676164627075,2827.9413404426364,0.09500901504888626,157.0,0.744206823989608,ood:cond:pp:2827.94 outside [505.725,unet
0.0,0.6159258809166822,9.230903625488281,0.28587983799711936,4.889412776735946,0.7810667675649334,14.648748755482863,0.6750345860907854,8.601541736803153,0.5158687734059131,15.867049748170563,0.45471999096151383,12.528707709932487,0.7604490896138487,14.708637264465022,0.37076738388763997,17.341114788306793,0.3497594795287273,14.278570433362606,0.8052282350704923,21.32105939103416,0.5021093083839431,15.239450639445394,0.7463762617651544,26.498778181778412,0.8185437335912871,14.305203161923142,0.13600313663482666,2162.9217618015095,0.09044177567619438,158.0,0.9824371305066024,ood:cond:pp:2162.92 outside [505.725,unet
0.0,0.5262269047250618,9.043375968933105,0.6238188442740653,4.387468878759103,0.693980308845725,15.396327031300316,0.8289675910868014,8.962109733342476,0.3598873306822129,14.557134026696966,0.6457968346189841,13.032599810387115,0.6858365046017211,15.874879464618004,0.7985144194933946,16.522964540900368,0.7523883179253743,15.849703372563066,0.5020538111633395,21.84276487264215,0.3285117824069792,14.645345544197694,0.3433129540128865,26.52561329247573,0.4500707141235617,14.880550609192522,0.12718673050403595,915.2209626336174,0.07264354833681451,159.0,2.8157347860978312,,unet
0.0,0.5871075109234555,10.188055038452148,0.6744142562404737,4.777223021717228,0.3039011155764381,16.038341026143414,0.3308142814405228,7.54246073954343,0.38373683709809797,15.42846687927619,0.5445363872270033,12.351453641184234,0.2831001028154294,15.139041046418185,0.6936702864975592,17.042090166806936,0.29839692958833136,15.538491166142524,0.6116690345743612,20.781965541712047,0.6027352694430158,15.940132895861082,0.5791961431563468,25.673197956099262,0.7694152955128013,15.404544374338284,0.17489293217658997,982.2707932312678,0.04659029854283442,160.0,3.24899935676344,,unet
0.0,0.586929596335383,9.694199562072754,0.390117834014517,4.599744664762388,0.282558698136842,15.85743918991658,0.533979531832744,9.040238821999537,0.3539892094761182,15.572814078309573,0.7357835528612777,13.37591381808659,0.5134587623666417,14.341599834973763,0.3663519270919538,17.103037725396376,0.30887450006312006,15.045913743967365,0.6584626584181223,21.49888358953571,0.4863029966520518,15.771897659004349,0.5681160704372332,25.33530486283538,0.5306793738940938,16.07296925301187,0.27668049931526184,717.1487407054335,0.03760945245168859,161.0,3.0210121462619335,,unet
0.0,0.5790065360248531,9.20162296295166,0.5763719364206357,4.590912058939723,0.5975848662724496,15.32214860080957,0.30856903096983157,8.715776739288076,0.5935661891450107,15.480448122186186,0.3724420509538697,12.100020760792084,0.3556660549527477,15.950302572926269,0.5884164184316666,17.774889668729113,0.2903749251719847,15.544609960168984,0.7541748284072356,20.719528640238895,0.8143153795491835,15.10313036998892,0.3226925847206287,25.64493067771882,0.4512173109260782,15.747653595537441,0.12998095154762268,801.7023908919616,0.06211227615777607,162.0,3.251588908683801,,unet
0.0,0.5841903509685723,11.325445175170898,0.5477677062161599,3.191503835272944,0.5292914366065059,15.755743376856087,0.826928714942646,8.077127747276108,0.2835897103088851,15.159254633341574,0.6497297839929639,13.09360883553265,0.8161145579755421,15.892336540107017,0.6285080518166244,17.87933007939338,0.570687241693919,15.219000459995328,0.5447495449547892,21.545822952427002,0.5991696454580856,15.811258659623723,0.42189856081687305,26.12553018804781,0.7855099962727842,14.357200303026996,0.32588642835617065,1230.1006933371868,0.02883926882075931,163.0,17.712715881345012,,unet
0.0,0.5573235468425137,9.77634334564209,0.4457105918533657,3.2048451930175994,0.35476862953177074,14.702922626896235,0.2838489531927378,8.903183705207603,0.6014120646735244,14.418616489840637,0.7163631146150962,12.75020225168089,0.34116188117589014,15.208737888477442,0.7067832379041299,17.657792216567717,0.411591587211417,14.770411207729678,0.7990445466247786,20.428805982845056,0.5129998324193217,15.802453144199077,0.4544330409092877,25.0562713996385,0.589603852590476,15.613180321246864,0.13695842027664185,928.0183025889395,0.05593807202800454,164.0,3.178186414713738,,unet
0.0,0.5769842481514702,9.665925979614258,0.4305959159207927,3.304459003033882,0.38235850109139147,15.495282801937444,0.34781903113872614,8.390491859565316,0.333538042725189,15.371544980474061,0.36500470732265594,12.98904876181311,0.8280126355625467,14.627740427881413,0.34518343327539347,16.205156094624442,0.5684409184368815,15.752420186126969,0.35883225068866914,22.196111098886558,0.6868736568088263,15.607448522682212,0.6043334022144145,25.992523475548367,0.7141941041008473,15.836731297659309,0.12909001111984253,1946.4036247515992,0.07624451383236315,165.0,1.263006638730127,,unet
0.0,0.5601393926654061,10.491671562194824,0.6288988999000446,3.1654560487889816,0.5088444665594617,14.51497083258397,0.6685715329929873,7.5217988871267325,0.6912468317575897,15.265835473825863,0.7203302242577109,12.815434203853453,0.5378414632260133,15.525306610779278,0.7747903691585809,16.778884845271104,0.3324006297425325,14.814977854233165,0.6629991026228823,21.33624932162422,0.36683517589719083,14.548033776792344,0.5362828224381995,26.409388558103043,0.8292080006040023,15.597392117393294,0.1407991200685501,1967.5835798483013,0.05206591497029397,166.0,2.0060970077689912,,unet
0.0,0.5640680691482092,9.229626655578613,0.546315300322407,4.387838566907035,0.41818770989118503,14.714053856579858,0.790782251168248,8.553704870569621,0.6109441662663152,14.560893981107997,0.6043003524587238,11.991849227278419,0.43432677186876856,14.919038346760743,0.3414422517732515,16.40438786912171,0.43071447579975847,15.481598580973284,0.2964651490249659,22.05762077729469,0.6058893863234236,14.41376635685546,0.39788898751096424,25.996817835256852,0.5919184814224054,16.04157347441657,0.1262340098619461,1156.171736873328,0.08770407147497129,167.0,1.5629298883017573,,unet
0.0,0.5920297960953441,9.477826118469238,0.4013991024357718,3.8133400417059002,0.48680696500963516,15.071418313687358,0.4020696644398736,9.208095350817983,0.45953389883305773,14.60008728165369,0.8157266817063609,12.90008105941896,0.6409486787163164,14.33052367688415,0.6105513608127487,17.728497975519502,0.4859851112778364,14.868678608038248,0.4056420064179694,21.987370367626816,0.5923040763852683,14.79197768052572,0.396787652787537,25.803646514036327,0.4757424025387238,14.533319054007146,0.13024196028709412,1396.7675286797885,0.09165013134542295,168.0,1.2231553778486006,,unet
0.0,0.5716886345330571,9.301128387451172,0.5077031888836031,3.401296884069905,0.36173633289895435,14.317558656607698,0.4200318837547647,7.848800837875315,0.37004371899933264,15.15751227904632,0.4726350992837996,12.201270593952692,0.5195802211863113,14.92557466659402,0.5140143584190505,16.67490466924835,0.6557523533186169,14.661698291579375,0.6228132038031129,21.408826331457533,0.8102428030316501,15.237465930655326,0.659325467141783,26.48839125198966,0.4798651339825177,15.138103785251616,0.1298219859600067,1864.6845713006092,0.08078123588261243,169.0,1.267140645183021,,unet
0.0,0.5245645450071655,8.881536483764648,0.3658333987163376,3.3195240194394797,0.42165784306769405,14.726587950989128,0.6874603826952868,8.973866479033653,0.39709418829544285,16.008535430460306,0.7039114149677179,12.805986062727168,0.6989819146719158,15.572000729446,0.471636305013851,17.214713292757196,0.30141520639379904,15.52846261058218,0.5807790163460798,22.139052400580944,0.34174852555330926,15.507363383675354,0.45080430014572137,26.28379114353434,0.5802677178614662,14.89190877394269,0.12333236634731293,904.6760105414237,0.07342700223947055,170.0,3.0831707692455432,,unet
0.0,0.5490908057993146,9.187865257263184,0.5412146366691363,3.881957641091947,0.45544201566842846,14.833493675594887,0.6258027720053524,8.242011882814534,0.8052022145040825,15.251744047010575,0.48428030937809885,12.555746171837399,0.48718803162950897,14.931570682651003,0.6426117959835085,17.494105451408227,0.44324414420080155,15.622719709051543,0.46011722352401985,20.793690182211765,0.30354658031102005,14.854616865003091,0.7215733693968451,24.90144804434543,0.30022382486148874,15.105936519456607,0.12407825142145157,962.0113760415313,0.06632990685781111,171.0,3.1953772995519794,,unet
0.0,0.5977495177956639,9.800490379333496,0.3781560067570555,3.911530715672651,0.39102473896182666,15.512364736688792,0.5730663031652818,8.118697855116334,0.5908865270280632,14.363338450268689,0.7262394948990862,12.135017588363793,0.5193032496978416,15.544548189055345,0.32331821875213507,16.856717033765474,0.6324326148014591,15.688509182527,0.47155400225060157,20.986263855237222,0.49006766505928956,14.634806947199568,0.5699173196674843,25.66017589456229,0.7945835560803852,15.49313660850841,0.15578825771808624,703.3252164397067,0.05630052971434624,172.0,3.1363397380095686,,unet
0.0,0.5945769905436699,18.767311096191406,0.6627426731238916,3.708662328664277,0.48112414189404695,15.537008160074622,0.4632105006024847,8.172021424185933,0.5180008589792832,15.927188997124274,0.4038777716282192,13.255007570893108,0.8311120550601641,14.754110461498437,0.49886692511533626,16.16233294355622,0.5432104746531076,15.174349538295283,0.3640987447539537,20.628993271961374,0.499258588326665,14.761362897728452,0.5531241231311961,25.670713395524874,0.6466454790387905,14.927334427875488,0.26878756284713745,2107.6498542824093,0.009295656947320548,173.0,2.4180412789450614,ood:cond:pp:2107.65 outside [505.725,unet
0.0,0.6299214942948711,10.381091117858887,0.3320856225252435,4.901503762246034,0.6830038049050313,14.747953430483847,0.4456397241664079,8.39122623699649,0.4352162579768325,15.100023265340237,0.4649019742304188,13.041658106209866,0.6570761300426864,15.186190386467224,0.759063388675329,17.429757685662423,0.7676361799007227,14.974053782009968,0.28884650078470764,21.04906208975335,0.3247704832918717,15.727015016235093,0.5816126681809428,25.24790317057094,0.7057778995814941,14.985365988250699,0.3064248263835907,538.1829747610005,0.03656355196742097,174.0,3.1678999010353794,,unet
0.0,0.5281882679366555,9.90323543548584,0.7948585810319301,4.39365706947069,0.3386420548559932,14.920945814233383,0.3451282744815951,7.518989635718856,0.8243254969275347,14.284660989810797,0.493222398288821,13.224431413511304,0.4252201308526967,14.651238105472004,0.6786156948359712,17.227116231970314,0.360679277440752,14.932186436870428,0.7414134460962665,21.61866905289512,0.45353907966162244,15.931687980895104,0.6206525586372322,25.781408233260976,0.5645870357981415,14.634889156814125,0.13520750403404236,1362.2921424619321,0.05511822454126134,175.0,3.1183838423710406,,unet
0.0,0.6210291180500236,31.53390121459961,0.345109020907022,3.8890317599537862,0.2874829703402887,15.28333829367243,0.5687205291263331,8.584826601234994,0.5749665066576573,15.91922964656157,0.467746784124073,13.522331575619159,0.6740068969485047,15.41332824575509,0.46664849831724053,16.663363632562216,0.2797370835541362,14.90309125498511,0.8211322901877369,21.35525044474017,0.3649510864092905,14.910300673125256,0.675686637197429,24.940553794741255,0.4622039501423541,14.596373323063025,0.278757780790329,1935.7929825569267,0.00564958196421439,176.0,2.5368295126699394,,unet
0.0,0.5134822630498633,10.37758731842041,0.3127699053862696,4.803546824464964,0.4088366561083886,15.845392640781668,0.30070507211868375,9.146907725001702,0.6580085096831588,15.657492869354805,0.6397614551278848,13.106460933119136,0.5185712802235724,15.301114392467177,0.7342564874175649,17.30530362870349,0.42874261526267954,14.523570533421418,0.7212297047898619,21.252598817196187,0.39000552762931195,14.925506754014542,0.8293701819390403,26.345634903866216,0.83043695960213,14.464306335182275,0.2147449404001236,2611.1480757963723,0.03406285685388382,177.0,4.611501023796575,ood:cond:pp:2611.15 outside [505.725,unet
0.0,0.6038257302709665,10.649978637695312,0.8262426583474406,3.4789021994994753,0.4813939681287258,14.716374659227935,0.8295260662889989,8.472519409644663,0.2837073308241027,15.4853971840534,0.8288477332783528,13.402048957755413,0.7569080498169158,15.403517003654065,0.41977667722917955,16.809935277098116,0.29658782022426294,15.44749908399866,0.326343525335189,20.63618668302692,0.5120270419783579,14.397692213320365,0.7899111107152414,24.875449873570414,0.6642966405622104,15.961831393265925,0.12329082936048508,2955.555121897221,0.06222331451743364,178.0,1.070344174235862,ood:cond:pp:2955.56 outside [505.725,unet
0.0,0.5841483781933965,13.99673080444336,0.5382043324976851,3.6021248227186415,0.6113818897979233,14.597425738658227,0.5926812075895335,8.650450243243665,0.6976561879534626,14.91429862412857,0.8223027503226069,13.319600358280951,0.7919870710356454,15.486578927827779,0.4437245811263797,17.31918252802044,0.7441863839922602,15.805281973247903,0.41153637109538077,21.757421768686665,0.28888675522511625,14.345697403532757,0.7393900080913451,24.967669818783314,0.4216184284595976,15.637836401905123,0.21727170050144196,2907.4892184357595,0.017756197270626464,179.0,2.861581845063677,ood:cond:pp:2907.49 outside [505.725,unet
0.0,0.5334276358589479,14.281461715698242,0.32773015026396135,4.464270056289729,0.30699792219059635,14.571513455272374,0.37476598813418593,7.858881467795813,0.34887717276467245,15.225738289022837,0.383802377827392,13.396386432197007,0.31294292382072797,14.75957411613119,0.5268462605059471,16.190601344965703,0.7079185200242593,15.712944882291927,0.45767108204210216,21.493735410989533,0.4067595528181147,14.55849498982154,0.8233992045855523,26.2452900273817,0.8011059429887083,15.205442714922635,0.2992590069770813,2213.1094183899654,0.01363705080372678,180.0,2.443218769554192,ood:cond:pp:2213.11 outside [505.725,unet
0.0,0.5214227584509337,9.595088958740234,0.4863602215123001,3.8079237963437547,0.5001126804057799,15.765860941408235,0.6226948702346988,8.064505014400149,0.8009723899956841,15.293569515839634,0.6129266658379438,12.855505245498831,0.5666033630421619,14.979422402750398,0.6070785034078403,16.295322307314773,0.6466383336371219,15.218760391660458,0.8082604864113162,21.862410768622823,0.6339889588647658,15.96142759196899,0.37233086962769113,25.924462329461765,0.8105296389817052,15.77118926060706,0.13018544018268585,1484.763346078812,0.06404838951347841,181.0,2.135652866025909,,unet
0.0,0.5448677089562469,10.326172828674316,0.36156697057809367,4.193305951200797,0.29742670836159246,15.639245599596913,0.6101108738368666,8.972480699149276,0.7520008599177747,15.747391397389814,0.28766514473849597,12.160263171774684,0.8301522926254544,15.892232242728925,0.5470091772963133,16.412292316710293,0.7889430394900053,14.40699122659564,0.6575387757558186,21.67665364545158,0.628394253113449,15.566412698089938,0.634209659468144,25.96950883711002,0.7395596832326938,15.421810511337583,0.1946077197790146,1545.998488620426,0.03952242263287907,182.0,4.059155620246462,,unet
0.0,0.5665348619951441,10.652787208557129,0.7904626183575589,4.259292223524258,0.5107553084748127,14.648066911319711,0.47492561676943756,8.171523693371444,0.4493706740460852,15.659393355469753,0.7250140421646699,12.648333482374051,0.809627024446004,14.926025845886846,0.8230201291045607,16.36556031966766,0.35799409752356776,15.802356712005365,0.3663353308101813,21.678370539290885,0.7557804726985691,16.059521184794008,0.8126353266287154,25.674340736322677,0.3664365468982241,15.09354768331758,0.3420485854148865,1289.9101117396472,0.028266335746855734,183.0,50.22129155881814,,unet
0.0,0.6586906424853641,10.253418922424316,0.7304206001641118,4.2821904247398885,0.6843268828957534,14.512697714944403,0.7296269808964568,8.008677219082381,0.3737280719737419,15.765076058546773,0.3020226218029466,13.00753707876224,0.4001804003383248,15.755639215470982,0.42404105904301637,16.227768773615157,0.4141798438154539,15.283766544189119,0.4968021447813193,21.86969251417852,0.3275877705184834,14.344410708291258,0.3666341790817778,25.495271971026813,0.4446078697803735,15.778657400201173,0.17754076421260834,598.9800384745821,0.05533364051832016,184.0,3.216937793972407,,unet
0.0,0.5715199771476123,10.650145530700684,0.517837932982437,3.516582126013883,0.4214432894098376,14.995149918259461,0.5482701281994691,7.846269824243681,0.5411147957038798,15.269291488945866,0.4446680884437767,12.124798727393008,0.32194229379495104,14.560095643223983,0.32074755031380187,16.98724955250837,0.501880836460762,14.380754781899876,0.7804702362176875,21.371598122715046,0.8079591365345972,15.177429231834646,0.5447329961000268,26.256624416817196,0.31536868385778155,15.968180182319003,0.1359315812587738,2090.133034623299,0.053477846372506785,185.0,1.7035779701271112,,unet
0.0,0.5722203099531921,9.308467864990234,0.667003643145054,3.266537853307216,0.800429108149991,15.773764648849962,0.7573250839790718,8.010917933916314,0.42959837782327226,14.983121806089956,0.4042020338598685,12.700793680995885,0.3788338509440178,14.937904348995016,0.28384075344968773,17.853367617560497,0.49772402671853466,14.732605708795994,0.7569597050313814,21.21844177605357,0.764844472287193,15.812073221028369,0.645073266736392,26.024833745857,0.5229434708879304,15.52988742574623,0.13068969547748566,1763.9643771703409,0.0832885022596395,186.0,1.2159834644359118,,unet
0.0,0.539275679280431,9.811073303222656,0.7631628369481982,4.767227945632349,0.6697763271005612,14.515184776766104,0.39819429210263313,9.221424490302862,0.7215927805781743,14.375735739763156,0.5877977469209278,12.377203679236533,0.35605968734409166,14.40059189876745,0.8192504018330927,16.95718980601956,0.5194670266671313,15.731050546637418,0.37230337201671054,21.334557345950994,0.3203255885072125,15.031391405093371,0.7045957182075495,26.50385524357253,0.608573566892405,14.793873427120865,0.13659819960594177,1412.4844622351934,0.05243507171082042,187.0,3.194974799299351,,unet
0.0,0.5753692788857383,9.888751029968262,0.46808052449882853,4.348025027852306,0.5520285252248418,14.8643287529101,0.4075697270286852,7.515932479493746,0.6789909444204134,14.980479331649924,0.37097254232967153,12.808426624941987,0.48157656571424134,16.00193416291046,0.5719404832846934,16.972133687038298,0.3601416378585859,15.140609064517276,0.7921422788189905,20.64403586657889,0.3234211886237652,15.705839125725717,0.4766312974315293,25.71098477005466,0.3513691825564227,15.629277079848398,0.1388811320066452,923.1003165539194,0.056594912974019175,188.0,3.348367726053209,,unet
0.0,0.6260007697700026,9.09924030303955,0.3340188083172588,3.563326358669514,0.6208210847509824,14.716885904462199,0.7554152886157071,8.093751751231855,0.372731536577571,14.45071077122335,0.30181917709843653,12.371401900907873,0.3776877892502456,14.838847738567788,0.4462735550263376,17.114733927285116,0.7077568049339928,15.432921574027315,0.4247516071223917,22.190720028420966,0.5544780318888178,15.95132494604819,0.823219154268182,25.90825856100645,0.41002259602031776,15.949613447052531,0.13497427105903625,1486.9549915792327,0.09837079790509824,189.0,1.1183576928629142,,unet
0.0,0.5418062328233787,10.763422012329102,0.5797531561219875,3.1624238159854103,0.49584270585131307,15.066667189669383,0.7833317155566226,8.87770971116003,0.6678166654950443,14.85438051389114,0.38209337096898943,13.57233182154875,0.5978313102334982,14.54674229238511,0.7726512559899988,16.528917697005724,0.41092255841669756,14.40180064199785,0.7471603183110267,21.174502444767,0.7936155533977141,14.373992790544538,0.38205128574728464,24.88146961504101,0.5654022753363004,15.373081765134653,0.17032378911972046,2492.8934279507007,0.04301321369234984,190.0,2.271548079158475,ood:cond:pp:2492.89 outside [505.725,unet
0.0,0.5673054012337657,10.759917259216309,0.4231136180429632,3.621325223898413,0.7592746473846814,16.0173868630754,0.44944828966337397,8.004260906984088,0.6494489279568703,16.025873722971955,0.4544089157308324,12.695415271020172,0.7913044232934451,16.042082410203953,0.47956035366824334,16.679685896392904,0.6638103711266305,15.6663897319302,0.6583291018581057,20.597311827118595,0.6178476607434991,15.857136170214634,0.5264159287044765,24.990567268684444,0.44661057821460104,15.117369709290355,0.1417604684829712,2465.1714263525605,0.05037423054255387,191.0,1.5649021807621482,ood:cond:pp:2465.17 outside [505.725,unet
0.0,0.6246531913104777,10.219705581665039,0.5085501506085337,4.1022129115489845,0.594550363899526,14.835089097193892,0.45788144738732406,9.192267819324705,0.4533887128480127,15.719074904548243,0.5693234877647565,12.508852842738092,0.43025147236859684,14.569410200809408,0.2772442189708197,17.74187929768884,0.3684801815366212,14.457448518962527,0.7614311035324741,22.21224405144413,0.7517016256490838,14.832216860308089,0.6945320164916869,26.502548356395998,0.8139495949001658,15.504975865805239,0.2417001575231552,783.60561018138,0.03962181653945818,192.0,3.019414405119889,,unet
0.0,0.582601065587368,10.4007568359375,0.5063756099591192,4.235453282847069,0.4532227591925748,15.7174536367812,0.7216860442818192,8.366047482688401,0.4115147800433666,14.550243636215962,0.7715387721685998,12.427584866884395,0.518977186516197,14.314136601535907,0.3700095244571405,17.811233265180736,0.5912781082920118,15.430012034960345,0.4558778700235596,20.79086924601183,0.7719025394527209,14.296265580864539,0.5785704779561709,25.717207592814653,0.7051727694048591,14.475355871454886,0.1256718784570694,2548.41416166493,0.06735890377962504,193.0,1.0748069831199683,ood:cond:pp:2548.41 outside [505.725,unet
0.0,0.6231954202930117,26.216331481933594,0.5779176209090213,3.999736171491244,0.6649115540093347,15.56087006691814,0.2862664306616728,9.197614325331626,0.39123849102758473,16.012509189807307,0.3993217756251288,13.086824183558218,0.32291971372419714,15.351541699948118,0.7987221994318758,17.692934504028827,0.7698711338391075,15.727740851611623,0.3612685727361724,20.47835328748602,0.7057568495270482,14.84114845261856,0.5119816106248902,26.491714224451197,0.5174697829424021,15.52995506835013,0.4511665403842926,810.3118159603807,0.0065580296704091465,194.0,2.512220975452722,,unet
0.0,0.5170146740711927,9.531490325927734,0.5256098798981705,3.4072014923438223,0.34062180489923455,16.012794962609064,0.7183817173849654,7.669636676899987,0.5635861148250727,15.47459026386647,0.7959590550812554,12.644548781539296,0.6175286171639878,15.398961447699481,0.8117114677348544,16.854082180698594,0.8175555933046775,16.064945164021967,0.7516810366166419,21.061182227955726,0.821766038082213,14.739524004331091,0.49859993930064317,26.09647049897953,0.6505050519185136,15.043467914116501,0.13144966959953308,1295.6665938696915,0.06588411779256613,195.0,2.439856304419199,,unet
0.0,0.8899721622658917,40.36190414428711,0.747272149075287,4.8724777446448595,0.44105738558010055,14.718181454554612,0.2958429187886292,8.65795479534486,0.34770538375532734,14.798081451860684,0.6326272279110204,12.72593918332191,0.5786592272396325,14.93244654340092,0.403931024747383,16.523491710238016,0.4430802457143685,15.876551014060972,0.5248573079302017,20.862699606367713,0.28767165729735933,15.721205543844519,0.3779446455454893,26.190567883853763,0.3740562575152414,14.31878250646183,0.45038047432899475,775.8659596445827,0.004402186471581664,196.0,2.6349319743529924,,unet
0.0,0.5301521485454816,9.99880313873291,0.5861457133439104,3.241409011638053,0.3855800454164618,14.55131581823768,0.387137693847858,8.96453960534576,0.3579847511622576,15.141491759022609,0.5694727445755328,13.004734218464693,0.3624964487403095,15.068410869336098,0.30735520474732336,16.49441161243613,0.6553633075965749,14.892080024258695,0.2876788037051441,21.181405817386995,0.7397280796180432,15.518262660717303,0.5917022493881546,25.00279112239034,0.38942609847749954,16.06684624940828,0.14336621761322021,1704.5195724443415,0.051129130678399144,197.0,2.5473260059959,,unet
0.0,0.6162017464376863,9.426114082336426,0.6845846663511584,3.8198387742085016,0.7876566748181656,15.179800440327849,0.76051485600219,8.735845031338062,0.3386435853855858,14.561870228621888,0.37785792474243324,12.417265808606604,0.7808757918270707,14.86171381121689,0.5481039910961955,17.23775912458721,0.3610688222229749,14.898706655576127,0.5820741731557678,21.58062107862644,0.5488226520057535,14.777203031485133,0.8303847457074871,25.48866619293569,0.7825225612686496,14.843324325211427,0.12246167659759521,541.6584600027519,0.0724663746913405,198.0,3.036454977065705,,unet
0.0,0.7124398574055086,9.967620849609375,0.7820051141748902,4.6432751077294,0.43745706818593744,15.516098873566017,0.4423953279771041,8.073012444690034,0.5726607113562212,15.08079887613724,0.6803975839519154,11.828772665856935,0.5449419052016532,15.254895588514728,0.30861996847603984,16.375602105169722,0.7602269549048668,15.182472384933053,0.6845845425773884,21.833432417748075,0.3340327373565772,15.33884893548707,0.31907597257006876,25.060598276058002,0.43198484255150343,15.838997893945026,0.1476842612028122,2771.395513686892,0.09591617874581244,199.0,0.7440815017107437,ood:cond:pp:2771.4 outside [505.725,unet
0.0,0.569313157551221,9.360904693603516,0.585733539917082,3.2657384198690065,0.49823091115875306,14.467297213395769,0.45463985780857974,7.93699198226831,0.4732316403175749,14.494234843187913,0.7007087843354856,12.92841824395026,0.512717800833455,15.492515300300749,0.5095768059611816,16.77138967619563,0.35191010368309594,16.058306812694653,0.7734273995828873,21.55678072537234,0.6472685776759252,15.624690152131574,0.5697084511527337,26.138778651923005,0.4402035422564654,14.845009159558042,0.12224535644054413,610.2953000958037,0.08388230489965282,200.0,2.817481263235702,,unet
0.0,0.5521493473732811,10.593169212341309,0.5202321079714559,3.164630786743046,0.6440267703895066,15.58611590500787,0.44231873422890855,8.356721683648384,0.6757992732243661,15.784778763635599,0.5486919844099807,13.526329317042126,0.5419181741786399,14.691793858688856,0.41035747828292257,16.630909318430582,0.5551044401117096,14.84693197784434,0.6258199393008077,20.708727625088432,0.3889296943837407,15.841327107997333,0.38750342304095214,26.22017428813188,0.5114764664967602,14.527554731597034,0.19356340169906616,1283.3017173670878,0.04088609245300577,201.0,3.712801051462893,,unet
0.0,0.780434266928065,35.65044021606445,0.6667731517199087,4.440234348765577,0.4866098911849336,15.973508186879098,0.5801811209445521,7.893701744567698,0.5034009480831914,15.678154719298183,0.4318675970025348,13.431591169297697,0.8033421870575151,15.878849048387387,0.7535107538529286,16.759839935238894,0.6434951216384153,15.617838798776388,0.2831187454535376,21.921274982629377,0.38439068808471283,14.7594790981948,0.31001789729889667,25.635399068816582,0.314083019529968,14.383164820534208,0.45319652557373047,811.4392967459758,0.005080360863641979,202.0,2.5676857770426094,,unet
0.0,0.5548342924930607,11.22394847869873,0.5523150166050129,3.5406473956960367,0.3557177674742646,15.11926712077544,0.7093151872382406,8.003113273699974,0.6725040386064111,15.82216179389169,0.6976134405222316,11.838844345237694,0.7456378512121389,14.762145311793828,0.7871280426808015,17.30152270931399,0.3389173435409182,14.369946782589565,0.35311989236725977,21.064403092730522,0.5241639541534211,15.905574460200198,0.45237239394347534,26.439647442745606,0.3951428783690002,15.67523959744527,0.30066436529159546,1787.936021545327,0.02786103297673808,203.0,20.147748494953373,,unet
0.0,0.5135444324017127,9.993277549743652,0.48161516538902277,4.875059901311712,0.8263856287335374,14.990383086106139,0.701577917424921,9.222589670596925,0.53098875108909,15.492162811903038,0.36115738028054845,12.841920978420644,0.6465617153221828,14.76089326742465,0.7288587036001171,16.44105180942516,0.4842950593603398,15.705854645182155,0.35260814132899837,20.864141280638115,0.5341733065914955,14.987826914412196,0.6362858418248507,25.197351240945945,0.6893498094927963,15.965666653266144,0.17834684252738953,2395.4160003859556,0.04122564324191773,204.0,3.412545910266664,ood:cond:pp:2395.42 outside [505.725,unet
0.0,0.5274637162690412,9.973001480102539,0.4030127275851644,4.563375463560813,0.7056634159533337,14.849847425748248,0.3213819060777746,8.10743292639351,0.5549041471902778,14.498685720746682,0.804232774790485,12.400894992353754,0.6047000528575233,15.84802741962928,0.5722635932583637,16.95297762212903,0.35776491666434584,14.563270789513458,0.3148801766081303,21.334634836765996,0.3247200255431015,15.399637378496507,0.6349600437953766,26.31248268553063,0.32178212764654657,15.371004010686756,0.14414845407009125,1566.7673738277513,0.05117369934990217,205.0,2.877731269599905,,unet
0.0,0.5489161106683732,10.367094039916992,0.34075750306452224,4.2140898066578005,0.35867998247007454,15.850668908494804,0.366547136312735,7.555988689898226,0.3853121732738818,14.346910689615353,0.8176460555759865,11.775911116819325,0.3073050818147386,15.61661408008298,0.35941886043070914,17.018193449000535,0.5409095688350292,15.45097282918601,0.7848709256437011,21.351644775987545,0.5672238119634909,14.416588146560839,0.745694005222407,24.87720788959487,0.6688529885540476,15.194601009222458,0.14072293043136597,1873.4790171286372,0.052316535357988796,206.0,2.074551572003623,,unet
0.0,0.5111047366822902,10.435425758361816,0.6599734866289143,3.9858133152008075,0.5673959838068241,14.804575395553874,0.4695663380053179,9.047036793449164,0.8105908273637626,15.172523142912445,0.7405581447271197,12.111022823724639,0.6027968779722401,14.54261381468956,0.5437755160541625,16.346149496588684,0.2921444012979396,14.606314112052072,0.5463289900414015,20.994058435663725,0.43153155108995456,15.435632223115789,0.8302379109334896,26.45003818488144,0.7021829267279444,16.004296457706758,0.23151232302188873,2818.506137959617,0.031319470527991014,207.0,6.1358556398872155,ood:cond:pp:2818.51 outside [505.725,unet
0.0,0.5127627946075922,10.398262023925781,0.807976462839836,4.917322781723453,0.8079452711436663,15.282128949351456,0.6938237981614136,8.29803845804484,0.34819710974137075,15.217804775055793,0.5773593526368008,12.028597934481626,0.4153682218541799,14.375691189382907,0.47112620190603904,16.726780385430203,0.6066990159865139,15.23376704087521,0.8030235761721742,20.84888035013977,0.6445766992029868,14.919474623799601,0.2913829619826822,25.93196584377481,0.3057408674948531,14.579430632906378,0.23258191347122192,2682.3610424848603,0.032217430973392865,208.0,5.317431635397097,ood:cond:pp:2682.36 outside [505.725,unet
0.0,0.5929061158341413,10.278485298156738,0.7743393697274521,4.052847294174676,0.3071319498720884,15.349667673121603,0.28314094341187707,8.727871148489276,0.3940886200202153,15.100676612225227,0.7557263683033321,13.528273282114165,0.5760450252937032,14.957317357103872,0.6643884080336497,17.41962218550326,0.39745411796073893,16.040918619645883,0.7506146054982442,21.085588531423557,0.7707226289097441,15.509161220069323,0.3830471755716482,25.72928810722009,0.2946231653818085,15.671158021625352,0.12511615455150604,2519.701362906958,0.06760349499517881,209.0,1.1141580213784887,ood:cond:pp:2519.7 outside [505.725,unet
0.0,0.5012863746151542,9.179039001464844,0.3300918556363466,3.6287457801152443,0.3189062251269893,15.753944092967988,0.3206345768145574,7.464617852929119,0.820680117360389,14.704256898588921,0.6842136813534389,11.930178507130067,0.3483169227937461,14.505296545608724,0.3853164418748274,17.579897005847734,0.8251169905413429,14.871272003915543,0.7560439977237038,21.573842566788127,0.6100938878251616,14.646162693055679,0.5674753964995811,25.084494315667996,0.5485609227086555,15.389713960247846,0.12904062867164612,1197.0566647830894,0.0719056602903353,210.0,2.2168999165654912,,unet
0.0,0.5278835208687948,11.353987693786621,0.7185757724446413,3.742240254362026,0.5064327264335526,15.381869159853114,0.6510623663927757,8.34461396401904,0.7234622374125244,14.859044789883331,0.46092480691817594,11.88258833471802,0.44448278788207835,14.587215751391481,0.7448875536573637,16.892579025485126,0.8124404233423932,14.835589144582068,0.5042377526547672,21.127156552036634,0.7443520862074005,15.713155474812064,0.6501155186248606,25.703908282004743,0.6832397212274419,14.629132581419011,0.2625579535961151,2555.891746238197,0.028390645268334357,211.0,18.72376665983408,ood:cond:pp:2555.89 outside [505.725,unet
0.0,0.58520369736028,9.9959716796875,0.8273438583091014,4.347775934432011,0.5176412227566278,15.526688035173448,0.5902750738055769,7.9794168388260935,0.6672796027474959,15.587700823700409,0.7110484850615657,13.207741029497381,0.6290989171878505,14.630335467409786,0.7953406755508803,17.203306489334498,0.3060239271668579,15.767079750452,0.34425268434059403,20.972931118047807,0.6274430962270343,14.535960646757424,0.3677788705288486,25.253214318932063,0.6472971545923026,15.447784659341865,0.12619629502296448,2279.5695032399303,0.07121165999118473,212.0,1.2006054607820422,ood:cond:pp:2279.57 outside [505.725,unet
0.0,0.5260695641138607,10.670036315917969,0.6488075199068063,3.8800915245067453,0.30789165378595473,15.859665661473182,0.42455590348040356,7.581283465138904,0.8186502330350429,15.137963662066388,0.7653131168701827,12.606201172395625,0.6572941324407204,14.857154835781834,0.8038384482904622,16.404713343370375,0.7913705371973014,15.284784020790365,0.38217923261140574,20.45306324919292,0.6968929526644363,14.903262692191541,0.7343312353919901,25.387503779828496,0.588766458678356,14.44670277001642,0.22087006270885468,2599.6894207537243,0.03394789364616832,213.0,4.654931022903595,ood:cond:pp:2599.69 outside [505.725,unet
0.0,0.6503490039358788,9.628416061401367,0.605211111336333,3.6231598408613044,0.8018876590091968,14.463785916981196,0.6533696786791008,9.059102240214479,0.7767750598553482,14.701130142547372,0.5909253682157529,12.198853505209907,0.7736334774626425,15.620613105715536,0.8300482095312839,16.356762979979354,0.7957653410005862,14.36654925189699,0.6769614190105424,20.852997094286664,0.31801489942977157,14.649321785043405,0.6709236451795616,25.032063419301252,0.6383637113261043,15.349069633751853,0.14248420298099518,2425.164011852821,0.08901073185612891,214.0,0.8150700571071465,ood:cond:pp:2425.16 outside [505.725,unet
0.0,0.5082982794207378,9.003138542175293,0.40578277859636613,4.827104910666023,0.4360695305768344,15.857237869771357,0.39946925412190704,8.11292803359149,0.2870828364052874,14.828561444781634,0.7797586382966215,13.410640003308337,0.8295615197877007,15.566960400580339,0.36385052757098857,16.581972458082515,0.3165468990505887,14.5221910418666,0.7447318224397595,20.712628284230295,0.7948804709195111,14.873131682993126,0.6908691399464915,25.82298087126157,0.2976393447173414,15.822482110218242,0.12996239960193634,995.6435011782808,0.07366472610516878,215.0,2.505118580127489,,unet
0.0,0.5308714549934017,10.9766263961792,0.2930209838387005,3.544031314791232,0.2988094131483627,15.319675488726189,0.6164979847110486,8.684806654687339,0.40480064916174613,15.903954155674011,0.7847041019167478,12.863897380841863,0.5148144821439266,15.209606108639061,0.72209125588757,17.114147884914814,0.4515002781984141,15.577708088076236,0.6788304975139503,20.565081165281597,0.5359976862538403,15.835518402247855,0.4817729510043213,25.56500880560192,0.4697375269535874,15.216211376938842,0.26297834515571594,2378.4410444855953,0.0296707434292889,216.0,8.24996399697687,ood:cond:pp:2378.44 outside [505.725,unet
0.0,0.5154817980033104,10.665356636047363,0.4239636495495589,4.382690689648947,0.4096014864522339,15.46887562299112,0.6655541235414295,8.420410163833635,0.8136231647477316,14.74452206205296,0.8001862469705655,12.762326625855797,0.4549632224845566,15.922801476270093,0.5079419451741465,16.21642906481557,0.6538432522819271,16.056185526825182,0.4785474522770833,21.409460372294074,0.3567689001420605,15.591777432184646,0.6788694783832117,24.754102380469906,0.5643837676439056,15.971279441372502,0.2535586655139923,2075.8968527711772,0.032145838093193164,217.0,5.1672787460525145,,unet
0.0,0.5701838793077793,10.87197494506836,0.8025060508922502,4.469528303654143,0.42347212803159845,15.903322314856352,0.8262639619038221,8.861180918475084,0.34484958308353636,14.448254598435144,0.4384477345029798,13.204881006055304,0.5362753020941956,14.767662275532642,0.5984200561062043,17.321809016931955,0.6269392406759153,15.924066379028503,0.6610647748921711,21.86602139471932,0.38502449501884284,15.274118987775216,0.7675771035711765,26.382669980937152,0.6352447863841109,15.953220986974321,0.26846757531166077,1322.857501525825,0.033384415811438486,218.0,4.37751364155733,,unet
0.0,0.5575872056294705,9.74931812286377,0.5322861202669644,3.2139000238713664,0.7615971174081,14.81839023066302,0.7662775132836321,8.225195330205223,0.4971668676577341,14.814215471374444,0.8222005298470784,12.93014458624918,0.6612606287673415,15.960241954296475,0.329469374114732,17.19756834919004,0.5824524816092993,15.072804345520016,0.5385822883956138,20.88834983846869,0.6619276044713558,15.0876540218701,0.6415820378312578,25.98152924975792,0.46713381312205743,14.475962827967935,0.12807686626911163,2052.0074796642093,0.07013644309636397,219.0,1.3195096240557718,,unet
0.0,0.5570991021962464,11.100057601928711,0.4284249365703998,4.8193578914539374,0.3513903251611181,15.02093245540084,0.7444719731835032,7.451670447643614,0.7745282960725126,15.343112980859042,0.3734725980328093,12.609800076562998,0.29026837330610045,15.431577465038643,0.46585793165536454,17.577297685913006,0.4998892916343102,15.437756887452352,0.5995211460399834,22.139689242472045,0.43038568315177184,15.32012003767651,0.30465668760973386,25.640447884463587,0.4163838980548221,15.97213273976744,0.2918974459171295,1652.3278165042839,0.03005104282506637,220.0,6.684433580044944,,unet
0.0,0.6134914606042213,9.32294750213623,0.6582771331105349,4.179934863109093,0.3513874432914376,15.75796928995431,0.3192686940543876,8.95745892838805,0.7713520884526083,15.730407515576122,0.7221575327345158,12.4977837963908,0.6801964636437208,14.371702308634804,0.33524069216036256,16.731228762212407,0.4353612309079016,15.814567383912522,0.776361054747404,21.33769653320903,0.3790332579551699,15.010994714511943,0.5841323491598079,26.082122226669462,0.5066064179641916,15.845999147026154,0.13050231337547302,1306.8941718924914,0.09968577977760114,221.0,1.16256565390009,,unet
0.0,0.5909686232855805,10.647756576538086,0.7070528047786182,4.228129729674174,0.40225430124255623,16.013958475253613,0.756227907556285,8.909546491742093,0.4808788445996337,14.293697352745367,0.6120290625972227,12.83928674020717,0.45921928221613406,15.404546372446967,0.6646962386844885,17.428742472141185,0.6115074612294267,15.464210179437929,0.4371243511722622,21.818881793311217,0.41324309868435005,15.924246146261243,0.6124612020229411,24.835152925548616,0.5177890079309738,15.73333999285999,0.12700854241847992,2611.7462188382506,0.059710100003285096,222.0,1.145182973937975,ood:cond:pp:2611.75 outside [505.725,unet
0.0,0.633110709502586,10.419878959655762,0.49091483511180856,3.726137890277569,0.4501439605557262,15.687592549458465,0.4395709298484535,7.791130721970785,0.4880136479714249,14.886203814993653,0.7874001622185229,11.77533327159795,0.8304350157320649,14.480643060724233,0.3784910472613898,17.26902068252992,0.4757431403933169,15.742722066833757,0.49220255710609456,21.058339465200447,0.7073653227575523,15.362524353830368,0.31759121568017257,25.75808074043008,0.7953359243175179,15.254876758977321,0.2313023805618286,739.1300649382803,0.041877690562290466,223.0,2.9139136940248545,,unet
0.0,0.5624364234126948,9.735487937927246,0.7496638427148086,4.58703262503561,0.5355809853203573,14.966591435698637,0.3055461052894898,7.813830590038157,0.7721699493795049,14.912268903512736,0.3382074949266172,12.318240754140803,0.7080413102345795,14.422189038632478,0.5951950295360462,17.03947219498005,0.5357579113134747,14.960571308393595,0.3689603904606801,20.78343033638389,0.7685027501658332,15.353076908820965,0.6930534641689221,25.477732192518104,0.5542229256633968,14.762935734124852,0.1288522630929947,1080.3515599823002,0.05818132343644751,224.0,3.242968797503578,,unet
0.0,0.6060047750194697,13.322528839111328,0.44579133391629006,4.118450009736743,0.4474746855906917,15.834695719212727,0.5573097708996548,8.918942566603427,0.6206244090668254,15.125909712536467,0.341339812962543,13.533440201050693,0.8208355819592308,15.022590645981902,0.7960741826502161,16.605244558141116,0.3339905430287277,16.068958686901247,0.7263055849402053,21.171556034670953,0.829153375241205,16.049881115315458,0.527353719810738,25.41432949008673,0.33724759319329034,14.763433340458684,0.28842541575431824,2465.2633657365905,0.020593092354674457,225.0,3.573918006718668,ood:cond:pp:2465.26 outside [505.725,unet
0.0,0.5818859793129809,13.44122314453125,0.6162137898733077,3.180723089820422,0.5987250569339204,14.653502981321184,0.8086426694844197,9.151269151654821,0.2960959596268715,14.93828778400368,0.4721793077935676,11.780870284989945,0.43892183652949984,14.864712638926333,0.39990742925233,16.372956134445126,0.31745467583265363,15.302652511798676,0.5752131515414036,20.839160488171625,0.6363731930093381,14.4148850759473,0.7857595934386074,25.739022292219136,0.5116009669865194,15.804699098903825,0.27053990960121155,2548.297380848097,0.019114843849917938,226.0,3.078961512155941,ood:cond:pp:2548.3 outside [505.725,unet
0.0,0.5191841798220674,9.509628295898438,0.6061240315292749,3.319588915881303,0.28550485695750205,15.65119777232206,0.29548172494440056,8.85233663974457,0.46177188122868573,15.073571191841229,0.466805174495541,12.695513283082862,0.7781709230508095,15.878665963668073,0.30066439022467994,17.585776389407098,0.6619405065117283,15.910792721856378,0.35441957939229884,22.14062535248953,0.589624307983566,15.942676885474626,0.6623175104192397,26.42750212941195,0.5384687616257382,14.633360442867259,0.12896043062210083,1199.4284202059305,0.062083723059010665,227.0,3.062403114282685,,unet
0.0,0.6131548954521748,22.20412254333496,0.5558543502860664,3.7134803254886704,0.40874312382191563,14.364307733031211,0.6278365803531367,8.045744801226297,0.34914181388629617,15.960985949939062,0.2857032482430782,12.179014184105197,0.5701233102936034,15.897069050433466,0.7525983873373963,17.11280305048316,0.3077204981353283,15.596127949002955,0.43251745042741296,21.18207067317003,0.4843287585676058,16.04004649228145,0.6086255495253139,26.06695355678455,0.5254399680261654,15.016034496007316,0.3174279034137726,1811.4152304833783,0.007900018747231497,228.0,2.4322515418762203,,unet
0.0,0.5638569174351152,9.406216621398926,0.5565675043243994,4.7226799088195754,0.7566601596957523,15.016373616952098,0.6016221470826659,9.061042643466955,0.5186665235038024,15.41988761608856,0.650306629279729,12.181615196911553,0.8216721570865041,15.984716581191615,0.4927518226137234,16.684843254639695,0.648602378500825,14.316846838423308,0.49549645529396713,21.952807753606322,0.6477145336445722,15.77440609866526,0.39652466219178756,26.156254644856688,0.655121619678508,14.838344012497458,0.12910088896751404,2159.153423820358,0.07635492192910208,229.0,1.1532177337644325,ood:cond:pp:2159.15 outside [505.725,unet
0.0,0.5461709657928105,11.375067710876465,0.34467846893997867,3.358737486286397,0.5061506348095932,15.080551611454975,0.6531806377142277,8.815431241583084,0.4532580631010874,15.983860816493456,0.6028252205687139,13.13245691107515,0.815763362039211,15.521784416808684,0.42510652782433145,16.171359120275508,0.7501290221596106,14.663379263871033,0.542304950112265,21.893057512224246,0.6490590040717592,15.860207494007907,0.628894703252165,26.188340707460164,0.7733220657008611,16.05194038343914,0.31211504340171814,1869.8504257952504,0.026946517609219553,230.0,134.97365530340167,,unet
0.0,0.5530310939166733,11.475430488586426,0.5494555811365174,4.264819067052553,0.7933912536261208,14.3364309882497,0.39762466461889534,9.056053814568358,0.5774198096995784,15.625106708817494,0.7473824353907825,12.224010704909041,0.6795503824271288,14.909915928706104,0.4010877697335221,17.73706412212894,0.4948893872657998,15.433164286392863,0.5939468929712657,21.54490033561593,0.7666542226980627,15.611018608534977,0.31466257715819856,25.402472473297827,0.43751274981433264,14.495991316510098,0.4639594256877899,826.6311781105262,0.020416898780709975,231.0,2.5096360950979864,,unet
0.0,0.6428404683829493,10.83950138092041,0.40745280241180815,3.231240832410734,0.4401291580116868,15.181749943257792,0.7740173573922178,7.457227917459705,0.3892340080790128,15.46598932105034,0.7934017019656676,13.44111965544122,0.6778187177885013,14.601617107479527,0.7468690741334825,17.788134465381635,0.5121183129270132,15.58043690044452,0.676755442218504,20.73899030293629,0.3455517811169171,15.584486525977056,0.43915784800551505,24.833147591612864,0.7830068229852573,14.36981093637537,0.2678666412830353,672.6162734528959,0.03863149878789153,232.0,3.103661194064514,,unet
0.0,0.6117332686825362,10.202934265136719,0.5543514694788774,4.549026143294028,0.3770394045464822,15.992245812135877,0.37392285362337707,8.799330289268738,0.4695260183531221,15.817261942493579,0.7186418320825826,12.235062395972145,0.6993510754070567,15.076828835408024,0.3295569057845556,16.885703970235525,0.449459797453876,15.317518075537382,0.6966334965690172,21.556251736812214,0.5271578284484019,14.38384151625334,0.3839583037100336,25.930710211187492,0.37631193209830116,14.730448436273985,0.1288483738899231,2585.931135990355,0.0778355101864344,233.0,0.9620448675877107,ood:cond:pp:2585.93 outside [505.725,unet
0.0,0.5625431112023075,10.216383934020996,0.8041757848115915,4.785283197037691,0.6919637969758867,14.355723553737176,0.7099381707862674,8.02245994650836,0.7676231291734543,15.793691760253454,0.6381098285194866,12.031067509436587,0.3592361177696501,14.541373548461117,0.659993015524451,16.4861484042985,0.39651474015219423,15.408879365442575,0.4212980302582196,21.32794786678324,0.8207920222564866,15.77065939153509,0.6193281513354574,26.178877310322846,0.6683735426174704,14.47224170779548,0.16155049204826355,1335.5255570530862,0.045952741018896064,234.0,3.355678149283239,,unet
0.0,0.6201071933616443,9.06047248840332,0.7897751563487924,3.4017126893762732,0.6570957062648914,14.735974188969903,0.692460003586982,8.201372131089288,0.6081905590845837,14.606569701956499,0.3397787777483255,13.221507132111068,0.7972548381610685,15.332390935240516,0.8010532600439777,17.648283310695668,0.6003803386833786,15.690329013161154,0.5445160765291441,21.701779536896193,0.829187532918045,14.85223240340567,0.3068194473361104,25.63820816436394,0.807283690724958,15.857460230135581,0.13897548615932465,2168.581651347846,0.0899351473314243,235.0,0.9507421037509034,ood:cond:pp:2168.58 outside [505.725,unet
0.0,0.5586721614926567,9.090719223022461,0.4218153596026986,4.628390316284868,0.7057053242442034,15.105011376753868,0.5065694758955326,7.730696880760335,0.6359626401714747,15.27219836877235,0.34793565214468747,12.9969196880808,0.6746861479889386,15.92319178787503,0.4818288714981339,16.20269158972756,0.806789195854684,14.660811047711851,0.6419211894083677,20.65050408844792,0.7816497186782337,15.881126602066443,0.8303353306381015,26.508782477693448,0.5438051452663539,15.667545403629797,0.12724478542804718,1399.6445971177723,0.08523344846229566,236.0,1.5194019085078265,,unet
0.0,0.6950877165085986,10.107368469238281,0.35211476673095415,4.128708201860631,0.528325550159627,14.874560594313373,0.7764696884032289,9.04066661992602,0.6008923716300452,14.28130193711574,0.8106435495060645,12.831236041063814,0.4865608752795149,14.739577346986055,0.37926808630507236,16.735691691518003,0.4153108981127047,15.066146179147042,0.573380952236604,21.203235073930205,0.5274857172876322,15.270134500827192,0.2809835679517557,25.059930917886295,0.6893979743317322,14.594719937715427,0.1484837830066681,2604.4019061640997,0.09382078803809342,237.0,0.7322225404856229,ood:cond:pp:2604.4 outside [505.725,unet
0.0,0.591555943746102,11.051495552062988,0.4561263261414846,3.2105399606261282,0.5447341697907766,14.621108871338787,0.2840270136418822,7.464808141405493,0.3130431954912589,15.719038383983662,0.5957837410022138,12.88667608464949,0.7376091339553992,14.359633214733492,0.7521693137260235,16.159225007933376,0.32599536561861014,15.272949947171233,0.560037582290576,22.112013142440453,0.3573622165419046,15.85029979656585,0.36726644188797053,25.197194424088817,0.7821254664253784,15.001846371062715,0.4048699140548706,673.1492573315785,0.026870945288061207,238.0,4.742397025585456,,unet
0.0,0.6030558901111932,9.43579387664795,0.5619338610588146,3.473530783267598,0.6716338920494194,15.882263297059556,0.4394004014903887,8.233686861507548,0.6190815222193125,14.74630750798779,0.7389185273106085,12.444178585360756,0.46888102216134203,15.752042516219635,0.38153635885320547,16.82883214085739,0.5037987140694136,14.93046542473867,0.7796334827051896,21.60505961237337,0.33360213434534525,14.763344281276877,0.550643527877591,25.88217163282815,0.41617889444506634,15.822843916792136,0.12080935388803482,526.7893254082726,0.0835299614571636,239.0,2.797832203751036,,unet
