case_id,case_index,var,region,boundary_type,n_points,rmse,r2
case_g008_op01,0.0,ne,boundary_in,na,4998.0,8.482890518301738e+16,0.955431182596628
case_g008_op01,0.0,ne,plasma_mid,na,12932.0,1.0458155533629307e+17,0.9298150870558778
case_g008_op01,0.0,ne,plasma_deep,na,110070.0,2.6558957853692086e+17,0.8683772199799816
case_g008_op01,0.0,ne,chamber_near,na,2072.0,5907204268740631.0,0.0
case_g008_op01,0.0,ne,chamber_far,na,124681.0,3178868019734705.0,0.0
case_g008_op01,0.0,ne,all_plasma,na,128000.0,2.4908433596871683e+17,0.8892354368417641
case_g008_op01,0.0,ni,boundary_in,na,4998.0,8.02806909630227e+16,0.9600553142563594
case_g008_op01,0.0,ni,plasma_mid,na,12932.0,1.0330248483699496e+17,0.9315201888472391
case_g008_op01,0.0,ni,plasma_deep,na,110070.0,2.6450349855754394e+17,0.8694514383971228
case_g008_op01,0.0,ni,chamber_near,na,2072.0,3310730058667889.5,0.0
case_g008_op01,0.0,ni,chamber_far,na,124681.0,2399184567525539.0,0.0
case_g008_op01,0.0,ni,all_plasma,na,128000.0,2.4797528661228906e+17,0.8902139170141248
case_g008_op01,0.0,Te,boundary_in,na,4998.0,0.30702005515322245,-0.07119182849132621
case_g008_op01,0.0,Te,plasma_mid,na,12932.0,0.21805086514742905,0.41352760790593257
case_g008_op01,0.0,Te,plasma_deep,na,110070.0,0.17201324267681947,-0.07208745850482945
case_g008_op01,0.0,Te,chamber_near,na,2072.0,0.14025827257060075,0.0
case_g008_op01,0.0,Te,chamber_far,na,124681.0,0.0850652210699739,0.0
case_g008_op01,0.0,Te,all_plasma,na,128000.0,0.18419583597620293,0.05249927289830936
case_g008_op01,0.0,phi,boundary_in,na,4998.0,0.44529247433511693,0.9697872414104214
case_g008_op01,0.0,phi,plasma_mid,na,12932.0,0.5037338584373235,0.9404401019051748
case_g008_op01,0.0,phi,plasma_deep,na,110070.0,0.5297065026277251,0.9061053159083805
case_g008_op01,0.0,phi,chamber_near,na,2072.0,0.30185812675454615,0.0
case_g008_op01,0.0,phi,chamber_far,na,124681.0,0.22429676542768529,0.0
case_g008_op01,0.0,phi,all_plasma,na,128000.0,0.5240834695378194,0.9447736991803576
case_g053_op01,1.0,ne,boundary_in,na,4998.0,1.0407707415046186e+16,0.9869384458338346
case_g053_op01,1.0,ne,plasma_mid,na,12932.0,1.027438781494787e+16,0.9864123931772478
case_g053_op01,1.0,ne,plasma_deep,na,110070.0,2.5836462013337184e+16,0.9755450664252185
case_g053_op01,1.0,ne,chamber_near,na,2072.0,3103411917503015.0,0.0
case_g053_op01,1.0,ne,chamber_far,na,124681.0,2658553609406475.0,0.0
case_g053_op01,1.0,ne,all_plasma,na,128000.0,2.426751264377171e+16,0.9806367222003272
case_g053_op01,1.0,ni,boundary_in,na,4998.0,1.1092780585279746e+16,0.9851360128775962
case_g053_op01,1.0,ni,plasma_mid,na,12932.0,1.1502438376881382e+16,0.9829684951683582
case_g053_op01,1.0,ni,plasma_deep,na,110070.0,2.5650949842395996e+16,0.9758948867856505
case_g053_op01,1.0,ni,chamber_near,na,2072.0,4145530815842755.0,0.0
case_g053_op01,1.0,ni,chamber_far,na,124681.0,2639939676339816.0,0.0
case_g053_op01,1.0,ni,all_plasma,na,128000.0,2.41655873269765e+16,0.9807959065277505
case_g053_op01,1.0,Te,boundary_in,na,4998.0,0.3300770419557546,-0.03618030205683587
case_g053_op01,1.0,Te,plasma_mid,na,12932.0,0.24898029315352485,0.37906700032858054
case_g053_op01,1.0,Te,plasma_deep,na,110070.0,0.12554981821038055,0.5609253778702255
case_g053_op01,1.0,Te,chamber_near,na,2072.0,0.22514512990279398,0.0
case_g053_op01,1.0,Te,chamber_far,na,124681.0,0.143538616405657,0.0
case_g053_op01,1.0,Te,all_plasma,na,128000.0,0.1551514641871959,0.4715542253010405
case_g053_op01,1.0,phi,boundary_in,na,4998.0,0.42131000510316907,0.9788092251750034
case_g053_op01,1.0,phi,plasma_mid,na,12932.0,0.4671797002992589,0.9577178784630309
case_g053_op01,1.0,phi,plasma_deep,na,110070.0,0.336126447934678,0.9672884356283014
case_g053_op01,1.0,phi,chamber_near,na,2072.0,0.2754992885610613,0.0
case_g053_op01,1.0,phi,chamber_far,na,124681.0,0.3401111840090706,0.0
case_g053_op01,1.0,phi,all_plasma,na,128000.0,0.35515699577166043,0.9814361897169369
case_g001_op01,2.0,ne,boundary_in,na,4998.0,5190475274296362.0,0.778947774262203
case_g001_op01,2.0,ne,plasma_mid,na,12932.0,3229941746816988.0,0.9110489193615837
case_g001_op01,2.0,ne,plasma_deep,na,110070.0,7532717022962808.0,0.7593210440195937
case_g001_op01,2.0,ne,chamber_near,na,2072.0,2861601153019833.0,0.0
case_g001_op01,2.0,ne,chamber_far,na,124681.0,2489582368135113.0,0.0
case_g001_op01,2.0,ne,all_plasma,na,128000.0,7134389340883180.0,0.7965257780703118
case_g001_op01,2.0,ni,boundary_in,na,4998.0,4463345019826842.5,0.8359048489736591
case_g001_op01,2.0,ni,plasma_mid,na,12932.0,2802023577615264.0,0.9330131513497538
case_g001_op01,2.0,ni,plasma_deep,na,110070.0,7237789141930245.0,0.7777858469678067
case_g001_op01,2.0,ni,chamber_near,na,2072.0,2567985944405489.5,0.0
case_g001_op01,2.0,ni,chamber_far,na,124681.0,1695056894653107.0,0.0
case_g001_op01,2.0,ni,all_plasma,na,128000.0,6827782716884652.0,0.8135227386330321
case_g001_op01,2.0,Te,boundary_in,na,4998.0,0.9563201609600515,-1.9700950941310404
case_g001_op01,2.0,Te,plasma_mid,na,12932.0,0.7158907950292501,-0.6816919188746107
case_g001_op01,2.0,Te,plasma_deep,na,110070.0,0.70276949877391,-1.7682417942930657
case_g001_op01,2.0,Te,chamber_near,na,2072.0,0.28524546016499497,0.0
case_g001_op01,2.0,Te,chamber_far,na,124681.0,0.10330872877538216,0.0
case_g001_op01,2.0,Te,all_plasma,na,128000.0,0.7156753576592831,-1.569539931357121
case_g001_op01,2.0,phi,boundary_in,na,4998.0,0.6061628991950238,0.9857542696975213
case_g001_op01,2.0,phi,plasma_mid,na,12932.0,0.8809205292639143,0.964271799636588
case_g001_op01,2.0,phi,plasma_deep,na,110070.0,1.35289725324238,0.8993006720820431
case_g001_op01,2.0,phi,chamber_near,na,2072.0,0.30875154119236603,0.0
case_g001_op01,2.0,phi,chamber_far,na,124681.0,0.2889801637101575,0.0
case_g001_op01,2.0,phi,all_plasma,na,128000.0,1.2910039288269688,0.9385999551634331
case_g057_op06,3.0,ne,boundary_in,na,4998.0,5476968942461211.0,0.9178210899055719
case_g057_op06,3.0,ne,plasma_mid,na,12932.0,5382795788105108.0,0.9152354577185634
case_g057_op06,3.0,ne,plasma_deep,na,110070.0,1.216171475509522e+16,0.8507622388659402
case_g057_op06,3.0,ne,chamber_near,na,2072.0,2305519307785910.0,0.0
case_g057_op06,3.0,ne,chamber_far,na,124681.0,2469526595070044.0,0.0
case_g057_op06,3.0,ne,all_plasma,na,128000.0,1.145806934830203e+16,0.8821745795191028
case_g057_op06,3.0,ni,boundary_in,na,4998.0,4025021741303081.0,0.9554601771796187
case_g057_op06,3.0,ni,plasma_mid,na,12932.0,5777777034849524.0,0.9022947662886879
case_g057_op06,3.0,ni,plasma_deep,na,110070.0,1.009745858429566e+16,0.8971208216134949
case_g057_op06,3.0,ni,chamber_near,na,2072.0,2089578577398565.5,0.0
case_g057_op06,3.0,ni,chamber_far,na,124681.0,1779069178790147.2,0.0
case_g057_op06,3.0,ni,all_plasma,na,128000.0,9575060200154434.0,0.9176815646855432
case_g057_op06,3.0,Te,boundary_in,na,4998.0,0.5595646913790822,-0.9187544522837481
case_g057_op06,3.0,Te,plasma_mid,na,12932.0,0.29631557109040146,0.45023988379163915
case_g057_op06,3.0,Te,plasma_deep,na,110070.0,0.29638658013252894,-0.1972723348504668
case_g057_op06,3.0,Te,chamber_near,na,2072.0,0.2522327552265394,0.0
case_g057_op06,3.0,Te,chamber_far,na,124681.0,0.11114233713047404,0.0
case_g057_op06,3.0,Te,all_plasma,na,128000.0,0.3108645204890018,-0.10948795074067896
case_g057_op06,3.0,phi,boundary_in,na,4998.0,0.6828042978270935,0.9683969315426159
case_g057_op06,3.0,phi,plasma_mid,na,12932.0,1.012071237628387,0.9047254012987168
case_g057_op06,3.0,phi,plasma_deep,na,110070.0,1.102823135732664,0.8487801049063707
case_g057_op06,3.0,phi,chamber_near,na,2072.0,0.2752252577289821,0.0
case_g057_op06,3.0,phi,chamber_far,na,124681.0,0.2689387125296554,0.0
case_g057_op06,3.0,phi,all_plasma,na,128000.0,1.0805289570332048,0.9203644060604596
case_g058_op02,4.0,ne,boundary_in,na,4998.0,1.042452814015769e+16,0.993379357425952
case_g058_op02,4.0,ne,plasma_mid,na,12932.0,1.7214548983821212e+16,0.9812101010423998
case_g058_op02,4.0,ne,plasma_deep,na,110070.0,7.267142981843152e+16,0.9391811100127987
case_g058_op02,4.0,ne,chamber_near,na,2072.0,4242274832240296.0,0.0
case_g058_op02,4.0,ne,chamber_far,na,124681.0,3300099494538706.0,0.0
case_g058_op02,4.0,ne,all_plasma,na,128000.0,6.764279643124603e+16,0.9508878756077846
case_g058_op02,4.0,ni,boundary_in,na,4998.0,1.1876455592319362e+16,0.9913931183171347
case_g058_op02,4.0,ni,plasma_mid,na,12932.0,1.4222512951013852e+16,0.9871733588141022
case_g058_op02,4.0,ni,plasma_deep,na,110070.0,7.052268172728723e+16,0.9427244162067444
case_g058_op02,4.0,ni,chamber_near,na,2072.0,3850380775255705.0,0.0
case_g058_op02,4.0,ni,chamber_far,na,124681.0,2491756172817575.5,0.0
case_g058_op02,4.0,ni,all_plasma,na,128000.0,6.559513271596586e+16,0.9538115169925718
case_g058_op02,4.0,Te,boundary_in,na,4998.0,0.2719287453913844,0.2289066944260243
case_g058_op02,4.0,Te,plasma_mid,na,12932.0,0.24010001137368114,0.3621180997349642
case_g058_op02,4.0,Te,plasma_deep,na,110070.0,0.13313622093622163,0.45278364563486695
case_g058_op02,4.0,Te,chamber_near,na,2072.0,0.17057430099383886,0.0
case_g058_op02,4.0,Te,chamber_far,na,124681.0,0.10861607981234671,0.0
case_g058_op02,4.0,Te,all_plasma,na,128000.0,0.1547705229681254,0.4207529103247286
case_g058_op02,4.0,phi,boundary_in,na,4998.0,0.35907799176646304,0.9809593790983375
case_g058_op02,4.0,phi,plasma_mid,na,12932.0,0.38585037092766744,0.9645082706033241
case_g058_op02,4.0,phi,plasma_deep,na,110070.0,0.3248367999300123,0.965774619557465
case_g058_op02,4.0,phi,chamber_near,na,2072.0,0.2104288652880541,0.0
case_g058_op02,4.0,phi,chamber_far,na,124681.0,0.27804585290118555,0.0
case_g058_op02,4.0,phi,all_plasma,na,128000.0,0.3328877008580022,0.9805629454377337
case_g045_op02,5.0,ne,boundary_in,na,4998.0,3.3479830136804294e+17,0.8293592009002088
case_g045_op02,5.0,ne,plasma_mid,na,12932.0,3.883517676208653e+17,0.7655959680679726
case_g045_op02,5.0,ne,plasma_deep,na,110070.0,8.795748301955319e+17,0.6578957127404268
case_g045_op02,5.0,ne,chamber_near,na,2072.0,7912432652113408.0,0.0
case_g045_op02,5.0,ne,chamber_far,na,124681.0,3496585624747181.5,0.0
case_g045_op02,5.0,ne,all_plasma,na,128000.0,8.275833353680753e+17,0.7047046514143364
case_g045_op02,5.0,ni,boundary_in,na,4998.0,3.268909469977167e+17,0.8372568227212475
case_g045_op02,5.0,ni,plasma_mid,na,12932.0,3.889059284414591e+17,0.7649247778654825
case_g045_op02,5.0,ni,plasma_deep,na,110070.0,8.823014781573642e+17,0.6557713280853006
case_g045_op02,5.0,ni,chamber_near,na,2072.0,5328450410020775.0,0.0
case_g045_op02,5.0,ni,chamber_far,na,124681.0,2804763578136084.0,0.0
case_g045_op02,5.0,ni,all_plasma,na,128000.0,8.299785967522817e+17,0.702984093234098
case_g045_op02,5.0,Te,boundary_in,na,4998.0,0.41600922132979584,-1.3941788231598582
case_g045_op02,5.0,Te,plasma_mid,na,12932.0,0.24208567482172275,0.1108086139687745
case_g045_op02,5.0,Te,plasma_deep,na,110070.0,0.1901122991804772,-0.6576096102102158
case_g045_op02,5.0,Te,chamber_near,na,2072.0,0.13750089742014263,0.0
case_g045_op02,5.0,Te,chamber_far,na,124681.0,0.10000768586072244,0.0
case_g045_op02,5.0,Te,all_plasma,na,128000.0,0.2091852443109434,-0.5286203031809502
case_g045_op02,5.0,phi,boundary_in,na,4998.0,0.49280907993915074,0.957282214941984
case_g045_op02,5.0,phi,plasma_mid,na,12932.0,0.42327290437001214,0.9523061046595662
case_g045_op02,5.0,phi,plasma_deep,na,110070.0,0.5625909549538832,0.8807301117664359
case_g045_op02,5.0,phi,chamber_near,na,2072.0,1.0695256448528925,0.0
case_g045_op02,5.0,phi,chamber_far,na,124681.0,0.3312462745824838,0.0
case_g045_op02,5.0,phi,all_plasma,na,128000.0,0.547500102774389,0.9286423892198666
case_g050_op03,6.0,ne,boundary_in,na,4998.0,5.227454100408061e+16,0.9776545084504258
case_g050_op03,6.0,ne,plasma_mid,na,12932.0,8.02877273186647e+16,0.9454888192937604
case_g050_op03,6.0,ne,plasma_deep,na,110070.0,3.440200490729307e+17,0.8122002842839553
case_g050_op03,6.0,ne,chamber_near,na,2072.0,3878551997656300.0,0.0
case_g050_op03,6.0,ne,chamber_far,na,124681.0,2890052392317984.5,0.0
case_g050_op03,6.0,ne,all_plasma,na,128000.0,3.202023375140238e+17,0.8505204985171683
case_g050_op03,6.0,ni,boundary_in,na,4998.0,4.901802895908214e+16,0.9803337185496714
case_g050_op03,6.0,ni,plasma_mid,na,12932.0,7.853669557437886e+16,0.9478395382236406
case_g050_op03,6.0,ni,plasma_deep,na,110070.0,3.4412289113798906e+17,0.8120878751551348
case_g050_op03,6.0,ni,chamber_near,na,2072.0,3068792328979378.0,0.0
case_g050_op03,6.0,ni,chamber_far,na,124681.0,2506187411963529.5,0.0
case_g050_op03,6.0,ni,all_plasma,na,128000.0,3.202333776748662e+17,0.8504828270991593
case_g050_op03,6.0,Te,boundary_in,na,4998.0,0.26392156274749384,-0.15970050197176366
case_g050_op03,6.0,Te,plasma_mid,na,12932.0,0.19915538464963406,0.30045170385910713
case_g050_op03,6.0,Te,plasma_deep,na,110070.0,0.15461171068486693,-0.2626436104051937
case_g050_op03,6.0,Te,chamber_near,na,2072.0,0.15115574857412375,0.0
case_g050_op03,6.0,Te,chamber_far,na,124681.0,0.09030476584385506,0.0
case_g050_op03,6.0,Te,all_plasma,na,128000.0,0.16517635225082858,-0.10467274629985024
case_g050_op03,6.0,phi,boundary_in,na,4998.0,0.409493238902683,0.9661454893331576
case_g050_op03,6.0,phi,plasma_mid,na,12932.0,0.4016843295596995,0.9406164011522412
case_g050_op03,6.0,phi,plasma_deep,na,110070.0,0.33656709894524905,0.9383944146327488
case_g050_op03,6.0,phi,chamber_near,na,2072.0,0.457575274962649,0.0
case_g050_op03,6.0,phi,chamber_far,na,124681.0,0.3009864466731705,0.0
case_g050_op03,6.0,phi,all_plasma,na,128000.0,0.3467833778845729,0.9669070522589522
case_g028_op04,7.0,ne,boundary_in,na,4998.0,2.638813455992111e+16,0.8136338377255301
case_g028_op04,7.0,ne,plasma_mid,na,12932.0,2.1781049958233068e+16,0.8687835573740341
case_g028_op04,7.0,ne,plasma_deep,na,110070.0,2.678069307765256e+16,0.9143907967840237
case_g028_op04,7.0,ne,chamber_near,na,2072.0,2158242630277968.2,0.0
case_g028_op04,7.0,ne,chamber_far,na,124681.0,2355655394018338.0,0.0
case_g028_op04,7.0,ne,all_plasma,na,128000.0,2.630325118917591e+16,0.9199982718305248
case_g028_op04,7.0,ni,boundary_in,na,4998.0,2.7273818542744416e+16,0.8006139944987599
case_g028_op04,7.0,ni,plasma_mid,na,12932.0,2.148732926922527e+16,0.8722835786818113
case_g028_op04,7.0,ni,plasma_deep,na,110070.0,2.6140544231318696e+16,0.9184340614219966
case_g028_op04,7.0,ni,chamber_near,na,2072.0,3288260289032179.5,0.0
case_g028_op04,7.0,ni,chamber_far,na,124681.0,2264668061593424.5,0.0
case_g028_op04,7.0,ni,all_plasma,na,128000.0,2.5754627939066564e+16,0.9232882639978691
case_g028_op04,7.0,Te,boundary_in,na,4998.0,0.3107361340658625,0.5677182874873854
case_g028_op04,7.0,Te,plasma_mid,na,12932.0,0.17295361990410382,0.8609149886891528
case_g028_op04,7.0,Te,plasma_deep,na,110070.0,0.11186564617374914,0.8702419441219721
case_g028_op04,7.0,Te,chamber_near,na,2072.0,0.27884662881848865,0.0
case_g028_op04,7.0,Te,chamber_far,na,124681.0,0.12125621176148112,0.0
case_g028_op04,7.0,Te,all_plasma,na,128000.0,0.13248919243895044,0.8468446675132607
case_g028_op04,7.0,phi,boundary_in,na,4998.0,0.6595592819379048,0.9697192914997798
case_g028_op04,7.0,phi,plasma_mid,na,12932.0,0.9244624267713064,0.9275538601163525
case_g028_op04,7.0,phi,plasma_deep,na,110070.0,0.6967973530726259,0.9483300281319554
case_g028_op04,7.0,phi,chamber_near,na,2072.0,0.31344470162340193,0.0
case_g028_op04,7.0,phi,chamber_far,na,124681.0,0.31894854737627193,0.0
case_g028_op04,7.0,phi,all_plasma,na,128000.0,0.7216962165986257,0.9621405100111196
case_g022_op02,8.0,ne,boundary_in,na,4998.0,5.233085333892329e+16,0.9865679264080817
case_g022_op02,8.0,ne,plasma_mid,na,12932.0,1.0562914678969397e+17,0.9481242650392399
case_g022_op02,8.0,ne,plasma_deep,na,110070.0,5.062656313538011e+17,0.8606602961981523
case_g022_op02,8.0,ne,chamber_near,na,2072.0,1.0977916968700924e+16,0.0
case_g022_op02,8.0,ne,chamber_far,na,124681.0,4418507552190204.5,0.0
case_g022_op02,8.0,ne,all_plasma,na,128000.0,4.7078272013152576e+17,0.8875689698879334
case_g022_op02,8.0,ni,boundary_in,na,4998.0,6.195786294752754e+16,0.9811548688766775
case_g022_op02,8.0,ni,plasma_mid,na,12932.0,1.0645773767869174e+17,0.9473064947653097
case_g022_op02,8.0,ni,plasma_deep,na,110070.0,5.10384557993855e+17,0.8583837246894133
case_g022_op02,8.0,ni,chamber_near,na,2072.0,9126880747317020.0,0.0
case_g022_op02,8.0,ni,chamber_far,na,124681.0,3181268100271945.5,0.0
case_g022_op02,8.0,ni,all_plasma,na,128000.0,4.7465568060113e+17,0.885707111462597
case_g022_op02,8.0,Te,boundary_in,na,4998.0,0.4055844947502592,-2.4269209046210976
case_g022_op02,8.0,Te,plasma_mid,na,12932.0,0.2398627689880166,-0.2539005233446816
case_g022_op02,8.0,Te,plasma_deep,na,110070.0,0.19173806972306068,-1.4113705039092035
case_g022_op02,8.0,Te,chamber_near,na,2072.0,0.1823082996320896,0.0
case_g022_op02,8.0,Te,chamber_far,na,124681.0,0.10073520904907385,0.0
case_g022_op02,8.0,Te,all_plasma,na,128000.0,0.20940304983061042,-1.1970839171401924
case_g022_op02,8.0,phi,boundary_in,na,4998.0,0.6259320228647823,0.8975645206705699
case_g022_op02,8.0,phi,plasma_mid,na,12932.0,0.5349511651322884,0.8583879141160131
case_g022_op02,8.0,phi,plasma_deep,na,110070.0,0.4191298336429722,0.8798702948811775
case_g022_op02,8.0,phi,chamber_near,na,2072.0,1.2584526816625408,0.0
case_g022_op02,8.0,phi,chamber_far,na,124681.0,0.37487135694347024,0.0
case_g022_op02,8.0,phi,all_plasma,na,128000.0,0.4418969558033235,0.9328029262082764
case_g024_op04,9.0,ne,boundary_in,na,4998.0,4789781856534166.0,0.7061805082271941
case_g024_op04,9.0,ne,plasma_mid,na,12932.0,2836380864399370.5,0.8914374896150905
case_g024_op04,9.0,ne,plasma_deep,na,110070.0,4597853876808314.0,0.8695318837683157
case_g024_op04,9.0,ne,chamber_near,na,2072.0,3158944479518895.5,0.0
case_g024_op04,9.0,ne,chamber_far,na,124681.0,2886741149648510.5,0.0
case_g024_op04,9.0,ne,all_plasma,na,128000.0,4459550219757337.0,0.8885223416216875
case_g024_op04,9.0,ni,boundary_in,na,4998.0,3468769060523459.5,0.8451516967065071
case_g024_op04,9.0,ni,plasma_mid,na,12932.0,3433795052334718.5,0.8407474751793151
case_g024_op04,9.0,ni,plasma_deep,na,110070.0,6075995229911867.0,0.7721408504115518
case_g024_op04,9.0,ni,chamber_near,na,2072.0,2325362712846141.0,0.0
case_g024_op04,9.0,ni,chamber_far,na,124681.0,1550079798122629.2,0.0
case_g024_op04,9.0,ni,all_plasma,na,128000.0,5779916399397182.0,0.8125848176317011
case_g024_op04,9.0,Te,boundary_in,na,4998.0,0.8090213990705682,-1.7536797004404945
case_g024_op04,9.0,Te,plasma_mid,na,12932.0,0.5604619918830428,-0.33480440037565096
case_g024_op04,9.0,Te,plasma_deep,na,110070.0,0.5639083101704356,-1.4048246859101634
case_g024_op04,9.0,Te,chamber_near,na,2072.0,0.27181877228838464,0.0
case_g024_op04,9.0,Te,chamber_far,na,124681.0,0.10400813368229493,0.0
case_g024_op04,9.0,Te,all_plasma,na,128000.0,0.5751010916411663,-1.2079316483634281
case_g024_op04,9.0,phi,boundary_in,na,4998.0,0.646357309294357,0.9823376091730691
case_g024_op04,9.0,phi,plasma_mid,na,12932.0,0.6819435242498391,0.9753275067722292
case_g024_op04,9.0,phi,plasma_deep,na,110070.0,1.0694751474494701,0.924242210792662
case_g024_op04,9.0,phi,chamber_near,na,2072.0,0.2832397895261958,0.0
case_g024_op04,9.0,phi,chamber_far,na,124681.0,0.2183306467830255,0.0
case_g024_op04,9.0,phi,all_plasma,na,128000.0,1.0231598769560588,0.9577235906850536
case_g012_op02,10.0,ne,boundary_in,na,4998.0,7.0729751902811256e+16,0.937946217093405
case_g012_op02,10.0,ne,plasma_mid,na,12932.0,8.408862539013834e+16,0.9069982251843121
case_g012_op02,10.0,ne,plasma_deep,na,110070.0,1.2366312473588883e+17,0.9445494930327686
case_g012_op02,10.0,ne,chamber_near,na,2072.0,3720934496665388.0,0.0
case_g012_op02,10.0,ne,chamber_far,na,124681.0,3277774164518339.0,0.0
case_g012_op02,10.0,ne,all_plasma,na,128000.0,1.1857544171997755e+17,0.9541763934763334
case_g012_op02,10.0,ni,boundary_in,na,4998.0,6.587194688036397e+16,0.9461243228099636
case_g012_op02,10.0,ni,plasma_mid,na,12932.0,8.251631466290586e+16,0.9104412188493637
case_g012_op02,10.0,ni,plasma_deep,na,110070.0,1.2175155912559354e+17,0.9462504797407476
case_g012_op02,10.0,ni,chamber_near,na,2072.0,3204660295623335.5,0.0
case_g012_op02,10.0,ni,chamber_far,na,124681.0,2578011064911257.0,0.0
case_g012_op02,10.0,ni,all_plasma,na,128000.0,1.16637673696509e+17,0.9556582825183031
case_g012_op02,10.0,Te,boundary_in,na,4998.0,0.24664313354623713,0.12256298037437152
case_g012_op02,10.0,Te,plasma_mid,na,12932.0,0.2102668705477378,0.3230381080418153
case_g012_op02,10.0,Te,plasma_deep,na,110070.0,0.1312084807276065,0.22066470129569404
case_g012_op02,10.0,Te,chamber_near,na,2072.0,0.13543619502909143,0.0
case_g012_op02,10.0,Te,chamber_far,na,124681.0,0.09421474779486144,0.0
case_g012_op02,10.0,Te,all_plasma,na,128000.0,0.1471267102585512,0.24415871646708265
case_g012_op02,10.0,phi,boundary_in,na,4998.0,0.4337655362572671,0.9673184853769066
case_g012_op02,10.0,phi,plasma_mid,na,12932.0,0.42496342364684064,0.9430496139866487
case_g012_op02,10.0,phi,plasma_deep,na,110070.0,0.5782665711634415,0.8351363560662954
case_g012_op02,10.0,phi,chamber_near,na,2072.0,0.298498259811582,0.0
case_g012_op02,10.0,phi,chamber_far,na,124681.0,0.23906748372434833,0.0
case_g012_op02,10.0,phi,all_plasma,na,128000.0,0.5595923413070018,0.9234193794474548
case_g013_op01,11.0,ne,boundary_in,na,4998.0,2.0879272155912e+16,0.9145858940187033
case_g013_op01,11.0,ne,plasma_mid,na,12932.0,3.0562593830124276e+16,0.8085687936532744
case_g013_op01,11.0,ne,plasma_deep,na,110070.0,4.653252762560292e+16,0.9373447041792289
case_g013_op01,11.0,ne,chamber_near,na,2072.0,3086926763541429.5,0.0
case_g013_op01,11.0,ne,chamber_far,na,124681.0,2661821181289988.5,0.0
case_g013_op01,11.0,ne,all_plasma,na,128000.0,4.442252845546627e+16,0.9481429508945006
case_g013_op01,11.0,ni,boundary_in,na,4998.0,2.1489514574935716e+16,0.9093000060919807
case_g013_op01,11.0,ni,plasma_mid,na,12932.0,2.9473474383028268e+16,0.8219473139689326
case_g013_op01,11.0,ni,plasma_deep,na,110070.0,4.587069871629521e+16,0.9391141007223729
case_g013_op01,11.0,ni,chamber_near,na,2072.0,3502016586108407.0,0.0
case_g013_op01,11.0,ni,chamber_far,na,124681.0,2420420713712193.0,0.0
case_g013_op01,11.0,ni,all_plasma,na,128000.0,4.376272265955337e+16,0.9496645233384754
case_g013_op01,11.0,Te,boundary_in,na,4998.0,0.31374340358188607,-0.025214462600661847
case_g013_op01,11.0,Te,plasma_mid,na,12932.0,0.2356706159418227,0.3955767375119139
case_g013_op01,11.0,Te,plasma_deep,na,110070.0,0.12693851971696044,0.5255064804419505
case_g013_op01,11.0,Te,chamber_near,na,2072.0,0.18728240743545696,0.0
case_g013_op01,11.0,Te,chamber_far,na,124681.0,0.11969770567977622,0.0
case_g013_op01,11.0,Te,all_plasma,na,128000.0,0.1526799626362914,0.45628445865420453
case_g013_op01,11.0,phi,boundary_in,na,4998.0,0.3456614967154885,0.9821726717715915
case_g013_op01,11.0,phi,plasma_mid,na,12932.0,0.4388984790560144,0.9508109909576141
case_g013_op01,11.0,phi,plasma_deep,na,110070.0,0.39295491199642907,0.9477083149393245
case_g013_op01,11.0,phi,chamber_near,na,2072.0,0.2308375145138031,0.0
case_g013_op01,11.0,phi,chamber_far,na,124681.0,0.3164252891136078,0.0
case_g013_op01,11.0,phi,all_plasma,na,128000.0,0.39611972087921316,0.9738163986885797
case_g017_op04,12.0,ne,boundary_in,na,4998.0,6135803133552405.0,0.9065422553777245
case_g017_op04,12.0,ne,plasma_mid,na,12932.0,3717342842510576.0,0.963770689867052
case_g017_op04,12.0,ne,plasma_deep,na,110070.0,9213373109499070.0,0.9128123480410106
case_g017_op04,12.0,ne,chamber_near,na,2072.0,2652048988731473.5,0.0
case_g017_op04,12.0,ne,chamber_far,na,124681.0,2654686195616328.0,0.0
case_g017_op04,12.0,ne,all_plasma,na,128000.0,8709861782937314.0,0.9289088586020284
case_g017_op04,12.0,ni,boundary_in,na,4998.0,4105882275095681.5,0.9580169715171032
case_g017_op04,12.0,ni,plasma_mid,na,12932.0,4546071920085531.0,0.9457942997663007
case_g017_op04,12.0,ni,plasma_deep,na,110070.0,8242650281243876.0,0.9302146098534125
case_g017_op04,12.0,ni,chamber_near,na,2072.0,2086449462890495.8,0.0
case_g017_op04,12.0,ni,chamber_far,na,124681.0,1803401675802649.8,0.0
case_g017_op04,12.0,ni,all_plasma,na,128000.0,7821153902268684.0,0.9426517461030554
case_g017_op04,12.0,Te,boundary_in,na,4998.0,0.47159053910095794,-0.17845051269156853
case_g017_op04,12.0,Te,plasma_mid,na,12932.0,0.1727026317602031,0.8385323239537463
case_g017_op04,12.0,Te,plasma_deep,na,110070.0,0.19288084105661735,0.5771459417544434
case_g017_op04,12.0,Te,chamber_near,na,2072.0,0.26992934947613406,0.0
case_g017_op04,12.0,Te,chamber_far,na,124681.0,0.12455770277098725,0.0
case_g017_op04,12.0,Te,all_plasma,na,128000.0,0.20901913933220023,0.5775902693701234
case_g017_op04,12.0,phi,boundary_in,na,4998.0,0.856834502187135,0.9551353540037291
case_g017_op04,12.0,phi,plasma_mid,na,12932.0,1.0393369504588292,0.9138873494752219
case_g017_op04,12.0,phi,plasma_deep,na,110070.0,0.8078490186659856,0.9319704318289419
case_g017_op04,12.0,phi,chamber_near,na,2072.0,0.24001771435444766,0.0
case_g017_op04,12.0,phi,chamber_far,na,124681.0,0.2327918558937739,0.0
case_g017_op04,12.0,phi,all_plasma,na,128000.0,0.8360653185718896,0.9569899974781767
case_g025_op03,13.0,ne,boundary_in,na,4998.0,2.5729808782540397e+17,0.8857326006787547
case_g025_op03,13.0,ne,plasma_mid,na,12932.0,3.1857284279276416e+17,0.822295714334984
case_g025_op03,13.0,ne,plasma_deep,na,110070.0,9.013463199284006e+17,0.695089466940787
case_g025_op03,13.0,ne,chamber_near,na,2072.0,1.2969471110001538e+16,0.0
case_g025_op03,13.0,ne,chamber_far,na,124681.0,4803995862383411.0,0.0
case_g025_op03,13.0,ne,all_plasma,na,128000.0,8.4348130406551e+17,0.7468487370566247
case_g025_op03,13.0,ni,boundary_in,na,4998.0,2.500501194794643e+17,0.8920254721536471
case_g025_op03,13.0,ni,plasma_mid,na,12932.0,3.200666593873524e+17,0.8206238304000206
case_g025_op03,13.0,ni,plasma_deep,na,110070.0,9.058867381801759e+17,0.6920097637305281
case_g025_op03,13.0,ni,chamber_near,na,2072.0,1.096523479524861e+16,0.0
case_g025_op03,13.0,ni,chamber_far,na,124681.0,3509962387848156.5,0.0
case_g025_op03,13.0,ni,all_plasma,na,128000.0,8.476259080681567e+17,0.7443467021525161
case_g025_op03,13.0,Te,boundary_in,na,4998.0,0.45653444487955486,-2.8070522072680135
case_g025_op03,13.0,Te,plasma_mid,na,12932.0,0.257919390221703,-0.304389583361913
case_g025_op03,13.0,Te,plasma_deep,na,110070.0,0.20987584777535848,-1.6627501654676435
case_g025_op03,13.0,Te,chamber_near,na,2072.0,0.18116776092741338,0.0
case_g025_op03,13.0,Te,chamber_far,na,124681.0,0.10647867074355062,0.0
case_g025_op03,13.0,Te,all_plasma,na,128000.0,0.22964508440375594,-1.4157812093463669
case_g025_op03,13.0,phi,boundary_in,na,4998.0,0.6058798367709037,0.9200629069041194
case_g025_op03,13.0,phi,plasma_mid,na,12932.0,0.48993226140347046,0.9114158879077595
case_g025_op03,13.0,phi,plasma_deep,na,110070.0,0.4753848924975669,0.8773879452652986
case_g025_op03,13.0,phi,chamber_near,na,2072.0,1.3563180040265688,0.0
case_g025_op03,13.0,phi,chamber_far,na,124681.0,0.4137168846432751,0.0
case_g025_op03,13.0,phi,all_plasma,na,128000.0,0.482616885157077,0.9289883934575391
case_g046_op04,14.0,ne,boundary_in,na,4998.0,8.39615423546574e+16,0.8079733989990624
case_g046_op04,14.0,ne,plasma_mid,na,12932.0,8.284296714764765e+16,0.8076131670924662
case_g046_op04,14.0,ne,plasma_deep,na,110070.0,1.3149186739527128e+17,0.8421440058396202
case_g046_op04,14.0,ne,chamber_near,na,2072.0,3330986105817984.0,0.0
case_g046_op04,14.0,ne,chamber_far,na,124681.0,2910024646531647.5,0.0
case_g046_op04,14.0,ne,all_plasma,na,128000.0,1.2584427086685456e+17,0.857806131285476
case_g046_op04,14.0,ni,boundary_in,na,4998.0,8.353684342089747e+16,0.8097389182032659
case_g046_op04,14.0,ni,plasma_mid,na,12932.0,8.33791852879858e+16,0.8051075217174695
case_g046_op04,14.0,ni,plasma_deep,na,110070.0,1.308408671969362e+17,0.8437029868557211
case_g046_op04,14.0,ni,chamber_near,na,2072.0,3575064150475890.0,0.0
case_g046_op04,14.0,ni,chamber_far,na,124681.0,2636173480057088.5,0.0
case_g046_op04,14.0,ni,all_plasma,na,128000.0,1.2528428312851787e+17,0.8590584808460408
case_g046_op04,14.0,Te,boundary_in,na,4998.0,0.2852793651760408,0.4365042744450447
case_g046_op04,14.0,Te,plasma_mid,na,12932.0,0.23836275002132704,0.5776285934054024
case_g046_op04,14.0,Te,plasma_deep,na,110070.0,0.11551837328670282,0.7421384343936048
case_g046_op04,14.0,Te,chamber_near,na,2072.0,0.17261424888374938,0.0
case_g046_op04,14.0,Te,chamber_far,na,124681.0,0.11478330260579891,0.0
case_g046_op04,14.0,Te,all_plasma,na,128000.0,0.14280510633601556,0.6841842724858578
case_g046_op04,14.0,phi,boundary_in,na,4998.0,0.5744154249110458,0.9643107295972125
case_g046_op04,14.0,phi,plasma_mid,na,12932.0,0.6016648821279169,0.9484896972464316
case_g046_op04,14.0,phi,plasma_deep,na,110070.0,0.4026124882827666,0.9702621198296941
case_g046_op04,14.0,phi,chamber_near,na,2072.0,0.23758019627007723,0.0
case_g046_op04,14.0,phi,chamber_far,na,124681.0,0.3003198851063429,0.0
case_g046_op04,14.0,phi,all_plasma,na,128000.0,0.4345660025594741,0.9765609735337634
case_g033_op01,15.0,ne,boundary_in,na,4998.0,2.8875178288311388e+16,0.7082441117892031
case_g033_op01,15.0,ne,plasma_mid,na,12932.0,2.338965662739596e+16,0.8030237338038377
case_g033_op01,15.0,ne,plasma_deep,na,110070.0,3.729881359420311e+16,0.7647271107107081
case_g033_op01,15.0,ne,chamber_near,na,2072.0,2093099184352231.2,0.0
case_g033_op01,15.0,ne,chamber_far,na,124681.0,2617706625020812.0,0.0
case_g033_op01,15.0,ne,all_plasma,na,128000.0,3.5835076651150172e+16,0.788205514578052
case_g033_op01,15.0,ni,boundary_in,na,4998.0,2.8393159205736744e+16,0.7174889024716165
case_g033_op01,15.0,ni,plasma_mid,na,12932.0,2.3730012089818236e+16,0.7972233435168955
case_g033_op01,15.0,ni,plasma_deep,na,110070.0,3.700990640697179e+16,0.7683560057046266
case_g033_op01,15.0,ni,chamber_near,na,2072.0,2728429620606905.5,0.0
case_g033_op01,15.0,ni,chamber_far,na,124681.0,2225736222029728.2,0.0
case_g033_op01,15.0,ni,all_plasma,na,128000.0,3.5584182627505384e+16,0.7911259090048955
case_g033_op01,15.0,Te,boundary_in,na,4998.0,0.39855165576364815,0.426706840562716
case_g033_op01,15.0,Te,plasma_mid,na,12932.0,0.3009214839412989,0.6633464470202501
case_g033_op01,15.0,Te,plasma_deep,na,110070.0,0.32199788356801906,0.20061284385097278
case_g033_op01,15.0,Te,chamber_near,na,2072.0,0.2604495979483144,0.0
case_g033_op01,15.0,Te,chamber_far,na,124681.0,0.11462469697457733,0.0
case_g033_op01,15.0,Te,all_plasma,na,128000.0,0.32328016391720255,0.3077619047448298
case_g033_op01,15.0,phi,boundary_in,na,4998.0,0.7578455462194339,0.9659182549542857
case_g033_op01,15.0,phi,plasma_mid,na,12932.0,1.3578130241805217,0.8721855609443088
case_g033_op01,15.0,phi,plasma_deep,na,110070.0,1.5269752901374485,0.8046358460419044
case_g033_op01,15.0,phi,chamber_near,na,2072.0,0.26681052608460126,0.0
case_g033_op01,15.0,phi,chamber_far,na,124681.0,0.31894821394812317,0.0
case_g033_op01,15.0,phi,all_plasma,na,128000.0,1.4878617406088273,0.8681841833019193
case_g029_op01,16.0,ne,boundary_in,na,4998.0,1.0210404095170386e+16,0.9314306778790705
case_g029_op01,16.0,ne,plasma_mid,na,12932.0,5946175814411962.0,0.9754504708371325
case_g029_op01,16.0,ne,plasma_deep,na,110070.0,2.1643176572898004e+16,0.8804315080796458
case_g029_op01,16.0,ne,chamber_near,na,2072.0,2537506911281010.0,0.0
case_g029_op01,16.0,ne,chamber_far,na,124681.0,2487510937357525.5,0.0
case_g029_op01,16.0,ne,all_plasma,na,128000.0,2.025965435389791e+16,0.9038216587381394
case_g029_op01,16.0,ni,boundary_in,na,4998.0,9859501399642322.0,0.935916590577135
case_g029_op01,16.0,ni,plasma_mid,na,12932.0,6169686022649310.0,0.9735645357453524
case_g029_op01,16.0,ni,plasma_deep,na,110070.0,2.220865116981679e+16,0.874100262907157
case_g029_op01,16.0,ni,chamber_near,na,2072.0,3746140150572818.5,0.0
case_g029_op01,16.0,ni,chamber_far,na,124681.0,2352763607817687.0,0.0
case_g029_op01,16.0,ni,all_plasma,na,128000.0,2.077921466915735e+16,0.8987986189426255
case_g029_op01,16.0,Te,boundary_in,na,4998.0,0.3210711657540614,0.38001903328468545
case_g029_op01,16.0,Te,plasma_mid,na,12932.0,0.20358115968363427,0.7420749294010606
case_g029_op01,16.0,Te,plasma_deep,na,110070.0,0.16272493529755488,0.6092930095713798
case_g029_op01,16.0,Te,chamber_near,na,2072.0,0.2985906642328885,0.0
case_g029_op01,16.0,Te,chamber_far,na,124681.0,0.14391083256860054,0.0
case_g029_op01,16.0,Te,all_plasma,na,128000.0,0.17601903809171623,0.6225820859819344
case_g029_op01,16.0,phi,boundary_in,na,4998.0,0.5435489062820053,0.9775449147818661
case_g029_op01,16.0,phi,plasma_mid,na,12932.0,0.8844360019921172,0.919301438536088
case_g029_op01,16.0,phi,plasma_deep,na,110070.0,0.8462704705906479,0.8992106231041395
case_g029_op01,16.0,phi,chamber_near,na,2072.0,0.3531650123786812,0.0
case_g029_op01,16.0,phi,chamber_far,na,124681.0,0.32245593388343774,0.0
case_g029_op01,16.0,phi,all_plasma,na,128000.0,0.8404873794039106,0.9423609550740036
case_g010_op01,17.0,ne,boundary_in,na,4998.0,2.307974586901819e+16,0.8890443862911768
case_g010_op01,17.0,ne,plasma_mid,na,12932.0,1.6398783488243542e+16,0.9411717457978099
case_g010_op01,17.0,ne,plasma_deep,na,110070.0,3.207710146449997e+16,0.9181054874507593
case_g010_op01,17.0,ne,chamber_near,na,2072.0,3772943455431285.5,0.0
case_g010_op01,17.0,ne,chamber_far,na,124681.0,2724644609586045.5,0.0
case_g010_op01,17.0,ne,all_plasma,na,128000.0,3.0541398234109636e+16,0.9307465275664866
case_g010_op01,17.0,ni,boundary_in,na,4998.0,2.3460721512251264e+16,0.8851593991077203
case_g010_op01,17.0,ni,plasma_mid,na,12932.0,1.5471740189574112e+16,0.9476288470046123
case_g010_op01,17.0,ni,plasma_deep,na,110070.0,3.0555297610822376e+16,0.9256911941526991
case_g010_op01,17.0,ni,chamber_near,na,2072.0,5015664218204458.0,0.0
case_g010_op01,17.0,ni,chamber_far,na,124681.0,2455059996349159.5,0.0
case_g010_op01,17.0,ni,all_plasma,na,128000.0,2.9129393152921964e+16,0.9369910181013622
case_g010_op01,17.0,Te,boundary_in,na,4998.0,0.36762078881810434,0.14492989102308373
case_g010_op01,17.0,Te,plasma_mid,na,12932.0,0.21478062800313835,0.6940978389759256
case_g010_op01,17.0,Te,plasma_deep,na,110070.0,0.11673691018438964,0.7711598038216154
case_g010_op01,17.0,Te,chamber_near,na,2072.0,0.2688341099010411,0.0
case_g010_op01,17.0,Te,chamber_far,na,124681.0,0.15520513155413765,0.0
case_g010_op01,17.0,Te,all_plasma,na,128000.0,0.14716054653555918,0.7051687582414616
case_g010_op01,17.0,phi,boundary_in,na,4998.0,0.5343781230571875,0.9749223129575858
case_g010_op01,17.0,phi,plasma_mid,na,12932.0,0.6790379145097566,0.9440947723317319
case_g010_op01,17.0,phi,plasma_deep,na,110070.0,0.6269940435112092,0.9341612301658582
case_g010_op01,17.0,phi,chamber_near,na,2072.0,0.3272437302888094,0.0
case_g010_op01,17.0,phi,chamber_far,na,124681.0,0.30095449695727705,0.0
case_g010_op01,17.0,phi,all_plasma,na,128000.0,0.6291174604480813,0.9607054417729984
case_g024_op03,18.0,ne,boundary_in,na,4998.0,1.8320550778445336e+16,0.9830688131893649
case_g024_op03,18.0,ne,plasma_mid,na,12932.0,2.250683517888297e+16,0.9730563656661481
case_g024_op03,18.0,ne,plasma_deep,na,110070.0,4.378285441604794e+16,0.9792545706472902
case_g024_op03,18.0,ne,chamber_near,na,2072.0,4182118136557709.5,0.0
case_g024_op03,18.0,ne,chamber_far,na,124681.0,3516301244273388.0,0.0
case_g024_op03,18.0,ne,all_plasma,na,128000.0,4.138479378618949e+16,0.9830915530041217
case_g024_op03,18.0,ni,boundary_in,na,4998.0,2.097456898470937e+16,0.9777738014663567
case_g024_op03,18.0,ni,plasma_mid,na,12932.0,2.0822298550854268e+16,0.9769372977828803
case_g024_op03,18.0,ni,plasma_deep,na,110070.0,3.880759418962229e+16,0.9837014655551647
case_g024_op03,18.0,ni,chamber_near,na,2072.0,3826359767106374.0,0.0
case_g024_op03,18.0,ni,chamber_far,na,124681.0,2536600598080560.5,0.0
case_g024_op03,18.0,ni,all_plasma,na,128000.0,3.682457761827552e+16,0.9866110897888469
case_g024_op03,18.0,Te,boundary_in,na,4998.0,0.29665638129172417,-0.046697860482805886
case_g024_op03,18.0,Te,plasma_mid,na,12932.0,0.25786919792018675,0.1633365570280586
case_g024_op03,18.0,Te,plasma_deep,na,110070.0,0.14243864912938436,0.2717116746023803
case_g024_op03,18.0,Te,chamber_near,na,2072.0,0.18027226484022837,0.0
case_g024_op03,18.0,Te,chamber_far,na,124681.0,0.11447987787268332,0.0
case_g024_op03,18.0,Te,all_plasma,na,128000.0,0.1661364003172631,0.22801238123137768
case_g024_op03,18.0,phi,boundary_in,na,4998.0,0.34479518474170895,0.9818033975984893
case_g024_op03,18.0,phi,plasma_mid,na,12932.0,0.3925644049180695,0.9595833713352293
case_g024_op03,18.0,phi,plasma_deep,na,110070.0,0.4980853512019428,0.9061088345408465
case_g024_op03,18.0,phi,chamber_near,na,2072.0,0.21193569637146015,0.0
case_g024_op03,18.0,phi,chamber_far,na,124681.0,0.25345087711852293,0.0
case_g024_op03,18.0,phi,all_plasma,na,128000.0,0.48326888407857344,0.9550753215906495
case_g026_op04,19.0,ne,boundary_in,na,4998.0,8.200068493968248e+16,0.8451773733751847
case_g026_op04,19.0,ne,plasma_mid,na,12932.0,8.135508418354374e+16,0.842391774275909
case_g026_op04,19.0,ne,plasma_deep,na,110070.0,1.6180361934260618e+17,0.7882470596315421
case_g026_op04,19.0,ne,chamber_near,na,2072.0,3436075915314301.0,0.0
case_g026_op04,19.0,ne,chamber_far,na,124681.0,2978560293602719.0,0.0
case_g026_op04,19.0,ne,all_plasma,na,128000.0,1.5311549348006422e+17,0.8157852220371111
case_g026_op04,19.0,ni,boundary_in,na,4998.0,8.099140479592997e+16,0.8488294482546601
case_g026_op04,19.0,ni,plasma_mid,na,12932.0,8.157313439241941e+16,0.8415403365316474
case_g026_op04,19.0,ni,plasma_deep,na,110070.0,1.611357951230206e+17,0.7899911494250822
case_g026_op04,19.0,ni,chamber_near,na,2072.0,3865395269680744.5,0.0
case_g026_op04,19.0,ni,chamber_far,na,124681.0,2571877698194367.5,0.0
case_g026_op04,19.0,ni,all_plasma,na,128000.0,1.5249938909120224e+17,0.8172509132013803
case_g026_op04,19.0,Te,boundary_in,na,4998.0,0.31540703627884514,0.21583395701129082
case_g026_op04,19.0,Te,plasma_mid,na,12932.0,0.28844333249987675,0.293307335526821
case_g026_op04,19.0,Te,plasma_deep,na,110070.0,0.167199972675364,0.35210140830498415
case_g026_op04,19.0,Te,chamber_near,na,2072.0,0.19983741526321633,0.0
case_g026_op04,19.0,Te,chamber_far,na,124681.0,0.12388911935453592,0.0
case_g026_op04,19.0,Te,all_plasma,na,128000.0,0.19060438395772988,0.33505720470076106
case_g026_op04,19.0,phi,boundary_in,na,4998.0,0.5348272231576039,0.9676528708449433
case_g026_op04,19.0,phi,plasma_mid,na,12932.0,0.5546530794230634,0.9520507100511919
case_g026_op04,19.0,phi,plasma_deep,na,110070.0,0.5465784649922925,0.9369254676041351
case_g026_op04,19.0,phi,chamber_near,na,2072.0,0.2307205262245013,0.0
case_g026_op04,19.0,phi,chamber_far,na,124681.0,0.27491050920883203,0.0
case_g026_op04,19.0,phi,all_plasma,na,128000.0,0.5469462387560751,0.9591661166224076
case_g023_op04,20.0,ne,boundary_in,na,4998.0,6.859388327020064e+16,0.8204145565514126
case_g023_op04,20.0,ne,plasma_mid,na,12932.0,6.710197967684097e+16,0.8219495752831564
case_g023_op04,20.0,ne,plasma_deep,na,110070.0,1.5996782315522342e+17,0.6939872172849331
case_g023_op04,20.0,ne,chamber_near,na,2072.0,3827255502806443.0,0.0
case_g023_op04,20.0,ne,chamber_far,na,124681.0,3571078640114862.5,0.0
case_g023_op04,20.0,ne,all_plasma,na,128000.0,1.5047849628303904e+17,0.7379593429383993
case_g023_op04,20.0,ni,boundary_in,na,4998.0,6.844414655677271e+16,0.8210091149236275
case_g023_op04,20.0,ni,plasma_mid,na,12932.0,6.630967744915109e+16,0.8261215117822643
case_g023_op04,20.0,ni,plasma_deep,na,110070.0,1.6044583119150365e+17,0.6921551415904371
case_g023_op04,20.0,ni,chamber_near,na,2072.0,4280505595750989.5,0.0
case_g023_op04,20.0,ni,chamber_far,na,124681.0,2781876779783806.0,0.0
case_g023_op04,20.0,ni,all_plasma,na,128000.0,1.5087744453483126e+17,0.7365453356068119
case_g023_op04,20.0,Te,boundary_in,na,4998.0,0.3414629593556001,0.153434595050013
case_g023_op04,20.0,Te,plasma_mid,na,12932.0,0.28043109662253757,0.38949745307260275
case_g023_op04,20.0,Te,plasma_deep,na,110070.0,0.13316776572411165,0.6335859351764641
case_g023_op04,20.0,Te,chamber_near,na,2072.0,0.21686563810552872,0.0
case_g023_op04,20.0,Te,chamber_far,na,124681.0,0.14181225536485137,0.0
case_g023_op04,20.0,Te,all_plasma,na,128000.0,0.16657599655890948,0.5434575780527702
case_g023_op04,20.0,phi,boundary_in,na,4998.0,0.51594472080729,0.9705784411804028
case_g023_op04,20.0,phi,plasma_mid,na,12932.0,0.5879119550873929,0.9476236262710854
case_g023_op04,20.0,phi,plasma_deep,na,110070.0,0.4302935259161905,0.9628848801699349
case_g023_op04,20.0,phi,chamber_near,na,2072.0,0.2933212386913883,0.0
case_g023_op04,20.0,phi,chamber_far,na,124681.0,0.30431027451156517,0.0
case_g023_op04,20.0,phi,all_plasma,na,128000.0,0.4522515080856712,0.9737895932618091
case_g009_op04,21.0,ne,boundary_in,na,4998.0,2.7767019007828774e+17,0.8716260325082281
case_g009_op04,21.0,ne,plasma_mid,na,12932.0,3.331882966083186e+17,0.8108965741346496
case_g009_op04,21.0,ne,plasma_deep,na,110070.0,8.71636294637041e+17,0.6678713326790566
case_g009_op04,21.0,ne,chamber_near,na,2072.0,8265596127922793.0,0.0
case_g009_op04,21.0,ne,chamber_far,na,124681.0,3943469141291200.0,0.0
case_g009_op04,21.0,ne,all_plasma,na,128000.0,8.170385357728585e+17,0.7202124918482569
case_g009_op04,21.0,ni,boundary_in,na,4998.0,2.700820919739594e+17,0.8784905638457681
case_g009_op04,21.0,ni,plasma_mid,na,12932.0,3.340657067740406e+17,0.8098977959692263
case_g009_op04,21.0,ni,plasma_deep,na,110070.0,8.749513248984657e+17,0.6653401274947843
case_g009_op04,21.0,ni,chamber_near,na,2072.0,6678669058884976.0,0.0
case_g009_op04,21.0,ni,chamber_far,na,124681.0,3139487033465979.0,0.0
case_g009_op04,21.0,ni,all_plasma,na,128000.0,8.200169288705347e+17,0.7181599599926705
case_g009_op04,21.0,Te,boundary_in,na,4998.0,0.44246718218155096,-2.095887620465363
case_g009_op04,21.0,Te,plasma_mid,na,12932.0,0.2566118911289581,-0.13068728385734896
case_g009_op04,21.0,Te,plasma_deep,na,110070.0,0.1964187085747119,-1.0347812064486104
case_g009_op04,21.0,Te,chamber_near,na,2072.0,0.15357315117800366,0.0
case_g009_op04,21.0,Te,chamber_far,na,124681.0,0.1033962373529939,0.0
case_g009_op04,21.0,Te,all_plasma,na,128000.0,0.2178839452407316,-0.8990318234965176
case_g009_op04,21.0,phi,boundary_in,na,4998.0,0.5542579673974591,0.9406027387735847
case_g009_op04,21.0,phi,plasma_mid,na,12932.0,0.47121679922408877,0.9309358612697746
case_g009_op04,21.0,phi,plasma_deep,na,110070.0,0.5008909541785838,0.8862365023294388
case_g009_op04,21.0,phi,chamber_near,na,2072.0,1.2192329641598505,0.0
case_g009_op04,21.0,phi,chamber_far,na,124681.0,0.3604978681522516,0.0
case_g009_op04,21.0,phi,all_plasma,na,128000.0,0.5001760566922885,0.9328341976504815
case_g012_op05,22.0,ne,boundary_in,na,4998.0,2.1327586548894036e+16,0.9008959365872602
case_g012_op05,22.0,ne,plasma_mid,na,12932.0,1.4889480809275352e+16,0.9485710110493598
case_g012_op05,22.0,ne,plasma_deep,na,110070.0,2.5217783681163708e+16,0.9518123623542805
case_g012_op05,22.0,ne,chamber_near,na,2072.0,2620014006529907.5,0.0
case_g012_op05,22.0,ne,chamber_far,na,124681.0,2481010246570042.5,0.0
case_g012_op05,22.0,ne,all_plasma,na,128000.0,2.422839630806098e+16,0.9599400538910874
case_g012_op05,22.0,ni,boundary_in,na,4998.0,2.128918044396104e+16,0.9010588191455354
case_g012_op05,22.0,ni,plasma_mid,na,12932.0,1.4552873649651382e+16,0.9508636562688364
case_g012_op05,22.0,ni,plasma_deep,na,110070.0,2.6157415590461172e+16,0.9481541128142665
case_g012_op05,22.0,ni,chamber_near,na,2072.0,2972329473417590.5,0.0
case_g012_op05,22.0,ni,chamber_far,na,124681.0,2417067544291448.5,0.0
case_g012_op05,22.0,ni,all_plasma,na,128000.0,2.5049185285186104e+16,0.9571712780252616
case_g012_op05,22.0,Te,boundary_in,na,4998.0,0.29814261149103255,0.2748532796294443
case_g012_op05,22.0,Te,plasma_mid,na,12932.0,0.20816427648524755,0.6288402937742894
case_g012_op05,22.0,Te,plasma_deep,na,110070.0,0.11802867407809726,0.6826123392036526
case_g012_op05,22.0,Te,chamber_near,na,2072.0,0.202781867612862,0.0
case_g012_op05,22.0,Te,chamber_far,na,124681.0,0.11622789590024274,0.0
case_g012_op05,22.0,Te,all_plasma,na,128000.0,0.14081240530219724,0.6393096751694274
case_g012_op05,22.0,phi,boundary_in,na,4998.0,0.44609746212298523,0.9792618749730936
case_g012_op05,22.0,phi,plasma_mid,na,12932.0,0.4660251439646039,0.9652098766975414
case_g012_op05,22.0,phi,plasma_deep,na,110070.0,0.39823059162085006,0.9626295332497347
case_g012_op05,22.0,phi,chamber_near,na,2072.0,0.24471354968776207,0.0
case_g012_op05,22.0,phi,chamber_far,na,124681.0,0.3149471840712969,0.0
case_g012_op05,22.0,phi,all_plasma,na,128000.0,0.4075356460366175,0.9793405437600328
case_g032_op01,23.0,ne,boundary_in,na,4998.0,8847453197081745.0,0.9914038085327248
case_g032_op01,23.0,ne,plasma_mid,na,12932.0,1.5455248844151576e+16,0.9723954135145871
case_g032_op01,23.0,ne,plasma_deep,na,110070.0,3.730217693859205e+16,0.9706148120118884
case_g032_op01,23.0,ne,chamber_near,na,2072.0,2957431421077325.5,0.0
case_g032_op01,23.0,ne,chamber_far,na,124681.0,2759294675155954.0,0.0
case_g032_op01,23.0,ne,all_plasma,na,128000.0,3.498184744122104e+16,0.9763447898042574
case_g032_op01,23.0,ni,boundary_in,na,4998.0,9902348508790884.0,0.9892113868758635
case_g032_op01,23.0,ni,plasma_mid,na,12932.0,1.2856912672802194e+16,0.9808952475544575
case_g032_op01,23.0,ni,plasma_deep,na,110070.0,3.659821195602855e+16,0.9717133768590008
case_g032_op01,23.0,ni,chamber_near,na,2072.0,3831114527281690.0,0.0
case_g032_op01,23.0,ni,chamber_far,na,124681.0,2646973020871450.0,0.0
case_g032_op01,23.0,ni,all_plasma,na,128000.0,3.423935871508541e+16,0.9773353388961771
case_g032_op01,23.0,Te,boundary_in,na,4998.0,0.3312128760326387,-0.09376875096768589
case_g032_op01,23.0,Te,plasma_mid,na,12932.0,0.25694579056641353,0.3069474255987309
case_g032_op01,23.0,Te,plasma_deep,na,110070.0,0.14020760858947606,0.42933457049826784
case_g032_op01,23.0,Te,chamber_near,na,2072.0,0.20701126584635246,0.0
case_g032_op01,23.0,Te,chamber_far,na,124681.0,0.12930490100441439,0.0
case_g032_op01,23.0,Te,all_plasma,na,128000.0,0.1669077911006708,0.3634554526830934
case_g032_op01,23.0,phi,boundary_in,na,4998.0,0.3265830284230106,0.9850864738751229
case_g032_op01,23.0,phi,plasma_mid,na,12932.0,0.37489666256285015,0.9676960913489592
case_g032_op01,23.0,phi,plasma_deep,na,110070.0,0.3087387196952526,0.9698594930197942
case_g032_op01,23.0,phi,chamber_near,na,2072.0,0.2542875315945175,0.0
case_g032_op01,23.0,phi,chamber_far,na,124681.0,0.32957931073167546,0.0
case_g032_op01,23.0,phi,all_plasma,na,128000.0,0.31675179401750775,0.9836326353449574
case_g008_op06,24.0,ne,boundary_in,na,4998.0,1.5123027647471734e+16,0.7458445769793646
case_g008_op06,24.0,ne,plasma_mid,na,12932.0,1.209205116566511e+16,0.831424986605769
case_g008_op06,24.0,ne,plasma_deep,na,110070.0,2.794802747430691e+16,0.5769317263922074
case_g008_op06,24.0,ne,chamber_near,na,2072.0,3245771165580665.0,0.0
case_g008_op06,24.0,ne,chamber_far,na,124681.0,2471036560595817.5,0.0
case_g008_op06,24.0,ne,all_plasma,na,128000.0,2.6370079895490468e+16,0.6413009825978568
case_g008_op06,24.0,ni,boundary_in,na,4998.0,1.2485268898967156e+16,0.826403019065363
case_g008_op06,24.0,ni,plasma_mid,na,12932.0,1.0194921164968768e+16,0.8801421173198178
case_g008_op06,24.0,ni,plasma_deep,na,110070.0,2.1926794326264644e+16,0.7395850333320438
case_g008_op06,24.0,ni,chamber_near,na,2072.0,3548456802950063.5,0.0
case_g008_op06,24.0,ni,chamber_far,na,124681.0,2175230982034436.0,0.0
case_g008_op06,24.0,ni,all_plasma,na,128000.0,2.073703145642282e+16,0.7781182701493061
case_g008_op06,24.0,Te,boundary_in,na,4998.0,0.673600733066646,-0.7467155357325403
case_g008_op06,24.0,Te,plasma_mid,na,12932.0,0.483002083199854,0.08187667320072423
case_g008_op06,24.0,Te,plasma_deep,na,110070.0,0.533539425899326,-1.2564373794206132
case_g008_op06,24.0,Te,chamber_near,na,2072.0,0.3018485698056819,0.0
case_g008_op06,24.0,Te,chamber_far,na,124681.0,0.12388490267093107,0.0
case_g008_op06,24.0,Te,all_plasma,na,128000.0,0.5348605485983035,-0.9591381291001764
case_g008_op06,24.0,phi,boundary_in,na,4998.0,0.6961425777971676,0.9748041949995205
case_g008_op06,24.0,phi,plasma_mid,na,12932.0,0.727995060761536,0.966929426757556
case_g008_op06,24.0,phi,plasma_deep,na,110070.0,1.7541847438006655,0.7618710903054653
case_g008_op06,24.0,phi,chamber_near,na,2072.0,0.3837684526176284,0.0
case_g008_op06,24.0,phi,chamber_far,na,124681.0,0.3258745144687842,0.0
case_g008_op06,24.0,phi,all_plasma,na,128000.0,1.6488140090914936,0.8592054672976157
case_g006_op05,25.0,ne,boundary_in,na,4998.0,8.412708487942939e+16,0.8488437668773388
case_g006_op05,25.0,ne,plasma_mid,na,12932.0,8.108936104571269e+16,0.8568387916342883
case_g006_op05,25.0,ne,plasma_deep,na,110070.0,1.3130742804585067e+17,0.9557778547325829
case_g006_op05,25.0,ne,chamber_near,na,2072.0,4294296207445767.5,0.0
case_g006_op05,25.0,ne,chamber_far,na,124681.0,2822822988756163.0,0.0
case_g006_op05,25.0,ne,all_plasma,na,128000.0,1.2556728244982784e+17,0.9641317147507065
case_g006_op05,25.0,ni,boundary_in,na,4998.0,9.1439848964849e+16,0.8211507654584022
case_g006_op05,25.0,ni,plasma_mid,na,12932.0,8.246347989640253e+16,0.851940293613984
case_g006_op05,25.0,ni,plasma_deep,na,110070.0,1.3090828559039234e+17,0.9560462579446127
case_g006_op05,25.0,ni,chamber_near,na,2072.0,3221392302492503.5,0.0
case_g006_op05,25.0,ni,chamber_far,na,124681.0,2552597103920720.5,0.0
case_g006_op05,25.0,ni,all_plasma,na,128000.0,1.2549892082183122e+17,0.9641680632069289
case_g006_op05,25.0,Te,boundary_in,na,4998.0,0.2879576537639842,-0.5544730590211169
case_g006_op05,25.0,Te,plasma_mid,na,12932.0,0.21127374314749336,0.1443666827393072
case_g006_op05,25.0,Te,plasma_deep,na,110070.0,0.15871860892146278,-0.3992402770586492
case_g006_op05,25.0,Te,chamber_near,na,2072.0,0.16401606773111682,0.0
case_g006_op05,25.0,Te,chamber_far,na,124681.0,0.09051978983481103,0.0
case_g006_op05,25.0,Te,all_plasma,na,128000.0,0.17149416250488222,-0.2727300723574273
case_g006_op05,25.0,phi,boundary_in,na,4998.0,0.49793724302538483,0.9427839765567564
case_g006_op05,25.0,phi,plasma_mid,na,12932.0,0.4032769156775215,0.9200320151501751
case_g006_op05,25.0,phi,plasma_deep,na,110070.0,0.2843045583403438,0.9438344791914398
case_g006_op05,25.0,phi,chamber_near,na,2072.0,0.314200259922941,0.0
case_g006_op05,25.0,phi,chamber_far,na,124681.0,0.2559322141042019,0.0
case_g006_op05,25.0,phi,all_plasma,na,128000.0,0.30922318466837606,0.9712576008889021
case_g021_op05,26.0,ne,boundary_in,na,4998.0,5376493435531842.0,0.9896616896968053
case_g021_op05,26.0,ne,plasma_mid,na,12932.0,1.103190280082577e+16,0.9534937541908773
case_g021_op05,26.0,ne,plasma_deep,na,110070.0,3.0058641288742336e+16,0.9063548738533462
case_g021_op05,26.0,ne,chamber_near,na,2072.0,2841564522156223.0,0.0
case_g021_op05,26.0,ne,chamber_far,na,124681.0,2704990289592413.5,0.0
case_g021_op05,26.0,ne,all_plasma,na,128000.0,2.8113746990372104e+16,0.9265067800274692
case_g021_op05,26.0,ni,boundary_in,na,4998.0,6526798886450124.0,0.984728453657604
case_g021_op05,26.0,ni,plasma_mid,na,12932.0,1.173670054565759e+16,0.9473526483452614
case_g021_op05,26.0,ni,plasma_deep,na,110070.0,3.1202832189537404e+16,0.8990891209229347
case_g021_op05,26.0,ni,chamber_near,na,2072.0,4044253408973080.5,0.0
case_g021_op05,26.0,ni,chamber_far,na,124681.0,2835893664037518.5,0.0
case_g021_op05,26.0,ni,all_plasma,na,128000.0,2.920299231909218e+16,0.9206837173263633
case_g021_op05,26.0,Te,boundary_in,na,4998.0,0.3228156112320181,0.10608374522046238
case_g021_op05,26.0,Te,plasma_mid,na,12932.0,0.24318669200597112,0.47079444668276127
case_g021_op05,26.0,Te,plasma_deep,na,110070.0,0.118220829020427,0.6739913934253432
case_g021_op05,26.0,Te,chamber_near,na,2072.0,0.23049568861766095,0.0
case_g021_op05,26.0,Te,chamber_far,na,124681.0,0.15365999406648168,0.0
case_g021_op05,26.0,Te,all_plasma,na,128000.0,0.14853432527702884,0.5869336710497741
case_g021_op05,26.0,phi,boundary_in,na,4998.0,0.4431587634444877,0.9791541131732981
case_g021_op05,26.0,phi,plasma_mid,na,12932.0,0.4791237589389136,0.9622999228774819
case_g021_op05,26.0,phi,plasma_deep,na,110070.0,0.40033727665692076,0.9622200193215705
case_g021_op05,26.0,phi,chamber_near,na,2072.0,0.24865297283976934,0.0
case_g021_op05,26.0,phi,chamber_far,na,124681.0,0.34423023959871,0.0
case_g021_op05,26.0,phi,all_plasma,na,128000.0,0.4107075817342025,0.9794743085968987
case_g056_op02,27.0,ne,boundary_in,na,4998.0,4470457211528874.0,-0.06210692674228824
case_g056_op02,27.0,ne,plasma_mid,na,12932.0,2522506411168654.5,0.6424020392892563
case_g056_op02,27.0,ne,plasma_deep,na,110070.0,2433258825590268.5,0.8251860077263437
case_g056_op02,27.0,ne,chamber_near,na,2072.0,2734865745185038.0,0.0
case_g056_op02,27.0,ne,chamber_far,na,124681.0,2524437158838684.0,0.0
case_g056_op02,27.0,ne,all_plasma,na,128000.0,2552371097807403.0,0.8294680287012799
case_g056_op02,27.0,ni,boundary_in,na,4998.0,3627603882071330.5,0.29559334354242683
case_g056_op02,27.0,ni,plasma_mid,na,12932.0,2366365624883139.0,0.6847320483640665
case_g056_op02,27.0,ni,plasma_deep,na,110070.0,2717927584763056.5,0.7818375200471204
case_g056_op02,27.0,ni,chamber_near,na,2072.0,2614952614401272.5,0.0
case_g056_op02,27.0,ni,chamber_far,na,124681.0,1519701491345015.2,0.0
case_g056_op02,27.0,ni,all_plasma,na,128000.0,2726157741080911.0,0.8051483392200669
case_g056_op02,27.0,Te,boundary_in,na,4998.0,0.5932232819745716,-0.20010200466715644
case_g056_op02,27.0,Te,plasma_mid,na,12932.0,0.3148082546748446,0.6599973864488645
case_g056_op02,27.0,Te,plasma_deep,na,110070.0,0.34727056935203793,0.32501444100125787
case_g056_op02,27.0,Te,chamber_near,na,2072.0,0.3066614412573554,0.0
case_g056_op02,27.0,Te,chamber_far,na,124681.0,0.10759878020072804,0.0
case_g056_op02,27.0,Te,all_plasma,na,128000.0,0.35701208592823724,0.3587414422094135
case_g056_op02,27.0,phi,boundary_in,na,4998.0,0.7873355921929255,0.9820336428176276
case_g056_op02,27.0,phi,plasma_mid,na,12932.0,0.550120594934953,0.9889390724623723
case_g056_op02,27.0,phi,plasma_deep,na,110070.0,0.7400736934551905,0.9751987826045516
case_g056_op02,27.0,phi,chamber_near,na,2072.0,0.37203944710244635,0.0
case_g056_op02,27.0,phi,chamber_far,na,124681.0,0.34374554144855785,0.0
case_g056_op02,27.0,phi,all_plasma,na,128000.0,0.7250982157667877,0.9857440288029656
case_g038_op01,28.0,ne,boundary_in,na,4998.0,1.0870801947531398e+17,0.8895765725514979
case_g038_op01,28.0,ne,plasma_mid,na,12932.0,1.24285450455209e+17,0.8503483115452857
case_g038_op01,28.0,ne,plasma_deep,na,110070.0,3.098582960584538e+17,0.7740386064073533
case_g038_op01,28.0,ne,chamber_near,na,2072.0,3946887880718906.0,0.0
case_g038_op01,28.0,ne,chamber_far,na,124681.0,3535086794287172.5,0.0
case_g038_op01,28.0,ne,all_plasma,na,128000.0,2.908350228789235e+17,0.811583387099716
case_g038_op01,28.0,ni,boundary_in,na,4998.0,1.0310363425297579e+17,0.9005856082508897
case_g038_op01,28.0,ni,plasma_mid,na,12932.0,1.2129791779354502e+17,0.8574533076483553
case_g038_op01,28.0,ni,plasma_deep,na,110070.0,3.080458603853227e+17,0.7766741285296523
case_g038_op01,28.0,ni,chamber_near,na,2072.0,3764739116711519.0,0.0
case_g038_op01,28.0,ni,chamber_far,na,124681.0,2873132153113168.5,0.0
case_g038_op01,28.0,ni,all_plasma,na,128000.0,2.889662560262079e+17,0.8139858915062963
case_g038_op01,28.0,Te,boundary_in,na,4998.0,0.26382784412229754,0.11187727976487338
case_g038_op01,28.0,Te,plasma_mid,na,12932.0,0.21854022514152713,0.3423407183570082
case_g038_op01,28.0,Te,plasma_deep,na,110070.0,0.157254296453978,-0.0034763848937804376
case_g038_op01,28.0,Te,chamber_near,na,2072.0,0.17206799123857758,0.0
case_g038_op01,28.0,Te,chamber_far,na,124681.0,0.10354189239748238,0.0
case_g038_op01,28.0,Te,all_plasma,na,128000.0,0.16972929054569513,0.10103872285448334
case_g038_op01,28.0,phi,boundary_in,na,4998.0,0.38194212767879077,0.976200984112496
case_g038_op01,28.0,phi,plasma_mid,na,12932.0,0.43591821487317517,0.9501233908002319
case_g038_op01,28.0,phi,plasma_deep,na,110070.0,0.5462790512448013,0.8875635312791337
case_g038_op01,28.0,phi,chamber_near,na,2072.0,0.22672977355645835,0.0
case_g038_op01,28.0,phi,chamber_far,na,124681.0,0.2330592536940827,0.0
case_g038_op01,28.0,phi,all_plasma,na,128000.0,0.5305781349596055,0.9394437938275553
case_g015_op03,29.0,ne,boundary_in,na,4998.0,1.3491322435946032e+17,0.9146145329792816
case_g015_op03,29.0,ne,plasma_mid,na,12932.0,1.6240401806846285e+17,0.8723226377073701
case_g015_op03,29.0,ne,plasma_deep,na,110070.0,4.1196765013641126e+17,0.837364117598912
case_g015_op03,29.0,ne,chamber_near,na,2072.0,6114095781278759.0,0.0
case_g015_op03,29.0,ne,chamber_far,na,124681.0,3071457932202709.0,0.0
case_g015_op03,29.0,ne,all_plasma,na,128000.0,3.864182680265066e+17,0.8682832545691284
case_g015_op03,29.0,ni,boundary_in,na,4998.0,1.3015707360284293e+17,0.9204686320154198
case_g015_op03,29.0,ni,plasma_mid,na,12932.0,1.6221434910553533e+17,0.8726187823207606
case_g015_op03,29.0,ni,plasma_deep,na,110070.0,4.139048089762319e+17,0.8358309534865991
case_g015_op03,29.0,ni,chamber_near,na,2072.0,4437186338556142.5,0.0
case_g015_op03,29.0,ni,chamber_far,na,124681.0,2521270767966357.5,0.0
case_g015_op03,29.0,ni,all_plasma,na,128000.0,3.8812288402242816e+17,0.8671121746447951
case_g015_op03,29.0,Te,boundary_in,na,4998.0,0.31658918892937427,-0.7205176449430564
case_g015_op03,29.0,Te,plasma_mid,na,12932.0,0.23800043718254876,-0.03026958572271976
case_g015_op03,29.0,Te,plasma_deep,na,110070.0,0.15301618314900892,-0.2980588775680775
case_g015_op03,29.0,Te,chamber_near,na,2072.0,0.1561119455617383,0.0
case_g015_op03,29.0,Te,chamber_far,na,124681.0,0.10074996754220818,0.0
case_g015_op03,29.0,Te,all_plasma,na,128000.0,0.17254165585601303,-0.25900998896044314
case_g015_op03,29.0,phi,boundary_in,na,4998.0,0.43255014648423673,0.9607818697217873
case_g015_op03,29.0,phi,plasma_mid,na,12932.0,0.3675844100120529,0.9484614406236652
case_g015_op03,29.0,phi,plasma_deep,na,110070.0,0.299364852154826,0.9489906611016367
case_g015_op03,29.0,phi,chamber_near,na,2072.0,0.6338156235815652,0.0
case_g015_op03,29.0,phi,chamber_far,na,124681.0,0.23702180418066202,0.0
case_g015_op03,29.0,phi,all_plasma,na,128000.0,0.3130853486933943,0.9714776985411839
case_g052_op04,30.0,ne,boundary_in,na,4998.0,5.686752372693993e+16,0.9114815668156762
case_g052_op04,30.0,ne,plasma_mid,na,12932.0,5.837209862460425e+16,0.9009855516811002
case_g052_op04,30.0,ne,plasma_deep,na,110070.0,7.741357975991234e+16,0.9316930652561423
case_g052_op04,30.0,ne,chamber_near,na,2072.0,3104948739574836.0,0.0
case_g052_op04,30.0,ne,chamber_far,na,124681.0,2861878172645850.0,0.0
case_g052_op04,30.0,ne,all_plasma,na,128000.0,7.499274409623093e+16,0.9425102758255429
case_g052_op04,30.0,ni,boundary_in,na,4998.0,5.558604350487616e+16,0.9153345288846952
case_g052_op04,30.0,ni,plasma_mid,na,12932.0,6.097682488740404e+16,0.8919471498752524
case_g052_op04,30.0,ni,plasma_deep,na,110070.0,8.02988960687953e+16,0.9265062254794788
case_g052_op04,30.0,ni,chamber_near,na,2072.0,4714082317661727.0,0.0
case_g052_op04,30.0,ni,chamber_far,na,124681.0,2938628859559219.0,0.0
case_g052_op04,30.0,ni,all_plasma,na,128000.0,7.772387166472515e+16,0.9382397630460453
case_g052_op04,30.0,Te,boundary_in,na,4998.0,0.3902247380926381,-0.4375062276001789
case_g052_op04,30.0,Te,plasma_mid,na,12932.0,0.3099005659584511,0.033951481593536004
case_g052_op04,30.0,Te,plasma_deep,na,110070.0,0.16720755425227604,0.18309159497345417
case_g052_op04,30.0,Te,chamber_near,na,2072.0,0.23593898544616432,0.0
case_g052_op04,30.0,Te,chamber_far,na,124681.0,0.1358402926760989,0.0
case_g052_op04,30.0,Te,all_plasma,na,128000.0,0.19922540684087095,0.09753675205419565
case_g052_op04,30.0,phi,boundary_in,na,4998.0,0.5312895555420766,0.9634121420709129
case_g052_op04,30.0,phi,plasma_mid,na,12932.0,0.5265723959236452,0.9399542405720158
case_g052_op04,30.0,phi,plasma_deep,na,110070.0,0.4339774755591646,0.9356739302580303
case_g052_op04,30.0,phi,chamber_near,na,2072.0,0.32247318728970686,0.0
case_g052_op04,30.0,phi,chamber_far,na,124681.0,0.32967244350027103,0.0
case_g052_op04,30.0,phi,all_plasma,na,128000.0,0.44831922921501316,0.9644536008083758
case_g034_op01,31.0,ne,boundary_in,na,4998.0,7807345419406118.0,0.9239614582251062
case_g034_op01,31.0,ne,plasma_mid,na,12932.0,4045469191343445.5,0.9783460861246127
case_g034_op01,31.0,ne,plasma_deep,na,110070.0,2.208267420648406e+16,0.7742640611302182
case_g034_op01,31.0,ne,chamber_near,na,2072.0,2349707409141487.0,0.0
case_g034_op01,31.0,ne,chamber_far,na,124681.0,2803372186217856.5,0.0
case_g034_op01,31.0,ne,all_plasma,na,128000.0,2.0575950051571516e+16,0.8223639268793685
case_g034_op01,31.0,ni,boundary_in,na,4998.0,6819538052236253.0,0.9418262636574919
case_g034_op01,31.0,ni,plasma_mid,na,12932.0,4606506309427643.0,0.9719151726455943
case_g034_op01,31.0,ni,plasma_deep,na,110070.0,1.8942509086418784e+16,0.8338956873065814
case_g034_op01,31.0,ni,chamber_near,na,2072.0,2679064353490763.5,0.0
case_g034_op01,31.0,ni,chamber_far,na,124681.0,2016450910779681.2,0.0
case_g034_op01,31.0,ni,all_plasma,na,128000.0,1.767811634811973e+16,0.868832328274566
case_g034_op01,31.0,Te,boundary_in,na,4998.0,0.61673176447115,-1.191567651874669
case_g034_op01,31.0,Te,plasma_mid,na,12932.0,0.3681563155548394,0.19728739992288247
case_g034_op01,31.0,Te,plasma_deep,na,110070.0,0.41868242967126534,-1.3539084701062976
case_g034_op01,31.0,Te,chamber_near,na,2072.0,0.27526581663890887,0.0
case_g034_op01,31.0,Te,chamber_far,na,124681.0,0.13178847292705778,0.0
case_g034_op01,31.0,Te,all_plasma,na,128000.0,0.4234211392357454,-1.00975912233095
case_g034_op01,31.0,phi,boundary_in,na,4998.0,0.7517166988109014,0.9593180392335167
case_g034_op01,31.0,phi,plasma_mid,na,12932.0,1.2080381805437217,0.8573352590872213
case_g034_op01,31.0,phi,plasma_deep,na,110070.0,1.4174186182796253,0.7371754771715598
case_g034_op01,31.0,phi,chamber_near,na,2072.0,0.25671223912437346,0.0
case_g034_op01,31.0,phi,chamber_far,na,124681.0,0.2567423916688933,0.0
case_g034_op01,31.0,phi,all_plasma,na,128000.0,1.3773718163360509,0.8590226689723184
case_g007_op03,32.0,ne,boundary_in,na,4998.0,5277772109441787.0,0.6209160151600868
case_g007_op03,32.0,ne,plasma_mid,na,12932.0,3388820143912596.0,0.8341317746530905
case_g007_op03,32.0,ne,plasma_deep,na,110070.0,8746472107003478.0,0.4782574959745163
case_g007_op03,32.0,ne,chamber_near,na,2072.0,2881992825520714.0,0.0
case_g007_op03,32.0,ne,chamber_far,na,124681.0,2700394913875961.5,0.0
case_g007_op03,32.0,ne,all_plasma,na,128000.0,8248186978026287.0,0.5888067255019374
case_g007_op03,32.0,ni,boundary_in,na,4998.0,4952310613109275.0,0.6646149683348214
case_g007_op03,32.0,ni,plasma_mid,na,12932.0,3396162900282345.5,0.833254227008503
case_g007_op03,32.0,ni,plasma_deep,na,110070.0,8925646872312345.0,0.45660548761569164
case_g007_op03,32.0,ni,chamber_near,na,2072.0,2791576172001409.0,0.0
case_g007_op03,32.0,ni,chamber_far,na,124681.0,1911969560919895.5,0.0
case_g007_op03,32.0,ni,all_plasma,na,128000.0,8404193599870401.0,0.5727296445117628
case_g007_op03,32.0,Te,boundary_in,na,4998.0,1.0496431911764676,-3.8493099864602307
case_g007_op03,32.0,Te,plasma_mid,na,12932.0,0.7422662492915384,-1.4493283245782145
case_g007_op03,32.0,Te,plasma_deep,na,110070.0,0.7689248498552512,-3.799549260287681
case_g007_op03,32.0,Te,chamber_near,na,2072.0,0.3262523504479576,0.0
case_g007_op03,32.0,Te,chamber_far,na,124681.0,0.11506047825689321,0.0
case_g007_op03,32.0,Te,all_plasma,na,128000.0,0.779171929839854,-3.326343987748327
case_g007_op03,32.0,phi,boundary_in,na,4998.0,1.1198376630500484,0.950506222771986
case_g007_op03,32.0,phi,plasma_mid,na,12932.0,0.945102721823324,0.9547327975131435
case_g007_op03,32.0,phi,plasma_deep,na,110070.0,1.820242440009478,0.7858829526631521
case_g007_op03,32.0,phi,chamber_near,na,2072.0,0.38448154918568594,0.0
case_g007_op03,32.0,phi,chamber_far,na,124681.0,0.3513045395405803,0.0
case_g007_op03,32.0,phi,all_plasma,na,128000.0,1.7286912345807777,0.8873834071734291
case_g039_op03,33.0,ne,boundary_in,na,4998.0,5019697338795311.0,0.9261168040633097
case_g039_op03,33.0,ne,plasma_mid,na,12932.0,6847058329641132.0,0.8520890718329434
case_g039_op03,33.0,ne,plasma_deep,na,110070.0,1.4359292543555768e+16,0.8202218558088004
case_g039_op03,33.0,ne,chamber_near,na,2072.0,2978824415713560.5,0.0
case_g039_op03,33.0,ne,chamber_far,na,124681.0,2219462966494214.2,0.0
case_g039_op03,33.0,ne,all_plasma,na,128000.0,1.3528751626004262e+16,0.8596403185751172
case_g039_op03,33.0,ni,boundary_in,na,4998.0,4236429259960558.5,0.9471658271709815
case_g039_op03,33.0,ni,plasma_mid,na,12932.0,7174273715030114.0,0.8375342806894964
case_g039_op03,33.0,ni,plasma_deep,na,110070.0,1.5144242182646146e+16,0.8000234302561187
case_g039_op03,33.0,ni,chamber_near,na,2072.0,3224032846738615.0,0.0
case_g039_op03,33.0,ni,chamber_far,na,124681.0,2136259655255649.8,0.0
case_g039_op03,33.0,ni,all_plasma,na,128000.0,1.4252098432609488e+16,0.8441588708422991
case_g039_op03,33.0,Te,boundary_in,na,4998.0,0.3386792912256232,0.20155456779865155
case_g039_op03,33.0,Te,plasma_mid,na,12932.0,0.17691735282597287,0.7773146579313812
case_g039_op03,33.0,Te,plasma_deep,na,110070.0,0.14497463423834925,0.6683626640624558
case_g039_op03,33.0,Te,chamber_near,na,2072.0,0.31646707239530153,0.0
case_g039_op03,33.0,Te,chamber_far,na,124681.0,0.12149205268722899,0.0
case_g039_op03,33.0,Te,all_plasma,na,128000.0,0.16035773985991128,0.6601656665814502
case_g039_op03,33.0,phi,boundary_in,na,4998.0,0.42277623343199033,0.985805403907959
case_g039_op03,33.0,phi,plasma_mid,na,12932.0,0.7725053708038786,0.9318261151511373
case_g039_op03,33.0,phi,plasma_deep,na,110070.0,0.5630446576730781,0.9518345364167144
case_g039_op03,33.0,phi,chamber_near,na,2072.0,0.35053142346096555,0.0
case_g039_op03,33.0,phi,chamber_far,na,124681.0,0.33076765108934886,0.0
case_g039_op03,33.0,phi,all_plasma,na,128000.0,0.5829947820897672,0.9731320931397995
case_g004_op01,34.0,ne,boundary_in,na,4998.0,3.3426988872284676e+16,0.9025813861145564
case_g004_op01,34.0,ne,plasma_mid,na,12932.0,3.724521064981829e+16,0.8741203485459008
case_g004_op01,34.0,ne,plasma_deep,na,110070.0,8.274437915450566e+16,0.9181614014330947
case_g004_op01,34.0,ne,chamber_near,na,2072.0,3799901008256459.0,0.0
case_g004_op01,34.0,ne,chamber_far,na,124681.0,3573954835404075.5,0.0
case_g004_op01,34.0,ne,all_plasma,na,128000.0,7.791886519226368e+16,0.9346243692905633
case_g004_op01,34.0,ni,boundary_in,na,4998.0,3.5677976958170404e+16,0.888789510065396
case_g004_op01,34.0,ni,plasma_mid,na,12932.0,3.5227789445514404e+16,0.8873786857340493
case_g004_op01,34.0,ni,plasma_deep,na,110070.0,7.949117625607166e+16,0.9244699213120599
case_g004_op01,34.0,ni,chamber_near,na,2072.0,4337468086106715.0,0.0
case_g004_op01,34.0,ni,chamber_far,na,124681.0,3098565499632139.0,0.0
case_g004_op01,34.0,ni,all_plasma,na,128000.0,7.489190752746189e+16,0.9395980619506166
case_g004_op01,34.0,Te,boundary_in,na,4998.0,0.3021443072402135,-0.16161661249589732
case_g004_op01,34.0,Te,plasma_mid,na,12932.0,0.2590959918224892,0.10875808460758485
case_g004_op01,34.0,Te,plasma_deep,na,110070.0,0.1564819674071642,0.08209602362554747
case_g004_op01,34.0,Te,chamber_near,na,2072.0,0.19623361009195323,0.0
case_g004_op01,34.0,Te,chamber_far,na,124681.0,0.12028400868904678,0.0
case_g004_op01,34.0,Te,all_plasma,na,128000.0,0.17721034254276188,0.0782394199600519
case_g004_op01,34.0,phi,boundary_in,na,4998.0,0.38557721075896023,0.9743037002359997
case_g004_op01,34.0,phi,plasma_mid,na,12932.0,0.4632064381108042,0.931224454069938
case_g004_op01,34.0,phi,plasma_deep,na,110070.0,0.451047609073333,0.9109912976137984
case_g004_op01,34.0,phi,chamber_near,na,2072.0,0.25690184098350644,0.0
case_g004_op01,34.0,phi,chamber_far,na,124681.0,0.34644898144889186,0.0
case_g004_op01,34.0,phi,all_plasma,na,128000.0,0.4499202989106328,0.9584485650361078
case_g055_op06,35.0,ne,boundary_in,na,4998.0,6.541732169351698e+16,0.9426527248445459
case_g055_op06,35.0,ne,plasma_mid,na,12932.0,7.364543270280493e+16,0.9248074771430042
case_g055_op06,35.0,ne,plasma_deep,na,110070.0,1.5700057435779296e+17,0.9234014413112074
case_g055_op06,35.0,ne,chamber_near,na,2072.0,3524396324684445.5,0.0
case_g055_op06,35.0,ne,chamber_far,na,124681.0,3179932362393649.0,0.0
case_g055_op06,35.0,ne,all_plasma,na,128000.0,1.480250847271364e+17,0.9354485644035537
case_g055_op06,35.0,ni,boundary_in,na,4998.0,6.1274509567384424e+16,0.9496398581308106
case_g055_op06,35.0,ni,plasma_mid,na,12932.0,7.243356771530955e+16,0.9272598565691611
case_g055_op06,35.0,ni,plasma_deep,na,110070.0,1.5522129582714774e+17,0.9251277180836585
case_g055_op06,35.0,ni,chamber_near,na,2072.0,3934684353226224.0,0.0
case_g055_op06,35.0,ni,chamber_far,na,124681.0,2860099485116019.5,0.0
case_g055_op06,35.0,ni,all_plasma,na,128000.0,1.462714396912345e+17,0.9369649917642482
case_g055_op06,35.0,Te,boundary_in,na,4998.0,0.28673485421957096,0.11198384988495036
case_g055_op06,35.0,Te,plasma_mid,na,12932.0,0.2374112347524931,0.3430316674449232
case_g055_op06,35.0,Te,plasma_deep,na,110070.0,0.15466035332304134,0.19944127034170822
case_g055_op06,35.0,Te,chamber_near,na,2072.0,0.18761710843278626,0.0
case_g055_op06,35.0,Te,chamber_far,na,124681.0,0.11486248259043398,0.0
case_g055_op06,35.0,Te,all_plasma,na,128000.0,0.17168001539065098,0.2332331744162084
case_g055_op06,35.0,phi,boundary_in,na,4998.0,0.4493389170085146,0.9677313478740213
case_g055_op06,35.0,phi,plasma_mid,na,12932.0,0.45301271568941537,0.9479730778896847
case_g055_op06,35.0,phi,plasma_deep,na,110070.0,0.4008132717385106,0.9439455590035621
case_g055_op06,35.0,phi,chamber_near,na,2072.0,0.21671069808551355,0.0
case_g055_op06,35.0,phi,chamber_far,na,124681.0,0.2553378772955231,0.0
case_g055_op06,35.0,phi,all_plasma,na,128000.0,0.4083687205915128,0.966456397995583
case_g040_op04,36.0,ne,boundary_in,na,4998.0,4.238372899222901e+16,0.8686345291123277
case_g040_op04,36.0,ne,plasma_mid,na,12932.0,3.5382895450167148e+16,0.9045910201413903
case_g040_op04,36.0,ne,plasma_deep,na,110070.0,4.886416071855967e+16,0.933149794207734
case_g040_op04,36.0,ne,chamber_near,na,2072.0,4904716802827556.0,0.0
case_g040_op04,36.0,ne,chamber_far,na,124681.0,2661987411987569.0,0.0
case_g040_op04,36.0,ne,all_plasma,na,128000.0,4.743279288354098e+16,0.939980231779702
case_g040_op04,36.0,ni,boundary_in,na,4998.0,4.223588474172974e+16,0.8693933899629354
case_g040_op04,36.0,ni,plasma_mid,na,12932.0,3.4102640483966892e+16,0.9113646045700212
case_g040_op04,36.0,ni,plasma_deep,na,110070.0,4.751330726194803e+16,0.9367946682652137
case_g040_op04,36.0,ni,chamber_near,na,2072.0,3655161459054168.0,0.0
case_g040_op04,36.0,ni,chamber_far,na,124681.0,2722969126989286.5,0.0
case_g040_op04,36.0,ni,all_plasma,na,128000.0,4.613500706567654e+16,0.9432131030499176
case_g040_op04,36.0,Te,boundary_in,na,4998.0,0.37720350650393614,0.09865411791276923
case_g040_op04,36.0,Te,plasma_mid,na,12932.0,0.2775357366430643,0.48319373170636315
case_g040_op04,36.0,Te,plasma_deep,na,110070.0,0.16431454533119072,0.5254574985100731
case_g040_op04,36.0,Te,chamber_near,na,2072.0,0.24082633667377312,0.0
case_g040_op04,36.0,Te,chamber_far,na,124681.0,0.16010188341245415,0.0
case_g040_op04,36.0,Te,all_plasma,na,128000.0,0.1911935950732046,0.4841827984323721
case_g040_op04,36.0,phi,boundary_in,na,4998.0,0.5273781435979458,0.9738726588066904
case_g040_op04,36.0,phi,plasma_mid,na,12932.0,0.641024124554917,0.9475176068520026
case_g040_op04,36.0,phi,plasma_deep,na,110070.0,0.7101781253729383,0.9122597640684339
case_g040_op04,36.0,phi,chamber_near,na,2072.0,0.30447020590261015,0.0
case_g040_op04,36.0,phi,chamber_far,na,124681.0,0.3511480099279296,0.0
case_g040_op04,36.0,phi,all_plasma,na,128000.0,0.6971937427660619,0.9472588066419145
case_g019_op06,37.0,ne,boundary_in,na,4998.0,5867595697315215.0,0.7357141129534641
case_g019_op06,37.0,ne,plasma_mid,na,12932.0,3778464182282826.0,0.8856496163813624
case_g019_op06,37.0,ne,plasma_deep,na,110070.0,8743144089384573.0,0.6938368133801565
case_g019_op06,37.0,ne,chamber_near,na,2072.0,3465450315218714.0,0.0
case_g019_op06,37.0,ne,chamber_far,na,124681.0,2917556045682599.5,0.0
case_g019_op06,37.0,ne,all_plasma,na,128000.0,8277763667038336.0,0.7445665047124783
case_g019_op06,37.0,ni,boundary_in,na,4998.0,5581266475371705.0,0.7599623175474064
case_g019_op06,37.0,ni,plasma_mid,na,12932.0,3218955774853013.0,0.9169537690774696
case_g019_op06,37.0,ni,plasma_deep,na,110070.0,7705448314316233.0,0.762184572593807
case_g019_op06,37.0,ni,chamber_near,na,2072.0,2707921850454305.5,0.0
case_g019_op06,37.0,ni,chamber_far,na,124681.0,1795140539883796.0,0.0
case_g019_op06,37.0,ni,all_plasma,na,128000.0,7302063310184206.0,0.8011083606343482
case_g019_op06,37.0,Te,boundary_in,na,4998.0,0.9150124994605905,-1.8990377086361305
case_g019_op06,37.0,Te,plasma_mid,na,12932.0,0.5818482675084192,-0.18560272275755563
case_g019_op06,37.0,Te,plasma_deep,na,110070.0,0.6475875691065617,-1.583737881119085
case_g019_op06,37.0,Te,chamber_near,na,2072.0,0.3395138799430874,0.0
case_g019_op06,37.0,Te,chamber_far,na,124681.0,0.12096557239391756,0.0
case_g019_op06,37.0,Te,all_plasma,na,128000.0,0.6538508429251285,-1.3414169384570238
case_g019_op06,37.0,phi,boundary_in,na,4998.0,0.9579732574066966,0.9644036761679098
case_g019_op06,37.0,phi,plasma_mid,na,12932.0,0.8148661497191285,0.9688397399689374
case_g019_op06,37.0,phi,plasma_deep,na,110070.0,1.5229963213947733,0.8669052796899929
case_g019_op06,37.0,phi,chamber_near,na,2072.0,0.29346400663644884,0.0
case_g019_op06,37.0,phi,chamber_far,na,124681.0,0.24272989754388313,0.0
case_g019_op06,37.0,phi,all_plasma,na,128000.0,1.4482828964357888,0.921888993964367
case_g045_op03,38.0,ne,boundary_in,na,4998.0,2.0021487124940856e+16,0.6809528127602501
case_g045_op03,38.0,ne,plasma_mid,na,12932.0,1.6136180285961998e+16,0.7862171131699642
case_g045_op03,38.0,ne,plasma_deep,na,110070.0,3.1428081018252172e+16,0.6069875774368201
case_g045_op03,38.0,ne,chamber_near,na,2072.0,3515459777366917.0,0.0
case_g045_op03,38.0,ne,chamber_far,na,124681.0,2558543908079428.0,0.0
case_g045_op03,38.0,ne,all_plasma,na,128000.0,2.985505291486464e+16,0.6573000283325121
case_g045_op03,38.0,ni,boundary_in,na,4998.0,1.7725741479718028e+16,0.7494625923008147
case_g045_op03,38.0,ni,plasma_mid,na,12932.0,1.4741571968535566e+16,0.8215384818256956
case_g045_op03,38.0,ni,plasma_deep,na,110070.0,2.6889748381922016e+16,0.712293458887603
case_g045_op03,38.0,ni,chamber_near,na,2072.0,3762091822350679.5,0.0
case_g045_op03,38.0,ni,chamber_far,na,124681.0,2354929420587627.0,0.0
case_g045_op03,38.0,ni,all_plasma,na,128000.0,2.561245754950959e+16,0.7477207217293477
case_g045_op03,38.0,Te,boundary_in,na,4998.0,0.5125272637225884,0.06401905705369404
case_g045_op03,38.0,Te,plasma_mid,na,12932.0,0.32574135096375834,0.6133299106482848
case_g045_op03,38.0,Te,plasma_deep,na,110070.0,0.34443646075156054,0.13885571304485378
case_g045_op03,38.0,Te,chamber_near,na,2072.0,0.3310517811281822,0.0
case_g045_op03,38.0,Te,chamber_far,na,124681.0,0.13483700309649255,0.0
case_g045_op03,38.0,Te,all_plasma,na,128000.0,0.35070680557512446,0.22559366179026885
case_g045_op03,38.0,phi,boundary_in,na,4998.0,0.5590836084539654,0.9840741613608972
case_g045_op03,38.0,phi,plasma_mid,na,12932.0,0.7451339547304185,0.9669741560697084
case_g045_op03,38.0,phi,plasma_deep,na,110070.0,1.1357031083541227,0.907071744973294
case_g045_op03,38.0,phi,chamber_near,na,2072.0,0.39880906046153874,0.0
case_g045_op03,38.0,phi,chamber_far,na,124681.0,0.3376688728837198,0.0
case_g045_op03,38.0,phi,all_plasma,na,128000.0,1.0851017736125488,0.9407729216646671
case_g028_op02,39.0,ne,boundary_in,na,4998.0,1.79282026883306e+17,0.7420252490572758
case_g028_op02,39.0,ne,plasma_mid,na,12932.0,1.8754659596124698e+17,0.708317028522278
case_g028_op02,39.0,ne,plasma_deep,na,110070.0,2.917163247381387e+17,0.7596169139492154
case_g028_op02,39.0,ne,chamber_near,na,2072.0,3296666267471419.5,0.0
case_g028_op02,39.0,ne,chamber_far,na,124681.0,3178814555272154.0,0.0
case_g028_op02,39.0,ne,all_plasma,na,128000.0,2.792609527278921e+17,0.7861283392084706
case_g028_op02,39.0,ni,boundary_in,na,4998.0,1.7536486214360912e+17,0.7530137378478805
case_g028_op02,39.0,ni,plasma_mid,na,12932.0,1.8642653336476525e+17,0.7117849906394381
case_g028_op02,39.0,ni,plasma_deep,na,110070.0,2.8898081143515725e+17,0.7641039046337454
case_g028_op02,39.0,ni,chamber_near,na,2072.0,4425780347727703.5,0.0
case_g028_op02,39.0,ni,chamber_far,na,124681.0,2984996278968385.0,0.0
case_g028_op02,39.0,ni,all_plasma,na,128000.0,2.766299443808193e+17,0.7901280388491982
case_g028_op02,39.0,Te,boundary_in,na,4998.0,0.31599254164217006,0.14192236150421922
case_g028_op02,39.0,Te,plasma_mid,na,12932.0,0.27024763027176596,0.3177655185909838
case_g028_op02,39.0,Te,plasma_deep,na,110070.0,0.17969221238937205,0.1515947763960689
case_g028_op02,39.0,Te,chamber_near,na,2072.0,0.2101806379059929,0.0
case_g028_op02,39.0,Te,chamber_far,na,124681.0,0.12657343027976414,0.0
case_g028_op02,39.0,Te,all_plasma,na,128000.0,0.19759514866804814,0.19671274277616269
case_g028_op02,39.0,phi,boundary_in,na,4998.0,0.5903280900645147,0.9552175391972624
case_g028_op02,39.0,phi,plasma_mid,na,12932.0,0.6167268073863751,0.9304954842067841
case_g028_op02,39.0,phi,plasma_deep,na,110070.0,0.5907915122210294,0.9127421907642366
case_g028_op02,39.0,phi,chamber_near,na,2072.0,0.24098906840542855,0.0
case_g028_op02,39.0,phi,chamber_far,na,124681.0,0.2851497348355991,0.0
case_g028_op02,39.0,phi,all_plasma,na,128000.0,0.5934452533696878,0.9432242542623211
case_g035_op06,40.0,ne,boundary_in,na,4998.0,2.2407903316122908e+16,0.8822949853608066
case_g035_op06,40.0,ne,plasma_mid,na,12932.0,1.5963596184135808e+16,0.9373470310349118
case_g035_op06,40.0,ne,plasma_deep,na,110070.0,2.2835695657210996e+16,0.9551457872244778
case_g035_op06,40.0,ne,chamber_near,na,2072.0,3032560180144177.5,0.0
case_g035_op06,40.0,ne,chamber_far,na,124681.0,2687661845410114.0,0.0
case_g035_op06,40.0,ne,all_plasma,na,128000.0,2.222104914233828e+16,0.9601733198593031
case_g035_op06,40.0,ni,boundary_in,na,4998.0,2.241833347183563e+16,0.8819788817779695
case_g035_op06,40.0,ni,plasma_mid,na,12932.0,1.5010753121663514e+16,0.9445962741452228
case_g035_op06,40.0,ni,plasma_deep,na,110070.0,2.1744203418266324e+16,0.9593309073822025
case_g035_op06,40.0,ni,chamber_near,na,2072.0,4101805064501041.0,0.0
case_g035_op06,40.0,ni,chamber_far,na,124681.0,2980018483579484.5,0.0
case_g035_op06,40.0,ni,all_plasma,na,128000.0,2.1188885513424304e+16,0.9637808065243135
case_g035_op06,40.0,Te,boundary_in,na,4998.0,0.34957656800582665,0.2024163925020216
case_g035_op06,40.0,Te,plasma_mid,na,12932.0,0.26692723669020585,0.5131999028073817
case_g035_op06,40.0,Te,plasma_deep,na,110070.0,0.15041868307024014,0.611847379082733
case_g035_op06,40.0,Te,chamber_near,na,2072.0,0.2734930043808854,0.0
case_g035_op06,40.0,Te,chamber_far,na,124681.0,0.1625377908652565,0.0
case_g035_op06,40.0,Te,all_plasma,na,128000.0,0.1772754089936006,0.5622825222677146
case_g035_op06,40.0,phi,boundary_in,na,4998.0,0.49080244813075224,0.9788440956251485
case_g035_op06,40.0,phi,plasma_mid,na,12932.0,0.46742690600455267,0.9737873955578913
case_g035_op06,40.0,phi,plasma_deep,na,110070.0,0.38278867979796394,0.9759760363020697
case_g035_op06,40.0,phi,chamber_near,na,2072.0,0.2989944374684765,0.0
case_g035_op06,40.0,phi,chamber_far,na,124681.0,0.36905936825037233,0.0
case_g035_op06,40.0,phi,all_plasma,na,128000.0,0.3968399108441107,0.9845273987755475
case_g049_op01,41.0,ne,boundary_in,na,4998.0,1.1276856934446662e+16,0.6609447841433269
case_g049_op01,41.0,ne,plasma_mid,na,12932.0,1.054688627601976e+16,0.6923945365453553
case_g049_op01,41.0,ne,plasma_deep,na,110070.0,2.197666005669787e+16,0.3339343608755181
case_g049_op01,41.0,ne,chamber_near,na,2072.0,3854361118595650.0,0.0
case_g049_op01,41.0,ne,chamber_far,na,124681.0,3113950027833634.5,0.0
case_g049_op01,41.0,ne,all_plasma,na,128000.0,2.0773142281826284e+16,0.43555217481568986
case_g049_op01,41.0,ni,boundary_in,na,4998.0,1.104779607680516e+16,0.6737176797277666
case_g049_op01,41.0,ni,plasma_mid,na,12932.0,8719855610003677.0,0.7896587401795994
case_g049_op01,41.0,ni,plasma_deep,na,110070.0,1.7991171489531998e+16,0.5535985250704273
case_g049_op01,41.0,ni,chamber_near,na,2072.0,2805164251260241.0,0.0
case_g049_op01,41.0,ni,chamber_far,na,124681.0,1956965776812537.0,0.0
case_g049_op01,41.0,ni,all_plasma,na,128000.0,1.705254433389809e+16,0.6194901303830318
case_g049_op01,41.0,Te,boundary_in,na,4998.0,1.0674120991249492,-2.7244752056545973
case_g049_op01,41.0,Te,plasma_mid,na,12932.0,0.7431806793893548,-0.833336423856903
case_g049_op01,41.0,Te,plasma_deep,na,110070.0,0.8598477558829578,-3.5119731586286687
case_g049_op01,41.0,Te,chamber_near,na,2072.0,0.34091899779287305,0.0
case_g049_op01,41.0,Te,chamber_far,na,124681.0,0.12498034645747813,0.0
case_g049_op01,41.0,Te,all_plasma,na,128000.0,0.8579412405261373,-2.9664085611998456
case_g049_op01,41.0,phi,boundary_in,na,4998.0,1.1245813975689645,0.9459739378328201
case_g049_op01,41.0,phi,plasma_mid,na,12932.0,1.1235977852049879,0.9361278746099649
case_g049_op01,41.0,phi,plasma_deep,na,110070.0,2.2829365370633687,0.6812876896785018
case_g049_op01,41.0,phi,chamber_near,na,2072.0,0.2894178772948829,0.0
case_g049_op01,41.0,phi,chamber_far,na,124681.0,0.24684430330904233,0.0
case_g049_op01,41.0,phi,all_plasma,na,128000.0,2.15839552027726,0.8075719261113353
case_g018_op01,42.0,ne,boundary_in,na,4998.0,9.541808348652282e+16,0.8979114503393895
case_g018_op01,42.0,ne,plasma_mid,na,12932.0,1.0370117478071586e+17,0.8730465130608865
case_g018_op01,42.0,ne,plasma_deep,na,110070.0,2.6170766771072714e+17,0.7751030261808781
case_g018_op01,42.0,ne,chamber_near,na,2072.0,3725461029984686.5,0.0
case_g018_op01,42.0,ne,chamber_far,na,124681.0,3397583994299215.0,0.0
case_g018_op01,42.0,ne,all_plasma,na,128000.0,2.4563960587158608e+17,0.8178277010555968
case_g018_op01,42.0,ni,boundary_in,na,4998.0,9.06796635066036e+16,0.9077173184386014
case_g018_op01,42.0,ni,plasma_mid,na,12932.0,1.0077037094779517e+17,0.8801179689951838
case_g018_op01,42.0,ni,plasma_deep,na,110070.0,2.5952887410237222e+17,0.778831898067699
case_g018_op01,42.0,ni,chamber_near,na,2072.0,5127507965953993.0,0.0
case_g018_op01,42.0,ni,chamber_far,na,124681.0,2815733633626093.5,0.0
case_g018_op01,42.0,ni,all_plasma,na,128000.0,2.4344866958047693e+17,0.8210501343400506
case_g018_op01,42.0,Te,boundary_in,na,4998.0,0.322035313723021,-0.23425078437228186
case_g018_op01,42.0,Te,plasma_mid,na,12932.0,0.2547508547274587,0.17421330752786723
case_g018_op01,42.0,Te,plasma_deep,na,110070.0,0.15663745047099667,0.06427554464766616
case_g018_op01,42.0,Te,chamber_near,na,2072.0,0.25916347372499754,0.0
case_g018_op01,42.0,Te,chamber_far,na,124681.0,0.13323610956602766,0.0
case_g018_op01,42.0,Te,all_plasma,na,128000.0,0.17805780928226156,0.0708788441181144
case_g018_op01,42.0,phi,boundary_in,na,4998.0,0.44490537032435,0.9689711355669813
case_g018_op01,42.0,phi,plasma_mid,na,12932.0,0.4183194505481539,0.9535574146323598
case_g018_op01,42.0,phi,plasma_deep,na,110070.0,0.47761639413275064,0.9088711272553405
case_g018_op01,42.0,phi,chamber_near,na,2072.0,0.29961345432446507,0.0
case_g018_op01,42.0,phi,chamber_far,na,124681.0,0.2623268870145681,0.0
case_g018_op01,42.0,phi,all_plasma,na,128000.0,0.4707140369838313,0.9529686500343425
case_g060_op05,43.0,ne,boundary_in,na,4998.0,4644686585071667.0,0.47941162441848484
case_g060_op05,43.0,ne,plasma_mid,na,12932.0,2593702334364163.0,0.8299726200347266
case_g060_op05,43.0,ne,plasma_deep,na,110070.0,3230974392470090.0,0.8667656115569382
case_g060_op05,43.0,ne,chamber_near,na,2072.0,3052428012691685.5,0.0
case_g060_op05,43.0,ne,chamber_far,na,124681.0,2717051674952059.0,0.0
case_g060_op05,43.0,ne,all_plasma,na,128000.0,3240203998814640.5,0.8769267204838518
case_g060_op05,43.0,ni,boundary_in,na,4998.0,3628320909165447.5,0.680471872185854
case_g060_op05,43.0,ni,plasma_mid,na,12932.0,2234631947923848.5,0.8736408242832681
case_g060_op05,43.0,ni,plasma_deep,na,110070.0,4039580504756892.5,0.7917069573828849
case_g060_op05,43.0,ni,chamber_near,na,2072.0,3073015459277907.5,0.0
case_g060_op05,43.0,ni,chamber_far,na,124681.0,2011275405092470.0,0.0
case_g060_op05,43.0,ni,all_plasma,na,128000.0,3879553429745572.5,0.8233787018228758
case_g060_op05,43.0,Te,boundary_in,na,4998.0,0.9963129599441457,-2.6229390843232516
case_g060_op05,43.0,Te,plasma_mid,na,12932.0,0.6741359624923412,-0.6740367959418638
case_g060_op05,43.0,Te,plasma_deep,na,110070.0,0.7116730566516891,-2.1486055657733947
case_g060_op05,43.0,Te,chamber_near,na,2072.0,0.3617541357753434,0.0
case_g060_op05,43.0,Te,chamber_far,na,124681.0,0.11388187010773043,0.0
case_g060_op05,43.0,Te,all_plasma,na,128000.0,0.7212531020104879,-1.8902453528032823
case_g060_op05,43.0,phi,boundary_in,na,4998.0,0.6791425613069316,0.9832146498693228
case_g060_op05,43.0,phi,plasma_mid,na,12932.0,0.7574302963430575,0.9743594940966667
case_g060_op05,43.0,phi,plasma_deep,na,110070.0,1.2185167992218693,0.918194236120534
case_g060_op05,43.0,phi,chamber_near,na,2072.0,0.30731410690309385,0.0
case_g060_op05,43.0,phi,chamber_far,na,124681.0,0.34667471620475415,0.0
case_g060_op05,43.0,phi,all_plasma,na,128000.0,1.163085985376643,0.952907385273261
case_g002_op01,44.0,ne,boundary_in,na,4998.0,4.6647312303425944e+16,0.9914175592426454
case_g002_op01,44.0,ne,plasma_mid,na,12932.0,7.503902589176234e+16,0.9764630519435834
case_g002_op01,44.0,ne,plasma_deep,na,110070.0,2.52285756327619e+17,0.944395150007018
case_g002_op01,44.0,ne,chamber_near,na,2072.0,1.0518077090862272e+16,0.0
case_g002_op01,44.0,ne,chamber_far,na,124681.0,4563159104171062.0,0.0
case_g002_op01,44.0,ne,all_plasma,na,128000.0,2.353428418210432e+17,0.9580684376955643
case_g002_op01,44.0,ni,boundary_in,na,4998.0,5.817297554956473e+16,0.986642004073115
case_g002_op01,44.0,ni,plasma_mid,na,12932.0,7.661933500881411e+16,0.9754608863218004
case_g002_op01,44.0,ni,plasma_deep,na,110070.0,2.5518612544044694e+17,0.9431092663115298
case_g002_op01,44.0,ni,chamber_near,na,2072.0,9705312271965580.0,0.0
case_g002_op01,44.0,ni,chamber_far,na,124681.0,3298713874847535.5,0.0
case_g002_op01,44.0,ni,all_plasma,na,128000.0,2.381665834618837e+17,0.9570538278975684
case_g002_op01,44.0,Te,boundary_in,na,4998.0,0.4544227536040925,-3.5335533639525476
case_g002_op01,44.0,Te,plasma_mid,na,12932.0,0.264709897711503,-0.5680132525024699
case_g002_op01,44.0,Te,plasma_deep,na,110070.0,0.2082786146837276,-1.905509505040874
case_g002_op01,44.0,Te,chamber_near,na,2072.0,0.20110374479174398,0.0
case_g002_op01,44.0,Te,chamber_far,na,124681.0,0.09753508597515591,0.0
case_g002_op01,44.0,Te,all_plasma,na,128000.0,0.22901085159965923,-1.7184536940673443
case_g002_op01,44.0,phi,boundary_in,na,4998.0,0.584420944052508,0.9172551902373169
case_g002_op01,44.0,phi,plasma_mid,na,12932.0,0.40798060099254435,0.9134748290069874
case_g002_op01,44.0,phi,plasma_deep,na,110070.0,0.29576206323658744,0.9255592352533892
case_g002_op01,44.0,phi,chamber_near,na,2072.0,1.3233309195728538,0.0
case_g002_op01,44.0,phi,chamber_far,na,124681.0,0.36676246598751727,0.0
case_g002_op01,44.0,phi,all_plasma,na,128000.0,0.3246146621563824,0.9618196959717683
case_g050_op01,45.0,ne,boundary_in,na,4998.0,4.553881287837732e+16,0.9554167731625284
case_g050_op01,45.0,ne,plasma_mid,na,12932.0,5.1475245651851144e+16,0.9401528088232958
case_g050_op01,45.0,ne,plasma_deep,na,110070.0,1.7562283766057482e+17,0.8533718117460202
case_g050_op01,45.0,ne,chamber_near,na,2072.0,3091968609334444.5,0.0
case_g050_op01,45.0,ne,chamber_far,na,124681.0,3396816384947010.5,0.0
case_g050_op01,45.0,ne,all_plasma,na,128000.0,1.639255180669184e+17,0.8830714559495652
case_g050_op01,45.0,ni,boundary_in,na,4998.0,4.2203441493270744e+16,0.9616633224495318
case_g050_op01,45.0,ni,plasma_mid,na,12932.0,4.908552992641235e+16,0.9455785838424867
case_g050_op01,45.0,ni,plasma_deep,na,110070.0,1.7130658858781514e+17,0.8604903866456598
case_g050_op01,45.0,ni,chamber_near,na,2072.0,4089600155520962.5,0.0
case_g050_op01,45.0,ni,chamber_far,na,124681.0,3100686666634890.5,0.0
case_g050_op01,45.0,ni,all_plasma,na,128000.0,1.5983802178083066e+17,0.8888208164732985
case_g050_op01,45.0,Te,boundary_in,na,4998.0,0.2826945647882676,-0.009552359100736263
case_g050_op01,45.0,Te,plasma_mid,na,12932.0,0.24677376306533738,0.1830465103401433
case_g050_op01,45.0,Te,plasma_deep,na,110070.0,0.1810128401790311,-0.30043790530520975
case_g050_op01,45.0,Te,chamber_near,na,2072.0,0.20489119251240978,0.0
case_g050_op01,45.0,Te,chamber_far,na,124681.0,0.12120699850335595,0.0
case_g050_op01,45.0,Te,all_plasma,na,128000.0,0.19351719719029992,-0.14605700605203853
case_g050_op01,45.0,phi,boundary_in,na,4998.0,0.3400617887033113,0.9811286654259164
case_g050_op01,45.0,phi,plasma_mid,na,12932.0,0.3455920248443057,0.9661627153122214
case_g050_op01,45.0,phi,plasma_deep,na,110070.0,0.5162455704669782,0.8892871351030138
case_g050_op01,45.0,phi,chamber_near,na,2072.0,0.21432194449295114,0.0
case_g050_op01,45.0,phi,chamber_far,na,124681.0,0.32322725986362905,0.0
case_g050_op01,45.0,phi,all_plasma,na,128000.0,0.4957412126635951,0.9478075601867231
case_g057_op03,46.0,ne,boundary_in,na,4998.0,1.1274070572816428e+16,0.991040622255395
case_g057_op03,46.0,ne,plasma_mid,na,12932.0,1.1846851279159448e+16,0.9894284465845632
case_g057_op03,46.0,ne,plasma_deep,na,110070.0,4.552573344388076e+16,0.967124415047657
case_g057_op03,46.0,ne,chamber_near,na,2072.0,3437551811518365.5,0.0
case_g057_op03,46.0,ne,chamber_far,na,124681.0,3240012821041815.5,0.0
case_g057_op03,46.0,ne,all_plasma,na,128000.0,4.2443021922008136e+16,0.9745656823285939
case_g057_op03,46.0,ni,boundary_in,na,4998.0,1.2120085935687482e+16,0.9896278954817069
case_g057_op03,46.0,ni,plasma_mid,na,12932.0,1.2299982913448514e+16,0.9886034272415963
case_g057_op03,46.0,ni,plasma_deep,na,110070.0,4.440987053689516e+16,0.9687161814619517
case_g057_op03,46.0,ni,chamber_near,na,2072.0,5772018847542829.0,0.0
case_g057_op03,46.0,ni,chamber_far,na,124681.0,3567883802104298.5,0.0
case_g057_op03,46.0,ni,all_plasma,na,128000.0,4.1436580697784904e+16,0.9757544885411085
case_g057_op03,46.0,Te,boundary_in,na,4998.0,0.38202454792276824,-0.6526010571686172
case_g057_op03,46.0,Te,plasma_mid,na,12932.0,0.29273941137656834,-0.018243537752310246
case_g057_op03,46.0,Te,plasma_deep,na,110070.0,0.15775863589962902,0.1506606492170406
case_g057_op03,46.0,Te,chamber_near,na,2072.0,0.28301835886708515,0.0
case_g057_op03,46.0,Te,chamber_far,na,124681.0,0.1629818618490772,0.0
case_g057_op03,46.0,Te,all_plasma,na,128000.0,0.1890983125945177,0.04731472879065357
case_g057_op03,46.0,phi,boundary_in,na,4998.0,0.47426080436160445,0.9672351993458833
case_g057_op03,46.0,phi,plasma_mid,na,12932.0,0.4435073045215034,0.9493207836034928
case_g057_op03,46.0,phi,plasma_deep,na,110070.0,0.3186623540096718,0.9612438380616318
case_g057_op03,46.0,phi,chamber_near,na,2072.0,0.38966976300567935,0.0
case_g057_op03,46.0,phi,chamber_far,na,124681.0,0.3793303896448961,0.0
case_g057_op03,46.0,phi,all_plasma,na,128000.0,0.3405534261423581,0.978870029878401
case_g013_op06,47.0,ne,boundary_in,na,4998.0,4972941861114828.0,0.7525917511171023
case_g013_op06,47.0,ne,plasma_mid,na,12932.0,3652420966036242.5,0.8576709700626192
case_g013_op06,47.0,ne,plasma_deep,na,110070.0,1.472585301795697e+16,0.11630629454430808
case_g013_op06,47.0,ne,chamber_near,na,2072.0,3282839983990317.5,0.0
case_g013_op06,47.0,ne,chamber_far,na,124681.0,2519005921644364.5,0.0
case_g013_op06,47.0,ne,all_plasma,na,128000.0,1.3740018599077316e+16,0.31943875601798843
case_g013_op06,47.0,ni,boundary_in,na,4998.0,4379621140372928.5,0.8072216643390788
case_g013_op06,47.0,ni,plasma_mid,na,12932.0,3141766207026232.5,0.8946014392905561
case_g013_op06,47.0,ni,plasma_deep,na,110070.0,1.4674388470063676e+16,0.12240459861523634
case_g013_op06,47.0,ni,chamber_near,na,2072.0,2890374276720941.0,0.0
case_g013_op06,47.0,ni,chamber_far,na,124681.0,1777090353471592.0,0.0
case_g013_op06,47.0,ni,all_plasma,na,128000.0,1.3671861207155958e+16,0.32568421443570084
case_g013_op06,47.0,Te,boundary_in,na,4998.0,1.1602721136302228,-5.074062317174258
case_g013_op06,47.0,Te,plasma_mid,na,12932.0,1.0732063865461332,-4.248088922774527
case_g013_op06,47.0,Te,plasma_deep,na,110070.0,1.296025181152157,-13.099431074190829
case_g013_op06,47.0,Te,chamber_near,na,2072.0,0.3372391101490877,0.0
case_g013_op06,47.0,Te,chamber_far,na,124681.0,0.10678846624267384,0.0
case_g013_op06,47.0,Te,all_plasma,na,128000.0,1.2701676091031069,-10.861082261559895
case_g013_op06,47.0,phi,boundary_in,na,4998.0,0.7933380596711569,0.9691766028233957
case_g013_op06,47.0,phi,plasma_mid,na,12932.0,0.6442070236696534,0.9734373819519991
case_g013_op06,47.0,phi,plasma_deep,na,110070.0,2.196692920658632,0.6158197194867179
case_g013_op06,47.0,phi,chamber_near,na,2072.0,0.3657755111219303,0.0
case_g013_op06,47.0,phi,chamber_far,na,124681.0,0.32655680278933136,0.0
case_g013_op06,47.0,phi,all_plasma,na,128000.0,2.0532954480650263,0.808408875638988
case_g001_op05,48.0,ne,boundary_in,na,4998.0,1.4628754070248376e+16,0.8180936408500653
case_g001_op05,48.0,ne,plasma_mid,na,12932.0,9841367837641340.0,0.9140567392470085
case_g001_op05,48.0,ne,plasma_deep,na,110070.0,1.7372858323266102e+16,0.8958067593063096
case_g001_op05,48.0,ne,chamber_near,na,2072.0,2297153000513595.0,0.0
case_g001_op05,48.0,ne,chamber_far,na,124681.0,2379066967015778.0,0.0
case_g001_op05,48.0,ne,all_plasma,na,128000.0,1.6663719211185828e+16,0.9094386207472136
case_g001_op05,48.0,ni,boundary_in,na,4998.0,1.3858732953698788e+16,0.8363727845168798
case_g001_op05,48.0,ni,plasma_mid,na,12932.0,9789016838643772.0,0.9149496252201007
case_g001_op05,48.0,ni,plasma_deep,na,110070.0,1.675995378821244e+16,0.9030275005328621
case_g001_op05,48.0,ni,chamber_near,na,2072.0,3093660259680458.5,0.0
case_g001_op05,48.0,ni,chamber_far,na,124681.0,2356518955271627.0,0.0
case_g001_op05,48.0,ni,all_plasma,na,128000.0,1.608507012704761e+16,0.9155967939747276
case_g001_op05,48.0,Te,boundary_in,na,4998.0,0.3301068632448307,0.4723384340972191
case_g001_op05,48.0,Te,plasma_mid,na,12932.0,0.23740986763381297,0.7193292092995269
case_g001_op05,48.0,Te,plasma_deep,na,110070.0,0.21564284999170372,0.5003983014162764
case_g001_op05,48.0,Te,chamber_near,na,2072.0,0.3164261094216695,0.0
case_g001_op05,48.0,Te,chamber_far,na,124681.0,0.12004045974714192,0.0
case_g001_op05,48.0,Te,all_plasma,na,128000.0,0.2234667241410885,0.5457671658461836
case_g001_op05,48.0,phi,boundary_in,na,4998.0,0.5965894398638432,0.976386484132787
case_g001_op05,48.0,phi,plasma_mid,na,12932.0,1.0762142058860806,0.9034812626492297
case_g001_op05,48.0,phi,plasma_deep,na,110070.0,0.6413239313246477,0.9564409452901539
case_g001_op05,48.0,phi,chamber_near,na,2072.0,0.33035933759332864,0.0
case_g001_op05,48.0,phi,chamber_far,na,124681.0,0.33704541033054386,0.0
case_g001_op05,48.0,phi,all_plasma,na,128000.0,0.6961310330862063,0.9672730121650216
case_g044_op06,49.0,ne,boundary_in,na,4998.0,4.1078025088718376e+16,0.9696317515329912
case_g044_op06,49.0,ne,plasma_mid,na,12932.0,4.329011849086583e+16,0.9641178130234205
case_g044_op06,49.0,ne,plasma_deep,na,110070.0,1.2747814464585309e+17,0.9176063230373301
case_g044_op06,49.0,ne,chamber_near,na,2072.0,3508470354432284.5,0.0
case_g044_op06,49.0,ne,chamber_far,na,124681.0,3325083795857274.5,0.0
case_g044_op06,49.0,ne,all_plasma,na,128000.0,1.1928762232524765e+17,0.9352966029364386
case_g044_op06,49.0,ni,boundary_in,na,4998.0,3.788501622471846e+16,0.974141308614888
case_g044_op06,49.0,ni,plasma_mid,na,12932.0,4.135407972171069e+16,0.9672543938403347
case_g044_op06,49.0,ni,plasma_deep,na,110070.0,1.2441401288042029e+17,0.9215195325324074
case_g044_op06,49.0,ni,chamber_near,na,2072.0,5037577771471722.0,0.0
case_g044_op06,49.0,ni,chamber_far,na,124681.0,2945579257948147.5,0.0
case_g044_op06,49.0,ni,all_plasma,na,128000.0,1.1635901927893994e+17,0.9384291871961896
case_g044_op06,49.0,Te,boundary_in,na,4998.0,0.33794834899932447,-0.43897552595125244
case_g044_op06,49.0,Te,plasma_mid,na,12932.0,0.2638672079290325,0.06892966271434753
case_g044_op06,49.0,Te,plasma_deep,na,110070.0,0.15870893980809864,-0.01055110620082722
case_g044_op06,49.0,Te,chamber_near,na,2072.0,0.25780528348875525,0.0
case_g044_op06,49.0,Te,chamber_far,na,124681.0,0.13889331595497245,0.0
case_g044_op06,49.0,Te,all_plasma,na,128000.0,0.18208257973710235,-0.023847013841991282
case_g044_op06,49.0,phi,boundary_in,na,4998.0,0.4270453206597959,0.9709736072817649
case_g044_op06,49.0,phi,plasma_mid,na,12932.0,0.4277828789334198,0.9478235897620066
case_g044_op06,49.0,phi,plasma_deep,na,110070.0,0.4666852782770909,0.9037200681739934
case_g044_op06,49.0,phi,chamber_near,na,2072.0,0.2902270092979566,0.0
case_g044_op06,49.0,phi,chamber_far,na,124681.0,0.27490513590363336,0.0
case_g044_op06,49.0,phi,all_plasma,na,128000.0,0.46140680306226234,0.9537858635184788
case_g051_op01,50.0,ne,boundary_in,na,4998.0,1.2851787489016206e+17,0.9303354715307857
case_g051_op01,50.0,ne,plasma_mid,na,12932.0,1.9332009417275578e+17,0.8416055313491393
case_g051_op01,50.0,ne,plasma_deep,na,110070.0,7.690916360287411e+17,0.6210475592502336
case_g051_op01,50.0,ne,chamber_near,na,2072.0,5242732350470965.0,0.0
case_g051_op01,50.0,ne,chamber_far,na,124681.0,4216726389468792.0,0.0
case_g051_op01,50.0,ne,all_plasma,na,128000.0,7.162863944398793e+17,0.7002030917356211
case_g051_op01,50.0,ni,boundary_in,na,4998.0,1.249767978244782e+17,0.9340686090534074
case_g051_op01,50.0,ni,plasma_mid,na,12932.0,1.930303347626347e+17,0.8420778357710694
case_g051_op01,50.0,ni,plasma_deep,na,110070.0,7.735664778465242e+17,0.6166248446985585
case_g051_op01,50.0,ni,chamber_near,na,2072.0,5413453868052083.0,0.0
case_g051_op01,50.0,ni,chamber_far,na,124681.0,3537646121251841.5,0.0
case_g051_op01,50.0,ni,all_plasma,na,128000.0,7.203860138356716e+17,0.6967483785188734
case_g051_op01,50.0,Te,boundary_in,na,4998.0,0.3567070757311232,-1.640196772773523
case_g051_op01,50.0,Te,plasma_mid,na,12932.0,0.2574841109716063,-0.43165573804101154
case_g051_op01,50.0,Te,plasma_deep,na,110070.0,0.14487988328049733,-0.37635774179752746
case_g051_op01,50.0,Te,chamber_near,na,2072.0,0.17062708343793279,0.0
case_g051_op01,50.0,Te,chamber_far,na,124681.0,0.10608724842683402,0.0
case_g051_op01,50.0,Te,all_plasma,na,128000.0,0.17238449469709047,-0.49017665696660284
case_g051_op01,50.0,phi,boundary_in,na,4998.0,0.6508673224247574,0.8950060327071268
case_g051_op01,50.0,phi,plasma_mid,na,12932.0,0.5946208891988023,0.8288986230690505
case_g051_op01,50.0,phi,plasma_deep,na,110070.0,0.3464429557312442,0.9143738006676214
case_g051_op01,50.0,phi,chamber_near,na,2072.0,0.7903515090898099,0.0
case_g051_op01,50.0,phi,chamber_far,na,124681.0,0.2966668488971424,0.0
case_g051_op01,50.0,phi,all_plasma,na,128000.0,0.3943013407490387,0.9466586388888907
case_g014_op02,51.0,ne,boundary_in,na,4998.0,4.822537271789161e+16,0.7618398001322348
case_g014_op02,51.0,ne,plasma_mid,na,12932.0,3.9845907988302824e+16,0.8302304196876467
case_g014_op02,51.0,ne,plasma_deep,na,110070.0,7.197980654280422e+16,0.8321191070777334
case_g014_op02,51.0,ne,chamber_near,na,2072.0,3670844851268502.0,0.0
case_g014_op02,51.0,ne,chamber_far,na,124681.0,2890668509909388.0,0.0
case_g014_op02,51.0,ne,all_plasma,na,128000.0,6.86043188382823e+16,0.8551019637843406
case_g014_op02,51.0,ni,boundary_in,na,4998.0,4.782277512080255e+16,0.7654744884480551
case_g014_op02,51.0,ni,plasma_mid,na,12932.0,3.869312488034209e+16,0.8398989062089988
case_g014_op02,51.0,ni,plasma_deep,na,110070.0,7.072640425516999e+16,0.8379143545385646
case_g014_op02,51.0,ni,chamber_near,na,2072.0,3758785614327653.5,0.0
case_g014_op02,51.0,ni,chamber_far,na,124681.0,3026216958285263.5,0.0
case_g014_op02,51.0,ni,all_plasma,na,128000.0,6.7394975318661016e+16,0.8601481283302848
case_g014_op02,51.0,Te,boundary_in,na,4998.0,0.35159051749831594,0.19649990088783076
case_g014_op02,51.0,Te,plasma_mid,na,12932.0,0.24431760775480788,0.59065610264435
case_g014_op02,51.0,Te,plasma_deep,na,110070.0,0.13820049950700877,0.6611355080225758
case_g014_op02,51.0,Te,chamber_near,na,2072.0,0.23760774137889815,0.0
case_g014_op02,51.0,Te,chamber_far,na,124681.0,0.16030135972681983,0.0
case_g014_op02,51.0,Te,all_plasma,na,128000.0,0.16517098130386598,0.610473270226455
case_g014_op02,51.0,phi,boundary_in,na,4998.0,0.45434399991831576,0.9796259668803342
case_g014_op02,51.0,phi,plasma_mid,na,12932.0,0.4560987436460786,0.9718324132397258
case_g014_op02,51.0,phi,plasma_deep,na,110070.0,0.4058972727206739,0.9703441276670689
case_g014_op02,51.0,phi,chamber_near,na,2072.0,0.28228394466564805,0.0
case_g014_op02,51.0,phi,chamber_far,na,124681.0,0.3582568011504335,0.0
case_g014_op02,51.0,phi,all_plasma,na,128000.0,0.41322134651296405,0.9811654470617571
case_g048_op06,52.0,ne,boundary_in,na,4998.0,6299790705244179.0,0.506776808462992
case_g048_op06,52.0,ne,plasma_mid,na,12932.0,4243973086797451.5,0.7681510936459098
case_g048_op06,52.0,ne,plasma_deep,na,110070.0,8935566614117697.0,0.4263762360448119
case_g048_op06,52.0,ne,chamber_near,na,2072.0,3047429146537220.5,0.0
case_g048_op06,52.0,ne,chamber_far,na,124681.0,2871301855172356.5,0.0
case_g048_op06,52.0,ne,all_plasma,na,128000.0,8487006315053611.0,0.5120930609567846
case_g048_op06,52.0,ni,boundary_in,na,4998.0,6606811005972198.0,0.4553501891350019
case_g048_op06,52.0,ni,plasma_mid,na,12932.0,4664460610724500.0,0.7197153265091794
case_g048_op06,52.0,ni,plasma_deep,na,110070.0,9811023654927946.0,0.30841419157727634
case_g048_op06,52.0,ni,chamber_near,na,2072.0,3145330878598229.5,0.0
case_g048_op06,52.0,ni,chamber_far,na,124681.0,1933204463284963.0,0.0
case_g048_op06,52.0,ni,all_plasma,na,128000.0,9309959710522782.0,0.41245932611320557
case_g048_op06,52.0,Te,boundary_in,na,4998.0,0.7648277151293141,-0.3799646608246048
case_g048_op06,52.0,Te,plasma_mid,na,12932.0,0.527177409014844,0.33864177302274956
case_g048_op06,52.0,Te,plasma_deep,na,110070.0,0.7103861858454243,-0.9183873998242074
case_g048_op06,52.0,Te,chamber_near,na,2072.0,0.3754684940783595,0.0
case_g048_op06,52.0,Te,chamber_far,na,124681.0,0.11794601925812909,0.0
case_g048_op06,52.0,Te,all_plasma,na,128000.0,0.6963314093792708,-0.6793545749512757
case_g048_op06,52.0,phi,boundary_in,na,4998.0,0.7979650529557505,0.9814962241109432
case_g048_op06,52.0,phi,plasma_mid,na,12932.0,0.8170362414279692,0.9772285943272977
case_g048_op06,52.0,phi,plasma_deep,na,110070.0,1.4150927721350317,0.9198427526839033
case_g048_op06,52.0,phi,chamber_near,na,2072.0,0.3731049899288487,0.0
case_g048_op06,52.0,phi,chamber_far,na,124681.0,0.3181568494257165,0.0
case_g048_op06,52.0,phi,all_plasma,na,128000.0,1.3469554971650248,0.9503440418200116
case_g058_op05,53.0,ne,boundary_in,na,4998.0,1.0450686854995232e+16,0.8557994193722203
case_g058_op05,53.0,ne,plasma_mid,na,12932.0,5862452250726124.0,0.9520975113899853
case_g058_op05,53.0,ne,plasma_deep,na,110070.0,2.4417631410955816e+16,0.7255807798240386
case_g058_op05,53.0,ne,chamber_near,na,2072.0,3026109366882721.0,0.0
case_g058_op05,53.0,ne,chamber_far,na,124681.0,2616469507196143.0,0.0
case_g058_op05,53.0,ne,all_plasma,na,128000.0,2.28131562166815e+16,0.7797594904045604
case_g058_op05,53.0,ni,boundary_in,na,4998.0,9222560085144178.0,0.8873975452389552
case_g058_op05,53.0,ni,plasma_mid,na,12932.0,6187728332235902.0,0.9466186277957831
case_g058_op05,53.0,ni,plasma_deep,na,110070.0,2.2447042084081812e+16,0.7680823541768653
case_g058_op05,53.0,ni,chamber_near,na,2072.0,3554611312790448.0,0.0
case_g058_op05,53.0,ni,chamber_far,na,124681.0,2383866651597496.5,0.0
case_g058_op05,53.0,ni,all_plasma,na,128000.0,2.098756809065779e+16,0.8135397700639917
case_g058_op05,53.0,Te,boundary_in,na,4998.0,0.39853316874893685,0.1794991941249423
case_g058_op05,53.0,Te,plasma_mid,na,12932.0,0.29726447718313725,0.5320134999108848
case_g058_op05,53.0,Te,plasma_deep,na,110070.0,0.3045092210990054,-0.06528405396688242
case_g058_op05,53.0,Te,chamber_near,na,2072.0,0.3313667657370647,0.0
case_g058_op05,53.0,Te,chamber_far,na,124681.0,0.13428495338173824,0.0
case_g058_op05,53.0,Te,all_plasma,na,128000.0,0.3080040726139119,0.07937320077779042
case_g058_op05,53.0,phi,boundary_in,na,4998.0,0.44823846730432554,0.9858955135583821
case_g058_op05,53.0,phi,plasma_mid,na,12932.0,0.9460693309971375,0.917366998117168
case_g058_op05,53.0,phi,plasma_deep,na,110070.0,0.7414981542554702,0.9351286422766607
case_g058_op05,53.0,phi,chamber_near,na,2072.0,0.3726475021328135,0.0
case_g058_op05,53.0,phi,chamber_far,na,124681.0,0.3138667033040509,0.0
case_g058_op05,53.0,phi,all_plasma,na,128000.0,0.7556948927140813,0.9601455127885893
case_g037_op02,54.0,ne,boundary_in,na,4998.0,2.8983605132132428e+16,0.5166342301113968
case_g037_op02,54.0,ne,plasma_mid,na,12932.0,2.424212782595333e+16,0.6532212637972816
case_g037_op02,54.0,ne,plasma_deep,na,110070.0,4.3502336500321896e+16,0.43714292815188893
case_g037_op02,54.0,ne,chamber_near,na,2072.0,2613016254081076.5,0.0
case_g037_op02,54.0,ne,chamber_far,na,124681.0,2977059527686363.5,0.0
case_g037_op02,54.0,ne,all_plasma,na,128000.0,4.146730517263659e+16,0.498938760626799
case_g037_op02,54.0,ni,boundary_in,na,4998.0,2.711442977091818e+16,0.576305070263087
case_g037_op02,54.0,ni,plasma_mid,na,12932.0,2.2973982345331372e+16,0.6885044748433558
case_g037_op02,54.0,ni,plasma_deep,na,110070.0,3.647426495237499e+16,0.6043143811971232
case_g037_op02,54.0,ni,chamber_near,na,2072.0,3325552926506811.5,0.0
case_g037_op02,54.0,ni,chamber_far,na,124681.0,2537990403298050.5,0.0
case_g037_op02,54.0,ni,all_plasma,na,128000.0,3.5014963002898784e+16,0.6426706651017933
case_g037_op02,54.0,Te,boundary_in,na,4998.0,0.7626572134560902,-0.7504566278052747
case_g037_op02,54.0,Te,plasma_mid,na,12932.0,0.4676128403666416,0.32689637353599643
case_g037_op02,54.0,Te,plasma_deep,na,110070.0,0.5438120972207076,-0.7518998243005284
case_g037_op02,54.0,Te,chamber_near,na,2072.0,0.3345763038743537,0.0
case_g037_op02,54.0,Te,chamber_far,na,124681.0,0.12281246449295381,0.0
case_g037_op02,54.0,Te,all_plasma,na,128000.0,0.5469087683506614,-0.5530576360352109
case_g037_op02,54.0,phi,boundary_in,na,4998.0,0.7759688647972879,0.969875534722588
case_g037_op02,54.0,phi,plasma_mid,na,12932.0,1.2427967828000028,0.9126332123589445
case_g037_op02,54.0,phi,plasma_deep,na,110070.0,1.802275244129742,0.786026017255966
case_g037_op02,54.0,phi,chamber_near,na,2072.0,0.29718250292596565,0.0
case_g037_op02,54.0,phi,chamber_far,na,124681.0,0.3584244573400277,0.0
case_g037_op02,54.0,phi,all_plasma,na,128000.0,1.724167405414895,0.8562903146800123
case_g043_op05,55.0,ne,boundary_in,na,4998.0,2.9186131556190456e+16,0.9853887281743507
case_g043_op05,55.0,ne,plasma_mid,na,12932.0,3.332320836445544e+16,0.9796829081211871
case_g043_op05,55.0,ne,plasma_deep,na,110070.0,1.2851856103095922e+17,0.9287292688422754
case_g043_op05,55.0,ne,chamber_near,na,2072.0,3408157198996733.5,0.0
case_g043_op05,55.0,ne,chamber_far,na,124681.0,3366254355146278.0,0.0
case_g043_op05,55.0,ne,all_plasma,na,128000.0,1.197864655639736e+17,0.9450992898759634
case_g043_op05,55.0,ni,boundary_in,na,4998.0,2.8147636213730816e+16,0.9863946154691489
case_g043_op05,55.0,ni,plasma_mid,na,12932.0,3.2212939357308184e+16,0.9810135673858138
case_g043_op05,55.0,ni,plasma_deep,na,110070.0,1.2663584729692189e+17,0.9308020298222442
case_g043_op05,55.0,ni,chamber_near,na,2072.0,4909055276753852.0,0.0
case_g043_op05,55.0,ni,chamber_far,na,124681.0,3025037570001212.5,0.0
case_g043_op05,55.0,ni,all_plasma,na,128000.0,1.1800859941747862e+17,0.9467122197277336
case_g043_op05,55.0,Te,boundary_in,na,4998.0,0.33284450667941007,-0.5449668237500915
case_g043_op05,55.0,Te,plasma_mid,na,12932.0,0.25248199579806535,0.06285715677161285
case_g043_op05,55.0,Te,plasma_deep,na,110070.0,0.1556180797693307,-0.07007804004610585
case_g043_op05,55.0,Te,chamber_near,na,2072.0,0.25444532994171154,0.0
case_g043_op05,55.0,Te,chamber_far,na,124681.0,0.1362022807810388,0.0
case_g043_op05,55.0,Te,all_plasma,na,128000.0,0.17773856632454624,-0.07473870035674457
case_g043_op05,55.0,phi,boundary_in,na,4998.0,0.3953845687191967,0.9729983639192863
case_g043_op05,55.0,phi,plasma_mid,na,12932.0,0.4323697842601289,0.9392224699308221
case_g043_op05,55.0,phi,plasma_deep,na,110070.0,0.45739159390346185,0.8939749195863005
case_g043_op05,55.0,phi,chamber_near,na,2072.0,0.24633619226445488,0.0
case_g043_op05,55.0,phi,chamber_far,na,124681.0,0.26252999941521676,0.0
case_g043_op05,55.0,phi,all_plasma,na,128000.0,0.452651126089107,0.9513550321449333
case_g053_op04,56.0,ne,boundary_in,na,4998.0,1.5657439717291424e+17,0.908842621465572
case_g053_op04,56.0,ne,plasma_mid,na,12932.0,1.8319167670320682e+17,0.8688166107364841
case_g053_op04,56.0,ne,plasma_deep,na,110070.0,4.071245058744333e+17,0.848243962712295
case_g053_op04,56.0,ne,chamber_near,na,2072.0,7618002341178809.0,0.0
case_g053_op04,56.0,ne,chamber_far,na,124681.0,3825857034809075.5,0.0
case_g053_op04,56.0,ne,all_plasma,na,128000.0,3.832494558786787e+17,0.8794321524738654
case_g053_op04,56.0,ni,boundary_in,na,4998.0,1.515605465803951e+17,0.9145274441104386
case_g053_op04,56.0,ni,plasma_mid,na,12932.0,1.8359070450736397e+17,0.8682426843912286
case_g053_op04,56.0,ni,plasma_deep,na,110070.0,4.0946169955593837e+17,0.8464965078515708
case_g053_op04,56.0,ni,chamber_near,na,2072.0,6874592531199218.0,0.0
case_g053_op04,56.0,ni,chamber_far,na,124681.0,2940646946126123.0,0.0
case_g053_op04,56.0,ni,all_plasma,na,128000.0,3.853255571831945e+17,0.8781161614628512
case_g053_op04,56.0,Te,boundary_in,na,4998.0,0.37103195827252594,-1.4654683324770175
case_g053_op04,56.0,Te,plasma_mid,na,12932.0,0.2600463796614177,-0.27169660360637726
case_g053_op04,56.0,Te,plasma_deep,na,110070.0,0.17777217791145006,-0.8363297183651204
case_g053_op04,56.0,Te,chamber_near,na,2072.0,0.2026261402289215,0.0
case_g053_op04,56.0,Te,chamber_far,na,124681.0,0.11356080681007694,0.0
case_g053_op04,56.0,Te,all_plasma,na,128000.0,0.1984529965967269,-0.745366978449737
case_g053_op04,56.0,phi,boundary_in,na,4998.0,0.43969523152888096,0.9590598018553828
case_g053_op04,56.0,phi,plasma_mid,na,12932.0,0.32821481362037885,0.9561862073243973
case_g053_op04,56.0,phi,plasma_deep,na,110070.0,0.2766835794353913,0.9506652965387405
case_g053_op04,56.0,phi,chamber_near,na,2072.0,0.7589009328589826,0.0
case_g053_op04,56.0,phi,chamber_far,na,124681.0,0.24198076342040145,0.0
case_g053_op04,56.0,phi,all_plasma,na,128000.0,0.2902806987786263,0.9740311348487831
case_g047_op03,57.0,ne,boundary_in,na,4998.0,6590421905534276.0,0.7702652698227387
case_g047_op03,57.0,ne,plasma_mid,na,12932.0,4594796696284445.0,0.8797191683502631
case_g047_op03,57.0,ne,plasma_deep,na,110070.0,2.0356773924984724e+16,0.23138346449268665
case_g047_op03,57.0,ne,chamber_near,na,2072.0,2968676111181566.0,0.0
case_g047_op03,57.0,ne,chamber_far,na,124681.0,2926963519357296.5,0.0
case_g047_op03,57.0,ne,all_plasma,na,128000.0,1.897838380444286e+16,0.4189621894990573
case_g047_op03,57.0,ni,boundary_in,na,4998.0,5749171323695241.0,0.8244406561856679
case_g047_op03,57.0,ni,plasma_mid,na,12932.0,4258341595502257.0,0.8966232108469641
case_g047_op03,57.0,ni,plasma_deep,na,110070.0,1.610069083645987e+16,0.5191571580107017
case_g047_op03,57.0,ni,chamber_near,na,2072.0,3236495495002696.0,0.0
case_g047_op03,57.0,ni,chamber_far,na,124681.0,2339034545320852.5,0.0
case_g047_op03,57.0,ni,all_plasma,na,128000.0,1.5034697909055628e+16,0.6351416800556826
case_g047_op03,57.0,Te,boundary_in,na,4998.0,1.2982373171262132,-8.795131643179234
case_g047_op03,57.0,Te,plasma_mid,na,12932.0,0.9717786882283855,-4.571727087801942
case_g047_op03,57.0,Te,plasma_deep,na,110070.0,0.9383357169590798,-9.717810331814913
case_g047_op03,57.0,Te,chamber_near,na,2072.0,0.3264908007599379,0.0
case_g047_op03,57.0,Te,chamber_far,na,124681.0,0.11668485653319491,0.0
case_g047_op03,57.0,Te,all_plasma,na,128000.0,0.9583101889163069,-8.542333965585703
case_g047_op03,57.0,phi,boundary_in,na,4998.0,1.1579348577203399,0.9165003194896195
case_g047_op03,57.0,phi,plasma_mid,na,12932.0,1.0906960961618684,0.8976029450841019
case_g047_op03,57.0,phi,plasma_deep,na,110070.0,2.418228914331214,0.34697063045703835
case_g047_op03,57.0,phi,chamber_near,na,2072.0,0.41450702934617034,0.0
case_g047_op03,57.0,phi,chamber_far,na,124681.0,0.3628886901725237,0.0
case_g047_op03,57.0,phi,all_plasma,na,128000.0,2.280618561406806,0.6915282724451441
case_g020_op02,58.0,ne,boundary_in,na,4998.0,2.758254016160347e+17,0.8621449606261452
case_g020_op02,58.0,ne,plasma_mid,na,12932.0,3.512848972086759e+17,0.7706550070267567
case_g020_op02,58.0,ne,plasma_deep,na,110070.0,1.1157067405732997e+18,0.503235304172317
case_g020_op02,58.0,ne,chamber_near,na,2072.0,6976014737093556.0,0.0
case_g020_op02,58.0,ne,chamber_far,na,124681.0,4924526096834379.0,0.0
case_g020_op02,58.0,ne,all_plasma,na,128000.0,1.0420509125942908e+18,0.5992636933127903
case_g020_op02,58.0,ni,boundary_in,na,4998.0,2.6962210345934192e+17,0.8682058116723431
case_g020_op02,58.0,ni,plasma_mid,na,12932.0,3.5210113814718906e+17,0.7695859851323337
case_g020_op02,58.0,ni,plasma_deep,na,110070.0,1.1203155913649481e+18,0.49912254730014605
case_g020_op02,58.0,ni,chamber_near,na,2072.0,6317430088551237.0,0.0
case_g020_op02,58.0,ni,chamber_far,na,124681.0,3668371276124406.0,0.0
case_g020_op02,58.0,ni,all_plasma,na,128000.0,1.0462590075624842e+18,0.5960064853737402
case_g020_op02,58.0,Te,boundary_in,na,4998.0,0.45321076493229506,-2.7523403506689386
case_g020_op02,58.0,Te,plasma_mid,na,12932.0,0.26888439070042414,-0.3995697625145558
case_g020_op02,58.0,Te,plasma_deep,na,110070.0,0.17556768733031636,-0.8623225545644122
case_g020_op02,58.0,Te,chamber_near,na,2072.0,0.17489893022990521,0.0
case_g020_op02,58.0,Te,chamber_far,na,124681.0,0.10596777766256604,0.0
case_g020_op02,58.0,Te,all_plasma,na,128000.0,0.20452606349048508,-0.9162125749878274
case_g020_op02,58.0,phi,boundary_in,na,4998.0,0.6561008706883419,0.9022011034050054
case_g020_op02,58.0,phi,plasma_mid,na,12932.0,0.49042759082295695,0.9012557140284049
case_g020_op02,58.0,phi,plasma_deep,na,110070.0,0.435277612438434,0.8826235616215802
case_g020_op02,58.0,phi,chamber_near,na,2072.0,0.9155945998102493,0.0
case_g020_op02,58.0,phi,chamber_far,na,124681.0,0.36768618703430805,0.0
case_g020_op02,58.0,phi,all_plasma,na,128000.0,0.45170219770459696,0.9339498923181745
case_g027_op03,59.0,ne,boundary_in,na,4998.0,8837576967252647.0,0.29728277180493934
case_g027_op03,59.0,ne,plasma_mid,na,12932.0,7363220202387098.0,0.5033720538188171
case_g027_op03,59.0,ne,plasma_deep,na,110070.0,1.2773901752702892e+16,0.08798519430912055
case_g027_op03,59.0,ne,chamber_near,na,2072.0,4360664137300230.5,0.0
case_g027_op03,59.0,ne,chamber_far,na,124681.0,3614259202152208.0,0.0
case_g027_op03,59.0,ne,all_plasma,na,128000.0,1.2200120504633502e+16,0.18381659207065926
case_g027_op03,59.0,ni,boundary_in,na,4998.0,9772194243763258.0,0.13822284686973407
case_g027_op03,59.0,ni,plasma_mid,na,12932.0,7839663201403545.0,0.4367184473146667
case_g027_op03,59.0,ni,plasma_deep,na,110070.0,1.3317213722836592e+16,0.00871052804072292
case_g027_op03,59.0,ni,chamber_near,na,2072.0,3361099471022690.5,0.0
case_g027_op03,59.0,ni,chamber_far,na,124681.0,2162327791236262.5,0.0
case_g027_op03,59.0,ni,all_plasma,na,128000.0,1.2745344455470316e+16,0.10879678989385755
case_g027_op03,59.0,Te,boundary_in,na,4998.0,1.0467947324984488,-0.2536215345635453
case_g027_op03,59.0,Te,plasma_mid,na,12932.0,0.7043604804751394,0.4278368742410239
case_g027_op03,59.0,Te,plasma_deep,na,110070.0,0.930348593322484,-0.43196940813272344
case_g027_op03,59.0,Te,chamber_near,na,2072.0,0.41343309679577583,0.0
case_g027_op03,59.0,Te,chamber_far,na,124681.0,0.13740475657014306,0.0
case_g027_op03,59.0,Te,all_plasma,na,128000.0,0.9149944499950672,-0.29869088096087215
case_g027_op03,59.0,phi,boundary_in,na,4998.0,1.2063254690335699,0.9666807935692866
case_g027_op03,59.0,phi,plasma_mid,na,12932.0,1.6217901033328015,0.9341429818895308
case_g027_op03,59.0,phi,plasma_deep,na,110070.0,2.3329374046676215,0.8564534526818908
case_g027_op03,59.0,phi,chamber_near,na,2072.0,0.38845247477070965,0.0
case_g027_op03,59.0,phi,chamber_far,na,124681.0,0.40138309248554194,0.0
case_g027_op03,59.0,phi,all_plasma,na,128000.0,2.2366856527450443,0.8973782874050714
case_g041_op04,60.0,ne,boundary_in,na,4998.0,1.7592253526750035e+17,0.8074527916733514
case_g041_op04,60.0,ne,plasma_mid,na,12932.0,1.8858282996028157e+17,0.7710537746332672
case_g041_op04,60.0,ne,plasma_deep,na,110070.0,4.157305057657456e+17,0.6530975502414151
case_g041_op04,60.0,ne,chamber_near,na,2072.0,3841172279764168.5,0.0
case_g041_op04,60.0,ne,chamber_far,na,124681.0,3384795417268699.0,0.0
case_g041_op04,60.0,ne,all_plasma,na,128000.0,3.9169294887041555e+17,0.7030614178814422
case_g041_op04,60.0,ni,boundary_in,na,4998.0,1.6995508249050502e+17,0.8201799064357536
case_g041_op04,60.0,ni,plasma_mid,na,12932.0,1.8585095644662896e+17,0.7776350652691069
case_g041_op04,60.0,ni,plasma_deep,na,110070.0,4.127929280467954e+17,0.6579824928278236
case_g041_op04,60.0,ni,chamber_near,na,2072.0,3669118125376419.0,0.0
case_g041_op04,60.0,ni,chamber_far,na,124681.0,2871347548163398.0,0.0
case_g041_op04,60.0,ni,all_plasma,na,128000.0,3.887756488204225e+17,0.7074534700946726
case_g041_op04,60.0,Te,boundary_in,na,4998.0,0.33713107531113357,-0.11911145787478716
case_g041_op04,60.0,Te,plasma_mid,na,12932.0,0.2639741776765045,0.2537188726867837
case_g041_op04,60.0,Te,plasma_deep,na,110070.0,0.20322466711056017,-0.3042513913740532
case_g041_op04,60.0,Te,chamber_near,na,2072.0,0.2282475842161281,0.0
case_g041_op04,60.0,Te,chamber_far,na,124681.0,0.12319953654040876,0.0
case_g041_op04,60.0,Te,all_plasma,na,128000.0,0.21677883426850347,-0.14406625851441945
case_g041_op04,60.0,phi,boundary_in,na,4998.0,0.42602951926868116,0.975024529739809
case_g041_op04,60.0,phi,plasma_mid,na,12932.0,0.4681182269560727,0.9554166922609868
case_g041_op04,60.0,phi,plasma_deep,na,110070.0,0.6239838726407029,0.8885906367357327
case_g041_op04,60.0,phi,chamber_near,na,2072.0,0.2083377290245671,0.0
case_g041_op04,60.0,phi,chamber_far,na,124681.0,0.2872586232190178,0.0
case_g041_op04,60.0,phi,all_plasma,na,128000.0,0.6033590435755759,0.9354163112386782
case_g031_op03,61.0,ne,boundary_in,na,4998.0,4.637065338486698e+17,0.6271728478496292
case_g031_op03,61.0,ne,plasma_mid,na,12932.0,5.074076246166548e+17,0.5430573097343032
case_g031_op03,61.0,ne,plasma_deep,na,110070.0,1.0635582897965194e+18,0.44278367967996957
case_g031_op03,61.0,ne,chamber_near,na,2072.0,5746130516434571.0,0.0
case_g031_op03,61.0,ne,chamber_far,na,124681.0,3495844944134458.5,0.0
case_g031_op03,61.0,ne,all_plasma,na,128000.0,1.0035505740246737e+18,0.5189222270384117
case_g031_op03,61.0,ni,boundary_in,na,4998.0,4.585197855897109e+17,0.6353069535391331
case_g031_op03,61.0,ni,plasma_mid,na,12932.0,5.0732056575947354e+17,0.5432103940309876
case_g031_op03,61.0,ni,plasma_deep,na,110070.0,1.0656197594326483e+18,0.44062136976645083
case_g031_op03,61.0,ni,chamber_near,na,2072.0,5486518144327484.0,0.0
case_g031_op03,61.0,ni,chamber_far,na,124681.0,3008842688610180.5,0.0
case_g031_op03,61.0,ni,all_plasma,na,128000.0,1.0053320119667485e+18,0.5171977444428459
case_g031_op03,61.0,Te,boundary_in,na,4998.0,0.34215723204939696,-0.4838832511543856
case_g031_op03,61.0,Te,plasma_mid,na,12932.0,0.2779992789317989,-0.06748547340174382
case_g031_op03,61.0,Te,plasma_deep,na,110070.0,0.16501654444626418,-0.12208888682375818
case_g031_op03,61.0,Te,chamber_near,na,2072.0,0.19083895012644228,0.0
case_g031_op03,61.0,Te,chamber_far,na,124681.0,0.11892974711621399,0.0
case_g031_op03,61.0,Te,all_plasma,na,128000.0,0.18919673835983258,-0.13080539996064378
case_g031_op03,61.0,phi,boundary_in,na,4998.0,0.5629420740274166,0.9449293549003461
case_g031_op03,61.0,phi,plasma_mid,na,12932.0,0.5522257204768091,0.9192790430743262
case_g031_op03,61.0,phi,plasma_deep,na,110070.0,0.4994840282079381,0.9074850169936262
case_g031_op03,61.0,phi,chamber_near,na,2072.0,0.5827333268818918,0.0
case_g031_op03,61.0,phi,chamber_far,na,124681.0,0.2700423407889683,0.0
case_g031_op03,61.0,phi,all_plasma,na,128000.0,0.5076622028068426,0.9401907955451905
case_g054_op02,62.0,ne,boundary_in,na,4998.0,2.413968305947999e+16,0.7958578064129406
case_g054_op02,62.0,ne,plasma_mid,na,12932.0,1.9431062439078504e+16,0.8621018187742837
case_g054_op02,62.0,ne,plasma_deep,na,110070.0,4.9842225432327336e+16,0.6979460928581609
case_g054_op02,62.0,ne,chamber_near,na,2072.0,3380445127130234.5,0.0
case_g054_op02,62.0,ne,chamber_far,na,124681.0,2898147677696237.5,0.0
case_g054_op02,62.0,ne,all_plasma,na,128000.0,4.6873854758097144e+16,0.7455773044745386
case_g054_op02,62.0,ni,boundary_in,na,4998.0,2.4318867626263384e+16,0.7924472388378189
case_g054_op02,62.0,ni,plasma_mid,na,12932.0,1.930010672325816e+16,0.8639349727686326
case_g054_op02,62.0,ni,plasma_deep,na,110070.0,5.011343112963859e+16,0.6946477907319426
case_g054_op02,62.0,ni,chamber_near,na,2072.0,4808720722019957.0,0.0
case_g054_op02,62.0,ni,chamber_far,na,124681.0,2946565138131648.5,0.0
case_g054_op02,62.0,ni,all_plasma,na,128000.0,4.71200180079706e+16,0.7428519559777815
case_g054_op02,62.0,Te,boundary_in,na,4998.0,0.3570847229585688,0.36349606025378733
case_g054_op02,62.0,Te,plasma_mid,na,12932.0,0.2538246060736997,0.6665673435670206
case_g054_op02,62.0,Te,plasma_deep,na,110070.0,0.16932786472109548,0.6610703454734899
case_g054_op02,62.0,Te,chamber_near,na,2072.0,0.35457301433168276,0.0
case_g054_op02,62.0,Te,chamber_far,na,124681.0,0.16506385580401267,0.0
case_g054_op02,62.0,Te,all_plasma,na,128000.0,0.19011469430102074,0.6434741819941069
case_g054_op02,62.0,phi,boundary_in,na,4998.0,0.5112725944666219,0.9795872965417304
case_g054_op02,62.0,phi,plasma_mid,na,12932.0,0.7335596068754301,0.9464287546613254
case_g054_op02,62.0,phi,plasma_deep,na,110070.0,0.6482544895532812,0.9473864880309036
case_g054_op02,62.0,phi,chamber_near,na,2072.0,0.42687900622973723,0.0
case_g054_op02,62.0,phi,chamber_far,na,124681.0,0.34584402512774925,0.0
case_g054_op02,62.0,phi,all_plasma,na,128000.0,0.652641589380112,0.9659164171790744
case_g059_op06,63.0,ne,boundary_in,na,4998.0,5420772416810633.0,0.955750193484119
case_g059_op06,63.0,ne,plasma_mid,na,12932.0,7486968941948035.0,0.9089623930883795
case_g059_op06,63.0,ne,plasma_deep,na,110070.0,2.5664333618468144e+16,0.7577903111875024
case_g059_op06,63.0,ne,chamber_near,na,2072.0,3163166910439224.5,0.0
case_g059_op06,63.0,ne,chamber_far,na,124681.0,2791972194466982.0,0.0
case_g059_op06,63.0,ne,all_plasma,na,128000.0,2.3941702111580904e+16,0.8149208092138907
case_g059_op06,63.0,ni,boundary_in,na,4998.0,5102087106021709.0,0.9606655909803982
case_g059_op06,63.0,ni,plasma_mid,na,12932.0,7781134572981217.0,0.9016326040413516
case_g059_op06,63.0,ni,plasma_deep,na,110070.0,2.6112668387775876e+16,0.7492492800973476
case_g059_op06,63.0,ni,chamber_near,na,2072.0,4208584476577037.0,0.0
case_g059_op06,63.0,ni,chamber_far,na,124681.0,2961785548150327.5,0.0
case_g059_op06,63.0,ni,all_plasma,na,128000.0,2.4361643219577052e+16,0.8083070128524095
case_g059_op06,63.0,Te,boundary_in,na,4998.0,0.3794472143669613,-0.03248632672824203
case_g059_op06,63.0,Te,plasma_mid,na,12932.0,0.2535576668125244,0.5268030057508178
case_g059_op06,63.0,Te,plasma_deep,na,110070.0,0.2076663188594504,0.2506073994463247
case_g059_op06,63.0,Te,chamber_near,na,2072.0,0.32954490162866534,0.0
case_g059_op06,63.0,Te,chamber_far,na,124681.0,0.14832251134715477,0.0
case_g059_op06,63.0,Te,all_plasma,na,128000.0,0.2218148211640928,0.29374925676194696
case_g059_op06,63.0,phi,boundary_in,na,4998.0,0.5848737965490288,0.9683592487260888
case_g059_op06,63.0,phi,plasma_mid,na,12932.0,0.9106950512226858,0.8845827475288924
case_g059_op06,63.0,phi,plasma_deep,na,110070.0,0.7974687328025523,0.8827285743723826
case_g059_op06,63.0,phi,chamber_near,na,2072.0,0.42742850637791296,0.0
case_g059_op06,63.0,phi,chamber_far,na,124681.0,0.3889278431692932,0.0
case_g059_op06,63.0,phi,all_plasma,na,128000.0,0.8025096168565905,0.9403983447355011
case_g016_op02,64.0,ne,boundary_in,na,4998.0,8.194966281902978e+16,0.5914136108802447
case_g016_op02,64.0,ne,plasma_mid,na,12932.0,7.272405026916424e+16,0.6673738747248733
case_g016_op02,64.0,ne,plasma_deep,na,110070.0,9.647292263414554e+16,0.7630371385077027
case_g016_op02,64.0,ne,chamber_near,na,2072.0,3715108712653800.0,0.0
case_g016_op02,64.0,ne,chamber_far,na,124681.0,2819533445558934.0,0.0
case_g016_op02,64.0,ne,all_plasma,na,128000.0,9.380765412136821e+16,0.7825032314509757
case_g016_op02,64.0,ni,boundary_in,na,4998.0,8.15233004073138e+16,0.5952429290027816
case_g016_op02,64.0,ni,plasma_mid,na,12932.0,7.1754089488702024e+16,0.6761691863443701
case_g016_op02,64.0,ni,plasma_deep,na,110070.0,9.510319871264707e+16,0.7697175682935498
case_g016_op02,64.0,ni,chamber_near,na,2072.0,4771443035711364.0,0.0
case_g016_op02,64.0,ni,chamber_far,na,124681.0,3405814438215409.0,0.0
case_g016_op02,64.0,ni,all_plasma,na,128000.0,9.2505930208199e+16,0.7884766746885276
case_g016_op02,64.0,Te,boundary_in,na,4998.0,0.3384008333445793,0.397784512385972
case_g016_op02,64.0,Te,plasma_mid,na,12932.0,0.22859227793746992,0.7095419540162262
case_g016_op02,64.0,Te,plasma_deep,na,110070.0,0.12924581562792326,0.768132736869833
case_g016_op02,64.0,Te,chamber_near,na,2072.0,0.2667598508069099,0.0
case_g016_op02,64.0,Te,chamber_far,na,124681.0,0.16540194124370106,0.0
case_g016_op02,64.0,Te,all_plasma,na,128000.0,0.15529113486035143,0.7271110490764665
case_g016_op02,64.0,phi,boundary_in,na,4998.0,0.6865296083821121,0.959930162130931
case_g016_op02,64.0,phi,plasma_mid,na,12932.0,0.8632278319653114,0.9191844159199272
case_g016_op02,64.0,phi,plasma_deep,na,110070.0,0.6303854036220702,0.9439014070251659
case_g016_op02,64.0,phi,chamber_near,na,2072.0,0.30657761239503317,0.0
case_g016_op02,64.0,phi,chamber_far,na,124681.0,0.39140536391849146,0.0
case_g016_op02,64.0,phi,all_plasma,na,128000.0,0.6598553397739729,0.9587873166750921
case_g042_op06,65.0,ne,boundary_in,na,4998.0,2.0413104603496982e+17,0.9362534053208291
case_g042_op06,65.0,ne,plasma_mid,na,12932.0,2.667777466885923e+17,0.8875299718410022
case_g042_op06,65.0,ne,plasma_deep,na,110070.0,8.256770504697633e+17,0.7571494071137319
case_g042_op06,65.0,ne,chamber_near,na,2072.0,4.2668004937715736e+16,0.0
case_g042_op06,65.0,ne,chamber_far,na,124681.0,6850773002909321.0,0.0
case_g042_op06,65.0,ne,all_plasma,na,128000.0,7.71403177257226e+17,0.8069301923500733
case_g042_op06,65.0,ni,boundary_in,na,4998.0,1.9717663849575814e+17,0.9404924456904449
case_g042_op06,65.0,ni,plasma_mid,na,12932.0,2.6934873083659005e+17,0.8853508254078273
case_g042_op06,65.0,ni,plasma_deep,na,110070.0,8.30071394569205e+17,0.7545575112760864
case_g042_op06,65.0,ni,chamber_near,na,2072.0,3.0753360627207972e+16,0.0
case_g042_op06,65.0,ni,chamber_far,na,124681.0,4828528426078060.0,0.0
case_g042_op06,65.0,ni,all_plasma,na,128000.0,7.754675211416105e+17,0.8048835141283752
case_g042_op06,65.0,Te,boundary_in,na,4998.0,0.5692482423489541,-5.458424557869175
case_g042_op06,65.0,Te,plasma_mid,na,12932.0,0.2932419428191332,-0.7970973349384394
case_g042_op06,65.0,Te,plasma_deep,na,110070.0,0.28157454818465927,-4.203081427981958
case_g042_op06,65.0,Te,chamber_near,na,2072.0,0.2665059194847983,0.0
case_g042_op06,65.0,Te,chamber_far,na,124681.0,0.11999201910221309,0.0
case_g042_op06,65.0,Te,all_plasma,na,128000.0,0.2991970765732972,-3.4530914112071303
case_g042_op06,65.0,phi,boundary_in,na,4998.0,0.6583675186063087,0.8974499474272852
case_g042_op06,65.0,phi,plasma_mid,na,12932.0,0.4635210213185727,0.904446196035612
case_g042_op06,65.0,phi,plasma_deep,na,110070.0,0.4566776912756437,0.8548462341160445
case_g042_op06,65.0,phi,chamber_near,na,2072.0,1.7203956144415844,0.0
case_g042_op06,65.0,phi,chamber_far,na,124681.0,0.5776354486287958,0.0
case_g042_op06,65.0,phi,all_plasma,na,128000.0,0.46687483301250576,0.9242674663255057
case_g003_op04,66.0,ne,boundary_in,na,4998.0,4.576820629630538e+16,0.8278840190742787
case_g003_op04,66.0,ne,plasma_mid,na,12932.0,3.7430102054976984e+16,0.8795306797232418
case_g003_op04,66.0,ne,plasma_deep,na,110070.0,5.6177714928243416e+16,0.9065681288929366
case_g003_op04,66.0,ne,chamber_near,na,2072.0,4848371304118420.0,0.0
case_g003_op04,66.0,ne,chamber_far,na,124681.0,2949718783314674.0,0.0
case_g003_op04,66.0,ne,all_plasma,na,128000.0,5.419591094923916e+16,0.9179760510280321
case_g003_op04,66.0,ni,boundary_in,na,4998.0,4.5452005077549896e+16,0.8300375042133358
case_g003_op04,66.0,ni,plasma_mid,na,12932.0,3.6018548882945804e+16,0.8884375442571277
case_g003_op04,66.0,ni,plasma_deep,na,110070.0,5.465891099950264e+16,0.9115515322033538
case_g003_op04,66.0,ni,chamber_near,na,2072.0,4001399103357712.0,0.0
case_g003_op04,66.0,ni,chamber_far,na,124681.0,3454668325978984.0,0.0
case_g003_op04,66.0,ni,all_plasma,na,128000.0,5.27336461532675e+16,0.9223330704430103
case_g003_op04,66.0,Te,boundary_in,na,4998.0,0.4060348620459886,-0.08463443308299157
case_g003_op04,66.0,Te,plasma_mid,na,12932.0,0.2841842737882924,0.4381667092656918
case_g003_op04,66.0,Te,plasma_deep,na,110070.0,0.15925992608421222,0.5311795387988892
case_g003_op04,66.0,Te,chamber_near,na,2072.0,0.26930027382371674,0.0
case_g003_op04,66.0,Te,chamber_far,na,124681.0,0.1812094219962408,0.0
case_g003_op04,66.0,Te,all_plasma,na,128000.0,0.19080778768417836,0.4619466305439698
case_g003_op04,66.0,phi,boundary_in,na,4998.0,0.5145172612034425,0.9744797127338237
case_g003_op04,66.0,phi,plasma_mid,na,12932.0,0.6004515151862392,0.9516007428982036
case_g003_op04,66.0,phi,plasma_deep,na,110070.0,0.6146788217500391,0.9301389547090847
case_g003_op04,66.0,phi,chamber_near,na,2072.0,0.32738605010324023,0.0
case_g003_op04,66.0,phi,chamber_far,na,124681.0,0.3931428743162061,0.0
case_g003_op04,66.0,phi,all_plasma,na,128000.0,0.6096450944227295,0.9585747800888251
case_g030_op03,67.0,ne,boundary_in,na,4998.0,6223803790107225.0,0.6427580531953621
case_g030_op03,67.0,ne,plasma_mid,na,12932.0,4026389585257291.5,0.8409162655158304
case_g030_op03,67.0,ne,plasma_deep,na,110070.0,1.3832926172016892e+16,0.16582554461613686
case_g030_op03,67.0,ne,chamber_near,na,2072.0,2980382127416974.5,0.0
case_g030_op03,67.0,ne,chamber_far,na,124681.0,2785438705201311.0,0.0
case_g030_op03,67.0,ne,all_plasma,na,128000.0,1.2949761691109676e+16,0.3539502696184168
case_g030_op03,67.0,ni,boundary_in,na,4998.0,6056364350462433.0,0.6602285040781912
case_g030_op03,67.0,ni,plasma_mid,na,12932.0,3590746056723795.5,0.8733780441405653
case_g030_op03,67.0,ni,plasma_deep,na,110070.0,1.3173113414783748e+16,0.2434442007265849
case_g030_op03,67.0,ni,chamber_near,na,2072.0,2979821943150159.5,0.0
case_g030_op03,67.0,ni,chamber_far,na,124681.0,2149555771170766.5,0.0
case_g030_op03,67.0,ni,all_plasma,na,128000.0,1.2327120321597796e+16,0.4141437678838512
case_g030_op03,67.0,Te,boundary_in,na,4998.0,1.2925071120728693,-7.071579407857291
case_g030_op03,67.0,Te,plasma_mid,na,12932.0,0.9576164795000749,-3.484108265606813
case_g030_op03,67.0,Te,plasma_deep,na,110070.0,1.095753421609729,-10.207425707550518
case_g030_op03,67.0,Te,chamber_near,na,2072.0,0.37657150304439047,0.0
case_g030_op03,67.0,Te,chamber_far,na,124681.0,0.1253633487324956,0.0
case_g030_op03,67.0,Te,all_plasma,na,128000.0,1.0910391914437536,-8.658148411617896
case_g030_op03,67.0,phi,boundary_in,na,4998.0,1.0763406300544265,0.9481661728411004
case_g030_op03,67.0,phi,plasma_mid,na,12932.0,0.977848713396267,0.9442909590216713
case_g030_op03,67.0,phi,plasma_deep,na,110070.0,2.403204469572916,0.5653210967138296
case_g030_op03,67.0,phi,chamber_near,na,2072.0,0.35491354212595366,0.0
case_g030_op03,67.0,phi,chamber_far,na,124681.0,0.3319721804817082,0.0
case_g030_op03,67.0,phi,all_plasma,na,128000.0,2.2601386507448815,0.7799462729598078
case_g011_op02,68.0,ne,boundary_in,na,4998.0,1.803585598906761e+17,0.8759287791461654
case_g011_op02,68.0,ne,plasma_mid,na,12932.0,2.158220178891822e+17,0.8191516047145674
case_g011_op02,68.0,ne,plasma_deep,na,110070.0,6.977140389582223e+17,0.5811559211379813
case_g011_op02,68.0,ne,chamber_near,na,2072.0,6075336009415386.0,0.0
case_g011_op02,68.0,ne,chamber_far,na,124681.0,3953437395081092.0,0.0
case_g011_op02,68.0,ne,all_plasma,na,128000.0,6.516059226170854e+17,0.6454033653400211
case_g011_op02,68.0,ni,boundary_in,na,4998.0,1.7486626968691315e+17,0.8833010643716178
case_g011_op02,68.0,ni,plasma_mid,na,12932.0,2.1463281871824022e+17,0.8211368502692752
case_g011_op02,68.0,ni,plasma_deep,na,110070.0,6.975038826109367e+17,0.5814080552754223
case_g011_op02,68.0,ni,chamber_near,na,2072.0,4039824755399291.5,0.0
case_g011_op02,68.0,ni,chamber_far,na,124681.0,2825105760535913.5,0.0
case_g011_op02,68.0,ni,all_plasma,na,128000.0,6.513142401523267e+17,0.6457074022217641
case_g011_op02,68.0,Te,boundary_in,na,4998.0,0.351542030350899,-0.43810921211834297
case_g011_op02,68.0,Te,plasma_mid,na,12932.0,0.26264030483181916,0.12792911681665575
case_g011_op02,68.0,Te,plasma_deep,na,110070.0,0.21408792308767347,-0.7044964394904247
case_g011_op02,68.0,Te,chamber_near,na,2072.0,0.20472948022141255,0.0
case_g011_op02,68.0,Te,chamber_far,na,124681.0,0.10874048703233022,0.0
case_g011_op02,68.0,Te,all_plasma,na,128000.0,0.22629175904544643,-0.46546729382642593
case_g011_op02,68.0,phi,boundary_in,na,4998.0,0.4692218231622975,0.9628602069671218
case_g011_op02,68.0,phi,plasma_mid,na,12932.0,0.45131799468373657,0.9477982407673642
case_g011_op02,68.0,phi,plasma_deep,na,110070.0,0.6079376936410957,0.8718405242573037
case_g011_op02,68.0,phi,chamber_near,na,2072.0,0.36742189481657783,0.0
case_g011_op02,68.0,phi,chamber_far,na,124681.0,0.2810681183917132,0.0
case_g011_op02,68.0,phi,all_plasma,na,128000.0,0.5890609257569682,0.9256267736489765
case_g036_op02,69.0,ne,boundary_in,na,4998.0,2.3822387993536234e+17,0.9156305297058851
case_g036_op02,69.0,ne,plasma_mid,na,12932.0,3.05989444275636e+17,0.857209147107224
case_g036_op02,69.0,ne,plasma_deep,na,110070.0,9.686086170575969e+17,0.6908198094960417
case_g036_op02,69.0,ne,chamber_near,na,2072.0,3.874447903142459e+16,0.0
case_g036_op02,69.0,ne,chamber_far,na,124681.0,6676661660360825.0,0.0
case_g036_op02,69.0,ne,all_plasma,na,128000.0,9.046858174203968e+17,0.7517369006640479
case_g036_op02,69.0,ni,boundary_in,na,4998.0,2.303375381675229e+17,0.9210844864358416
case_g036_op02,69.0,ni,plasma_mid,na,12932.0,3.0835383107876365e+17,0.8549928045917863
case_g036_op02,69.0,ni,plasma_deep,na,110070.0,9.732368743606516e+17,0.6878579945475436
case_g036_op02,69.0,ni,chamber_near,na,2072.0,2.7793767278112012e+16,0.0
case_g036_op02,69.0,ni,chamber_far,na,124681.0,4897693665006910.0,0.0
case_g036_op02,69.0,ni,all_plasma,na,128000.0,9.089484700756223e+17,0.7493835781071196
case_g036_op02,69.0,Te,boundary_in,na,4998.0,0.5505154278765078,-4.9387247641473815
case_g036_op02,69.0,Te,plasma_mid,na,12932.0,0.29475758961662035,-0.7942002466815865
case_g036_op02,69.0,Te,plasma_deep,na,110070.0,0.27171596677426535,-3.8005035295448737
case_g036_op02,69.0,Te,chamber_near,na,2072.0,0.2589709718793435,0.0
case_g036_op02,69.0,Te,chamber_far,na,124681.0,0.11957917325526445,0.0
case_g036_op02,69.0,Te,all_plasma,na,128000.0,0.2899987734434222,-3.13706925866145
case_g036_op02,69.0,phi,boundary_in,na,4998.0,0.6565396657627025,0.8992028511003859
case_g036_op02,69.0,phi,plasma_mid,na,12932.0,0.4625520230325008,0.9081437126404659
case_g036_op02,69.0,phi,plasma_deep,na,110070.0,0.44655365544810216,0.8682166013622311
case_g036_op02,69.0,phi,chamber_near,na,2072.0,1.6917182806941966,0.0
case_g036_op02,69.0,phi,chamber_far,na,124681.0,0.5612051029050289,0.0
case_g036_op02,69.0,phi,all_plasma,na,128000.0,0.4581748322377554,0.9288749539348589
case_g005_op02,70.0,ne,boundary_in,na,4998.0,1.3008177150632466e+16,0.685284207695619
case_g005_op02,70.0,ne,plasma_mid,na,12932.0,9244483069880714.0,0.8329198769879811
case_g005_op02,70.0,ne,plasma_deep,na,110070.0,2.8795127798551804e+16,0.40474494650769544
case_g005_op02,70.0,ne,chamber_near,na,2072.0,3346973543833849.0,0.0
case_g005_op02,70.0,ne,chamber_far,na,124681.0,2947638824847470.0,0.0
case_g005_op02,70.0,ne,all_plasma,na,128000.0,2.6986176032913548e+16,0.5160066840905695
case_g005_op02,70.0,ni,boundary_in,na,4998.0,1.1412179794328096e+16,0.7571147440478595
case_g005_op02,70.0,ni,plasma_mid,na,12932.0,8501317626812031.0,0.8586562012916259
case_g005_op02,70.0,ni,plasma_deep,na,110070.0,2.2695972981519692e+16,0.6301948097603729
case_g005_op02,70.0,ni,chamber_near,na,2072.0,3588858080686033.5,0.0
case_g005_op02,70.0,ni,chamber_far,na,124681.0,2422022558266694.5,0.0
case_g005_op02,70.0,ni,all_plasma,na,128000.0,2.1338675973421776e+16,0.6972800764594945
case_g005_op02,70.0,Te,boundary_in,na,4998.0,0.8733759561847839,-2.25704686230045
case_g005_op02,70.0,Te,plasma_mid,na,12932.0,0.5879797353065975,-0.5051286553192007
case_g005_op02,70.0,Te,plasma_deep,na,110070.0,0.5669272675554037,-1.8214615155912806
case_g005_op02,70.0,Te,chamber_near,na,2072.0,0.35367915424470625,0.0
case_g005_op02,70.0,Te,chamber_far,na,124681.0,0.13164640285304918,0.0
case_g005_op02,70.0,Te,all_plasma,na,128000.0,0.5840354752570852,-1.578930875532846
case_g005_op02,70.0,phi,boundary_in,na,4998.0,0.7573182163864254,0.965843194401236
case_g005_op02,70.0,phi,plasma_mid,na,12932.0,1.0555444241599528,0.9161322218622754
case_g005_op02,70.0,phi,plasma_deep,na,110070.0,1.5898487294348602,0.7647056644205482
case_g005_op02,70.0,phi,chamber_near,na,2072.0,0.38182742930678293,0.0
case_g005_op02,70.0,phi,chamber_far,na,124681.0,0.3203961522024712,0.0
case_g005_op02,70.0,phi,all_plasma,na,128000.0,1.5193800835952849,0.8674983104069075
case_g022_op05,71.0,ne,boundary_in,na,4998.0,6773470803477270.0,0.5595638253812697
case_g022_op05,71.0,ne,plasma_mid,na,12932.0,5218968740420758.0,0.7235493227430071
case_g022_op05,71.0,ne,plasma_deep,na,110070.0,1.5473173409174414e+16,-0.08951031340890347
case_g022_op05,71.0,ne,chamber_near,na,2072.0,3110626406892814.5,0.0
case_g022_op05,71.0,ne,chamber_far,na,124681.0,2776795394344350.5,0.0
case_g022_op05,71.0,ne,all_plasma,na,128000.0,1.45060344908447e+16,0.13929991255630259
case_g022_op05,71.0,ni,boundary_in,na,4998.0,7025984029327850.0,0.5241325182473605
case_g022_op05,71.0,ni,plasma_mid,na,12932.0,5199885885930107.0,0.7253571873158968
case_g022_op05,71.0,ni,plasma_deep,na,110070.0,1.5956923043196454e+16,-0.15879136968555896
case_g022_op05,71.0,ni,chamber_near,na,2072.0,3236159865521989.0,0.0
case_g022_op05,71.0,ni,chamber_far,na,124681.0,1949458712418194.2,0.0
case_g022_op05,71.0,ni,all_plasma,na,128000.0,1.4953779395260518e+16,0.08469398867298117
case_g022_op05,71.0,Te,boundary_in,na,4998.0,1.290228348054145,-5.227156110053506
case_g022_op05,71.0,Te,plasma_mid,na,12932.0,1.1961392445524737,-4.402768767963168
case_g022_op05,71.0,Te,plasma_deep,na,110070.0,1.5584856875656863,-15.323140279254055
case_g022_op05,71.0,Te,chamber_near,na,2072.0,0.36320246805898304,0.0
case_g022_op05,71.0,Te,chamber_far,na,124681.0,0.11621702928608353,0.0
case_g022_op05,71.0,Te,all_plasma,na,128000.0,1.5159803075472047,-12.66576711911845
case_g022_op05,71.0,phi,boundary_in,na,4998.0,0.8031789744793186,0.9737068867034956
case_g022_op05,71.0,phi,plasma_mid,na,12932.0,0.6157208882691809,0.9804815185472898
case_g022_op05,71.0,phi,plasma_deep,na,110070.0,2.555285372948722,0.585090395871822
case_g022_op05,71.0,phi,chamber_near,na,2072.0,0.3898793870489362,0.0
case_g022_op05,71.0,phi,chamber_far,na,124681.0,0.35448785719530046,0.0
case_g022_op05,71.0,phi,all_plasma,na,128000.0,2.382926086944103,0.7830634347618293
