optimizer_seed,measurement_id,case_id,method,trial,PP0,PA,gamma,best_PP0,best_PA,best_gamma,loss,best_loss,feasible
20260715,M1,case_td003_pa050_pp0_3_gamma_010__steady,cmaes,1,3.0,0.125,0.07,3.0,0.125,0.07,0.5628434392461068,0.5628434392461068,True
20260715,M1,case_td003_pa050_pp0_3_gamma_010__steady,cmaes,2,2.952377638231467,0.1379881607004041,0.05643110950204995,3.0,0.125,0.07,0.6103686286378484,0.5628434392461068,True
20260715,M1,case_td003_pa050_pp0_3_gamma_010__steady,cmaes,3,2.828704899870286,0.10072212483785926,0.08289266505455867,2.828704899870286,0.10072212483785926,0.08289266505455867,0.34071017638144363,0.34071017638144363,True
20260715,M1,case_td003_pa050_pp0_3_gamma_010__steady,cmaes,4,4.647774487105887,0.1383378000021553,0.043280846041267036,2.828704899870286,0.10072212483785926,0.08289266505455867,1.274327593559393,0.34071017638144363,True
20260715,M1,case_td003_pa050_pp0_3_gamma_010__steady,cmaes,5,2.5666024324253756,0.11613554134179309,0.06909788023495814,2.5666024324253756,0.11613554134179309,0.06909788023495814,0.3199666854915952,0.3199666854915952,True
20260715,M1,case_td003_pa050_pp0_3_gamma_010__steady,cmaes,6,3.9542355376115337,0.10371267398048528,0.061105807012278496,2.5666024324253756,0.11613554134179309,0.06909788023495814,0.7758235410824712,0.3199666854915952,True
20260715,M1,case_td003_pa050_pp0_3_gamma_010__steady,cmaes,7,4.112534295348555,0.1477826535873767,0.09307126040317734,2.5666024324253756,0.11613554134179309,0.06909788023495814,1.1595228561330233,0.3199666854915952,True
20260715,M1,case_td003_pa050_pp0_3_gamma_010__steady,cmaes,8,2.901093223869884,0.08783219355175235,0.04495687299632324,2.901093223869884,0.08783219355175235,0.04495687299632324,0.274593713777191,0.274593713777191,True
20260715,M1,case_td003_pa050_pp0_3_gamma_010__steady,cmaes,9,2.3795788420822133,0.09678071421895101,0.06129879994475396,2.3795788420822133,0.09678071421895101,0.06129879994475396,0.1333124348684367,0.1333124348684367,True
20260715,M1,case_td003_pa050_pp0_3_gamma_010__steady,cmaes,10,2.2387472079247575,0.11370451182252585,0.08433431077383047,2.3795788420822133,0.09678071421895101,0.06129879994475396,0.1635166727079324,0.1333124348684367,True
20260715,M1,case_td003_pa050_pp0_3_gamma_010__steady,cmaes,11,2.627348207084254,0.11307902432852475,0.0626058889154251,2.3795788420822133,0.09678071421895101,0.06129879994475396,0.32906409046879137,0.1333124348684367,True
20260715,M1,case_td003_pa050_pp0_3_gamma_010__steady,cmaes,12,1.8983523058036789,0.08734783564206039,0.043120447377514616,2.3795788420822133,0.09678071421895101,0.06129879994475396,0.14498749257494667,0.1333124348684367,True
20260715,M1,case_td003_pa050_pp0_3_gamma_010__steady,cmaes,13,2.993385725384944,0.07533366255805328,0.07343242313036899,2.3795788420822133,0.09678071421895101,0.06129879994475396,0.21676412847151655,0.1333124348684367,True
20260715,M1,case_td003_pa050_pp0_3_gamma_010__steady,cmaes,14,2.6329385482156855,0.08062937593429394,0.07427106377957965,2.6329385482156855,0.08062937593429394,0.07427106377957965,0.1313377709337762,0.1313377709337762,True
20260715,M1,case_td003_pa050_pp0_3_gamma_010__steady,cmaes,15,1.5655019053144792,0.06454427907639931,0.07047519618583058,2.6329385482156855,0.08062937593429394,0.07427106377957965,0.36796064718220717,0.1313377709337762,True
20260715,M1,case_td003_pa050_pp0_3_gamma_010__steady,cmaes,16,4.924010623387971,0.12464631342728118,0.05245875529011802,2.6329385482156855,0.08062937593429394,0.07427106377957965,1.2490310687729733,0.1313377709337762,True
20260715,M1,case_td003_pa050_pp0_3_gamma_010__steady,cmaes,17,2.032934100033569,0.060179509980635565,0.05431654703089128,2.6329385482156855,0.08062937593429394,0.07427106377957965,0.23883891419720885,0.1313377709337762,True
20260715,M1,case_td003_pa050_pp0_3_gamma_010__steady,cmaes,18,2.6410933555661056,0.1410506733655097,0.06233172353679713,2.6329385482156855,0.08062937593429394,0.07427106377957965,0.4780058240675963,0.1313377709337762,True
20260715,M1,case_td003_pa050_pp0_3_gamma_010__steady,cmaes,19,1.9590366486913433,0.14194281200725312,0.09243535443181641,2.6329385482156855,0.08062937593429394,0.07427106377957965,0.14755005653889414,0.1313377709337762,True
20260715,M1,case_td003_pa050_pp0_3_gamma_010__steady,cmaes,20,1.5391643245353206,0.07619126908436927,0.057153694513440864,2.6329385482156855,0.08062937593429394,0.07427106377957965,0.32715938232154107,0.1313377709337762,True
20260715,M1,case_td003_pa050_pp0_3_gamma_010__steady,cmaes,21,2.7969402512309003,0.12253275075367245,0.07211422833792089,2.6329385482156855,0.08062937593429394,0.07427106377957965,0.45894812422128567,0.1313377709337762,True
20260715,M1,case_td003_pa050_pp0_3_gamma_010__steady,cmaes,22,3.1279535540333203,0.057318371500137175,0.07323341467643424,3.1279535540333203,0.057318371500137175,0.07323341467643424,0.11485457591430599,0.11485457591430599,True
20260715,M1,case_td003_pa050_pp0_3_gamma_010__steady,cmaes,23,2.5607089011204245,0.07376190950057779,0.06976162804873488,2.5607089011204245,0.07376190950057779,0.06976162804873488,0.06937669275740423,0.06937669275740423,True
20260715,M1,case_td003_pa050_pp0_3_gamma_010__steady,cmaes,24,2.191700361994217,0.06109431921380618,0.07893998800095521,2.5607089011204245,0.07376190950057779,0.06976162804873488,0.17929659664720513,0.06937669275740423,True
20260715,M1,case_td003_pa050_pp0_3_gamma_010__steady,cmaes,25,1.9087947379376,0.08280692131947567,0.07650929064948844,2.5607089011204245,0.07376190950057779,0.06976162804873488,0.15849378201218486,0.06937669275740423,True
20260715,M1,case_td003_pa050_pp0_3_gamma_010__steady,cmaes,26,3.36853443419557,0.053617546339681986,0.0753543432565765,2.5607089011204245,0.07376190950057779,0.06976162804873488,0.14872944901191082,0.06937669275740423,True
20260715,M1,case_td003_pa050_pp0_3_gamma_010__steady,cmaes,27,2.4828163582237814,0.07521412611000104,0.06766891621679215,2.4828163582237814,0.07521412611000104,0.06766891621679215,0.0595462061579873,0.0595462061579873,True
20260715,M1,case_td003_pa050_pp0_3_gamma_010__steady,cmaes,28,1.8060196537083466,0.07632561878153768,0.05568024604295501,2.4828163582237814,0.07521412611000104,0.06766891621679215,0.23030174742170104,0.0595462061579873,True
20260715,M1,case_td003_pa050_pp0_3_gamma_010__steady,cmaes,29,2.0799466196878784,0.11803545583273593,0.08060594906005668,2.4828163582237814,0.07521412611000104,0.06766891621679215,0.11424271845452683,0.0595462061579873,True
20260715,M1,case_td003_pa050_pp0_3_gamma_010__steady,cmaes,30,1.865292625108078,0.08362023396766632,0.06853304133094257,2.4828163582237814,0.07521412611000104,0.06766891621679215,0.17163052712416552,0.0595462061579873,True
20260715,M1,case_td003_pa050_pp0_3_gamma_010__steady,cmaes,31,2.677086603966388,0.07453865819021385,0.06117068604719377,2.4828163582237814,0.07521412611000104,0.06766891621679215,0.10525667247051035,0.0595462061579873,True
20260715,M1,case_td003_pa050_pp0_3_gamma_010__steady,cmaes,32,2.8884988197623795,0.08981984847875196,0.07677460600282973,2.4828163582237814,0.07521412611000104,0.06766891621679215,0.28840052175131725,0.0595462061579873,True
20260715,M1,case_td003_pa050_pp0_3_gamma_010__steady,cmaes,33,2.737183397265382,0.08137956961908664,0.06355930932412987,2.4828163582237814,0.07521412611000104,0.06766891621679215,0.171680346578594,0.0595462061579873,True
20260715,M1,case_td003_pa050_pp0_3_gamma_010__steady,cmaes,34,3.7328039678375142,0.10285719671587398,0.06372130482660612,2.4828163582237814,0.07521412611000104,0.06766891621679215,0.694547115950423,0.0595462061579873,True
20260715,M1,case_td003_pa050_pp0_3_gamma_010__steady,cmaes,35,2.331179185069216,0.10507631003050985,0.0765382665693313,2.4828163582237814,0.07521412611000104,0.06766891621679215,0.15958406706008407,0.0595462061579873,True
20260715,M1,case_td003_pa050_pp0_3_gamma_010__steady,cmaes,36,1.6974779673264977,0.05101424077925543,0.05860096867687249,2.4828163582237814,0.07521412611000104,0.06766891621679215,0.3929687003323774,0.0595462061579873,True
20260715,M1,case_td003_pa050_pp0_3_gamma_010__steady,cmaes,37,2.6865142816738894,0.09374889575477902,0.06255981611550979,2.4828163582237814,0.07521412611000104,0.06766891621679215,0.23594867401310543,0.0595462061579873,True
20260715,M1,case_td003_pa050_pp0_3_gamma_010__steady,cmaes,38,1.6988215002511207,0.08463821366943958,0.07607686789895185,2.4828163582237814,0.07521412611000104,0.06766891621679215,0.22928742194190166,0.0595462061579873,True
20260715,M1,case_td003_pa050_pp0_3_gamma_010__steady,cmaes,39,1.6076050030705542,0.07986999683474154,0.06460584229963437,2.4828163582237814,0.07521412611000104,0.06766891621679215,0.28568835381953606,0.0595462061579873,True
20260715,M1,case_td003_pa050_pp0_3_gamma_010__steady,cmaes,40,2.90063988085452,0.0738225332085259,0.07349357488845185,2.4828163582237814,0.07521412611000104,0.06766891621679215,0.17418065556569515,0.0595462061579873,True
20260715,M1,case_td003_pa050_pp0_3_gamma_010__steady,cmaes,41,2.827971154715344,0.11448091560923054,0.07854347933653108,2.4828163582237814,0.07521412611000104,0.06766891621679215,0.4267539206098271,0.0595462061579873,True
20260715,M1,case_td003_pa050_pp0_3_gamma_010__steady,cmaes,42,2.100072389056863,0.08596967489653787,0.0758864907192219,2.4828163582237814,0.07521412611000104,0.06766891621679215,0.0781182907607174,0.0595462061579873,True
20260715,M1,case_td003_pa050_pp0_3_gamma_010__steady,cmaes,43,1.5827310911802515,0.1442538789115499,0.06177021452108431,2.4828163582237814,0.07521412611000104,0.06766891621679215,0.08536431629320537,0.0595462061579873,True
20260715,M1,case_td003_pa050_pp0_3_gamma_010__steady,cmaes,44,1.5794599661202289,0.11040586729053765,0.05871748883253767,2.4828163582237814,0.07521412611000104,0.06766891621679215,0.17931522532167385,0.0595462061579873,True
20260715,M1,case_td003_pa050_pp0_3_gamma_010__steady,cmaes,45,1.8582943683744118,0.12067378054006161,0.07068615092687099,1.8582943683744118,0.12067378054006161,0.07068615092687099,0.059356573181031574,0.059356573181031574,True
20260715,M1,case_td003_pa050_pp0_3_gamma_010__steady,cmaes,46,2.705870470855335,0.08287471167199337,0.06917638842213028,1.8582943683744118,0.12067378054006161,0.07068615092687099,0.17141224232530497,0.059356573181031574,True
20260715,M1,case_td003_pa050_pp0_3_gamma_010__steady,cmaes,47,1.8949981907593967,0.09964158058383038,0.0693833338336157,1.8582943683744118,0.12067378054006161,0.07068615092687099,0.09194853450599019,0.059356573181031574,True
20260715,M1,case_td003_pa050_pp0_3_gamma_010__steady,cmaes,48,1.1361826636017098,0.11858252826829742,0.072823110828907,1.8582943683744118,0.12067378054006161,0.07068615092687099,0.34324360106103535,0.059356573181031574,True
20260715,M1,case_td003_pa050_pp0_3_gamma_010__steady,cmaes,49,1.9631048444488046,0.10474626648608486,0.07692338069717758,1.8582943683744118,0.12067378054006161,0.07068615092687099,0.06004353340485094,0.059356573181031574,True
20260715,M1,case_td003_pa050_pp0_3_gamma_010__steady,cmaes,50,1.5335198993036614,0.12938452034556652,0.06929162566624508,1.8582943683744118,0.12067378054006161,0.07068615092687099,0.14012918194447524,0.059356573181031574,True
20260715,M1,case_td003_pa050_pp0_3_gamma_010__steady,cmaes,51,2.1675535272657336,0.105117608476584,0.07833861392876955,1.8582943683744118,0.12067378054006161,0.07068615092687099,0.09550785601504543,0.059356573181031574,True
20260715,M1,case_td003_pa050_pp0_3_gamma_010__steady,cmaes,52,2.1141529003719084,0.10683978727622578,0.06801371457132571,1.8582943683744118,0.12067378054006161,0.07068615092687099,0.08276932195128664,0.059356573181031574,True
20260715,M1,case_td003_pa050_pp0_3_gamma_010__steady,cmaes,53,1.0840723675818582,0.1666549758157791,0.0844775763608826,1.8582943683744118,0.12067378054006161,0.07068615092687099,0.26424667477461183,0.059356573181031574,True
20260715,M1,case_td003_pa050_pp0_3_gamma_010__steady,cmaes,54,1.5589734994732698,0.14610306855374694,0.06966563695468711,1.8582943683744118,0.12067378054006161,0.07068615092687099,0.08973245456137106,0.059356573181031574,True
20260715,M1,case_td003_pa050_pp0_3_gamma_010__steady,cmaes,55,2.21919395505028,0.14620712555980397,0.0753465538266633,1.8582943683744118,0.12067378054006161,0.07068615092687099,0.28987128907990745,0.059356573181031574,True
20260715,M1,case_td003_pa050_pp0_3_gamma_010__steady,cmaes,56,1.3975126223341645,0.1508591653815964,0.08194950909565069,1.8582943683744118,0.12067378054006161,0.07068615092687099,0.14749458953819836,0.059356573181031574,True
20260715,M1,case_td003_pa050_pp0_3_gamma_010__steady,cmaes,57,2.219066282299419,0.10914441255987253,0.08178478521527627,1.8582943683744118,0.12067378054006161,0.07068615092687099,0.1337113293189714,0.059356573181031574,True
20260715,M1,case_td003_pa050_pp0_3_gamma_010__steady,cmaes,58,2.5376387533501465,0.07680607548756933,0.07606872411894827,1.8582943683744118,0.12067378054006161,0.07068615092687099,0.07880410669710257,0.059356573181031574,True
20260715,M1,case_td003_pa050_pp0_3_gamma_010__steady,cmaes,59,1.656769282139616,0.10785915522117581,0.08263442996624058,1.8582943683744118,0.12067378054006161,0.07068615092687099,0.15285785680431876,0.059356573181031574,True
20260715,M1,case_td003_pa050_pp0_3_gamma_010__steady,cmaes,60,2.0644059633648504,0.11171882348248646,0.07934907162573818,1.8582943683744118,0.12067378054006161,0.07068615092687099,0.08476306038065662,0.059356573181031574,True
20260715,M1,case_td003_pa050_pp0_3_gamma_010__steady,cmaes,61,1.6599607516882038,0.13861205507851404,0.06036798384975605,1.8582943683744118,0.12067378054006161,0.07068615092687099,0.07122043795937891,0.059356573181031574,True
20260715,M1,case_td003_pa050_pp0_3_gamma_010__steady,cmaes,62,2.090013017823363,0.10438578413480423,0.06767083759689929,1.8582943683744118,0.12067378054006161,0.07068615092687099,0.06785837899164075,0.059356573181031574,True
20260715,M1,case_td003_pa050_pp0_3_gamma_010__steady,cmaes,63,1.7274153737592004,0.10984334824653919,0.08257292299042224,1.8582943683744118,0.12067378054006161,0.07068615092687099,0.11719524751196549,0.059356573181031574,True
20260715,M1,case_td003_pa050_pp0_3_gamma_010__steady,cmaes,64,1.8660486765658462,0.12678621206675217,0.06573777386730968,1.8582943683744118,0.12067378054006161,0.07068615092687099,0.06603710492299852,0.059356573181031574,True
20260715,M1,case_td003_pa050_pp0_3_gamma_010__steady,cmaes,65,1.8842795713006648,0.11020520184280891,0.08120324020149572,1.8582943683744118,0.12067378054006161,0.07068615092687099,0.0647905658939996,0.059356573181031574,True
20260715,M1,case_td003_pa050_pp0_3_gamma_010__steady,cmaes,66,1.210754555102048,0.16865604482927732,0.06287901257528165,1.8582943683744118,0.12067378054006161,0.07068615092687099,0.20154879053502675,0.059356573181031574,True
20260715,M1,case_td003_pa050_pp0_3_gamma_010__steady,cmaes,67,2.0466630254666276,0.096612789680297,0.07464249035479927,1.8582943683744118,0.12067378054006161,0.07068615092687099,0.06006885874407537,0.059356573181031574,True
20260715,M1,case_td003_pa050_pp0_3_gamma_010__steady,cmaes,68,1.7327205166788224,0.09653606061738146,0.07057036102164574,1.8582943683744118,0.12067378054006161,0.07068615092687099,0.16602514645674166,0.059356573181031574,True
20260715,M1,case_td003_pa050_pp0_3_gamma_010__steady,cmaes,69,2.775632847628872,0.09216967165324143,0.07236920232685873,1.8582943683744118,0.12067378054006161,0.07068615092687099,0.2613260632119914,0.059356573181031574,True
20260715,M1,case_td003_pa050_pp0_3_gamma_010__steady,cmaes,70,1.5640287412580398,0.14579250818192752,0.06198141590770221,1.8582943683744118,0.12067378054006161,0.07068615092687099,0.08915700409227867,0.059356573181031574,True
20260715,M1,case_td003_pa050_pp0_3_gamma_010__steady,cmaes,71,1.4381243233784922,0.14873420560058617,0.06095476397057808,1.8582943683744118,0.12067378054006161,0.07068615092687099,0.13596918332449076,0.059356573181031574,True
20260715,M1,case_td003_pa050_pp0_3_gamma_010__steady,cmaes,72,2.062675796754856,0.11194719381658236,0.06605815577868632,1.8582943683744118,0.12067378054006161,0.07068615092687099,0.0835245804138164,0.059356573181031574,True
20260715,M1,case_td003_pa050_pp0_3_gamma_010__steady,cmaes,73,2.313174853616767,0.10793040832932109,0.07441540381596834,1.8582943683744118,0.12067378054006161,0.07068615092687099,0.16629859393072524,0.059356573181031574,True
20260715,M1,case_td003_pa050_pp0_3_gamma_010__steady,cmaes,74,1.6793487257206017,0.12497799991070994,0.0661002076363789,1.8582943683744118,0.12067378054006161,0.07068615092687099,0.09238090860983815,0.059356573181031574,True
20260715,M1,case_td003_pa050_pp0_3_gamma_010__steady,cmaes,75,2.083974760920495,0.09361704952691399,0.07785203373310187,1.8582943683744118,0.12067378054006161,0.07068615092687099,0.059536073981695,0.059356573181031574,True
20260715,M1,case_td003_pa050_pp0_3_gamma_010__steady,cmaes,76,2.4961552608509674,0.05776747298045359,0.0820611234269141,1.8582943683744118,0.12067378054006161,0.07068615092687099,0.10713078228277245,0.059356573181031574,True
20260715,M1,case_td003_pa050_pp0_3_gamma_010__steady,cmaes,77,2.52349073279024,0.07842571913057435,0.061760647831469076,1.8582943683744118,0.12067378054006161,0.07068615092687099,0.082007002360838,0.059356573181031574,True
20260715,M1,case_td003_pa050_pp0_3_gamma_010__steady,cmaes,78,1.831971391818325,0.11301241369849359,0.05911589649361382,1.8582943683744118,0.12067378054006161,0.07068615092687099,0.0728761551836434,0.059356573181031574,True
20260715,M1,case_td003_pa050_pp0_3_gamma_010__steady,cmaes,79,2.2467395721792625,0.09222278808315376,0.08597227046483488,1.8582943683744118,0.12067378054006161,0.07068615092687099,0.06960872854808257,0.059356573181031574,True
20260715,M1,case_td003_pa050_pp0_3_gamma_010__steady,cmaes,80,2.242198175862817,0.08743241478488123,0.07260456871532815,2.242198175862817,0.08743241478488123,0.07260456871532815,0.056181988263677325,0.056181988263677325,True
20260715,M1,case_td003_pa050_pp0_3_gamma_010__steady,cmaes,81,2.0392777547821805,0.09755291849152439,0.07772717836884947,2.242198175862817,0.08743241478488123,0.07260456871532815,0.05957277821310309,0.056181988263677325,True
20260715,M1,case_td003_pa050_pp0_3_gamma_010__steady,cmaes,82,2.0093006842865506,0.10167673478983405,0.08593514386755585,2.242198175862817,0.08743241478488123,0.07260456871532815,0.058149160017477976,0.056181988263677325,True
20260715,M1,case_td003_pa050_pp0_3_gamma_010__steady,cmaes,83,1.6880149474662993,0.10450549677641097,0.0766652017588002,2.242198175862817,0.08743241478488123,0.07260456871532815,0.15266417453723358,0.056181988263677325,True
20260715,M1,case_td003_pa050_pp0_3_gamma_010__steady,cmaes,84,1.9378774729146708,0.11264322105389434,0.07085652599988798,2.242198175862817,0.08743241478488123,0.07260456871532815,0.05860125820202343,0.056181988263677325,True
20260715,M1,case_td003_pa050_pp0_3_gamma_010__steady,cmaes,85,1.9809305910938304,0.08828915833125606,0.08045789671883186,2.242198175862817,0.08743241478488123,0.07260456871532815,0.10637398709989077,0.056181988263677325,True
20260715,M1,case_td003_pa050_pp0_3_gamma_010__steady,cmaes,86,2.0468698729226182,0.11111060483835193,0.0705394039056354,2.242198175862817,0.08743241478488123,0.07260456871532815,0.07627102500374879,0.056181988263677325,True
20260715,M1,case_td003_pa050_pp0_3_gamma_010__steady,cmaes,87,1.8925421344097326,0.10075312764520244,0.06875220750027611,2.242198175862817,0.08743241478488123,0.07260456871532815,0.08892188066994111,0.056181988263677325,True
20260715,M1,case_td003_pa050_pp0_3_gamma_010__steady,cmaes,88,1.924463537294046,0.10903172755427654,0.07842256581775164,2.242198175862817,0.08743241478488123,0.07260456871532815,0.06002386990892333,0.056181988263677325,True
20260715,M1,case_td003_pa050_pp0_3_gamma_010__steady,cmaes,89,2.3453728341111906,0.05826217660026771,0.094036151132846,2.242198175862817,0.08743241478488123,0.07260456871532815,0.14768248023735214,0.056181988263677325,True
20260715,M1,case_td003_pa050_pp0_3_gamma_010__steady,cmaes,90,2.2073311283250456,0.08638198978192002,0.09098237345408536,2.2073311283250456,0.08638198978192002,0.09098237345408536,0.05597905614288291,0.05597905614288291,True
20260715,M1,case_td003_pa050_pp0_3_gamma_010__steady,cmaes,91,2.6534255804936735,0.07585384396542899,0.07286783654996362,2.2073311283250456,0.08638198978192002,0.09098237345408536,0.10735905291214316,0.05597905614288291,True
20260715,M1,case_td003_pa050_pp0_3_gamma_010__steady,cmaes,92,2.497583604670972,0.08043091841244548,0.07690224063944416,2.2073311283250456,0.08638198978192002,0.09098237345408536,0.08642348762668602,0.05597905614288291,True
20260715,M1,case_td003_pa050_pp0_3_gamma_010__steady,cmaes,93,2.4280683683879376,0.08597009624208643,0.07508378418897554,2.2073311283250456,0.08638198978192002,0.09098237345408536,0.0940193575008196,0.05597905614288291,True
20260715,M1,case_td003_pa050_pp0_3_gamma_010__steady,cmaes,94,2.0547370592543217,0.09394999772597604,0.0817432108664511,2.2073311283250456,0.08638198978192002,0.09098237345408536,0.06379806992593039,0.05597905614288291,True
20260715,M1,case_td003_pa050_pp0_3_gamma_010__steady,cmaes,95,2.30071705350047,0.11322902432739083,0.073739131150528,2.2073311283250456,0.08638198978192002,0.09098237345408536,0.18704712699859338,0.05597905614288291,True
20260715,M1,case_td003_pa050_pp0_3_gamma_010__steady,cmaes,96,1.4310318581110324,0.11825494142859004,0.09794429341442215,2.2073311283250456,0.08638198978192002,0.09098237345408536,0.21436914271386343,0.05597905614288291,True
20260715,M1,case_td003_pa050_pp0_3_gamma_010__steady,cmaes,97,1.9926601497399647,0.10209026381978362,0.09037268998554154,2.2073311283250456,0.08638198978192002,0.09098237345408536,0.059372250538915275,0.05597905614288291,True
20260715,M1,case_td003_pa050_pp0_3_gamma_010__steady,cmaes,98,2.230936684325445,0.07895676867101943,0.08777576735091246,2.2073311283250456,0.08638198978192002,0.09098237345408536,0.06991779972934284,0.05597905614288291,True
20260715,M1,case_td003_pa050_pp0_3_gamma_010__steady,cmaes,99,1.9885819241722393,0.09415503148469712,0.0880962512989876,2.2073311283250456,0.08638198978192002,0.09098237345408536,0.07985551140677435,0.05597905614288291,True
20260715,M1,case_td003_pa050_pp0_3_gamma_010__steady,cmaes,100,2.137319275835071,0.09198019961261493,0.08588463598391384,2.2073311283250456,0.08638198978192002,0.09098237345408536,0.05624103460287638,0.05597905614288291,True
20260715,M1,case_td003_pa050_pp0_3_gamma_010__steady,tpe,1,3.0,0.125,0.07,3.0,0.125,0.07,0.5628434392461068,0.5628434392461068,True
20260715,M1,case_td003_pa050_pp0_3_gamma_010__steady,tpe,2,3.521635756509514,0.1710554285855088,0.07681783094745753,3.0,0.125,0.07,1.0384804816813233,0.5628434392461068,True
20260715,M1,case_td003_pa050_pp0_3_gamma_010__steady,tpe,3,3.6387704942886097,0.18402117793521588,0.04337665815834715,3.0,0.125,0.07,1.1432684424883985,0.5628434392461068,True
20260715,M1,case_td003_pa050_pp0_3_gamma_010__steady,tpe,4,3.0581857447315373,0.14311417038198104,0.08226311609660895,3.0,0.125,0.07,0.6895687728085261,0.5628434392461068,True
20260715,M1,case_td003_pa050_pp0_3_gamma_010__steady,tpe,5,2.0350745721342554,0.19845069914742808,0.08959093954107587,2.0350745721342554,0.19845069914742808,0.08959093954107587,0.3540433233539153,0.3540433233539153,True
20260715,M1,case_td003_pa050_pp0_3_gamma_010__steady,tpe,6,2.3239605161371872,0.11302027450625081,0.08696485167949544,2.3239605161371872,0.11302027450625081,0.08696485167949544,0.1977766883007404,0.1977766883007404,True
20260715,M1,case_td003_pa050_pp0_3_gamma_010__steady,tpe,7,2.954116746000916,0.07844710798934793,0.08497311919482561,2.3239605161371872,0.11302027450625081,0.08696485167949544,0.22833662947526231,0.1977766883007404,True
20260715,M1,case_td003_pa050_pp0_3_gamma_010__steady,tpe,8,3.6709300938906404,0.13184225450385811,0.06148982994865629,2.3239605161371872,0.11302027450625081,0.08696485167949544,0.8838641102019603,0.1977766883007404,True
20260715,M1,case_td003_pa050_pp0_3_gamma_010__steady,tpe,9,2.802739786318662,0.059357331741392655,0.06258916924050839,2.802739786318662,0.059357331741392655,0.06258916924050839,0.05605447881840917,0.05605447881840917,True
20260715,M1,case_td003_pa050_pp0_3_gamma_010__steady,tpe,10,4.304639328190438,0.11626497977908695,0.04648818803350748,2.802739786318662,0.059357331741392655,0.06258916924050839,0.9918985702698696,0.05605447881840917,True
20260715,M1,case_td003_pa050_pp0_3_gamma_010__steady,tpe,11,3.226125221421625,0.10280601431473094,0.09851111656646444,2.802739786318662,0.059357331741392655,0.06258916924050839,0.5123365111918334,0.05605447881840917,True
20260715,M1,case_td003_pa050_pp0_3_gamma_010__steady,tpe,12,2.4083740958365394,0.18618031544866015,0.07512636993013003,2.802739786318662,0.059357331741392655,0.06258916924050839,0.5274705879977288,0.05605447881840917,True
20260715,M1,case_td003_pa050_pp0_3_gamma_010__steady,tpe,13,2.6474510920867695,0.0894592205557804,0.0749135697974976,2.802739786318662,0.059357331741392655,0.06258916924050839,0.19434511530362775,0.05605447881840917,True
20260715,M1,case_td003_pa050_pp0_3_gamma_010__steady,tpe,14,3.3715908600211306,0.09053120927278266,0.0833486291940534,2.802739786318662,0.059357331741392655,0.06258916924050839,0.4701374549233402,0.05605447881840917,True
20260715,M1,case_td003_pa050_pp0_3_gamma_010__steady,tpe,15,1.3735998527605182,0.11582958471483737,0.06654127321696066,2.802739786318662,0.059357331741392655,0.06258916924050839,0.24993703570821468,0.05605447881840917,True
20260715,M1,case_td003_pa050_pp0_3_gamma_010__steady,tpe,16,2.4972447141171656,0.07766598054992713,0.05883355643629812,2.802739786318662,0.059357331741392655,0.06258916924050839,0.07111480635823862,0.05605447881840917,True
20260715,M1,case_td003_pa050_pp0_3_gamma_010__steady,tpe,17,2.347862078445556,0.07377523712947594,0.051376166860600245,2.802739786318662,0.059357331741392655,0.06258916924050839,0.06521910886112132,0.05605447881840917,True
20260715,M1,case_td003_pa050_pp0_3_gamma_010__steady,tpe,18,3.600502260752302,0.051668134314672265,0.04878950787093644,2.802739786318662,0.059357331741392655,0.06258916924050839,0.18922244961112494,0.05605447881840917,True
20260715,M1,case_td003_pa050_pp0_3_gamma_010__steady,tpe,19,1.4184964453829232,0.05412331106647569,0.04338748213070011,2.802739786318662,0.059357331741392655,0.06258916924050839,0.46177279358810613,0.05605447881840917,True
20260715,M1,case_td003_pa050_pp0_3_gamma_010__steady,tpe,20,2.509986267976391,0.1340344843487488,0.045307060633476004,2.802739786318662,0.059357331741392655,0.06258916924050839,0.3787159763085287,0.05605447881840917,True
20260715,M1,case_td003_pa050_pp0_3_gamma_010__steady,tpe,21,4.869475728555166,0.07854873311330199,0.06371858352313022,2.802739786318662,0.059357331741392655,0.06258916924050839,0.7874554049969221,0.05605447881840917,True
20260715,M1,case_td003_pa050_pp0_3_gamma_010__steady,tpe,22,2.2855920667692597,0.07727317641078656,0.057295573370735806,2.802739786318662,0.059357331741392655,0.06258916924050839,0.06541430505992173,0.05605447881840917,True
20260715,M1,case_td003_pa050_pp0_3_gamma_010__steady,tpe,23,1.7024265811899242,0.05332149371929887,0.06812986533637683,2.802739786318662,0.059357331741392655,0.06258916924050839,0.3788903011941181,0.05605447881840917,True
20260715,M1,case_td003_pa050_pp0_3_gamma_010__steady,tpe,24,2.460576495441372,0.07191371396328289,0.04129307674983902,2.460576495441372,0.07191371396328289,0.04129307674983902,0.05469950113920545,0.05469950113920545,True
20260715,M1,case_td003_pa050_pp0_3_gamma_010__steady,tpe,25,2.983234784889766,0.0955584597024015,0.04755002206313426,2.460576495441372,0.07191371396328289,0.04129307674983902,0.36163879879451655,0.05469950113920545,True
20260715,M1,case_td003_pa050_pp0_3_gamma_010__steady,tpe,26,2.455927503647555,0.05492121325078886,0.04225866605341224,2.460576495441372,0.07191371396328289,0.04129307674983902,0.1415163809639633,0.05469950113920545,True
20260715,M1,case_td003_pa050_pp0_3_gamma_010__steady,tpe,27,1.9680542682072713,0.10128424690066276,0.04327043013634589,2.460576495441372,0.07191371396328289,0.04129307674983902,0.06734721122253683,0.05469950113920545,True
20260715,M1,case_td003_pa050_pp0_3_gamma_010__steady,tpe,28,3.9427935522769015,0.05459464896191936,0.0723750514597619,2.460576495441372,0.07191371396328289,0.04129307674983902,0.30781668539254553,0.05469950113920545,True
20260715,M1,case_td003_pa050_pp0_3_gamma_010__steady,tpe,29,3.013937271929014,0.053574622758824415,0.06771928866543536,2.460576495441372,0.07191371396328289,0.04129307674983902,0.06389603205063572,0.05469950113920545,True
20260715,M1,case_td003_pa050_pp0_3_gamma_010__steady,tpe,30,3.4409028492821676,0.060854211861195,0.0646933271469963,2.460576495441372,0.07191371396328289,0.04129307674983902,0.23231335021540706,0.05469950113920545,True
20260715,M1,case_td003_pa050_pp0_3_gamma_010__steady,tpe,31,2.9610915558353064,0.05510325183121894,0.07428826177804608,2.460576495441372,0.07191371396328289,0.04129307674983902,0.0625709298296837,0.05469950113920545,True
20260715,M1,case_td003_pa050_pp0_3_gamma_010__steady,tpe,32,2.9503842202343367,0.053429540707929386,0.06618978371302915,2.460576495441372,0.07191371396328289,0.04129307674983902,0.055654349919002435,0.05469950113920545,True
20260715,M1,case_td003_pa050_pp0_3_gamma_010__steady,tpe,33,2.4538292970864335,0.051354554410290285,0.08922455678016715,2.460576495441372,0.07191371396328289,0.04129307674983902,0.16134445001676265,0.05469950113920545,True
20260715,M1,case_td003_pa050_pp0_3_gamma_010__steady,tpe,34,2.8689425490187963,0.05898294356407935,0.06238523566247759,2.460576495441372,0.07191371396328289,0.04129307674983902,0.06372183838114662,0.05469950113920545,True
20260715,M1,case_td003_pa050_pp0_3_gamma_010__steady,tpe,35,2.238254671865032,0.05628894239299155,0.07933062058549785,2.460576495441372,0.07191371396328289,0.04129307674983902,0.1944949307332788,0.05469950113920545,True
20260715,M1,case_td003_pa050_pp0_3_gamma_010__steady,tpe,36,2.88078170471906,0.05978452721110556,0.07563723418675128,2.460576495441372,0.07191371396328289,0.04129307674983902,0.07066387026217315,0.05469950113920545,True
20260715,M1,case_td003_pa050_pp0_3_gamma_010__steady,tpe,37,1.0111941902283337,0.18511341128776762,0.05641534581565507,2.460576495441372,0.07191371396328289,0.04129307674983902,0.2687600880789432,0.05469950113920545,True
20260715,M1,case_td003_pa050_pp0_3_gamma_010__steady,tpe,38,3.2234207804548034,0.09797532245233383,0.06414208657808676,2.460576495441372,0.07191371396328289,0.04129307674983902,0.47306581045686097,0.05469950113920545,True
20260715,M1,case_td003_pa050_pp0_3_gamma_010__steady,tpe,39,4.912730365560361,0.15226868952677777,0.09328391968910578,2.460576495441372,0.07191371396328289,0.04129307674983902,1.4647908736215633,0.05469950113920545,True
20260715,M1,case_td003_pa050_pp0_3_gamma_010__steady,tpe,40,2.789169591581624,0.05714123702201164,0.07164414554389521,2.789169591581624,0.05714123702201164,0.07164414554389521,0.05384094708295357,0.05384094708295357,True
20260715,M1,case_td003_pa050_pp0_3_gamma_010__steady,tpe,41,2.52979664980831,0.052462466904936306,0.05587296081164919,2.789169591581624,0.05714123702201164,0.07164414554389521,0.13497416021921751,0.05384094708295357,True
20260715,M1,case_td003_pa050_pp0_3_gamma_010__steady,tpe,42,2.9390702068115173,0.059659906059283736,0.0760438108108139,2.789169591581624,0.05714123702201164,0.07164414554389521,0.08310677589344603,0.05384094708295357,True
20260715,M1,case_td003_pa050_pp0_3_gamma_010__steady,tpe,43,2.4149057635247275,0.054703663458727236,0.07009907070484242,2.789169591581624,0.05714123702201164,0.07164414554389521,0.15179213266849992,0.05384094708295357,True
20260715,M1,case_td003_pa050_pp0_3_gamma_010__steady,tpe,44,3.4891876078073927,0.08330854097264523,0.04080150642374483,2.789169591581624,0.05714123702201164,0.07164414554389521,0.44451638361691803,0.05384094708295357,True
20260715,M1,case_td003_pa050_pp0_3_gamma_010__steady,tpe,45,1.1435588329045816,0.1705622420803823,0.08951776963653628,2.789169591581624,0.05714123702201164,0.07164414554389521,0.22767622576547078,0.05384094708295357,True
20260715,M1,case_td003_pa050_pp0_3_gamma_010__steady,tpe,46,3.258080738877375,0.08445092421725296,0.06970859783677608,2.789169591581624,0.05714123702201164,0.07164414554389521,0.38009980429790424,0.05384094708295357,True
20260715,M1,case_td003_pa050_pp0_3_gamma_010__steady,tpe,47,4.916662646722536,0.166253737053001,0.06762361420273613,2.789169591581624,0.05714123702201164,0.07164414554389521,1.5589223231787157,0.05384094708295357,True
20260715,M1,case_td003_pa050_pp0_3_gamma_010__steady,tpe,48,3.312072724957213,0.05319109055335486,0.060618222778670135,2.789169591581624,0.05714123702201164,0.07164414554389521,0.12908828972480785,0.05384094708295357,True
20260715,M1,case_td003_pa050_pp0_3_gamma_010__steady,tpe,49,3.292415253332938,0.058685561373165315,0.08142590237217967,2.789169591581624,0.05714123702201164,0.07164414554389521,0.17212608633817078,0.05384094708295357,True
20260715,M1,case_td003_pa050_pp0_3_gamma_010__steady,tpe,50,3.376933436984395,0.17413586119358368,0.09620836762861737,2.789169591581624,0.05714123702201164,0.07164414554389521,0.987016227472555,0.05384094708295357,True
20260715,M1,case_td003_pa050_pp0_3_gamma_010__steady,tpe,51,2.639542299785274,0.07055552293177351,0.06771995285332107,2.789169591581624,0.05714123702201164,0.07164414554389521,0.0723313669804856,0.05384094708295357,True
20260715,M1,case_td003_pa050_pp0_3_gamma_010__steady,tpe,52,2.996209327648271,0.07934107665259632,0.06075663788581759,2.789169591581624,0.05714123702201164,0.07164414554389521,0.24753741756912484,0.05384094708295357,True
20260715,M1,case_td003_pa050_pp0_3_gamma_010__steady,tpe,53,4.624867827109107,0.06942653752698186,0.09422634018038528,2.789169591581624,0.05714123702201164,0.07164414554389521,0.6317708136916794,0.05384094708295357,True
20260715,M1,case_td003_pa050_pp0_3_gamma_010__steady,tpe,54,2.70948044043177,0.05510925369557705,0.06769836253845303,2.789169591581624,0.05714123702201164,0.07164414554389521,0.07084986592443641,0.05384094708295357,True
20260715,M1,case_td003_pa050_pp0_3_gamma_010__steady,tpe,55,2.9769894119046096,0.05279789900148444,0.05704681085472345,2.789169591581624,0.05714123702201164,0.07164414554389521,0.05618199358933874,0.05384094708295357,True
20260715,M1,case_td003_pa050_pp0_3_gamma_010__steady,tpe,56,3.110750589652848,0.051188611661939956,0.05440893172276614,2.789169591581624,0.05714123702201164,0.07164414554389521,0.06771790648258334,0.05384094708295357,True
20260715,M1,case_td003_pa050_pp0_3_gamma_010__steady,tpe,57,2.127488412499203,0.07063686044795535,0.046925232613635966,2.789169591581624,0.05714123702201164,0.07164414554389521,0.14797462378273085,0.05384094708295357,True
20260715,M1,case_td003_pa050_pp0_3_gamma_010__steady,tpe,58,1.6578183863797364,0.09589674341914006,0.09905313483590726,2.789169591581624,0.05714123702201164,0.07164414554389521,0.1959622390495263,0.05384094708295357,True
20260715,M1,case_td003_pa050_pp0_3_gamma_010__steady,tpe,59,2.6975473223402298,0.051138085678356274,0.06101183108236306,2.789169591581624,0.05714123702201164,0.07164414554389521,0.09797832758685508,0.05384094708295357,True
20260715,M1,case_td003_pa050_pp0_3_gamma_010__steady,tpe,60,4.939099602577904,0.1449646892827911,0.04763288969695392,2.789169591581624,0.05714123702201164,0.07164414554389521,1.4154824497736425,0.05384094708295357,True
20260715,M1,case_td003_pa050_pp0_3_gamma_010__steady,tpe,61,2.6120589870484716,0.06981390579352335,0.04026210477838863,2.789169591581624,0.05714123702201164,0.07164414554389521,0.061314853718276704,0.05384094708295357,True
20260715,M1,case_td003_pa050_pp0_3_gamma_010__steady,tpe,62,3.2007961476010607,0.05433741372774583,0.040696067579131745,2.789169591581624,0.05714123702201164,0.07164414554389521,0.10737487330116088,0.05384094708295357,True
20260715,M1,case_td003_pa050_pp0_3_gamma_010__steady,tpe,63,2.5263502703300293,0.07534320641195699,0.04347198022241471,2.789169591581624,0.05714123702201164,0.07164414554389521,0.06638830949173247,0.05384094708295357,True
20260715,M1,case_td003_pa050_pp0_3_gamma_010__steady,tpe,64,2.9555130938630443,0.07782245682491445,0.05120229676719806,2.789169591581624,0.05714123702201164,0.07164414554389521,0.22050760179953335,0.05384094708295357,True
20260715,M1,case_td003_pa050_pp0_3_gamma_010__steady,tpe,65,2.197503930301713,0.08725012873285354,0.04070487004796947,2.789169591581624,0.05714123702201164,0.07164414554389521,0.056660629517718185,0.05384094708295357,True
20260715,M1,case_td003_pa050_pp0_3_gamma_010__steady,tpe,66,2.3776368859539563,0.09260269126717773,0.04137703120609599,2.789169591581624,0.05714123702201164,0.07164414554389521,0.10747831370669307,0.05384094708295357,True
20260715,M1,case_td003_pa050_pp0_3_gamma_010__steady,tpe,67,1.3051805221021624,0.07632254962484593,0.04662680730473433,2.789169591581624,0.05714123702201164,0.07164414554389521,0.4095418023909307,0.05384094708295357,True
20260715,M1,case_td003_pa050_pp0_3_gamma_010__steady,tpe,68,4.920595794100446,0.07848297147161243,0.0411138547442589,2.789169591581624,0.05714123702201164,0.07164414554389521,0.7958943221581611,0.05384094708295357,True
20260715,M1,case_td003_pa050_pp0_3_gamma_010__steady,tpe,69,2.6845716092483483,0.08115388445436164,0.040314215997042484,2.789169591581624,0.05714123702201164,0.07164414554389521,0.14827108084495938,0.05384094708295357,True
20260715,M1,case_td003_pa050_pp0_3_gamma_010__steady,tpe,70,2.8873352361354967,0.07104937754312726,0.049901334550607815,2.789169591581624,0.05714123702201164,0.07164414554389521,0.14643215395600132,0.05384094708295357,True
20260715,M1,case_td003_pa050_pp0_3_gamma_010__steady,tpe,71,3.2723987691039778,0.1683148838197965,0.06293723518637469,2.789169591581624,0.05714123702201164,0.07164414554389521,0.9073275041526119,0.05384094708295357,True
20260715,M1,case_td003_pa050_pp0_3_gamma_010__steady,tpe,72,2.2991634999032744,0.061998674830173864,0.04073860048841273,2.789169591581624,0.05714123702201164,0.07164414554389521,0.143862559654739,0.05384094708295357,True
20260715,M1,case_td003_pa050_pp0_3_gamma_010__steady,tpe,73,1.635027783215155,0.08426736262546802,0.041132245703252635,2.789169591581624,0.05714123702201164,0.07164414554389521,0.25937956691814334,0.05384094708295357,True
20260715,M1,case_td003_pa050_pp0_3_gamma_010__steady,tpe,74,2.872781664049568,0.07737550386063599,0.07331715956439734,2.789169591581624,0.05714123702201164,0.07164414554389521,0.19132910258947322,0.05384094708295357,True
20260715,M1,case_td003_pa050_pp0_3_gamma_010__steady,tpe,75,3.5632713967647045,0.05037661927855041,0.06926867530120648,2.789169591581624,0.05714123702201164,0.07164414554389521,0.1699287006572163,0.05384094708295357,True
20260715,M1,case_td003_pa050_pp0_3_gamma_010__steady,tpe,76,2.0365621461484853,0.10335358715184281,0.053716833842585,2.789169591581624,0.05714123702201164,0.07164414554389521,0.05717081894321695,0.05384094708295357,True
20260715,M1,case_td003_pa050_pp0_3_gamma_010__steady,tpe,77,1.402859898572915,0.10970002225956801,0.05856092192457273,2.789169591581624,0.05714123702201164,0.07164414554389521,0.2569232921374394,0.05384094708295357,True
20260715,M1,case_td003_pa050_pp0_3_gamma_010__steady,tpe,78,2.2119003818280722,0.10411441817266545,0.04897875752037003,2.789169591581624,0.05714123702201164,0.07164414554389521,0.10368961234026537,0.05384094708295357,True
20260715,M1,case_td003_pa050_pp0_3_gamma_010__steady,tpe,79,1.3232476885370592,0.12390101098222142,0.0435556880105725,2.789169591581624,0.05714123702201164,0.07164414554389521,0.2523688694915042,0.05384094708295357,True
20260715,M1,case_td003_pa050_pp0_3_gamma_010__steady,tpe,80,1.9934235386806411,0.09503657988816769,0.06144964079204994,2.789169591581624,0.05714123702201164,0.07164414554389521,0.07730550589785598,0.05384094708295357,True
20260715,M1,case_td003_pa050_pp0_3_gamma_010__steady,tpe,81,2.8319285379987242,0.10481900997834555,0.04869083886577812,2.789169591581624,0.05714123702201164,0.07164414554389521,0.36414683153206046,0.05384094708295357,True
20260715,M1,case_td003_pa050_pp0_3_gamma_010__steady,tpe,82,2.5281911039865865,0.13510861757881967,0.05398565596808992,2.789169591581624,0.05714123702201164,0.07164414554389521,0.3942370749373374,0.05384094708295357,True
20260715,M1,case_td003_pa050_pp0_3_gamma_010__steady,tpe,83,2.8303936706874118,0.056655204668283124,0.07495958108648115,2.789169591581624,0.05714123702201164,0.07164414554389521,0.05385917263833323,0.05384094708295357,True
20260715,M1,case_td003_pa050_pp0_3_gamma_010__steady,tpe,84,3.7930923211007768,0.1319951356419458,0.08664706632546793,2.789169591581624,0.05714123702201164,0.07164414554389521,0.9349084467108867,0.05384094708295357,True
20260715,M1,case_td003_pa050_pp0_3_gamma_010__steady,tpe,85,2.1447598642285235,0.07605998449942405,0.07668927000095238,2.789169591581624,0.05714123702201164,0.07164414554389521,0.1095104358678127,0.05384094708295357,True
20260715,M1,case_td003_pa050_pp0_3_gamma_010__steady,tpe,86,1.8417647072730858,0.08209826124262867,0.05537458128295343,2.789169591581624,0.05714123702201164,0.07164414554389521,0.18923275469282097,0.05384094708295357,True
20260715,M1,case_td003_pa050_pp0_3_gamma_010__steady,tpe,87,2.4460628711255095,0.05366924489693924,0.052011570043246615,2.789169591581624,0.05714123702201164,0.07164414554389521,0.15150277067693776,0.05384094708295357,True
20260715,M1,case_td003_pa050_pp0_3_gamma_010__steady,tpe,88,1.990031243782814,0.06898862993060821,0.040842717159658044,2.789169591581624,0.05714123702201164,0.07164414554389521,0.205103784983395,0.05384094708295357,True
20260715,M1,case_td003_pa050_pp0_3_gamma_010__steady,tpe,89,3.8199600390782673,0.07561231984850231,0.05554288852570102,2.789169591581624,0.05714123702201164,0.07164414554389521,0.47998247651688636,0.05384094708295357,True
20260715,M1,case_td003_pa050_pp0_3_gamma_010__steady,tpe,90,3.1558067071470908,0.05761090017400238,0.06531370367255597,2.789169591581624,0.05714123702201164,0.07164414554389521,0.1239931736591374,0.05384094708295357,True
20260715,M1,case_td003_pa050_pp0_3_gamma_010__steady,tpe,91,2.2585571733163983,0.056581675651611735,0.06849963737805544,2.789169591581624,0.05714123702201164,0.07164414554389521,0.187335231540604,0.05384094708295357,True
20260715,M1,case_td003_pa050_pp0_3_gamma_010__steady,tpe,92,3.3888265655196967,0.05256374772199064,0.07571468231529353,2.789169591581624,0.05714123702201164,0.07164414554389521,0.14496417904715841,0.05384094708295357,True
20260715,M1,case_td003_pa050_pp0_3_gamma_010__steady,tpe,93,3.0350974356628355,0.08481959642073791,0.07898222711288032,2.789169591581624,0.05714123702201164,0.07164414554389521,0.3053332775096541,0.05384094708295357,True
20260715,M1,case_td003_pa050_pp0_3_gamma_010__steady,tpe,94,2.963438793116291,0.06371739005388527,0.0705188948471794,2.789169591581624,0.05714123702201164,0.07164414554389521,0.11745798350121875,0.05384094708295357,True
20260715,M1,case_td003_pa050_pp0_3_gamma_010__steady,tpe,95,2.8614574386086367,0.05139164175388632,0.07455516600905188,2.789169591581624,0.05714123702201164,0.07164414554389521,0.061260973498789374,0.05384094708295357,True
20260715,M1,case_td003_pa050_pp0_3_gamma_010__steady,tpe,96,2.475735318997246,0.0512071585844953,0.07924855666805668,2.789169591581624,0.05714123702201164,0.07164414554389521,0.15674261573161372,0.05384094708295357,True
20260715,M1,case_td003_pa050_pp0_3_gamma_010__steady,tpe,97,2.226431534037736,0.10584200820246181,0.041137039144374304,2.789169591581624,0.05714123702201164,0.07164414554389521,0.11574177138342458,0.05384094708295357,True
20260715,M1,case_td003_pa050_pp0_3_gamma_010__steady,tpe,98,3.1647555346703924,0.05259198491354464,0.06660504960364654,2.789169591581624,0.05714123702201164,0.07164414554389521,0.08845542340763321,0.05384094708295357,True
20260715,M1,case_td003_pa050_pp0_3_gamma_010__steady,tpe,99,4.817383635808768,0.116167387780397,0.0714976188439079,2.789169591581624,0.05714123702201164,0.07164414554389521,1.147065774700951,0.05384094708295357,True
20260715,M1,case_td003_pa050_pp0_3_gamma_010__steady,tpe,100,3.3767999762346514,0.05209979457312673,0.08600075011238155,2.789169591581624,0.05714123702201164,0.07164414554389521,0.1384230979948353,0.05384094708295357,True
20260715,M1,case_td003_pa050_pp0_3_gamma_010__steady,random,1,3.0,0.125,0.07,3.0,0.125,0.07,0.5628434392461068,0.5628434392461068,True
20260715,M1,case_td003_pa050_pp0_3_gamma_010__steady,random,2,1.1092543560228774,0.07326141548322657,0.07344917105732607,1.1092543560228774,0.07326141548322657,0.07344917105732607,0.48168898011311495,0.48168898011311495,True
20260715,M1,case_td003_pa050_pp0_3_gamma_010__steady,random,3,3.494918964092694,0.10782172090507816,0.048894353295061393,1.1092543560228774,0.07326141548322657,0.07344917105732607,0.646037540819591,0.48168898011311495,True
20260715,M1,case_td003_pa050_pp0_3_gamma_010__steady,random,4,2.373287205462936,0.14381682515527003,0.0941513192947325,2.373287205462936,0.14381682515527003,0.0941513192947325,0.36119682598528075,0.36119682598528075,True
20260715,M1,case_td003_pa050_pp0_3_gamma_010__steady,random,5,4.965865520635298,0.13878902953570094,0.04644868184923032,2.373287205462936,0.14381682515527003,0.0941513192947325,1.3759938656738278,0.36119682598528075,True
20260715,M1,case_td003_pa050_pp0_3_gamma_010__steady,random,6,2.9747720789428214,0.07429424016110323,0.06172657247079687,2.9747720789428214,0.07429424016110323,0.06172657247079687,0.20123461145071883,0.20123461145071883,True
20260715,M1,case_td003_pa050_pp0_3_gamma_010__steady,random,7,2.8644726599679298,0.15785348968254703,0.04517092400633551,2.9747720789428214,0.07429424016110323,0.06172657247079687,0.6590633854323372,0.20123461145071883,True
20260715,M1,case_td003_pa050_pp0_3_gamma_010__steady,random,8,4.152463437321876,0.18382455563086153,0.09228286165383183,2.9747720789428214,0.07429424016110323,0.06172657247079687,1.3756417229135136,0.20123461145071883,True
20260715,M1,case_td003_pa050_pp0_3_gamma_010__steady,random,9,1.9000365798969345,0.13735483670497328,0.09026606164954268,1.9000365798969345,0.13735483670497328,0.09026606164954268,0.10647037972045617,0.10647037972045617,True
20260715,M1,case_td003_pa050_pp0_3_gamma_010__steady,random,10,1.2754587613659063,0.07655947578498729,0.08588348037207641,1.9000365798969345,0.13735483670497328,0.09026606164954268,0.4149183605105173,0.10647037972045617,True
20260715,M1,case_td003_pa050_pp0_3_gamma_010__steady,random,11,2.4537226329712842,0.14847011114271236,0.05748767023409744,1.9000365798969345,0.13735483670497328,0.09026606164954268,0.41540602788125597,0.10647037972045617,True
20260715,M1,case_td003_pa050_pp0_3_gamma_010__steady,random,12,2.5773287594489895,0.11437241473455474,0.050000032413619944,1.9000365798969345,0.13735483670497328,0.09026606164954268,0.3120363955008857,0.10647037972045617,True
20260715,M1,case_td003_pa050_pp0_3_gamma_010__steady,random,13,3.852397520556497,0.12868750453038824,0.0899733764239766,1.9000365798969345,0.13735483670497328,0.09026606164954268,0.9348006838719269,0.10647037972045617,True
20260715,M1,case_td003_pa050_pp0_3_gamma_010__steady,random,14,1.3792627830726643,0.19564060617392698,0.09308520244805404,1.3792627830726643,0.19564060617392698,0.09308520244805404,0.07789971299839117,0.07789971299839117,True
20260715,M1,case_td003_pa050_pp0_3_gamma_010__steady,random,15,3.585011987219684,0.14276291806349647,0.05327004968145043,1.3792627830726643,0.19564060617392698,0.09308520244805404,0.9151048139266746,0.07789971299839117,True
20260715,M1,case_td003_pa050_pp0_3_gamma_010__steady,random,16,4.460469013482904,0.09188500238721647,0.0507811144577963,1.3792627830726643,0.19564060617392698,0.09308520244805404,0.8192478339280564,0.07789971299839117,True
20260715,M1,case_td003_pa050_pp0_3_gamma_010__steady,random,17,4.0585051939884815,0.11016855927065142,0.060930794700822646,1.3792627830726643,0.19564060617392698,0.09308520244805404,0.8639827620724784,0.07789971299839117,True
20260715,M1,case_td003_pa050_pp0_3_gamma_010__steady,random,18,1.2490926841225365,0.0570577764628577,0.09999128235521741,1.3792627830726643,0.19564060617392698,0.09308520244805404,0.4937513658466694,0.07789971299839117,True
20260715,M1,case_td003_pa050_pp0_3_gamma_010__steady,random,19,3.6405410453532996,0.13367673355818704,0.05787328863190139,1.3792627830726643,0.19564060617392698,0.09308520244805404,0.8830651566135218,0.07789971299839117,True
20260715,M1,case_td003_pa050_pp0_3_gamma_010__steady,random,20,2.113076830374829,0.14741500602316623,0.06627087545514085,1.3792627830726643,0.19564060617392698,0.09308520244805404,0.23868553582090093,0.07789971299839117,True
20260715,M1,case_td003_pa050_pp0_3_gamma_010__steady,random,21,1.8987598879420857,0.10260201237695758,0.08575150826097817,1.3792627830726643,0.19564060617392698,0.09308520244805404,0.07954574224488767,0.07789971299839117,True
20260715,M1,case_td003_pa050_pp0_3_gamma_010__steady,random,22,1.1867876298278,0.08791172771990505,0.054330042008060186,1.3792627830726643,0.19564060617392698,0.09308520244805404,0.4109687937990774,0.07789971299839117,True
20260715,M1,case_td003_pa050_pp0_3_gamma_010__steady,random,23,2.6363734672929637,0.14139279289882498,0.07964924154841972,1.3792627830726643,0.19564060617392698,0.09308520244805404,0.47992742028729973,0.07789971299839117,True
20260715,M1,case_td003_pa050_pp0_3_gamma_010__steady,random,24,2.3198094321608598,0.07975031411581623,0.07395671852636251,2.3198094321608598,0.07975031411581623,0.07395671852636251,0.05479646723973834,0.05479646723973834,True
20260715,M1,case_td003_pa050_pp0_3_gamma_010__steady,random,25,3.3378202333941305,0.175876344562078,0.07581893006689666,2.3198094321608598,0.07975031411581623,0.07395671852636251,0.9735642530539201,0.05479646723973834,True
20260715,M1,case_td003_pa050_pp0_3_gamma_010__steady,random,26,3.886961284801901,0.13787059740683105,0.08397996222372175,2.3198094321608598,0.07975031411581623,0.07395671852636251,1.0096262602183683,0.05479646723973834,True
20260715,M1,case_td003_pa050_pp0_3_gamma_010__steady,random,27,2.9894897123888624,0.07566755034077075,0.06702489457001841,2.3198094321608598,0.07975031411581623,0.07395671852636251,0.21743579116003806,0.05479646723973834,True
20260715,M1,case_td003_pa050_pp0_3_gamma_010__steady,random,28,4.791073444498643,0.12482293039384285,0.0565675102822699,2.3198094321608598,0.07975031411581623,0.07395671852636251,1.2130849624702664,0.05479646723973834,True
20260715,M1,case_td003_pa050_pp0_3_gamma_010__steady,random,29,1.5909988703873919,0.08748061528940002,0.053735557923569044,2.3198094321608598,0.07975031411581623,0.07395671852636251,0.26113198463360193,0.05479646723973834,True
20260715,M1,case_td003_pa050_pp0_3_gamma_010__steady,random,30,3.1224575644384265,0.0989949494989028,0.07499082329739014,2.3198094321608598,0.07975031411581623,0.07395671852636251,0.44357348125712415,0.05479646723973834,True
20260715,M1,case_td003_pa050_pp0_3_gamma_010__steady,random,31,2.489092091188101,0.13969715423637508,0.05332087508445832,2.3198094321608598,0.07975031411581623,0.07395671852636251,0.39551900771726256,0.05479646723973834,True
20260715,M1,case_td003_pa050_pp0_3_gamma_010__steady,random,32,4.4546636619592075,0.08539795765949515,0.06941251992884465,2.3198094321608598,0.07975031411581623,0.07395671852636251,0.7554369256238173,0.05479646723973834,True
20260715,M1,case_td003_pa050_pp0_3_gamma_010__steady,random,33,3.9440454267274516,0.06518650578807539,0.09786465368793223,2.3198094321608598,0.07975031411581623,0.07395671852636251,0.4152210084682053,0.05479646723973834,True
20260715,M1,case_td003_pa050_pp0_3_gamma_010__steady,random,34,1.3396352570273193,0.09132419845549511,0.08928618145557862,2.3198094321608598,0.07975031411581623,0.07395671852636251,0.33956418491302826,0.05479646723973834,True
20260715,M1,case_td003_pa050_pp0_3_gamma_010__steady,random,35,2.0698895106897157,0.12109041476260199,0.051439651441895655,2.3198094321608598,0.07975031411581623,0.07395671852636251,0.11776152681290813,0.05479646723973834,True
20260715,M1,case_td003_pa050_pp0_3_gamma_010__steady,random,36,3.052318854188788,0.1986718544461985,0.046255105727877756,2.3198094321608598,0.07975031411581623,0.07395671852636251,0.9108243357015459,0.05479646723973834,True
20260715,M1,case_td003_pa050_pp0_3_gamma_010__steady,random,37,1.9113321165139023,0.07140238864828564,0.04738713279519494,2.3198094321608598,0.07975031411581623,0.07395671852636251,0.21865462414868556,0.05479646723973834,True
20260715,M1,case_td003_pa050_pp0_3_gamma_010__steady,random,38,3.4966915564243233,0.15011635407955742,0.04267746104662369,2.3198094321608598,0.07975031411581623,0.07395671852636251,0.9164600036325726,0.05479646723973834,True
20260715,M1,case_td003_pa050_pp0_3_gamma_010__steady,random,39,4.547259626234599,0.18002709481180057,0.07644221249103464,2.3198094321608598,0.07975031411581623,0.07395671852636251,1.510738427137514,0.05479646723973834,True
20260715,M1,case_td003_pa050_pp0_3_gamma_010__steady,random,40,4.230701257050978,0.0709736531636751,0.06437015651550074,2.3198094321608598,0.07975031411581623,0.07395671852636251,0.549177477132074,0.05479646723973834,True
20260715,M1,case_td003_pa050_pp0_3_gamma_010__steady,random,41,2.9641261335476425,0.1168923353077875,0.050193390021064294,2.3198094321608598,0.07975031411581623,0.07395671852636251,0.49570078057791533,0.05479646723973834,True
20260715,M1,case_td003_pa050_pp0_3_gamma_010__steady,random,42,3.1250653576106253,0.15991643505624464,0.08361458563642485,2.3198094321608598,0.07975031411581623,0.07395671852636251,0.8023640440781663,0.05479646723973834,True
20260715,M1,case_td003_pa050_pp0_3_gamma_010__steady,random,43,4.637480442951877,0.05771419549926452,0.08775543343110137,2.3198094321608598,0.07975031411581623,0.07395671852636251,0.506973186418112,0.05479646723973834,True
20260715,M1,case_td003_pa050_pp0_3_gamma_010__steady,random,44,4.564478017809993,0.09920781934810083,0.06624047675001232,2.3198094321608598,0.07975031411581623,0.07395671852636251,0.9200844233805108,0.05479646723973834,True
20260715,M1,case_td003_pa050_pp0_3_gamma_010__steady,random,45,1.5026101065451973,0.18267348671418915,0.04252875624352079,2.3198094321608598,0.07975031411581623,0.07395671852636251,0.06542558931490673,0.05479646723973834,True
20260715,M1,case_td003_pa050_pp0_3_gamma_010__steady,random,46,4.950417164432245,0.06119767158317525,0.08667513549595666,2.3198094321608598,0.07975031411581623,0.07395671852636251,0.6142211242789662,0.05479646723973834,True
20260715,M1,case_td003_pa050_pp0_3_gamma_010__steady,random,47,1.8626134674783201,0.07206971777184151,0.058176270671283364,2.3198094321608598,0.07975031411581623,0.07395671852636251,0.23102941295536902,0.05479646723973834,True
20260715,M1,case_td003_pa050_pp0_3_gamma_010__steady,random,48,3.2531248334970666,0.12076530848481809,0.06473546946136258,2.3198094321608598,0.07975031411581623,0.07395671852636251,0.6438748789074459,0.05479646723973834,True
20260715,M1,case_td003_pa050_pp0_3_gamma_010__steady,random,49,1.8932393005170303,0.13246568309342094,0.06472313114217018,2.3198094321608598,0.07975031411581623,0.07395671852636251,0.08679176899109704,0.05479646723973834,True
20260715,M1,case_td003_pa050_pp0_3_gamma_010__steady,random,50,1.2779129902188617,0.16788371072206026,0.04986875241519017,2.3198094321608598,0.07975031411581623,0.07395671852636251,0.172135970905581,0.05479646723973834,True
20260715,M1,case_td003_pa050_pp0_3_gamma_010__steady,random,51,3.034009772344037,0.12637124262653177,0.06447903652437185,2.3198094321608598,0.07975031411581623,0.07395671852636251,0.5849370564284715,0.05479646723973834,True
20260715,M1,case_td003_pa050_pp0_3_gamma_010__steady,random,52,3.376119262426194,0.07786949898018372,0.08578230405795684,2.3198094321608598,0.07975031411581623,0.07395671852636251,0.3654588234011448,0.05479646723973834,True
20260715,M1,case_td003_pa050_pp0_3_gamma_010__steady,random,53,1.6779479931440284,0.1753064286001333,0.08556062999740588,2.3198094321608598,0.07975031411581623,0.07395671852636251,0.10374963338121836,0.05479646723973834,True
20260715,M1,case_td003_pa050_pp0_3_gamma_010__steady,random,54,1.3306678920416846,0.1425901267293067,0.06560483424151468,2.3198094321608598,0.07975031411581623,0.07395671852636251,0.19940278389159952,0.05479646723973834,True
20260715,M1,case_td003_pa050_pp0_3_gamma_010__steady,random,55,1.9400090105114098,0.1256023488500656,0.059220563322925336,2.3198094321608598,0.07975031411581623,0.07395671852636251,0.08358812410294997,0.05479646723973834,True
20260715,M1,case_td003_pa050_pp0_3_gamma_010__steady,random,56,2.0919328889531847,0.11775454207650042,0.07906431587855933,2.3198094321608598,0.07975031411581623,0.07395671852636251,0.11787702049347,0.05479646723973834,True
20260715,M1,case_td003_pa050_pp0_3_gamma_010__steady,random,57,1.4835553569050024,0.1040246377908959,0.09521087630717785,2.3198094321608598,0.07975031411581623,0.07395671852636251,0.23761586462474057,0.05479646723973834,True
20260715,M1,case_td003_pa050_pp0_3_gamma_010__steady,random,58,3.5297336931382284,0.12784015900844797,0.051401368224428395,2.3198094321608598,0.07975031411581623,0.07395671852636251,0.7999769745672347,0.05479646723973834,True
20260715,M1,case_td003_pa050_pp0_3_gamma_010__steady,random,59,4.861573917752146,0.17563794843143815,0.05618391432570253,2.3198094321608598,0.07975031411581623,0.07395671852636251,1.5962025320652033,0.05479646723973834,True
20260715,M1,case_td003_pa050_pp0_3_gamma_010__steady,random,60,4.543514338466199,0.12088950172199436,0.05137091009853377,2.3198094321608598,0.07975031411581623,0.07395671852636251,1.1055783148825848,0.05479646723973834,True
20260715,M1,case_td003_pa050_pp0_3_gamma_010__steady,random,61,4.839930876328962,0.1066705106709054,0.06561111098945295,2.3198094321608598,0.07975031411581623,0.07395671852636251,1.065549501701865,0.05479646723973834,True
20260715,M1,case_td003_pa050_pp0_3_gamma_010__steady,random,62,4.1406068234620825,0.056416420324440136,0.08272774186451815,2.3198094321608598,0.07975031411581623,0.07395671852636251,0.37628419996339324,0.05479646723973834,True
20260715,M1,case_td003_pa050_pp0_3_gamma_010__steady,random,63,2.9941863862953713,0.19936667553396054,0.09814446764367919,2.3198094321608598,0.07975031411581623,0.07395671852636251,0.8918059946832341,0.05479646723973834,True
20260715,M1,case_td003_pa050_pp0_3_gamma_010__steady,random,64,4.933846832444733,0.16825444174907445,0.0427727556221435,2.3198094321608598,0.07975031411581623,0.07395671852636251,1.5728149389508952,0.05479646723973834,True
20260715,M1,case_td003_pa050_pp0_3_gamma_010__steady,random,65,2.918346595264094,0.14467094556240162,0.059479180052070285,2.3198094321608598,0.07975031411581623,0.07395671852636251,0.628341512567554,0.05479646723973834,True
20260715,M1,case_td003_pa050_pp0_3_gamma_010__steady,random,66,3.4876967386259863,0.10409092212265075,0.04388699253840565,2.3198094321608598,0.07975031411581623,0.07395671852636251,0.6142043299998314,0.05479646723973834,True
20260715,M1,case_td003_pa050_pp0_3_gamma_010__steady,random,67,3.8335940268203483,0.12985505917988407,0.06003511979285773,2.3198094321608598,0.07975031411581623,0.07395671852636251,0.9330627857502618,0.05479646723973834,True
20260715,M1,case_td003_pa050_pp0_3_gamma_010__steady,random,68,2.7279814269419274,0.072610385671692,0.08191061899001632,2.3198094321608598,0.07975031411581623,0.07395671852636251,0.11038345484913345,0.05479646723973834,True
20260715,M1,case_td003_pa050_pp0_3_gamma_010__steady,random,69,4.0153852608149965,0.06420980881499956,0.05861020849661522,2.3198094321608598,0.07975031411581623,0.07395671852636251,0.4228542819869061,0.05479646723973834,True
20260715,M1,case_td003_pa050_pp0_3_gamma_010__steady,random,70,2.4685913650713376,0.14101400415837015,0.07956804511341697,2.3198094321608598,0.07975031411581623,0.07395671852636251,0.395442905801937,0.05479646723973834,True
20260715,M1,case_td003_pa050_pp0_3_gamma_010__steady,random,71,4.6601819537757505,0.05779643925151987,0.0413881990435973,2.3198094321608598,0.07975031411581623,0.07395671852636251,0.5095969794229992,0.05479646723973834,True
20260715,M1,case_td003_pa050_pp0_3_gamma_010__steady,random,72,1.2231121833440168,0.16827496749144347,0.08340232558366104,2.3198094321608598,0.07975031411581623,0.07395671852636251,0.19404558569681898,0.05479646723973834,True
20260715,M1,case_td003_pa050_pp0_3_gamma_010__steady,random,73,2.0673084250238554,0.09316373904498737,0.06981506160503703,2.3198094321608598,0.07975031411581623,0.07395671852636251,0.06365845524042221,0.05479646723973834,True
20260715,M1,case_td003_pa050_pp0_3_gamma_010__steady,random,74,4.316274961063893,0.09095473349397887,0.07753441709501753,2.3198094321608598,0.07975031411581623,0.07395671852636251,0.7723474810493096,0.05479646723973834,True
20260715,M1,case_td003_pa050_pp0_3_gamma_010__steady,random,75,3.0497175785877366,0.13680237922333516,0.08180611404823136,2.3198094321608598,0.07975031411581623,0.07395671852636251,0.6525247461062033,0.05479646723973834,True
20260715,M1,case_td003_pa050_pp0_3_gamma_010__steady,random,76,4.025641605348362,0.185044695932095,0.0742289911186062,2.3198094321608598,0.07975031411581623,0.07395671852636251,1.326158760318167,0.05479646723973834,True
20260715,M1,case_td003_pa050_pp0_3_gamma_010__steady,random,77,2.015940584194986,0.15545003761774923,0.0942868779007811,2.3198094321608598,0.07975031411581623,0.07395671852636251,0.21969150919984312,0.05479646723973834,True
20260715,M1,case_td003_pa050_pp0_3_gamma_010__steady,random,78,3.7299519965065886,0.06910608271786604,0.051507904321916875,2.3198094321608598,0.07975031411581623,0.07395671852636251,0.3912169210825349,0.05479646723973834,True
20260715,M1,case_td003_pa050_pp0_3_gamma_010__steady,random,79,1.8625163551496153,0.07101730477830495,0.08265792193863641,2.3198094321608598,0.07975031411581623,0.07395671852636251,0.2339453636205333,0.05479646723973834,True
20260715,M1,case_td003_pa050_pp0_3_gamma_010__steady,random,80,2.7007994672793805,0.18372203964262873,0.09637762190352112,2.3198094321608598,0.07975031411581623,0.07395671852636251,0.6820315086491545,0.05479646723973834,True
20260715,M1,case_td003_pa050_pp0_3_gamma_010__steady,random,81,4.902735332051655,0.056904079519527216,0.08417302505882863,2.3198094321608598,0.07975031411581623,0.07395671852636251,0.5556632604062818,0.05479646723973834,True
20260715,M1,case_td003_pa050_pp0_3_gamma_010__steady,random,82,3.8106403530931083,0.07326811014347685,0.048611477956604005,2.3198094321608598,0.07975031411581623,0.07395671852636251,0.45397675055739056,0.05479646723973834,True
20260715,M1,case_td003_pa050_pp0_3_gamma_010__steady,random,83,4.970192008468853,0.1847568720444675,0.06470201803386721,2.3198094321608598,0.07975031411581623,0.07395671852636251,1.6875539424761596,0.05479646723973834,True
20260715,M1,case_td003_pa050_pp0_3_gamma_010__steady,random,84,3.4183250938263274,0.11937045487507579,0.04311764470636486,2.3198094321608598,0.07975031411581623,0.07395671852636251,0.69773106415515,0.05479646723973834,True
20260715,M1,case_td003_pa050_pp0_3_gamma_010__steady,random,85,3.333382003292551,0.18573870875824416,0.0976418379045215,2.3198094321608598,0.07975031411581623,0.07395671852636251,1.0144874070250356,0.05479646723973834,True
20260715,M1,case_td003_pa050_pp0_3_gamma_010__steady,random,86,4.960588151071592,0.07242895613250962,0.04228976442622479,2.3198094321608598,0.07975031411581623,0.07395671852636251,0.7390154781022035,0.05479646723973834,True
20260715,M1,case_td003_pa050_pp0_3_gamma_010__steady,random,87,3.328052098087167,0.16560053441530825,0.08070074867274012,2.3198094321608598,0.07975031411581623,0.07395671852636251,0.9241976923091629,0.05479646723973834,True
20260715,M1,case_td003_pa050_pp0_3_gamma_010__steady,random,88,3.2674310043039196,0.09954805570911257,0.043181764530761696,2.3198094321608598,0.07975031411581623,0.07395671852636251,0.49805651026756903,0.05479646723973834,True
20260715,M1,case_td003_pa050_pp0_3_gamma_010__steady,random,89,4.003234435297362,0.12321926547500284,0.09318578292853184,2.3198094321608598,0.07975031411581623,0.07395671852636251,0.9499247880818048,0.05479646723973834,True
20260715,M1,case_td003_pa050_pp0_3_gamma_010__steady,random,90,1.5037923153153425,0.14141112806758244,0.07237374465545338,2.3198094321608598,0.07975031411581623,0.07395671852636251,0.12229014841612736,0.05479646723973834,True
20260715,M1,case_td003_pa050_pp0_3_gamma_010__steady,random,91,1.2766353145448925,0.19596573256912797,0.0603733465926973,2.3198094321608598,0.07975031411581623,0.07395671852636251,0.11917430935678065,0.05479646723973834,True
20260715,M1,case_td003_pa050_pp0_3_gamma_010__steady,random,92,3.2247885930476814,0.1645220529858228,0.08538418978523153,2.3198094321608598,0.07975031411581623,0.07395671852636251,0.871071803334154,0.05479646723973834,True
20260715,M1,case_td003_pa050_pp0_3_gamma_010__steady,random,93,3.0850583575370747,0.1046690005863077,0.08222438254026826,2.3198094321608598,0.07975031411581623,0.07395671852636251,0.4699824398272123,0.05479646723973834,True
20260715,M1,case_td003_pa050_pp0_3_gamma_010__steady,random,94,3.1731309498433067,0.15063394675813171,0.046354620395218454,2.3198094321608598,0.07975031411581623,0.07395671852636251,0.7745201686626118,0.05479646723973834,True
20260715,M1,case_td003_pa050_pp0_3_gamma_010__steady,random,95,2.512981117193678,0.16558242838628717,0.06159022178648177,2.3198094321608598,0.07975031411581623,0.07395671852636251,0.5125102910798743,0.05479646723973834,True
20260715,M1,case_td003_pa050_pp0_3_gamma_010__steady,random,96,4.46442268182944,0.17186706695581655,0.05787244334427777,2.3198094321608598,0.07975031411581623,0.07395671852636251,1.4319922362551796,0.05479646723973834,True
20260715,M1,case_td003_pa050_pp0_3_gamma_010__steady,random,97,1.8621253908184068,0.16833093342563632,0.04377766190361975,2.3198094321608598,0.07975031411581623,0.07395671852636251,0.16966974295520637,0.05479646723973834,True
20260715,M1,case_td003_pa050_pp0_3_gamma_010__steady,random,98,3.6539621748053728,0.16294987578087955,0.0944171964218617,2.3198094321608598,0.07975031411581623,0.07395671852636251,1.060094058122365,0.05479646723973834,True
20260715,M1,case_td003_pa050_pp0_3_gamma_010__steady,random,99,2.4765962094963494,0.18210887840721574,0.06676099033742175,2.3198094321608598,0.07975031411581623,0.07395671852636251,0.550659834320106,0.05479646723973834,True
20260715,M1,case_td003_pa050_pp0_3_gamma_010__steady,random,100,3.717682277837756,0.12568467702731417,0.047723106816310444,2.3198094321608598,0.07975031411581623,0.07395671852636251,0.8583017128150126,0.05479646723973834,True
20260715,M2,case_td016_pp0_1_gamma_007__steady,cmaes,1,3.0,0.125,0.07,3.0,0.125,0.07,1.7278961645927335,1.7278961645927335,True
20260715,M2,case_td016_pp0_1_gamma_007__steady,cmaes,2,2.952377638231467,0.1379881607004041,0.05643110950204995,3.0,0.125,0.07,1.8127460234338766,1.7278961645927335,True
20260715,M2,case_td016_pp0_1_gamma_007__steady,cmaes,3,2.828704899870286,0.10072212483785926,0.08289266505455867,2.828704899870286,0.10072212483785926,0.08289266505455867,1.3360699458614265,1.3360699458614265,True
20260715,M2,case_td016_pp0_1_gamma_007__steady,cmaes,4,4.647774487105887,0.1383378000021553,0.043280846041267036,2.828704899870286,0.10072212483785926,0.08289266505455867,2.9743156550730654,1.3360699458614265,True
20260715,M2,case_td016_pp0_1_gamma_007__steady,cmaes,5,2.5666024324253756,0.11613554134179309,0.06909788023495814,2.5666024324253756,0.11613554134179309,0.06909788023495814,1.3004648772147331,1.3004648772147331,True
20260715,M2,case_td016_pp0_1_gamma_007__steady,cmaes,6,3.9542355376115337,0.10371267398048528,0.061105807012278496,2.5666024324253756,0.11613554134179309,0.06909788023495814,2.099105656854501,1.3004648772147331,True
20260715,M2,case_td016_pp0_1_gamma_007__steady,cmaes,7,4.112534295348555,0.1477826535873767,0.09307126040317734,2.5666024324253756,0.11613554134179309,0.06909788023495814,2.7749097990620877,1.3004648772147331,True
20260715,M2,case_td016_pp0_1_gamma_007__steady,cmaes,8,2.901093223869884,0.08783219355175235,0.04495687299632324,2.901093223869884,0.08783219355175235,0.04495687299632324,1.2193467962961098,1.2193467962961098,True
20260715,M2,case_td016_pp0_1_gamma_007__steady,cmaes,9,2.3795788420822133,0.09678071421895101,0.06129879994475396,2.3795788420822133,0.09678071421895101,0.06129879994475396,0.9632733638257763,0.9632733638257763,True
20260715,M2,case_td016_pp0_1_gamma_007__steady,cmaes,10,2.2387472079247575,0.11370451182252585,0.08433431077383047,2.3795788420822133,0.09678071421895101,0.06129879994475396,1.0189775156940144,0.9632733638257763,True
20260715,M2,case_td016_pp0_1_gamma_007__steady,cmaes,11,2.627348207084254,0.11307902432852475,0.0626058889154251,2.3795788420822133,0.09678071421895101,0.06129879994475396,1.3165616160355833,0.9632733638257763,True
20260715,M2,case_td016_pp0_1_gamma_007__steady,cmaes,12,1.8983523058036789,0.08734783564206039,0.043120447377514616,1.8983523058036789,0.08734783564206039,0.043120447377514616,0.5219806271563668,0.5219806271563668,True
20260715,M2,case_td016_pp0_1_gamma_007__steady,cmaes,13,2.993385725384944,0.07533366255805328,0.07343242313036899,1.8983523058036789,0.08734783564206039,0.043120447377514616,1.1164856163501078,0.5219806271563668,True
20260715,M2,case_td016_pp0_1_gamma_007__steady,cmaes,14,2.6329385482156855,0.08062937593429394,0.07427106377957965,1.8983523058036789,0.08734783564206039,0.043120447377514616,0.9599911774584835,0.5219806271563668,True
20260715,M2,case_td016_pp0_1_gamma_007__steady,cmaes,15,1.5655019053144792,0.06454427907639931,0.07047519618583058,1.5655019053144792,0.06454427907639931,0.07047519618583058,0.1262895325049897,0.1262895325049897,True
20260715,M2,case_td016_pp0_1_gamma_007__steady,cmaes,16,4.924010623387971,0.12464631342728118,0.05245875529011802,1.5655019053144792,0.06454427907639931,0.07047519618583058,2.9269068764461887,0.1262895325049897,True
20260715,M2,case_td016_pp0_1_gamma_007__steady,cmaes,17,2.032934100033569,0.060179509980635565,0.05431654703089128,1.5655019053144792,0.06454427907639931,0.07047519618583058,0.3516164456364469,0.1262895325049897,True
20260715,M2,case_td016_pp0_1_gamma_007__steady,cmaes,18,2.6410933555661056,0.1410506733655097,0.06233172353679713,1.5655019053144792,0.06454427907639931,0.07047519618583058,1.5807528089172056,0.1262895325049897,True
20260715,M2,case_td016_pp0_1_gamma_007__steady,cmaes,19,1.9590366486913433,0.14194281200725312,0.09243535443181641,1.5655019053144792,0.06454427907639931,0.07047519618583058,0.98947921856743,0.1262895325049897,True
20260715,M2,case_td016_pp0_1_gamma_007__steady,cmaes,20,1.1363932719190797,0.06332637897645439,0.08171338441780444,1.5655019053144792,0.06454427907639931,0.07047519618583058,0.13451256501771522,0.1262895325049897,True
20260715,M2,case_td016_pp0_1_gamma_007__steady,cmaes,21,2.3200293107420036,0.09341665452843803,0.07891471932281985,1.5655019053144792,0.06454427907639931,0.07047519618583058,0.8889073402347619,0.1262895325049897,True
20260715,M2,case_td016_pp0_1_gamma_007__steady,cmaes,22,3.74831737218193,0.18106732263034736,0.045908723778231575,1.5655019053144792,0.06454427907639931,0.07047519618583058,2.8161154448210874,0.1262895325049897,True
20260715,M2,case_td016_pp0_1_gamma_007__steady,cmaes,23,1.3740517006573372,0.07793754363278013,0.056055940188389955,1.3740517006573372,0.07793754363278013,0.056055940188389955,0.10852981087922113,0.10852981087922113,True
20260715,M2,case_td016_pp0_1_gamma_007__steady,cmaes,24,1.8800486404743755,0.09215405664795824,0.04360062597839532,1.3740517006573372,0.07793754363278013,0.056055940188389955,0.5502595649460201,0.10852981087922113,True
20260715,M2,case_td016_pp0_1_gamma_007__steady,cmaes,25,2.40173493107468,0.0775639785794148,0.050614414375724906,1.3740517006573372,0.07793754363278013,0.056055940188389955,0.7675417622707569,0.10852981087922113,True
20260715,M2,case_td016_pp0_1_gamma_007__steady,cmaes,26,3.4184808476768893,0.08970585382269675,0.08107793825669132,1.3740517006573372,0.07793754363278013,0.056055940188389955,1.5795453595362667,0.10852981087922113,True
20260715,M2,case_td016_pp0_1_gamma_007__steady,cmaes,27,1.3491513344199175,0.06975775374651201,0.05649246828576952,1.3491513344199175,0.06975775374651201,0.05649246828576952,0.051448220751216106,0.051448220751216106,True
20260715,M2,case_td016_pp0_1_gamma_007__steady,cmaes,28,1.5425783516724452,0.10112819179903026,0.049239634012948286,1.3491513344199175,0.06975775374651201,0.05649246828576952,0.3726379916275837,0.051448220751216106,True
20260715,M2,case_td016_pp0_1_gamma_007__steady,cmaes,29,3.2631726800080894,0.10931895543990708,0.07156672499691313,1.3491513344199175,0.06975775374651201,0.05649246828576952,1.742316450397638,0.051448220751216106,True
20260715,M2,case_td016_pp0_1_gamma_007__steady,cmaes,30,1.9089551834038576,0.1144532801099704,0.05622301261132889,1.3491513344199175,0.06975775374651201,0.05649246828576952,0.7523071693375599,0.051448220751216106,True
20260715,M2,case_td016_pp0_1_gamma_007__steady,cmaes,31,1.1114243713430478,0.14136241042175948,0.07959362550780377,1.3491513344199175,0.06975775374651201,0.05649246828576952,0.25167899027400087,0.051448220751216106,True
20260715,M2,case_td016_pp0_1_gamma_007__steady,cmaes,32,2.066513683879386,0.06589002300279956,0.06958119883282393,1.3491513344199175,0.06975775374651201,0.05649246828576952,0.43318844986912897,0.051448220751216106,True
20260715,M2,case_td016_pp0_1_gamma_007__steady,cmaes,33,1.0482425525525578,0.08911218722508507,0.06677707377483788,1.3491513344199175,0.06975775374651201,0.05649246828576952,0.05612895314791665,0.051448220751216106,True
20260715,M2,case_td016_pp0_1_gamma_007__steady,cmaes,34,1.6967579767174004,0.07177755852403148,0.06467607663121357,1.3491513344199175,0.06975775374651201,0.05649246828576952,0.2602953463945081,0.051448220751216106,True
20260715,M2,case_td016_pp0_1_gamma_007__steady,cmaes,35,2.611178100828498,0.09797855610630457,0.06969056157250537,1.3491513344199175,0.06975775374651201,0.05649246828576952,1.1467029118660528,0.051448220751216106,True
20260715,M2,case_td016_pp0_1_gamma_007__steady,cmaes,36,1.9317936119409138,0.09221428175003368,0.07440189812068537,1.3491513344199175,0.06975775374651201,0.05649246828576952,0.5949809550244618,0.051448220751216106,True
20260715,M2,case_td016_pp0_1_gamma_007__steady,cmaes,37,1.2183819794147581,0.10156088876825364,0.07186974578685064,1.3491513344199175,0.06975775374651201,0.05649246828576952,0.1495809408699454,0.051448220751216106,True
20260715,M2,case_td016_pp0_1_gamma_007__steady,cmaes,38,1.35178220101547,0.08141945194966159,0.09485804688762928,1.3491513344199175,0.06975775374651201,0.05649246828576952,0.12288027836284826,0.051448220751216106,True
20260715,M2,case_td016_pp0_1_gamma_007__steady,cmaes,39,2.489806030129583,0.11985526298138154,0.053397721795517925,1.3491513344199175,0.06975775374651201,0.05649246828576952,1.2698081723994648,0.051448220751216106,True
20260715,M2,case_td016_pp0_1_gamma_007__steady,cmaes,40,1.7848415488594946,0.06789480277703364,0.05955948234103792,1.3491513344199175,0.06975775374651201,0.05649246828576952,0.2797401540623122,0.051448220751216106,True
20260715,M2,case_td016_pp0_1_gamma_007__steady,cmaes,41,2.3996348564626624,0.13950411177026084,0.06061898098265619,1.3491513344199175,0.06975775374651201,0.05649246828576952,1.3588631237937807,0.051448220751216106,True
20260715,M2,case_td016_pp0_1_gamma_007__steady,cmaes,42,1.5823480169632238,0.08563423050731023,0.08297865346188227,1.3491513344199175,0.06975775374651201,0.05649246828576952,0.298503661146431,0.051448220751216106,True
20260715,M2,case_td016_pp0_1_gamma_007__steady,cmaes,43,1.5320751949581222,0.1274867825824606,0.08839219079421978,1.3491513344199175,0.06975775374651201,0.05649246828576952,0.5318374168698488,0.051448220751216106,True
20260715,M2,case_td016_pp0_1_gamma_007__steady,cmaes,44,1.501670937024853,0.12484617399872656,0.07239851735665925,1.3491513344199175,0.06975775374651201,0.05649246828576952,0.48944377359905655,0.051448220751216106,True
20260715,M2,case_td016_pp0_1_gamma_007__steady,cmaes,45,1.0409295263322433,0.1482085688680905,0.08366935427499886,1.3491513344199175,0.06975775374651201,0.05649246828576952,0.22247397799416488,0.051448220751216106,True
20260715,M2,case_td016_pp0_1_gamma_007__steady,cmaes,46,1.2655065092589646,0.0843335141729839,0.061870866609685035,1.3491513344199175,0.06975775374651201,0.05649246828576952,0.08512110607120225,0.051448220751216106,True
20260715,M2,case_td016_pp0_1_gamma_007__steady,cmaes,47,1.7307156973207307,0.09195879733130122,0.08906620951833191,1.3491513344199175,0.06975775374651201,0.05649246828576952,0.45051621934734104,0.051448220751216106,True
20260715,M2,case_td016_pp0_1_gamma_007__steady,cmaes,48,2.4359640085354424,0.09263594920992502,0.08571988085613391,1.3491513344199175,0.06975775374651201,0.05649246828576952,0.9650647822809093,0.051448220751216106,True
20260715,M2,case_td016_pp0_1_gamma_007__steady,cmaes,49,1.6697108105756278,0.0778342037904607,0.08037543845246983,1.3491513344199175,0.06975775374651201,0.05649246828576952,0.2955274324823411,0.051448220751216106,True
20260715,M2,case_td016_pp0_1_gamma_007__steady,cmaes,50,1.8645075248490632,0.07636924601227185,0.07231351562102054,1.3491513344199175,0.06975775374651201,0.05649246828576952,0.40800917856379976,0.051448220751216106,True
20260715,M2,case_td016_pp0_1_gamma_007__steady,cmaes,51,2.05000478342995,0.07935053677380263,0.07764382895508098,1.3491513344199175,0.06975775374651201,0.05649246828576952,0.5593467015316542,0.051448220751216106,True
20260715,M2,case_td016_pp0_1_gamma_007__steady,cmaes,52,1.2537706291563562,0.08830236158382056,0.06880425184733252,1.3491513344199175,0.06975775374651201,0.05649246828576952,0.10080482004286753,0.051448220751216106,True
20260715,M2,case_td016_pp0_1_gamma_007__steady,cmaes,53,2.2178296761039222,0.17761813202901922,0.08176389631153345,1.3491513344199175,0.06975775374651201,0.05649246828576952,1.4403220734356015,0.051448220751216106,True
20260715,M2,case_td016_pp0_1_gamma_007__steady,cmaes,54,1.2049766444407075,0.1387851197748333,0.07888558715088467,1.3491513344199175,0.06975775374651201,0.05649246828576952,0.3159036679348067,0.051448220751216106,True
20260715,M2,case_td016_pp0_1_gamma_007__steady,cmaes,55,2.4978538854091448,0.14134713860996836,0.07118674349688794,1.3491513344199175,0.06975775374651201,0.05649246828576952,1.4612906307148883,0.051448220751216106,True
20260715,M2,case_td016_pp0_1_gamma_007__steady,cmaes,56,1.6821535349311272,0.12874539067134286,0.0919076922078158,1.3491513344199175,0.06975775374651201,0.05649246828576952,0.6658313278917319,0.051448220751216106,True
20260715,M2,case_td016_pp0_1_gamma_007__steady,cmaes,57,2.2281890984803496,0.08465869424533505,0.07806538764636842,1.3491513344199175,0.06975775374651201,0.05649246828576952,0.733844285412973,0.051448220751216106,True
20260715,M2,case_td016_pp0_1_gamma_007__steady,cmaes,58,1.9246404981258345,0.05191594411806254,0.06663208275078694,1.3491513344199175,0.06975775374651201,0.05649246828576952,0.21154451928630646,0.051448220751216106,True
20260715,M2,case_td016_pp0_1_gamma_007__steady,cmaes,59,1.4849121579617253,0.07617203308975501,0.08648320809898555,1.3491513344199175,0.06975775374651201,0.05649246828576952,0.16744731831851795,0.051448220751216106,True
20260715,M2,case_td016_pp0_1_gamma_007__steady,cmaes,60,1.924786491457009,0.08839122495727775,0.07812670935033272,1.3491513344199175,0.06975775374651201,0.05649246828576952,0.5572423277894671,0.051448220751216106,True
20260715,M2,case_td016_pp0_1_gamma_007__steady,cmaes,61,1.1677995242536863,0.060566733821190745,0.07999888754930075,1.3491513344199175,0.06975775374651201,0.05649246828576952,0.13539521240865354,0.051448220751216106,True
20260715,M2,case_td016_pp0_1_gamma_007__steady,cmaes,62,1.2515132725180114,0.08954605936723006,0.06674947369750198,1.3491513344199175,0.06975775374651201,0.05649246828576952,0.10589457853802359,0.051448220751216106,True
20260715,M2,case_td016_pp0_1_gamma_007__steady,cmaes,63,1.605572330113533,0.07952112506995863,0.08557207397821381,1.3491513344199175,0.06975775374651201,0.05649246828576952,0.2681507850659402,0.051448220751216106,True
20260715,M2,case_td016_pp0_1_gamma_007__steady,cmaes,64,1.1504499713079894,0.11734774014415914,0.06936513378962669,1.3491513344199175,0.06975775374651201,0.05649246828576952,0.17854300831861755,0.051448220751216106,True
20260715,M2,case_td016_pp0_1_gamma_007__steady,cmaes,65,1.0828344937062595,0.0863923266396919,0.05628651378247462,1.3491513344199175,0.06975775374651201,0.05649246828576952,0.052566330617646255,0.051448220751216106,True
20260715,M2,case_td016_pp0_1_gamma_007__steady,cmaes,66,1.1706331068111726,0.08517683716968569,0.09252377550232013,1.1706331068111726,0.08517683716968569,0.09252377550232013,0.04863621234318223,0.04863621234318223,True
20260715,M2,case_td016_pp0_1_gamma_007__steady,cmaes,67,1.082238021214594,0.06486200599290845,0.06180032836289008,1.1706331068111726,0.08517683716968569,0.09252377550232013,0.15599431159959926,0.04863621234318223,True
20260715,M2,case_td016_pp0_1_gamma_007__steady,cmaes,68,1.8930161891903996,0.08518323177084348,0.06601965920689297,1.1706331068111726,0.08517683716968569,0.09252377550232013,0.5045584821191733,0.04863621234318223,True
20260715,M2,case_td016_pp0_1_gamma_007__steady,cmaes,69,2.1539952257766943,0.0555083878969425,0.06310227233710372,1.1706331068111726,0.08517683716968569,0.09252377550232013,0.3726150660114282,0.04863621234318223,True
20260715,M2,case_td016_pp0_1_gamma_007__steady,cmaes,70,1.0931019161384354,0.10753370761279152,0.08171240443608092,1.1706331068111726,0.08517683716968569,0.09252377550232013,0.09797922425223356,0.04863621234318223,True
20260715,M2,case_td016_pp0_1_gamma_007__steady,cmaes,71,2.206089135541492,0.056308938628258955,0.06629379630718867,1.1706331068111726,0.08517683716968569,0.09252377550232013,0.4111060611459968,0.04863621234318223,True
20260715,M2,case_td016_pp0_1_gamma_007__steady,cmaes,72,1.3297353033480699,0.07318295602187343,0.07294127882673057,1.1706331068111726,0.08517683716968569,0.09252377550232013,0.06065757398934199,0.04863621234318223,True
20260715,M2,case_td016_pp0_1_gamma_007__steady,cmaes,73,1.6955288816252296,0.07603228303074366,0.06307463083894119,1.1706331068111726,0.08517683716968569,0.09252377550232013,0.29443894072621735,0.04863621234318223,True
20260715,M2,case_td016_pp0_1_gamma_007__steady,cmaes,74,1.5089440138225327,0.11448890499101529,0.08045126427978637,1.1706331068111726,0.08517683716968569,0.09252377550232013,0.4370850292378989,0.04863621234318223,True
20260715,M2,case_td016_pp0_1_gamma_007__steady,cmaes,75,1.1693791408155418,0.07445065560433436,0.07274346453373151,1.1706331068111726,0.08517683716968569,0.09252377550232013,0.060567592469735226,0.04863621234318223,True
20260715,M2,case_td016_pp0_1_gamma_007__steady,cmaes,76,1.0064528019225252,0.1028110882588971,0.07434847152904203,1.0064528019225252,0.1028110882588971,0.07434847152904203,0.04502665160109694,0.04502665160109694,True
20260715,M2,case_td016_pp0_1_gamma_007__steady,cmaes,77,1.2799975221888944,0.07064796355404858,0.07141466339862136,1.2799975221888944,0.07064796355404858,0.07141466339862136,0.04248456516474752,0.04248456516474752,True
20260715,M2,case_td016_pp0_1_gamma_007__steady,cmaes,78,1.4334352283905936,0.09871957982431015,0.08983499426782743,1.2799975221888944,0.07064796355404858,0.07141466339862136,0.2854759677047102,0.04248456516474752,True
20260715,M2,case_td016_pp0_1_gamma_007__steady,cmaes,79,1.4496774219981354,0.0799467459231068,0.06338098874749176,1.2799975221888944,0.07064796355404858,0.07141466339862136,0.16846874385940777,0.04248456516474752,True
20260715,M2,case_td016_pp0_1_gamma_007__steady,cmaes,80,1.2656743028678235,0.0608444995044749,0.07748545261664716,1.2799975221888944,0.07064796355404858,0.07141466339862136,0.08665795804214238,0.04248456516474752,True
20260715,M2,case_td016_pp0_1_gamma_007__steady,cmaes,81,1.1625676687140585,0.07893476241701196,0.07346931169024913,1.2799975221888944,0.07064796355404858,0.07141466339862136,0.0472046991461641,0.04248456516474752,True
20260715,M2,case_td016_pp0_1_gamma_007__steady,cmaes,82,1.2455810063297084,0.09223492566863484,0.06501202770040464,1.2799975221888944,0.07064796355404858,0.07141466339862136,0.11657888534037016,0.04248456516474752,True
20260715,M2,case_td016_pp0_1_gamma_007__steady,cmaes,83,1.5754306264939475,0.06809297773198389,0.07165881610662835,1.2799975221888944,0.07064796355404858,0.07141466339862136,0.15915041008176778,0.04248456516474752,True
20260715,M2,case_td016_pp0_1_gamma_007__steady,cmaes,84,1.284240916978939,0.06406493831402639,0.0656785641132594,1.2799975221888944,0.07064796355404858,0.07141466339862136,0.06241059716070682,0.04248456516474752,True
20260715,M2,case_td016_pp0_1_gamma_007__steady,cmaes,85,1.3633591257525737,0.08373550874663813,0.07572382411613786,1.2799975221888944,0.07064796355404858,0.07141466339862136,0.14172792967761036,0.04248456516474752,True
20260715,M2,case_td016_pp0_1_gamma_007__steady,cmaes,86,1.1817517744807944,0.06628468418308393,0.06537242437534835,1.2799975221888944,0.07064796355404858,0.07141466339862136,0.0972883329051103,0.04248456516474752,True
20260715,M2,case_td016_pp0_1_gamma_007__steady,cmaes,87,1.448039389381274,0.07551834974073184,0.06425090058384697,1.2799975221888944,0.07064796355404858,0.07141466339862136,0.13727195343360254,0.04248456516474752,True
20260715,M2,case_td016_pp0_1_gamma_007__steady,cmaes,88,1.268924383876069,0.06480298340172025,0.07294940825213359,1.2799975221888944,0.07064796355404858,0.07141466339862136,0.06401519340687671,0.04248456516474752,True
20260715,M2,case_td016_pp0_1_gamma_007__steady,cmaes,89,1.1110766413138315,0.10938029986410065,0.08952891642238114,1.2799975221888944,0.07064796355404858,0.07141466339862136,0.11857811223287176,0.04248456516474752,True
20260715,M2,case_td016_pp0_1_gamma_007__steady,cmaes,90,1.0517572867005462,0.08342289393074553,0.08553348169324075,1.2799975221888944,0.07064796355404858,0.07141466339862136,0.07397007442564744,0.04248456516474752,True
20260715,M2,case_td016_pp0_1_gamma_007__steady,cmaes,91,1.036755166816798,0.10767292554015409,0.07381840400574935,1.2799975221888944,0.07064796355404858,0.07141466339862136,0.06548135008572653,0.04248456516474752,True
20260715,M2,case_td016_pp0_1_gamma_007__steady,cmaes,92,1.197226222515206,0.06650155185142625,0.07857476416989673,1.2799975221888944,0.07064796355404858,0.07141466339862136,0.08662391649845748,0.04248456516474752,True
20260715,M2,case_td016_pp0_1_gamma_007__steady,cmaes,93,1.2301470318086303,0.061764099012847684,0.07693009578606999,1.2799975221888944,0.07064796355404858,0.07141466339862136,0.09813381388272635,0.04248456516474752,True
20260715,M2,case_td016_pp0_1_gamma_007__steady,cmaes,94,1.2968682370880105,0.07385427921215093,0.07158144267287123,1.2799975221888944,0.07064796355404858,0.07141466339862136,0.05077978310678193,0.04248456516474752,True
20260715,M2,case_td016_pp0_1_gamma_007__steady,cmaes,95,1.0775884180174085,0.051076216730491,0.06914454888329762,1.2799975221888944,0.07064796355404858,0.07141466339862136,0.23688349425238722,0.04248456516474752,True
20260715,M2,case_td016_pp0_1_gamma_007__steady,cmaes,96,1.1954288048043265,0.0997798406347257,0.059066162908111786,1.2799975221888944,0.07064796355404858,0.07141466339862136,0.12333739520933987,0.04248456516474752,True
20260715,M2,case_td016_pp0_1_gamma_007__steady,cmaes,97,1.0879316728016866,0.08748669107148777,0.0678728314977593,1.2799975221888944,0.07064796355404858,0.07141466339862136,0.04722295922655136,0.04248456516474752,True
20260715,M2,case_td016_pp0_1_gamma_007__steady,cmaes,98,1.1944536394387852,0.08880510140506961,0.07580658998637799,1.2799975221888944,0.07064796355404858,0.07141466339862136,0.07116847399457242,0.04248456516474752,True
20260715,M2,case_td016_pp0_1_gamma_007__steady,cmaes,99,1.2169530388602579,0.08594425623173019,0.07024549607732068,1.2799975221888944,0.07064796355404858,0.07141466339862136,0.06867471533450449,0.04248456516474752,True
20260715,M2,case_td016_pp0_1_gamma_007__steady,cmaes,100,1.1713460623454317,0.08160916652255537,0.072051931566691,1.2799975221888944,0.07064796355404858,0.07141466339862136,0.04258398174484331,0.04248456516474752,True
20260715,M2,case_td016_pp0_1_gamma_007__steady,tpe,1,3.0,0.125,0.07,3.0,0.125,0.07,1.7278961645927335,1.7278961645927335,True
20260715,M2,case_td016_pp0_1_gamma_007__steady,tpe,2,3.521635756509514,0.1710554285855088,0.07681783094745753,3.0,0.125,0.07,2.5648558659830982,1.7278961645927335,True
20260715,M2,case_td016_pp0_1_gamma_007__steady,tpe,3,3.6387704942886097,0.18402117793521588,0.04337665815834715,3.0,0.125,0.07,2.750748443344764,1.7278961645927335,True
20260715,M2,case_td016_pp0_1_gamma_007__steady,tpe,4,3.0581857447315373,0.14311417038198104,0.08226311609660895,3.0,0.125,0.07,1.9508770021366568,1.7278961645927335,True
20260715,M2,case_td016_pp0_1_gamma_007__steady,tpe,5,2.0350745721342554,0.19845069914742808,0.08959093954107587,2.0350745721342554,0.19845069914742808,0.08959093954107587,1.3682050064031028,1.3682050064031028,True
20260715,M2,case_td016_pp0_1_gamma_007__steady,tpe,6,2.3239605161371872,0.11302027450625081,0.08696485167949544,2.3239605161371872,0.11302027450625081,0.08696485167949544,1.0815915000338296,1.0815915000338296,True
20260715,M2,case_td016_pp0_1_gamma_007__steady,tpe,7,2.954116746000916,0.07844710798934793,0.08497311919482561,2.3239605161371872,0.11302027450625081,0.08696485167949544,1.137033570446386,1.0815915000338296,True
20260715,M2,case_td016_pp0_1_gamma_007__steady,tpe,8,3.6709300938906404,0.13184225450385811,0.06148982994865629,2.3239605161371872,0.11302027450625081,0.08696485167949544,2.2915787570079735,1.0815915000338296,True
20260715,M2,case_td016_pp0_1_gamma_007__steady,tpe,9,2.802739786318662,0.059357331741392655,0.06258916924050839,2.802739786318662,0.059357331741392655,0.06258916924050839,0.7819972539568237,0.7819972539568237,True
20260715,M2,case_td016_pp0_1_gamma_007__steady,tpe,10,4.304639328190438,0.11626497977908695,0.04648818803350748,2.802739786318662,0.059357331741392655,0.06258916924050839,2.4781179043566675,0.7819972539568237,True
20260715,M2,case_td016_pp0_1_gamma_007__steady,tpe,11,3.226125221421625,0.10280601431473094,0.09851111656646444,2.802739786318662,0.059357331741392655,0.06258916924050839,1.6372733274181597,0.7819972539568237,True
20260715,M2,case_td016_pp0_1_gamma_007__steady,tpe,12,2.4083740958365394,0.18618031544866015,0.07512636993013003,2.802739786318662,0.059357331741392655,0.06258916924050839,1.6718781213185914,0.7819972539568237,True
20260715,M2,case_td016_pp0_1_gamma_007__steady,tpe,13,2.6474510920867695,0.0894592205557804,0.0749135697974976,2.802739786318662,0.059357331741392655,0.06258916924050839,1.0759155273382164,0.7819972539568237,True
20260715,M2,case_td016_pp0_1_gamma_007__steady,tpe,14,3.3715908600211306,0.09053120927278266,0.0833486291940534,2.802739786318662,0.059357331741392655,0.06258916924050839,1.5631378131870388,0.7819972539568237,True
20260715,M2,case_td016_pp0_1_gamma_007__steady,tpe,15,1.3735998527605182,0.11582958471483737,0.06654127321696066,1.3735998527605182,0.11582958471483737,0.06654127321696066,0.33713914722543786,0.33713914722543786,True
20260715,M2,case_td016_pp0_1_gamma_007__steady,tpe,16,1.2120159272246473,0.11295103487515105,0.06143597431010543,1.2120159272246473,0.11295103487515105,0.06143597431010543,0.20079101957657708,0.20079101957657708,True
20260715,M2,case_td016_pp0_1_gamma_007__steady,tpe,17,1.3225927379277826,0.1156830246283452,0.05165847581177118,1.2120159272246473,0.11295103487515105,0.06143597431010543,0.29459866316553657,0.20079101957657708,True
20260715,M2,case_td016_pp0_1_gamma_007__steady,tpe,18,1.4020125247530766,0.1138634285600128,0.04285342120240514,1.2120159272246473,0.11295103487515105,0.06143597431010543,0.3433073745093639,0.20079101957657708,True
20260715,M2,case_td016_pp0_1_gamma_007__steady,tpe,19,1.3710809417657004,0.07283726737239071,0.058209214220502264,1.3710809417657004,0.07283726737239071,0.058209214220502264,0.07635497704107627,0.07635497704107627,True
20260715,M2,case_td016_pp0_1_gamma_007__steady,tpe,20,1.2564943243772737,0.07223493792007159,0.06913233904142271,1.2564943243772737,0.07223493792007159,0.06913233904142271,0.042925566539968686,0.042925566539968686,True
20260715,M2,case_td016_pp0_1_gamma_007__steady,tpe,21,1.3488127333049589,0.05677080399661595,0.06541792900341653,1.2564943243772737,0.07223493792007159,0.06913233904142271,0.07531970496693197,0.042925566539968686,True
20260715,M2,case_td016_pp0_1_gamma_007__steady,tpe,22,1.0047081972545353,0.060037238656902935,0.06729287364075676,1.2564943243772737,0.07223493792007159,0.06913233904142271,0.22038318850925293,0.042925566539968686,True
20260715,M2,case_td016_pp0_1_gamma_007__steady,tpe,23,1.9272965304158693,0.05679454053456504,0.08105175163489518,1.2564943243772737,0.07223493792007159,0.06913233904142271,0.2628047156600961,0.042925566539968686,True
20260715,M2,case_td016_pp0_1_gamma_007__steady,tpe,24,2.0150959045788364,0.08614904646065476,0.056866309077744925,1.2564943243772737,0.07223493792007159,0.06913233904142271,0.5961992296985386,0.042925566539968686,True
20260715,M2,case_td016_pp0_1_gamma_007__steady,tpe,25,4.682658668526202,0.1564801481047037,0.0994030650244949,1.2564943243772737,0.07223493792007159,0.06913233904142271,3.228087460847772,0.042925566539968686,True
20260715,M2,case_td016_pp0_1_gamma_007__steady,tpe,26,1.4554832527183965,0.05733828955361786,0.041289070788779234,1.2564943243772737,0.07223493792007159,0.06913233904142271,0.04443609457517367,0.042925566539968686,True
20260715,M2,case_td016_pp0_1_gamma_007__steady,tpe,27,1.2709007360084457,0.05743430759060177,0.04526964627477155,1.2564943243772737,0.07223493792007159,0.06913233904142271,0.11005089127420582,0.042925566539968686,True
20260715,M2,case_td016_pp0_1_gamma_007__steady,tpe,28,2.017982080004793,0.06985526507038278,0.040343239251579746,1.2564943243772737,0.07223493792007159,0.06913233904142271,0.4370294616533446,0.042925566539968686,True
20260715,M2,case_td016_pp0_1_gamma_007__steady,tpe,29,1.9644991503841083,0.05405930394006383,0.062259467014370726,1.2564943243772737,0.07223493792007159,0.06913233904142271,0.2531268233004116,0.042925566539968686,True
20260715,M2,case_td016_pp0_1_gamma_007__steady,tpe,30,3.3392938552599514,0.051979185810980114,0.04557828525275816,1.2564943243772737,0.07223493792007159,0.06913233904142271,0.9461479560827077,0.042925566539968686,True
20260715,M2,case_td016_pp0_1_gamma_007__steady,tpe,31,2.0788459996810382,0.197179630086647,0.055752979066881106,1.2564943243772737,0.07223493792007159,0.06913233904142271,1.3998859681374818,0.042925566539968686,True
20260715,M2,case_td016_pp0_1_gamma_007__steady,tpe,32,1.37287526172699,0.09211077951170721,0.07271170012550085,1.2564943243772737,0.07223493792007159,0.06913233904142271,0.19974082303470683,0.042925566539968686,True
20260715,M2,case_td016_pp0_1_gamma_007__steady,tpe,33,1.2726591588884946,0.053694777388207514,0.0553155689636754,1.2564943243772737,0.07223493792007159,0.06913233904142271,0.13146194282155876,0.042925566539968686,True
20260715,M2,case_td016_pp0_1_gamma_007__steady,tpe,34,1.1864637822836321,0.08137954970193528,0.06486312200462284,1.2564943243772737,0.07223493792007159,0.06913233904142271,0.043164907895229185,0.042925566539968686,True
20260715,M2,case_td016_pp0_1_gamma_007__steady,tpe,35,1.1465403021668379,0.06577766915673765,0.07802300509199148,1.2564943243772737,0.07223493792007159,0.06913233904142271,0.11585374917399384,0.042925566539968686,True
20260715,M2,case_td016_pp0_1_gamma_007__steady,tpe,36,1.333688828540941,0.08670554643974379,0.07113805468367194,1.2564943243772737,0.07223493792007159,0.06913233904142271,0.14085091011500342,0.042925566539968686,True
20260715,M2,case_td016_pp0_1_gamma_007__steady,tpe,37,1.5436911719492037,0.05260960871022563,0.06522735226933463,1.2564943243772737,0.07223493792007159,0.06913233904142271,0.045331374273216214,0.042925566539968686,True
20260715,M2,case_td016_pp0_1_gamma_007__steady,tpe,38,4.53276064641236,0.07080472015227297,0.08559640465666103,1.2564943243772737,0.07223493792007159,0.06913233904142271,1.8294975542565712,0.042925566539968686,True
20260715,M2,case_td016_pp0_1_gamma_007__steady,tpe,39,1.9925657001187598,0.05230353367851341,0.04283763406156991,1.2564943243772737,0.07223493792007159,0.06913233904142271,0.24663097281006505,0.042925566539968686,True
20260715,M2,case_td016_pp0_1_gamma_007__steady,tpe,40,1.3219635926456477,0.08409808456563159,0.09515558437157377,1.2564943243772737,0.07223493792007159,0.06913233904142271,0.1213221382238047,0.042925566539968686,True
20260715,M2,case_td016_pp0_1_gamma_007__steady,tpe,41,1.02642465150404,0.06959091140635958,0.04234905469280628,1.2564943243772737,0.07223493792007159,0.06913233904142271,0.16167114386753573,0.042925566539968686,True
20260715,M2,case_td016_pp0_1_gamma_007__steady,tpe,42,1.4216705723637122,0.05765346565523173,0.06863824747085616,1.2564943243772737,0.07223493792007159,0.06913233904142271,0.04616761372100895,0.042925566539968686,True
20260715,M2,case_td016_pp0_1_gamma_007__steady,tpe,43,1.88017982004145,0.07010071352221794,0.0632277523911681,1.2564943243772737,0.07223493792007159,0.06913233904142271,0.3588904424300022,0.042925566539968686,True
20260715,M2,case_td016_pp0_1_gamma_007__steady,tpe,44,1.6911209400841676,0.0714714319966459,0.07193814522084593,1.2564943243772737,0.07223493792007159,0.06913233904142271,0.25555893729787876,0.042925566539968686,True
20260715,M2,case_td016_pp0_1_gamma_007__steady,tpe,45,1.1435588329045816,0.1705622420803823,0.08951776963653628,1.2564943243772737,0.07223493792007159,0.06913233904142271,0.3899390874811081,0.042925566539968686,True
20260715,M2,case_td016_pp0_1_gamma_007__steady,tpe,46,1.5760815250005884,0.051784658551015876,0.07613920798786508,1.2564943243772737,0.07223493792007159,0.06913233904142271,0.04910213234752235,0.042925566539968686,True
20260715,M2,case_td016_pp0_1_gamma_007__steady,tpe,47,4.916662646722536,0.166253737053001,0.06762361420273613,1.2564943243772737,0.07223493792007159,0.06913233904142271,3.4728068679342523,0.042925566539968686,True
20260715,M2,case_td016_pp0_1_gamma_007__steady,tpe,48,1.105033496984669,0.08746138434355871,0.05917456229162015,1.2564943243772737,0.07223493792007159,0.06913233904142271,0.044253003886351824,0.042925566539968686,True
20260715,M2,case_td016_pp0_1_gamma_007__steady,tpe,49,1.1543027313817837,0.07816821721662709,0.05786844912950897,1.2564943243772737,0.07223493792007159,0.06913233904142271,0.05358947506407874,0.042925566539968686,True
20260715,M2,case_td016_pp0_1_gamma_007__steady,tpe,50,3.376933436984395,0.17413586119358368,0.09620836762861737,1.2564943243772737,0.07223493792007159,0.06913233904142271,2.473322510702123,0.042925566539968686,True
20260715,M2,case_td016_pp0_1_gamma_007__steady,tpe,51,1.3033208285159597,0.08739565813684531,0.05841999741825386,1.2564943243772737,0.07223493792007159,0.06913233904142271,0.12400433360517969,0.042925566539968686,True
20260715,M2,case_td016_pp0_1_gamma_007__steady,tpe,52,1.2077352910709593,0.07369023263315452,0.06505590490902567,1.2564943243772737,0.07223493792007159,0.06913233904142271,0.050176877213815675,0.042925566539968686,True
20260715,M2,case_td016_pp0_1_gamma_007__steady,tpe,53,2.0211731271130047,0.060145431155218,0.06866650764061705,1.2564943243772737,0.07223493792007159,0.06913233904142271,0.34735043588501585,0.042925566539968686,True
20260715,M2,case_td016_pp0_1_gamma_007__steady,tpe,54,1.0325655260175626,0.10205295535745992,0.0673698522566245,1.2564943243772737,0.07223493792007159,0.06913233904142271,0.04789083261323877,0.042925566539968686,True
20260715,M2,case_td016_pp0_1_gamma_007__steady,tpe,55,1.5511673108025756,0.050616189196741435,0.06518226174914245,1.2564943243772737,0.07223493792007159,0.06913233904142271,0.044898015094079494,0.042925566539968686,True
20260715,M2,case_td016_pp0_1_gamma_007__steady,tpe,56,2.2021123085732244,0.05061585664863351,0.054406454936360225,1.2564943243772737,0.07223493792007159,0.06913233904142271,0.3430608062406379,0.042925566539968686,True
20260715,M2,case_td016_pp0_1_gamma_007__steady,tpe,57,1.2769104627583212,0.08684901315120827,0.05538491896007577,1.2564943243772737,0.07223493792007159,0.06913233904142271,0.10441311427804496,0.042925566539968686,True
20260715,M2,case_td016_pp0_1_gamma_007__steady,tpe,58,1.892069040818157,0.05419535411003616,0.06404764456408905,1.2564943243772737,0.07223493792007159,0.06913233904142271,0.21559603965994184,0.042925566539968686,True
20260715,M2,case_td016_pp0_1_gamma_007__steady,tpe,59,2.515128468343436,0.10115622878775347,0.057954081299268004,1.2564943243772737,0.07223493792007159,0.06913233904142271,1.107902281655962,0.042925566539968686,True
20260715,M2,case_td016_pp0_1_gamma_007__steady,tpe,60,4.939099602577904,0.1449646892827911,0.04763288969695392,1.2564943243772737,0.07223493792007159,0.06913233904142271,3.22053963511703,0.042925566539968686,True
20260715,M2,case_td016_pp0_1_gamma_007__steady,tpe,61,1.0352113780859715,0.05825182983596761,0.06780672288280115,1.2564943243772737,0.07223493792007159,0.06913233904142271,0.21553577050109468,0.042925566539968686,True
20260715,M2,case_td016_pp0_1_gamma_007__steady,tpe,62,1.4336020993349754,0.05717048234014005,0.06814107686385823,1.2564943243772737,0.07223493792007159,0.06913233904142271,0.045404222788314526,0.042925566539968686,True
20260715,M2,case_td016_pp0_1_gamma_007__steady,tpe,63,1.0491764487420352,0.08331251966159961,0.07154996615422746,1.2564943243772737,0.07223493792007159,0.06913233904142271,0.07747619991397697,0.042925566539968686,True
20260715,M2,case_td016_pp0_1_gamma_007__steady,tpe,64,1.5411931598931818,0.053306434204616227,0.05875077055839012,1.2564943243772737,0.07223493792007159,0.06913233904142271,0.04613059035148262,0.042925566539968686,True
20260715,M2,case_td016_pp0_1_gamma_007__steady,tpe,65,1.4199634127597187,0.05543046996269466,0.040237859500265094,1.2564943243772737,0.07223493792007159,0.06913233904142271,0.058714888236136326,0.042925566539968686,True
20260715,M2,case_td016_pp0_1_gamma_007__steady,tpe,66,2.3541062125669923,0.050233833318434715,0.07251912839461616,1.2564943243772737,0.07223493792007159,0.06913233904142271,0.4229309783627887,0.042925566539968686,True
20260715,M2,case_td016_pp0_1_gamma_007__steady,tpe,67,1.0566555040272565,0.0570625581201972,0.06559246669702493,1.2564943243772737,0.07223493792007159,0.06913233904142271,0.2123556658654483,0.042925566539968686,True
20260715,M2,case_td016_pp0_1_gamma_007__steady,tpe,68,4.920595794100446,0.07848297147161243,0.0411138547442589,1.2564943243772737,0.07223493792007159,0.06913233904142271,2.1266886606376594,0.042925566539968686,True
20260715,M2,case_td016_pp0_1_gamma_007__steady,tpe,69,2.164638672643263,0.09041624329974854,0.06977965007330567,1.2564943243772737,0.07223493792007159,0.06913233904142271,0.7453984298559433,0.042925566539968686,True
20260715,M2,case_td016_pp0_1_gamma_007__steady,tpe,70,4.7202299514976875,0.12886935003575894,0.08170656938983098,1.2564943243772737,0.07223493792007159,0.06913233904142271,2.8912187863756307,0.042925566539968686,True
20260715,M2,case_td016_pp0_1_gamma_007__steady,tpe,71,3.2723987691039778,0.1683148838197965,0.06293723518637469,1.2564943243772737,0.07223493792007159,0.06913233904142271,2.3356180391863757,0.042925566539968686,True
20260715,M2,case_td016_pp0_1_gamma_007__steady,tpe,72,4.8963478218223955,0.08065141381055999,0.06643363256514845,1.2564943243772737,0.07223493792007159,0.06913233904142271,2.163884772737806,0.042925566539968686,True
20260715,M2,case_td016_pp0_1_gamma_007__steady,tpe,73,1.0875798585820498,0.052436482894038315,0.05231035913654027,1.2564943243772737,0.07223493792007159,0.06913233904142271,0.22680506899819244,0.042925566539968686,True
20260715,M2,case_td016_pp0_1_gamma_007__steady,tpe,74,2.7233144892944683,0.1610750404860046,0.041183295138415954,1.2564943243772737,0.07223493792007159,0.06913233904142271,1.7982870366356882,0.042925566539968686,True
20260715,M2,case_td016_pp0_1_gamma_007__steady,tpe,75,1.9146274497157862,0.06677325663540101,0.05653731656733725,1.2564943243772737,0.07223493792007159,0.06913233904142271,0.347354484509918,0.042925566539968686,True
20260715,M2,case_td016_pp0_1_gamma_007__steady,tpe,76,1.4040824283929352,0.06426998194281236,0.06328838233453875,1.2564943243772737,0.07223493792007159,0.06913233904142271,0.04846272830506478,0.042925566539968686,True
20260715,M2,case_td016_pp0_1_gamma_007__steady,tpe,77,1.7552068731899935,0.08663591464237833,0.06159794878427962,1.2564943243772737,0.07223493792007159,0.06913233904142271,0.4205947729914955,0.042925566539968686,True
20260715,M2,case_td016_pp0_1_gamma_007__steady,tpe,78,1.4068959496567213,0.05555190103175178,0.06074149036402569,1.2564943243772737,0.07223493792007159,0.06913233904142271,0.059787874355425125,0.042925566539968686,True
20260715,M2,case_td016_pp0_1_gamma_007__steady,tpe,79,1.8495296869752513,0.05478903036275818,0.06817261443333217,1.2564943243772737,0.07223493792007159,0.06913233904142271,0.19899588111308078,0.042925566539968686,True
20260715,M2,case_td016_pp0_1_gamma_007__steady,tpe,80,1.5122123698890766,0.09281510224546902,0.04659943607124708,1.2564943243772737,0.07223493792007159,0.06913233904142271,0.2946251917914525,0.042925566539968686,True
20260715,M2,case_td016_pp0_1_gamma_007__steady,tpe,81,1.8800274395527108,0.053198175613130595,0.05949132987650961,1.2564943243772737,0.07223493792007159,0.06913233904142271,0.19885301964665472,0.042925566539968686,True
20260715,M2,case_td016_pp0_1_gamma_007__steady,tpe,82,1.3972942532758534,0.07046508124984331,0.07850843203332775,1.2564943243772737,0.07223493792007159,0.06913233904142271,0.07825772972725592,0.042925566539968686,True
20260715,M2,case_td016_pp0_1_gamma_007__steady,tpe,83,1.6292942462702844,0.056775006969705416,0.07196360225530667,1.2564943243772737,0.07223493792007159,0.06913233904142271,0.10092950813071738,0.042925566539968686,True
20260715,M2,case_td016_pp0_1_gamma_007__steady,tpe,84,4.939303614065462,0.19133342601823464,0.08967374162333329,1.2564943243772737,0.07223493792007159,0.06913233904142271,3.7440086534457153,0.042925566539968686,True
20260715,M2,case_td016_pp0_1_gamma_007__steady,tpe,85,1.5962897666090927,0.05398135298383435,0.06059462995666577,1.2564943243772737,0.07223493792007159,0.06913233904142271,0.0649932388315016,0.042925566539968686,True
20260715,M2,case_td016_pp0_1_gamma_007__steady,tpe,86,1.6661294174344978,0.05052693481382778,0.0725688209905498,1.2564943243772737,0.07223493792007159,0.06913233904142271,0.07250083834285385,0.042925566539968686,True
20260715,M2,case_td016_pp0_1_gamma_007__steady,tpe,87,1.1367478790249155,0.08027453228383391,0.06396901633889808,1.2564943243772737,0.07223493792007159,0.06913233904142271,0.05204224563214353,0.042925566539968686,True
20260715,M2,case_td016_pp0_1_gamma_007__steady,tpe,88,1.141337024728859,0.11154973480657765,0.056753525909774886,1.2564943243772737,0.07223493792007159,0.06913233904142271,0.1436280450257696,0.042925566539968686,True
20260715,M2,case_td016_pp0_1_gamma_007__steady,tpe,89,1.3141658344012337,0.05152419374753482,0.07631577845507728,1.2564943243772737,0.07223493792007159,0.06913233904142271,0.12293737428976692,0.042925566539968686,True
20260715,M2,case_td016_pp0_1_gamma_007__steady,tpe,90,1.9342215605886683,0.07889379948006126,0.06737895019764181,1.2564943243772737,0.07223493792007159,0.06913233904142271,0.4759902616920412,0.042925566539968686,True
20260715,M2,case_td016_pp0_1_gamma_007__steady,tpe,91,2.13807114328809,0.13429643529664942,0.06691647920430467,1.2564943243772737,0.07223493792007159,0.06913233904142271,1.0929431357310584,0.042925566539968686,True
20260715,M2,case_td016_pp0_1_gamma_007__steady,tpe,92,1.1255327121926162,0.14286169316575556,0.06690346846031095,1.2564943243772737,0.07223493792007159,0.06913233904142271,0.26678767901905487,0.042925566539968686,True
20260715,M2,case_td016_pp0_1_gamma_007__steady,tpe,93,1.519555812991424,0.1055196754256115,0.0695969187180674,1.2564943243772737,0.07223493792007159,0.06913233904142271,0.3881158596259033,0.042925566539968686,True
20260715,M2,case_td016_pp0_1_gamma_007__steady,tpe,94,1.1326177928920569,0.13169647692083303,0.08022706898794713,1.2564943243772737,0.07223493792007159,0.06913233904142271,0.22928582247580032,0.042925566539968686,True
20260715,M2,case_td016_pp0_1_gamma_007__steady,tpe,95,1.3574465488524001,0.10165785205972747,0.06518229785794492,1.2564943243772737,0.07223493792007159,0.06913233904142271,0.24519086494572773,0.042925566539968686,True
20260715,M2,case_td016_pp0_1_gamma_007__steady,tpe,96,1.1168091188413056,0.09309269176026111,0.07927071884768896,1.2564943243772737,0.07223493792007159,0.06913233904142271,0.05304087483833132,0.042925566539968686,True
20260715,M2,case_td016_pp0_1_gamma_007__steady,tpe,97,1.0056829028473422,0.07559957010469616,0.05668719705107342,1.2564943243772737,0.07223493792007159,0.06913233904142271,0.13936412768760464,0.042925566539968686,True
20260715,M2,case_td016_pp0_1_gamma_007__steady,tpe,98,1.1801602675731502,0.10457558996585392,0.06665966475863758,1.2564943243772737,0.07223493792007159,0.06913233904142271,0.13841516979692062,0.042925566539968686,True
20260715,M2,case_td016_pp0_1_gamma_007__steady,tpe,99,1.016007743692237,0.07387976328123481,0.06882819944122093,1.2564943243772737,0.07223493792007159,0.06913233904142271,0.14082963382903171,0.042925566539968686,True
20260715,M2,case_td016_pp0_1_gamma_007__steady,tpe,100,3.3767999762346514,0.05209979457312673,0.08600075011238155,1.2564943243772737,0.07223493792007159,0.06913233904142271,0.9737305815237981,0.042925566539968686,True
20260715,M2,case_td016_pp0_1_gamma_007__steady,random,1,3.0,0.125,0.07,3.0,0.125,0.07,1.7278961645927335,1.7278961645927335,True
20260715,M2,case_td016_pp0_1_gamma_007__steady,random,2,1.1092543560228774,0.07326141548322657,0.07344917105732607,1.1092543560228774,0.07326141548322657,0.07344917105732607,0.09474439494306774,0.09474439494306774,True
20260715,M2,case_td016_pp0_1_gamma_007__steady,random,3,3.494918964092694,0.10782172090507816,0.048894353295061393,1.1092543560228774,0.07326141548322657,0.07344917105732607,1.8725898955862594,0.09474439494306774,True
20260715,M2,case_td016_pp0_1_gamma_007__steady,random,4,2.373287205462936,0.14381682515527003,0.0941513192947325,1.1092543560228774,0.07326141548322657,0.07344917105732607,1.3737022766121418,0.09474439494306774,True
20260715,M2,case_td016_pp0_1_gamma_007__steady,random,5,4.965865520635298,0.13878902953570094,0.04644868184923032,1.1092543560228774,0.07326141548322657,0.07344917105732607,3.150581918911193,0.09474439494306774,True
20260715,M2,case_td016_pp0_1_gamma_007__steady,random,6,2.9747720789428214,0.07429424016110323,0.06172657247079687,1.1092543560228774,0.07326141548322657,0.07344917105732607,1.0886285064456311,0.09474439494306774,True
20260715,M2,case_td016_pp0_1_gamma_007__steady,random,7,2.8644726599679298,0.15785348968254703,0.04517092400633551,1.1092543560228774,0.07326141548322657,0.07344917105732607,1.900611295151443,0.09474439494306774,True
20260715,M2,case_td016_pp0_1_gamma_007__steady,random,8,4.152463437321876,0.18382455563086153,0.09228286165383183,1.1092543560228774,0.07326141548322657,0.07344917105732607,3.1543016682206466,0.09474439494306774,True
20260715,M2,case_td016_pp0_1_gamma_007__steady,random,9,1.9000365798969345,0.13735483670497328,0.09026606164954268,1.1092543560228774,0.07326141548322657,0.07344917105732607,0.9077860746872332,0.09474439494306774,True
20260715,M2,case_td016_pp0_1_gamma_007__steady,random,10,1.2754587613659063,0.07655947578498729,0.08588348037207641,1.2754587613659063,0.07655947578498729,0.08588348037207641,0.05478003625046264,0.05478003625046264,True
20260715,M2,case_td016_pp0_1_gamma_007__steady,random,11,2.4537226329712842,0.14847011114271236,0.05748767023409744,1.2754587613659063,0.07655947578498729,0.08588348037207641,1.47203842677958,0.05478003625046264,True
20260715,M2,case_td016_pp0_1_gamma_007__steady,random,12,2.5773287594489895,0.11437241473455474,0.050000032413619944,1.2754587613659063,0.07655947578498729,0.08588348037207641,1.2869080512687483,0.05478003625046264,True
20260715,M2,case_td016_pp0_1_gamma_007__steady,random,13,3.852397520556497,0.12868750453038824,0.0899733764239766,1.2754587613659063,0.07655947578498729,0.08588348037207641,2.379895902024892,0.05478003625046264,True
20260715,M2,case_td016_pp0_1_gamma_007__steady,random,14,1.3792627830726643,0.19564060617392698,0.09308520244805404,1.2754587613659063,0.07655947578498729,0.08588348037207641,0.703834756126791,0.05478003625046264,True
20260715,M2,case_td016_pp0_1_gamma_007__steady,random,15,3.585011987219684,0.14276291806349647,0.05327004968145043,1.2754587613659063,0.07655947578498729,0.08588348037207641,2.347450684347595,0.05478003625046264,True
20260715,M2,case_td016_pp0_1_gamma_007__steady,random,16,4.460469013482904,0.09188500238721647,0.0507811144577963,1.2754587613659063,0.07655947578498729,0.08588348037207641,2.1719284673400323,0.05478003625046264,True
20260715,M2,case_td016_pp0_1_gamma_007__steady,random,17,4.0585051939884815,0.11016855927065142,0.060930794700822646,1.2754587613659063,0.07655947578498729,0.08588348037207641,2.254082383801491,0.05478003625046264,True
20260715,M2,case_td016_pp0_1_gamma_007__steady,random,18,1.2490926841225365,0.0570577764628577,0.09999128235521741,1.2754587613659063,0.07655947578498729,0.08588348037207641,0.11447095787107871,0.05478003625046264,True
20260715,M2,case_td016_pp0_1_gamma_007__steady,random,19,3.6405410453532996,0.13367673355818704,0.05787328863190139,1.2754587613659063,0.07655947578498729,0.08588348037207641,2.2903960070829332,0.05478003625046264,True
20260715,M2,case_td016_pp0_1_gamma_007__steady,random,20,2.113076830374829,0.14741500602316623,0.06627087545514085,1.2754587613659063,0.07655947578498729,0.08588348037207641,1.1591058129494674,0.05478003625046264,True
20260715,M2,case_td016_pp0_1_gamma_007__steady,random,21,1.8987598879420857,0.10260201237695758,0.08575150826097817,1.2754587613659063,0.07655947578498729,0.08588348037207641,0.6587325839212708,0.05478003625046264,True
20260715,M2,case_td016_pp0_1_gamma_007__steady,random,22,1.1867876298278,0.08791172771990505,0.054330042008060186,1.2754587613659063,0.07655947578498729,0.08588348037207641,0.06090522846273384,0.05478003625046264,True
20260715,M2,case_td016_pp0_1_gamma_007__steady,random,23,2.6363734672929637,0.14139279289882498,0.07964924154841972,1.2754587613659063,0.07655947578498729,0.08588348037207641,1.5831746772087973,0.05478003625046264,True
20260715,M2,case_td016_pp0_1_gamma_007__steady,random,24,2.3198094321608598,0.07975031411581623,0.07395671852636251,1.2754587613659063,0.07655947578498729,0.08588348037207641,0.7430606336521562,0.05478003625046264,True
20260715,M2,case_td016_pp0_1_gamma_007__steady,random,25,3.3378202333941305,0.175876344562078,0.07581893006689666,1.2754587613659063,0.07655947578498729,0.08588348037207641,2.4514407859272134,0.05478003625046264,True
20260715,M2,case_td016_pp0_1_gamma_007__steady,random,26,3.886961284801901,0.13787059740683105,0.08397996222372175,1.2754587613659063,0.07655947578498729,0.08588348037207641,2.5119807101181553,0.05478003625046264,True
20260715,M2,case_td016_pp0_1_gamma_007__steady,random,27,2.9894897123888624,0.07566755034077075,0.06702489457001841,1.2754587613659063,0.07655947578498729,0.08588348037207641,1.117683350828859,0.05478003625046264,True
20260715,M2,case_td016_pp0_1_gamma_007__steady,random,28,4.791073444498643,0.12482293039384285,0.0565675102822699,1.2754587613659063,0.07655947578498729,0.08588348037207641,2.864873994423807,0.05478003625046264,True
20260715,M2,case_td016_pp0_1_gamma_007__steady,random,29,1.5909988703873919,0.08748061528940002,0.053735557923569044,1.2754587613659063,0.07655947578498729,0.08588348037207641,0.312676459267526,0.05478003625046264,True
20260715,M2,case_td016_pp0_1_gamma_007__steady,random,30,3.1224575644384265,0.0989949494989028,0.07499082329739014,1.2754587613659063,0.07655947578498729,0.08588348037207641,1.517065068752588,0.05478003625046264,True
20260715,M2,case_td016_pp0_1_gamma_007__steady,random,31,2.489092091188101,0.13969715423637508,0.05332087508445832,1.2754587613659063,0.07655947578498729,0.08588348037207641,1.436279318304845,0.05478003625046264,True
20260715,M2,case_td016_pp0_1_gamma_007__steady,random,32,4.4546636619592075,0.08539795765949515,0.06941251992884465,1.2754587613659063,0.07655947578498729,0.08588348037207641,2.0598613848612644,0.05478003625046264,True
20260715,M2,case_td016_pp0_1_gamma_007__steady,random,33,3.9440454267274516,0.06518650578807539,0.09786465368793223,1.2754587613659063,0.07655947578498729,0.08588348037207641,1.4649461346897836,0.05478003625046264,True
20260715,M2,case_td016_pp0_1_gamma_007__steady,random,34,1.3396352570273193,0.09132419845549511,0.08928618145557862,1.2754587613659063,0.07655947578498729,0.08588348037207641,0.1753999601105524,0.05478003625046264,True
20260715,M2,case_td016_pp0_1_gamma_007__steady,random,35,2.0698895106897157,0.12109041476260199,0.051439651441895655,1.2754587613659063,0.07655947578498729,0.08588348037207641,0.9334418696348359,0.05478003625046264,True
20260715,M2,case_td016_pp0_1_gamma_007__steady,random,36,3.052318854188788,0.1986718544461985,0.046255105727877756,1.2754587613659063,0.07655947578498729,0.08588348037207641,2.3457742179293537,0.05478003625046264,True
20260715,M2,case_td016_pp0_1_gamma_007__steady,random,37,1.9113321165139023,0.07140238864828564,0.04738713279519494,1.2754587613659063,0.07655947578498729,0.08588348037207641,0.3870809550207458,0.05478003625046264,True
20260715,M2,case_td016_pp0_1_gamma_007__steady,random,38,3.4966915564243233,0.15011635407955742,0.04267746104662369,1.2754587613659063,0.07655947578498729,0.08588348037207641,2.350657202493532,0.05478003625046264,True
20260715,M2,case_td016_pp0_1_gamma_007__steady,random,39,4.547259626234599,0.18002709481180057,0.07644221249103464,1.2754587613659063,0.07655947578498729,0.08588348037207641,3.390367872804272,0.05478003625046264,True
20260715,M2,case_td016_pp0_1_gamma_007__steady,random,40,4.230701257050978,0.0709736531636751,0.06437015651550074,1.2754587613659063,0.07655947578498729,0.08588348037207641,1.6985136420836764,0.05478003625046264,True
20260715,M2,case_td016_pp0_1_gamma_007__steady,random,41,2.9641261335476425,0.1168923353077875,0.050193390021064294,1.2754587613659063,0.07655947578498729,0.08588348037207641,1.609972212182049,0.05478003625046264,True
20260715,M2,case_td016_pp0_1_gamma_007__steady,random,42,3.1250653576106253,0.15991643505624464,0.08361458563642485,1.2754587613659063,0.07655947578498729,0.08588348037207641,2.149734641480128,0.05478003625046264,True
20260715,M2,case_td016_pp0_1_gamma_007__steady,random,43,4.637480442951877,0.05771419549926452,0.08775543343110137,1.2754587613659063,0.07655947578498729,0.08588348037207641,1.6226692193040138,0.05478003625046264,True
20260715,M2,case_td016_pp0_1_gamma_007__steady,random,44,4.564478017809993,0.09920781934810083,0.06624047675001232,1.2754587613659063,0.07655947578498729,0.08588348037207641,2.3493028316830897,0.05478003625046264,True
20260715,M2,case_td016_pp0_1_gamma_007__steady,random,45,1.5026101065451973,0.18267348671418915,0.04252875624352079,1.2754587613659063,0.07655947578498729,0.08588348037207641,0.7603660105292221,0.05478003625046264,True
20260715,M2,case_td016_pp0_1_gamma_007__steady,random,46,4.950417164432245,0.06119767158317525,0.08667513549595666,1.2754587613659063,0.07655947578498729,0.08588348037207641,1.808733423025372,0.05478003625046264,True
20260715,M2,case_td016_pp0_1_gamma_007__steady,random,47,1.8626134674783201,0.07206971777184151,0.058176270671283364,1.2754587613659063,0.07655947578498729,0.08588348037207641,0.3650327899231563,0.05478003625046264,True
20260715,M2,case_td016_pp0_1_gamma_007__steady,random,48,3.2531248334970666,0.12076530848481809,0.06473546946136258,1.2754587613659063,0.07655947578498729,0.08588348037207641,1.869858410886607,0.05478003625046264,True
20260715,M2,case_td016_pp0_1_gamma_007__steady,random,49,1.8932393005170303,0.13246568309342094,0.06472313114217018,1.2754587613659063,0.07655947578498729,0.08588348037207641,0.8660229329400811,0.05478003625046264,True
20260715,M2,case_td016_pp0_1_gamma_007__steady,random,50,1.2779129902188617,0.16788371072206026,0.04986875241519017,1.2754587613659063,0.07655947578498729,0.08588348037207641,0.49223023607604455,0.05478003625046264,True
20260715,M2,case_td016_pp0_1_gamma_007__steady,random,51,3.034009772344037,0.12637124262653177,0.06447903652437185,1.2754587613659063,0.07655947578498729,0.08588348037207641,1.7669213349124837,0.05478003625046264,True
20260715,M2,case_td016_pp0_1_gamma_007__steady,random,52,3.376119262426194,0.07786949898018372,0.08578230405795684,1.2754587613659063,0.07655947578498729,0.08588348037207641,1.379085637562227,0.05478003625046264,True
20260715,M2,case_td016_pp0_1_gamma_007__steady,random,53,1.6779479931440284,0.1753064286001333,0.08556062999740588,1.2754587613659063,0.07655947578498729,0.08588348037207641,0.904090166931377,0.05478003625046264,True
20260715,M2,case_td016_pp0_1_gamma_007__steady,random,54,1.3306678920416846,0.1425901267293067,0.06560483424151468,1.2754587613659063,0.07655947578498729,0.08588348037207641,0.4343949565757464,0.05478003625046264,True
20260715,M2,case_td016_pp0_1_gamma_007__steady,random,55,1.9400090105114098,0.1256023488500656,0.059220563322925336,1.2754587613659063,0.07655947578498729,0.08588348037207641,0.8589075065421984,0.05478003625046264,True
20260715,M2,case_td016_pp0_1_gamma_007__steady,random,56,2.0919328889531847,0.11775454207650042,0.07906431587855933,1.2754587613659063,0.07655947578498729,0.08588348037207641,0.9320527705671721,0.05478003625046264,True
20260715,M2,case_td016_pp0_1_gamma_007__steady,random,57,1.4835553569050024,0.1040246377908959,0.09521087630717785,1.2754587613659063,0.07655947578498729,0.08588348037207641,0.35590804847762686,0.05478003625046264,True
20260715,M2,case_td016_pp0_1_gamma_007__steady,random,58,3.5297336931382284,0.12784015900844797,0.051401368224428395,1.2754587613659063,0.07655947578498729,0.08588348037207641,2.144274258106755,0.05478003625046264,True
20260715,M2,case_td016_pp0_1_gamma_007__steady,random,59,4.861573917752146,0.17563794843143815,0.05618391432570253,1.2754587613659063,0.07655947578498729,0.08588348037207641,3.538451773568744,0.05478003625046264,True
20260715,M2,case_td016_pp0_1_gamma_007__steady,random,60,4.543514338466199,0.12088950172199436,0.05137091009853377,1.2754587613659063,0.07655947578498729,0.08588348037207641,2.677138349390791,0.05478003625046264,True
20260715,M2,case_td016_pp0_1_gamma_007__steady,random,61,4.839930876328962,0.1066705106709054,0.06561111098945295,1.2754587613659063,0.07655947578498729,0.08588348037207641,2.6036532213585164,0.05478003625046264,True
20260715,M2,case_td016_pp0_1_gamma_007__steady,random,62,4.1406068234620825,0.056416420324440136,0.08272774186451815,1.2754587613659063,0.07655947578498729,0.08588348037207641,1.3958445684769312,0.05478003625046264,True
20260715,M2,case_td016_pp0_1_gamma_007__steady,random,63,2.9941863862953713,0.19936667553396054,0.09814446764367919,1.2754587613659063,0.07655947578498729,0.08588348037207641,2.307802593654937,0.05478003625046264,True
20260715,M2,case_td016_pp0_1_gamma_007__steady,random,64,4.933846832444733,0.16825444174907445,0.0427727556221435,1.2754587613659063,0.07655947578498729,0.08588348037207641,3.4969345839397907,0.05478003625046264,True
20260715,M2,case_td016_pp0_1_gamma_007__steady,random,65,2.918346595264094,0.14467094556240162,0.059479180052070285,1.2754587613659063,0.07655947578498729,0.08588348037207641,1.8447643386179409,0.05478003625046264,True
20260715,M2,case_td016_pp0_1_gamma_007__steady,random,66,3.4876967386259863,0.10409092212265075,0.04388699253840565,1.2754587613659063,0.07655947578498729,0.08588348037207641,1.8164241664379215,0.05478003625046264,True
20260715,M2,case_td016_pp0_1_gamma_007__steady,random,67,3.8335940268203483,0.12985505917988407,0.06003511979285773,1.2754587613659063,0.07655947578498729,0.08588348037207641,2.3775801729597488,0.05478003625046264,True
20260715,M2,case_td016_pp0_1_gamma_007__steady,random,68,2.7279814269419274,0.072610385671692,0.08191061899001632,1.2754587613659063,0.07655947578498729,0.08588348037207641,0.9198065406875938,0.05478003625046264,True
20260715,M2,case_td016_pp0_1_gamma_007__steady,random,69,4.0153852608149965,0.06420980881499956,0.05861020849661522,1.2754587613659063,0.07655947578498729,0.08588348037207641,1.477710693205387,0.05478003625046264,True
20260715,M2,case_td016_pp0_1_gamma_007__steady,random,70,2.4685913650713376,0.14101400415837015,0.07956804511341697,1.2754587613659063,0.07655947578498729,0.08588348037207641,1.434786423522953,0.05478003625046264,True
20260715,M2,case_td016_pp0_1_gamma_007__steady,random,71,4.6601819537757505,0.05779643925151987,0.0413881990435973,1.2754587613659063,0.07655947578498729,0.08588348037207641,1.6260698279050092,0.05478003625046264,True
20260715,M2,case_td016_pp0_1_gamma_007__steady,random,72,1.2231121833440168,0.16827496749144347,0.08340232558366104,1.2754587613659063,0.07655947578498729,0.08588348037207641,0.45044714078996145,0.05478003625046264,True
20260715,M2,case_td016_pp0_1_gamma_007__steady,random,73,2.0673084250238554,0.09316373904498737,0.06981506160503703,1.2754587613659063,0.07655947578498729,0.08588348037207641,0.7010517610868454,0.05478003625046264,True
20260715,M2,case_td016_pp0_1_gamma_007__steady,random,74,4.316274961063893,0.09095473349397887,0.07753441709501753,1.2754587613659063,0.07655947578498729,0.08588348037207641,2.0906988829582818,0.05478003625046264,True
20260715,M2,case_td016_pp0_1_gamma_007__steady,random,75,3.0497175785877366,0.13680237922333516,0.08180611404823136,1.2754587613659063,0.07655947578498729,0.08588348037207641,1.8855099479982103,0.05478003625046264,True
20260715,M2,case_td016_pp0_1_gamma_007__steady,random,76,4.025641605348362,0.185044695932095,0.0742289911186062,1.2754587613659063,0.07655947578498729,0.08588348037207641,3.069114035305021,0.05478003625046264,True
20260715,M2,case_td016_pp0_1_gamma_007__steady,random,77,2.015940584194986,0.15545003761774923,0.0942868779007811,1.2754587613659063,0.07655947578498729,0.08588348037207641,1.1234816216991863,0.05478003625046264,True
20260715,M2,case_td016_pp0_1_gamma_007__steady,random,78,3.7299519965065886,0.06910608271786604,0.051507904321916875,1.2754587613659063,0.07655947578498729,0.08588348037207641,1.4231033893997294,0.05478003625046264,True
20260715,M2,case_td016_pp0_1_gamma_007__steady,random,79,1.8625163551496153,0.07101730477830495,0.08265792193863641,1.2754587613659063,0.07655947578498729,0.08588348037207641,0.3597214713628957,0.05478003625046264,True
20260715,M2,case_td016_pp0_1_gamma_007__steady,random,80,2.7007994672793805,0.18372203964262873,0.09637762190352112,1.2754587613659063,0.07655947578498729,0.08588348037207641,1.9396916978110639,0.05478003625046264,True
20260715,M2,case_td016_pp0_1_gamma_007__steady,random,81,4.902735332051655,0.056904079519527216,0.08417302505882863,1.2754587613659063,0.07655947578498729,0.08588348037207641,1.7064814973435145,0.05478003625046264,True
20260715,M2,case_td016_pp0_1_gamma_007__steady,random,82,3.8106403530931083,0.07326811014347685,0.048611477956604005,1.2754587613659063,0.07655947578498729,0.08588348037207641,1.5329879522561891,0.05478003625046264,True
20260715,M2,case_td016_pp0_1_gamma_007__steady,random,83,4.970192008468853,0.1847568720444675,0.06470201803386721,1.2754587613659063,0.07655947578498729,0.08588348037207641,3.696736486638049,0.05478003625046264,True
20260715,M2,case_td016_pp0_1_gamma_007__steady,random,84,3.4183250938263274,0.11937045487507579,0.04311764470636486,1.2754587613659063,0.07655947578498729,0.08588348037207641,1.9642786914779737,0.05478003625046264,True
20260715,M2,case_td016_pp0_1_gamma_007__steady,random,85,3.333382003292551,0.18573870875824416,0.0976418379045215,1.2754587613659063,0.07655947578498729,0.08588348037207641,2.5218223853807027,0.05478003625046264,True
20260715,M2,case_td016_pp0_1_gamma_007__steady,random,86,4.960588151071592,0.07242895613250962,0.04228976442622479,1.2754587613659063,0.07655947578498729,0.08588348037207641,2.026459264131771,0.05478003625046264,True
20260715,M2,case_td016_pp0_1_gamma_007__steady,random,87,3.328052098087167,0.16560053441530825,0.08070074867274012,1.2754587613659063,0.07655947578498729,0.08588348037207641,2.363938184718265,0.05478003625046264,True
20260715,M2,case_td016_pp0_1_gamma_007__steady,random,88,3.2674310043039196,0.09954805570911257,0.043181764530761696,1.2754587613659063,0.07655947578498729,0.08588348037207641,1.6126749183306943,0.05478003625046264,True
20260715,M2,case_td016_pp0_1_gamma_007__steady,random,89,4.003234435297362,0.12321926547500284,0.09318578292853184,1.2754587613659063,0.07655947578498729,0.08588348037207641,2.405759385018692,0.05478003625046264,True
20260715,M2,case_td016_pp0_1_gamma_007__steady,random,90,1.5037923153153425,0.14141112806758244,0.07237374465545338,1.2754587613659063,0.07655947578498729,0.08588348037207641,0.5785873900862918,0.05478003625046264,True
20260715,M2,case_td016_pp0_1_gamma_007__steady,random,91,1.2766353145448925,0.19596573256912797,0.0603733465926973,1.2754587613659063,0.07655947578498729,0.08588348037207641,0.6028641112817542,0.05478003625046264,True
20260715,M2,case_td016_pp0_1_gamma_007__steady,random,92,3.2247885930476814,0.1645220529858228,0.08538418978523153,1.2754587613659063,0.07655947578498729,0.08588348037207641,2.270386586554824,0.05478003625046264,True
20260715,M2,case_td016_pp0_1_gamma_007__steady,random,93,3.0850583575370747,0.1046690005863077,0.08222438254026826,1.2754587613659063,0.07655947578498729,0.08588348037207641,1.5634951713330452,0.05478003625046264,True
20260715,M2,case_td016_pp0_1_gamma_007__steady,random,94,3.1731309498433067,0.15063394675813171,0.046354620395218454,1.2754587613659063,0.07655947578498729,0.08588348037207641,2.1019530707036678,0.05478003625046264,True
20260715,M2,case_td016_pp0_1_gamma_007__steady,random,95,2.512981117193678,0.16558242838628717,0.06159022178648177,1.2754587613659063,0.07655947578498729,0.08588348037207641,1.6441374289363835,0.05478003625046264,True
20260715,M2,case_td016_pp0_1_gamma_007__steady,random,96,4.46442268182944,0.17186706695581655,0.05787244334427777,1.2754587613659063,0.07655947578498729,0.08588348037207641,3.2534627558718436,0.05478003625046264,True
20260715,M2,case_td016_pp0_1_gamma_007__steady,random,97,1.8621253908184068,0.16833093342563632,0.04377766190361975,1.2754587613659063,0.07655947578498729,0.08588348037207641,1.0383248975090371,0.05478003625046264,True
20260715,M2,case_td016_pp0_1_gamma_007__steady,random,98,3.6539621748053728,0.16294987578087955,0.0944171964218617,1.2754587613659063,0.07655947578498729,0.08588348037207641,2.6012399975334617,0.05478003625046264,True
20260715,M2,case_td016_pp0_1_gamma_007__steady,random,99,2.4765962094963494,0.18210887840721574,0.06676099033742175,1.2754587613659063,0.07655947578498729,0.08588348037207641,1.7126646706394117,0.05478003625046264,True
20260715,M2,case_td016_pp0_1_gamma_007__steady,random,100,3.717682277837756,0.12568467702731417,0.047723106816310444,1.2754587613659063,0.07655947578498729,0.08588348037207641,2.2462033831170243,0.05478003625046264,True
20260715,M3,case_td030_pa200_pp0_5_gamma_004__steady,cmaes,1,3.0,0.125,0.07,3.0,0.125,0.07,0.4420755918508906,0.4420755918508906,True
20260715,M3,case_td030_pa200_pp0_5_gamma_004__steady,cmaes,2,2.952377638231467,0.1379881607004041,0.05643110950204995,2.952377638231467,0.1379881607004041,0.05643110950204995,0.42349849501904424,0.42349849501904424,True
20260715,M3,case_td030_pa200_pp0_5_gamma_004__steady,cmaes,3,2.828704899870286,0.10072212483785926,0.08289266505455867,2.952377638231467,0.1379881607004041,0.05643110950204995,0.5242761533994595,0.42349849501904424,True
20260715,M3,case_td030_pa200_pp0_5_gamma_004__steady,cmaes,4,4.647774487105887,0.1383378000021553,0.043280846041267036,4.647774487105887,0.1383378000021553,0.043280846041267036,0.1911148954443264,0.1911148954443264,True
20260715,M3,case_td030_pa200_pp0_5_gamma_004__steady,cmaes,5,2.5666024324253756,0.11613554134179309,0.06909788023495814,4.647774487105887,0.1383378000021553,0.043280846041267036,0.5302311322138119,0.1911148954443264,True
20260715,M3,case_td030_pa200_pp0_5_gamma_004__steady,cmaes,6,3.9542355376115337,0.10371267398048528,0.061105807012278496,4.647774487105887,0.1383378000021553,0.043280846041267036,0.3687201969700451,0.1911148954443264,True
20260715,M3,case_td030_pa200_pp0_5_gamma_004__steady,cmaes,7,4.112534295348555,0.1477826535873767,0.09307126040317734,4.647774487105887,0.1383378000021553,0.043280846041267036,0.22871202658720924,0.1911148954443264,True
20260715,M3,case_td030_pa200_pp0_5_gamma_004__steady,cmaes,8,2.901093223869884,0.08783219355175235,0.04495687299632324,4.647774487105887,0.1383378000021553,0.043280846041267036,0.5492359799775011,0.1911148954443264,True
20260715,M3,case_td030_pa200_pp0_5_gamma_004__steady,cmaes,9,2.3795788420822133,0.09678071421895101,0.06129879994475396,4.647774487105887,0.1383378000021553,0.043280846041267036,0.6004202721813718,0.1911148954443264,True
20260715,M3,case_td030_pa200_pp0_5_gamma_004__steady,cmaes,10,2.2387472079247575,0.11370451182252585,0.08433431077383047,4.647774487105887,0.1383378000021553,0.043280846041267036,0.587766500541823,0.1911148954443264,True
20260715,M3,case_td030_pa200_pp0_5_gamma_004__steady,cmaes,11,4.439047586283218,0.13239286815550422,0.053527905266758886,4.647774487105887,0.1383378000021553,0.043280846041267036,0.22916434194762889,0.1911148954443264,True
20260715,M3,case_td030_pa200_pp0_5_gamma_004__steady,cmaes,12,2.353111966255263,0.13020026991471612,0.05006061011463436,4.647774487105887,0.1383378000021553,0.043280846041267036,0.5405678190744954,0.1911148954443264,True
20260715,M3,case_td030_pa200_pp0_5_gamma_004__steady,cmaes,13,4.5972370945991505,0.10518502703940423,0.07494972971411126,4.647774487105887,0.1383378000021553,0.043280846041267036,0.29515352800035793,0.1911148954443264,True
20260715,M3,case_td030_pa200_pp0_5_gamma_004__steady,cmaes,14,2.737076464096155,0.14215941099190083,0.08541712103372942,4.647774487105887,0.1383378000021553,0.043280846041267036,0.4511338794319332,0.1911148954443264,True
20260715,M3,case_td030_pa200_pp0_5_gamma_004__steady,cmaes,15,3.2712972814413486,0.15123356429747564,0.08129789831962735,4.647774487105887,0.1383378000021553,0.043280846041267036,0.34440797932229605,0.1911148954443264,True
20260715,M3,case_td030_pa200_pp0_5_gamma_004__steady,cmaes,16,4.876540096015484,0.15340952595890334,0.07140353349839636,4.876540096015484,0.15340952595890334,0.07140353349839636,0.12822948862302705,0.12822948862302705,True
20260715,M3,case_td030_pa200_pp0_5_gamma_004__steady,cmaes,17,2.575884511564367,0.11820723886390215,0.06859654855505176,4.876540096015484,0.15340952595890334,0.07140353349839636,0.5245283652339654,0.12822948862302705,True
20260715,M3,case_td030_pa200_pp0_5_gamma_004__steady,cmaes,18,4.9564194180492205,0.1477325901309318,0.042856090647123826,4.876540096015484,0.15340952595890334,0.07140353349839636,0.13572802929878994,0.12822948862302705,True
20260715,M3,case_td030_pa200_pp0_5_gamma_004__steady,cmaes,19,2.5581038995101224,0.15166090475865585,0.07563622213717136,4.876540096015484,0.15340952595890334,0.07140353349839636,0.4673253425967052,0.12822948862302705,True
20260715,M3,case_td030_pa200_pp0_5_gamma_004__steady,cmaes,20,4.2525488755770375,0.09921915756408028,0.044978303619062014,4.876540096015484,0.15340952595890334,0.07140353349839636,0.3514249920729454,0.12822948862302705,True
20260715,M3,case_td030_pa200_pp0_5_gamma_004__steady,cmaes,21,4.01731588427627,0.10448678730089064,0.06694881301836902,4.876540096015484,0.15340952595890334,0.07140353349839636,0.3587762140939118,0.12822948862302705,True
20260715,M3,case_td030_pa200_pp0_5_gamma_004__steady,cmaes,22,3.6663514193360327,0.18830407705688695,0.051990298681400836,4.876540096015484,0.15340952595890334,0.07140353349839636,0.2185723735009551,0.12822948862302705,True
20260715,M3,case_td030_pa200_pp0_5_gamma_004__steady,cmaes,23,4.507495135699877,0.16844070213869514,0.05682410964235615,4.876540096015484,0.15340952595890334,0.07140353349839636,0.13637716243402614,0.12822948862302705,True
20260715,M3,case_td030_pa200_pp0_5_gamma_004__steady,cmaes,24,3.523388307840512,0.11944065854208466,0.09150744260592061,4.876540096015484,0.15340952595890334,0.07140353349839636,0.37754869587049844,0.12822948862302705,True
20260715,M3,case_td030_pa200_pp0_5_gamma_004__steady,cmaes,25,4.982858130515783,0.06249223851722546,0.07347095713599507,4.876540096015484,0.15340952595890334,0.07140353349839636,0.4244370151641975,0.12822948862302705,True
20260715,M3,case_td030_pa200_pp0_5_gamma_004__steady,cmaes,26,4.205548315213897,0.19353855433309625,0.04110158774769029,4.876540096015484,0.15340952595890334,0.07140353349839636,0.1321316463570824,0.12822948862302705,True
20260715,M3,case_td030_pa200_pp0_5_gamma_004__steady,cmaes,27,4.6939843733013085,0.16478373777324737,0.0553612104296747,4.6939843733013085,0.16478373777324737,0.0553612104296747,0.12285482814488999,0.12285482814488999,True
20260715,M3,case_td030_pa200_pp0_5_gamma_004__steady,cmaes,28,4.872749553279229,0.0981303040127787,0.04628770436424079,4.6939843733013085,0.16478373777324737,0.0553612104296747,0.29594024474233876,0.12285482814488999,True
20260715,M3,case_td030_pa200_pp0_5_gamma_004__steady,cmaes,29,4.102992487644703,0.14106648597099844,0.057112786762288904,4.6939843733013085,0.16478373777324737,0.0553612104296747,0.24675557896514147,0.12285482814488999,True
20260715,M3,case_td030_pa200_pp0_5_gamma_004__steady,cmaes,30,4.694770554284818,0.13877085537782796,0.06992462067840521,4.6939843733013085,0.16478373777324737,0.0553612104296747,0.18348722592822844,0.12285482814488999,True
20260715,M3,case_td030_pa200_pp0_5_gamma_004__steady,cmaes,31,3.9901879349848235,0.16030487866084842,0.048560845521470816,4.6939843733013085,0.16478373777324737,0.0553612104296747,0.21966483546325954,0.12285482814488999,True
20260715,M3,case_td030_pa200_pp0_5_gamma_004__steady,cmaes,32,2.4025213808451285,0.13547380785948163,0.05413841934013164,4.6939843733013085,0.16478373777324737,0.0553612104296747,0.5226843104706664,0.12285482814488999,True
20260715,M3,case_td030_pa200_pp0_5_gamma_004__steady,cmaes,33,2.4487125261622817,0.19342644707983753,0.06686284122780492,4.6939843733013085,0.16478373777324737,0.0553612104296747,0.4317291335291787,0.12285482814488999,True
20260715,M3,case_td030_pa200_pp0_5_gamma_004__steady,cmaes,34,1.8504334553884845,0.1959752214189059,0.07434326815463489,4.6939843733013085,0.16478373777324737,0.0553612104296747,0.5502585275858198,0.12285482814488999,True
20260715,M3,case_td030_pa200_pp0_5_gamma_004__steady,cmaes,35,2.1896250016187913,0.13009835282680335,0.05732630714610909,4.6939843733013085,0.16478373777324737,0.0553612104296747,0.568826006952659,0.12285482814488999,True
20260715,M3,case_td030_pa200_pp0_5_gamma_004__steady,cmaes,36,3.5609035953846018,0.18526806701873277,0.040214149663320174,4.6939843733013085,0.16478373777324737,0.0553612104296747,0.24106900023139238,0.12285482814488999,True
20260715,M3,case_td030_pa200_pp0_5_gamma_004__steady,cmaes,37,4.881375630123854,0.15395535836447127,0.06031096901407891,4.6939843733013085,0.16478373777324737,0.0553612104296747,0.12690545401127176,0.12285482814488999,True
20260715,M3,case_td030_pa200_pp0_5_gamma_004__steady,cmaes,38,3.2550594714571868,0.13641336081985833,0.0534248702707134,4.6939843733013085,0.16478373777324737,0.0553612104296747,0.378198016686719,0.12285482814488999,True
20260715,M3,case_td030_pa200_pp0_5_gamma_004__steady,cmaes,39,3.947180409961713,0.11113724878022353,0.04569151526259306,4.6939843733013085,0.16478373777324737,0.0553612104296747,0.3478833595267789,0.12285482814488999,True
20260715,M3,case_td030_pa200_pp0_5_gamma_004__steady,cmaes,40,3.508272359948678,0.09243139481152624,0.09424262200358682,4.6939843733013085,0.16478373777324737,0.0553612104296747,0.45609378039889664,0.12285482814488999,True
20260715,M3,case_td030_pa200_pp0_5_gamma_004__steady,cmaes,41,3.858237601302548,0.11157896756617863,0.06313258910720408,4.6939843733013085,0.16478373777324737,0.0553612104296747,0.3562850152098723,0.12285482814488999,True
20260715,M3,case_td030_pa200_pp0_5_gamma_004__steady,cmaes,42,3.7277814100608797,0.14703494219908783,0.06003622615609345,4.6939843733013085,0.16478373777324737,0.0553612104296747,0.28381870406543397,0.12285482814488999,True
20260715,M3,case_td030_pa200_pp0_5_gamma_004__steady,cmaes,43,3.699370193644566,0.17336360859483088,0.04983708851326835,4.6939843733013085,0.16478373777324737,0.0553612104296747,0.23772561936636086,0.12285482814488999,True
20260715,M3,case_td030_pa200_pp0_5_gamma_004__steady,cmaes,44,4.884769575305721,0.0959812794861524,0.06698965577471196,4.6939843733013085,0.16478373777324737,0.0553612104296747,0.3016609045035551,0.12285482814488999,True
20260715,M3,case_td030_pa200_pp0_5_gamma_004__steady,cmaes,45,4.246021281311041,0.18027624379942636,0.04420121640703385,4.6939843733013085,0.16478373777324737,0.0553612104296747,0.14793592059624844,0.12285482814488999,True
20260715,M3,case_td030_pa200_pp0_5_gamma_004__steady,cmaes,46,4.857291914324624,0.1468260132137149,0.06716714662347603,4.6939843733013085,0.16478373777324737,0.0553612104296747,0.14619015961364615,0.12285482814488999,True
20260715,M3,case_td030_pa200_pp0_5_gamma_004__steady,cmaes,47,4.29502891501965,0.1464388998326535,0.05849382179714899,4.6939843733013085,0.16478373777324737,0.0553612104296747,0.20977559526517112,0.12285482814488999,True
20260715,M3,case_td030_pa200_pp0_5_gamma_004__steady,cmaes,48,3.512354790691642,0.15682414715479753,0.05181163265117526,4.6939843733013085,0.16478373777324737,0.0553612104296747,0.29668910225269857,0.12285482814488999,True
20260715,M3,case_td030_pa200_pp0_5_gamma_004__steady,cmaes,49,4.161534088858874,0.16362197742439177,0.06371735423151106,4.6939843733013085,0.16478373777324737,0.0553612104296747,0.18883594256983374,0.12285482814488999,True
20260715,M3,case_td030_pa200_pp0_5_gamma_004__steady,cmaes,50,4.188881201429167,0.16768355731118384,0.05019470822255279,4.6939843733013085,0.16478373777324737,0.0553612104296747,0.17804454346752369,0.12285482814488999,True
20260715,M3,case_td030_pa200_pp0_5_gamma_004__steady,cmaes,51,4.345991797331465,0.16937444209176722,0.06626247421298287,4.6939843733013085,0.16478373777324737,0.0553612104296747,0.15363707578584593,0.12285482814488999,True
20260715,M3,case_td030_pa200_pp0_5_gamma_004__steady,cmaes,52,4.660539375015027,0.15443783516169504,0.057806374555178244,4.6939843733013085,0.16478373777324737,0.0553612104296747,0.1488193059640057,0.12285482814488999,True
20260715,M3,case_td030_pa200_pp0_5_gamma_004__steady,cmaes,53,4.65782848207503,0.1515303079278507,0.05781335058738506,4.6939843733013085,0.16478373777324737,0.0553612104296747,0.15587762311550146,0.12285482814488999,True
20260715,M3,case_td030_pa200_pp0_5_gamma_004__steady,cmaes,54,4.371405675087906,0.1839245441722206,0.047585977824767624,4.6939843733013085,0.16478373777324737,0.0553612104296747,0.1254179630093065,0.12285482814488999,True
20260715,M3,case_td030_pa200_pp0_5_gamma_004__steady,cmaes,55,4.3124545434344235,0.16167120739746008,0.05344078447034705,4.6939843733013085,0.16478373777324737,0.0553612104296747,0.17398553071669337,0.12285482814488999,True
20260715,M3,case_td030_pa200_pp0_5_gamma_004__steady,cmaes,56,4.980609449143624,0.13056239743875722,0.05772653316636542,4.6939843733013085,0.16478373777324737,0.0553612104296747,0.17896596377573784,0.12285482814488999,True
20260715,M3,case_td030_pa200_pp0_5_gamma_004__steady,cmaes,57,4.530531935633065,0.18549042360905643,0.06347826256393208,4.530531935633065,0.18549042360905643,0.06347826256393208,0.10285879191725038,0.10285879191725038,True
20260715,M3,case_td030_pa200_pp0_5_gamma_004__steady,cmaes,58,4.715446068930975,0.15030958166025965,0.06735687868074566,4.530531935633065,0.18549042360905643,0.06347826256393208,0.1521729512834457,0.10285879191725038,True
20260715,M3,case_td030_pa200_pp0_5_gamma_004__steady,cmaes,59,3.8208704550028343,0.1788036124398737,0.0600052097297383,4.530531935633065,0.18549042360905643,0.06347826256393208,0.20932521888439107,0.10285879191725038,True
20260715,M3,case_td030_pa200_pp0_5_gamma_004__steady,cmaes,60,4.4410154518048515,0.18251995367498058,0.059989312003532205,4.530531935633065,0.18549042360905643,0.06347826256393208,0.11843597187650265,0.10285879191725038,True
20260715,M3,case_td030_pa200_pp0_5_gamma_004__steady,cmaes,61,3.892183624033748,0.1580055091395412,0.06025545204583921,4.530531935633065,0.18549042360905643,0.06347826256393208,0.23727227769249715,0.10285879191725038,True
20260715,M3,case_td030_pa200_pp0_5_gamma_004__steady,cmaes,62,4.713682022715629,0.15880208780945526,0.0526731830694485,4.530531935633065,0.18549042360905643,0.06347826256393208,0.13361358533156154,0.10285879191725038,True
20260715,M3,case_td030_pa200_pp0_5_gamma_004__steady,cmaes,63,3.928714792899048,0.18143598957882917,0.06015259217154373,4.530531935633065,0.18549042360905643,0.06347826256393208,0.18892853477749424,0.10285879191725038,True
20260715,M3,case_td030_pa200_pp0_5_gamma_004__steady,cmaes,64,4.744254366469264,0.1745144697880618,0.045513882428682595,4.744254366469264,0.1745144697880618,0.045513882428682595,0.09944056288371025,0.09944056288371025,True
20260715,M3,case_td030_pa200_pp0_5_gamma_004__steady,cmaes,65,4.515238809268752,0.19629280487720313,0.06761241240586811,4.515238809268752,0.19629280487720313,0.06761241240586811,0.08827770384229154,0.08827770384229154,True
20260715,M3,case_td030_pa200_pp0_5_gamma_004__steady,cmaes,66,4.947158182996123,0.18621058005897756,0.05271929080836249,4.947158182996123,0.18621058005897756,0.05271929080836249,0.06269549805409179,0.06269549805409179,True
20260715,M3,case_td030_pa200_pp0_5_gamma_004__steady,cmaes,67,4.891382944275075,0.17853047489646623,0.06547013514603084,4.947158182996123,0.18621058005897756,0.05271929080836249,0.07733703069841957,0.06269549805409179,True
20260715,M3,case_td030_pa200_pp0_5_gamma_004__steady,cmaes,68,4.818257996629622,0.1832376259986117,0.04632057066990639,4.947158182996123,0.18621058005897756,0.05271929080836249,0.07763836696800212,0.06269549805409179,True
20260715,M3,case_td030_pa200_pp0_5_gamma_004__steady,cmaes,69,4.335837997019211,0.14835124280949244,0.06669630335292465,4.947158182996123,0.18621058005897756,0.05271929080836249,0.19988705402197182,0.06269549805409179,True
20260715,M3,case_td030_pa200_pp0_5_gamma_004__steady,cmaes,70,4.415699462782822,0.19353636654576667,0.043014920920807734,4.947158182996123,0.18621058005897756,0.05271929080836249,0.10519544126137988,0.06269549805409179,True
20260715,M3,case_td030_pa200_pp0_5_gamma_004__steady,cmaes,71,4.492493261966428,0.19757332345239897,0.04115384829881862,4.947158182996123,0.18621058005897756,0.05271929080836249,0.09059067876015162,0.06269549805409179,True
20260715,M3,case_td030_pa200_pp0_5_gamma_004__steady,cmaes,72,4.701307463758937,0.17144857116461037,0.05508171532782379,4.947158182996123,0.18621058005897756,0.05271929080836249,0.10894963776174992,0.06269549805409179,True
20260715,M3,case_td030_pa200_pp0_5_gamma_004__steady,cmaes,73,4.3277662568632795,0.17181643376006162,0.06369184841244005,4.947158182996123,0.18621058005897756,0.05271929080836249,0.15138163172133418,0.06269549805409179,True
20260715,M3,case_td030_pa200_pp0_5_gamma_004__steady,cmaes,74,4.811515896195244,0.19375334656805038,0.04303893671461643,4.947158182996123,0.18621058005897756,0.05271929080836249,0.06449413500693076,0.06269549805409179,True
20260715,M3,case_td030_pa200_pp0_5_gamma_004__steady,cmaes,75,4.878169563332474,0.17061275447754504,0.05054660814313802,4.947158182996123,0.18621058005897756,0.05271929080836249,0.09293417321384781,0.06269549805409179,True
20260715,M3,case_td030_pa200_pp0_5_gamma_004__steady,cmaes,76,4.822950049320916,0.15887508815806167,0.05657933322943874,4.947158182996123,0.18621058005897756,0.05271929080836249,0.12184702091013401,0.06269549805409179,True
20260715,M3,case_td030_pa200_pp0_5_gamma_004__steady,cmaes,77,4.9765085222297065,0.15191779549107043,0.058828740785804794,4.947158182996123,0.18621058005897756,0.05271929080836249,0.1225878995209324,0.06269549805409179,True
20260715,M3,case_td030_pa200_pp0_5_gamma_004__steady,cmaes,78,4.240254677387156,0.18334643203655704,0.04623952791889623,4.947158182996123,0.18621058005897756,0.05271929080836249,0.1433088405075109,0.06269549805409179,True
20260715,M3,case_td030_pa200_pp0_5_gamma_004__steady,cmaes,79,4.73478125324331,0.1823270027590882,0.07282599830548168,4.947158182996123,0.18621058005897756,0.05271929080836249,0.08576728846768679,0.06269549805409179,True
20260715,M3,case_td030_pa200_pp0_5_gamma_004__steady,cmaes,80,4.86550273812909,0.19123773594432197,0.051574036414301444,4.947158182996123,0.18621058005897756,0.05271929080836249,0.06278963723360174,0.06269549805409179,True
20260715,M3,case_td030_pa200_pp0_5_gamma_004__steady,cmaes,81,4.722126788783637,0.1572702996432499,0.0516528748771591,4.947158182996123,0.18621058005897756,0.05271929080836249,0.1361736204254372,0.06269549805409179,True
20260715,M3,case_td030_pa200_pp0_5_gamma_004__steady,cmaes,82,4.774456903340802,0.19600029624443205,0.0696585939353708,4.947158182996123,0.18621058005897756,0.05271929080836249,0.06372173825787364,0.06269549805409179,True
20260715,M3,case_td030_pa200_pp0_5_gamma_004__steady,cmaes,83,4.622969442582969,0.17832405642197124,0.05820205695496658,4.947158182996123,0.18621058005897756,0.05271929080836249,0.10476381505802941,0.06269549805409179,True
20260715,M3,case_td030_pa200_pp0_5_gamma_004__steady,cmaes,84,4.961948868442924,0.18483500706042033,0.05059893008495829,4.947158182996123,0.18621058005897756,0.05271929080836249,0.06341579484517275,0.06269549805409179,True
20260715,M3,case_td030_pa200_pp0_5_gamma_004__steady,cmaes,85,4.798882579816659,0.196788140015552,0.06544326490764274,4.798882579816659,0.196788140015552,0.06544326490764274,0.06116503439077679,0.06116503439077679,True
20260715,M3,case_td030_pa200_pp0_5_gamma_004__steady,cmaes,86,4.562657615940875,0.19539742828748974,0.045943579893343064,4.798882579816659,0.196788140015552,0.06544326490764274,0.08550672473343746,0.06116503439077679,True
20260715,M3,case_td030_pa200_pp0_5_gamma_004__steady,cmaes,87,4.746582718385963,0.18001543532452524,0.05651470319760776,4.798882579816659,0.196788140015552,0.06544326490764274,0.08897977166133318,0.06116503439077679,True
20260715,M3,case_td030_pa200_pp0_5_gamma_004__steady,cmaes,88,4.999723276454789,0.18129939583568594,0.055434432989644206,4.798882579816659,0.196788140015552,0.06544326490764274,0.06498483952089404,0.06116503439077679,True
20260715,M3,case_td030_pa200_pp0_5_gamma_004__steady,cmaes,89,4.498765443321703,0.1868707905401935,0.06057579242698624,4.798882579816659,0.196788140015552,0.06544326490764274,0.10444637212494634,0.06116503439077679,True
20260715,M3,case_td030_pa200_pp0_5_gamma_004__steady,cmaes,90,4.616657953533467,0.17575866665468443,0.054573870979953906,4.798882579816659,0.196788140015552,0.06544326490764274,0.11021981856984484,0.06116503439077679,True
20260715,M3,case_td030_pa200_pp0_5_gamma_004__steady,cmaes,91,4.815847043087466,0.1579929153375348,0.057588260764455515,4.798882579816659,0.196788140015552,0.06544326490764274,0.12445573608532468,0.06116503439077679,True
20260715,M3,case_td030_pa200_pp0_5_gamma_004__steady,cmaes,92,4.483152274187894,0.1937317172793842,0.044576378068987225,4.798882579816659,0.196788140015552,0.06544326490764274,0.09683155725947118,0.06116503439077679,True
20260715,M3,case_td030_pa200_pp0_5_gamma_004__steady,cmaes,93,4.760120876015309,0.187437931658109,0.04962895366715746,4.798882579816659,0.196788140015552,0.06544326490764274,0.07664396044622208,0.06116503439077679,True
20260715,M3,case_td030_pa200_pp0_5_gamma_004__steady,cmaes,94,4.91790824636626,0.1967823295606711,0.05770439435268902,4.91790824636626,0.1967823295606711,0.05770439435268902,0.05418118321424566,0.05418118321424566,True
20260715,M3,case_td030_pa200_pp0_5_gamma_004__steady,cmaes,95,4.476618404378751,0.17949130744570319,0.06790377097637083,4.91790824636626,0.1967823295606711,0.05770439435268902,0.11900655073739927,0.05418118321424566,True
20260715,M3,case_td030_pa200_pp0_5_gamma_004__steady,cmaes,96,4.597887340953674,0.1762814476942262,0.06514798314649763,4.91790824636626,0.1967823295606711,0.05770439435268902,0.11081985027825954,0.05418118321424566,True
20260715,M3,case_td030_pa200_pp0_5_gamma_004__steady,cmaes,97,4.946616978377189,0.18138079405677154,0.05158013014839634,4.91790824636626,0.1967823295606711,0.05770439435268902,0.06907475323806453,0.05418118321424566,True
20260715,M3,case_td030_pa200_pp0_5_gamma_004__steady,cmaes,98,4.540403944982291,0.18413855683880886,0.04587229188210229,4.91790824636626,0.1967823295606711,0.05770439435268902,0.10499865413687387,0.05418118321424566,True
20260715,M3,case_td030_pa200_pp0_5_gamma_004__steady,cmaes,99,4.998370156947426,0.19185455388404482,0.05222588906445677,4.998370156947426,0.19185455388404482,0.05222588906445677,0.05416876182560097,0.05416876182560097,True
20260715,M3,case_td030_pa200_pp0_5_gamma_004__steady,cmaes,100,4.793242502083158,0.19325517003921144,0.053813951621646074,4.998370156947426,0.19185455388404482,0.05222588906445677,0.0659205698277333,0.05416876182560097,True
20260715,M3,case_td030_pa200_pp0_5_gamma_004__steady,tpe,1,3.0,0.125,0.07,3.0,0.125,0.07,0.4420755918508906,0.4420755918508906,True
20260715,M3,case_td030_pa200_pp0_5_gamma_004__steady,tpe,2,3.521635756509514,0.1710554285855088,0.07681783094745753,3.521635756509514,0.1710554285855088,0.07681783094745753,0.2682957654365169,0.2682957654365169,True
20260715,M3,case_td030_pa200_pp0_5_gamma_004__steady,tpe,3,3.6387704942886097,0.18402117793521588,0.04337665815834715,3.6387704942886097,0.18402117793521588,0.04337665815834715,0.23021228986192166,0.23021228986192166,True
20260715,M3,case_td030_pa200_pp0_5_gamma_004__steady,tpe,4,3.0581857447315373,0.14311417038198104,0.08226311609660895,3.6387704942886097,0.18402117793521588,0.04337665815834715,0.39491555256046684,0.23021228986192166,True
20260715,M3,case_td030_pa200_pp0_5_gamma_004__steady,tpe,5,2.0350745721342554,0.19845069914742808,0.08959093954107587,3.6387704942886097,0.18402117793521588,0.04337665815834715,0.5096908040844023,0.23021228986192166,True
20260715,M3,case_td030_pa200_pp0_5_gamma_004__steady,tpe,6,2.3239605161371872,0.11302027450625081,0.08696485167949544,3.6387704942886097,0.18402117793521588,0.04337665815834715,0.5751168049239804,0.23021228986192166,True
20260715,M3,case_td030_pa200_pp0_5_gamma_004__steady,tpe,7,2.954116746000916,0.07844710798934793,0.08497311919482561,3.6387704942886097,0.18402117793521588,0.04337665815834715,0.5663795675452775,0.23021228986192166,True
20260715,M3,case_td030_pa200_pp0_5_gamma_004__steady,tpe,8,3.6709300938906404,0.13184225450385811,0.06148982994865629,3.6387704942886097,0.18402117793521588,0.04337665815834715,0.3267201843743305,0.23021228986192166,True
20260715,M3,case_td030_pa200_pp0_5_gamma_004__steady,tpe,9,2.802739786318662,0.059357331741392655,0.06258916924050839,3.6387704942886097,0.18402117793521588,0.04337665815834715,0.6391548983949586,0.23021228986192166,True
20260715,M3,case_td030_pa200_pp0_5_gamma_004__steady,tpe,10,4.304639328190438,0.11626497977908695,0.04648818803350748,3.6387704942886097,0.18402117793521588,0.04337665815834715,0.29119280659732355,0.23021228986192166,True
20260715,M3,case_td030_pa200_pp0_5_gamma_004__steady,tpe,11,3.226125221421625,0.10280601431473094,0.09851111656646444,3.6387704942886097,0.18402117793521588,0.04337665815834715,0.46264114267421597,0.23021228986192166,True
20260715,M3,case_td030_pa200_pp0_5_gamma_004__steady,tpe,12,2.4083740958365394,0.18618031544866015,0.07512636993013003,3.6387704942886097,0.18402117793521588,0.04337665815834715,0.4482694111621118,0.23021228986192166,True
20260715,M3,case_td030_pa200_pp0_5_gamma_004__steady,tpe,13,2.6474510920867695,0.0894592205557804,0.0749135697974976,3.6387704942886097,0.18402117793521588,0.04337665815834715,0.5780835548286425,0.23021228986192166,True
20260715,M3,case_td030_pa200_pp0_5_gamma_004__steady,tpe,14,3.3715908600211306,0.09053120927278266,0.0833486291940534,3.6387704942886097,0.18402117793521588,0.04337665815834715,0.4788138864946939,0.23021228986192166,True
20260715,M3,case_td030_pa200_pp0_5_gamma_004__steady,tpe,15,1.3735998527605182,0.11582958471483737,0.06654127321696066,3.6387704942886097,0.18402117793521588,0.04337665815834715,0.7246633814961956,0.23021228986192166,True
20260715,M3,case_td030_pa200_pp0_5_gamma_004__steady,tpe,16,3.9864760952494898,0.19388455173258015,0.045003979544051116,3.9864760952494898,0.19388455173258015,0.045003979544051116,0.16189077487340656,0.16189077487340656,True
20260715,M3,case_td030_pa200_pp0_5_gamma_004__steady,tpe,17,3.7952166560773666,0.18933861568640392,0.04593314313433158,3.9864760952494898,0.19388455173258015,0.045003979544051116,0.1973074366676726,0.16189077487340656,True
20260715,M3,case_td030_pa200_pp0_5_gamma_004__steady,tpe,18,4.931172332539453,0.18198831607736657,0.05284232029469431,4.931172332539453,0.18198831607736657,0.05284232029469431,0.06937956819124684,0.06937956819124684,True
20260715,M3,case_td030_pa200_pp0_5_gamma_004__steady,tpe,19,4.464336625783232,0.18062432485699348,0.0634392356918661,4.931172332539453,0.18198831607736657,0.05284232029469431,0.11869493497950628,0.06937956819124684,True
20260715,M3,case_td030_pa200_pp0_5_gamma_004__steady,tpe,20,4.90902912116688,0.17283090544073007,0.07300541435492838,4.931172332539453,0.18198831607736657,0.05284232029469431,0.08505221472541392,0.06937956819124684,True
20260715,M3,case_td030_pa200_pp0_5_gamma_004__steady,tpe,21,4.983609994828923,0.16037827002340416,0.09004583319936127,4.931172332539453,0.18198831607736657,0.05284232029469431,0.1022621247423403,0.06937956819124684,True
20260715,M3,case_td030_pa200_pp0_5_gamma_004__steady,tpe,22,4.837822916061798,0.16174653556755808,0.09093643759838616,4.931172332539453,0.18198831607736657,0.05284232029469431,0.1133653766766322,0.06937956819124684,True
20260715,M3,case_td030_pa200_pp0_5_gamma_004__steady,tpe,23,4.919676742521781,0.12695742704701343,0.07385155287297071,4.931172332539453,0.18198831607736657,0.05284232029469431,0.19472449736568426,0.06937956819124684,True
20260715,M3,case_td030_pa200_pp0_5_gamma_004__steady,tpe,24,4.396735281488665,0.17080364062679929,0.08093886672446013,4.931172332539453,0.18198831607736657,0.05284232029469431,0.14419555217955837,0.06937956819124684,True
20260715,M3,case_td030_pa200_pp0_5_gamma_004__steady,tpe,25,4.922594375607223,0.1771797430850891,0.060858085732063846,4.931172332539453,0.18198831607736657,0.05284232029469431,0.07694052734792879,0.06937956819124684,True
20260715,M3,case_td030_pa200_pp0_5_gamma_004__steady,tpe,26,4.666445458078291,0.1666225633781157,0.057252388281170886,4.931172332539453,0.18198831607736657,0.05284232029469431,0.12199246816155987,0.06937956819124684,True
20260715,M3,case_td030_pa200_pp0_5_gamma_004__steady,tpe,27,4.987363027429106,0.19044446014184346,0.05266989160368908,4.987363027429106,0.19044446014184346,0.05266989160368908,0.05583525238320163,0.05583525238320163,True
20260715,M3,case_td030_pa200_pp0_5_gamma_004__steady,tpe,28,4.825080986883901,0.1796032817551127,0.05086738968042743,4.987363027429106,0.19044446014184346,0.05266989160368908,0.08236716233738962,0.05583525238320163,True
20260715,M3,case_td030_pa200_pp0_5_gamma_004__steady,tpe,29,2.6517045297222293,0.11277719467469408,0.04304195692247202,4.987363027429106,0.19044446014184346,0.05266989160368908,0.525257428797054,0.05583525238320163,True
20260715,M3,case_td030_pa200_pp0_5_gamma_004__steady,tpe,30,4.942481654354567,0.18740456336084022,0.05830823876771424,4.987363027429106,0.19044446014184346,0.05266989160368908,0.06139576775058159,0.05583525238320163,True
20260715,M3,case_td030_pa200_pp0_5_gamma_004__steady,tpe,31,4.657742413168099,0.16585571812243086,0.04156234997102773,4.987363027429106,0.19044446014184346,0.05266989160368908,0.12562960358003133,0.05583525238320163,True
20260715,M3,case_td030_pa200_pp0_5_gamma_004__steady,tpe,32,4.843783894786569,0.177673409675658,0.05948886898514567,4.987363027429106,0.19044446014184346,0.05266989160368908,0.08329174435511079,0.05583525238320163,True
20260715,M3,case_td030_pa200_pp0_5_gamma_004__steady,tpe,33,4.8625966993298055,0.19951892605444466,0.04333720187229055,4.8625966993298055,0.19951892605444466,0.04333720187229055,0.05552032365608831,0.05552032365608831,True
20260715,M3,case_td030_pa200_pp0_5_gamma_004__steady,tpe,34,4.696216864042601,0.19930911317873562,0.04250145945079142,4.8625966993298055,0.19951892605444466,0.04333720187229055,0.06770375605502521,0.05552032365608831,True
20260715,M3,case_td030_pa200_pp0_5_gamma_004__steady,tpe,35,4.882062425395996,0.19960903657301682,0.0425592728524163,4.882062425395996,0.19960903657301682,0.0425592728524163,0.05447449242965914,0.05447449242965914,True
20260715,M3,case_td030_pa200_pp0_5_gamma_004__steady,tpe,36,4.969187543752056,0.18008640485916688,0.04018967265037107,4.882062425395996,0.19960903657301682,0.0425592728524163,0.06985637193567386,0.05447449242965914,True
20260715,M3,case_td030_pa200_pp0_5_gamma_004__steady,tpe,37,1.0111941902283337,0.1851134112877676,0.05641534581565507,4.882062425395996,0.19960903657301682,0.0425592728524163,0.7220058829634625,0.05447449242965914,True
20260715,M3,case_td030_pa200_pp0_5_gamma_004__steady,tpe,38,1.0326493964817873,0.06481991541434637,0.08708034240253826,4.882062425395996,0.19960903657301682,0.0425592728524163,0.828959754097629,0.05447449242965914,True
20260715,M3,case_td030_pa200_pp0_5_gamma_004__steady,tpe,39,3.760425197576446,0.19937710414332638,0.062274317433676285,4.882062425395996,0.19960903657301682,0.0425592728524163,0.1869576869184681,0.05447449242965914,True
20260715,M3,case_td030_pa200_pp0_5_gamma_004__steady,tpe,40,1.150352025544015,0.08276312172477465,0.04930409876381291,4.882062425395996,0.19960903657301682,0.0425592728524163,0.7954875039635566,0.05447449242965914,True
20260715,M3,case_td030_pa200_pp0_5_gamma_004__steady,tpe,41,4.789097050294156,0.05140445104577061,0.08218660131132079,4.882062425395996,0.19960903657301682,0.0425592728524163,0.48333923191839184,0.05447449242965914,True
20260715,M3,case_td030_pa200_pp0_5_gamma_004__steady,tpe,42,4.845161938318075,0.18923688397038216,0.04999276462970185,4.882062425395996,0.19960903657301682,0.0425592728524163,0.0668118158116571,0.05447449242965914,True
20260715,M3,case_td030_pa200_pp0_5_gamma_004__steady,tpe,43,4.478077068400816,0.1993198331471997,0.05297483235368832,4.882062425395996,0.19960903657301682,0.0425592728524163,0.08900032495075452,0.05447449242965914,True
20260715,M3,case_td030_pa200_pp0_5_gamma_004__steady,tpe,44,4.874856667970112,0.19376512445079577,0.04301112502024863,4.882062425395996,0.19960903657301682,0.0425592728524163,0.05988620598628615,0.05447449242965914,True
20260715,M3,case_td030_pa200_pp0_5_gamma_004__steady,tpe,45,4.827773783028869,0.19967272388518387,0.040553889690777604,4.882062425395996,0.19960903657301682,0.0425592728524163,0.05756593187186784,0.05447449242965914,True
20260715,M3,case_td030_pa200_pp0_5_gamma_004__steady,tpe,46,4.939296466340574,0.18502068300187235,0.040063562844263614,4.882062425395996,0.19960903657301682,0.0425592728524163,0.06545671015026198,0.05447449242965914,True
20260715,M3,case_td030_pa200_pp0_5_gamma_004__steady,tpe,47,4.657414718955015,0.197987573697273,0.04089598851542021,4.882062425395996,0.19960903657301682,0.0425592728524163,0.07289951071828982,0.05447449242965914,True
20260715,M3,case_td030_pa200_pp0_5_gamma_004__steady,tpe,48,4.780250441354016,0.19792268296249152,0.045178838598078294,4.882062425395996,0.19960903657301682,0.0425592728524163,0.06223580678585807,0.05447449242965914,True
20260715,M3,case_td030_pa200_pp0_5_gamma_004__steady,tpe,49,1.4382457231241839,0.1450546844110203,0.04156868328612649,4.882062425395996,0.19960903657301682,0.0425592728524163,0.6827209761539779,0.05447449242965914,True
20260715,M3,case_td030_pa200_pp0_5_gamma_004__steady,tpe,50,4.997903425103227,0.19583718665634717,0.041426360511124055,4.997903425103227,0.19583718665634717,0.041426360511124055,0.052000553461212025,0.052000553461212025,True
20260715,M3,case_td030_pa200_pp0_5_gamma_004__steady,tpe,51,4.984624749724855,0.13839682997857936,0.04962764272122892,4.997903425103227,0.19583718665634717,0.041426360511124055,0.15690812396704276,0.052000553461212025,True
20260715,M3,case_td030_pa200_pp0_5_gamma_004__steady,tpe,52,4.249423447013189,0.19448783504925482,0.04025035498266217,4.997903425103227,0.19583718665634717,0.041426360511124055,0.12496288081679247,0.052000553461212025,True
20260715,M3,case_td030_pa200_pp0_5_gamma_004__steady,tpe,53,4.712135189904831,0.19945252594781301,0.04160068721574213,4.997903425103227,0.19583718665634717,0.041426360511124055,0.06624188930445168,0.052000553461212025,True
20260715,M3,case_td030_pa200_pp0_5_gamma_004__steady,tpe,54,4.793060689976651,0.17034232585272804,0.040009060847513725,4.997903425103227,0.19583718665634717,0.041426360511124055,0.10262405283950776,0.052000553461212025,True
20260715,M3,case_td030_pa200_pp0_5_gamma_004__steady,tpe,55,4.9885535285113525,0.19644857243347916,0.043813490835669475,4.9885535285113525,0.19644857243347916,0.043813490835669475,0.05191843731740182,0.05191843731740182,True
20260715,M3,case_td030_pa200_pp0_5_gamma_004__steady,tpe,56,1.0600043072869032,0.17817647005281426,0.08942263027896279,4.9885535285113525,0.19644857243347916,0.043813490835669475,0.7183582546802486,0.05191843731740182,True
20260715,M3,case_td030_pa200_pp0_5_gamma_004__steady,tpe,57,4.984573686024337,0.1890724387226955,0.0487710887015884,4.9885535285113525,0.19644857243347916,0.043813490835669475,0.057397272019888104,0.05191843731740182,True
20260715,M3,case_td030_pa200_pp0_5_gamma_004__steady,tpe,58,4.969124075378815,0.19529107804275353,0.05273985280066724,4.9885535285113525,0.19644857243347916,0.043813490835669475,0.05304636839529723,0.05191843731740182,True
20260715,M3,case_td030_pa200_pp0_5_gamma_004__steady,tpe,59,4.891513813196793,0.19033272698973516,0.05722512357131396,4.9885535285113525,0.19644857243347916,0.043813490835669475,0.06168360825158355,0.05191843731740182,True
20260715,M3,case_td030_pa200_pp0_5_gamma_004__steady,tpe,60,4.115617742471002,0.19512223718948843,0.05460169724709752,4.9885535285113525,0.19644857243347916,0.043813490835669475,0.1409981989541429,0.05191843731740182,True
20260715,M3,case_td030_pa200_pp0_5_gamma_004__steady,tpe,61,4.996158770597657,0.18875975735582032,0.04768408787441139,4.9885535285113525,0.19644857243347916,0.043813490835669475,0.05708561428839903,0.05191843731740182,True
20260715,M3,case_td030_pa200_pp0_5_gamma_004__steady,tpe,62,4.947875533423027,0.19362117543293958,0.05215164499799359,4.9885535285113525,0.19644857243347916,0.043813490835669475,0.05525980768772664,0.05191843731740182,True
20260715,M3,case_td030_pa200_pp0_5_gamma_004__steady,tpe,63,4.381108628044494,0.1961079087165394,0.05606563820541135,4.9885535285113525,0.19644857243347916,0.043813490835669475,0.10471242291916426,0.05191843731740182,True
20260715,M3,case_td030_pa200_pp0_5_gamma_004__steady,tpe,64,4.811931937950277,0.18530435984961052,0.05240336826674956,4.9885535285113525,0.19644857243347916,0.043813490835669475,0.07479510954864214,0.05191843731740182,True
20260715,M3,case_td030_pa200_pp0_5_gamma_004__steady,tpe,65,3.658960795092029,0.15508926176404095,0.05319854464896658,4.9885535285113525,0.19644857243347916,0.043813490835669475,0.2775845169209257,0.05191843731740182,True
20260715,M3,case_td030_pa200_pp0_5_gamma_004__steady,tpe,66,4.974623008502966,0.18374029034853923,0.049836195845080214,4.9885535285113525,0.19644857243347916,0.043813490835669475,0.06391248183995431,0.05191843731740182,True
20260715,M3,case_td030_pa200_pp0_5_gamma_004__steady,tpe,67,4.605682876112715,0.19992353497976317,0.05127837931306452,4.9885535285113525,0.19644857243347916,0.043813490835669475,0.07481514673096254,0.05191843731740182,True
20260715,M3,case_td030_pa200_pp0_5_gamma_004__steady,tpe,68,4.920595794100446,0.07848297147161243,0.0411138547442589,4.9885535285113525,0.19644857243347916,0.043813490835669475,0.36665285625633826,0.05191843731740182,True
20260715,M3,case_td030_pa200_pp0_5_gamma_004__steady,tpe,69,4.848964365275315,0.19737999266074452,0.05796778391596506,4.9885535285113525,0.19644857243347916,0.043813490835669475,0.057480161157714545,0.05191843731740182,True
20260715,M3,case_td030_pa200_pp0_5_gamma_004__steady,tpe,70,4.928677590843776,0.19566917509708712,0.05292501216179814,4.9885535285113525,0.19644857243347916,0.043813490835669475,0.05461566650158392,0.05191843731740182,True
20260715,M3,case_td030_pa200_pp0_5_gamma_004__steady,tpe,71,2.4880950950061362,0.14033075845113072,0.09613290203269001,4.9885535285113525,0.19644857243347916,0.043813490835669475,0.49796968668951974,0.05191843731740182,True
20260715,M3,case_td030_pa200_pp0_5_gamma_004__steady,tpe,72,4.135976930065878,0.1626669011731888,0.04803484284510465,4.9885535285113525,0.19644857243347916,0.043813490835669475,0.1951399825710173,0.05191843731740182,True
20260715,M3,case_td030_pa200_pp0_5_gamma_004__steady,tpe,73,4.989634707873626,0.19420669498349077,0.054137292321669944,4.9885535285113525,0.19644857243347916,0.043813490835669475,0.05286193115742282,0.05191843731740182,True
20260715,M3,case_td030_pa200_pp0_5_gamma_004__steady,tpe,74,4.945633570419378,0.19214086396018903,0.051836339741725884,4.9885535285113525,0.19644857243347916,0.043813490835669475,0.05664722138747989,0.05191843731740182,True
20260715,M3,case_td030_pa200_pp0_5_gamma_004__steady,tpe,75,4.96138692672539,0.19200242810460985,0.057062983498466474,4.9885535285113525,0.19644857243347916,0.043813490835669475,0.05572144762600841,0.05191843731740182,True
20260715,M3,case_td030_pa200_pp0_5_gamma_004__steady,tpe,76,4.911830799234591,0.15441773511237938,0.051627748214654975,4.9885535285113525,0.19644857243347916,0.043813490835669475,0.1233532298198601,0.05191843731740182,True
20260715,M3,case_td030_pa200_pp0_5_gamma_004__steady,tpe,77,2.387615375406975,0.0626101867356986,0.09759371605428872,4.9885535285113525,0.19644857243347916,0.043813490835669475,0.6769469434340291,0.05191843731740182,True
20260715,M3,case_td030_pa200_pp0_5_gamma_004__steady,tpe,78,4.904676619652153,0.19764707218153393,0.053242930330158075,4.9885535285113525,0.19644857243347916,0.043813490835669475,0.05434210059206469,0.05191843731740182,True
20260715,M3,case_td030_pa200_pp0_5_gamma_004__steady,tpe,79,1.2986990122110873,0.11863507575484306,0.09164900122279762,4.9885535285113525,0.19644857243347916,0.043813490835669475,0.7323179348015945,0.05191843731740182,True
20260715,M3,case_td030_pa200_pp0_5_gamma_004__steady,tpe,80,4.134522714495489,0.0735026957168754,0.09977216877292,4.9885535285113525,0.19644857243347916,0.043813490835669475,0.4524266240797265,0.05191843731740182,True
20260715,M3,case_td030_pa200_pp0_5_gamma_004__steady,tpe,81,4.879221063138793,0.19907796081871443,0.05396822440330195,4.9885535285113525,0.19644857243347916,0.043813490835669475,0.05456044479410715,0.05191843731740182,True
20260715,M3,case_td030_pa200_pp0_5_gamma_004__steady,tpe,82,4.935460716141272,0.19556386752942917,0.06605474936348511,4.9885535285113525,0.19644857243347916,0.043813490835669475,0.05401400213913333,0.05191843731740182,True
20260715,M3,case_td030_pa200_pp0_5_gamma_004__steady,tpe,83,4.514327871137476,0.18735876450678152,0.06783888617185532,4.9885535285113525,0.19644857243347916,0.043813490835669475,0.10156680176291621,0.05191843731740182,True
20260715,M3,case_td030_pa200_pp0_5_gamma_004__steady,tpe,84,4.814073885852551,0.19565077899052014,0.05540874042979992,4.9885535285113525,0.19644857243347916,0.043813490835669475,0.061587795043090955,0.05191843731740182,True
20260715,M3,case_td030_pa200_pp0_5_gamma_004__steady,tpe,85,3.9858596129689117,0.06860257690443905,0.062090368684264756,4.9885535285113525,0.19644857243347916,0.043813490835669475,0.4850499174183732,0.05191843731740182,True
20260715,M3,case_td030_pa200_pp0_5_gamma_004__steady,tpe,86,4.999963259311951,0.19539537614278402,0.06118230069184026,4.999963259311951,0.19539537614278402,0.06118230069184026,0.051648655112021484,0.051648655112021484,True
20260715,M3,case_td030_pa200_pp0_5_gamma_004__steady,tpe,87,4.825134793442171,0.19184855914812346,0.07827106109049894,4.999963259311951,0.19539537614278402,0.06118230069184026,0.06430310796753584,0.051648655112021484,True
20260715,M3,case_td030_pa200_pp0_5_gamma_004__steady,tpe,88,4.864266054894533,0.18152934805662838,0.06909094146667806,4.999963259311951,0.19539537614278402,0.06118230069184026,0.07498463446592198,0.051648655112021484,True
20260715,M3,case_td030_pa200_pp0_5_gamma_004__steady,tpe,89,4.879463510864634,0.15939718157916302,0.06386540623250582,4.999963259311951,0.19539537614278402,0.06118230069184026,0.11470524004239606,0.051648655112021484,True
20260715,M3,case_td030_pa200_pp0_5_gamma_004__steady,tpe,90,4.709470800256343,0.19894329141949696,0.06291933848691905,4.999963259311951,0.19539537614278402,0.06118230069184026,0.06594578096524799,0.051648655112021484,True
20260715,M3,case_td030_pa200_pp0_5_gamma_004__steady,tpe,91,4.786273799315915,0.1955651798980435,0.07022203346425629,4.999963259311951,0.19539537614278402,0.06118230069184026,0.0632675514486452,0.051648655112021484,True
20260715,M3,case_td030_pa200_pp0_5_gamma_004__steady,tpe,92,4.983447682518065,0.19055653289407504,0.05868126003830829,4.999963259311951,0.19539537614278402,0.06118230069184026,0.05574325285386938,0.051648655112021484,True
20260715,M3,case_td030_pa200_pp0_5_gamma_004__steady,tpe,93,1.899565692153355,0.14702055243663753,0.06050515732382113,4.999963259311951,0.19539537614278402,0.06118230069184026,0.5964932206577593,0.051648655112021484,True
20260715,M3,case_td030_pa200_pp0_5_gamma_004__steady,tpe,94,4.7452465544151226,0.19792519454821483,0.062342570162534125,4.999963259311951,0.19539537614278402,0.06118230069184026,0.06415166053287374,0.051648655112021484,True
20260715,M3,case_td030_pa200_pp0_5_gamma_004__steady,tpe,95,4.947343190054621,0.1994291630827183,0.04771864785400711,4.999963259311951,0.19539537614278402,0.06118230069184026,0.05168747243122919,0.051648655112021484,True
20260715,M3,case_td030_pa200_pp0_5_gamma_004__steady,tpe,96,3.6082769581796486,0.13815782497474918,0.0778505510285571,4.999963259311951,0.19539537614278402,0.06118230069184026,0.32010128048540215,0.051648655112021484,True
20260715,M3,case_td030_pa200_pp0_5_gamma_004__steady,tpe,97,4.035207863013623,0.1967381744219357,0.05120760176225714,4.999963259311951,0.19539537614278402,0.06118230069184026,0.15017267994321817,0.051648655112021484,True
20260715,M3,case_td030_pa200_pp0_5_gamma_004__steady,tpe,98,4.987747126202803,0.19641302924559512,0.04849397627954122,4.999963259311951,0.19539537614278402,0.06118230069184026,0.0518245758854533,0.051648655112021484,True
20260715,M3,case_td030_pa200_pp0_5_gamma_004__steady,tpe,99,4.424599266927412,0.17204650385485962,0.04410255787030327,4.999963259311951,0.19539537614278402,0.06118230069184026,0.1402362902100398,0.051648655112021484,True
20260715,M3,case_td030_pa200_pp0_5_gamma_004__steady,tpe,100,4.976224416275756,0.19799181005076935,0.04319051952949643,4.976224416275756,0.19799181005076935,0.04319051952949643,0.05157235431250758,0.05157235431250758,True
20260715,M3,case_td030_pa200_pp0_5_gamma_004__steady,random,1,3.0,0.125,0.07,3.0,0.125,0.07,0.4420755918508906,0.4420755918508906,True
20260715,M3,case_td030_pa200_pp0_5_gamma_004__steady,random,2,1.1092543560228774,0.07326141548322657,0.07344917105732607,3.0,0.125,0.07,0.8109420987102874,0.4420755918508906,True
20260715,M3,case_td030_pa200_pp0_5_gamma_004__steady,random,3,3.494918964092694,0.10782172090507816,0.048894353295061393,3.494918964092694,0.10782172090507816,0.048894353295061393,0.41431453344538505,0.41431453344538505,True
20260715,M3,case_td030_pa200_pp0_5_gamma_004__steady,random,4,2.373287205462936,0.14381682515527003,0.0941513192947325,3.494918964092694,0.10782172090507816,0.048894353295061393,0.5129730552158948,0.41431453344538505,True
20260715,M3,case_td030_pa200_pp0_5_gamma_004__steady,random,5,4.965865520635298,0.13878902953570094,0.04644868184923032,4.965865520635298,0.13878902953570094,0.04644868184923032,0.15782501220758025,0.15782501220758025,True
20260715,M3,case_td030_pa200_pp0_5_gamma_004__steady,random,6,2.9747720789428214,0.07429424016110323,0.06172657247079687,4.965865520635298,0.13878902953570094,0.04644868184923032,0.5765624443274392,0.15782501220758025,True
20260715,M3,case_td030_pa200_pp0_5_gamma_004__steady,random,7,2.8644726599679298,0.15785348968254703,0.04517092400633551,4.965865520635298,0.13878902953570094,0.04644868184923032,0.4036745065686714,0.15782501220758025,True
20260715,M3,case_td030_pa200_pp0_5_gamma_004__steady,random,8,4.152463437321876,0.18382455563086153,0.09228286165383183,4.152463437321876,0.18382455563086153,0.09228286165383183,0.15258513696261697,0.15258513696261697,True
20260715,M3,case_td030_pa200_pp0_5_gamma_004__steady,random,9,1.9000365798969345,0.13735483670497328,0.09026606164954268,4.152463437321876,0.18382455563086153,0.09228286165383183,0.6082976823423855,0.15258513696261697,True
20260715,M3,case_td030_pa200_pp0_5_gamma_004__steady,random,10,1.2754587613659063,0.07655947578498729,0.08588348037207641,4.152463437321876,0.18382455563086153,0.09228286165383183,0.786855638203362,0.15258513696261697,True
20260715,M3,case_td030_pa200_pp0_5_gamma_004__steady,random,11,2.4537226329712842,0.14847011114271236,0.05748767023409744,4.152463437321876,0.18382455563086153,0.09228286165383183,0.4921678458312669,0.15258513696261697,True
20260715,M3,case_td030_pa200_pp0_5_gamma_004__steady,random,12,2.5773287594489895,0.11437241473455474,0.050000032413619944,4.152463437321876,0.18382455563086153,0.09228286165383183,0.5331825312521107,0.15258513696261697,True
20260715,M3,case_td030_pa200_pp0_5_gamma_004__steady,random,13,3.852397520556497,0.12868750453038824,0.0899733764239766,4.152463437321876,0.18382455563086153,0.09228286165383183,0.3092785446342324,0.15258513696261697,True
20260715,M3,case_td030_pa200_pp0_5_gamma_004__steady,random,14,1.3792627830726643,0.19564060617392698,0.09308520244805404,4.152463437321876,0.18382455563086153,0.09228286165383183,0.6448190741058286,0.15258513696261697,True
20260715,M3,case_td030_pa200_pp0_5_gamma_004__steady,random,15,3.585011987219684,0.14276291806349647,0.05327004968145043,4.152463437321876,0.18382455563086153,0.09228286165383183,0.31435925966110817,0.15258513696261697,True
20260715,M3,case_td030_pa200_pp0_5_gamma_004__steady,random,16,4.460469013482904,0.09188500238721647,0.0507811144577963,4.152463437321876,0.18382455563086153,0.09228286165383183,0.35563175739036906,0.15258513696261697,True
20260715,M3,case_td030_pa200_pp0_5_gamma_004__steady,random,17,4.0585051939884815,0.11016855927065142,0.060930794700822646,4.152463437321876,0.18382455563086153,0.09228286165383183,0.33670436116087143,0.15258513696261697,True
20260715,M3,case_td030_pa200_pp0_5_gamma_004__steady,random,18,1.2490926841225365,0.0570577764628577,0.09999128235521741,4.152463437321876,0.18382455563086153,0.09228286165383183,0.8158251256402546,0.15258513696261697,True
20260715,M3,case_td030_pa200_pp0_5_gamma_004__steady,random,19,3.6405410453532996,0.13367673355818704,0.05787328863190139,4.152463437321876,0.18382455563086153,0.09228286165383183,0.3267790557041499,0.15258513696261697,True
20260715,M3,case_td030_pa200_pp0_5_gamma_004__steady,random,20,2.113076830374829,0.14741500602316623,0.06627087545514085,4.152463437321876,0.18382455563086153,0.09228286165383183,0.5561754021189727,0.15258513696261697,True
20260715,M3,case_td030_pa200_pp0_5_gamma_004__steady,random,21,1.8987598879420857,0.10260201237695758,0.08575150826097817,4.152463437321876,0.18382455563086153,0.09228286165383183,0.6613775105698835,0.15258513696261697,True
20260715,M3,case_td030_pa200_pp0_5_gamma_004__steady,random,22,1.1867876298278,0.08791172771990505,0.054330042008060186,4.152463437321876,0.18382455563086153,0.09228286165383183,0.7845901704280369,0.15258513696261697,True
20260715,M3,case_td030_pa200_pp0_5_gamma_004__steady,random,23,2.6363734672929637,0.14139279289882498,0.07964924154841972,4.152463437321876,0.18382455563086153,0.09228286165383183,0.4702153683125207,0.15258513696261697,True
20260715,M3,case_td030_pa200_pp0_5_gamma_004__steady,random,24,2.3198094321608598,0.07975031411581623,0.07395671852636251,4.152463437321876,0.18382455563086153,0.09228286165383183,0.645971756220049,0.15258513696261697,True
20260715,M3,case_td030_pa200_pp0_5_gamma_004__steady,random,25,3.3378202333941305,0.175876344562078,0.07581893006689666,4.152463437321876,0.18382455563086153,0.09228286165383183,0.2906571241324756,0.15258513696261697,True
20260715,M3,case_td030_pa200_pp0_5_gamma_004__steady,random,26,3.886961284801901,0.13787059740683105,0.08397996222372175,4.152463437321876,0.18382455563086153,0.09228286165383183,0.2818166046318575,0.15258513696261697,True
20260715,M3,case_td030_pa200_pp0_5_gamma_004__steady,random,27,2.9894897123888624,0.07566755034077075,0.06702489457001841,4.152463437321876,0.18382455563086153,0.09228286165383183,0.570556743364252,0.15258513696261697,True
20260715,M3,case_td030_pa200_pp0_5_gamma_004__steady,random,28,4.791073444498643,0.12482293039384285,0.0565675102822699,4.152463437321876,0.18382455563086153,0.09228286165383183,0.21402427585481637,0.15258513696261697,True
20260715,M3,case_td030_pa200_pp0_5_gamma_004__steady,random,29,1.5909988703873919,0.08748061528940002,0.053735557923569044,4.152463437321876,0.18382455563086153,0.09228286165383183,0.731723991859771,0.15258513696261697,True
20260715,M3,case_td030_pa200_pp0_5_gamma_004__steady,random,30,3.1224575644384265,0.0989949494989028,0.07499082329739014,4.152463437321876,0.18382455563086153,0.09228286165383183,0.48750234891558086,0.15258513696261697,True
20260715,M3,case_td030_pa200_pp0_5_gamma_004__steady,random,31,2.489092091188101,0.13969715423637508,0.05332087508445832,4.152463437321876,0.18382455563086153,0.09228286165383183,0.5002910149565238,0.15258513696261697,True
20260715,M3,case_td030_pa200_pp0_5_gamma_004__steady,random,32,4.4546636619592075,0.08539795765949515,0.06941251992884465,4.152463437321876,0.18382455563086153,0.09228286165383183,0.37881110642484295,0.15258513696261697,True
20260715,M3,case_td030_pa200_pp0_5_gamma_004__steady,random,33,3.9440454267274516,0.06518650578807539,0.09786465368793223,4.152463437321876,0.18382455563086153,0.09228286165383183,0.5007353143660624,0.15258513696261697,True
20260715,M3,case_td030_pa200_pp0_5_gamma_004__steady,random,34,1.3396352570273193,0.09132419845549511,0.08928618145557862,4.152463437321876,0.18382455563086153,0.09228286165383183,0.7591451764667584,0.15258513696261697,True
20260715,M3,case_td030_pa200_pp0_5_gamma_004__steady,random,35,2.0698895106897157,0.12109041476260199,0.051439651441895655,4.152463437321876,0.18382455563086153,0.09228286165383183,0.6043920960623724,0.15258513696261697,True
20260715,M3,case_td030_pa200_pp0_5_gamma_004__steady,random,36,3.052318854188788,0.1986718544461985,0.046255105727877756,4.152463437321876,0.18382455563086153,0.09228286165383183,0.30999145441717435,0.15258513696261697,True
20260715,M3,case_td030_pa200_pp0_5_gamma_004__steady,random,37,1.9113321165139023,0.07140238864828564,0.04738713279519494,4.152463437321876,0.18382455563086153,0.09228286165383183,0.7178337998352006,0.15258513696261697,True
20260715,M3,case_td030_pa200_pp0_5_gamma_004__steady,random,38,3.4966915564243233,0.15011635407955742,0.04267746104662369,4.152463437321876,0.18382455563086153,0.09228286165383183,0.31302681877400135,0.15258513696261697,True
20260715,M3,case_td030_pa200_pp0_5_gamma_004__steady,random,39,4.547259626234599,0.18002709481180057,0.07644221249103464,4.547259626234599,0.18002709481180057,0.07644221249103464,0.10960780317952734,0.10960780317952734,True
20260715,M3,case_td030_pa200_pp0_5_gamma_004__steady,random,40,4.230701257050978,0.0709736531636751,0.06437015651550074,4.547259626234599,0.18002709481180057,0.07644221249103464,0.4532211484129147,0.10960780317952734,True
20260715,M3,case_td030_pa200_pp0_5_gamma_004__steady,random,41,2.9641261335476425,0.1168923353077875,0.050193390021064294,4.547259626234599,0.18002709481180057,0.07644221249103464,0.46698217244783974,0.10960780317952734,True
20260715,M3,case_td030_pa200_pp0_5_gamma_004__steady,random,42,3.1250653576106253,0.15991643505624464,0.08361458563642485,4.547259626234599,0.18002709481180057,0.07644221249103464,0.35299016479570516,0.10960780317952734,True
20260715,M3,case_td030_pa200_pp0_5_gamma_004__steady,random,43,4.637480442951877,0.05771419549926452,0.08775543343110137,4.547259626234599,0.18002709481180057,0.07644221249103464,0.4695730681428926,0.10960780317952734,True
20260715,M3,case_td030_pa200_pp0_5_gamma_004__steady,random,44,4.564478017809993,0.09920781934810083,0.06624047675001232,4.547259626234599,0.18002709481180057,0.07644221249103464,0.31907045579219656,0.10960780317952734,True
20260715,M3,case_td030_pa200_pp0_5_gamma_004__steady,random,45,1.5026101065451973,0.18267348671418915,0.04252875624352079,4.547259626234599,0.18002709481180057,0.07644221249103464,0.6336666271070203,0.10960780317952734,True
20260715,M3,case_td030_pa200_pp0_5_gamma_004__steady,random,46,4.950417164432245,0.06119767158317525,0.08667513549595666,4.547259626234599,0.18002709481180057,0.07644221249103464,0.4319690556649143,0.10960780317952734,True
20260715,M3,case_td030_pa200_pp0_5_gamma_004__steady,random,47,1.8626134674783201,0.07206971777184151,0.058176270671283364,4.547259626234599,0.18002709481180057,0.07644221249103464,0.722141307885727,0.10960780317952734,True
20260715,M3,case_td030_pa200_pp0_5_gamma_004__steady,random,48,3.2531248334970666,0.12076530848481809,0.06473546946136258,4.547259626234599,0.18002709481180057,0.07644221249103464,0.41349231604291775,0.10960780317952734,True
20260715,M3,case_td030_pa200_pp0_5_gamma_004__steady,random,49,1.8932393005170303,0.13246568309342094,0.06472313114217018,4.547259626234599,0.18002709481180057,0.07644221249103464,0.6170020080501992,0.10960780317952734,True
20260715,M3,case_td030_pa200_pp0_5_gamma_004__steady,random,50,1.2779129902188617,0.16788371072206026,0.04986875241519017,4.547259626234599,0.18002709481180057,0.07644221249103464,0.688939159404884,0.10960780317952734,True
20260715,M3,case_td030_pa200_pp0_5_gamma_004__steady,random,51,3.034009772344037,0.12637124262653177,0.06447903652437185,4.547259626234599,0.18002709481180057,0.07644221249103464,0.43396935911840745,0.10960780317952734,True
20260715,M3,case_td030_pa200_pp0_5_gamma_004__steady,random,52,3.376119262426194,0.07786949898018372,0.08578230405795684,4.547259626234599,0.18002709481180057,0.07644221249103464,0.5172549234155783,0.10960780317952734,True
20260715,M3,case_td030_pa200_pp0_5_gamma_004__steady,random,53,1.6779479931440284,0.1753064286001333,0.08556062999740588,4.547259626234599,0.18002709481180057,0.07644221249103464,0.6057535020787268,0.10960780317952734,True
20260715,M3,case_td030_pa200_pp0_5_gamma_004__steady,random,54,1.3306678920416846,0.1425901267293067,0.06560483424151468,4.547259626234599,0.18002709481180057,0.07644221249103464,0.7028524878039965,0.10960780317952734,True
20260715,M3,case_td030_pa200_pp0_5_gamma_004__steady,random,55,1.9400090105114098,0.1256023488500656,0.059220563322925336,4.547259626234599,0.18002709481180057,0.07644221249103464,0.6190531928124916,0.10960780317952734,True
20260715,M3,case_td030_pa200_pp0_5_gamma_004__steady,random,56,2.0919328889531847,0.11775454207650042,0.07906431587855933,4.547259626234599,0.18002709481180057,0.07644221249103464,0.6050229634963776,0.10960780317952734,True
20260715,M3,case_td030_pa200_pp0_5_gamma_004__steady,random,57,1.4835553569050024,0.1040246377908959,0.09521087630717785,4.547259626234599,0.18002709481180057,0.07644221249103464,0.7219263571518962,0.10960780317952734,True
20260715,M3,case_td030_pa200_pp0_5_gamma_004__steady,random,58,3.5297336931382284,0.12784015900844797,0.051401368224428395,4.547259626234599,0.18002709481180057,0.07644221249103464,0.35698683999304837,0.10960780317952734,True
20260715,M3,case_td030_pa200_pp0_5_gamma_004__steady,random,59,4.861573917752146,0.17563794843143815,0.05618391432570253,4.861573917752146,0.17563794843143815,0.05618391432570253,0.08521576511427406,0.08521576511427406,True
20260715,M3,case_td030_pa200_pp0_5_gamma_004__steady,random,60,4.543514338466199,0.12088950172199436,0.05137091009853377,4.861573917752146,0.17563794843143815,0.05618391432570253,0.25116288010986004,0.08521576511427406,True
20260715,M3,case_td030_pa200_pp0_5_gamma_004__steady,random,61,4.839930876328962,0.1066705106709054,0.06561111098945295,4.861573917752146,0.17563794843143815,0.05618391432570253,0.2676990792228708,0.08521576511427406,True
20260715,M3,case_td030_pa200_pp0_5_gamma_004__steady,random,62,4.1406068234620825,0.056416420324440136,0.08272774186451815,4.861573917752146,0.17563794843143815,0.05618391432570253,0.5153482513594991,0.08521576511427406,True
20260715,M3,case_td030_pa200_pp0_5_gamma_004__steady,random,63,2.9941863862953713,0.19936667553396054,0.09814446764367919,4.861573917752146,0.17563794843143815,0.05618391432570253,0.3184551509092249,0.08521576511427406,True
20260715,M3,case_td030_pa200_pp0_5_gamma_004__steady,random,64,4.933846832444733,0.16825444174907445,0.0427727556221435,4.861573917752146,0.17563794843143815,0.05618391432570253,0.09268883749080853,0.08521576511427406,True
20260715,M3,case_td030_pa200_pp0_5_gamma_004__steady,random,65,2.918346595264094,0.14467094556240162,0.059479180052070285,4.861573917752146,0.17563794843143815,0.05618391432570253,0.41633066403648455,0.08521576511427406,True
20260715,M3,case_td030_pa200_pp0_5_gamma_004__steady,random,66,3.4876967386259863,0.10409092212265075,0.04388699253840565,4.861573917752146,0.17563794843143815,0.05618391432570253,0.42617319117056546,0.08521576511427406,True
20260715,M3,case_td030_pa200_pp0_5_gamma_004__steady,random,67,3.8335940268203483,0.12985505917988407,0.06003511979285773,4.861573917752146,0.17563794843143815,0.05618391432570253,0.3096023674676686,0.08521576511427406,True
20260715,M3,case_td030_pa200_pp0_5_gamma_004__steady,random,68,2.7279814269419274,0.072610385671692,0.08191061899001632,4.861573917752146,0.17563794843143815,0.05618391432570253,0.6107004225014139,0.08521576511427406,True
20260715,M3,case_td030_pa200_pp0_5_gamma_004__steady,random,69,4.0153852608149965,0.06420980881499956,0.05861020849661522,4.861573917752146,0.17563794843143815,0.05618391432570253,0.49844329007626653,0.08521576511427406,True
20260715,M3,case_td030_pa200_pp0_5_gamma_004__steady,random,70,2.4685913650713376,0.14101400415837015,0.07956804511341697,4.861573917752146,0.17563794843143815,0.05618391432570253,0.5005975538450674,0.08521576511427406,True
20260715,M3,case_td030_pa200_pp0_5_gamma_004__steady,random,71,4.6601819537757505,0.05779643925151987,0.0413881990435973,4.861573917752146,0.17563794843143815,0.05618391432570253,0.46921610513014994,0.08521576511427406,True
20260715,M3,case_td030_pa200_pp0_5_gamma_004__steady,random,72,1.2231121833440168,0.16827496749144347,0.08340232558366104,4.861573917752146,0.17563794843143815,0.05618391432570253,0.6976729960909358,0.08521576511427406,True
20260715,M3,case_td030_pa200_pp0_5_gamma_004__steady,random,73,2.0673084250238554,0.09316373904498737,0.06981506160503703,4.861573917752146,0.17563794843143815,0.05618391432570253,0.6535649261457385,0.08521576511427406,True
20260715,M3,case_td030_pa200_pp0_5_gamma_004__steady,random,74,4.316274961063893,0.09095473349397887,0.07753441709501753,4.861573917752146,0.17563794843143815,0.05618391432570253,0.3718695787152167,0.08521576511427406,True
20260715,M3,case_td030_pa200_pp0_5_gamma_004__steady,random,75,3.0497175785877366,0.13680237922333516,0.08180611404823136,4.861573917752146,0.17563794843143815,0.05618391432570253,0.40882137416768327,0.08521576511427406,True
20260715,M3,case_td030_pa200_pp0_5_gamma_004__steady,random,76,4.025641605348362,0.185044695932095,0.0742289911186062,4.861573917752146,0.17563794843143815,0.05618391432570253,0.16843407412256722,0.08521576511427406,True
20260715,M3,case_td030_pa200_pp0_5_gamma_004__steady,random,77,2.015940584194986,0.15545003761774923,0.0942868779007811,4.861573917752146,0.17563794843143815,0.05618391432570253,0.5630068749433208,0.08521576511427406,True
20260715,M3,case_td030_pa200_pp0_5_gamma_004__steady,random,78,3.7299519965065886,0.06910608271786604,0.051507904321916875,4.861573917752146,0.17563794843143815,0.05618391432570253,0.5091949090975038,0.08521576511427406,True
20260715,M3,case_td030_pa200_pp0_5_gamma_004__steady,random,79,1.8625163551496153,0.07101730477830495,0.08265792193863641,4.861573917752146,0.17563794843143815,0.05618391432570253,0.723160325508057,0.08521576511427406,True
20260715,M3,case_td030_pa200_pp0_5_gamma_004__steady,random,80,2.7007994672793805,0.18372203964262873,0.09637762190352112,4.861573917752146,0.17563794843143815,0.05618391432570253,0.3941483990663685,0.08521576511427406,True
20260715,M3,case_td030_pa200_pp0_5_gamma_004__steady,random,81,4.902735332051655,0.056904079519527216,0.08417302505882863,4.861573917752146,0.17563794843143815,0.05618391432570253,0.45286228472922646,0.08521576511427406,True
20260715,M3,case_td030_pa200_pp0_5_gamma_004__steady,random,82,3.8106403530931083,0.07326811014347685,0.048611477956604005,4.861573917752146,0.17563794843143815,0.05618391432570253,0.4866362031352872,0.08521576511427406,True
20260715,M3,case_td030_pa200_pp0_5_gamma_004__steady,random,83,4.970192008468853,0.1847568720444675,0.06470201803386721,4.970192008468853,0.1847568720444675,0.06470201803386721,0.06236800239732943,0.06236800239732943,True
20260715,M3,case_td030_pa200_pp0_5_gamma_004__steady,random,84,3.4183250938263274,0.11937045487507579,0.04311764470636486,4.970192008468853,0.1847568720444675,0.06470201803386721,0.39449671698548805,0.06236800239732943,True
20260715,M3,case_td030_pa200_pp0_5_gamma_004__steady,random,85,3.333382003292551,0.18573870875824416,0.0976418379045215,4.970192008468853,0.1847568720444675,0.06470201803386721,0.2762129284605169,0.06236800239732943,True
20260715,M3,case_td030_pa200_pp0_5_gamma_004__steady,random,86,4.960588151071592,0.07242895613250962,0.04228976442622479,4.970192008468853,0.1847568720444675,0.06470201803386721,0.3874443178301932,0.06236800239732943,True
20260715,M3,case_td030_pa200_pp0_5_gamma_004__steady,random,87,3.328052098087167,0.16560053441530825,0.08070074867274012,4.970192008468853,0.1847568720444675,0.06470201803386721,0.309117653495655,0.06236800239732943,True
20260715,M3,case_td030_pa200_pp0_5_gamma_004__steady,random,88,3.2674310043039196,0.09954805570911257,0.043181764530761696,4.970192008468853,0.1847568720444675,0.06470201803386721,0.4681370327980868,0.06236800239732943,True
20260715,M3,case_td030_pa200_pp0_5_gamma_004__steady,random,89,4.003234435297362,0.12321926547500284,0.09318578292853184,4.970192008468853,0.1847568720444675,0.06470201803386721,0.3046829842459562,0.06236800239732943,True
20260715,M3,case_td030_pa200_pp0_5_gamma_004__steady,random,90,1.5037923153153425,0.14141112806758244,0.07237374465545338,4.970192008468853,0.1847568720444675,0.06470201803386721,0.6740904620361906,0.06236800239732943,True
20260715,M3,case_td030_pa200_pp0_5_gamma_004__steady,random,91,1.2766353145448925,0.19596573256912797,0.0603733465926973,4.970192008468853,0.1847568720444675,0.06470201803386721,0.6646194209732718,0.06236800239732943,True
20260715,M3,case_td030_pa200_pp0_5_gamma_004__steady,random,92,3.2247885930476814,0.1645220529858228,0.08538418978523153,4.970192008468853,0.1847568720444675,0.06470201803386721,0.3281664172962918,0.06236800239732943,True
20260715,M3,case_td030_pa200_pp0_5_gamma_004__steady,random,93,3.0850583575370747,0.1046690005863077,0.08222438254026826,4.970192008468853,0.1847568720444675,0.06470201803386721,0.4775225260375728,0.06236800239732943,True
20260715,M3,case_td030_pa200_pp0_5_gamma_004__steady,random,94,3.1731309498433067,0.15063394675813171,0.046354620395218454,4.970192008468853,0.1847568720444675,0.06470201803386721,0.36334009671118395,0.06236800239732943,True
20260715,M3,case_td030_pa200_pp0_5_gamma_004__steady,random,95,2.512981117193678,0.16558242838628717,0.06159022178648177,4.970192008468853,0.1847568720444675,0.06470201803386721,0.45545758053018554,0.06236800239732943,True
20260715,M3,case_td030_pa200_pp0_5_gamma_004__steady,random,96,4.46442268182944,0.17186706695581655,0.05787244334427777,4.970192008468853,0.1847568720444675,0.06470201803386721,0.13479556020618882,0.06236800239732943,True
20260715,M3,case_td030_pa200_pp0_5_gamma_004__steady,random,97,1.8621253908184068,0.16833093342563632,0.04377766190361975,4.970192008468853,0.1847568720444675,0.06470201803386721,0.5786542576725209,0.06236800239732943,True
20260715,M3,case_td030_pa200_pp0_5_gamma_004__steady,random,98,3.6539621748053728,0.16294987578087955,0.0944171964218617,4.970192008468853,0.1847568720444675,0.06470201803386721,0.2618534937798625,0.06236800239732943,True
20260715,M3,case_td030_pa200_pp0_5_gamma_004__steady,random,99,2.4765962094963494,0.18210887840721574,0.06676099033742175,4.970192008468853,0.1847568720444675,0.06470201803386721,0.440129910166082,0.06236800239732943,True
20260715,M3,case_td030_pa200_pp0_5_gamma_004__steady,random,100,3.717682277837756,0.12568467702731417,0.047723106816310444,4.970192008468853,0.1847568720444675,0.06470201803386721,0.3366021479042495,0.06236800239732943,True
20260716,M1,case_td003_pa050_pp0_3_gamma_010__steady,cmaes,1,3.0,0.125,0.07,3.0,0.125,0.07,0.5628434392461068,0.5628434392461068,True
20260716,M1,case_td003_pa050_pp0_3_gamma_010__steady,cmaes,2,3.001589167035564,0.07900605221026766,0.04365617553182881,3.001589167035564,0.07900605221026766,0.04365617553182881,0.2443280703746771,0.2443280703746771,True
20260716,M1,case_td003_pa050_pp0_3_gamma_010__steady,cmaes,3,3.7645770946402815,0.14760264466958872,0.07758790159003885,3.001589167035564,0.07900605221026766,0.04365617553182881,1.0212097181098734,0.2443280703746771,True
20260716,M1,case_td003_pa050_pp0_3_gamma_010__steady,cmaes,4,4.275605253530117,0.07245118262324551,0.06944667241593723,3.001589167035564,0.07900605221026766,0.04365617553182881,0.5764793590475427,0.2443280703746771,True
20260716,M1,case_td003_pa050_pp0_3_gamma_010__steady,cmaes,5,2.7003806206038745,0.14067183855407964,0.06083813924493101,3.001589167035564,0.07900605221026766,0.04365617553182881,0.5048507587527056,0.2443280703746771,True
20260716,M1,case_td003_pa050_pp0_3_gamma_010__steady,cmaes,6,1.9448888578548913,0.11939639243521957,0.0848785531905092,1.9448888578548913,0.11939639243521957,0.0848785531905092,0.07133355283744267,0.07133355283744267,True
20260716,M1,case_td003_pa050_pp0_3_gamma_010__steady,cmaes,7,2.452004958103689,0.16590698117205405,0.06766767782563078,1.9448888578548913,0.11939639243521957,0.0848785531905092,0.48244171256960994,0.07133355283744267,True
20260716,M1,case_td003_pa050_pp0_3_gamma_010__steady,cmaes,8,3.7653403231140103,0.07358402514768021,0.07609258274570099,1.9448888578548913,0.11939639243521957,0.0848785531905092,0.4464899795716369,0.07133355283744267,True
20260716,M1,case_td003_pa050_pp0_3_gamma_010__steady,cmaes,9,1.7015931640119573,0.12534797068113168,0.04364459747716634,1.9448888578548913,0.11939639243521957,0.0848785531905092,0.08583018469281554,0.07133355283744267,True
20260716,M1,case_td003_pa050_pp0_3_gamma_010__steady,cmaes,10,1.9334582310721462,0.0954818911492423,0.05154455921483723,1.9448888578548913,0.11939639243521957,0.0848785531905092,0.09608219797505278,0.07133355283744267,True
20260716,M1,case_td003_pa050_pp0_3_gamma_010__steady,cmaes,11,1.7485487774987987,0.11943818840176336,0.08578998082818831,1.9448888578548913,0.11939639243521957,0.0848785531905092,0.0806654143682265,0.07133355283744267,True
20260716,M1,case_td003_pa050_pp0_3_gamma_010__steady,cmaes,12,2.783938225150601,0.0618496718035922,0.047555204926705445,2.783938225150601,0.0618496718035922,0.047555204926705445,0.060602075707025874,0.060602075707025874,True
20260716,M1,case_td003_pa050_pp0_3_gamma_010__steady,cmaes,13,1.408041117550504,0.14227864770612675,0.06598162522056217,2.783938225150601,0.0618496718035922,0.047555204926705445,0.16413552783100974,0.060602075707025874,True
20260716,M1,case_td003_pa050_pp0_3_gamma_010__steady,cmaes,14,1.4904405642706664,0.1314361870975407,0.042467858873789455,2.783938225150601,0.0618496718035922,0.047555204926705445,0.15717875675240717,0.060602075707025874,True
20260716,M1,case_td003_pa050_pp0_3_gamma_010__steady,cmaes,15,2.3354727577789967,0.07475483416832866,0.05833945616859759,2.783938225150601,0.0618496718035922,0.047555204926705445,0.06376130973185033,0.060602075707025874,True
20260716,M1,case_td003_pa050_pp0_3_gamma_010__steady,cmaes,16,1.3549923959953956,0.12524603050313787,0.09604479366590771,2.783938225150601,0.0618496718035922,0.047555204926705445,0.22845532008987027,0.060602075707025874,True
20260716,M1,case_td003_pa050_pp0_3_gamma_010__steady,cmaes,17,1.5399239461090957,0.1239024510137731,0.08069038206157725,2.783938225150601,0.0618496718035922,0.047555204926705445,0.15149355560068875,0.060602075707025874,True
20260716,M1,case_td003_pa050_pp0_3_gamma_010__steady,cmaes,18,1.3512251427338042,0.08383207687134125,0.0717960025419741,2.783938225150601,0.0618496718035922,0.047555204926705445,0.36338678321120177,0.060602075707025874,True
20260716,M1,case_td003_pa050_pp0_3_gamma_010__steady,cmaes,19,1.3355801196817505,0.08112768997124542,0.06909838139925045,2.783938225150601,0.0618496718035922,0.047555204926705445,0.37910684247271514,0.060602075707025874,True
20260716,M1,case_td003_pa050_pp0_3_gamma_010__steady,cmaes,20,2.5089410377838584,0.09099019122896065,0.07096952716634183,2.783938225150601,0.0618496718035922,0.047555204926705445,0.15095237725630414,0.060602075707025874,True
20260716,M1,case_td003_pa050_pp0_3_gamma_010__steady,cmaes,21,2.6722944677178138,0.09553589791157462,0.06977368366331896,2.783938225150601,0.0618496718035922,0.047555204926705445,0.2428106791757657,0.060602075707025874,True
20260716,M1,case_td003_pa050_pp0_3_gamma_010__steady,cmaes,22,1.0467907547770332,0.1149808221754316,0.07514417406467863,2.783938225150601,0.0618496718035922,0.047555204926705445,0.3882955826481521,0.060602075707025874,True
20260716,M1,case_td003_pa050_pp0_3_gamma_010__steady,cmaes,23,3.079118742750474,0.09922338662768504,0.05613407612268551,2.783938225150601,0.0618496718035922,0.047555204926705445,0.4262207539371015,0.060602075707025874,True
20260716,M1,case_td003_pa050_pp0_3_gamma_010__steady,cmaes,24,2.0293812075747857,0.07020676912025334,0.0525811147149731,2.783938225150601,0.0618496718035922,0.047555204926705445,0.18323040429617685,0.060602075707025874,True
20260716,M1,case_td003_pa050_pp0_3_gamma_010__steady,cmaes,25,3.277856083878199,0.05171723849056979,0.07926672851012273,2.783938225150601,0.0618496718035922,0.047555204926705445,0.10989741886345533,0.060602075707025874,True
20260716,M1,case_td003_pa050_pp0_3_gamma_010__steady,cmaes,26,2.49122122186123,0.09934261768461147,0.06771153678300981,2.783938225150601,0.0618496718035922,0.047555204926705445,0.19294155127678217,0.060602075707025874,True
20260716,M1,case_td003_pa050_pp0_3_gamma_010__steady,cmaes,27,2.7774844305035837,0.11994818332770588,0.06277266208026763,2.783938225150601,0.0618496718035922,0.047555204926705445,0.4343822651358996,0.060602075707025874,True
20260716,M1,case_td003_pa050_pp0_3_gamma_010__steady,cmaes,28,2.8518090717980265,0.07403910754232695,0.0777946726852849,2.783938225150601,0.0618496718035922,0.047555204926705445,0.15998209683726372,0.060602075707025874,True
20260716,M1,case_td003_pa050_pp0_3_gamma_010__steady,cmaes,29,1.624351438723028,0.15119499657760724,0.0748194493561816,2.783938225150601,0.0618496718035922,0.047555204926705445,0.06485699111369225,0.060602075707025874,True
20260716,M1,case_td003_pa050_pp0_3_gamma_010__steady,cmaes,30,2.770594481832177,0.07963331648186854,0.06281863043165019,2.783938225150601,0.0618496718035922,0.047555204926705445,0.17115223861462095,0.060602075707025874,True
20260716,M1,case_td003_pa050_pp0_3_gamma_010__steady,cmaes,31,1.1942724895532504,0.11250464672504605,0.07260133342518404,2.783938225150601,0.0618496718035922,0.047555204926705445,0.33468170197208297,0.060602075707025874,True
20260716,M1,case_td003_pa050_pp0_3_gamma_010__steady,cmaes,32,1.3288413012904405,0.05300433639947391,0.04752934647669882,2.783938225150601,0.0618496718035922,0.047555204926705445,0.49141300328478327,0.060602075707025874,True
20260716,M1,case_td003_pa050_pp0_3_gamma_010__steady,cmaes,33,4.050938483119456,0.0887370709155614,0.0910907434474792,2.783938225150601,0.0618496718035922,0.047555204926705445,0.6744387082514457,0.060602075707025874,True
20260716,M1,case_td003_pa050_pp0_3_gamma_010__steady,cmaes,34,1.4739912747635229,0.07472944536591417,0.07237438666470525,2.783938225150601,0.0618496718035922,0.047555204926705445,0.3546736871620964,0.060602075707025874,True
20260716,M1,case_td003_pa050_pp0_3_gamma_010__steady,cmaes,35,2.0614425546262916,0.09977317821073653,0.0686047558157922,2.0614425546262916,0.09977317821073653,0.0686047558157922,0.0566667523546514,0.0566667523546514,True
20260716,M1,case_td003_pa050_pp0_3_gamma_010__steady,cmaes,36,2.2677381677204247,0.0850170124778119,0.05912660022782544,2.2677381677204247,0.0850170124778119,0.05912660022782544,0.05504905143876742,0.05504905143876742,True
20260716,M1,case_td003_pa050_pp0_3_gamma_010__steady,cmaes,37,4.4888029614548,0.10870914486598798,0.09550732714391745,2.2677381677204247,0.0850170124778119,0.05912660022782544,0.9867766362482563,0.05504905143876742,True
20260716,M1,case_td003_pa050_pp0_3_gamma_010__steady,cmaes,38,1.5868587083419317,0.08030035790483665,0.07109366388203249,2.2677381677204247,0.0850170124778119,0.05912660022782544,0.2907919565687699,0.05504905143876742,True
20260716,M1,case_td003_pa050_pp0_3_gamma_010__steady,cmaes,39,1.388816805064399,0.087270256444482,0.052376009048013,2.2677381677204247,0.0850170124778119,0.05912660022782544,0.3391452968824501,0.05504905143876742,True
20260716,M1,case_td003_pa050_pp0_3_gamma_010__steady,cmaes,40,2.3572055994218077,0.09885492677057868,0.05468423415774994,2.2677381677204247,0.0850170124778119,0.05912660022782544,0.13474009295867553,0.05504905143876742,True
20260716,M1,case_td003_pa050_pp0_3_gamma_010__steady,cmaes,41,2.1813806105340863,0.06548561954185911,0.06039759360807183,2.2677381677204247,0.0850170124778119,0.05912660022782544,0.15806073650966418,0.05504905143876742,True
20260716,M1,case_td003_pa050_pp0_3_gamma_010__steady,cmaes,42,2.117058137779315,0.10979938015366736,0.056246144970376326,2.2677381677204247,0.0850170124778119,0.05912660022782544,0.09342010016930129,0.05504905143876742,True
20260716,M1,case_td003_pa050_pp0_3_gamma_010__steady,cmaes,43,2.3692462486428525,0.0651436494540927,0.08141661146138707,2.2677381677204247,0.0850170124778119,0.05912660022782544,0.09912006737752224,0.05504905143876742,True
20260716,M1,case_td003_pa050_pp0_3_gamma_010__steady,cmaes,44,1.5903018377636533,0.14051167265981013,0.06777185517619265,2.2677381677204247,0.0850170124778119,0.05912660022782544,0.08949733435072978,0.05504905143876742,True
20260716,M1,case_td003_pa050_pp0_3_gamma_010__steady,cmaes,45,2.6076171060262405,0.14298181436458324,0.06595902871787987,2.2677381677204247,0.0850170124778119,0.05912660022782544,0.4708908334088631,0.05504905143876742,True
20260716,M1,case_td003_pa050_pp0_3_gamma_010__steady,cmaes,46,1.680907685073419,0.07384455615818443,0.07526959180706798,2.2677381677204247,0.0850170124778119,0.05912660022782544,0.2851076123139854,0.05504905143876742,True
20260716,M1,case_td003_pa050_pp0_3_gamma_010__steady,cmaes,47,2.289782341312642,0.1280906276762648,0.07317819651556626,2.2677381677204247,0.0850170124778119,0.05912660022782544,0.25087952533316493,0.05504905143876742,True
20260716,M1,case_td003_pa050_pp0_3_gamma_010__steady,cmaes,48,1.335111538979444,0.16688478013460623,0.059804972951621335,2.2677381677204247,0.0850170124778119,0.05912660022782544,0.14560287108100636,0.05504905143876742,True
20260716,M1,case_td003_pa050_pp0_3_gamma_010__steady,cmaes,49,1.6127759962665684,0.14543832550910124,0.047192113029021966,2.2677381677204247,0.0850170124778119,0.05912660022782544,0.07480308763431312,0.05504905143876742,True
20260716,M1,case_td003_pa050_pp0_3_gamma_010__steady,cmaes,50,2.1511117117207608,0.10648689777012155,0.05086505784413231,2.2677381677204247,0.0850170124778119,0.05912660022782544,0.09185509409220502,0.05504905143876742,True
20260716,M1,case_td003_pa050_pp0_3_gamma_010__steady,cmaes,51,2.161701956829711,0.14521129066248906,0.05734575660953098,2.2677381677204247,0.0850170124778119,0.05912660022782544,0.253915756352323,0.05504905143876742,True
20260716,M1,case_td003_pa050_pp0_3_gamma_010__steady,cmaes,52,3.034220899361574,0.08055511544904677,0.06946086535375676,2.2677381677204247,0.0850170124778119,0.05912660022782544,0.2711652994315299,0.05504905143876742,True
20260716,M1,case_td003_pa050_pp0_3_gamma_010__steady,cmaes,53,1.7320055204387335,0.1289972245200105,0.07056268493210391,2.2677381677204247,0.0850170124778119,0.05912660022782544,0.0674473501143982,0.05504905143876742,True
20260716,M1,case_td003_pa050_pp0_3_gamma_010__steady,cmaes,54,1.977529237829286,0.09277106123525164,0.07103208458767107,2.2677381677204247,0.0850170124778119,0.05912660022782544,0.08971170735688641,0.05504905143876742,True
20260716,M1,case_td003_pa050_pp0_3_gamma_010__steady,cmaes,55,1.5703379377878215,0.11862539695788064,0.05583977927569804,2.2677381677204247,0.0850170124778119,0.05912660022782544,0.15700920232024895,0.05504905143876742,True
20260716,M1,case_td003_pa050_pp0_3_gamma_010__steady,cmaes,56,1.876802244481325,0.09585331156841949,0.07453545893732638,2.2677381677204247,0.0850170124778119,0.05912660022782544,0.11248713927229342,0.05504905143876742,True
20260716,M1,case_td003_pa050_pp0_3_gamma_010__steady,cmaes,57,2.021237749137877,0.13063247662088823,0.07675347619341837,2.2677381677204247,0.0850170124778119,0.05912660022782544,0.13566986751136068,0.05504905143876742,True
20260716,M1,case_td003_pa050_pp0_3_gamma_010__steady,cmaes,58,1.7332582879806573,0.13748305731791433,0.0708602228403839,2.2677381677204247,0.0850170124778119,0.05912660022782544,0.06139411299104842,0.05504905143876742,True
20260716,M1,case_td003_pa050_pp0_3_gamma_010__steady,cmaes,59,2.2716699661104,0.08979805121120796,0.055191308221489405,2.2677381677204247,0.0850170124778119,0.05912660022782544,0.06488887766186753,0.05504905143876742,True
20260716,M1,case_td003_pa050_pp0_3_gamma_010__steady,cmaes,60,1.3163103115881254,0.1315128136314499,0.07171508367763721,2.2677381677204247,0.0850170124778119,0.05912660022782544,0.23217368412455858,0.05504905143876742,True
20260716,M1,case_td003_pa050_pp0_3_gamma_010__steady,cmaes,61,2.5734676851991996,0.12267188025671434,0.05611046980846547,2.2677381677204247,0.0850170124778119,0.05912660022782544,0.3555129996911175,0.05504905143876742,True
20260716,M1,case_td003_pa050_pp0_3_gamma_010__steady,cmaes,62,1.3481440392025592,0.1289597725005152,0.06477608901469087,2.2677381677204247,0.0850170124778119,0.05912660022782544,0.2251161265178465,0.05504905143876742,True
20260716,M1,case_td003_pa050_pp0_3_gamma_010__steady,cmaes,63,2.2132139334460392,0.143223466861489,0.05805754440917216,2.2677381677204247,0.0850170124778119,0.05912660022782544,0.2726999553406157,0.05504905143876742,True
20260716,M1,case_td003_pa050_pp0_3_gamma_010__steady,cmaes,64,1.4037173221924286,0.12394667751263687,0.05872638362411467,2.2677381677204247,0.0850170124778119,0.05912660022782544,0.2144247458087888,0.05504905143876742,True
20260716,M1,case_td003_pa050_pp0_3_gamma_010__steady,cmaes,65,2.4033719306413084,0.11930477564419144,0.06618995966453728,2.2677381677204247,0.0850170124778119,0.05912660022782544,0.2619543525983824,0.05504905143876742,True
20260716,M1,case_td003_pa050_pp0_3_gamma_010__steady,cmaes,66,1.9545510695889798,0.12518429699068806,0.05999693833965403,2.2677381677204247,0.0850170124778119,0.05912660022782544,0.08759325083301651,0.05504905143876742,True
20260716,M1,case_td003_pa050_pp0_3_gamma_010__steady,cmaes,67,2.457940634048058,0.10131026726378467,0.0687756369503959,2.2677381677204247,0.0850170124778119,0.05912660022782544,0.1907217408599325,0.05504905143876742,True
20260716,M1,case_td003_pa050_pp0_3_gamma_010__steady,cmaes,68,1.6645546781349383,0.13352381629563692,0.07960600771578814,2.2677381677204247,0.0850170124778119,0.05912660022782544,0.0772897344943486,0.05504905143876742,True
20260716,M1,case_td003_pa050_pp0_3_gamma_010__steady,cmaes,69,1.4514154539775315,0.15359981448683965,0.06410458754582442,2.2677381677204247,0.0850170124778119,0.05912660022782544,0.11907819966044195,0.05504905143876742,True
20260716,M1,case_td003_pa050_pp0_3_gamma_010__steady,cmaes,70,1.885638405663066,0.12003697533787736,0.06330924629984033,2.2677381677204247,0.0850170124778119,0.05912660022782544,0.060066602838456315,0.05504905143876742,True
20260716,M1,case_td003_pa050_pp0_3_gamma_010__steady,cmaes,71,1.5181159452288515,0.1461548580598567,0.06931714819183364,2.2677381677204247,0.0850170124778119,0.05912660022782544,0.10579487133217305,0.05504905143876742,True
20260716,M1,case_td003_pa050_pp0_3_gamma_010__steady,cmaes,72,1.6254440678601025,0.12673682929845353,0.06402359785294999,2.2677381677204247,0.0850170124778119,0.05912660022782544,0.10894973324071104,0.05504905143876742,True
20260716,M1,case_td003_pa050_pp0_3_gamma_010__steady,cmaes,73,3.203007836233466,0.058007004156462205,0.07082064398128404,2.2677381677204247,0.0850170124778119,0.05912660022782544,0.14063992478504356,0.05504905143876742,True
20260716,M1,case_td003_pa050_pp0_3_gamma_010__steady,cmaes,74,1.4297953587204915,0.14804382658141085,0.06084696491678479,2.2677381677204247,0.0850170124778119,0.05912660022782544,0.14132917328302944,0.05504905143876742,True
20260716,M1,case_td003_pa050_pp0_3_gamma_010__steady,cmaes,75,1.7691328336391758,0.11771455556606614,0.0678113120504328,2.2677381677204247,0.0850170124778119,0.05912660022782544,0.07959884261261264,0.05504905143876742,True
20260716,M1,case_td003_pa050_pp0_3_gamma_010__steady,cmaes,76,1.6186302538953339,0.1402721583187046,0.06976633525419364,2.2677381677204247,0.0850170124778119,0.05912660022782544,0.07994378985847932,0.05504905143876742,True
20260716,M1,case_td003_pa050_pp0_3_gamma_010__steady,cmaes,77,1.4338790813140616,0.14490320133335313,0.06628924577606102,2.2677381677204247,0.0850170124778119,0.05912660022782544,0.14602891178946775,0.05504905143876742,True
20260716,M1,case_td003_pa050_pp0_3_gamma_010__steady,cmaes,78,1.4096938100124035,0.14534525839094095,0.07431875675408482,2.2677381677204247,0.0850170124778119,0.05912660022782544,0.15517820987765227,0.05504905143876742,True
20260716,M1,case_td003_pa050_pp0_3_gamma_010__steady,cmaes,79,1.4936106462709413,0.13885729008135408,0.06341937794449215,2.2677381677204247,0.0850170124778119,0.05912660022782544,0.13393048093361198,0.05504905143876742,True
20260716,M1,case_td003_pa050_pp0_3_gamma_010__steady,cmaes,80,1.5723833055545569,0.12389091273293831,0.0742191865026865,2.2677381677204247,0.0850170124778119,0.05912660022782544,0.1381252525984519,0.05504905143876742,True
20260716,M1,case_td003_pa050_pp0_3_gamma_010__steady,cmaes,81,1.6448728251363756,0.1336478841527119,0.061147461252726555,2.2677381677204247,0.0850170124778119,0.05912660022782544,0.0849400288503128,0.05504905143876742,True
20260716,M1,case_td003_pa050_pp0_3_gamma_010__steady,cmaes,82,1.9890043501203578,0.13153191174250786,0.07241368835099715,2.2677381677204247,0.0850170124778119,0.05912660022782544,0.12391714575144727,0.05504905143876742,True
20260716,M1,case_td003_pa050_pp0_3_gamma_010__steady,cmaes,83,1.571084055914064,0.14180606861220268,0.07079770748541638,2.2677381677204247,0.0850170124778119,0.05912660022782544,0.09375255802608132,0.05504905143876742,True
20260716,M1,case_td003_pa050_pp0_3_gamma_010__steady,cmaes,84,1.6321001292147739,0.1279058567033945,0.06818423814034819,2.2677381677204247,0.0850170124778119,0.05912660022782544,0.10273826342283184,0.05504905143876742,True
20260716,M1,case_td003_pa050_pp0_3_gamma_010__steady,cmaes,85,1.8555474343656584,0.13125833316856336,0.06643140441552463,2.2677381677204247,0.0850170124778119,0.05912660022782544,0.07200896287440761,0.05504905143876742,True
20260716,M1,case_td003_pa050_pp0_3_gamma_010__steady,cmaes,86,1.9569571802791146,0.11099806205420251,0.05472647662707324,2.2677381677204247,0.0850170124778119,0.05912660022782544,0.058069293043152864,0.05504905143876742,True
20260716,M1,case_td003_pa050_pp0_3_gamma_010__steady,cmaes,87,2.0057842522497102,0.10906777583828957,0.06388828188928894,2.2677381677204247,0.0850170124778119,0.05912660022782544,0.0611502753143331,0.05504905143876742,True
20260716,M1,case_td003_pa050_pp0_3_gamma_010__steady,cmaes,88,1.7061820904552887,0.13264622473592239,0.06295405920667668,2.2677381677204247,0.0850170124778119,0.05912660022782544,0.06843263200709566,0.05504905143876742,True
20260716,M1,case_td003_pa050_pp0_3_gamma_010__steady,cmaes,89,1.807144636729072,0.12458402879170745,0.06989117601360614,2.2677381677204247,0.0850170124778119,0.05912660022782544,0.06049359640552386,0.05504905143876742,True
20260716,M1,case_td003_pa050_pp0_3_gamma_010__steady,cmaes,90,1.5559774160868534,0.12927126657721105,0.063672768709288,2.2677381677204247,0.0850170124778119,0.05912660022782544,0.13131453673472362,0.05504905143876742,True
20260716,M1,case_td003_pa050_pp0_3_gamma_010__steady,cmaes,91,1.7231396653906526,0.11768139456604314,0.06433908458937249,2.2677381677204247,0.0850170124778119,0.05912660022782544,0.09605026912807257,0.05504905143876742,True
20260716,M1,case_td003_pa050_pp0_3_gamma_010__steady,cmaes,92,1.4377777230082671,0.14150677866368988,0.06961091948390265,2.2677381677204247,0.0850170124778119,0.05912660022782544,0.15190801015583588,0.05504905143876742,True
20260716,M1,case_td003_pa050_pp0_3_gamma_010__steady,cmaes,93,2.1573636582229563,0.10243954328377534,0.05454678328482022,2.2677381677204247,0.0850170124778119,0.05912660022782544,0.07885147303068157,0.05504905143876742,True
20260716,M1,case_td003_pa050_pp0_3_gamma_010__steady,cmaes,94,1.804528160563392,0.11385485997178402,0.06709168321091342,2.2677381677204247,0.0850170124778119,0.05912660022782544,0.07827592993928459,0.05504905143876742,True
20260716,M1,case_td003_pa050_pp0_3_gamma_010__steady,cmaes,95,2.2910835118748905,0.08750580489815837,0.06765654616299922,2.2677381677204247,0.0850170124778119,0.05912660022782544,0.0627701264556376,0.05504905143876742,True
20260716,M1,case_td003_pa050_pp0_3_gamma_010__steady,cmaes,96,1.8663032049532036,0.1162397306173299,0.05436277161081443,2.2677381677204247,0.0850170124778119,0.05912660022782544,0.060489921055811295,0.05504905143876742,True
20260716,M1,case_td003_pa050_pp0_3_gamma_010__steady,cmaes,97,1.5344044492225242,0.14776521477514235,0.06409024299139444,2.2677381677204247,0.0850170124778119,0.05912660022782544,0.09636160950690305,0.05504905143876742,True
20260716,M1,case_td003_pa050_pp0_3_gamma_010__steady,cmaes,98,2.112534311625276,0.10148266584877688,0.05456584585185166,2.2677381677204247,0.0850170124778119,0.05912660022782544,0.06413149219184908,0.05504905143876742,True
20260716,M1,case_td003_pa050_pp0_3_gamma_010__steady,cmaes,99,1.8453097890950712,0.10923823464381556,0.05088104023850012,2.2677381677204247,0.0850170124778119,0.05912660022782544,0.0794467686019495,0.05504905143876742,True
20260716,M1,case_td003_pa050_pp0_3_gamma_010__steady,cmaes,100,2.021730877607712,0.10588749744258508,0.06496704772366262,2.2677381677204247,0.0850170124778119,0.05912660022782544,0.05875158781482756,0.05504905143876742,True
20260716,M1,case_td003_pa050_pp0_3_gamma_010__steady,tpe,1,3.0,0.125,0.07,3.0,0.125,0.07,0.5628434392461068,0.5628434392461068,True
20260716,M1,case_td003_pa050_pp0_3_gamma_010__steady,tpe,2,2.36137187198868,0.18573081409075187,0.08906533741209491,2.36137187198868,0.18573081409075187,0.08906533741209491,0.5019974952347078,0.5019974952347078,True
20260716,M1,case_td003_pa050_pp0_3_gamma_010__steady,tpe,3,1.186560452202856,0.07036172376263519,0.046258668773498754,1.186560452202856,0.07036172376263519,0.046258668773498754,0.4694772947571005,0.4694772947571005,True
20260716,M1,case_td003_pa050_pp0_3_gamma_010__steady,tpe,4,4.641467579495799,0.13666962633823376,0.09792078515249358,1.186560452202856,0.07036172376263519,0.046258668773498754,1.2646027745971309,0.4694772947571005,True
20260716,M1,case_td003_pa050_pp0_3_gamma_010__steady,tpe,5,1.7182120533996685,0.12395178380907092,0.04187348210531911,1.7182120533996685,0.12395178380907092,0.04187348210531911,0.083664844348479,0.083664844348479,True
20260716,M1,case_td003_pa050_pp0_3_gamma_010__steady,tpe,6,2.154821457574967,0.10554195854604953,0.05038442422834239,1.7182120533996685,0.12395178380907092,0.04187348210531911,0.08933627904047074,0.083664844348479,True
20260716,M1,case_td003_pa050_pp0_3_gamma_010__steady,tpe,7,3.6776609591021105,0.07671312629818762,0.06518743383750222,1.7182120533996685,0.12395178380907092,0.04187348210531911,0.44870643784787817,0.083664844348479,True
20260716,M1,case_td003_pa050_pp0_3_gamma_010__steady,tpe,8,3.768104261786241,0.16787216641203062,0.05727384735138738,1.7182120533996685,0.12395178380907092,0.04187348210531911,1.1296559755677185,0.083664844348479,True
20260716,M1,case_td003_pa050_pp0_3_gamma_010__steady,tpe,9,3.181876045399136,0.11214952270399806,0.06565477324057314,1.7182120533996685,0.12395178380907092,0.04187348210531911,0.5581462777752041,0.083664844348479,True
20260716,M1,case_td003_pa050_pp0_3_gamma_010__steady,tpe,10,4.721867396480333,0.1951618283978943,0.06447556934563638,1.7182120533996685,0.12395178380907092,0.04187348210531911,1.6530175894308565,0.083664844348479,True
20260716,M1,case_td003_pa050_pp0_3_gamma_010__steady,tpe,11,4.110431248996205,0.05317848854953672,0.058388796944464166,1.7182120533996685,0.12395178380907092,0.04187348210531911,0.33370027379766026,0.083664844348479,True
20260716,M1,case_td003_pa050_pp0_3_gamma_010__steady,tpe,12,2.9733852097077325,0.06652231313201572,0.06039925978222993,1.7182120533996685,0.12395178380907092,0.04187348210531911,0.1405310176564677,0.083664844348479,True
20260716,M1,case_td003_pa050_pp0_3_gamma_010__steady,tpe,13,2.102639144778673,0.05205055386649435,0.0854100733985593,1.7182120533996685,0.12395178380907092,0.04187348210531911,0.26235411207767645,0.083664844348479,True
20260716,M1,case_td003_pa050_pp0_3_gamma_010__steady,tpe,14,2.511081790037059,0.09715402557121153,0.08056151392494719,1.7182120533996685,0.12395178380907092,0.04187348210531911,0.1895965560799785,0.083664844348479,True
20260716,M1,case_td003_pa050_pp0_3_gamma_010__steady,tpe,15,1.7045112292725406,0.18549853811670158,0.06732199160750935,1.7182120533996685,0.12395178380907092,0.04187348210531911,0.13596352078319662,0.083664844348479,True
20260716,M1,case_td003_pa050_pp0_3_gamma_010__steady,tpe,16,1.6363514229556593,0.1488496475981779,0.044014107671884566,1.6363514229556593,0.1488496475981779,0.044014107671884566,0.06539410980012099,0.06539410980012099,True
20260716,M1,case_td003_pa050_pp0_3_gamma_010__steady,tpe,17,1.2884441804944076,0.14233291593283684,0.040188889634970956,1.6363514229556593,0.1488496475981779,0.044014107671884566,0.22301332163162912,0.06539410980012099,True
20260716,M1,case_td003_pa050_pp0_3_gamma_010__steady,tpe,18,2.563444295892409,0.1978715535245798,0.04181948155868694,1.6363514229556593,0.1488496475981779,0.044014107671884566,0.64298127176328,0.06539410980012099,True
20260716,M1,case_td003_pa050_pp0_3_gamma_010__steady,tpe,19,1.2167116844315244,0.11351698763023643,0.07072228093006763,1.6363514229556593,0.1488496475981779,0.044014107671884566,0.32284315791165824,0.06539410980012099,True
20260716,M1,case_td003_pa050_pp0_3_gamma_010__steady,tpe,20,2.9981651863056125,0.14003529251924976,0.042501166316156025,1.6363514229556593,0.1488496475981779,0.044014107671884566,0.6391697428033472,0.06539410980012099,True
20260716,M1,case_td003_pa050_pp0_3_gamma_010__steady,tpe,21,1.0079847463083327,0.1523914710462037,0.057511554831720865,1.6363514229556593,0.1488496475981779,0.044014107671884566,0.3292328245520324,0.06539410980012099,True
20260716,M1,case_td003_pa050_pp0_3_gamma_010__steady,tpe,22,2.0998634473589015,0.0881680236801484,0.04481752258204299,1.6363514229556593,0.1488496475981779,0.044014107671884566,0.07274135072691716,0.06539410980012099,True
20260716,M1,case_td003_pa050_pp0_3_gamma_010__steady,tpe,23,2.3151268265214133,0.09372075547027817,0.04412347589180425,1.6363514229556593,0.1488496475981779,0.044014107671884566,0.09187160571455003,0.06539410980012099,True
20260716,M1,case_td003_pa050_pp0_3_gamma_010__steady,tpe,24,1.6934525533460763,0.12703848790646521,0.05072891892417973,1.6363514229556593,0.1488496475981779,0.044014107671884566,0.08386880427992506,0.06539410980012099,True
20260716,M1,case_td003_pa050_pp0_3_gamma_010__steady,tpe,25,3.928695359503756,0.09209259627288412,0.041110538835416544,1.6363514229556593,0.1488496475981779,0.044014107671884566,0.6633890397478494,0.06539410980012099,True
20260716,M1,case_td003_pa050_pp0_3_gamma_010__steady,tpe,26,1.7341506652663692,0.16749302363510793,0.04535312316835345,1.6363514229556593,0.1488496475981779,0.044014107671884566,0.1057513925090503,0.06539410980012099,True
20260716,M1,case_td003_pa050_pp0_3_gamma_010__steady,tpe,27,2.4803257249484734,0.061624842587848665,0.043697783592015406,1.6363514229556593,0.1488496475981779,0.044014107671884566,0.09188026575729286,0.06539410980012099,True
20260716,M1,case_td003_pa050_pp0_3_gamma_010__steady,tpe,28,1.7737167141855863,0.11755160281706256,0.04403682831895214,1.6363514229556593,0.1488496475981779,0.044014107671884566,0.08079607528009906,0.06539410980012099,True
20260716,M1,case_td003_pa050_pp0_3_gamma_010__steady,tpe,29,1.246626270635445,0.10254031502291701,0.05736502853841692,1.6363514229556593,0.1488496475981779,0.044014107671884566,0.3432603819746793,0.06539410980012099,True
20260716,M1,case_td003_pa050_pp0_3_gamma_010__steady,tpe,30,1.8419200962568512,0.09815678439274733,0.04174412796507271,1.6363514229556593,0.1488496475981779,0.044014107671884566,0.12027060580466256,0.06539410980012099,True
20260716,M1,case_td003_pa050_pp0_3_gamma_010__steady,tpe,31,4.979249918455156,0.07948218575415894,0.07611359221143417,1.6363514229556593,0.1488496475981779,0.044014107671884566,0.8234939436281788,0.06539410980012099,True
20260716,M1,case_td003_pa050_pp0_3_gamma_010__steady,tpe,32,1.1630828264013893,0.09336887584307299,0.09383027730148341,1.6363514229556593,0.1488496475981779,0.044014107671884566,0.39903329884977057,0.06539410980012099,True
20260716,M1,case_td003_pa050_pp0_3_gamma_010__steady,tpe,33,2.296030433325611,0.13807447522880645,0.04339362027527621,1.6363514229556593,0.1488496475981779,0.044014107671884566,0.29092842314800776,0.06539410980012099,True
20260716,M1,case_td003_pa050_pp0_3_gamma_010__steady,tpe,34,1.3175227674570316,0.12086005863213295,0.046128137033473,1.6363514229556593,0.1488496475981779,0.044014107671884566,0.2627416210037622,0.06539410980012099,True
20260716,M1,case_td003_pa050_pp0_3_gamma_010__steady,tpe,35,1.7602028598683306,0.13297157128439463,0.04361185347443469,1.7602028598683306,0.13297157128439463,0.04361185347443469,0.06068820177849732,0.06068820177849732,True
20260716,M1,case_td003_pa050_pp0_3_gamma_010__steady,tpe,36,1.9818707783204133,0.1494775746069332,0.04060657159459417,1.7602028598683306,0.13297157128439463,0.04361185347443469,0.1746044516511793,0.06068820177849732,True
20260716,M1,case_td003_pa050_pp0_3_gamma_010__steady,tpe,37,3.1978836618938193,0.1610657078851403,0.09975605967750402,1.7602028598683306,0.13297157128439463,0.04361185347443469,0.8437960257269238,0.06068820177849732,True
20260716,M1,case_td003_pa050_pp0_3_gamma_010__steady,tpe,38,2.59590753030069,0.12547924379053024,0.054456836369315316,1.7602028598683306,0.13297157128439463,0.04361185347443469,0.37995819754423454,0.06068820177849732,True
20260716,M1,case_td003_pa050_pp0_3_gamma_010__steady,tpe,39,1.3903659218609836,0.08544775915002316,0.04114266945736039,1.7602028598683306,0.13297157128439463,0.04361185347443469,0.3465624079998304,0.06068820177849732,True
20260716,M1,case_td003_pa050_pp0_3_gamma_010__steady,tpe,40,4.032896323029676,0.19817671652884983,0.08872240828516899,1.7602028598683306,0.13297157128439463,0.04361185347443469,1.3894396764076073,0.06068820177849732,True
20260716,M1,case_td003_pa050_pp0_3_gamma_010__steady,tpe,41,4.772542084913983,0.12922339070324104,0.0760855232576522,1.7602028598683306,0.13297157128439463,0.04361185347443469,1.245886130579302,0.06068820177849732,True
20260716,M1,case_td003_pa050_pp0_3_gamma_010__steady,tpe,42,1.830576268483352,0.12085474370288327,0.04422304135788976,1.7602028598683306,0.13297157128439463,0.04361185347443469,0.06101422190797221,0.06068820177849732,True
20260716,M1,case_td003_pa050_pp0_3_gamma_010__steady,tpe,43,2.0020732597679225,0.12225297990473616,0.040045531914454,1.7602028598683306,0.13297157128439463,0.04361185347443469,0.09296306000414231,0.06068820177849732,True
20260716,M1,case_td003_pa050_pp0_3_gamma_010__steady,tpe,44,2.0052757641744536,0.09170085805487134,0.05754453908674164,1.7602028598683306,0.13297157128439463,0.04361185347443469,0.08615283241123518,0.06068820177849732,True
20260716,M1,case_td003_pa050_pp0_3_gamma_010__steady,tpe,45,2.011393355630957,0.13216170037018604,0.0498381257962973,1.7602028598683306,0.13297157128439463,0.04361185347443469,0.1325038720043205,0.06068820177849732,True
20260716,M1,case_td003_pa050_pp0_3_gamma_010__steady,tpe,46,2.055259057585631,0.15274642890555667,0.08563315236990887,1.7602028598683306,0.13297157128439463,0.04361185347443469,0.23013755013095605,0.06068820177849732,True
20260716,M1,case_td003_pa050_pp0_3_gamma_010__steady,tpe,47,2.293409136686937,0.160869457155865,0.05533249554881735,1.7602028598683306,0.13297157128439463,0.04361185347443469,0.3779500439377235,0.06068820177849732,True
20260716,M1,case_td003_pa050_pp0_3_gamma_010__steady,tpe,48,1.0589706554455383,0.05973272914053038,0.06791460257781275,1.7602028598683306,0.13297157128439463,0.04361185347443469,0.5404439336479915,0.06068820177849732,True
20260716,M1,case_td003_pa050_pp0_3_gamma_010__steady,tpe,49,2.049897043978054,0.10382115110260044,0.04877861790825895,2.049897043978054,0.10382115110260044,0.04877861790825895,0.05834796809502222,0.05834796809502222,True
20260716,M1,case_td003_pa050_pp0_3_gamma_010__steady,tpe,50,2.849228971776864,0.094771466363777,0.04152341913192325,2.049897043978054,0.10382115110260044,0.04877861790825895,0.30310964675988766,0.05834796809502222,True
20260716,M1,case_td003_pa050_pp0_3_gamma_010__steady,tpe,51,1.886934636030162,0.07054113932743597,0.05667243206284792,2.049897043978054,0.10382115110260044,0.04877861790825895,0.23056925593782315,0.05834796809502222,True
20260716,M1,case_td003_pa050_pp0_3_gamma_010__steady,tpe,52,2.2847343736825705,0.11345501590644211,0.04900786717485144,2.049897043978054,0.10382115110260044,0.04877861790825895,0.17732132549155508,0.05834796809502222,True
20260716,M1,case_td003_pa050_pp0_3_gamma_010__steady,tpe,53,1.259382496955142,0.12408467752360547,0.0438049364219746,2.049897043978054,0.10382115110260044,0.04877861790825895,0.2800126324658355,0.05834796809502222,True
20260716,M1,case_td003_pa050_pp0_3_gamma_010__steady,tpe,54,1.8065864049472153,0.130365256997533,0.055321793693988944,2.049897043978054,0.10382115110260044,0.04877861790825895,0.06096387569855968,0.05834796809502222,True
20260716,M1,case_td003_pa050_pp0_3_gamma_010__steady,tpe,55,4.230675676764495,0.17312423775899136,0.04182377571207982,2.049897043978054,0.10382115110260044,0.04877861790825895,1.3450932035276228,0.05834796809502222,True
20260716,M1,case_td003_pa050_pp0_3_gamma_010__steady,tpe,56,1.9314437097593733,0.13655571580886178,0.055336238636435865,2.049897043978054,0.10382115110260044,0.04877861790825895,0.1126786723664582,0.05834796809502222,True
20260716,M1,case_td003_pa050_pp0_3_gamma_010__steady,tpe,57,1.8874064751952468,0.12747089159576075,0.06047434425684838,2.049897043978054,0.10382115110260044,0.04877861790825895,0.07204108465266043,0.05834796809502222,True
20260716,M1,case_td003_pa050_pp0_3_gamma_010__steady,tpe,58,2.590118285958183,0.13428628536488177,0.07517466696125513,2.049897043978054,0.10382115110260044,0.04877861790825895,0.4238324654505042,0.05834796809502222,True
20260716,M1,case_td003_pa050_pp0_3_gamma_010__steady,tpe,59,1.986644415734126,0.1208184932990805,0.0651773043655067,2.049897043978054,0.10382115110260044,0.04877861790825895,0.08632709521081966,0.05834796809502222,True
20260716,M1,case_td003_pa050_pp0_3_gamma_010__steady,tpe,60,1.7321494728512443,0.14303737508142764,0.06299198939077362,2.049897043978054,0.10382115110260044,0.04877861790825895,0.06363809119953456,0.05834796809502222,True
20260716,M1,case_td003_pa050_pp0_3_gamma_010__steady,tpe,61,1.5118917766076914,0.15357788741747677,0.05826465448863853,2.049897043978054,0.10382115110260044,0.04877861790825895,0.09442448296353351,0.05834796809502222,True
20260716,M1,case_td003_pa050_pp0_3_gamma_010__steady,tpe,62,1.2966939565735085,0.1684199994104285,0.07716729789284263,2.049897043978054,0.10382115110260044,0.04877861790825895,0.15888546845127208,0.05834796809502222,True
20260716,M1,case_td003_pa050_pp0_3_gamma_010__steady,tpe,63,1.4857070150502911,0.14220979528555808,0.0603685387672082,2.049897043978054,0.10382115110260044,0.04877861790825895,0.12972123841331634,0.05834796809502222,True
20260716,M1,case_td003_pa050_pp0_3_gamma_010__steady,tpe,64,1.1803530704510334,0.18898695991654887,0.04424555349613867,2.049897043978054,0.10382115110260044,0.04877861790825895,0.17989780056124854,0.05834796809502222,True
20260716,M1,case_td003_pa050_pp0_3_gamma_010__steady,tpe,65,1.8425441223395678,0.14837648224891925,0.06676813806699393,2.049897043978054,0.10382115110260044,0.04877861790825895,0.10997266827868696,0.05834796809502222,True
20260716,M1,case_td003_pa050_pp0_3_gamma_010__steady,tpe,66,4.102108758218301,0.06767847094469467,0.09660737494294351,2.049897043978054,0.10382115110260044,0.04877861790825895,0.48247514286911075,0.05834796809502222,True
20260716,M1,case_td003_pa050_pp0_3_gamma_010__steady,tpe,67,2.3107153694045324,0.11539778751556817,0.06542119852154407,2.049897043978054,0.10382115110260044,0.04877861790825895,0.200822339449395,0.05834796809502222,True
20260716,M1,case_td003_pa050_pp0_3_gamma_010__steady,tpe,68,4.985536291881604,0.14229430738550197,0.05708276815004613,2.049897043978054,0.10382115110260044,0.04877861790825895,1.4107831746232844,0.05834796809502222,True
20260716,M1,case_td003_pa050_pp0_3_gamma_010__steady,tpe,69,1.5559966276082424,0.12175212674935779,0.05578671630194633,2.049897043978054,0.10382115110260044,0.04877861790825895,0.15374141799491986,0.05834796809502222,True
20260716,M1,case_td003_pa050_pp0_3_gamma_010__steady,tpe,70,1.8639931216628722,0.1484097744965192,0.05315190702595307,2.049897043978054,0.10382115110260044,0.04877861790825895,0.11743977387842636,0.05834796809502222,True
20260716,M1,case_td003_pa050_pp0_3_gamma_010__steady,tpe,71,2.852350653626181,0.14315468538322795,0.06205916487839346,2.049897043978054,0.10382115110260044,0.04877861790825895,0.5900236404834588,0.05834796809502222,True
20260716,M1,case_td003_pa050_pp0_3_gamma_010__steady,tpe,72,1.679653075004861,0.14224674204320253,0.04215530348185874,2.049897043978054,0.10382115110260044,0.04877861790825895,0.06392418047846282,0.05834796809502222,True
20260716,M1,case_td003_pa050_pp0_3_gamma_010__steady,tpe,73,1.065982296948102,0.1435201687566814,0.04584559248118223,2.049897043978054,0.10382115110260044,0.04877861790825895,0.32162723742872723,0.05834796809502222,True
20260716,M1,case_td003_pa050_pp0_3_gamma_010__steady,tpe,74,1.7034226700147952,0.1575158210492224,0.04218634855806806,2.049897043978054,0.10382115110260044,0.04877861790825895,0.07408247849834178,0.05834796809502222,True
20260716,M1,case_td003_pa050_pp0_3_gamma_010__steady,tpe,75,1.819783058118691,0.1295344488337182,0.04166314787496365,2.049897043978054,0.10382115110260044,0.04877861790825895,0.06081976072928831,0.05834796809502222,True
20260716,M1,case_td003_pa050_pp0_3_gamma_010__steady,tpe,76,1.6913415761639152,0.1379601874229166,0.04505883200816771,2.049897043978054,0.10382115110260044,0.04877861790825895,0.06580648186496839,0.05834796809502222,True
20260716,M1,case_td003_pa050_pp0_3_gamma_010__steady,tpe,77,1.722463222107009,0.1318955402483024,0.04093108858958668,2.049897043978054,0.10382115110260044,0.04877861790825895,0.06711258396228915,0.05834796809502222,True
20260716,M1,case_td003_pa050_pp0_3_gamma_010__steady,tpe,78,2.3076912090363435,0.13155756419650302,0.041681842609225146,2.049897043978054,0.10382115110260044,0.04877861790825895,0.2689494434162541,0.05834796809502222,True
20260716,M1,case_td003_pa050_pp0_3_gamma_010__steady,tpe,79,4.961065808644291,0.05656759017019346,0.04595442843616598,2.049897043978054,0.10382115110260044,0.04877861790825895,0.5615962696847818,0.05834796809502222,True
20260716,M1,case_td003_pa050_pp0_3_gamma_010__steady,tpe,80,1.7850268762230204,0.10437204623922786,0.04803309621072106,2.049897043978054,0.10382115110260044,0.04877861790825895,0.11766578967209489,0.05834796809502222,True
20260716,M1,case_td003_pa050_pp0_3_gamma_010__steady,tpe,81,1.848553121091374,0.15456988288330448,0.04688495596048491,2.049897043978054,0.10382115110260044,0.04877861790825895,0.12622388327913922,0.05834796809502222,True
20260716,M1,case_td003_pa050_pp0_3_gamma_010__steady,tpe,82,1.882271707602994,0.1370976549046092,0.04485339853159248,2.049897043978054,0.10382115110260044,0.04877861790825895,0.0924125013355927,0.05834796809502222,True
20260716,M1,case_td003_pa050_pp0_3_gamma_010__steady,tpe,83,1.4065110451987688,0.13886185480709437,0.04297845917479143,2.049897043978054,0.10382115110260044,0.04877861790825895,0.17616226517592296,0.05834796809502222,True
20260716,M1,case_td003_pa050_pp0_3_gamma_010__steady,tpe,84,2.103361624499687,0.119865294182206,0.04514965579675884,2.049897043978054,0.10382115110260044,0.04877861790825895,0.12604344164121184,0.05834796809502222,True
20260716,M1,case_td003_pa050_pp0_3_gamma_010__steady,tpe,85,1.7459563413481827,0.15281828443264503,0.04028312611323093,2.049897043978054,0.10382115110260044,0.04877861790825895,0.0787066341524341,0.05834796809502222,True
20260716,M1,case_td003_pa050_pp0_3_gamma_010__steady,tpe,86,1.4620840992569542,0.11273819718382,0.04784745795028953,2.049897043978054,0.10382115110260044,0.04877861790825895,0.2234705204836508,0.05834796809502222,True
20260716,M1,case_td003_pa050_pp0_3_gamma_010__steady,tpe,87,1.478911652636664,0.1464836891484204,0.05131387756826315,2.049897043978054,0.10382115110260044,0.04877861790825895,0.12396640102556786,0.05834796809502222,True
20260716,M1,case_td003_pa050_pp0_3_gamma_010__steady,tpe,88,1.799859895431667,0.12023067530038105,0.040419325139276784,2.049897043978054,0.10382115110260044,0.04877861790825895,0.06775703593133549,0.05834796809502222,True
20260716,M1,case_td003_pa050_pp0_3_gamma_010__steady,tpe,89,2.3053133875024012,0.16632956581493752,0.04678565455375164,2.049897043978054,0.10382115110260044,0.04877861790825895,0.4011975207850676,0.05834796809502222,True
20260716,M1,case_td003_pa050_pp0_3_gamma_010__steady,tpe,90,2.393845732199341,0.12752244823944411,0.05225272028758577,2.049897043978054,0.10382115110260044,0.04877861790825895,0.2943737308574049,0.05834796809502222,True
20260716,M1,case_td003_pa050_pp0_3_gamma_010__steady,tpe,91,2.0022516183180823,0.1412528941366777,0.05025484702873882,2.049897043978054,0.10382115110260044,0.04877861790825895,0.15954228905578613,0.05834796809502222,True
20260716,M1,case_td003_pa050_pp0_3_gamma_010__steady,tpe,92,1.3696485311265778,0.1402971345323828,0.0490283564924255,2.049897043978054,0.10382115110260044,0.04877861790825895,0.18885088276918005,0.05834796809502222,True
20260716,M1,case_td003_pa050_pp0_3_gamma_010__steady,tpe,93,1.1405816923063619,0.10918689029634647,0.040296310974292995,2.049897043978054,0.10382115110260044,0.04877861790825895,0.36899210090358175,0.05834796809502222,True
20260716,M1,case_td003_pa050_pp0_3_gamma_010__steady,tpe,94,2.2688187406113975,0.13721188399476458,0.048422203410417815,2.049897043978054,0.10382115110260044,0.04877861790825895,0.2749977535372429,0.05834796809502222,True
20260716,M1,case_td003_pa050_pp0_3_gamma_010__steady,tpe,95,1.8361963276487772,0.12735188738423428,0.046572574308444185,2.049897043978054,0.10382115110260044,0.04877861790825895,0.06085698487526824,0.05834796809502222,True
20260716,M1,case_td003_pa050_pp0_3_gamma_010__steady,tpe,96,1.835093260652777,0.11861774738191641,0.05275834775135989,2.049897043978054,0.10382115110260044,0.04877861790825895,0.06239369742477628,0.05834796809502222,True
20260716,M1,case_td003_pa050_pp0_3_gamma_010__steady,tpe,97,2.139773457911212,0.10937741880060504,0.05518732597335757,2.049897043978054,0.10382115110260044,0.04877861790825895,0.09996131304761177,0.05834796809502222,True
20260716,M1,case_td003_pa050_pp0_3_gamma_010__steady,tpe,98,1.5736229221857687,0.11140204239978585,0.0549345993381004,2.049897043978054,0.10382115110260044,0.04877861790825895,0.17895037680953224,0.05834796809502222,True
20260716,M1,case_td003_pa050_pp0_3_gamma_010__steady,tpe,99,1.2766902275294576,0.19321433903777555,0.09643873950923526,2.049897043978054,0.10382115110260044,0.04877861790825895,0.12087933759476029,0.05834796809502222,True
20260716,M1,case_td003_pa050_pp0_3_gamma_010__steady,tpe,100,3.122830358403797,0.10349116742393641,0.09242034871814048,2.049897043978054,0.10382115110260044,0.04877861790825895,0.4772035044925043,0.05834796809502222,True
20260716,M1,case_td003_pa050_pp0_3_gamma_010__steady,random,1,3.0,0.125,0.07,3.0,0.125,0.07,0.5628434392461068,0.5628434392461068,True
20260716,M1,case_td003_pa050_pp0_3_gamma_010__steady,random,2,4.282526405611289,0.06043869922459105,0.06480827202405363,4.282526405611289,0.06043869922459105,0.06480827202405363,0.45246608618149364,0.45246608618149364,True
20260716,M1,case_td003_pa050_pp0_3_gamma_010__steady,random,3,2.79193047396994,0.154440915859286,0.08815725935809951,4.282526405611289,0.06043869922459105,0.06480827202405363,0.6157551510864194,0.45246608618149364,True
20260716,M1,case_td003_pa050_pp0_3_gamma_010__steady,random,4,4.3090199979569705,0.18372866850444858,0.04004715409835546,4.282526405611289,0.06043869922459105,0.06480827202405363,1.4302573231292455,0.45246608618149364,True
20260716,M1,case_td003_pa050_pp0_3_gamma_010__steady,random,5,2.9799872895910564,0.09242163467166387,0.08439769607029143,2.9799872895910564,0.09242163467166387,0.08439769607029143,0.34229649911459237,0.34229649911459237,True
20260716,M1,case_td003_pa050_pp0_3_gamma_010__steady,random,6,4.392357263082532,0.06899515452822896,0.06367125103282217,2.9799872895910564,0.09242163467166387,0.08439769607029143,0.5699535114819094,0.34229649911459237,True
20260716,M1,case_td003_pa050_pp0_3_gamma_010__steady,random,7,4.723432630028979,0.0510541552707529,0.043896308909119185,2.9799872895910564,0.09242163467166387,0.08439769607029143,0.448931344064442,0.34229649911459237,True
20260716,M1,case_td003_pa050_pp0_3_gamma_010__steady,random,8,1.3852214395165077,0.17104042603460456,0.04411403363282353,1.3852214395165077,0.17104042603460456,0.04411403363282353,0.11636904162568501,0.11636904162568501,True
20260716,M1,case_td003_pa050_pp0_3_gamma_010__steady,random,9,2.704233784826646,0.18389809474101854,0.06997379253286573,1.3852214395165077,0.17104042603460456,0.04411403363282353,0.6807374466750384,0.11636904162568501,True
20260716,M1,case_td003_pa050_pp0_3_gamma_010__steady,random,10,2.6341199821903145,0.11727660319059838,0.06874242942969948,1.3852214395165077,0.17104042603460456,0.04411403363282353,0.3563647027794403,0.11636904162568501,True
20260716,M1,case_td003_pa050_pp0_3_gamma_010__steady,random,11,4.515480191423938,0.08073907328054243,0.0636951087165776,1.3852214395165077,0.17104042603460456,0.04411403363282353,0.723630350315022,0.11636904162568501,True
20260716,M1,case_td003_pa050_pp0_3_gamma_010__steady,random,12,1.3962007313283342,0.17166419033249536,0.06841909564365604,1.3962007313283342,0.17166419033249536,0.06841909564365604,0.10779264867184116,0.10779264867184116,True
20260716,M1,case_td003_pa050_pp0_3_gamma_010__steady,random,13,4.562956475195153,0.1470118361996922,0.08138331681823094,1.3962007313283342,0.17166419033249536,0.06841909564365604,1.3140958476551998,0.10779264867184116,True
20260716,M1,case_td003_pa050_pp0_3_gamma_010__steady,random,14,4.393360839425588,0.11114186339601076,0.06946586456217113,1.3962007313283342,0.17166419033249536,0.06841909564365604,0.9791787840614611,0.10779264867184116,True
20260716,M1,case_td003_pa050_pp0_3_gamma_010__steady,random,15,3.3620264402399394,0.13758743564254672,0.08975802188583448,1.3962007313283342,0.17166419033249536,0.06841909564365604,0.7953512380475942,0.10779264867184116,True
20260716,M1,case_td003_pa050_pp0_3_gamma_010__steady,random,16,1.4856533429215588,0.18369934335217614,0.09683104735743822,1.4856533429215588,0.18369934335217614,0.09683104735743822,0.06709224441482295,0.06709224441482295,True
20260716,M1,case_td003_pa050_pp0_3_gamma_010__steady,random,17,4.172136115462328,0.17324690641528745,0.0743419998853933,1.4856533429215588,0.18369934335217614,0.09683104735743822,1.3285778050334562,0.06709224441482295,True
20260716,M1,case_td003_pa050_pp0_3_gamma_010__steady,random,18,2.0196597946964125,0.13371454077817213,0.04724973300109087,1.4856533429215588,0.18369934335217614,0.09683104735743822,0.14122717092132364,0.06709224441482295,True
20260716,M1,case_td003_pa050_pp0_3_gamma_010__steady,random,19,4.334928572000606,0.19761396055109914,0.0984011352873308,1.4856533429215588,0.18369934335217614,0.09683104735743822,1.5160048489830436,0.06709224441482295,True
20260716,M1,case_td003_pa050_pp0_3_gamma_010__steady,random,20,1.12092564212118,0.14619999209215948,0.05764275996040145,1.4856533429215588,0.18369934335217614,0.09683104735743822,0.2898683440901382,0.06709224441482295,True
20260716,M1,case_td003_pa050_pp0_3_gamma_010__steady,random,21,3.606881618969427,0.09918242569592563,0.05931607908537622,1.4856533429215588,0.18369934335217614,0.09683104735743822,0.6205022662341217,0.06709224441482295,True
20260716,M1,case_td003_pa050_pp0_3_gamma_010__steady,random,22,3.0933434753114804,0.11162677685277869,0.09259453404557957,1.4856533429215588,0.18369934335217614,0.09683104735743822,0.521233334409212,0.06709224441482295,True
20260716,M1,case_td003_pa050_pp0_3_gamma_010__steady,random,23,1.6918168844485586,0.13869699619734338,0.09499193588654184,1.6918168844485586,0.13869699619734338,0.09499193588654184,0.06392772775105891,0.06392772775105891,True
20260716,M1,case_td003_pa050_pp0_3_gamma_010__steady,random,24,3.6387925401747143,0.13322115687144137,0.0677894081167827,1.6918168844485586,0.13869699619734338,0.09499193588654184,0.8809312673206264,0.06392772775105891,True
20260716,M1,case_td003_pa050_pp0_3_gamma_010__steady,random,25,3.947325603044904,0.08919288605235581,0.0921816086006007,1.6918168844485586,0.13869699619734338,0.09499193588654184,0.6473757974441261,0.06392772775105891,True
20260716,M1,case_td003_pa050_pp0_3_gamma_010__steady,random,26,2.5383074929819935,0.1956721639852046,0.07994559639790935,1.6918168844485586,0.13869699619734338,0.09499193588654184,0.6299877700369381,0.06392772775105891,True
20260716,M1,case_td003_pa050_pp0_3_gamma_010__steady,random,27,1.739362019978671,0.1916620745395653,0.08255580063863535,1.6918168844485586,0.13869699619734338,0.09499193588654184,0.17048540433264386,0.06392772775105891,True
20260716,M1,case_td003_pa050_pp0_3_gamma_010__steady,random,28,3.6242116659676795,0.10950345938547609,0.08642595084055202,1.6918168844485586,0.13869699619734338,0.09499193588654184,0.7103844538583085,0.06392772775105891,True
20260716,M1,case_td003_pa050_pp0_3_gamma_010__steady,random,29,2.6727129864143633,0.13219995081244793,0.09162870663589293,1.6918168844485586,0.13869699619734338,0.09499193588654184,0.4549442001961987,0.06392772775105891,True
20260716,M1,case_td003_pa050_pp0_3_gamma_010__steady,random,30,1.8303626335752203,0.07194991250507643,0.08049033469470751,1.6918168844485586,0.13869699619734338,0.09499193588654184,0.24070668752518704,0.06392772775105891,True
20260716,M1,case_td003_pa050_pp0_3_gamma_010__steady,random,31,2.0150982664580894,0.07137587213776049,0.07086850449694654,1.6918168844485586,0.13869699619734338,0.09499193588654184,0.17967167753040522,0.06392772775105891,True
20260716,M1,case_td003_pa050_pp0_3_gamma_010__steady,random,32,2.6648090605744246,0.09247378311714471,0.08582251883405989,1.6918168844485586,0.13869699619734338,0.09499193588654184,0.2216570432477846,0.06392772775105891,True
20260716,M1,case_td003_pa050_pp0_3_gamma_010__steady,random,33,1.8624373074917178,0.15194419353924726,0.04331618552874648,1.6918168844485586,0.13869699619734338,0.09499193588654184,0.12482371706133495,0.06392772775105891,True
20260716,M1,case_td003_pa050_pp0_3_gamma_010__steady,random,34,1.5357232737525228,0.11493248555849286,0.09270217375430714,1.6918168844485586,0.13869699619734338,0.09499193588654184,0.1794617278975029,0.06392772775105891,True
20260716,M1,case_td003_pa050_pp0_3_gamma_010__steady,random,35,3.507449380316693,0.19462325154447263,0.0954636591579219,1.6918168844485586,0.13869699619734338,0.09499193588654184,1.1337276718752534,0.06392772775105891,True
20260716,M1,case_td003_pa050_pp0_3_gamma_010__steady,random,36,4.9188808117114995,0.18294470209112712,0.06666274385462738,1.6918168844485586,0.13869699619734338,0.09499193588654184,1.6598877327448476,0.06392772775105891,True
20260716,M1,case_td003_pa050_pp0_3_gamma_010__steady,random,37,1.2426035773977957,0.1622257041688636,0.06363450893242964,1.6918168844485586,0.13869699619734338,0.09499193588654184,0.19886527319210126,0.06392772775105891,True
20260716,M1,case_td003_pa050_pp0_3_gamma_010__steady,random,38,3.6292664673215067,0.19120258764821746,0.05634877531774315,1.6918168844485586,0.13869699619734338,0.09499193588654184,1.171958742847018,0.06392772775105891,True
20260716,M1,case_td003_pa050_pp0_3_gamma_010__steady,random,39,1.7595131210337338,0.17170628414393937,0.05781131643317226,1.6918168844485586,0.13869699619734338,0.09499193588654184,0.12939645632283767,0.06392772775105891,True
20260716,M1,case_td003_pa050_pp0_3_gamma_010__steady,random,40,2.378085714112796,0.0882393328835874,0.06018217962857321,1.6918168844485586,0.13869699619734338,0.09499193588654184,0.0880468359926475,0.06392772775105891,True
20260716,M1,case_td003_pa050_pp0_3_gamma_010__steady,random,41,3.1241008750682804,0.15980467409552573,0.04854985974547733,1.6918168844485586,0.13869699619734338,0.09499193588654184,0.7952973969187852,0.06392772775105891,True
20260716,M1,case_td003_pa050_pp0_3_gamma_010__steady,random,42,3.227557246880383,0.1404486572683366,0.08810498457949176,1.6918168844485586,0.13869699619734338,0.09499193588654184,0.7527434851916893,0.06392772775105891,True
20260716,M1,case_td003_pa050_pp0_3_gamma_010__steady,random,43,3.264348491437942,0.08441252970788396,0.04859974036245872,1.6918168844485586,0.13869699619734338,0.09499193588654184,0.37925453605153436,0.06392772775105891,True
20260716,M1,case_td003_pa050_pp0_3_gamma_010__steady,random,44,2.61085863333268,0.1717955932529584,0.07879322155459684,1.6918168844485586,0.13869699619734338,0.09499193588654184,0.5898287888741147,0.06392772775105891,True
20260716,M1,case_td003_pa050_pp0_3_gamma_010__steady,random,45,4.62240339912533,0.17136958938303426,0.06137571491066052,1.6918168844485586,0.13869699619734338,0.09499193588654184,1.4878172417981892,0.06392772775105891,True
20260716,M1,case_td003_pa050_pp0_3_gamma_010__steady,random,46,3.622776023924734,0.11963030589631303,0.09223509485122994,1.6918168844485586,0.13869699619734338,0.09499193588654184,0.7847788642520162,0.06392772775105891,True
20260716,M1,case_td003_pa050_pp0_3_gamma_010__steady,random,47,2.797949172933469,0.06906156382182693,0.051941688460757626,1.6918168844485586,0.13869699619734338,0.09499193588654184,0.10496031139980697,0.06392772775105891,True
20260716,M1,case_td003_pa050_pp0_3_gamma_010__steady,random,48,1.2673109658803283,0.08712452887519105,0.0575603481113251,1.6918168844485586,0.13869699619734338,0.09499193588654184,0.38403019305553093,0.06392772775105891,True
20260716,M1,case_td003_pa050_pp0_3_gamma_010__steady,random,49,3.902183368398514,0.12352301658918748,0.09686944629619892,1.6918168844485586,0.13869699619734338,0.09499193588654184,0.9162185152963517,0.06392772775105891,True
20260716,M1,case_td003_pa050_pp0_3_gamma_010__steady,random,50,3.747555289926713,0.1175066885938816,0.09748363478394981,1.6918168844485586,0.13869699619734338,0.09499193588654184,0.8157803539485307,0.06392772775105891,True
20260716,M1,case_td003_pa050_pp0_3_gamma_010__steady,random,51,2.666252020909354,0.05156329070853651,0.05807186562938249,1.6918168844485586,0.13869699619734338,0.09499193588654184,0.10349637004485455,0.06392772775105891,True
20260716,M1,case_td003_pa050_pp0_3_gamma_010__steady,random,52,2.982154453347988,0.17847313042751956,0.04409300519139775,1.6918168844485586,0.13869699619734338,0.09499193588654184,0.8012793310232423,0.06392772775105891,True
20260716,M1,case_td003_pa050_pp0_3_gamma_010__steady,random,53,4.7534011591510765,0.1504512910185923,0.06523511893361685,1.6918168844485586,0.13869699619734338,0.09499193588654184,1.3995611954920952,0.06392772775105891,True
20260716,M1,case_td003_pa050_pp0_3_gamma_010__steady,random,54,3.9101595583278663,0.1571516757939359,0.0988683792955526,1.6918168844485586,0.13869699619734338,0.09499193588654184,1.1369084344159905,0.06392772775105891,True
20260716,M1,case_td003_pa050_pp0_3_gamma_010__steady,random,55,2.0111699895973763,0.19363902178461906,0.0824807959543308,1.6918168844485586,0.13869699619734338,0.09499193588654184,0.32649358142797114,0.06392772775105891,True
20260716,M1,case_td003_pa050_pp0_3_gamma_010__steady,random,56,4.277060879089549,0.0897992955549164,0.09408205816547219,1.6918168844485586,0.13869699619734338,0.09499193588654184,0.7501605826519951,0.06392772775105891,True
20260716,M1,case_td003_pa050_pp0_3_gamma_010__steady,random,57,4.645067943414395,0.06379871078761026,0.043266108752035834,1.6918168844485586,0.13869699619734338,0.09499193588654184,0.572487483860281,0.06392772775105891,True
20260716,M1,case_td003_pa050_pp0_3_gamma_010__steady,random,58,1.1614381541130365,0.12834787417217486,0.04564627461980965,1.6918168844485586,0.13869699619734338,0.09499193588654184,0.3122181074602042,0.06392772775105891,True
20260716,M1,case_td003_pa050_pp0_3_gamma_010__steady,random,59,2.920905979087851,0.09545098258443699,0.0458198170495444,1.6918168844485586,0.13869699619734338,0.09499193588654184,0.3364847630002683,0.06392772775105891,True
20260716,M1,case_td003_pa050_pp0_3_gamma_010__steady,random,60,1.3989347839760655,0.1839781222058205,0.09698237929743164,1.6918168844485586,0.13869699619734338,0.09499193588654184,0.08532824006314534,0.06392772775105891,True
20260716,M1,case_td003_pa050_pp0_3_gamma_010__steady,random,61,1.3429191419540256,0.14101344510523722,0.06377954240122644,1.6918168844485586,0.13869699619734338,0.09499193588654184,0.19763503533791402,0.06392772775105891,True
20260716,M1,case_td003_pa050_pp0_3_gamma_010__steady,random,62,4.448481708065794,0.06310927145995418,0.07700208750889243,1.6918168844485586,0.13869699619734338,0.09499193588654184,0.5218289229197465,0.06392772775105891,True
20260716,M1,case_td003_pa050_pp0_3_gamma_010__steady,random,63,1.5525582277812426,0.08492225219597785,0.0960607331102303,1.6918168844485586,0.13869699619734338,0.09499193588654184,0.2819287720965958,0.06392772775105891,True
20260716,M1,case_td003_pa050_pp0_3_gamma_010__steady,random,64,2.3021138313885,0.1060561804983429,0.0913800085063948,1.6918168844485586,0.13869699619734338,0.09499193588654184,0.15404932109455546,0.06392772775105891,True
20260716,M1,case_td003_pa050_pp0_3_gamma_010__steady,random,65,2.936988366021673,0.09049981394823275,0.06981212126163899,1.6918168844485586,0.13869699619734338,0.09499193588654184,0.3108374266263834,0.06392772775105891,True
20260716,M1,case_td003_pa050_pp0_3_gamma_010__steady,random,66,4.793339235654669,0.1622178680995096,0.0781857959805716,1.6918168844485586,0.13869699619734338,0.09499193588654184,1.4930856963649868,0.06392772775105891,True
20260716,M1,case_td003_pa050_pp0_3_gamma_010__steady,random,67,3.69917238122904,0.06218677263589315,0.07068222837192562,1.6918168844485586,0.13869699619734338,0.09499193588654184,0.3181305688021687,0.06392772775105891,True
20260716,M1,case_td003_pa050_pp0_3_gamma_010__steady,random,68,3.617128228513457,0.10491317112858436,0.05129510038658101,1.6918168844485586,0.13869699619734338,0.09499193588654184,0.6686823206552628,0.06392772775105891,True
20260716,M1,case_td003_pa050_pp0_3_gamma_010__steady,random,69,1.1349743762600437,0.1800452110194497,0.08792417254164939,1.6918168844485586,0.13869699619734338,0.09499193588654184,0.21420486450465234,0.06392772775105891,True
20260716,M1,case_td003_pa050_pp0_3_gamma_010__steady,random,70,4.707451362182839,0.05384971728543815,0.07575424457868085,1.6918168844485586,0.13869699619734338,0.09499193588654184,0.4794967837870975,0.06392772775105891,True
20260716,M1,case_td003_pa050_pp0_3_gamma_010__steady,random,71,3.437961971334798,0.1039227931084091,0.07604264611217448,1.6918168844485586,0.13869699619734338,0.09499193588654184,0.5990225665611305,0.06392772775105891,True
20260716,M1,case_td003_pa050_pp0_3_gamma_010__steady,random,72,3.373161509278636,0.15091209925332444,0.09189551161641799,1.6918168844485586,0.13869699619734338,0.09499193588654184,0.8739170557008985,0.06392772775105891,True
20260716,M1,case_td003_pa050_pp0_3_gamma_010__steady,random,73,3.8664622606740457,0.076911871253281,0.04316357988860595,1.6918168844485586,0.13869699619734338,0.09499193588654184,0.5042276992608782,0.06392772775105891,True
20260716,M1,case_td003_pa050_pp0_3_gamma_010__steady,random,74,3.3033104217104845,0.15414998908709332,0.0981015856016587,1.6918168844485586,0.13869699619734338,0.09499193588654184,0.8594235255125021,0.06392772775105891,True
20260716,M1,case_td003_pa050_pp0_3_gamma_010__steady,random,75,4.656288491854072,0.05567496376141633,0.05203602342088779,1.6918168844485586,0.13869699619734338,0.09499193588654184,0.4867524321202265,0.06392772775105891,True
20260716,M1,case_td003_pa050_pp0_3_gamma_010__steady,random,76,4.294864307657592,0.0763643866950411,0.08413586760345487,1.6918168844485586,0.13869699619734338,0.09499193588654184,0.6220871504248526,0.06392772775105891,True
20260716,M1,case_td003_pa050_pp0_3_gamma_010__steady,random,77,4.94223236421735,0.15800302974948938,0.08353807490084988,1.6918168844485586,0.13869699619734338,0.09499193588654184,1.5139183567696048,0.06392772775105891,True
20260716,M1,case_td003_pa050_pp0_3_gamma_010__steady,random,78,2.188033832489549,0.061174398837222546,0.07090705936324801,1.6918168844485586,0.13869699619734338,0.09499193588654184,0.18073624485721454,0.06392772775105891,True
20260716,M1,case_td003_pa050_pp0_3_gamma_010__steady,random,79,2.7059100885178156,0.1633225349486891,0.09298580403077086,1.6918168844485586,0.13869699619734338,0.09499193588654184,0.6094074852221737,0.06392772775105891,True
20260716,M1,case_td003_pa050_pp0_3_gamma_010__steady,random,80,2.20674541788873,0.10605408121884069,0.04303357312838928,1.6918168844485586,0.13869699619734338,0.09499193588654184,0.10939862358028511,0.06392772775105891,True
20260716,M1,case_td003_pa050_pp0_3_gamma_010__steady,random,81,3.581922835042351,0.14397460657088335,0.08159926995358097,1.6918168844485586,0.13869699619734338,0.09499193588654184,0.9249609684527174,0.06392772775105891,True
20260716,M1,case_td003_pa050_pp0_3_gamma_010__steady,random,82,3.117436061999484,0.17382059983891163,0.09118909394307513,1.6918168844485586,0.13869699619734338,0.09499193588654184,0.8595190311735827,0.06392772775105891,True
20260716,M1,case_td003_pa050_pp0_3_gamma_010__steady,random,83,1.9503891482712352,0.13712211525060242,0.07020341418708095,1.6918168844485586,0.13869699619734338,0.09499193588654184,0.1250564591211369,0.06392772775105891,True
20260716,M1,case_td003_pa050_pp0_3_gamma_010__steady,random,84,4.777218617346541,0.16409516908079808,0.044012176494365424,1.6918168844485586,0.13869699619734338,0.09499193588654184,1.494412009913008,0.06392772775105891,True
20260716,M1,case_td003_pa050_pp0_3_gamma_010__steady,random,85,3.2359388885131994,0.13553185477802818,0.08796092460347832,1.6918168844485586,0.13869699619734338,0.09499193588654184,0.7288723180713758,0.06392772775105891,True
20260716,M1,case_td003_pa050_pp0_3_gamma_010__steady,random,86,1.54223565996565,0.05389061446129427,0.04694846406312452,1.6918168844485586,0.13869699619734338,0.09499193588654184,0.4262611107718603,0.06392772775105891,True
20260716,M1,case_td003_pa050_pp0_3_gamma_010__steady,random,87,4.913918637337877,0.089339605305089,0.09624475281718492,1.6918168844485586,0.13869699619734338,0.09499193588654184,0.9122943822365739,0.06392772775105891,True
20260716,M1,case_td003_pa050_pp0_3_gamma_010__steady,random,88,3.137900177351874,0.19040518062827405,0.061289146101961095,1.6918168844485586,0.13869699619734338,0.09499193588654184,0.9293071693741917,0.06392772775105891,True
20260716,M1,case_td003_pa050_pp0_3_gamma_010__steady,random,89,1.4220934774135445,0.09168953475743524,0.04846703384900096,1.6918168844485586,0.13869699619734338,0.09499193588654184,0.31095653805610113,0.06392772775105891,True
20260716,M1,case_td003_pa050_pp0_3_gamma_010__steady,random,90,3.424577226939473,0.14144363036211102,0.051271300806730674,1.6918168844485586,0.13869699619734338,0.09499193588654184,0.8391518965099226,0.06392772775105891,True
20260716,M1,case_td003_pa050_pp0_3_gamma_010__steady,random,91,4.733637372339733,0.08712903937085473,0.05099329436198664,1.6918168844485586,0.13869699619734338,0.09499193588654184,0.843505297347197,0.06392772775105891,True
20260716,M1,case_td003_pa050_pp0_3_gamma_010__steady,random,92,2.9658011266197337,0.13316472307508986,0.09281445022248216,1.6918168844485586,0.13869699619734338,0.09499193588654184,0.5958403567257985,0.06392772775105891,True
20260716,M1,case_td003_pa050_pp0_3_gamma_010__steady,random,93,4.8453761863188785,0.19138190583370218,0.07686859136723206,1.6918168844485586,0.13869699619734338,0.09499193588654184,1.6810282336030842,0.06392772775105891,True
20260716,M1,case_td003_pa050_pp0_3_gamma_010__steady,random,94,2.8458577507562017,0.1589252834074813,0.09421361459064105,1.6918168844485586,0.13869699619734338,0.09499193588654184,0.6624923510353271,0.06392772775105891,True
20260716,M1,case_td003_pa050_pp0_3_gamma_010__steady,random,95,2.6242513866953265,0.1768074752228017,0.08270334051224018,1.6918168844485586,0.13869699619734338,0.09499193588654184,0.615344302709498,0.06392772775105891,True
20260716,M1,case_td003_pa050_pp0_3_gamma_010__steady,random,96,1.2327475290525856,0.12870723296185327,0.060723028818735356,1.6918168844485586,0.13869699619734338,0.09499193588654184,0.27806174408481904,0.06392772775105891,True
20260716,M1,case_td003_pa050_pp0_3_gamma_010__steady,random,97,4.906978878591357,0.13023055930779465,0.08852447028424743,1.6918168844485586,0.13869699619734338,0.09499193588654184,1.2937623938257847,0.06392772775105891,True
20260716,M1,case_td003_pa050_pp0_3_gamma_010__steady,random,98,3.284431847159527,0.12459412716136624,0.07161072949105392,1.6918168844485586,0.13869699619734338,0.09499193588654184,0.6821373504742317,0.06392772775105891,True
20260716,M1,case_td003_pa050_pp0_3_gamma_010__steady,random,99,4.692004263252799,0.10769710253048352,0.06582949205980948,1.6918168844485586,0.13869699619734338,0.09499193588654184,1.0349331857899644,0.06392772775105891,True
20260716,M1,case_td003_pa050_pp0_3_gamma_010__steady,random,100,3.971780411401009,0.1609570146086755,0.06747060675589084,1.6918168844485586,0.13869699619734338,0.09499193588654184,1.1804422628984925,0.06392772775105891,True
20260716,M2,case_td016_pp0_1_gamma_007__steady,cmaes,1,3.0,0.125,0.07,3.0,0.125,0.07,1.7278961645927335,1.7278961645927335,True
20260716,M2,case_td016_pp0_1_gamma_007__steady,cmaes,2,3.001589167035564,0.07900605221026766,0.04365617553182881,3.001589167035564,0.07900605221026766,0.04365617553182881,1.1654000364718793,1.1654000364718793,True
20260716,M2,case_td016_pp0_1_gamma_007__steady,cmaes,3,3.7645770946402815,0.14760264466958872,0.07758790159003885,3.001589167035564,0.07900605221026766,0.04365617553182881,2.5332083356353623,1.1654000364718793,True
20260716,M2,case_td016_pp0_1_gamma_007__steady,cmaes,4,4.275605253530117,0.07245118262324551,0.06944667241593723,3.001589167035564,0.07900605221026766,0.04365617553182881,1.7462931419980465,1.1654000364718793,True
20260716,M2,case_td016_pp0_1_gamma_007__steady,cmaes,5,2.7003806206038745,0.14067183855407964,0.06083813924493101,3.001589167035564,0.07900605221026766,0.04365617553182881,1.6278605871373955,1.1654000364718793,True
20260716,M2,case_td016_pp0_1_gamma_007__steady,cmaes,6,1.9448888578548913,0.11939639243521957,0.0848785531905092,1.9448888578548913,0.11939639243521957,0.0848785531905092,0.8238814841230189,0.8238814841230189,True
20260716,M2,case_td016_pp0_1_gamma_007__steady,cmaes,7,2.452004958103689,0.16590698117205405,0.06766767782563078,1.9448888578548913,0.11939639243521957,0.0848785531905092,1.5910734936226678,0.8238814841230189,True
20260716,M2,case_td016_pp0_1_gamma_007__steady,cmaes,8,3.7653403231140103,0.07358402514768021,0.07609258274570099,1.9448888578548913,0.11939639243521957,0.0848785531905092,1.5204594391031883,0.8238814841230189,True
20260716,M2,case_td016_pp0_1_gamma_007__steady,cmaes,9,1.7015931640119573,0.12534797068113168,0.04364459747716634,1.7015931640119573,0.12534797068113168,0.04364459747716634,0.6518403192125257,0.6518403192125257,True
20260716,M2,case_td016_pp0_1_gamma_007__steady,cmaes,10,1.9334582310721462,0.0954818911492423,0.05154455921483723,1.9334582310721462,0.0954818911492423,0.05154455921483723,0.6193173731840982,0.6193173731840982,True
20260716,M2,case_td016_pp0_1_gamma_007__steady,cmaes,11,2.2815718481981615,0.11757274004337939,0.0485723733767642,1.9334582310721462,0.0954818911492423,0.05154455921483723,1.0789594154154285,0.6193173731840982,True
20260716,M2,case_td016_pp0_1_gamma_007__steady,cmaes,12,3.8105098437615035,0.0675910898122147,0.04411542143267012,1.9334582310721462,0.0954818911492423,0.05154455921483723,1.435434960157254,0.6193173731840982,True
20260716,M2,case_td016_pp0_1_gamma_007__steady,cmaes,13,1.2222172550109889,0.13364050852625364,0.050878777911294276,1.2222172550109889,0.13364050852625364,0.050878777911294276,0.30265111321774896,0.30265111321774896,True
20260716,M2,case_td016_pp0_1_gamma_007__steady,cmaes,14,1.9820527143130109,0.15502889053167043,0.047224761987253804,1.2222172550109889,0.13364050852625364,0.050878777911294276,1.0798848141830735,0.30265111321774896,True
20260716,M2,case_td016_pp0_1_gamma_007__steady,cmaes,15,2.851827262534947,0.07066868356260042,0.048844549816613334,1.2222172550109889,0.13364050852625364,0.050878777911294276,0.9620391757393556,0.30265111321774896,True
20260716,M2,case_td016_pp0_1_gamma_007__steady,cmaes,16,4.100779571702722,0.09500761186445808,0.05034550207228583,1.2222172550109889,0.13364050852625364,0.050878777911294276,2.042614559915582,0.30265111321774896,True
20260716,M2,case_td016_pp0_1_gamma_007__steady,cmaes,17,1.6228572290753873,0.0754440435623815,0.048661569984939396,1.6228572290753873,0.0754440435623815,0.048661569984939396,0.24088012917186266,0.24088012917186266,True
20260716,M2,case_td016_pp0_1_gamma_007__steady,cmaes,18,1.2928866235098733,0.06497943201628603,0.04868387739527653,1.2928866235098733,0.06497943201628603,0.04868387739527653,0.05700481073230704,0.05700481073230704,True
20260716,M2,case_td016_pp0_1_gamma_007__steady,cmaes,19,1.406963476011417,0.06421120395185521,0.04596089397592441,1.406963476011417,0.06421120395185521,0.04596089397592441,0.047920088672581296,0.047920088672581296,True
20260716,M2,case_td016_pp0_1_gamma_007__steady,cmaes,20,1.9836218630875102,0.10466434000538298,0.05952729427947322,1.406963476011417,0.06421120395185521,0.04596089397592441,0.7358788952034038,0.047920088672581296,True
20260716,M2,case_td016_pp0_1_gamma_007__steady,cmaes,21,2.190512479900767,0.10370982607633329,0.057706189751977235,1.406963476011417,0.06421120395185521,0.04596089397592441,0.8870835830213284,0.047920088672581296,True
20260716,M2,case_td016_pp0_1_gamma_007__steady,cmaes,22,1.9635633280570464,0.0847437287789405,0.08695109837077655,1.406963476011417,0.06421120395185521,0.04596089397592441,0.552987181385686,0.047920088672581296,True
20260716,M2,case_td016_pp0_1_gamma_007__steady,cmaes,23,2.3290967587416267,0.07282117251905285,0.0423290164077734,1.406963476011417,0.06421120395185521,0.04596089397592441,0.6647614170928084,0.047920088672581296,True
20260716,M2,case_td016_pp0_1_gamma_007__steady,cmaes,24,4.496062055999989,0.16553072623793008,0.0923818885309988,1.406963476011417,0.06421120395185521,0.04596089397592441,3.2147831454376745,0.047920088672581296,True
20260716,M2,case_td016_pp0_1_gamma_007__steady,cmaes,25,1.3487303557819499,0.14862140949934544,0.047024207488992165,1.406963476011417,0.06421120395185521,0.04596089397592441,0.473158652282432,0.047920088672581296,True
20260716,M2,case_td016_pp0_1_gamma_007__steady,cmaes,26,2.1766759587979037,0.09391996822951248,0.05916659814934368,1.406963476011417,0.06421120395185521,0.04596089397592441,0.7856799657686343,0.047920088672581296,True
20260716,M2,case_td016_pp0_1_gamma_007__steady,cmaes,27,2.8752038354388625,0.08231523768515073,0.056842596342021434,1.406963476011417,0.06421120395185521,0.04596089397592441,1.1343432864212517,0.047920088672581296,True
20260716,M2,case_td016_pp0_1_gamma_007__steady,cmaes,28,1.7610775122111153,0.13288926178357047,0.05670083825325943,1.406963476011417,0.06421120395185521,0.04596089397592441,0.7519910552263698,0.047920088672581296,True
20260716,M2,case_td016_pp0_1_gamma_007__steady,cmaes,29,2.7252677978903,0.15845834483841847,0.06481220433079182,1.406963476011417,0.06421120395185521,0.04596089397592441,1.7887422463209461,0.047920088672581296,True
20260716,M2,case_td016_pp0_1_gamma_007__steady,cmaes,30,1.6130088858451574,0.13272476774862363,0.06972975749919832,1.406963476011417,0.06421120395185521,0.04596089397592441,0.6262347590257127,0.047920088672581296,True
20260716,M2,case_td016_pp0_1_gamma_007__steady,cmaes,31,2.5962197747656703,0.18296904946447357,0.06079491222591103,1.406963476011417,0.06421120395185521,0.04596089397592441,1.8302701202959522,0.047920088672581296,True
20260716,M2,case_td016_pp0_1_gamma_007__steady,cmaes,32,3.115665518097533,0.06149708925450646,0.07547862908795977,1.406963476011417,0.06421120395185521,0.04596089397592441,0.9857530932509169,0.047920088672581296,True
20260716,M2,case_td016_pp0_1_gamma_007__steady,cmaes,33,1.935890734073444,0.05124467764552452,0.06752447234014622,1.406963476011417,0.06421120395185521,0.04596089397592441,0.21111115798865074,0.047920088672581296,True
20260716,M2,case_td016_pp0_1_gamma_007__steady,cmaes,34,2.8100011882306464,0.14777515278791176,0.06266329572409413,1.406963476011417,0.06421120395185521,0.04596089397592441,1.7800351075509109,0.047920088672581296,True
20260716,M2,case_td016_pp0_1_gamma_007__steady,cmaes,35,2.000811539199281,0.15908354363313748,0.06405814998545963,1.406963476011417,0.06421120395185521,0.04596089397592441,1.1250994770150302,0.047920088672581296,True
20260716,M2,case_td016_pp0_1_gamma_007__steady,cmaes,36,1.9433382412087299,0.14734503353048223,0.07383504695036419,1.406963476011417,0.06421120395185521,0.04596089397592441,1.005314259979614,0.047920088672581296,True
20260716,M2,case_td016_pp0_1_gamma_007__steady,cmaes,37,2.780106152765004,0.1282569976425923,0.06948525782506254,1.406963476011417,0.06421120395185521,0.04596089397592441,1.586454337222457,0.047920088672581296,True
20260716,M2,case_td016_pp0_1_gamma_007__steady,cmaes,38,1.054604202273849,0.09462292960726093,0.06959444204289553,1.054604202273849,0.09462292960726093,0.06959444204289553,0.043873196626813514,0.043873196626813514,True
20260716,M2,case_td016_pp0_1_gamma_007__steady,cmaes,39,1.3057322354446326,0.05019435772146705,0.08121381350162511,1.054604202273849,0.09462292960726093,0.06959444204289553,0.13498553844790245,0.043873196626813514,True
20260716,M2,case_td016_pp0_1_gamma_007__steady,cmaes,40,2.3154120917435836,0.056382136961757846,0.0703934037870079,1.054604202273849,0.09462292960726093,0.06959444204289553,0.4738730971470774,0.043873196626813514,True
20260716,M2,case_td016_pp0_1_gamma_007__steady,cmaes,41,1.2985490471400065,0.059819530889621976,0.06104266577509038,1.054604202273849,0.09462292960726093,0.06959444204289553,0.0800755467106721,0.043873196626813514,True
20260716,M2,case_td016_pp0_1_gamma_007__steady,cmaes,42,2.3718122797965977,0.0651692504437549,0.0762985627616738,1.054604202273849,0.09462292960726093,0.06959444204289553,0.6104924375860056,0.043873196626813514,True
20260716,M2,case_td016_pp0_1_gamma_007__steady,cmaes,43,1.17036602435154,0.1124925468491066,0.05063976583069103,1.054604202273849,0.09462292960726093,0.06959444204289553,0.16705910118288056,0.043873196626813514,True
20260716,M2,case_td016_pp0_1_gamma_007__steady,cmaes,44,2.5546284519172686,0.1074422688467098,0.0882213808561981,1.054604202273849,0.09462292960726093,0.06959444204289553,1.2081981887979816,0.043873196626813514,True
20260716,M2,case_td016_pp0_1_gamma_007__steady,cmaes,45,3.4347747104129893,0.09972056980646565,0.075598343526145,1.054604202273849,0.09462292960726093,0.06959444204289553,1.7306638238275651,0.043873196626813514,True
20260716,M2,case_td016_pp0_1_gamma_007__steady,cmaes,46,2.2663073682090236,0.0624475215602333,0.06240380780170938,1.054604202273849,0.09462292960726093,0.06959444204289553,0.5138827996867102,0.043873196626813514,True
20260716,M2,case_td016_pp0_1_gamma_007__steady,cmaes,47,1.7330783332452258,0.08853598496130131,0.052376495924862855,1.054604202273849,0.09462292960726093,0.06959444204289553,0.41850270627479835,0.043873196626813514,True
20260716,M2,case_td016_pp0_1_gamma_007__steady,cmaes,48,1.0085871989919546,0.12412348943485156,0.0651734429552909,1.054604202273849,0.09462292960726093,0.06959444204289553,0.10734901825511925,0.043873196626813514,True
20260716,M2,case_td016_pp0_1_gamma_007__steady,cmaes,49,1.4949717600042813,0.05155340199501345,0.05233663699187312,1.054604202273849,0.09462292960726093,0.06959444204289553,0.05236565193281489,0.043873196626813514,True
20260716,M2,case_td016_pp0_1_gamma_007__steady,cmaes,50,1.532692428371174,0.08790356762465643,0.07107714476223208,1.054604202273849,0.09462292960726093,0.06959444204289553,0.2794061108024201,0.043873196626813514,True
20260716,M2,case_td016_pp0_1_gamma_007__steady,cmaes,51,1.8571968102794925,0.1073699457246719,0.04860219536145766,1.054604202273849,0.09462292960726093,0.06959444204289553,0.6560605954466319,0.043873196626813514,True
20260716,M2,case_td016_pp0_1_gamma_007__steady,cmaes,52,1.3920820917856969,0.05379363237729205,0.059525339621037,1.054604202273849,0.09462292960726093,0.06959444204289553,0.07579610837709005,0.043873196626813514,True
20260716,M2,case_td016_pp0_1_gamma_007__steady,cmaes,53,1.6312500564622185,0.09254252099131713,0.07605466559679869,1.054604202273849,0.09462292960726093,0.06959444204289553,0.3820843380822286,0.043873196626813514,True
20260716,M2,case_td016_pp0_1_gamma_007__steady,cmaes,54,1.8414757798297674,0.09844906708859993,0.05716832089757613,1.054604202273849,0.09462292960726093,0.06959444204289553,0.5768166972549575,0.043873196626813514,True
20260716,M2,case_td016_pp0_1_gamma_007__steady,cmaes,55,1.7633202401576087,0.05054329670880093,0.07204713925516025,1.054604202273849,0.09462292960726093,0.06959444204289553,0.1171838236449782,0.043873196626813514,True
20260716,M2,case_td016_pp0_1_gamma_007__steady,cmaes,56,1.306271433146989,0.10325329515731287,0.059777955142497355,1.054604202273849,0.09462292960726093,0.06959444204289553,0.21710611369897784,0.043873196626813514,True
20260716,M2,case_td016_pp0_1_gamma_007__steady,cmaes,57,1.608390663545248,0.10724974749189788,0.04696147007982123,1.054604202273849,0.09462292960726093,0.06959444204289553,0.4619811293826405,0.043873196626813514,True
20260716,M2,case_td016_pp0_1_gamma_007__steady,cmaes,58,1.5708911756339876,0.09544268302577621,0.05663726644596026,1.054604202273849,0.09462292960726093,0.06959444204289553,0.3561730994682136,0.043873196626813514,True
20260716,M2,case_td016_pp0_1_gamma_007__steady,cmaes,59,1.5296671800597346,0.09249787657380026,0.05913489879858108,1.054604202273849,0.09462292960726093,0.06959444204289553,0.3071890880051189,0.043873196626813514,True
20260716,M2,case_td016_pp0_1_gamma_007__steady,cmaes,60,1.2948583343394955,0.06301386139965717,0.07360095381982515,1.054604202273849,0.09462292960726093,0.06959444204289553,0.06236784562932642,0.043873196626813514,True
20260716,M2,case_td016_pp0_1_gamma_007__steady,cmaes,61,2.01020244069206,0.06917700421281706,0.0797316992905894,1.054604202273849,0.09462292960726093,0.06959444204289553,0.4336699644709712,0.043873196626813514,True
20260716,M2,case_td016_pp0_1_gamma_007__steady,cmaes,62,1.105659662795315,0.052946281298618114,0.05533423002944876,1.054604202273849,0.09462292960726093,0.06959444204289553,0.21492394083152078,0.043873196626813514,True
20260716,M2,case_td016_pp0_1_gamma_007__steady,cmaes,63,2.687018584196748,0.06143699734295173,0.057505392920699595,1.054604202273849,0.09462292960726093,0.06959444204289553,0.7441699389293911,0.043873196626813514,True
20260716,M2,case_td016_pp0_1_gamma_007__steady,cmaes,64,1.4576450134503438,0.11302356391983762,0.06798601324549351,1.054604202273849,0.09462292960726093,0.06959444204289553,0.38635635277906016,0.043873196626813514,True
20260716,M2,case_td016_pp0_1_gamma_007__steady,cmaes,65,2.279999491188479,0.07019176517495404,0.059324616203928274,1.054604202273849,0.09462292960726093,0.06959444204289553,0.6086550714606254,0.043873196626813514,True
20260716,M2,case_td016_pp0_1_gamma_007__steady,cmaes,66,1.8530994712682125,0.05732966442732252,0.07239217047978053,1.054604202273849,0.09462292960726093,0.06959444204289553,0.22532701936821276,0.043873196626813514,True
20260716,M2,case_td016_pp0_1_gamma_007__steady,cmaes,67,1.6607784949489977,0.05842830795377184,0.051838936923018386,1.054604202273849,0.09462292960726093,0.06959444204289553,0.12675622579855758,0.043873196626813514,True
20260716,M2,case_td016_pp0_1_gamma_007__steady,cmaes,68,1.3768159886321047,0.1091353936554736,0.0749035535923067,1.054604202273849,0.09462292960726093,0.06959444204289553,0.303951071824331,0.043873196626813514,True
20260716,M2,case_td016_pp0_1_gamma_007__steady,cmaes,69,1.7617001738627645,0.09545432727160444,0.0848324059089684,1.054604202273849,0.09462292960726093,0.06959444204289553,0.499513689601492,0.043873196626813514,True
20260716,M2,case_td016_pp0_1_gamma_007__steady,cmaes,70,1.4277971549079242,0.060365192684290477,0.06971725708226345,1.4277971549079242,0.060365192684290477,0.06971725708226345,0.04384446466352651,0.04384446466352651,True
20260716,M2,case_td016_pp0_1_gamma_007__steady,cmaes,71,1.4460530340507596,0.10190409606070114,0.07805021664075243,1.4277971549079242,0.060365192684290477,0.06971725708226345,0.31256608775201555,0.04384446466352651,True
20260716,M2,case_td016_pp0_1_gamma_007__steady,cmaes,72,1.1478023492253284,0.06788180270237466,0.07505363600297471,1.4277971549079242,0.060365192684290477,0.06971725708226345,0.10382834862785664,0.04384446466352651,True
20260716,M2,case_td016_pp0_1_gamma_007__steady,cmaes,73,1.2688621696046183,0.06622466147962301,0.06113325426843587,1.4277971549079242,0.060365192684290477,0.06971725708226345,0.05872410438863685,0.04384446466352651,True
20260716,M2,case_td016_pp0_1_gamma_007__steady,cmaes,74,1.1184010014631862,0.07539554917252413,0.050874246692478,1.4277971549079242,0.060365192684290477,0.06971725708226345,0.08262256139733919,0.04384446466352651,True
20260716,M2,case_td016_pp0_1_gamma_007__steady,cmaes,75,1.7939259970039405,0.06180230911369612,0.0684276517514111,1.4277971549079242,0.060365192684290477,0.06971725708226345,0.23229983489602085,0.04384446466352651,True
20260716,M2,case_td016_pp0_1_gamma_007__steady,cmaes,76,1.07683803862729,0.08014060536875171,0.06412986789494786,1.4277971549079242,0.060365192684290477,0.06971725708226345,0.0788297870335427,0.04384446466352651,True
20260716,M2,case_td016_pp0_1_gamma_007__steady,cmaes,77,1.2134361235185576,0.0838658018145285,0.05748676381095831,1.4277971549079242,0.060365192684290477,0.06971725708226345,0.05659215998909214,0.04384446466352651,True
20260716,M2,case_td016_pp0_1_gamma_007__steady,cmaes,78,1.1886689519015574,0.09953444560534164,0.06583673912393229,1.4277971549079242,0.060365192684290477,0.06971725708226345,0.1188683494254992,0.04384446466352651,True
20260716,M2,case_td016_pp0_1_gamma_007__steady,cmaes,79,1.386441144048307,0.07386413362939098,0.05629639267192729,1.4277971549079242,0.060365192684290477,0.06971725708226345,0.09016121676217656,0.04384446466352651,True
20260716,M2,case_td016_pp0_1_gamma_007__steady,cmaes,80,1.8272116591007408,0.08437388490057215,0.0720277578467822,1.4277971549079242,0.060365192684290477,0.06971725708226345,0.453354062098674,0.04384446466352651,True
20260716,M2,case_td016_pp0_1_gamma_007__steady,cmaes,81,1.36496020320266,0.06111425538206867,0.05650174174316423,1.4277971549079242,0.060365192684290477,0.06971725708226345,0.049070345975979444,0.04384446466352651,True
20260716,M2,case_td016_pp0_1_gamma_007__steady,cmaes,82,1.33927259691302,0.07289729974777769,0.04204037101218177,1.4277971549079242,0.060365192684290477,0.06971725708226345,0.059778736978921714,0.04384446466352651,True
20260716,M2,case_td016_pp0_1_gamma_007__steady,cmaes,83,1.189344449730187,0.09399444134147514,0.06096776363858283,1.4277971549079242,0.060365192684290477,0.06971725708226345,0.09105151771043925,0.04384446466352651,True
20260716,M2,case_td016_pp0_1_gamma_007__steady,cmaes,84,1.1147226961706098,0.07114574682832507,0.05611751465009378,1.4277971549079242,0.060365192684290477,0.06971725708226345,0.10561702784561594,0.04384446466352651,True
20260716,M2,case_td016_pp0_1_gamma_007__steady,cmaes,85,1.6299112547775023,0.07743518665326397,0.052684883703492766,1.4277971549079242,0.060365192684290477,0.06971725708226345,0.26179829880863315,0.04384446466352651,True
20260716,M2,case_td016_pp0_1_gamma_007__steady,cmaes,86,1.5405293236412712,0.057566962584757804,0.0692857531613594,1.4277971549079242,0.060365192684290477,0.06971725708226345,0.06501839821894849,0.04384446466352651,True
20260716,M2,case_td016_pp0_1_gamma_007__steady,cmaes,87,1.277136113495803,0.08971238224770614,0.07083114563826334,1.4277971549079242,0.060365192684290477,0.06971725708226345,0.1231131731094236,0.04384446466352651,True
20260716,M2,case_td016_pp0_1_gamma_007__steady,cmaes,88,1.3218908826348486,0.08059199891145817,0.04622102195035271,1.4277971549079242,0.060365192684290477,0.06971725708226345,0.09327043177042543,0.04384446466352651,True
20260716,M2,case_td016_pp0_1_gamma_007__steady,cmaes,89,1.444337814749987,0.06518706184608442,0.05925450122447616,1.4277971549079242,0.060365192684290477,0.06971725708226345,0.0671394260765611,0.04384446466352651,True
20260716,M2,case_td016_pp0_1_gamma_007__steady,cmaes,90,1.1491181845999339,0.11452380870346349,0.0486631339277028,1.4277971549079242,0.060365192684290477,0.06971725708226345,0.16121893212506222,0.04384446466352651,True
20260716,M2,case_td016_pp0_1_gamma_007__steady,cmaes,91,1.151569555519911,0.054869669543598384,0.04891316494404194,1.4277971549079242,0.060365192684290477,0.06971725708226345,0.18266195293683526,0.04384446466352651,True
20260716,M2,case_td016_pp0_1_gamma_007__steady,cmaes,92,1.1494136752232573,0.0977317969928799,0.05017597364981225,1.4277971549079242,0.060365192684290477,0.06971725708226345,0.08386442629723818,0.04384446466352651,True
20260716,M2,case_td016_pp0_1_gamma_007__steady,cmaes,93,1.5921992938785818,0.051086028574686373,0.0730350593406618,1.4277971549079242,0.060365192684290477,0.06971725708226345,0.05024421495498752,0.04384446466352651,True
20260716,M2,case_td016_pp0_1_gamma_007__steady,cmaes,94,1.645316100091056,0.0686569619676535,0.05586308942323176,1.4277971549079242,0.060365192684290477,0.06971725708226345,0.20183292216555632,0.04384446466352651,True
20260716,M2,case_td016_pp0_1_gamma_007__steady,cmaes,95,1.311180818454056,0.06335132942742949,0.06560463545968831,1.4277971549079242,0.060365192684290477,0.06971725708226345,0.05560719443307511,0.04384446466352651,True
20260716,M2,case_td016_pp0_1_gamma_007__steady,cmaes,96,1.4691459502665993,0.07100070093074591,0.07173615106723613,1.4277971549079242,0.060365192684290477,0.06971725708226345,0.11951575517329678,0.04384446466352651,True
20260716,M2,case_td016_pp0_1_gamma_007__steady,cmaes,97,1.662267563742418,0.06669649191950464,0.06548071576247089,1.4277971549079242,0.060365192684290477,0.06971725708226345,0.19758706815744853,0.04384446466352651,True
20260716,M2,case_td016_pp0_1_gamma_007__steady,cmaes,98,1.6772058566875476,0.052679963780392886,0.07296224693851758,1.4277971549079242,0.060365192684290477,0.06971725708226345,0.09306494954004667,0.04384446466352651,True
20260716,M2,case_td016_pp0_1_gamma_007__steady,cmaes,99,1.7234488728409858,0.06975574032174663,0.07645026787386305,1.4277971549079242,0.060365192684290477,0.06971725708226345,0.2616651131007874,0.04384446466352651,True
20260716,M2,case_td016_pp0_1_gamma_007__steady,cmaes,100,1.654479982687297,0.05561713724865394,0.059511594510027896,1.4277971549079242,0.060365192684290477,0.06971725708226345,0.10266678270741741,0.04384446466352651,True
20260716,M2,case_td016_pp0_1_gamma_007__steady,tpe,1,3.0,0.125,0.07,3.0,0.125,0.07,1.7278961645927335,1.7278961645927335,True
20260716,M2,case_td016_pp0_1_gamma_007__steady,tpe,2,2.36137187198868,0.18573081409075187,0.08906533741209491,2.36137187198868,0.18573081409075187,0.08906533741209491,1.6258133755184474,1.6258133755184474,True
20260716,M2,case_td016_pp0_1_gamma_007__steady,tpe,3,1.186560452202856,0.07036172376263519,0.046258668773498754,1.186560452202856,0.07036172376263519,0.046258668773498754,0.07583584626550832,0.07583584626550832,True
20260716,M2,case_td016_pp0_1_gamma_007__steady,tpe,4,4.641467579495799,0.13666962633823376,0.09792078515249358,1.186560452202856,0.07036172376263519,0.046258668773498754,2.9568196370425195,0.07583584626550832,True
20260716,M2,case_td016_pp0_1_gamma_007__steady,tpe,5,1.7182120533996685,0.12395178380907092,0.04187348210531911,1.186560452202856,0.07036172376263519,0.046258668773498754,0.6565437216006823,0.07583584626550832,True
20260716,M2,case_td016_pp0_1_gamma_007__steady,tpe,6,2.154821457574967,0.10554195854604953,0.05038442422834239,1.186560452202856,0.07036172376263519,0.046258668773498754,0.873966169610308,0.07583584626550832,True
20260716,M2,case_td016_pp0_1_gamma_007__steady,tpe,7,3.6776609591021105,0.07671312629818762,0.06518743383750222,1.186560452202856,0.07036172376263519,0.046258668773498754,1.5245689008870262,0.07583584626550832,True
20260716,M2,case_td016_pp0_1_gamma_007__steady,tpe,8,3.768104261786241,0.16787216641203062,0.05727384735138738,1.186560452202856,0.07036172376263519,0.046258668773498754,2.725285244983508,0.07583584626550832,True
20260716,M2,case_td016_pp0_1_gamma_007__steady,tpe,9,3.181876045399136,0.11214952270399806,0.06565477324057314,1.186560452202856,0.07036172376263519,0.046258668773498754,1.7189050282183453,0.07583584626550832,True
20260716,M2,case_td016_pp0_1_gamma_007__steady,tpe,10,4.721867396480333,0.1951618283978943,0.06447556934563638,1.186560452202856,0.07036172376263519,0.046258668773498754,3.6378476419991075,0.07583584626550832,True
20260716,M2,case_td016_pp0_1_gamma_007__steady,tpe,11,4.110431248996205,0.05317848854953672,0.058388796944464166,1.186560452202856,0.07036172376263519,0.046258668773498754,1.3207210030097627,0.07583584626550832,True
20260716,M2,case_td016_pp0_1_gamma_007__steady,tpe,12,2.9733852097077325,0.06652231313201572,0.06039925978222993,1.186560452202856,0.07036172376263519,0.046258668773498754,0.9778433636875153,0.07583584626550832,True
20260716,M2,case_td016_pp0_1_gamma_007__steady,tpe,13,2.102639144778673,0.05205055386649435,0.0854100733985593,1.186560452202856,0.07036172376263519,0.046258668773498754,0.3110551309123268,0.07583584626550832,True
20260716,M2,case_td016_pp0_1_gamma_007__steady,tpe,14,2.511081790037059,0.09715402557121153,0.08056151392494719,1.186560452202856,0.07036172376263519,0.046258668773498754,1.0670215738437971,0.07583584626550832,True
20260716,M2,case_td016_pp0_1_gamma_007__steady,tpe,15,1.7045112292725406,0.18549853811670158,0.06732199160750935,1.186560452202856,0.07036172376263519,0.046258668773498754,0.9740525069479772,0.07583584626550832,True
20260716,M2,case_td016_pp0_1_gamma_007__steady,tpe,16,1.0378587660411376,0.051611495458441806,0.0614376932530721,1.186560452202856,0.07036172376263519,0.046258668773498754,0.2529710695068083,0.07583584626550832,True
20260716,M2,case_td016_pp0_1_gamma_007__steady,tpe,17,1.425849064463624,0.06411797583073219,0.05055855830834095,1.425849064463624,0.06411797583073219,0.05055855830834095,0.05345931854256293,0.05345931854256293,True
20260716,M2,case_td016_pp0_1_gamma_007__steady,tpe,18,1.3009638287902483,0.05153602627439768,0.04552817400964973,1.425849064463624,0.06411797583073219,0.05055855830834095,0.13402988081411107,0.05345931854256293,True
20260716,M2,case_td016_pp0_1_gamma_007__steady,tpe,19,1.1178931396333656,0.08902344343078686,0.042550666049724475,1.1178931396333656,0.08902344343078686,0.042550666049724475,0.043291633893123294,0.043291633893123294,True
20260716,M2,case_td016_pp0_1_gamma_007__steady,tpe,20,3.089097769804102,0.08013821327935569,0.04073778103844082,1.1178931396333656,0.08902344343078686,0.042550666049724475,1.2337473155380745,0.043291633893123294,True
20260716,M2,case_td016_pp0_1_gamma_007__steady,tpe,21,1.004881348414405,0.10319109191340756,0.05671341142825464,1.1178931396333656,0.08902344343078686,0.042550666049724475,0.044747513298510955,0.043291633893123294,True
20260716,M2,case_td016_pp0_1_gamma_007__steady,tpe,22,1.2639679282494076,0.11285613541123685,0.05990438911879741,1.1178931396333656,0.08902344343078686,0.042550666049724475,0.23782903260648286,0.043291633893123294,True
20260716,M2,case_td016_pp0_1_gamma_007__steady,tpe,23,1.0299167651870742,0.0912963547358071,0.05558177843877887,1.1178931396333656,0.08902344343078686,0.042550666049724475,0.057691454098503736,0.043291633893123294,True
20260716,M2,case_td016_pp0_1_gamma_007__steady,tpe,24,1.3938513835836837,0.1068683677058837,0.04080179290059453,1.1178931396333656,0.08902344343078686,0.042550666049724475,0.2969504934772296,0.043291633893123294,True
20260716,M2,case_td016_pp0_1_gamma_007__steady,tpe,25,1.323054281313463,0.12824507096226698,0.0768755506643255,1.1178931396333656,0.08902344343078686,0.042550666049724475,0.3629481918168724,0.043291633893123294,True
20260716,M2,case_td016_pp0_1_gamma_007__steady,tpe,26,1.0583179949761898,0.16827949258754393,0.045410696080298074,1.1178931396333656,0.08902344343078686,0.042550666049724475,0.3021714160898402,0.043291633893123294,True
20260716,M2,case_td016_pp0_1_gamma_007__steady,tpe,27,1.8887621170012119,0.0782826125664426,0.06709377700964415,1.1178931396333656,0.08902344343078686,0.042550666049724475,0.4402367154233916,0.043291633893123294,True
20260716,M2,case_td016_pp0_1_gamma_007__steady,tpe,28,2.1690409555625236,0.07609706484744273,0.05311653291304365,1.1178931396333656,0.08902344343078686,0.042550666049724475,0.6001635288864461,0.043291633893123294,True
20260716,M2,case_td016_pp0_1_gamma_007__steady,tpe,29,1.4339142435745675,0.07958405619967548,0.04000970263120582,1.1178931396333656,0.08902344343078686,0.042550666049724475,0.1519486572209264,0.043291633893123294,True
20260716,M2,case_td016_pp0_1_gamma_007__steady,tpe,30,1.610448448992969,0.1042678208842398,0.05436507298797868,1.1178931396333656,0.08902344343078686,0.042550666049724475,0.4452926083122821,0.043291633893123294,True
20260716,M2,case_td016_pp0_1_gamma_007__steady,tpe,31,4.979249918455156,0.07948218575415894,0.07611359221143417,1.1178931396333656,0.08902344343078686,0.042550666049724475,2.175624496171083,0.043291633893123294,True
20260716,M2,case_td016_pp0_1_gamma_007__steady,tpe,32,1.004323417833811,0.09122569781952289,0.06039268814631265,1.1178931396333656,0.08902344343078686,0.042550666049724475,0.06893941062826923,0.043291633893123294,True
20260716,M2,case_td016_pp0_1_gamma_007__steady,tpe,33,1.151062603954067,0.12016507646999455,0.05210072356075978,1.1178931396333656,0.08902344343078686,0.042550666049724475,0.1887076308361413,0.043291633893123294,True
20260716,M2,case_td016_pp0_1_gamma_007__steady,tpe,34,1.1318779034312738,0.0836847214486203,0.052409291886022905,1.1178931396333656,0.08902344343078686,0.042550666049724475,0.0455365507025334,0.043291633893123294,True
20260716,M2,case_td016_pp0_1_gamma_007__steady,tpe,35,1.1754450667350225,0.08119021117858125,0.049455708431380786,1.1754450667350225,0.08119021117858125,0.049455708431380786,0.042872713893864406,0.042872713893864406,True
20260716,M2,case_td016_pp0_1_gamma_007__steady,tpe,36,1.0229734411068185,0.07369420014433992,0.04777217236718033,1.1754450667350225,0.08119021117858125,0.049455708431380786,0.14122291287802538,0.042872713893864406,True
20260716,M2,case_td016_pp0_1_gamma_007__steady,tpe,37,3.1978836618938202,0.1610657078851403,0.09975605967750402,1.1754450667350225,0.08119021117858125,0.049455708431380786,2.2212416482725232,0.042872713893864406,True
20260716,M2,case_td016_pp0_1_gamma_007__steady,tpe,38,1.0492102489856172,0.09190846055424808,0.048715812073454046,1.1754450667350225,0.08119021117858125,0.049455708431380786,0.049584965197758644,0.042872713893864406,True
20260716,M2,case_td016_pp0_1_gamma_007__steady,tpe,39,1.0833978202110812,0.0987528212084126,0.04419061068008883,1.1754450667350225,0.08119021117858125,0.049455708431380786,0.054143605540026174,0.042872713893864406,True
20260716,M2,case_td016_pp0_1_gamma_007__steady,tpe,40,4.032896323029676,0.19817671652884983,0.08872240828516899,1.1754450667350225,0.08119021117858125,0.049455708431380786,3.1788274024949152,0.042872713893864406,True
20260716,M2,case_td016_pp0_1_gamma_007__steady,tpe,41,4.772542084913983,0.12922339070324104,0.0760855232576522,1.1754450667350225,0.08119021117858125,0.049455708431380786,2.9231031803593397,0.042872713893864406,True
20260716,M2,case_td016_pp0_1_gamma_007__steady,tpe,42,1.2983970048835503,0.09141835349077551,0.048784763446611354,1.1754450667350225,0.08119021117858125,0.049455708431380786,0.14256289260355776,0.042872713893864406,True
20260716,M2,case_td016_pp0_1_gamma_007__steady,tpe,43,1.3688355022474572,0.08579192888577494,0.05203919301194339,1.1754450667350225,0.08119021117858125,0.049455708431380786,0.1540889760465762,0.042872713893864406,True
20260716,M2,case_td016_pp0_1_gamma_007__steady,tpe,44,1.0078067858738258,0.1080437603342754,0.04952957347121223,1.1754450667350225,0.08119021117858125,0.049455708431380786,0.05172613023659034,0.042872713893864406,True
20260716,M2,case_td016_pp0_1_gamma_007__steady,tpe,45,1.071038087995524,0.08642392727683218,0.041799473078641604,1.1754450667350225,0.08119021117858125,0.049455708431380786,0.05856427177540658,0.042872713893864406,True
20260716,M2,case_td016_pp0_1_gamma_007__steady,tpe,46,2.653351941269896,0.18256735023375403,0.041382725401008236,1.1754450667350225,0.08119021117858125,0.049455708431380786,1.8754648586569778,0.042872713893864406,True
20260716,M2,case_td016_pp0_1_gamma_007__steady,tpe,47,1.8392322664814982,0.10155624918014698,0.056617282074150274,1.1754450667350225,0.08119021117858125,0.049455708431380786,0.5994826510827101,0.042872713893864406,True
20260716,M2,case_td016_pp0_1_gamma_007__steady,tpe,48,2.090805319005397,0.10688621352266316,0.09729868762632064,1.1754450667350225,0.08119021117858125,0.049455708431380786,0.8445097433688711,0.042872713893864406,True
20260716,M2,case_td016_pp0_1_gamma_007__steady,tpe,49,1.0096881012629586,0.09296145270791542,0.05478521867297384,1.1754450667350225,0.08119021117858125,0.049455708431380786,0.06095546267647979,0.042872713893864406,True
20260716,M2,case_td016_pp0_1_gamma_007__steady,tpe,50,1.9579603381010593,0.08420763682572482,0.04547648758079116,1.1754450667350225,0.08119021117858125,0.049455708431380786,0.5359555627832963,0.042872713893864406,True
20260716,M2,case_td016_pp0_1_gamma_007__steady,tpe,51,3.533492446896284,0.14302153849071092,0.042567223328468226,1.1754450667350225,0.08119021117858125,0.049455708431380786,2.308301919894771,0.042872713893864406,True
20260716,M2,case_td016_pp0_1_gamma_007__steady,tpe,52,1.1717637052600243,0.15805207287289313,0.09822714998781018,1.1754450667350225,0.08119021117858125,0.049455708431380786,0.36845272203588436,0.042872713893864406,True
20260716,M2,case_td016_pp0_1_gamma_007__steady,tpe,53,1.0402083611297026,0.13862895043292575,0.050432450067500384,1.1754450667350225,0.08119021117858125,0.049455708431380786,0.18158581495085968,0.042872713893864406,True
20260716,M2,case_td016_pp0_1_gamma_007__steady,tpe,54,1.0393438494229021,0.10221883696157527,0.044712269964756364,1.1754450667350225,0.08119021117858125,0.049455708431380786,0.048327464241701125,0.042872713893864406,True
20260716,M2,case_td016_pp0_1_gamma_007__steady,tpe,55,1.3013630303505894,0.11661441998168753,0.040120223620872156,1.1754450667350225,0.08119021117858125,0.049455708431380786,0.2810051720114257,0.042872713893864406,True
20260716,M2,case_td016_pp0_1_gamma_007__steady,tpe,56,1.0813296100482415,0.0859554293988334,0.046004701907196084,1.1754450667350225,0.08119021117858125,0.049455708431380786,0.055556323018313904,0.042872713893864406,True
20260716,M2,case_td016_pp0_1_gamma_007__steady,tpe,57,1.191106081703731,0.08039654866838515,0.06239034904772217,1.191106081703731,0.08039654866838515,0.06239034904772217,0.04273549534319884,0.04273549534319884,True
20260716,M2,case_td016_pp0_1_gamma_007__steady,tpe,58,1.1272402685403,0.06361548397377939,0.06737074580815258,1.191106081703731,0.08039654866838515,0.06239034904772217,0.13956188578166723,0.04273549534319884,True
20260716,M2,case_td016_pp0_1_gamma_007__steady,tpe,59,1.0006805215967995,0.12891147177444798,0.06502128474644155,1.191106081703731,0.08039654866838515,0.06239034904772217,0.11954574126215325,0.04273549534319884,True
20260716,M2,case_td016_pp0_1_gamma_007__steady,tpe,60,1.0223058056439334,0.10355089730309668,0.07187956066737937,1.191106081703731,0.08039654866838515,0.06239034904772217,0.04840948537499766,0.04273549534319884,True
20260716,M2,case_td016_pp0_1_gamma_007__steady,tpe,61,1.067690996074975,0.07619291251578328,0.0855230547783778,1.191106081703731,0.08039654866838515,0.06239034904772217,0.09954755711729635,0.04273549534319884,True
20260716,M2,case_td016_pp0_1_gamma_007__steady,tpe,62,1.5470613465046568,0.10513088017925466,0.06353622161967144,1.191106081703731,0.08039654866838515,0.06239034904772217,0.405143269415112,0.04273549534319884,True
20260716,M2,case_td016_pp0_1_gamma_007__steady,tpe,63,1.4286340233238697,0.11196725441450589,0.08239945118055167,1.191106081703731,0.08039654866838515,0.06239034904772217,0.36044461416273105,0.04273549534319884,True
20260716,M2,case_td016_pp0_1_gamma_007__steady,tpe,64,1.2289260529046349,0.107949731624202,0.07312439543380625,1.191106081703731,0.08039654866838515,0.06239034904772217,0.18985574863663668,0.04273549534319884,True
20260716,M2,case_td016_pp0_1_gamma_007__steady,tpe,65,1.63753742011257,0.07714561236145043,0.057985422796973184,1.191106081703731,0.08039654866838515,0.06239034904772217,0.2654403078732339,0.04273549534319884,True
20260716,M2,case_td016_pp0_1_gamma_007__steady,tpe,66,4.1021087582183,0.06767847094469467,0.09660737494294351,1.191106081703731,0.08039654866838515,0.06239034904772217,1.5823113417683314,0.04273549534319884,True
20260716,M2,case_td016_pp0_1_gamma_007__steady,tpe,67,4.635773592302165,0.060651832530861996,0.042879356088050546,1.191106081703731,0.08039654866838515,0.06239034904772217,1.6721396500204182,0.04273549534319884,True
20260716,M2,case_td016_pp0_1_gamma_007__steady,tpe,68,4.985536291881604,0.14229430738550197,0.05708276815004613,1.191106081703731,0.08039654866838515,0.06239034904772217,3.2119008421130846,0.04273549534319884,True
20260716,M2,case_td016_pp0_1_gamma_007__steady,tpe,69,1.2933591391806933,0.07830288475620371,0.069257859880166,1.191106081703731,0.08039654866838515,0.06239034904772217,0.06903629442825247,0.04273549534319884,True
20260716,M2,case_td016_pp0_1_gamma_007__steady,tpe,70,1.1742155043729048,0.10956774615163616,0.06417915558852036,1.191106081703731,0.08039654866838515,0.06239034904772217,0.15818446411458648,0.04273549534319884,True
20260716,M2,case_td016_pp0_1_gamma_007__steady,tpe,71,1.2278648957876532,0.06237416146011014,0.05562501568998787,1.191106081703731,0.08039654866838515,0.06239034904772217,0.09886641416915913,0.04273549534319884,True
20260716,M2,case_td016_pp0_1_gamma_007__steady,tpe,72,2.5898808751686806,0.14823589699650255,0.062139152147346326,1.191106081703731,0.08039654866838515,0.06239034904772217,1.5924020084927857,0.04273549534319884,True
20260716,M2,case_td016_pp0_1_gamma_007__steady,tpe,73,1.110134265516783,0.08755807355824782,0.06028406736685136,1.191106081703731,0.08039654866838515,0.06239034904772217,0.04351356731525353,0.04273549534319884,True
20260716,M2,case_td016_pp0_1_gamma_007__steady,tpe,74,1.0093720215741862,0.09257879828073591,0.059232827687233466,1.191106081703731,0.08039654866838515,0.06239034904772217,0.06189678236451488,0.04273549534319884,True
20260716,M2,case_td016_pp0_1_gamma_007__steady,tpe,75,1.314698672671103,0.08453880544153794,0.06754724862916137,1.191106081703731,0.08039654866838515,0.06239034904772217,0.11563568932470111,0.04273549534319884,True
20260716,M2,case_td016_pp0_1_gamma_007__steady,tpe,76,2.9265837851242997,0.14607836462990537,0.08117680557953473,1.191106081703731,0.08039654866838515,0.06239034904772217,1.8683864575962392,0.04273549534319884,True
20260716,M2,case_td016_pp0_1_gamma_007__steady,tpe,77,1.0044592455660515,0.06702206030423635,0.052041664745518676,1.191106081703731,0.08039654866838515,0.06239034904772217,0.185074689140491,0.04273549534319884,True
20260716,M2,case_td016_pp0_1_gamma_007__steady,tpe,78,1.0553235654250168,0.09970703174370632,0.07222901950540633,1.191106081703731,0.08039654866838515,0.06239034904772217,0.04956069879020943,0.04273549534319884,True
20260716,M2,case_td016_pp0_1_gamma_007__steady,tpe,79,2.149964520276349,0.0997223581815419,0.04583212780865472,1.191106081703731,0.08039654866838515,0.06239034904772217,0.8167090720828727,0.04273549534319884,True
20260716,M2,case_td016_pp0_1_gamma_007__steady,tpe,80,1.6588073083399766,0.08804185041229168,0.06242659524991222,1.191106081703731,0.08039654866838515,0.06239034904772217,0.36517324137054,0.04273549534319884,True
20260716,M2,case_td016_pp0_1_gamma_007__steady,tpe,81,1.5896933893779945,0.10773435771179117,0.05176473933496289,1.191106081703731,0.08039654866838515,0.06239034904772217,0.4519589051399659,0.04273549534319884,True
20260716,M2,case_td016_pp0_1_gamma_007__steady,tpe,82,1.4165174566179153,0.08869334569751713,0.0747500575258352,1.191106081703731,0.08039654866838515,0.06239034904772217,0.20747429035503806,0.04273549534319884,True
20260716,M2,case_td016_pp0_1_gamma_007__steady,tpe,83,1.1676371689777891,0.1035631599312949,0.07499119190879532,1.191106081703731,0.08039654866838515,0.06239034904772217,0.12651288989168863,0.04273549534319884,True
20260716,M2,case_td016_pp0_1_gamma_007__steady,tpe,84,1.0391948268180369,0.08359563458711096,0.060311026487227956,1.191106081703731,0.08039654866838515,0.06239034904772217,0.08276427678624236,0.04273549534319884,True
20260716,M2,case_td016_pp0_1_gamma_007__steady,tpe,85,1.1919825450103563,0.1058585499319807,0.07355818318608041,1.191106081703731,0.08039654866838515,0.06239034904772217,0.15380522038381636,0.04273549534319884,True
20260716,M2,case_td016_pp0_1_gamma_007__steady,tpe,86,1.1005291103435044,0.08631518116241083,0.041968244442663886,1.191106081703731,0.08039654866838515,0.06239034904772217,0.048371564464002384,0.04273549534319884,True
20260716,M2,case_td016_pp0_1_gamma_007__steady,tpe,87,1.0587523583776368,0.06051821552138369,0.04315743998007408,1.191106081703731,0.08039654866838515,0.06239034904772217,0.19506943705478533,0.04273549534319884,True
20260716,M2,case_td016_pp0_1_gamma_007__steady,tpe,88,1.594424076978254,0.08494726497065394,0.04004978278721731,1.191106081703731,0.08039654866838515,0.06239034904772217,0.2932830942895793,0.04273549534319884,True
20260716,M2,case_td016_pp0_1_gamma_007__steady,tpe,89,1.0525053491601504,0.10593725853413753,0.04009609735323974,1.191106081703731,0.08039654866838515,0.06239034904772217,0.063123642247334,0.04273549534319884,True
20260716,M2,case_td016_pp0_1_gamma_007__steady,tpe,90,1.0146800950811976,0.08543868540921068,0.04949592370120018,1.191106081703731,0.08039654866838515,0.06239034904772217,0.08880044448157254,0.04273549534319884,True
20260716,M2,case_td016_pp0_1_gamma_007__steady,tpe,91,1.0429428247971773,0.07297022806367402,0.040893879324524686,1.191106081703731,0.08039654866838515,0.06239034904772217,0.13552927123436734,0.04273549534319884,True
20260716,M2,case_td016_pp0_1_gamma_007__steady,tpe,92,1.0334191070954033,0.09740009997808693,0.050908276482210246,1.191106081703731,0.08039654866838515,0.06239034904772217,0.04445274360044723,0.04273549534319884,True
20260716,M2,case_td016_pp0_1_gamma_007__steady,tpe,93,1.041407104340737,0.09583293137821816,0.05677093503720709,1.191106081703731,0.08039654866838515,0.06239034904772217,0.044568011375442626,0.04273549534319884,True
20260716,M2,case_td016_pp0_1_gamma_007__steady,tpe,94,1.220791405593633,0.12125828674934486,0.05545603072145151,1.191106081703731,0.08039654866838515,0.06239034904772217,0.246043215701518,0.04273549534319884,True
20260716,M2,case_td016_pp0_1_gamma_007__steady,tpe,95,1.0842203281746094,0.1186508072259693,0.05257419282924183,1.191106081703731,0.08039654866838515,0.06239034904772217,0.13482419733878243,0.04273549534319884,True
20260716,M2,case_td016_pp0_1_gamma_007__steady,tpe,96,1.0152041665663794,0.10866993705553755,0.05013177886103828,1.191106081703731,0.08039654866838515,0.06239034904772217,0.05607654466881113,0.04273549534319884,True
20260716,M2,case_td016_pp0_1_gamma_007__steady,tpe,97,1.388583313373324,0.08468999704240976,0.056583131783530055,1.191106081703731,0.08039654866838515,0.06239034904772217,0.1604006062142201,0.04273549534319884,True
20260716,M2,case_td016_pp0_1_gamma_007__steady,tpe,98,1.5767761287447015,0.09626604388817217,0.05200004598035102,1.191106081703731,0.08039654866838515,0.06239034904772217,0.36513270577330126,0.04273549534319884,True
20260716,M2,case_td016_pp0_1_gamma_007__steady,tpe,99,1.6973301064631352,0.08412300178293555,0.050856682315872245,1.191106081703731,0.08039654866838515,0.06239034904772217,0.3585548015019028,0.04273549534319884,True
20260716,M2,case_td016_pp0_1_gamma_007__steady,tpe,100,1.1149800990920122,0.08900109048901168,0.046389712932461524,1.191106081703731,0.08039654866838515,0.06239034904772217,0.04320611834540106,0.04273549534319884,True
20260716,M2,case_td016_pp0_1_gamma_007__steady,random,1,3.0,0.125,0.07,3.0,0.125,0.07,1.7278961645927335,1.7278961645927335,True
20260716,M2,case_td016_pp0_1_gamma_007__steady,random,2,4.282526405611289,0.06043869922459105,0.06480827202405363,4.282526405611289,0.06043869922459105,0.06480827202405363,1.5285875412478853,1.5285875412478853,True
20260716,M2,case_td016_pp0_1_gamma_007__steady,random,3,2.79193047396994,0.154440915859286,0.08815725935809951,4.282526405611289,0.06043869922459105,0.06480827202405363,1.8218363152190213,1.5285875412478853,True
20260716,M2,case_td016_pp0_1_gamma_007__steady,random,4,4.3090199979569705,0.18372866850444858,0.04004715409835546,4.282526405611289,0.06043869922459105,0.06480827202405363,3.2514636900319647,1.5285875412478853,True
20260716,M2,case_td016_pp0_1_gamma_007__steady,random,5,2.9799872895910564,0.09242163467166387,0.08439769607029143,2.9799872895910564,0.09242163467166387,0.08439769607029143,1.3387142812124135,1.3387142812124135,True
20260716,M2,case_td016_pp0_1_gamma_007__steady,random,6,4.392357263082532,0.06899515452822896,0.06367125103282217,2.9799872895910564,0.09242163467166387,0.08439769607029143,1.7340695696550295,1.3387142812124135,True
20260716,M2,case_td016_pp0_1_gamma_007__steady,random,7,4.723432630028979,0.0510541552707529,0.043896308909119185,2.9799872895910564,0.09242163467166387,0.08439769607029143,1.5196235236192202,1.3387142812124135,True
20260716,M2,case_td016_pp0_1_gamma_007__steady,random,8,1.3852214395165077,0.17104042603460456,0.04411403363282353,1.3852214395165077,0.17104042603460456,0.04411403363282353,0.6012759623857507,0.6012759623857507,True
20260716,M2,case_td016_pp0_1_gamma_007__steady,random,9,2.704233784826646,0.18389809474101854,0.06997379253286573,1.3852214395165077,0.17104042603460456,0.04411403363282353,1.9400309180251385,0.6012759623857507,True
20260716,M2,case_td016_pp0_1_gamma_007__steady,random,10,2.6341199821903145,0.11727660319059838,0.06874242942969948,1.3852214395165077,0.17104042603460456,0.04411403363282353,1.3647452284041004,0.6012759623857507,True
20260716,M2,case_td016_pp0_1_gamma_007__steady,random,11,4.515480191423938,0.08073907328054243,0.0636951087165776,1.3852214395165077,0.17104042603460456,0.04411403363282353,2.003339445779735,0.6012759623857507,True
20260716,M2,case_td016_pp0_1_gamma_007__steady,random,12,1.3962007313283342,0.17166419033249536,0.06841909564365604,1.3852214395165077,0.17104042603460456,0.04411403363282353,0.618676717808155,0.6012759623857507,True
20260716,M2,case_td016_pp0_1_gamma_007__steady,random,13,4.562956475195153,0.1470118361996922,0.08138331681823094,1.3852214395165077,0.17104042603460456,0.04411403363282353,3.0451309075970845,0.6012759623857507,True
20260716,M2,case_td016_pp0_1_gamma_007__steady,random,14,4.393360839425588,0.11114186339601076,0.06946586456217113,1.3852214395165077,0.17104042603460456,0.04411403363282353,2.455158135141884,0.6012759623857507,True
20260716,M2,case_td016_pp0_1_gamma_007__steady,random,15,3.3620264402399394,0.13758743564254672,0.08975802188583448,1.3852214395165077,0.17104042603460456,0.04411403363282353,2.1358048105211904,0.6012759623857507,True
20260716,M2,case_td016_pp0_1_gamma_007__steady,random,16,1.4856533429215588,0.18369934335217614,0.09683104735743822,1.3852214395165077,0.17104042603460456,0.04411403363282353,0.7574604948601776,0.6012759623857507,True
20260716,M2,case_td016_pp0_1_gamma_007__steady,random,17,4.172136115462328,0.17324690641528745,0.0743419998853933,1.3852214395165077,0.17104042603460456,0.04411403363282353,3.072857325206814,0.6012759623857507,True
20260716,M2,case_td016_pp0_1_gamma_007__steady,random,18,2.0196597946964125,0.13371454077817213,0.04724973300109087,1.3852214395165077,0.17104042603460456,0.04411403363282353,0.9801908614727715,0.6012759623857507,True
20260716,M2,case_td016_pp0_1_gamma_007__steady,random,19,4.334928572000606,0.19761396055109914,0.0984011352873308,1.3852214395165077,0.17104042603460456,0.04411403363282353,3.398379720750537,0.6012759623857507,True
20260716,M2,case_td016_pp0_1_gamma_007__steady,random,20,1.12092564212118,0.14619999209215948,0.05764275996040145,1.12092564212118,0.14619999209215948,0.05764275996040145,0.2745873975446086,0.2745873975446086,True
20260716,M2,case_td016_pp0_1_gamma_007__steady,random,21,3.606881618969427,0.09918242569592563,0.05931607908537622,1.12092564212118,0.14619999209215948,0.05764275996040145,1.8270686888713772,0.2745873975446086,True
20260716,M2,case_td016_pp0_1_gamma_007__steady,random,22,3.0933434753114804,0.11162677685277869,0.09259453404557957,1.12092564212118,0.14619999209215948,0.05764275996040145,1.653379096592159,0.2745873975446086,True
20260716,M2,case_td016_pp0_1_gamma_007__steady,random,23,1.6918168844485586,0.13869699619734338,0.09499193588654184,1.12092564212118,0.14619999209215948,0.05764275996040145,0.7323593327461277,0.2745873975446086,True
20260716,M2,case_td016_pp0_1_gamma_007__steady,random,24,3.6387925401747143,0.13322115687144137,0.0677894081167827,1.12092564212118,0.14619999209215948,0.05764275996040145,2.286453952950835,0.2745873975446086,True
20260716,M2,case_td016_pp0_1_gamma_007__steady,random,25,3.947325603044904,0.08919288605235581,0.0921816086006007,1.12092564212118,0.14619999209215948,0.05764275996040145,1.8727140288486124,0.2745873975446086,True
20260716,M2,case_td016_pp0_1_gamma_007__steady,random,26,2.5383074929819935,0.1956721639852046,0.07994559639790935,1.12092564212118,0.14619999209215948,0.05764275996040145,1.851785218700307,0.2745873975446086,True
20260716,M2,case_td016_pp0_1_gamma_007__steady,random,27,1.739362019978671,0.1916620745395653,0.08255580063863535,1.12092564212118,0.14619999209215948,0.05764275996040145,1.039066101329711,0.2745873975446086,True
20260716,M2,case_td016_pp0_1_gamma_007__steady,random,28,3.6242116659676795,0.10950345938547609,0.08642595084055202,1.12092564212118,0.14619999209215948,0.05764275996040145,1.9851564941284239,0.2745873975446086,True
20260716,M2,case_td016_pp0_1_gamma_007__steady,random,29,2.6727129864143633,0.13219995081244793,0.09162870663589293,1.12092564212118,0.14619999209215948,0.05764275996040145,1.5378988709078452,0.2745873975446086,True
20260716,M2,case_td016_pp0_1_gamma_007__steady,random,30,1.8303626335752203,0.07194991250507643,0.08049033469470751,1.12092564212118,0.14619999209215948,0.05764275996040145,0.3477252435743449,0.2745873975446086,True
20260716,M2,case_td016_pp0_1_gamma_007__steady,random,31,2.0150982664580894,0.07137587213776049,0.07086850449694654,1.12092564212118,0.14619999209215948,0.05764275996040145,0.45704057532965375,0.2745873975446086,True
20260716,M2,case_td016_pp0_1_gamma_007__steady,random,32,2.6648090605744246,0.09247378311714471,0.08582251883405989,1.12092564212118,0.14619999209215948,0.05764275996040145,1.1247615427738105,0.2745873975446086,True
20260716,M2,case_td016_pp0_1_gamma_007__steady,random,33,1.8624373074917178,0.15194419353924726,0.04331618552874648,1.12092564212118,0.14619999209215948,0.05764275996040145,0.9503841756674858,0.2745873975446086,True
20260716,M2,case_td016_pp0_1_gamma_007__steady,random,34,1.5357232737525228,0.11493248555849286,0.09270217375430714,1.12092564212118,0.14619999209215948,0.05764275996040145,0.46268382229465904,0.2745873975446086,True
20260716,M2,case_td016_pp0_1_gamma_007__steady,random,35,3.507449380316693,0.19462325154447263,0.0954636591579219,1.12092564212118,0.14619999209215948,0.05764275996040145,2.731201659195206,0.2745873975446086,True
20260716,M2,case_td016_pp0_1_gamma_007__steady,random,36,4.9188808117114995,0.18294470209112712,0.06666274385462738,1.12092564212118,0.14619999209215948,0.05764275996040145,3.64891022175818,0.2745873975446086,True
20260716,M2,case_td016_pp0_1_gamma_007__steady,random,37,1.2426035773977957,0.1622257041688636,0.06363450893242964,1.12092564212118,0.14619999209215948,0.05764275996040145,0.44094251421509556,0.2745873975446086,True
20260716,M2,case_td016_pp0_1_gamma_007__steady,random,38,3.6292664673215067,0.19120258764821746,0.05634877531774315,1.12092564212118,0.14619999209215948,0.05764275996040145,2.800918462866431,0.2745873975446086,True
20260716,M2,case_td016_pp0_1_gamma_007__steady,random,39,1.7595131210337338,0.17170628414393937,0.05781131643317226,1.12092564212118,0.14619999209215948,0.05764275996040145,0.9604539695721259,0.2745873975446086,True
20260716,M2,case_td016_pp0_1_gamma_007__steady,random,40,2.378085714112796,0.0882393328835874,0.06018217962857321,1.12092564212118,0.14619999209215948,0.05764275996040145,0.8722564625919775,0.2745873975446086,True
20260716,M2,case_td016_pp0_1_gamma_007__steady,random,41,3.1241008750682804,0.15980467409552573,0.04854985974547733,1.12092564212118,0.14619999209215948,0.05764275996040145,2.1392221565090934,0.2745873975446086,True
20260716,M2,case_td016_pp0_1_gamma_007__steady,random,42,3.227557246880383,0.1404486572683366,0.08810498457949176,1.12092564212118,0.14619999209215948,0.05764275996040145,2.0612532534865298,0.2745873975446086,True
20260716,M2,case_td016_pp0_1_gamma_007__steady,random,43,3.264348491437942,0.08441252970788396,0.04859974036245872,1.12092564212118,0.14619999209215948,0.05764275996040145,1.4034594549798873,0.2745873975446086,True
20260716,M2,case_td016_pp0_1_gamma_007__steady,random,44,2.61085863333268,0.1717955932529584,0.07879322155459684,1.12092564212118,0.14619999209215948,0.05764275996040145,1.7788423904567525,0.2745873975446086,True
20260716,M2,case_td016_pp0_1_gamma_007__steady,random,45,4.62240339912533,0.17136958938303426,0.06137571491066052,1.12092564212118,0.14619999209215948,0.05764275996040145,3.3503623177062125,0.2745873975446086,True
20260716,M2,case_td016_pp0_1_gamma_007__steady,random,46,3.622776023924734,0.11963030589631303,0.09223509485122994,1.12092564212118,0.14619999209215948,0.05764275996040145,2.1161360354501757,0.2745873975446086,True
20260716,M2,case_td016_pp0_1_gamma_007__steady,random,47,2.797949172933469,0.06906156382182693,0.051941688460757626,1.12092564212118,0.14619999209215948,0.05764275996040145,0.9091097283703002,0.2745873975446086,True
20260716,M2,case_td016_pp0_1_gamma_007__steady,random,48,1.2673109658803283,0.08712452887519105,0.0575603481113251,1.2673109658803283,0.08712452887519105,0.0575603481113251,0.10062466187879512,0.10062466187879512,True
20260716,M2,case_td016_pp0_1_gamma_007__steady,random,49,3.902183368398514,0.12352301658918748,0.09686944629619892,1.2673109658803283,0.08712452887519105,0.0575603481113251,2.3466440787608054,0.10062466187879512,True
20260716,M2,case_td016_pp0_1_gamma_007__steady,random,50,3.747555289926713,0.1175066885938816,0.09748363478394981,1.2673109658803283,0.08712452887519105,0.0575603481113251,2.1701395351902106,0.10062466187879512,True
20260716,M2,case_td016_pp0_1_gamma_007__steady,random,51,2.666252020909354,0.05156329070853651,0.05807186562938249,1.2673109658803283,0.08712452887519105,0.0575603481113251,0.6017886902053092,0.10062466187879512,True
20260716,M2,case_td016_pp0_1_gamma_007__steady,random,52,2.982154453347988,0.17847313042751956,0.04409300519139775,1.2673109658803283,0.08712452887519105,0.0575603481113251,2.1519967284273447,0.10062466187879512,True
20260716,M2,case_td016_pp0_1_gamma_007__steady,random,53,4.7534011591510765,0.1504512910185923,0.06523511893361685,1.2673109658803283,0.08712452887519105,0.0575603481113251,3.194402761033917,0.10062466187879512,True
20260716,M2,case_td016_pp0_1_gamma_007__steady,random,54,3.9101595583278663,0.1571516757939359,0.0988683792955526,1.2673109658803283,0.08712452887519105,0.0575603481113251,2.735450141322831,0.10062466187879512,True
20260716,M2,case_td016_pp0_1_gamma_007__steady,random,55,2.0111699895973763,0.19363902178461906,0.0824807959543308,1.2673109658803283,0.08712452887519105,0.0575603481113251,1.319831774535471,0.10062466187879512,True
20260716,M2,case_td016_pp0_1_gamma_007__steady,random,56,4.277060879089549,0.0897992955549164,0.09408205816547219,1.2673109658803283,0.08712452887519105,0.0575603481113251,2.051809578362855,0.10062466187879512,True
20260716,M2,case_td016_pp0_1_gamma_007__steady,random,57,4.645067943414395,0.06379871078761026,0.043266108752035834,1.2673109658803283,0.08712452887519105,0.0575603481113251,1.736431082141787,0.10062466187879512,True
20260716,M2,case_td016_pp0_1_gamma_007__steady,random,58,1.1614381541130365,0.12834787417217486,0.04564627461980965,1.2673109658803283,0.08712452887519105,0.0575603481113251,0.2312188524493236,0.10062466187879512,True
20260716,M2,case_td016_pp0_1_gamma_007__steady,random,59,2.920905979087851,0.09545098258443699,0.0458198170495444,1.2673109658803283,0.08712452887519105,0.0575603481113251,1.3289011445334382,0.10062466187879512,True
20260716,M2,case_td016_pp0_1_gamma_007__steady,random,60,1.3989347839760655,0.1839781222058205,0.09698237929743164,1.2673109658803283,0.08712452887519105,0.0575603481113251,0.6758993984186885,0.10062466187879512,True
20260716,M2,case_td016_pp0_1_gamma_007__steady,random,61,1.3429191419540256,0.14101344510523722,0.06377954240122644,1.2673109658803283,0.08712452887519105,0.0575603481113251,0.4372354724511827,0.10062466187879512,True
20260716,M2,case_td016_pp0_1_gamma_007__steady,random,62,4.448481708065794,0.06310927145995418,0.07700208750889243,1.2673109658803283,0.08712452887519105,0.0575603481113251,1.6495714417781493,0.10062466187879512,True
20260716,M2,case_td016_pp0_1_gamma_007__steady,random,63,1.5525582277812426,0.08492225219597785,0.0960607331102303,1.2673109658803283,0.08712452887519105,0.0575603481113251,0.27519010751951467,0.10062466187879512,True
20260716,M2,case_td016_pp0_1_gamma_007__steady,random,64,2.3021138313885,0.1060561804983429,0.0913800085063948,1.2673109658803283,0.08712452887519105,0.0575603481113251,1.0010299051718856,0.10062466187879512,True
20260716,M2,case_td016_pp0_1_gamma_007__steady,random,65,2.936988366021673,0.09049981394823275,0.06981212126163899,1.2673109658803283,0.08712452887519105,0.0575603481113251,1.2834499523514773,0.10062466187879512,True
20260716,M2,case_td016_pp0_1_gamma_007__steady,random,66,4.793339235654669,0.1622178680995096,0.0781857959805716,1.2673109658803283,0.08712452887519105,0.0575603481113251,3.3581806923642863,0.10062466187879512,True
20260716,M2,case_td016_pp0_1_gamma_007__steady,random,67,3.69917238122904,0.06218677263589315,0.07068222837192562,1.2673109658803283,0.08712452887519105,0.0575603481113251,1.2950271168155856,0.10062466187879512,True
20260716,M2,case_td016_pp0_1_gamma_007__steady,random,68,3.617128228513457,0.10491317112858436,0.05129510038658101,1.2673109658803283,0.08712452887519105,0.0575603481113251,1.9119148050273467,0.10062466187879512,True
20260716,M2,case_td016_pp0_1_gamma_007__steady,random,69,1.1349743762600437,0.1800452110194497,0.08792417254164939,1.2673109658803283,0.08712452887519105,0.0575603481113251,0.4167925938966609,0.10062466187879512,True
20260716,M2,case_td016_pp0_1_gamma_007__steady,random,70,4.707451362182839,0.05384971728543815,0.07575424457868085,1.2673109658803283,0.08712452887519105,0.0575603481113251,1.5740765466470694,0.10062466187879512,True
20260716,M2,case_td016_pp0_1_gamma_007__steady,random,71,3.437961971334798,0.1039227931084091,0.07604264611217448,1.2673109658803283,0.08712452887519105,0.0575603481113251,1.7898364951878405,0.10062466187879512,True
20260716,M2,case_td016_pp0_1_gamma_007__steady,random,72,3.373161509278636,0.15091209925332444,0.09189551161641799,1.2673109658803283,0.08712452887519105,0.0575603481113251,2.274228277911799,0.10062466187879512,True
20260716,M2,case_td016_pp0_1_gamma_007__steady,random,73,3.8664622606740457,0.076911871253281,0.04316357988860595,1.2673109658803283,0.08712452887519105,0.0575603481113251,1.6208881932730657,0.10062466187879512,True
20260716,M2,case_td016_pp0_1_gamma_007__steady,random,74,3.3033104217104845,0.15414998908709332,0.0981015856016587,1.2673109658803283,0.08712452887519105,0.0575603481113251,2.248502355771786,0.10062466187879512,True
20260716,M2,case_td016_pp0_1_gamma_007__steady,random,75,4.656288491854072,0.05567496376141633,0.05203602342088779,1.2673109658803283,0.08712452887519105,0.0575603481113251,1.5864633587614734,0.10062466187879512,True
20260716,M2,case_td016_pp0_1_gamma_007__steady,random,76,4.294864307657592,0.0763643866950411,0.08413586760345487,1.2673109658803283,0.08712452887519105,0.0575603481113251,1.82643328175162,0.10062466187879512,True
20260716,M2,case_td016_pp0_1_gamma_007__steady,random,77,4.94223236421735,0.15800302974948938,0.08353807490084988,1.2673109658803283,0.08712452887519105,0.0575603481113251,3.393452702855158,0.10062466187879512,True
20260716,M2,case_td016_pp0_1_gamma_007__steady,random,78,2.188033832489549,0.061174398837222546,0.07090705936324801,1.2673109658803283,0.08712452887519105,0.0575603481113251,0.4554759722891113,0.10062466187879512,True
20260716,M2,case_td016_pp0_1_gamma_007__steady,random,79,2.7059100885178156,0.1633225349486891,0.09298580403077086,1.2673109658803283,0.08712452887519105,0.0575603481113251,1.8110390688056768,0.10062466187879512,True
20260716,M2,case_td016_pp0_1_gamma_007__steady,random,80,2.20674541788873,0.10605408121884069,0.04303357312838928,1.2673109658803283,0.08712452887519105,0.0575603481113251,0.9167219459147201,0.10062466187879512,True
20260716,M2,case_td016_pp0_1_gamma_007__steady,random,81,3.581922835042351,0.14397460657088335,0.08159926995358097,1.2673109658803283,0.08712452887519105,0.0575603481113251,2.364002308839909,0.10062466187879512,True
20260716,M2,case_td016_pp0_1_gamma_007__steady,random,82,3.117436061999484,0.17382059983891163,0.09118909394307513,1.2673109658803283,0.08712452887519105,0.0575603481113251,2.250229718384829,0.10062466187879512,True
20260716,M2,case_td016_pp0_1_gamma_007__steady,random,83,1.9503891482712352,0.13712211525060242,0.07020341418708095,1.2673109658803283,0.08712452887519105,0.0575603481113251,0.9474723681884923,0.10062466187879512,True
20260716,M2,case_td016_pp0_1_gamma_007__steady,random,84,4.777218617346541,0.16409516908079808,0.044012176494365424,1.2673109658803283,0.08712452887519105,0.0575603481113251,3.3608426060885748,0.10062466187879512,True
20260716,M2,case_td016_pp0_1_gamma_007__steady,random,85,3.2359388885131994,0.13553185477802818,0.08796092460347832,1.2673109658803283,0.08712452887519105,0.0575603481113251,2.019105721968192,0.10062466187879512,True
20260716,M2,case_td016_pp0_1_gamma_007__steady,random,86,1.54223565996565,0.05389061446129427,0.04694846406312452,1.54223565996565,0.05389061446129427,0.04694846406312452,0.047255228083155375,0.047255228083155375,True
20260716,M2,case_td016_pp0_1_gamma_007__steady,random,87,4.913918637337877,0.089339605305089,0.09624475281718492,1.54223565996565,0.05389061446129427,0.04694846406312452,2.332556784152629,0.047255228083155375,True
20260716,M2,case_td016_pp0_1_gamma_007__steady,random,88,3.137900177351874,0.19040518062827405,0.061289146101961095,1.54223565996565,0.05389061446129427,0.04694846406312452,2.3761592792213753,0.047255228083155375,True
20260716,M2,case_td016_pp0_1_gamma_007__steady,random,89,1.4220934774135445,0.09168953475743524,0.04846703384900096,1.54223565996565,0.05389061446129427,0.04694846406312452,0.22578142688809635,0.047255228083155375,True
20260716,M2,case_td016_pp0_1_gamma_007__steady,random,90,3.424577226939473,0.14144363036211102,0.051271300806730674,1.54223565996565,0.05389061446129427,0.04694846406312452,2.2142316390646606,0.047255228083155375,True
20260716,M2,case_td016_pp0_1_gamma_007__steady,random,91,4.733637372339733,0.08712903937085473,0.05099329436198664,1.54223565996565,0.05389061446129427,0.04694846406312452,2.2124251532452788,0.047255228083155375,True
20260716,M2,case_td016_pp0_1_gamma_007__steady,random,92,2.9658011266197337,0.13316472307508986,0.09281445022248216,1.54223565996565,0.05389061446129427,0.04694846406312452,1.7852317264702475,0.047255228083155375,True
20260716,M2,case_td016_pp0_1_gamma_007__steady,random,93,4.8453761863188785,0.19138190583370218,0.07686859136723206,1.54223565996565,0.05389061446129427,0.04694846406312452,3.6855645215281116,0.047255228083155375,True
20260716,M2,case_td016_pp0_1_gamma_007__steady,random,94,2.8458577507562017,0.1589252834074813,0.09421361459064105,1.54223565996565,0.05389061446129427,0.04694846406312452,1.9036156927173964,0.047255228083155375,True
20260716,M2,case_td016_pp0_1_gamma_007__steady,random,95,2.6242513866953265,0.1768074752228017,0.08270334051224018,1.54223565996565,0.05389061446129427,0.04694846406312452,1.8236895055075517,0.047255228083155375,True
20260716,M2,case_td016_pp0_1_gamma_007__steady,random,96,1.2327475290525856,0.12870723296185327,0.060723028818735356,1.54223565996565,0.05389061446129427,0.04694846406312452,0.29069315034228127,0.047255228083155375,True
20260716,M2,case_td016_pp0_1_gamma_007__steady,random,97,4.906978878591357,0.13023055930779465,0.08852447028424743,1.54223565996565,0.05389061446129427,0.04694846406312452,3.006149427297792,0.047255228083155375,True
20260716,M2,case_td016_pp0_1_gamma_007__steady,random,98,3.284431847159527,0.12459412716136624,0.07161072949105392,1.54223565996565,0.05389061446129427,0.04694846406312452,1.9370766312164525,0.047255228083155375,True
20260716,M2,case_td016_pp0_1_gamma_007__steady,random,99,4.692004263252799,0.10769710253048352,0.06582949205980948,1.54223565996565,0.05389061446129427,0.04694846406312452,2.551018640293129,0.047255228083155375,True
20260716,M2,case_td016_pp0_1_gamma_007__steady,random,100,3.971780411401009,0.1609570146086755,0.06747060675589084,1.54223565996565,0.05389061446129427,0.04694846406312452,2.8134084819554244,0.047255228083155375,True
20260716,M3,case_td030_pa200_pp0_5_gamma_004__steady,cmaes,1,3.0,0.125,0.07,3.0,0.125,0.07,0.4420755918508906,0.4420755918508906,True
20260716,M3,case_td030_pa200_pp0_5_gamma_004__steady,cmaes,2,3.001589167035564,0.07900605221026766,0.04365617553182881,3.0,0.125,0.07,0.5608455780482139,0.4420755918508906,True
20260716,M3,case_td030_pa200_pp0_5_gamma_004__steady,cmaes,3,3.7645770946402815,0.14760264466958872,0.07758790159003885,3.7645770946402815,0.14760264466958872,0.07758790159003885,0.2766003031460348,0.2766003031460348,True
20260716,M3,case_td030_pa200_pp0_5_gamma_004__steady,cmaes,4,4.275605253530117,0.07245118262324551,0.06944667241593723,3.7645770946402815,0.14760264466958872,0.07758790159003885,0.44340095119546036,0.2766003031460348,True
20260716,M3,case_td030_pa200_pp0_5_gamma_004__steady,cmaes,5,2.7003806206038745,0.14067183855407964,0.06083813924493101,3.7645770946402815,0.14760264466958872,0.07758790159003885,0.46104679529783305,0.2766003031460348,True
20260716,M3,case_td030_pa200_pp0_5_gamma_004__steady,cmaes,6,1.9448888578548913,0.11939639243521957,0.0848785531905092,3.7645770946402815,0.14760264466958872,0.07758790159003885,0.6267731473463014,0.2766003031460348,True
20260716,M3,case_td030_pa200_pp0_5_gamma_004__steady,cmaes,7,2.452004958103689,0.16590698117205405,0.06766767782563078,3.7645770946402815,0.14760264466958872,0.07758790159003885,0.4663352028149204,0.2766003031460348,True
20260716,M3,case_td030_pa200_pp0_5_gamma_004__steady,cmaes,8,3.7653403231140103,0.07358402514768021,0.07609258274570099,3.7645770946402815,0.14760264466958872,0.07758790159003885,0.48893170404471525,0.2766003031460348,True
20260716,M3,case_td030_pa200_pp0_5_gamma_004__steady,cmaes,9,1.7015931640119573,0.12534797068113168,0.04364459747716634,3.7645770946402815,0.14760264466958872,0.07758790159003885,0.6607455253449652,0.2766003031460348,True
20260716,M3,case_td030_pa200_pp0_5_gamma_004__steady,cmaes,10,1.9334582310721462,0.0954818911492423,0.05154455921483723,3.7645770946402815,0.14760264466958872,0.07758790159003885,0.6698440341484019,0.2766003031460348,True
20260716,M3,case_td030_pa200_pp0_5_gamma_004__steady,cmaes,11,4.531166876704608,0.1496048368365165,0.06562898235276311,4.531166876704608,0.1496048368365165,0.06562898235276311,0.17409647698244743,0.17409647698244743,True
20260716,M3,case_td030_pa200_pp0_5_gamma_004__steady,cmaes,12,2.5320840834975167,0.08678026056882593,0.061938628138333895,4.531166876704608,0.1496048368365165,0.06562898235276311,0.6011867781435887,0.17409647698244743,True
20260716,M3,case_td030_pa200_pp0_5_gamma_004__steady,cmaes,13,3.842913441162387,0.14330120541999902,0.08096124813276973,4.531166876704608,0.1496048368365165,0.06562898235276311,0.27511108252161287,0.17409647698244743,True
20260716,M3,case_td030_pa200_pp0_5_gamma_004__steady,cmaes,14,2.7319353876857315,0.12108279290917767,0.08708749316382328,4.531166876704608,0.1496048368365165,0.06562898235276311,0.49272914891866504,0.17409647698244743,True
20260716,M3,case_td030_pa200_pp0_5_gamma_004__steady,cmaes,15,3.01021864621443,0.10892972839300961,0.06239937548241967,4.531166876704608,0.1496048368365165,0.06562898235276311,0.47831420974869976,0.17409647698244743,True
20260716,M3,case_td030_pa200_pp0_5_gamma_004__steady,cmaes,16,4.9207479938678444,0.16959369839912353,0.06413174145827602,4.9207479938678444,0.16959369839912353,0.06413174145827602,0.09011429067221224,0.09011429067221224,True
20260716,M3,case_td030_pa200_pp0_5_gamma_004__steady,cmaes,17,4.30121124415712,0.15143028677534479,0.06946215605269493,4.9207479938678444,0.16959369839912353,0.06413174145827602,0.196863790530706,0.09011429067221224,True
20260716,M3,case_td030_pa200_pp0_5_gamma_004__steady,cmaes,18,3.397755764354748,0.14863280295499692,0.06198384073582579,4.9207479938678444,0.16959369839912353,0.06413174145827602,0.3300332047293215,0.09011429067221224,True
20260716,M3,case_td030_pa200_pp0_5_gamma_004__steady,cmaes,19,3.245819379942824,0.1467761863073544,0.06232803283616929,4.9207479938678444,0.16959369839912353,0.06413174145827602,0.35785305102749504,0.09011429067221224,True
20260716,M3,case_td030_pa200_pp0_5_gamma_004__steady,cmaes,20,4.792146200124406,0.1725277096575449,0.043702085252458486,4.9207479938678444,0.16959369839912353,0.06413174145827602,0.09832224528219853,0.09011429067221224,True
20260716,M3,case_td030_pa200_pp0_5_gamma_004__steady,cmaes,21,4.100520551444996,0.11620944602293909,0.06564518438342046,4.9207479938678444,0.16959369839912353,0.06413174145827602,0.31346344663643366,0.09011429067221224,True
20260716,M3,case_td030_pa200_pp0_5_gamma_004__steady,cmaes,22,3.7671951158363854,0.14698828256742183,0.058249891601074896,4.9207479938678444,0.16959369839912353,0.06413174145827602,0.2783753821327234,0.09011429067221224,True
20260716,M3,case_td030_pa200_pp0_5_gamma_004__steady,cmaes,23,4.565675609599213,0.1853299964454464,0.07348757567328118,4.9207479938678444,0.16959369839912353,0.06413174145827602,0.09880075805447164,0.09011429067221224,True
20260716,M3,case_td030_pa200_pp0_5_gamma_004__steady,cmaes,24,4.49695069036459,0.13642540111135612,0.06928631065847672,4.9207479938678444,0.16959369839912353,0.06413174145827602,0.21104530833057758,0.09011429067221224,True
20260716,M3,case_td030_pa200_pp0_5_gamma_004__steady,cmaes,25,4.240370133130163,0.19776180554200995,0.04697710049643893,4.9207479938678444,0.16959369839912353,0.06413174145827602,0.12078397770205081,0.09011429067221224,True
20260716,M3,case_td030_pa200_pp0_5_gamma_004__steady,cmaes,26,3.04369201205808,0.1584520208692648,0.058332478685373126,4.9207479938678444,0.16959369839912353,0.06413174145827602,0.37040855949706486,0.09011429067221224,True
20260716,M3,case_td030_pa200_pp0_5_gamma_004__steady,cmaes,27,4.749654002533174,0.16555035140736674,0.08200009456286253,4.9207479938678444,0.16959369839912353,0.06413174145827602,0.11447460956903248,0.09011429067221224,True
20260716,M3,case_td030_pa200_pp0_5_gamma_004__steady,cmaes,28,4.88791378928326,0.19342722367395654,0.05151264190305205,4.88791378928326,0.19342722367395654,0.05151264190305205,0.058941414821427895,0.058941414821427895,True
20260716,M3,case_td030_pa200_pp0_5_gamma_004__steady,cmaes,29,2.7607529718128205,0.10103465819330026,0.07406988643513146,4.88791378928326,0.19342722367395654,0.05151264190305205,0.533703251117155,0.058941414821427895,True
20260716,M3,case_td030_pa200_pp0_5_gamma_004__steady,cmaes,30,4.967456982957585,0.18272189573718156,0.04074696494286974,4.88791378928326,0.19342722367395654,0.05151264190305205,0.06629643878759583,0.058941414821427895,True
20260716,M3,case_td030_pa200_pp0_5_gamma_004__steady,cmaes,31,4.26806274018133,0.1642297252261745,0.057112562077835466,4.88791378928326,0.19342722367395654,0.05151264190305205,0.17412713442426217,0.058941414821427895,True
20260716,M3,case_td030_pa200_pp0_5_gamma_004__steady,cmaes,32,3.7745583425673797,0.1984705341389874,0.07113769503868445,4.88791378928326,0.19342722367395654,0.05151264190305205,0.18567394435172163,0.058941414821427895,True
20260716,M3,case_td030_pa200_pp0_5_gamma_004__steady,cmaes,33,3.775755458917633,0.15567163199577888,0.07942440820191216,4.88791378928326,0.19342722367395654,0.05151264190305205,0.25799475411948436,0.058941414821427895,True
20260716,M3,case_td030_pa200_pp0_5_gamma_004__steady,cmaes,34,4.602217904397455,0.16915224820273778,0.05017128061248341,4.88791378928326,0.19342722367395654,0.05151264190305205,0.12454289818753658,0.058941414821427895,True
20260716,M3,case_td030_pa200_pp0_5_gamma_004__steady,cmaes,35,3.766594488720261,0.15331787957975704,0.08076729965638049,4.88791378928326,0.19342722367395654,0.05151264190305205,0.2641230288851139,0.058941414821427895,True
20260716,M3,case_td030_pa200_pp0_5_gamma_004__steady,cmaes,36,4.51863036033377,0.10704744999958102,0.0593170689277879,4.88791378928326,0.19342722367395654,0.05151264190305205,0.2971682301092113,0.058941414821427895,True
20260716,M3,case_td030_pa200_pp0_5_gamma_004__steady,cmaes,37,3.4873043920806728,0.15611615003102963,0.09078895632904743,4.88791378928326,0.19342722367395654,0.05151264190305205,0.3005301970231497,0.058941414821427895,True
20260716,M3,case_td030_pa200_pp0_5_gamma_004__steady,cmaes,38,3.501362891414309,0.1413752656589447,0.06416617385672059,4.88791378928326,0.19342722367395654,0.05151264190305205,0.32918467741875734,0.058941414821427895,True
20260716,M3,case_td030_pa200_pp0_5_gamma_004__steady,cmaes,39,3.1861764610931536,0.16629319238113904,0.04012232929643427,4.88791378928326,0.19342722367395654,0.05151264190305205,0.33401157285749067,0.058941414821427895,True
20260716,M3,case_td030_pa200_pp0_5_gamma_004__steady,cmaes,40,3.4996176140057487,0.12834979628343068,0.0648224046529331,4.88791378928326,0.19342722367395654,0.05151264190305205,0.3592648802818058,0.058941414821427895,True
20260716,M3,case_td030_pa200_pp0_5_gamma_004__steady,cmaes,41,3.3708995186290958,0.1487880894493651,0.08176829277818584,4.88791378928326,0.19342722367395654,0.05151264190305205,0.3332271471007766,0.058941414821427895,True
20260716,M3,case_td030_pa200_pp0_5_gamma_004__steady,cmaes,42,4.009817523751249,0.1839094850812404,0.055531078779999105,4.88791378928326,0.19342722367395654,0.05151264190305205,0.17338910090725562,0.058941414821427895,True
20260716,M3,case_td030_pa200_pp0_5_gamma_004__steady,cmaes,43,4.091317580667204,0.1565227082567257,0.04957909417993385,4.88791378928326,0.19342722367395654,0.05151264190305205,0.21367353047927248,0.058941414821427895,True
20260716,M3,case_td030_pa200_pp0_5_gamma_004__steady,cmaes,44,4.4477839984395695,0.1322852121352734,0.0674792836184838,4.88791378928326,0.19342722367395654,0.05151264190305205,0.22777313438292934,0.058941414821427895,True
20260716,M3,case_td030_pa200_pp0_5_gamma_004__steady,cmaes,45,3.6781729575825928,0.19265272607425266,0.06704631258967478,4.88791378928326,0.19342722367395654,0.05151264190305205,0.20939230310490875,0.058941414821427895,True
20260716,M3,case_td030_pa200_pp0_5_gamma_004__steady,cmaes,46,3.730937830856575,0.16844990793399714,0.05270872542984485,4.88791378928326,0.19342722367395654,0.05151264190305205,0.24137165898480484,0.058941414821427895,True
20260716,M3,case_td030_pa200_pp0_5_gamma_004__steady,cmaes,47,3.2808098065612894,0.18616753667287217,0.04816557597966749,4.88791378928326,0.19342722367395654,0.05151264190305205,0.2861480527570137,0.058941414821427895,True
20260716,M3,case_td030_pa200_pp0_5_gamma_004__steady,cmaes,48,1.1703951283224332,0.15729470628586512,0.08018062549580926,4.88791378928326,0.19342722367395654,0.05151264190305205,0.716308920021373,0.058941414821427895,True
20260716,M3,case_td030_pa200_pp0_5_gamma_004__steady,cmaes,49,4.274909980040025,0.12561293253019326,0.06838581469956928,4.88791378928326,0.19342722367395654,0.05151264190305205,0.2659184109570559,0.058941414821427895,True
20260716,M3,case_td030_pa200_pp0_5_gamma_004__steady,cmaes,50,4.290723410728489,0.13437149603265197,0.06507610410310134,4.88791378928326,0.19342722367395654,0.05151264190305205,0.24026933252500124,0.058941414821427895,True
20260716,M3,case_td030_pa200_pp0_5_gamma_004__steady,cmaes,51,4.11988973089284,0.14694553138392005,0.04292003241256403,4.88791378928326,0.19342722367395654,0.05151264190305205,0.2316919138614342,0.058941414821427895,True
20260716,M3,case_td030_pa200_pp0_5_gamma_004__steady,cmaes,52,2.5053768401575165,0.16069007060257404,0.06800554365170045,4.88791378928326,0.19342722367395654,0.05151264190305205,0.46365226522075803,0.058941414821427895,True
20260716,M3,case_td030_pa200_pp0_5_gamma_004__steady,cmaes,53,3.9879184032598114,0.19478055696413477,0.053002773309032795,4.88791378928326,0.19342722367395654,0.05151264190305205,0.15975754775759857,0.058941414821427895,True
20260716,M3,case_td030_pa200_pp0_5_gamma_004__steady,cmaes,54,3.6046522447988796,0.1928583900567546,0.0703217408404643,4.88791378928326,0.19342722367395654,0.05151264190305205,0.22079542466569405,0.058941414821427895,True
20260716,M3,case_td030_pa200_pp0_5_gamma_004__steady,cmaes,55,4.740188386337507,0.16215774964051705,0.0626767518614266,4.88791378928326,0.19342722367395654,0.05151264190305205,0.12301394712863178,0.058941414821427895,True
20260716,M3,case_td030_pa200_pp0_5_gamma_004__steady,cmaes,56,3.200403726338076,0.18960527749519057,0.05822387382994229,4.88791378928326,0.19342722367395654,0.05151264190305205,0.29470848061994137,0.058941414821427895,True
20260716,M3,case_td030_pa200_pp0_5_gamma_004__steady,cmaes,57,3.9435350711663437,0.18396525561063076,0.07396928249640716,4.88791378928326,0.19342722367395654,0.05151264190305205,0.18203616540337605,0.058941414821427895,True
20260716,M3,case_td030_pa200_pp0_5_gamma_004__steady,cmaes,58,4.162227509238485,0.1707789470619417,0.06918048682659736,4.88791378928326,0.19342722367395654,0.05151264190305205,0.17462359627229565,0.058941414821427895,True
20260716,M3,case_td030_pa200_pp0_5_gamma_004__steady,cmaes,59,4.196875603366772,0.16710045919828603,0.06776833844950282,4.88791378928326,0.19342722367395654,0.05151264190305205,0.17711973713223197,0.058941414821427895,True
20260716,M3,case_td030_pa200_pp0_5_gamma_004__steady,cmaes,60,3.720057840191314,0.15725717340182843,0.06306875704124504,4.88791378928326,0.19342722367395654,0.05151264190305205,0.26357605548967145,0.058941414821427895,True
20260716,M3,case_td030_pa200_pp0_5_gamma_004__steady,cmaes,61,4.629482547683619,0.08921844597353348,0.0574150947032726,4.88791378928326,0.19342722367395654,0.05151264190305205,0.3492683424604018,0.058941414821427895,True
20260716,M3,case_td030_pa200_pp0_5_gamma_004__steady,cmaes,62,3.995240148382111,0.15889161008296648,0.05762246719075774,4.88791378928326,0.19342722367395654,0.05151264190305205,0.221215065663409,0.058941414821427895,True
20260716,M3,case_td030_pa200_pp0_5_gamma_004__steady,cmaes,63,2.9122711343266685,0.19777100936543401,0.06725194651144673,4.88791378928326,0.19342722367395654,0.05151264190305205,0.33618025005019514,0.058941414821427895,True
20260716,M3,case_td030_pa200_pp0_5_gamma_004__steady,cmaes,64,4.19376587987979,0.16223999049941357,0.052166502504020336,4.88791378928326,0.19342722367395654,0.05151264190305205,0.18808211597807134,0.058941414821427895,True
20260716,M3,case_td030_pa200_pp0_5_gamma_004__steady,cmaes,65,3.4738635485132474,0.15557628985643862,0.05753160886320817,4.88791378928326,0.19342722367395654,0.05151264190305205,0.30472755425762166,0.058941414821427895,True
20260716,M3,case_td030_pa200_pp0_5_gamma_004__steady,cmaes,66,4.037502466742031,0.14607438691681993,0.06734796327028633,4.88791378928326,0.19342722367395654,0.05151264190305205,0.24287489637790224,0.058941414821427895,True
20260716,M3,case_td030_pa200_pp0_5_gamma_004__steady,cmaes,67,4.015803580763423,0.17484016769555094,0.05592210375040926,4.88791378928326,0.19342722367395654,0.05151264190305205,0.18799496886329356,0.058941414821427895,True
20260716,M3,case_td030_pa200_pp0_5_gamma_004__steady,cmaes,68,3.43600203165491,0.1938883323494719,0.07595164732931478,4.88791378928326,0.19342722367395654,0.05151264190305205,0.24714763216120939,0.058941414821427895,True
20260716,M3,case_td030_pa200_pp0_5_gamma_004__steady,cmaes,69,3.45160394218883,0.14512092983366084,0.08007133760218207,4.88791378928326,0.19342722367395654,0.05151264190305205,0.32818255965060084,0.058941414821427895,True
20260716,M3,case_td030_pa200_pp0_5_gamma_004__steady,cmaes,70,4.216738216468903,0.15978127233161665,0.06903297248866876,4.88791378928326,0.19342722367395654,0.05151264190305205,0.1892685765643133,0.058941414821427895,True
20260716,M3,case_td030_pa200_pp0_5_gamma_004__steady,cmaes,71,3.4798219127220316,0.1621809590420169,0.07877540141338171,4.88791378928326,0.19342722367395654,0.05151264190305205,0.2905485865182183,0.058941414821427895,True
20260716,M3,case_td030_pa200_pp0_5_gamma_004__steady,cmaes,72,4.2716690183664845,0.16216446946958718,0.07521866887965376,4.88791378928326,0.19342722367395654,0.05151264190305205,0.17709858129213857,0.058941414821427895,True
20260716,M3,case_td030_pa200_pp0_5_gamma_004__steady,cmaes,73,4.153547462475521,0.17521451933944793,0.06542322333546761,4.88791378928326,0.19342722367395654,0.05151264190305205,0.1677983662408003,0.058941414821427895,True
20260716,M3,case_td030_pa200_pp0_5_gamma_004__steady,cmaes,74,4.052470552415613,0.195407449374092,0.05851757636480669,4.88791378928326,0.19342722367395654,0.05151264190305205,0.14921303637035158,0.058941414821427895,True
20260716,M3,case_td030_pa200_pp0_5_gamma_004__steady,cmaes,75,4.564772312550941,0.17071742147104496,0.06933010345643068,4.88791378928326,0.19342722367395654,0.05151264190305205,0.12473592818869034,0.058941414821427895,True
20260716,M3,case_td030_pa200_pp0_5_gamma_004__steady,cmaes,76,3.886485177213182,0.18300608983380395,0.06724607653651957,4.88791378928326,0.19342722367395654,0.05151264190305205,0.192230782903789,0.058941414821427895,True
20260716,M3,case_td030_pa200_pp0_5_gamma_004__steady,cmaes,77,4.058466853106591,0.19396456946513252,0.06442322900046231,4.88791378928326,0.19342722367395654,0.05151264190305205,0.1502142893167416,0.058941414821427895,True
20260716,M3,case_td030_pa200_pp0_5_gamma_004__steady,cmaes,78,3.917919540852017,0.19445740067381406,0.07221499923182897,4.88791378928326,0.19342722367395654,0.05151264190305205,0.1696042705043365,0.058941414821427895,True
20260716,M3,case_td030_pa200_pp0_5_gamma_004__steady,cmaes,79,4.257620146988618,0.18991092709140295,0.0625697166299619,4.88791378928326,0.19342722367395654,0.05151264190305205,0.12935682810716045,0.058941414821427895,True
20260716,M3,case_td030_pa200_pp0_5_gamma_004__steady,cmaes,80,4.498195011804123,0.1815623909865987,0.07571446209124111,4.88791378928326,0.19342722367395654,0.05151264190305205,0.11267300634823157,0.058941414821427895,True
20260716,M3,case_td030_pa200_pp0_5_gamma_004__steady,cmaes,81,4.2735518902416665,0.18119415664025634,0.06030995290030821,4.88791378928326,0.19342722367395654,0.05151264190305205,0.14165575210098907,0.058941414821427895,True
20260716,M3,case_td030_pa200_pp0_5_gamma_004__steady,cmaes,82,3.6070940106543112,0.1616121271512593,0.06863966466735648,4.88791378928326,0.19342722367395654,0.05151264190305205,0.2719974946428518,0.058941414821427895,True
20260716,M3,case_td030_pa200_pp0_5_gamma_004__steady,cmaes,83,4.183781640682538,0.19514015508456517,0.07705038532295344,4.88791378928326,0.19342722367395654,0.05151264190305205,0.1307071609605554,0.058941414821427895,True
20260716,M3,case_td030_pa200_pp0_5_gamma_004__steady,cmaes,84,4.712062748024681,0.18387281790767496,0.07187333402365258,4.88791378928326,0.19342722367395654,0.05151264190305205,0.08562610253617685,0.058941414821427895,True
20260716,M3,case_td030_pa200_pp0_5_gamma_004__steady,cmaes,85,3.862654757182295,0.17743467086498554,0.06907423061082295,4.88791378928326,0.19342722367395654,0.05151264190305205,0.2049733278738841,0.058941414821427895,True
20260716,M3,case_td030_pa200_pp0_5_gamma_004__steady,cmaes,86,4.5073363693489625,0.167029318664685,0.05016007734591858,4.88791378928326,0.19342722367395654,0.05151264190305205,0.13963456922710396,0.058941414821427895,True
20260716,M3,case_td030_pa200_pp0_5_gamma_004__steady,cmaes,87,4.5701530525471465,0.1556123802085027,0.06300936000069454,4.88791378928326,0.19342722367395654,0.05151264190305205,0.1558880221432445,0.058941414821427895,True
20260716,M3,case_td030_pa200_pp0_5_gamma_004__steady,cmaes,88,4.1860095917044955,0.18839158381573878,0.06460097396173695,4.88791378928326,0.19342722367395654,0.05151264190305205,0.14116831532922125,0.058941414821427895,True
20260716,M3,case_td030_pa200_pp0_5_gamma_004__steady,cmaes,89,4.396192915493906,0.17171982097073887,0.0735614155500004,4.88791378928326,0.19342722367395654,0.05151264190305205,0.14267174485629686,0.058941414821427895,True
20260716,M3,case_td030_pa200_pp0_5_gamma_004__steady,cmaes,90,4.8111796090751735,0.19224880315392107,0.06572076885614672,4.88791378928326,0.19342722367395654,0.05151264190305205,0.06519665582682932,0.058941414821427895,True
20260716,M3,case_td030_pa200_pp0_5_gamma_004__steady,cmaes,91,4.944266910661257,0.17503196732414578,0.0651834335109698,4.88791378928326,0.19342722367395654,0.05151264190305205,0.07838993991083365,0.058941414821427895,True
20260716,M3,case_td030_pa200_pp0_5_gamma_004__steady,cmaes,92,4.909495940429681,0.1999692315954506,0.055083536208336115,4.909495940429681,0.1999692315954506,0.055083536208336115,0.05258529001098062,0.05258529001098062,True
20260716,M3,case_td030_pa200_pp0_5_gamma_004__steady,cmaes,93,4.507454921483775,0.18679412497649472,0.07898589187903023,4.909495940429681,0.1999692315954506,0.055083536208336115,0.1029568794411154,0.05258529001098062,True
20260716,M3,case_td030_pa200_pp0_5_gamma_004__steady,cmaes,94,3.7316848059826224,0.19769238669235184,0.062190942646225794,4.909495940429681,0.1999692315954506,0.055083536208336115,0.19385587809801197,0.05258529001098062,True
20260716,M3,case_td030_pa200_pp0_5_gamma_004__steady,cmaes,95,4.310796408932413,0.186731875824442,0.0686407825305904,4.909495940429681,0.1999692315954506,0.055083536208336115,0.1272727416323694,0.05258529001098062,True
20260716,M3,case_td030_pa200_pp0_5_gamma_004__steady,cmaes,96,4.832535798864992,0.16893994405431784,0.07274088835863488,4.909495940429681,0.1999692315954506,0.055083536208336115,0.09951069343866506,0.05258529001098062,True
20260716,M3,case_td030_pa200_pp0_5_gamma_004__steady,cmaes,97,4.283556389994114,0.16630015955377214,0.05084748230892202,4.909495940429681,0.1999692315954506,0.055083536208336115,0.1684261535592699,0.05258529001098062,True
20260716,M3,case_td030_pa200_pp0_5_gamma_004__steady,cmaes,98,4.77076541011208,0.18526325212230121,0.07921353807757257,4.909495940429681,0.1999692315954506,0.055083536208336115,0.07768157094045804,0.05258529001098062,True
20260716,M3,case_td030_pa200_pp0_5_gamma_004__steady,cmaes,99,4.308500774681589,0.15977070552613326,0.06700272344904822,4.909495940429681,0.1999692315954506,0.055083536208336115,0.17772615563621671,0.05258529001098062,True
20260716,M3,case_td030_pa200_pp0_5_gamma_004__steady,cmaes,100,4.820026663390157,0.1813762824007047,0.06125799051245283,4.909495940429681,0.1999692315954506,0.055083536208336115,0.07948346902690558,0.05258529001098062,True
20260716,M3,case_td030_pa200_pp0_5_gamma_004__steady,tpe,1,3.0,0.125,0.07,3.0,0.125,0.07,0.4420755918508906,0.4420755918508906,True
20260716,M3,case_td030_pa200_pp0_5_gamma_004__steady,tpe,2,2.36137187198868,0.18573081409075187,0.08906533741209491,3.0,0.125,0.07,0.45795827673860706,0.4420755918508906,True
20260716,M3,case_td030_pa200_pp0_5_gamma_004__steady,tpe,3,1.186560452202856,0.07036172376263519,0.046258668773498754,3.0,0.125,0.07,0.80670254942031,0.4420755918508906,True
20260716,M3,case_td030_pa200_pp0_5_gamma_004__steady,tpe,4,4.641467579495799,0.13666962633823376,0.09792078515249358,4.641467579495799,0.13666962633823376,0.09792078515249358,0.19464381950716492,0.19464381950716492,True
20260716,M3,case_td030_pa200_pp0_5_gamma_004__steady,tpe,5,1.7182120533996685,0.12395178380907092,0.04187348210531911,4.641467579495799,0.13666962633823376,0.09792078515249358,0.6599319971262058,0.19464381950716492,True
20260716,M3,case_td030_pa200_pp0_5_gamma_004__steady,tpe,6,2.154821457574967,0.10554195854604953,0.05038442422834239,4.641467579495799,0.13666962633823376,0.09792078515249358,0.6178038799467203,0.19464381950716492,True
20260716,M3,case_td030_pa200_pp0_5_gamma_004__steady,tpe,7,3.6776609591021105,0.07671312629818762,0.06518743383750222,4.641467579495799,0.13666962633823376,0.09792078515249358,0.48791152064602017,0.19464381950716492,True
20260716,M3,case_td030_pa200_pp0_5_gamma_004__steady,tpe,8,3.768104261786241,0.16787216641203062,0.05727384735138738,4.641467579495799,0.13666962633823376,0.09792078515249358,0.23652908906725978,0.19464381950716492,True
20260716,M3,case_td030_pa200_pp0_5_gamma_004__steady,tpe,9,3.181876045399136,0.11214952270399806,0.06565477324057314,4.641467579495799,0.13666962633823376,0.09792078515249358,0.44512893458490127,0.19464381950716492,True
20260716,M3,case_td030_pa200_pp0_5_gamma_004__steady,tpe,10,4.721867396480333,0.1951618283978943,0.06447556934563638,4.721867396480333,0.1951618283978943,0.06447556934563638,0.06921241805924414,0.06921241805924414,True
20260716,M3,case_td030_pa200_pp0_5_gamma_004__steady,tpe,11,4.110431248996205,0.05317848854953672,0.058388796944464166,4.721867396480333,0.1951618283978943,0.06447556934563638,0.5308529351493841,0.06921241805924414,True
20260716,M3,case_td030_pa200_pp0_5_gamma_004__steady,tpe,12,2.9733852097077325,0.06652231313201572,0.06039925978222993,4.721867396480333,0.1951618283978943,0.06447556934563638,0.5994051544923124,0.06921241805924414,True
20260716,M3,case_td030_pa200_pp0_5_gamma_004__steady,tpe,13,2.102639144778673,0.05205055386649435,0.0854100733985593,4.721867396480333,0.1951618283978943,0.06447556934563638,0.7335468948122018,0.06921241805924414,True
20260716,M3,case_td030_pa200_pp0_5_gamma_004__steady,tpe,14,2.511081790037059,0.09715402557121153,0.08056151392494719,4.721867396480333,0.1951618283978943,0.06447556934563638,0.5793209438143238,0.06921241805924414,True
20260716,M3,case_td030_pa200_pp0_5_gamma_004__steady,tpe,15,1.7045112292725406,0.18549853811670158,0.06732199160750935,4.721867396480333,0.1951618283978943,0.06447556934563638,0.5904991870690961,0.06921241805924414,True
20260716,M3,case_td030_pa200_pp0_5_gamma_004__steady,tpe,16,4.566752954604354,0.15097271190082023,0.0990445484205759,4.721867396480333,0.1951618283978943,0.06447556934563638,0.16657613754032555,0.06921241805924414,True
20260716,M3,case_td030_pa200_pp0_5_gamma_004__steady,tpe,17,4.391492829483814,0.19899902375313608,0.07436573414645625,4.721867396480333,0.1951618283978943,0.06447556934563638,0.09862176781082481,0.06921241805924414,True
20260716,M3,case_td030_pa200_pp0_5_gamma_004__steady,tpe,18,4.6728883506387895,0.1717513822915554,0.07150536761994583,4.721867396480333,0.1951618283978943,0.06447556934563638,0.11068798869895446,0.06921241805924414,True
20260716,M3,case_td030_pa200_pp0_5_gamma_004__steady,tpe,19,4.594046889498502,0.18964865443279622,0.05014156852204479,4.721867396480333,0.1951618283978943,0.06447556934563638,0.0900950278743874,0.06921241805924414,True
20260716,M3,case_td030_pa200_pp0_5_gamma_004__steady,tpe,20,4.982715351017755,0.16529801602093794,0.04659272976526031,4.721867396480333,0.1951618283978943,0.06447556934563638,0.09363914511262379,0.06921241805924414,True
20260716,M3,case_td030_pa200_pp0_5_gamma_004__steady,tpe,21,3.541144003574405,0.18504062414528813,0.04331500125950306,4.721867396480333,0.1951618283978943,0.06447556934563638,0.2443701160873674,0.06921241805924414,True
20260716,M3,case_td030_pa200_pp0_5_gamma_004__steady,tpe,22,4.805390733702951,0.14043054817569908,0.041218980571856176,4.721867396480333,0.1951618283978943,0.06447556934563638,0.16945124485427346,0.06921241805924414,True
20260716,M3,case_td030_pa200_pp0_5_gamma_004__steady,tpe,23,4.5990496720116765,0.1743066647554649,0.05259545686032988,4.721867396480333,0.1951618283978943,0.06447556934563638,0.11495445423388743,0.06921241805924414,True
20260716,M3,case_td030_pa200_pp0_5_gamma_004__steady,tpe,24,4.958513304463748,0.16952139963090931,0.04635472174663281,4.721867396480333,0.1951618283978943,0.06447556934563638,0.08778393751912353,0.06921241805924414,True
20260716,M3,case_td030_pa200_pp0_5_gamma_004__steady,tpe,25,4.616349214232426,0.19277855768133215,0.05864734291762213,4.721867396480333,0.1951618283978943,0.06447556934563638,0.08272285001562636,0.06921241805924414,True
20260716,M3,case_td030_pa200_pp0_5_gamma_004__steady,tpe,26,4.612995531369251,0.1994232446716747,0.058395281194930725,4.721867396480333,0.1951618283978943,0.06447556934563638,0.0743420535877089,0.06921241805924414,True
20260716,M3,case_td030_pa200_pp0_5_gamma_004__steady,tpe,27,3.973089187559285,0.18979157364585766,0.06480825060721677,4.721867396480333,0.1951618283978943,0.06447556934563638,0.16882375355309315,0.06921241805924414,True
20260716,M3,case_td030_pa200_pp0_5_gamma_004__steady,tpe,28,4.945138859228956,0.18304979885352182,0.06890695699415264,4.945138859228956,0.18304979885352182,0.06890695699415264,0.06621801777225653,0.06621801777225653,True
20260716,M3,case_td030_pa200_pp0_5_gamma_004__steady,tpe,29,4.832419411248844,0.17732552457871156,0.07463350007425062,4.945138859228956,0.18304979885352182,0.06890695699415264,0.08441760437067368,0.06621801777225653,True
20260716,M3,case_td030_pa200_pp0_5_gamma_004__steady,tpe,30,3.9107944202432705,0.14474138777719628,0.06964172807052084,4.945138859228956,0.18304979885352182,0.06890695699415264,0.2628241521767132,0.06621801777225653,True
20260716,M3,case_td030_pa200_pp0_5_gamma_004__steady,tpe,31,4.979249918455156,0.07948218575415894,0.07611359221143417,4.945138859228956,0.18304979885352182,0.06890695699415264,0.35651922737998,0.06621801777225653,True
20260716,M3,case_td030_pa200_pp0_5_gamma_004__steady,tpe,32,4.991486249209899,0.19953808388290403,0.06562740783629935,4.991486249209899,0.19953808388290403,0.06562740783629935,0.05018452727629023,0.05018452727629023,True
20260716,M3,case_td030_pa200_pp0_5_gamma_004__steady,tpe,33,4.993773414726057,0.19341304534779047,0.06192809530398031,4.991486249209899,0.19953808388290403,0.06562740783629935,0.05301167374152721,0.05018452727629023,True
20260716,M3,case_td030_pa200_pp0_5_gamma_004__steady,tpe,34,4.946154632290206,0.1557888404513243,0.06595967100652196,4.991486249209899,0.19953808388290403,0.06562740783629935,0.1161758753870438,0.05018452727629023,True
20260716,M3,case_td030_pa200_pp0_5_gamma_004__steady,tpe,35,4.972390315691061,0.18797782737919508,0.06699886864354136,4.991486249209899,0.19953808388290403,0.06562740783629935,0.05857700078105808,0.05018452727629023,True
20260716,M3,case_td030_pa200_pp0_5_gamma_004__steady,tpe,36,4.9804486657377955,0.19616298790026618,0.06682417142076365,4.991486249209899,0.19953808388290403,0.06562740783629935,0.0518052237020387,0.05018452727629023,True
20260716,M3,case_td030_pa200_pp0_5_gamma_004__steady,tpe,37,4.9981518999002965,0.18873079863430764,0.06485251816439797,4.991486249209899,0.19953808388290403,0.06562740783629935,0.05641241066179346,0.05018452727629023,True
20260716,M3,case_td030_pa200_pp0_5_gamma_004__steady,tpe,38,1.2132580140956273,0.0954264058304969,0.06682143201336149,4.991486249209899,0.19953808388290403,0.06562740783629935,0.771764938052861,0.05018452727629023,True
20260716,M3,case_td030_pa200_pp0_5_gamma_004__steady,tpe,39,1.6172197706083782,0.14491962846771667,0.08282390031690857,4.991486249209899,0.19953808388290403,0.06562740783629935,0.6498354432949323,0.05018452727629023,True
20260716,M3,case_td030_pa200_pp0_5_gamma_004__steady,tpe,40,4.115403211954875,0.0745161556683533,0.09266168961092112,4.991486249209899,0.19953808388290403,0.06562740783629935,0.4504706290046732,0.05018452727629023,True
20260716,M3,case_td030_pa200_pp0_5_gamma_004__steady,tpe,41,4.9242452442842595,0.18874437017818393,0.05772160463864872,4.991486249209899,0.19953808388290403,0.06562740783629935,0.06115774298919013,0.05018452727629023,True
20260716,M3,case_td030_pa200_pp0_5_gamma_004__steady,tpe,42,4.794543260522859,0.18657395845506303,0.06288123858846191,4.991486249209899,0.19953808388290403,0.06562740783629935,0.07404780331776245,0.05018452727629023,True
20260716,M3,case_td030_pa200_pp0_5_gamma_004__steady,tpe,43,4.779785932759664,0.19723354787665226,0.0777500705282864,4.991486249209899,0.19953808388290403,0.06562740783629935,0.06185663906159226,0.05018452727629023,True
20260716,M3,case_td030_pa200_pp0_5_gamma_004__steady,tpe,44,4.7031199289324945,0.19814931451165835,0.06571310231301446,4.991486249209899,0.19953808388290403,0.06562740783629935,0.0672843219696612,0.05018452727629023,True
20260716,M3,case_td030_pa200_pp0_5_gamma_004__steady,tpe,45,4.934180702912342,0.15694483316149385,0.06475765291208169,4.991486249209899,0.19953808388290403,0.06562740783629935,0.11476484317561036,0.05018452727629023,True
20260716,M3,case_td030_pa200_pp0_5_gamma_004__steady,tpe,46,4.7743713323636925,0.19054573846917644,0.07680689494982694,4.991486249209899,0.19953808388290403,0.06562740783629935,0.07009217758743663,0.05018452727629023,True
20260716,M3,case_td030_pa200_pp0_5_gamma_004__steady,tpe,47,4.847622178991222,0.17977447607463345,0.061466551627182196,4.991486249209899,0.19953808388290403,0.06562740783629935,0.07945013630697392,0.05018452727629023,True
20260716,M3,case_td030_pa200_pp0_5_gamma_004__steady,tpe,48,4.955076470803827,0.19655572383308775,0.07139952217551972,4.991486249209899,0.19953808388290403,0.06562740783629935,0.05244384615522992,0.05018452727629023,True
20260716,M3,case_td030_pa200_pp0_5_gamma_004__steady,tpe,49,3.3594524325850434,0.18248614049588927,0.0758412697764733,4.991486249209899,0.19953808388290403,0.06562740783629935,0.27676456607270317,0.05018452727629023,True
20260716,M3,case_td030_pa200_pp0_5_gamma_004__steady,tpe,50,4.8321466566125615,0.1991916109758026,0.06747058548944479,4.991486249209899,0.19953808388290403,0.06562740783629935,0.05668991290824918,0.05018452727629023,True
20260716,M3,case_td030_pa200_pp0_5_gamma_004__steady,tpe,51,4.931853288773017,0.179036530685696,0.08459683689363962,4.991486249209899,0.19953808388290403,0.06562740783629935,0.0727381594452939,0.05018452727629023,True
20260716,M3,case_td030_pa200_pp0_5_gamma_004__steady,tpe,52,4.952072591414446,0.19696754475302955,0.058635885214464105,4.991486249209899,0.19953808388290403,0.06562740783629935,0.05254935661053059,0.05018452727629023,True
20260716,M3,case_td030_pa200_pp0_5_gamma_004__steady,tpe,53,3.0681001171981164,0.1932022661717469,0.09585379121492987,4.991486249209899,0.19953808388290403,0.06562740783629935,0.3127853672982013,0.05018452727629023,True
20260716,M3,case_td030_pa200_pp0_5_gamma_004__steady,tpe,54,4.979049310740609,0.1822181921080256,0.06350710757522322,4.991486249209899,0.19953808388290403,0.06562740783629935,0.06495856114882304,0.05018452727629023,True
20260716,M3,case_td030_pa200_pp0_5_gamma_004__steady,tpe,55,4.9687743240344275,0.1868748399189745,0.06378226036818023,4.991486249209899,0.19953808388290403,0.06562740783629935,0.06005957339016211,0.05018452727629023,True
20260716,M3,case_td030_pa200_pp0_5_gamma_004__steady,tpe,56,2.1374176282375172,0.13832075002800712,0.09889754311179384,4.991486249209899,0.19953808388290403,0.06562740783629935,0.5640762012436303,0.05018452727629023,True
20260716,M3,case_td030_pa200_pp0_5_gamma_004__steady,tpe,57,4.9737594165042855,0.19867686353517244,0.05032718807744162,4.991486249209899,0.19953808388290403,0.06562740783629935,0.051148669844873366,0.05018452727629023,True
20260716,M3,case_td030_pa200_pp0_5_gamma_004__steady,tpe,58,4.544527704275163,0.19936363958912265,0.051120033946995234,4.991486249209899,0.19953808388290403,0.06562740783629935,0.08178351310991437,0.05018452727629023,True
20260716,M3,case_td030_pa200_pp0_5_gamma_004__steady,tpe,59,3.3745892570698155,0.12797152583590204,0.04682729361395822,4.991486249209899,0.19953808388290403,0.06562740783629935,0.37950429856318674,0.05018452727629023,True
20260716,M3,case_td030_pa200_pp0_5_gamma_004__steady,tpe,60,4.87833832513305,0.19366353519306478,0.054018683528199066,4.991486249209899,0.19953808388290403,0.06562740783629935,0.05922439306428583,0.05018452727629023,True
20260716,M3,case_td030_pa200_pp0_5_gamma_004__steady,tpe,61,3.8077741442240676,0.18946509037637854,0.05923483721915872,4.991486249209899,0.19953808388290403,0.06562740783629935,0.1942956420579481,0.05018452727629023,True
20260716,M3,case_td030_pa200_pp0_5_gamma_004__steady,tpe,62,4.735302803407392,0.19743046711857482,0.06309981840704215,4.991486249209899,0.19953808388290403,0.06562740783629935,0.06547403920019451,0.05018452727629023,True
20260716,M3,case_td030_pa200_pp0_5_gamma_004__steady,tpe,63,4.727003765045589,0.19724046318287886,0.04311700159388584,4.991486249209899,0.19953808388290403,0.06562740783629935,0.06738340506396677,0.05018452727629023,True
20260716,M3,case_td030_pa200_pp0_5_gamma_004__steady,tpe,64,4.863185108947297,0.1941886297852057,0.07544300920951212,4.991486249209899,0.19953808388290403,0.06562740783629935,0.05910777683200952,0.05018452727629023,True
20260716,M3,case_td030_pa200_pp0_5_gamma_004__steady,tpe,65,4.88208770849193,0.19752189539875692,0.06040991679266643,4.991486249209899,0.19953808388290403,0.06562740783629935,0.05537624247536744,0.05018452727629023,True
20260716,M3,case_td030_pa200_pp0_5_gamma_004__steady,tpe,66,4.904805759783184,0.17120332493851215,0.053008107153592894,4.991486249209899,0.19953808388290403,0.06562740783629935,0.08918476543411616,0.05018452727629023,True
20260716,M3,case_td030_pa200_pp0_5_gamma_004__steady,tpe,67,4.635773592302165,0.060651832530861954,0.042879356088050546,4.991486249209899,0.19953808388290403,0.06562740783629935,0.4596959650824682,0.05018452727629023,True
20260716,M3,case_td030_pa200_pp0_5_gamma_004__steady,tpe,68,4.961065430288905,0.19983995785639683,0.0449066092675931,4.991486249209899,0.19953808388290403,0.06562740783629935,0.05115737594744064,0.05018452727629023,True
20260716,M3,case_td030_pa200_pp0_5_gamma_004__steady,tpe,69,4.568924925528091,0.18895342974264448,0.044344514081975935,4.991486249209899,0.19953808388290403,0.06562740783629935,0.09430026739643806,0.05018452727629023,True
20260716,M3,case_td030_pa200_pp0_5_gamma_004__steady,tpe,70,4.955127579513583,0.19201054912952636,0.04097128570946755,4.991486249209899,0.19953808388290403,0.06562740783629935,0.05672237673429802,0.05018452727629023,True
20260716,M3,case_td030_pa200_pp0_5_gamma_004__steady,tpe,71,4.86912422112387,0.19359747825006912,0.04676409485245976,4.991486249209899,0.19953808388290403,0.06562740783629935,0.060241091231956825,0.05018452727629023,True
20260716,M3,case_td030_pa200_pp0_5_gamma_004__steady,tpe,72,2.5898808751686806,0.14823589699650255,0.062139152147346326,4.991486249209899,0.19953808388290403,0.06562740783629935,0.46760051232574973,0.05018452727629023,True
20260716,M3,case_td030_pa200_pp0_5_gamma_004__steady,tpe,73,3.3524492935592924,0.05056410974164638,0.0409429677165558,4.991486249209899,0.19953808388290403,0.06562740783629935,0.6101728614994512,0.05018452727629023,True
20260716,M3,case_td030_pa200_pp0_5_gamma_004__steady,tpe,74,4.8950054859977525,0.19831261035665446,0.06133267942452156,4.991486249209899,0.19953808388290403,0.06562740783629935,0.054111131728283864,0.05018452727629023,True
20260716,M3,case_td030_pa200_pp0_5_gamma_004__steady,tpe,75,4.892642506378013,0.19822579187139175,0.05803893731771756,4.991486249209899,0.19953808388290403,0.06562740783629935,0.05437469963716403,0.05018452727629023,True
20260716,M3,case_td030_pa200_pp0_5_gamma_004__steady,tpe,76,3.8792458601382527,0.19580552627380232,0.06047287120788397,4.991486249209899,0.19953808388290403,0.06562740783629935,0.17389792786029362,0.05018452727629023,True
20260716,M3,case_td030_pa200_pp0_5_gamma_004__steady,tpe,77,1.8513111253278811,0.1557349813545697,0.04498114644094439,4.991486249209899,0.19953808388290403,0.06562740783629935,0.5953835179944655,0.05018452727629023,True
20260716,M3,case_td030_pa200_pp0_5_gamma_004__steady,tpe,78,4.379816823555035,0.19685547553908747,0.06894741190808526,4.991486249209899,0.19953808388290403,0.06562740783629935,0.10320499922438328,0.05018452727629023,True
20260716,M3,case_td030_pa200_pp0_5_gamma_004__steady,tpe,79,4.428700770224562,0.19969866066706368,0.053470859776571164,4.991486249209899,0.19953808388290403,0.06562740783629935,0.09413070505580537,0.05018452727629023,True
20260716,M3,case_td030_pa200_pp0_5_gamma_004__steady,tpe,80,4.95340822257748,0.18084241223514838,0.056169360641042915,4.991486249209899,0.19953808388290403,0.06562740783629935,0.06906838734825113,0.05018452727629023,True
20260716,M3,case_td030_pa200_pp0_5_gamma_004__steady,tpe,81,1.196804461874912,0.14789785774131753,0.06642563105507067,4.991486249209899,0.19953808388290403,0.06562740783629935,0.7203791215387155,0.05018452727629023,True
20260716,M3,case_td030_pa200_pp0_5_gamma_004__steady,tpe,82,4.85229119984545,0.19745722409021924,0.06429509776111778,4.991486249209899,0.19953808388290403,0.06562740783629935,0.05702133078915769,0.05018452727629023,True
20260716,M3,case_td030_pa200_pp0_5_gamma_004__steady,tpe,83,4.7364851659071086,0.1984155835747693,0.06061105937409026,4.991486249209899,0.19953808388290403,0.06562740783629935,0.06438667950383052,0.05018452727629023,True
20260716,M3,case_td030_pa200_pp0_5_gamma_004__steady,tpe,84,4.775162971039267,0.19953024338974762,0.050664358165144904,4.991486249209899,0.19953808388290403,0.06562740783629935,0.06071519595069618,0.05018452727629023,True
20260716,M3,case_td030_pa200_pp0_5_gamma_004__steady,tpe,85,4.923270254464599,0.19756556308112408,0.053845562941549185,4.991486249209899,0.19953808388290403,0.06562740783629935,0.05350928617470352,0.05018452727629023,True
20260716,M3,case_td030_pa200_pp0_5_gamma_004__steady,tpe,86,3.9972468000526185,0.15299292590239189,0.04986784725805795,4.991486249209899,0.19953808388290403,0.06562740783629935,0.2338562727314913,0.05018452727629023,True
20260716,M3,case_td030_pa200_pp0_5_gamma_004__steady,tpe,87,1.6482743903432513,0.08697221338096991,0.09649688501819652,4.991486249209899,0.19953808388290403,0.06562740783629935,0.7231947642808658,0.05018452727629023,True
20260716,M3,case_td030_pa200_pp0_5_gamma_004__steady,tpe,88,4.860328713885137,0.1997530455471327,0.07143891153967938,4.991486249209899,0.19953808388290403,0.06562740783629935,0.054616136189356006,0.05018452727629023,True
20260716,M3,case_td030_pa200_pp0_5_gamma_004__steady,tpe,89,3.8378381051074366,0.19384620786251822,0.04012737291937453,4.991486249209899,0.19953808388290403,0.06562740783629935,0.18449087017443128,0.05018452727629023,True
20260716,M3,case_td030_pa200_pp0_5_gamma_004__steady,tpe,90,4.812492714155194,0.19655452664591755,0.053065507132005,4.991486249209899,0.19953808388290403,0.06562740783629935,0.06087725741016805,0.05018452727629023,True
20260716,M3,case_td030_pa200_pp0_5_gamma_004__steady,tpe,91,4.932732838659139,0.19969077906675897,0.05796132960749682,4.991486249209899,0.19953808388290403,0.06562740783629935,0.05180067116942682,0.05018452727629023,True
20260716,M3,case_td030_pa200_pp0_5_gamma_004__steady,tpe,92,4.954147864875375,0.1983460249842184,0.061519615085523636,4.991486249209899,0.19953808388290403,0.06562740783629935,0.051669909229681205,0.05018452727629023,True
20260716,M3,case_td030_pa200_pp0_5_gamma_004__steady,tpe,93,4.051884576927022,0.1641403147091774,0.06649109067008088,4.991486249209899,0.19953808388290403,0.06562740783629935,0.20243575201513508,0.05018452727629023,True
20260716,M3,case_td030_pa200_pp0_5_gamma_004__steady,tpe,94,4.760049624502391,0.19998129451727897,0.047077877033675566,4.991486249209899,0.19953808388290403,0.06562740783629935,0.061557844880573316,0.05018452727629023,True
20260716,M3,case_td030_pa200_pp0_5_gamma_004__steady,tpe,95,4.928772681310437,0.19835397294862583,0.053103664394051134,4.991486249209899,0.19953808388290403,0.06562740783629935,0.05280152953969368,0.05018452727629023,True
20260716,M3,case_td030_pa200_pp0_5_gamma_004__steady,tpe,96,4.7430125081853625,0.16739119902160698,0.05660959997133497,4.991486249209899,0.19953808388290403,0.06562740783629935,0.11231122622393974,0.05018452727629023,True
20260716,M3,case_td030_pa200_pp0_5_gamma_004__steady,tpe,97,4.94242634586314,0.19077155802763707,0.06365170639638663,4.991486249209899,0.19953808388290403,0.06562740783629935,0.05770207824966543,0.05018452727629023,True
20260716,M3,case_td030_pa200_pp0_5_gamma_004__steady,tpe,98,4.946439319277009,0.19759051507303316,0.07043948375471884,4.991486249209899,0.19953808388290403,0.06562740783629935,0.052194977371167725,0.05018452727629023,True
20260716,M3,case_td030_pa200_pp0_5_gamma_004__steady,tpe,99,1.2766902275294576,0.19321433903777552,0.09643873950923526,4.991486249209899,0.19953808388290403,0.06562740783629935,0.6665981707011546,0.05018452727629023,True
20260716,M3,case_td030_pa200_pp0_5_gamma_004__steady,tpe,100,3.122830358403797,0.10349116742393641,0.09242034871814048,4.991486249209899,0.19953808388290403,0.06562740783629935,0.47511112676082,0.05018452727629023,True
20260716,M3,case_td030_pa200_pp0_5_gamma_004__steady,random,1,3.0,0.125,0.07,3.0,0.125,0.07,0.4420755918508906,0.4420755918508906,True
20260716,M3,case_td030_pa200_pp0_5_gamma_004__steady,random,2,4.282526405611289,0.06043869922459105,0.06480827202405363,3.0,0.125,0.07,0.4884095067870142,0.4420755918508906,True
20260716,M3,case_td030_pa200_pp0_5_gamma_004__steady,random,3,2.79193047396994,0.154440915859286,0.08815725935809951,2.79193047396994,0.154440915859286,0.08815725935809951,0.42034781412489625,0.42034781412489625,True
20260716,M3,case_td030_pa200_pp0_5_gamma_004__steady,random,4,4.3090199979569705,0.18372866850444858,0.04004715409835546,4.3090199979569705,0.18372866850444858,0.04004715409835546,0.13426352964754182,0.13426352964754182,True
20260716,M3,case_td030_pa200_pp0_5_gamma_004__steady,random,5,2.9799872895910564,0.09242163467166387,0.08439769607029143,4.3090199979569705,0.18372866850444858,0.04004715409835546,0.5243898668093202,0.13426352964754182,True
20260716,M3,case_td030_pa200_pp0_5_gamma_004__steady,random,6,4.392357263082532,0.06899515452822896,0.06367125103282217,4.3090199979569705,0.18372866850444858,0.04004715409835546,0.4462523359191824,0.13426352964754182,True
20260716,M3,case_td030_pa200_pp0_5_gamma_004__steady,random,7,4.723432630028979,0.0510541552707529,0.043896308909119185,4.3090199979569705,0.18372866850444858,0.04004715409835546,0.49108560507147186,0.13426352964754182,True
20260716,M3,case_td030_pa200_pp0_5_gamma_004__steady,random,8,1.3852214395165077,0.17104042603460456,0.04411403363282353,4.3090199979569705,0.18372866850444858,0.04004715409835546,0.6667022779601441,0.13426352964754182,True
20260716,M3,case_td030_pa200_pp0_5_gamma_004__steady,random,9,2.704233784826646,0.18389809474101854,0.06997379253286573,4.3090199979569705,0.18372866850444858,0.04004715409835546,0.39362113731707626,0.13426352964754182,True
20260716,M3,case_td030_pa200_pp0_5_gamma_004__steady,random,10,2.6341199821903145,0.11727660319059838,0.06874242942969948,4.3090199979569705,0.18372866850444858,0.04004715409835546,0.5170087484537966,0.13426352964754182,True
20260716,M3,case_td030_pa200_pp0_5_gamma_004__steady,random,11,4.515480191423938,0.08073907328054243,0.0636951087165776,4.3090199979569705,0.18372866850444858,0.04004715409835546,0.39078341048434534,0.13426352964754182,True
20260716,M3,case_td030_pa200_pp0_5_gamma_004__steady,random,12,1.3962007313283342,0.17166419033249536,0.06841909564365604,4.3090199979569705,0.18372866850444858,0.04004715409835546,0.6633933174201033,0.13426352964754182,True
20260716,M3,case_td030_pa200_pp0_5_gamma_004__steady,random,13,4.562956475195153,0.1470118361996922,0.08138331681823094,4.3090199979569705,0.18372866850444858,0.04004715409835546,0.17637990872019121,0.13426352964754182,True
20260716,M3,case_td030_pa200_pp0_5_gamma_004__steady,random,14,4.393360839425588,0.11114186339601076,0.06946586456217113,4.3090199979569705,0.18372866850444858,0.04004715409835546,0.2963010006613444,0.13426352964754182,True
20260716,M3,case_td030_pa200_pp0_5_gamma_004__steady,random,15,3.3620264402399394,0.13758743564254672,0.08975802188583448,4.3090199979569705,0.18372866850444858,0.04004715409835546,0.3577983272517308,0.13426352964754182,True
20260716,M3,case_td030_pa200_pp0_5_gamma_004__steady,random,16,1.4856533429215588,0.18369934335217614,0.09683104735743822,4.3090199979569705,0.18372866850444858,0.04004715409835546,0.6349240511909848,0.13426352964754182,True
20260716,M3,case_td030_pa200_pp0_5_gamma_004__steady,random,17,4.172136115462328,0.17324690641528745,0.0743419998853933,4.3090199979569705,0.18372866850444858,0.04004715409835546,0.16855175067576186,0.13426352964754182,True
20260716,M3,case_td030_pa200_pp0_5_gamma_004__steady,random,18,2.0196597946964125,0.13371454077817213,0.04724973300109087,4.3090199979569705,0.18372866850444858,0.04004715409835546,0.5937292976214018,0.13426352964754182,True
20260716,M3,case_td030_pa200_pp0_5_gamma_004__steady,random,19,4.334928572000606,0.19761396055109914,0.0984011352873308,4.334928572000606,0.19761396055109914,0.0984011352873308,0.10744645050498491,0.10744645050498491,True
20260716,M3,case_td030_pa200_pp0_5_gamma_004__steady,random,20,1.12092564212118,0.14619999209215948,0.05764275996040145,4.334928572000606,0.19761396055109914,0.0984011352873308,0.7346604413043761,0.10744645050498491,True
20260716,M3,case_td030_pa200_pp0_5_gamma_004__steady,random,21,3.606881618969427,0.09918242569592563,0.05931607908537622,4.334928572000606,0.19761396055109914,0.0984011352873308,0.42438590041083657,0.10744645050498491,True
20260716,M3,case_td030_pa200_pp0_5_gamma_004__steady,random,22,3.0933434753114804,0.11162677685277869,0.09259453404557957,4.334928572000606,0.19761396055109914,0.0984011352873308,0.45856634363314985,0.10744645050498491,True
20260716,M3,case_td030_pa200_pp0_5_gamma_004__steady,random,23,1.6918168844485586,0.13869699619734338,0.09499193588654184,4.334928572000606,0.19761396055109914,0.0984011352873308,0.6436329158462014,0.10744645050498491,True
20260716,M3,case_td030_pa200_pp0_5_gamma_004__steady,random,24,3.6387925401747143,0.13322115687144137,0.0677894081167827,4.334928572000606,0.19761396055109914,0.0984011352873308,0.32760699803424254,0.10744645050498491,True
20260716,M3,case_td030_pa200_pp0_5_gamma_004__steady,random,25,3.947325603044904,0.08919288605235581,0.0921816086006007,4.334928572000606,0.19761396055109914,0.0984011352873308,0.4160218775221435,0.10744645050498491,True
20260716,M3,case_td030_pa200_pp0_5_gamma_004__steady,random,26,2.5383074929819935,0.1956721639852046,0.07994559639790935,4.334928572000606,0.19761396055109914,0.0984011352873308,0.4109263606767325,0.10744645050498491,True
20260716,M3,case_td030_pa200_pp0_5_gamma_004__steady,random,27,1.739362019978671,0.1916620745395653,0.08255580063863535,4.334928572000606,0.19761396055109914,0.0984011352873308,0.5770783222341987,0.10744645050498491,True
20260716,M3,case_td030_pa200_pp0_5_gamma_004__steady,random,28,3.6242116659676795,0.10950345938547609,0.08642595084055202,4.334928572000606,0.19761396055109914,0.0984011352873308,0.39111192202320577,0.10744645050498491,True
20260716,M3,case_td030_pa200_pp0_5_gamma_004__steady,random,29,2.6727129864143633,0.13219995081244793,0.09162870663589293,4.334928572000606,0.19761396055109914,0.0984011352873308,0.48038009923318487,0.10744645050498491,True
20260716,M3,case_td030_pa200_pp0_5_gamma_004__steady,random,30,1.8303626335752203,0.07194991250507643,0.08049033469470751,4.334928572000606,0.19761396055109914,0.0984011352873308,0.7255208586104352,0.10744645050498491,True
20260716,M3,case_td030_pa200_pp0_5_gamma_004__steady,random,31,2.0150982664580894,0.07137587213776049,0.07086850449694654,4.334928572000606,0.19761396055109914,0.0984011352873308,0.7037363598926657,0.10744645050498491,True
20260716,M3,case_td030_pa200_pp0_5_gamma_004__steady,random,32,2.6648090605744246,0.09247378311714471,0.08582251883405989,4.334928572000606,0.19761396055109914,0.0984011352873308,0.5679316528607822,0.10744645050498491,True
20260716,M3,case_td030_pa200_pp0_5_gamma_004__steady,random,33,1.8624373074917178,0.15194419353924726,0.04331618552874648,4.334928572000606,0.19761396055109914,0.0984011352873308,0.598005900862711,0.10744645050498491,True
20260716,M3,case_td030_pa200_pp0_5_gamma_004__steady,random,34,1.5357232737525228,0.11493248555849286,0.09270217375430714,4.334928572000606,0.19761396055109914,0.0984011352873308,0.6997152136438418,0.10744645050498491,True
20260716,M3,case_td030_pa200_pp0_5_gamma_004__steady,random,35,3.507449380316693,0.19462325154447263,0.0954636591579219,4.334928572000606,0.19761396055109914,0.0984011352873308,0.23397296093089498,0.10744645050498491,True
20260716,M3,case_td030_pa200_pp0_5_gamma_004__steady,random,36,4.9188808117114995,0.18294470209112712,0.06666274385462738,4.9188808117114995,0.18294470209112712,0.06666274385462738,0.06845751377001094,0.06845751377001094,True
20260716,M3,case_td030_pa200_pp0_5_gamma_004__steady,random,37,1.2426035773977957,0.1622257041688636,0.06363450893242964,4.9188808117114995,0.18294470209112712,0.06666274385462738,0.699844444121251,0.06845751377001094,True
20260716,M3,case_td030_pa200_pp0_5_gamma_004__steady,random,38,3.6292664673215067,0.19120258764821746,0.05634877531774315,4.9188808117114995,0.18294470209112712,0.06666274385462738,0.2198892369421288,0.06845751377001094,True
20260716,M3,case_td030_pa200_pp0_5_gamma_004__steady,random,39,1.7595131210337338,0.17170628414393937,0.05781131643317226,4.9188808117114995,0.18294470209112712,0.06666274385462738,0.5942759633799,0.06845751377001094,True
20260716,M3,case_td030_pa200_pp0_5_gamma_004__steady,random,40,2.378085714112796,0.0882393328835874,0.06018217962857321,4.9188808117114995,0.18294470209112712,0.06666274385462738,0.6194519597745395,0.06845751377001094,True
20260716,M3,case_td030_pa200_pp0_5_gamma_004__steady,random,41,3.1241008750682804,0.15980467409552573,0.04854985974547733,4.9188808117114995,0.18294470209112712,0.06666274385462738,0.3549193168847472,0.06845751377001094,True
20260716,M3,case_td030_pa200_pp0_5_gamma_004__steady,random,42,3.227557246880383,0.1404486572683366,0.08810498457949176,4.9188808117114995,0.18294470209112712,0.06666274385462738,0.3726954853088804,0.06845751377001094,True
20260716,M3,case_td030_pa200_pp0_5_gamma_004__steady,random,43,3.264348491437942,0.08441252970788396,0.04859974036245872,4.9188808117114995,0.18294470209112712,0.06666274385462738,0.5120302157698626,0.06845751377001094,True
20260716,M3,case_td030_pa200_pp0_5_gamma_004__steady,random,44,2.61085863333268,0.1717955932529584,0.07879322155459684,4.9188808117114995,0.18294470209112712,0.06666274385462738,0.42758774767696317,0.06845751377001094,True
20260716,M3,case_td030_pa200_pp0_5_gamma_004__steady,random,45,4.62240339912533,0.17136958938303426,0.06137571491066052,4.9188808117114995,0.18294470209112712,0.06666274385462738,0.11733558611244886,0.06845751377001094,True
20260716,M3,case_td030_pa200_pp0_5_gamma_004__steady,random,46,3.622776023924734,0.11963030589631303,0.09223509485122994,4.9188808117114995,0.18294470209112712,0.06666274385462738,0.36350905094208297,0.06845751377001094,True
20260716,M3,case_td030_pa200_pp0_5_gamma_004__steady,random,47,2.797949172933469,0.06906156382182693,0.051941688460757626,4.9188808117114995,0.18294470209112712,0.06666274385462738,0.6132199324482638,0.06845751377001094,True
20260716,M3,case_td030_pa200_pp0_5_gamma_004__steady,random,48,1.2673109658803283,0.08712452887519105,0.0575603481113251,4.9188808117114995,0.18294470209112712,0.06666274385462738,0.775108915213268,0.06845751377001094,True
20260716,M3,case_td030_pa200_pp0_5_gamma_004__steady,random,49,3.902183368398514,0.12352301658918748,0.09686944629619892,4.9188808117114995,0.18294470209112712,0.06666274385462738,0.3165435432489931,0.06845751377001094,True
20260716,M3,case_td030_pa200_pp0_5_gamma_004__steady,random,50,3.747555289926713,0.1175066885938816,0.09748363478394981,4.9188808117114995,0.18294470209112712,0.06666274385462738,0.35280153927460983,0.06845751377001094,True
20260716,M3,case_td030_pa200_pp0_5_gamma_004__steady,random,51,2.666252020909354,0.05156329070853651,0.05807186562938249,4.9188808117114995,0.18294470209112712,0.06666274385462738,0.6755669128980828,0.06845751377001094,True
20260716,M3,case_td030_pa200_pp0_5_gamma_004__steady,random,52,2.982154453347988,0.17847313042751956,0.04409300519139775,4.9188808117114995,0.18294470209112712,0.06666274385462738,0.3506981515572545,0.06845751377001094,True
20260716,M3,case_td030_pa200_pp0_5_gamma_004__steady,random,53,4.7534011591510765,0.1504512910185923,0.06523511893361685,4.9188808117114995,0.18294470209112712,0.06666274385462738,0.14793562920409914,0.06845751377001094,True
20260716,M3,case_td030_pa200_pp0_5_gamma_004__steady,random,54,3.9101595583278663,0.1571516757939359,0.0988683792955526,4.9188808117114995,0.18294470209112712,0.06666274385462738,0.2357154592627901,0.06845751377001094,True
20260716,M3,case_td030_pa200_pp0_5_gamma_004__steady,random,55,2.0111699895973763,0.19363902178461906,0.0824807959543308,4.9188808117114995,0.18294470209112712,0.06666274385462738,0.5197633645261852,0.06845751377001094,True
20260716,M3,case_td030_pa200_pp0_5_gamma_004__steady,random,56,4.277060879089549,0.0897992955549164,0.09408205816547219,4.9188808117114995,0.18294470209112712,0.06666274385462738,0.3797982427755317,0.06845751377001094,True
20260716,M3,case_td030_pa200_pp0_5_gamma_004__steady,random,57,4.645067943414395,0.06379871078761026,0.043266108752035834,4.9188808117114995,0.18294470209112712,0.06666274385462738,0.44648036104889544,0.06845751377001094,True
20260716,M3,case_td030_pa200_pp0_5_gamma_004__steady,random,58,1.1614381541130365,0.12834787417217486,0.04564627461980965,4.9188808117114995,0.18294470209112712,0.06666274385462738,0.7449002770342611,0.06845751377001094,True
20260716,M3,case_td030_pa200_pp0_5_gamma_004__steady,random,59,2.920905979087851,0.09545098258443699,0.0458198170495444,4.9188808117114995,0.18294470209112712,0.06666274385462738,0.5263214159274214,0.06845751377001094,True
20260716,M3,case_td030_pa200_pp0_5_gamma_004__steady,random,60,1.3989347839760655,0.1839781222058205,0.09698237929743164,4.9188808117114995,0.18294470209112712,0.06666274385462738,0.6513452428290364,0.06845751377001094,True
20260716,M3,case_td030_pa200_pp0_5_gamma_004__steady,random,61,1.3429191419540256,0.14101344510523722,0.06377954240122644,4.9188808117114995,0.18294470209112712,0.06666274385462738,0.7024087984347593,0.06845751377001094,True
20260716,M3,case_td030_pa200_pp0_5_gamma_004__steady,random,62,4.448481708065794,0.06310927145995418,0.07700208750889243,4.9188808117114995,0.18294470209112712,0.06666274385462738,0.46373595981003185,0.06845751377001094,True
20260716,M3,case_td030_pa200_pp0_5_gamma_004__steady,random,63,1.5525582277812426,0.08492225219597785,0.0960607331102303,4.9188808117114995,0.18294470209112712,0.06666274385462738,0.7393533318561387,0.06845751377001094,True
20260716,M3,case_td030_pa200_pp0_5_gamma_004__steady,random,64,2.3021138313885,0.1060561804983429,0.0913800085063948,4.9188808117114995,0.18294470209112712,0.06666274385462738,0.59204872745039,0.06845751377001094,True
20260716,M3,case_td030_pa200_pp0_5_gamma_004__steady,random,65,2.936988366021673,0.09049981394823275,0.06981212126163899,4.9188808117114995,0.18294470209112712,0.06666274385462738,0.5358333305693976,0.06845751377001094,True
20260716,M3,case_td030_pa200_pp0_5_gamma_004__steady,random,66,4.793339235654669,0.1622178680995096,0.0781857959805716,4.9188808117114995,0.18294470209112712,0.06666274385462738,0.11689650271994004,0.06845751377001094,True
20260716,M3,case_td030_pa200_pp0_5_gamma_004__steady,random,67,3.69917238122904,0.06218677263589315,0.07068222837192562,4.9188808117114995,0.18294470209112712,0.06666274385462738,0.5354237510943913,0.06845751377001094,True
20260716,M3,case_td030_pa200_pp0_5_gamma_004__steady,random,68,3.617128228513457,0.10491317112858436,0.05129510038658101,4.9188808117114995,0.18294470209112712,0.06666274385462738,0.406601493700159,0.06845751377001094,True
20260716,M3,case_td030_pa200_pp0_5_gamma_004__steady,random,69,1.1349743762600437,0.1800452110194497,0.08792417254164939,4.9188808117114995,0.18294470209112712,0.06666274385462738,0.7036345627706808,0.06845751377001094,True
20260716,M3,case_td030_pa200_pp0_5_gamma_004__steady,random,70,4.707451362182839,0.05384971728543815,0.07575424457868085,4.9188808117114995,0.18294470209112712,0.06666274385462738,0.4797016060920725,0.06845751377001094,True
20260716,M3,case_td030_pa200_pp0_5_gamma_004__steady,random,71,3.437961971334798,0.1039227931084091,0.07604264611217448,4.9188808117114995,0.18294470209112712,0.06666274385462738,0.4314198251514091,0.06845751377001094,True
20260716,M3,case_td030_pa200_pp0_5_gamma_004__steady,random,72,3.373161509278636,0.15091209925332444,0.09189551161641799,4.9188808117114995,0.18294470209112712,0.06666274385462738,0.3285696125386948,0.06845751377001094,True
20260716,M3,case_td030_pa200_pp0_5_gamma_004__steady,random,73,3.8664622606740457,0.076911871253281,0.04316357988860595,4.9188808117114995,0.18294470209112712,0.06666274385462738,0.46856749248149476,0.06845751377001094,True
20260716,M3,case_td030_pa200_pp0_5_gamma_004__steady,random,74,3.3033104217104845,0.15414998908709332,0.0981015856016587,4.9188808117114995,0.18294470209112712,0.06666274385462738,0.3335876975019638,0.06845751377001094,True
20260716,M3,case_td030_pa200_pp0_5_gamma_004__steady,random,75,4.656288491854072,0.05567496376141633,0.05203602342088779,4.9188808117114995,0.18294470209112712,0.06666274385462738,0.4772415675613234,0.06845751377001094,True
20260716,M3,case_td030_pa200_pp0_5_gamma_004__steady,random,76,4.294864307657592,0.0763643866950411,0.08413586760345487,4.9188808117114995,0.18294470209112712,0.06666274385462738,0.426760106948287,0.06845751377001094,True
20260716,M3,case_td030_pa200_pp0_5_gamma_004__steady,random,77,4.94223236421735,0.15800302974948938,0.08353807490084988,4.9188808117114995,0.18294470209112712,0.06666274385462738,0.11125192305409572,0.06845751377001094,True
20260716,M3,case_td030_pa200_pp0_5_gamma_004__steady,random,78,2.188033832489549,0.061174398837222546,0.07090705936324801,4.9188808117114995,0.18294470209112712,0.06666274385462738,0.7044668259772999,0.06845751377001094,True
20260716,M3,case_td030_pa200_pp0_5_gamma_004__steady,random,79,2.7059100885178156,0.1633225349486891,0.09298580403077086,4.9188808117114995,0.18294470209112712,0.06666274385462738,0.42188902341858064,0.06845751377001094,True
20260716,M3,case_td030_pa200_pp0_5_gamma_004__steady,random,80,2.20674541788873,0.10605408121884069,0.04303357312838928,4.9188808117114995,0.18294470209112712,0.06666274385462738,0.6091464095192669,0.06845751377001094,True
20260716,M3,case_td030_pa200_pp0_5_gamma_004__steady,random,81,3.581922835042351,0.14397460657088335,0.08159926995358097,4.9188808117114995,0.18294470209112712,0.06666274385462738,0.3109517244303791,0.06845751377001094,True
20260716,M3,case_td030_pa200_pp0_5_gamma_004__steady,random,82,3.117436061999484,0.17382059983891163,0.09118909394307513,4.9188808117114995,0.18294470209112712,0.06666274385462738,0.33162672470385557,0.06845751377001094,True
20260716,M3,case_td030_pa200_pp0_5_gamma_004__steady,random,83,1.9503891482712352,0.13712211525060242,0.07020341418708095,4.9188808117114995,0.18294470209112712,0.06666274385462738,0.6001266198178585,0.06845751377001094,True
20260716,M3,case_td030_pa200_pp0_5_gamma_004__steady,random,84,4.777218617346541,0.16409516908079808,0.044012176494365424,4.9188808117114995,0.18294470209112712,0.06666274385462738,0.11629491043696406,0.06845751377001094,True
20260716,M3,case_td030_pa200_pp0_5_gamma_004__steady,random,85,3.2359388885131994,0.13553185477802818,0.08796092460347832,4.9188808117114995,0.18294470209112712,0.06666274385462738,0.3817199822909897,0.06845751377001094,True
20260716,M3,case_td030_pa200_pp0_5_gamma_004__steady,random,86,1.54223565996565,0.05389061446129427,0.04694846406312452,4.9188808117114995,0.18294470209112712,0.06666274385462738,0.7917122532108641,0.06845751377001094,True
20260716,M3,case_td030_pa200_pp0_5_gamma_004__steady,random,87,4.913918637337877,0.089339605305089,0.09624475281718492,4.9188808117114995,0.18294470209112712,0.06666274385462738,0.3238616157920394,0.06845751377001094,True
20260716,M3,case_td030_pa200_pp0_5_gamma_004__steady,random,88,3.137900177351874,0.19040518062827405,0.061289146101961095,4.9188808117114995,0.18294470209112712,0.06666274385462738,0.304594847615939,0.06845751377001094,True
20260716,M3,case_td030_pa200_pp0_5_gamma_004__steady,random,89,1.4220934774135445,0.09168953475743524,0.04846703384900096,4.9188808117114995,0.18294470209112712,0.06666274385462738,0.7489067151598213,0.06845751377001094,True
20260716,M3,case_td030_pa200_pp0_5_gamma_004__steady,random,90,3.424577226939473,0.14144363036211102,0.051271300806730674,4.9188808117114995,0.18294470209112712,0.06666274385462738,0.3414269485818184,0.06845751377001094,True
20260716,M3,case_td030_pa200_pp0_5_gamma_004__steady,random,91,4.733637372339733,0.08712903937085473,0.05099329436198664,4.9188808117114995,0.18294470209112712,0.06666274385462738,0.3482165860100438,0.06845751377001094,True
20260716,M3,case_td030_pa200_pp0_5_gamma_004__steady,random,92,2.9658011266197337,0.13316472307508986,0.09281445022248216,4.9188808117114995,0.18294470209112712,0.06666274385462738,0.42971007586715304,0.06845751377001094,True
20260716,M3,case_td030_pa200_pp0_5_gamma_004__steady,random,93,4.8453761863188785,0.19138190583370218,0.07686859136723206,4.8453761863188785,0.19138190583370218,0.07686859136723206,0.0633188309728989,0.0633188309728989,True
20260716,M3,case_td030_pa200_pp0_5_gamma_004__steady,random,94,2.8458577507562017,0.1589252834074813,0.09421361459064105,4.8453761863188785,0.19138190583370218,0.07686859136723206,0.40334874777877533,0.0633188309728989,True
20260716,M3,case_td030_pa200_pp0_5_gamma_004__steady,random,95,2.6242513866953265,0.1768074752228017,0.08270334051224018,4.8453761863188785,0.19138190583370218,0.07686859136723206,0.4180875065970149,0.0633188309728989,True
20260716,M3,case_td030_pa200_pp0_5_gamma_004__steady,random,96,1.2327475290525856,0.12870723296185327,0.060723028818735356,4.8453761863188785,0.19138190583370218,0.07686859136723206,0.7328938856356341,0.0633188309728989,True
20260716,M3,case_td030_pa200_pp0_5_gamma_004__steady,random,97,4.906978878591357,0.13023055930779465,0.08852447028424743,4.8453761863188785,0.19138190583370218,0.07686859136723206,0.18614849291552293,0.0633188309728989,True
20260716,M3,case_td030_pa200_pp0_5_gamma_004__steady,random,98,3.284431847159527,0.12459412716136624,0.07161072949105392,4.8453761863188785,0.19138190583370218,0.07686859136723206,0.3994079186069251,0.0633188309728989,True
20260716,M3,case_td030_pa200_pp0_5_gamma_004__steady,random,99,4.692004263252799,0.10769710253048352,0.06582949205980948,4.8453761863188785,0.19138190583370218,0.07686859136723206,0.2778556997602011,0.0633188309728989,True
20260716,M3,case_td030_pa200_pp0_5_gamma_004__steady,random,100,3.971780411401009,0.1609570146086755,0.06747060675589084,4.8453761863188785,0.19138190583370218,0.07686859136723206,0.2197825352808241,0.0633188309728989,True
20260717,M1,case_td003_pa050_pp0_3_gamma_010__steady,cmaes,1,3.0,0.125,0.07,3.0,0.125,0.07,0.5628434392461068,0.5628434392461068,True
20260717,M1,case_td003_pa050_pp0_3_gamma_010__steady,cmaes,2,3.0385115401339853,0.12453438553011704,0.06292165383871198,3.0,0.125,0.07,0.5759107526504944,0.5628434392461068,True
20260717,M1,case_td003_pa050_pp0_3_gamma_010__steady,cmaes,3,3.095106479751007,0.12676297593878494,0.05198539673826906,3.0,0.125,0.07,0.6117606298244667,0.5628434392461068,True
20260717,M1,case_td003_pa050_pp0_3_gamma_010__steady,cmaes,4,2.681907748038938,0.0966930507253545,0.05369049153380695,2.681907748038938,0.0966930507253545,0.05369049153380695,0.2518217127850689,0.2518217127850689,True
20260717,M1,case_td003_pa050_pp0_3_gamma_010__steady,cmaes,5,1.39906757770057,0.10708571455491978,0.08321926455690407,2.681907748038938,0.0966930507253545,0.05369049153380695,0.26397464384723934,0.2518217127850689,True
20260717,M1,case_td003_pa050_pp0_3_gamma_010__steady,cmaes,6,3.8213443947221903,0.09998794630058615,0.07143788299035572,2.681907748038938,0.0966930507253545,0.05369049153380695,0.7014847171791495,0.2518217127850689,True
20260717,M1,case_td003_pa050_pp0_3_gamma_010__steady,cmaes,7,2.1490845097873446,0.19213361987123828,0.0518639525692173,2.681907748038938,0.0966930507253545,0.05369049153380695,0.3951766501313557,0.2518217127850689,True
20260717,M1,case_td003_pa050_pp0_3_gamma_010__steady,cmaes,8,2.9483178791950735,0.10659300663522983,0.08291539993535939,2.681907748038938,0.0966930507253545,0.05369049153380695,0.428064111318193,0.2518217127850689,True
20260717,M1,case_td003_pa050_pp0_3_gamma_010__steady,cmaes,9,2.6285141553110476,0.09295955105421114,0.06725461739330917,2.6285141553110476,0.09295955105421114,0.06725461739330917,0.20876561567667842,0.20876561567667842,True
20260717,M1,case_td003_pa050_pp0_3_gamma_010__steady,cmaes,10,2.6942601971173263,0.14029102315727798,0.07697689398182711,2.6285141553110476,0.09295955105421114,0.06725461739330917,0.5026589963338403,0.20876561567667842,True
20260717,M1,case_td003_pa050_pp0_3_gamma_010__steady,cmaes,11,3.1355249650657333,0.13878534797281944,0.06288956250087,2.6285141553110476,0.09295955105421114,0.06725461739330917,0.6993775611227452,0.20876561567667842,True
20260717,M1,case_td003_pa050_pp0_3_gamma_010__steady,cmaes,12,1.4401518692437132,0.0758264278663007,0.061212232726855,2.6285141553110476,0.09295955105421114,0.06725461739330917,0.36321205884092556,0.20876561567667842,True
20260717,M1,case_td003_pa050_pp0_3_gamma_010__steady,cmaes,13,3.553640654960058,0.12312679288700346,0.054710418862625676,2.6285141553110476,0.09295955105421114,0.06725461739330917,0.7787024423653004,0.20876561567667842,True
20260717,M1,case_td003_pa050_pp0_3_gamma_010__steady,cmaes,14,1.5307962155708472,0.12207236538896293,0.05429271382148669,1.5307962155708472,0.12207236538896293,0.05429271382148669,0.16400759322292413,0.16400759322292413,True
20260717,M1,case_td003_pa050_pp0_3_gamma_010__steady,cmaes,15,3.108312235889906,0.08540948657101044,0.06216787987710834,1.5307962155708472,0.12207236538896293,0.05429271382148669,0.3343706655726217,0.16400759322292413,True
20260717,M1,case_td003_pa050_pp0_3_gamma_010__steady,cmaes,16,3.4242618155756848,0.08030434972330036,0.06635452445658992,1.5307962155708472,0.12207236538896293,0.05429271382148669,0.4008283049290822,0.16400759322292413,True
20260717,M1,case_td003_pa050_pp0_3_gamma_010__steady,cmaes,17,2.8607931586617914,0.14889020585566073,0.07831720339920534,1.5307962155708472,0.12207236538896293,0.05429271382148669,0.623613599858156,0.16400759322292413,True
20260717,M1,case_td003_pa050_pp0_3_gamma_010__steady,cmaes,18,4.497763507669047,0.1167503580968552,0.07418996840799386,1.5307962155708472,0.12207236538896293,0.05429271382148669,1.0593516414645325,0.16400759322292413,True
20260717,M1,case_td003_pa050_pp0_3_gamma_010__steady,cmaes,19,1.746996893242778,0.1962510184291551,0.05814647235839683,1.5307962155708472,0.12207236538896293,0.05429271382148669,0.1816728638387282,0.16400759322292413,True
20260717,M1,case_td003_pa050_pp0_3_gamma_010__steady,cmaes,20,1.3220772048769676,0.06883415235087229,0.05386573398077691,1.5307962155708472,0.12207236538896293,0.05429271382148669,0.43102864159958826,0.16400759322292413,True
20260717,M1,case_td003_pa050_pp0_3_gamma_010__steady,cmaes,21,1.1394680193593192,0.12015936381692216,0.046530612049491826,1.5307962155708472,0.12207236538896293,0.05429271382148669,0.341022883906636,0.16400759322292413,True
20260717,M1,case_td003_pa050_pp0_3_gamma_010__steady,cmaes,22,2.5172962291223073,0.11708155613632262,0.05040122264027967,1.5307962155708472,0.12207236538896293,0.05429271382148669,0.29977585442335364,0.16400759322292413,True
20260717,M1,case_td003_pa050_pp0_3_gamma_010__steady,cmaes,23,1.0493246365164137,0.17377843041549812,0.046797407127093786,1.5307962155708472,0.12207236538896293,0.05429271382148669,0.2718809623801674,0.16400759322292413,True
20260717,M1,case_td003_pa050_pp0_3_gamma_010__steady,cmaes,24,1.1076233728672091,0.11740075342085249,0.07110861347418317,1.5307962155708472,0.12207236538896293,0.05429271382148669,0.3581849198718516,0.16400759322292413,True
20260717,M1,case_td003_pa050_pp0_3_gamma_010__steady,cmaes,25,4.302886474366873,0.09221443145649996,0.09634561590597131,1.5307962155708472,0.12207236538896293,0.05429271382148669,0.7805304535842321,0.16400759322292413,True
20260717,M1,case_td003_pa050_pp0_3_gamma_010__steady,cmaes,26,3.5674354299682207,0.1394406641767521,0.06416211019995056,1.5307962155708472,0.12207236538896293,0.05429271382148669,0.8900008555647435,0.16400759322292413,True
20260717,M1,case_td003_pa050_pp0_3_gamma_010__steady,cmaes,27,1.455301486007134,0.13920080305526134,0.047807146156831286,1.455301486007134,0.13920080305526134,0.047807146156831286,0.1523144210441037,0.1523144210441037,True
20260717,M1,case_td003_pa050_pp0_3_gamma_010__steady,cmaes,28,2.8529255007522836,0.11069659193044863,0.05621424720111007,1.455301486007134,0.13920080305526134,0.047807146156831286,0.41128027746305307,0.1523144210441037,True
20260717,M1,case_td003_pa050_pp0_3_gamma_010__steady,cmaes,29,1.2344679088889703,0.19892803695396394,0.045508177949384034,1.2344679088889703,0.19892803695396394,0.045508177949384034,0.13515193988541196,0.13515193988541196,True
20260717,M1,case_td003_pa050_pp0_3_gamma_010__steady,cmaes,30,1.1788012920323112,0.1409938142573366,0.06373612060088943,1.2344679088889703,0.19892803695396394,0.045508177949384034,0.273659677805018,0.13515193988541196,True
20260717,M1,case_td003_pa050_pp0_3_gamma_010__steady,cmaes,31,2.3490482235598376,0.14271853067877555,0.07222941067604241,1.2344679088889703,0.19892803695396394,0.045508177949384034,0.34167032984174683,0.13515193988541196,True
20260717,M1,case_td003_pa050_pp0_3_gamma_010__steady,cmaes,32,1.2548245838943872,0.1665579359923651,0.04902628496564598,1.2344679088889703,0.19892803695396394,0.045508177949384034,0.18603884104991686,0.13515193988541196,True
20260717,M1,case_td003_pa050_pp0_3_gamma_010__steady,cmaes,33,3.0082916187348996,0.13497929518167162,0.06908516965434311,1.2344679088889703,0.19892803695396394,0.045508177949384034,0.6222933395662619,0.13515193988541196,True
20260717,M1,case_td003_pa050_pp0_3_gamma_010__steady,cmaes,34,1.5277352397447868,0.13605135401913526,0.06902203252957034,1.5277352397447868,0.13605135401913526,0.06902203252957034,0.1252569787606175,0.1252569787606175,True
20260717,M1,case_td003_pa050_pp0_3_gamma_010__steady,cmaes,35,1.964029291731859,0.1679654286010303,0.04828862183809464,1.5277352397447868,0.13605135401913526,0.06902203252957034,0.22298985104463764,0.1252569787606175,True
20260717,M1,case_td003_pa050_pp0_3_gamma_010__steady,cmaes,36,1.934303889415943,0.08485246386192376,0.0449717719395461,1.5277352397447868,0.13605135401913526,0.06902203252957034,0.14299610813070743,0.1252569787606175,True
20260717,M1,case_td003_pa050_pp0_3_gamma_010__steady,cmaes,37,1.6021019120775415,0.1595565612126052,0.05800391641701079,1.6021019120775415,0.1595565612126052,0.05800391641701079,0.06380498977807818,0.06380498977807818,True
20260717,M1,case_td003_pa050_pp0_3_gamma_010__steady,cmaes,38,1.847732568366323,0.1840669473454113,0.0728610573335027,1.6021019120775415,0.1595565612126052,0.05800391641701079,0.20861794218325513,0.06380498977807818,True
20260717,M1,case_td003_pa050_pp0_3_gamma_010__steady,cmaes,39,1.399399494557965,0.13855593126081267,0.06642426918291869,1.6021019120775415,0.1595565612126052,0.05800391641701079,0.17710281349663418,0.06380498977807818,True
20260717,M1,case_td003_pa050_pp0_3_gamma_010__steady,cmaes,40,1.6924255942477393,0.08583893578218951,0.05858092416801046,1.6021019120775415,0.1595565612126052,0.05800391641701079,0.22841952701975027,0.06380498977807818,True
20260717,M1,case_td003_pa050_pp0_3_gamma_010__steady,cmaes,41,1.0273614091948882,0.11833606599385849,0.07914194497034256,1.6021019120775415,0.1595565612126052,0.05800391641701079,0.3879669144075632,0.06380498977807818,True
20260717,M1,case_td003_pa050_pp0_3_gamma_010__steady,cmaes,42,1.706369162833624,0.10470878170211773,0.08284448257913461,1.6021019120775415,0.1595565612126052,0.05800391641701079,0.14380474956564665,0.06380498977807818,True
20260717,M1,case_td003_pa050_pp0_3_gamma_010__steady,cmaes,43,2.809298247851245,0.09896145698442935,0.0614963970801329,1.6021019120775415,0.1595565612126052,0.05800391641701079,0.3188331958622374,0.06380498977807818,True
20260717,M1,case_td003_pa050_pp0_3_gamma_010__steady,cmaes,44,1.4984945336521591,0.09982705518698061,0.0636441760892837,1.6021019120775415,0.1595565612126052,0.05800391641701079,0.2494489358357151,0.06380498977807818,True
20260717,M1,case_td003_pa050_pp0_3_gamma_010__steady,cmaes,45,2.812784685671206,0.13975097346668905,0.06441691072131736,1.6021019120775415,0.1595565612126052,0.05800391641701079,0.5550770630590828,0.06380498977807818,True
20260717,M1,case_td003_pa050_pp0_3_gamma_010__steady,cmaes,46,1.7197628092075878,0.09468830646598908,0.04897215950406117,1.6021019120775415,0.1595565612126052,0.05800391641701079,0.18140818807128847,0.06380498977807818,True
20260717,M1,case_td003_pa050_pp0_3_gamma_010__steady,cmaes,47,1.1359551498323868,0.09237239843618722,0.045095029309324304,1.6021019120775415,0.1595565612126052,0.05800391641701079,0.4168114269325218,0.06380498977807818,True
20260717,M1,case_td003_pa050_pp0_3_gamma_010__steady,cmaes,48,2.4893252728239004,0.0866922408234588,0.09960364443922046,1.6021019120775415,0.1595565612126052,0.05800391641701079,0.12062355962801326,0.06380498977807818,True
20260717,M1,case_td003_pa050_pp0_3_gamma_010__steady,cmaes,49,1.3455855054821932,0.14288578304526117,0.0706525203530151,1.6021019120775415,0.1595565612126052,0.05800391641701079,0.191145345883165,0.06380498977807818,True
20260717,M1,case_td003_pa050_pp0_3_gamma_010__steady,cmaes,50,2.2009433826485303,0.11104495974983428,0.06260704691602748,1.6021019120775415,0.1595565612126052,0.05800391641701079,0.13247625345108183,0.06380498977807818,True
20260717,M1,case_td003_pa050_pp0_3_gamma_010__steady,cmaes,51,1.0091257979985722,0.16362050897999517,0.07351623152257625,1.6021019120775415,0.1595565612126052,0.05800391641701079,0.30637979938774373,0.06380498977807818,True
20260717,M1,case_td003_pa050_pp0_3_gamma_010__steady,cmaes,52,1.7403826058801717,0.057589072016357094,0.07943848743378149,1.6021019120775415,0.1595565612126052,0.05800391641701079,0.3444269043370425,0.06380498977807818,True
20260717,M1,case_td003_pa050_pp0_3_gamma_010__steady,cmaes,53,1.7947698496945153,0.13369091349968,0.09419607918404097,1.6021019120775415,0.1595565612126052,0.05800391641701079,0.0648604791335014,0.06380498977807818,True
20260717,M1,case_td003_pa050_pp0_3_gamma_010__steady,cmaes,54,1.6355820387558226,0.12387369623804019,0.06184217046617735,1.6021019120775415,0.1595565612126052,0.05800391641701079,0.11296084164678567,0.06380498977807818,True
20260717,M1,case_td003_pa050_pp0_3_gamma_010__steady,cmaes,55,1.4362873020442368,0.18284130272282428,0.08493840306590357,1.6021019120775415,0.1595565612126052,0.05800391641701079,0.0756864189482879,0.06380498977807818,True
20260717,M1,case_td003_pa050_pp0_3_gamma_010__steady,cmaes,56,1.7592130594851878,0.1393786168226162,0.09412115612567307,1.6021019120775415,0.1595565612126052,0.05800391641701079,0.06582358803311884,0.06380498977807818,True
20260717,M1,case_td003_pa050_pp0_3_gamma_010__steady,cmaes,57,2.0570597582775556,0.10321479365610133,0.054276182661751424,2.0570597582775556,0.10321479365610133,0.054276182661751424,0.05859685568401163,0.05859685568401163,True
20260717,M1,case_td003_pa050_pp0_3_gamma_010__steady,cmaes,58,2.9489368791457222,0.0846970895118631,0.08610894699672772,2.0570597582775556,0.10321479365610133,0.054276182661751424,0.2739044710545041,0.05859685568401163,True
20260717,M1,case_td003_pa050_pp0_3_gamma_010__steady,cmaes,59,3.4145724195528993,0.17623601792327603,0.05281901759994753,2.0570597582775556,0.10321479365610133,0.054276182661751424,1.0073498854920366,0.05859685568401163,True
20260717,M1,case_td003_pa050_pp0_3_gamma_010__steady,cmaes,60,1.8167587771060258,0.07429664152618756,0.08971429279929347,2.0570597582775556,0.10321479365610133,0.054276182661751424,0.23295196548694974,0.05859685568401163,True
20260717,M1,case_td003_pa050_pp0_3_gamma_010__steady,cmaes,61,1.2544511829083127,0.15522399508742035,0.0902060455532327,2.0570597582775556,0.10321479365610133,0.054276182661751424,0.20470447906790107,0.05859685568401163,True
20260717,M1,case_td003_pa050_pp0_3_gamma_010__steady,cmaes,62,1.7762092669680416,0.16912933156260357,0.04782285485100979,2.0570597582775556,0.10321479365610133,0.054276182661751424,0.1294961597086546,0.05859685568401163,True
20260717,M1,case_td003_pa050_pp0_3_gamma_010__steady,cmaes,63,1.840078849649011,0.15056001788436496,0.08088154565982694,2.0570597582775556,0.10321479365610133,0.054276182661751424,0.11671965390266076,0.05859685568401163,True
20260717,M1,case_td003_pa050_pp0_3_gamma_010__steady,cmaes,64,3.088015082281696,0.08288460437834536,0.08082399141502647,2.0570597582775556,0.10321479365610133,0.054276182661751424,0.30920462998366227,0.05859685568401163,True
20260717,M1,case_td003_pa050_pp0_3_gamma_010__steady,cmaes,65,1.218426998101388,0.13522818807928053,0.08191773707847505,2.0570597582775556,0.10321479365610133,0.054276182661751424,0.26652282396083965,0.05859685568401163,True
20260717,M1,case_td003_pa050_pp0_3_gamma_010__steady,cmaes,66,1.3669128354602005,0.08853252346594342,0.0483063442771203,2.0570597582775556,0.10321479365610133,0.054276182661751424,0.3433228263750338,0.05859685568401163,True
20260717,M1,case_td003_pa050_pp0_3_gamma_010__steady,cmaes,67,2.4526429435538484,0.13372559411600793,0.06604497106224702,2.0570597582775556,0.10321479365610133,0.054276182661751424,0.35341707405771683,0.05859685568401163,True
20260717,M1,case_td003_pa050_pp0_3_gamma_010__steady,cmaes,68,1.219886212177678,0.12779489112783396,0.07808570976825359,2.0570597582775556,0.10321479365610133,0.054276182661751424,0.2839958731972446,0.05859685568401163,True
20260717,M1,case_td003_pa050_pp0_3_gamma_010__steady,cmaes,69,1.6428979587100963,0.10321704982999301,0.054092582288093306,2.0570597582775556,0.10321479365610133,0.054276182661751424,0.17870078050789912,0.05859685568401163,True
20260717,M1,case_td003_pa050_pp0_3_gamma_010__steady,cmaes,70,2.027820678385439,0.1666068964176543,0.05792727040521488,2.0570597582775556,0.10321479365610133,0.054276182661751424,0.25492978196674093,0.05859685568401163,True
20260717,M1,case_td003_pa050_pp0_3_gamma_010__steady,cmaes,71,1.5111143765723956,0.10595565121933069,0.06327421068792896,2.0570597582775556,0.10321479365610133,0.054276182661751424,0.22284946416092255,0.05859685568401163,True
20260717,M1,case_td003_pa050_pp0_3_gamma_010__steady,cmaes,72,1.3512813463979658,0.12878331170802443,0.05988702518459822,2.0570597582775556,0.10321479365610133,0.054276182661751424,0.22476787704040782,0.05859685568401163,True
20260717,M1,case_td003_pa050_pp0_3_gamma_010__steady,cmaes,73,1.8080267024270515,0.10275857639485445,0.060983322157406705,2.0570597582775556,0.10321479365610133,0.054276182661751424,0.11311193548532447,0.05859685568401163,True
20260717,M1,case_td003_pa050_pp0_3_gamma_010__steady,cmaes,74,2.2409659275567755,0.08648002629584821,0.046042341908912016,2.2409659275567755,0.08648002629584821,0.046042341908912016,0.05495556431532963,0.05495556431532963,True
20260717,M1,case_td003_pa050_pp0_3_gamma_010__steady,cmaes,75,1.5223638650477302,0.1457099810865617,0.07556528511163813,2.2409659275567755,0.08648002629584821,0.046042341908912016,0.10438550370976186,0.05495556431532963,True
20260717,M1,case_td003_pa050_pp0_3_gamma_010__steady,cmaes,76,1.5468607638880942,0.11257188034658475,0.05921681599074817,2.2409659275567755,0.08648002629584821,0.046042341908912016,0.18599045350417914,0.05495556431532963,True
20260717,M1,case_td003_pa050_pp0_3_gamma_010__steady,cmaes,77,1.7306655726162992,0.10492677257359503,0.06958116516071025,2.2409659275567755,0.08648002629584821,0.046042341908912016,0.13454278022324273,0.05495556431532963,True
20260717,M1,case_td003_pa050_pp0_3_gamma_010__steady,cmaes,78,1.7544643973467107,0.08955914471991752,0.04717595806473862,2.2409659275567755,0.08648002629584821,0.046042341908912016,0.18965428226449602,0.05495556431532963,True
20260717,M1,case_td003_pa050_pp0_3_gamma_010__steady,cmaes,79,1.2195632343961402,0.09853660929238606,0.04594184945685532,2.2409659275567755,0.08648002629584821,0.046042341908912016,0.3671436019427193,0.05495556431532963,True
20260717,M1,case_td003_pa050_pp0_3_gamma_010__steady,cmaes,80,2.2131704810319066,0.08131934247812345,0.04778918337001283,2.2409659275567755,0.08648002629584821,0.046042341908912016,0.06820993648575685,0.05495556431532963,True
20260717,M1,case_td003_pa050_pp0_3_gamma_010__steady,cmaes,81,1.6535768696560216,0.07305720582324882,0.046935221627953605,2.2409659275567755,0.08648002629584821,0.046042341908912016,0.30163100132978493,0.05495556431532963,True
20260717,M1,case_td003_pa050_pp0_3_gamma_010__steady,cmaes,82,2.173620368278562,0.06388234266670394,0.054863302306529055,2.2409659275567755,0.08648002629584821,0.046042341908912016,0.1708127803657087,0.05495556431532963,True
20260717,M1,case_td003_pa050_pp0_3_gamma_010__steady,cmaes,83,2.3332699650255826,0.08867702512916989,0.06626884234455804,2.2409659275567755,0.08648002629584821,0.046042341908912016,0.07723357630231108,0.05495556431532963,True
20260717,M1,case_td003_pa050_pp0_3_gamma_010__steady,cmaes,84,2.0560292460255836,0.09357835736842693,0.05014565304733058,2.2409659275567755,0.08648002629584821,0.046042341908912016,0.06626979604089808,0.05495556431532963,True
20260717,M1,case_td003_pa050_pp0_3_gamma_010__steady,cmaes,85,1.8812690823475902,0.10945214582123353,0.065484175138895,2.2409659275567755,0.08648002629584821,0.046042341908912016,0.06766398635317702,0.05495556431532963,True
20260717,M1,case_td003_pa050_pp0_3_gamma_010__steady,cmaes,86,2.5277457619737156,0.0739502723461892,0.04259913086231948,2.2409659275567755,0.08648002629584821,0.046042341908912016,0.0613619923097072,0.05495556431532963,True
20260717,M1,case_td003_pa050_pp0_3_gamma_010__steady,cmaes,87,1.436219432266721,0.1702749758805293,0.07344191916038359,2.2409659275567755,0.08648002629584821,0.046042341908912016,0.09332211853629838,0.05495556431532963,True
20260717,M1,case_td003_pa050_pp0_3_gamma_010__steady,cmaes,88,3.165822277953362,0.10734300914785372,0.04868019391785945,2.2409659275567755,0.08648002629584821,0.046042341908912016,0.516184525904619,0.05495556431532963,True
20260717,M1,case_td003_pa050_pp0_3_gamma_010__steady,cmaes,89,1.8258513618049026,0.08159501350197457,0.059430031161547006,2.2409659275567755,0.08648002629584821,0.046042341908912016,0.19708358180855923,0.05495556431532963,True
20260717,M1,case_td003_pa050_pp0_3_gamma_010__steady,cmaes,90,1.74157326594269,0.10177048863778365,0.04612377050268792,2.2409659275567755,0.08648002629584821,0.046042341908912016,0.14491186032151493,0.05495556431532963,True
20260717,M1,case_td003_pa050_pp0_3_gamma_010__steady,cmaes,91,2.109908468730005,0.09717548954231538,0.04055900852716555,2.2409659275567755,0.08648002629584821,0.046042341908912016,0.05622854357555456,0.05495556431532963,True
20260717,M1,case_td003_pa050_pp0_3_gamma_010__steady,cmaes,92,2.149827138735812,0.10216084623031634,0.045096947250397264,2.2409659275567755,0.08648002629584821,0.046042341908912016,0.07448287636190438,0.05495556431532963,True
20260717,M1,case_td003_pa050_pp0_3_gamma_010__steady,cmaes,93,2.268402067287425,0.08358495615541699,0.050927346110837185,2.268402067287425,0.08358495615541699,0.050927346110837185,0.05493880777311972,0.05493880777311972,True
20260717,M1,case_td003_pa050_pp0_3_gamma_010__steady,cmaes,94,1.852079654783704,0.12996683733762188,0.04669602017994907,2.268402067287425,0.08358495615541699,0.050927346110837185,0.06675261098648537,0.05493880777311972,True
20260717,M1,case_td003_pa050_pp0_3_gamma_010__steady,cmaes,95,1.8543767476876059,0.05264689403963081,0.04383365851014156,2.268402067287425,0.08358495615541699,0.050927346110837185,0.3390323950359006,0.05493880777311972,True
20260717,M1,case_td003_pa050_pp0_3_gamma_010__steady,cmaes,96,1.71273160427767,0.11904794040235121,0.059569168290124076,2.268402067287425,0.08358495615541699,0.050927346110837185,0.09655767166754212,0.05493880777311972,True
20260717,M1,case_td003_pa050_pp0_3_gamma_010__steady,cmaes,97,2.2177810643624603,0.10309116000823683,0.04725277887983764,2.268402067287425,0.08358495615541699,0.050927346110837185,0.10107581478977813,0.05493880777311972,True
20260717,M1,case_td003_pa050_pp0_3_gamma_010__steady,cmaes,98,2.520701283639005,0.09111715054507172,0.04081358896600466,2.268402067287425,0.08358495615541699,0.050927346110837185,0.15183969474692752,0.05493880777311972,True
20260717,M1,case_td003_pa050_pp0_3_gamma_010__steady,cmaes,99,1.9173845971269314,0.08648193179159416,0.04204058209710457,2.268402067287425,0.08358495615541699,0.050927346110837185,0.14203361086797797,0.05493880777311972,True
20260717,M1,case_td003_pa050_pp0_3_gamma_010__steady,cmaes,100,2.114281536077468,0.10209405211974079,0.04780938114029235,2.268402067287425,0.08358495615541699,0.050927346110837185,0.06547196920919492,0.05493880777311972,True
20260717,M1,case_td003_pa050_pp0_3_gamma_010__steady,tpe,1,3.0,0.125,0.07,3.0,0.125,0.07,0.5628434392461068,0.5628434392461068,True
20260717,M1,case_td003_pa050_pp0_3_gamma_010__steady,tpe,2,4.359197782792325,0.16526707114927602,0.08171976186743284,3.0,0.125,0.07,1.3579332888386708,0.5628434392461068,True
20260717,M1,case_td003_pa050_pp0_3_gamma_010__steady,tpe,3,2.8494398737750037,0.16647570606010523,0.04930229966503786,3.0,0.125,0.07,0.6880947377914304,0.5628434392461068,True
20260717,M1,case_td003_pa050_pp0_3_gamma_010__steady,tpe,4,1.8866669550185908,0.09531318205763972,0.07090248460495757,1.8866669550185908,0.09531318205763972,0.07090248460495757,0.11138711025406546,0.11138711025406546,True
20260717,M1,case_td003_pa050_pp0_3_gamma_010__steady,tpe,5,1.0623053746083708,0.14476725339158025,0.09006567974996015,1.8866669550185908,0.09531318205763972,0.07090248460495757,0.31588220976996545,0.11138711025406546,True
20260717,M1,case_td003_pa050_pp0_3_gamma_010__steady,tpe,6,1.9920430368089073,0.11130599200829222,0.09140706077126345,1.9920430368089073,0.11130599200829222,0.09140706077126345,0.06462440832556486,0.06462440832556486,True
20260717,M1,case_td003_pa050_pp0_3_gamma_010__steady,tpe,7,4.66524874459135,0.07933243699214262,0.07177828592797723,1.9920430368089073,0.11130599200829222,0.09140706077126345,0.7472164739260264,0.06462440832556486,True
20260717,M1,case_td003_pa050_pp0_3_gamma_010__steady,tpe,8,1.5294921585201857,0.13100844721032806,0.09552391807271449,1.9920430368089073,0.11130599200829222,0.09140706077126345,0.13487327512302463,0.06462440832556486,True
20260717,M1,case_td003_pa050_pp0_3_gamma_010__steady,tpe,9,1.574896719604685,0.12163281117863957,0.04094496676657192,1.9920430368089073,0.11130599200829222,0.09140706077126345,0.14795146824718144,0.06462440832556486,True
20260717,M1,case_td003_pa050_pp0_3_gamma_010__steady,tpe,10,1.4061732696109392,0.13293964235215971,0.08356674399267237,1.9920430368089073,0.11130599200829222,0.09140706077126345,0.18622324525101716,0.06462440832556486,True
20260717,M1,case_td003_pa050_pp0_3_gamma_010__steady,tpe,11,1.3347464435768561,0.1072150435763746,0.0728790947424044,1.9920430368089073,0.11130599200829222,0.09140706077126345,0.29153129924346577,0.06462440832556486,True
20260717,M1,case_td003_pa050_pp0_3_gamma_010__steady,tpe,12,4.72256883360801,0.18702757510618412,0.09739535457361943,1.9920430368089073,0.11130599200829222,0.09140706077126345,1.6146737974504604,0.06462440832556486,True
20260717,M1,case_td003_pa050_pp0_3_gamma_010__steady,tpe,13,3.5984602619098336,0.1636853212220935,0.09414178672117435,1.9920430368089073,0.11130599200829222,0.09140706077126345,1.0394294633132546,0.06462440832556486,True
20260717,M1,case_td003_pa050_pp0_3_gamma_010__steady,tpe,14,1.8125300162964746,0.17383530252151969,0.06151430730014642,1.9920430368089073,0.11130599200829222,0.09140706077126345,0.16184246910308853,0.06462440832556486,True
20260717,M1,case_td003_pa050_pp0_3_gamma_010__steady,tpe,15,4.036363750979274,0.16968982937073193,0.059692671415084386,1.9920430368089073,0.11130599200829222,0.09140706077126345,1.252492668905381,0.06462440832556486,True
20260717,M1,case_td003_pa050_pp0_3_gamma_010__steady,tpe,16,1.5111546672228748,0.06180581672170383,0.09254122154157116,1.9920430368089073,0.11130599200829222,0.09140706077126345,0.3957825822118528,0.06462440832556486,True
20260717,M1,case_td003_pa050_pp0_3_gamma_010__steady,tpe,17,2.3847442319094307,0.06359143690506366,0.05221845488819726,1.9920430368089073,0.11130599200829222,0.09140706077126345,0.10639540597682363,0.06462440832556486,True
20260717,M1,case_td003_pa050_pp0_3_gamma_010__steady,tpe,18,1.8633262592581947,0.05790189392242716,0.04482323167423887,1.9920430368089073,0.11130599200829222,0.09140706077126345,0.30750326197237865,0.06462440832556486,True
20260717,M1,case_td003_pa050_pp0_3_gamma_010__steady,tpe,19,2.8178414820006226,0.1130232997672984,0.09941175527065339,1.9920430368089073,0.11130599200829222,0.09140706077126345,0.4152426282035454,0.06462440832556486,True
20260717,M1,case_td003_pa050_pp0_3_gamma_010__steady,tpe,20,3.2580766952395397,0.05803014894181608,0.07337008790702682,1.9920430368089073,0.11130599200829222,0.09140706077126345,0.15635960066964377,0.06462440832556486,True
20260717,M1,case_td003_pa050_pp0_3_gamma_010__steady,tpe,21,3.886004534507624,0.06080625072811545,0.040676507899864954,1.9920430368089073,0.11130599200829222,0.09140706077126345,0.3518646882294507,0.06462440832556486,True
20260717,M1,case_td003_pa050_pp0_3_gamma_010__steady,tpe,22,2.294942225362794,0.10073489782229889,0.05241690438110194,1.9920430368089073,0.11130599200829222,0.09140706077126345,0.1198576649683981,0.06462440832556486,True
20260717,M1,case_td003_pa050_pp0_3_gamma_010__steady,tpe,23,1.6864960904397486,0.060661072317163986,0.06895585203893066,1.9920430368089073,0.11130599200829222,0.09140706077126345,0.34718482648482957,0.06462440832556486,True
20260717,M1,case_td003_pa050_pp0_3_gamma_010__steady,tpe,24,2.053439764768035,0.09707522658527809,0.06981884088306671,2.053439764768035,0.09707522658527809,0.06981884088306671,0.05860056251030821,0.05860056251030821,True
20260717,M1,case_td003_pa050_pp0_3_gamma_010__steady,tpe,25,3.091055379521136,0.07283969836619147,0.05359382847018527,2.053439764768035,0.09707522658527809,0.06981884088306671,0.22709097730289132,0.05860056251030821,True
20260717,M1,case_td003_pa050_pp0_3_gamma_010__steady,tpe,26,2.3727142030466664,0.0936503364763096,0.08466398288816637,2.053439764768035,0.09707522658527809,0.06981884088306671,0.11657869537263633,0.05860056251030821,True
20260717,M1,case_td003_pa050_pp0_3_gamma_010__steady,tpe,27,2.517042138102204,0.0507789863370241,0.06535248939244473,2.053439764768035,0.09707522658527809,0.06981884088306671,0.14911646645212695,0.05860056251030821,True
20260717,M1,case_td003_pa050_pp0_3_gamma_010__steady,tpe,28,1.2849515336795978,0.08808141491466098,0.059431013541544675,2.053439764768035,0.09707522658527809,0.06981884088306671,0.37414867814256586,0.05860056251030821,True
20260717,M1,case_td003_pa050_pp0_3_gamma_010__steady,tpe,29,2.723040609902529,0.17441066362219082,0.07676549399491298,2.053439764768035,0.09707522658527809,0.06981884088306671,0.6582871240669522,0.05860056251030821,True
20260717,M1,case_td003_pa050_pp0_3_gamma_010__steady,tpe,30,2.5287094856397263,0.11791616678837986,0.08377061193504717,2.053439764768035,0.09707522658527809,0.06981884088306671,0.3142336187177712,0.05860056251030821,True
20260717,M1,case_td003_pa050_pp0_3_gamma_010__steady,tpe,31,2.879291019213577,0.10863308926998043,0.06445061392817159,2.053439764768035,0.09707522658527809,0.06981884088306671,0.41067637718195005,0.05860056251030821,True
20260717,M1,case_td003_pa050_pp0_3_gamma_010__steady,tpe,32,1.8220459105715245,0.10535693960375464,0.07430967789689066,2.053439764768035,0.09707522658527809,0.06981884088306671,0.09726494644153123,0.05860056251030821,True
20260717,M1,case_td003_pa050_pp0_3_gamma_010__steady,tpe,33,1.629106267317075,0.1326158992308572,0.06298164786998658,2.053439764768035,0.09707522658527809,0.06981884088306671,0.09280684871387143,0.05860056251030821,True
20260717,M1,case_td003_pa050_pp0_3_gamma_010__steady,tpe,34,1.5205132828796697,0.1422398198956213,0.05591915538642023,2.053439764768035,0.09707522658527809,0.06981884088306671,0.11500506220906016,0.05860056251030821,True
20260717,M1,case_td003_pa050_pp0_3_gamma_010__steady,tpe,35,2.2845267716241384,0.11480574123285396,0.07007387113382296,2.053439764768035,0.09707522658527809,0.06981884088306671,0.18701593612556483,0.05860056251030821,True
20260717,M1,case_td003_pa050_pp0_3_gamma_010__steady,tpe,36,1.5286548553676473,0.12626232815727098,0.07099810807877187,2.053439764768035,0.09707522658527809,0.06981884088306671,0.15073985156124503,0.05860056251030821,True
20260717,M1,case_td003_pa050_pp0_3_gamma_010__steady,tpe,37,2.019091946973673,0.10037926488495473,0.07559980149149209,2.019091946973673,0.10037926488495473,0.07559980149149209,0.05848139776068384,0.05848139776068384,True
20260717,M1,case_td003_pa050_pp0_3_gamma_010__steady,tpe,38,1.7465886550764598,0.0895677529629467,0.08789975932669676,2.019091946973673,0.10037926488495473,0.07559980149149209,0.18808922146330023,0.05848139776068384,True
20260717,M1,case_td003_pa050_pp0_3_gamma_010__steady,tpe,39,1.0664320578499245,0.14234756137303106,0.065805448605652,2.019091946973673,0.10037926488495473,0.07559980149149209,0.3214719157901134,0.05848139776068384,True
20260717,M1,case_td003_pa050_pp0_3_gamma_010__steady,tpe,40,1.5382469092356326,0.10372633342295384,0.09945306365805649,2.019091946973673,0.10037926488495473,0.07559980149149209,0.21548805503099436,0.05848139776068384,True
20260717,M1,case_td003_pa050_pp0_3_gamma_010__steady,tpe,41,4.776010927851924,0.09204950552152877,0.09302800673741571,2.019091946973673,0.10037926488495473,0.07559980149149209,0.9061716524672933,0.05848139776068384,True
20260717,M1,case_td003_pa050_pp0_3_gamma_010__steady,tpe,42,2.0227919827381555,0.0831594124814836,0.07053654271315658,2.019091946973673,0.10037926488495473,0.07559980149149209,0.11614579196891778,0.05848139776068384,True
20260717,M1,case_td003_pa050_pp0_3_gamma_010__steady,tpe,43,2.8359975933723156,0.09674952069376411,0.07313755632662207,2.019091946973673,0.10037926488495473,0.07559980149149209,0.31609436638390437,0.05848139776068384,True
20260717,M1,case_td003_pa050_pp0_3_gamma_010__steady,tpe,44,1.4027786369283852,0.09776738017243444,0.07846958107508632,2.019091946973673,0.10037926488495473,0.07559980149149209,0.293784147992392,0.05848139776068384,True
20260717,M1,case_td003_pa050_pp0_3_gamma_010__steady,tpe,45,3.734087901512298,0.12931638350004912,0.04059788217564399,2.019091946973673,0.10037926488495473,0.07559980149149209,0.8878292799682528,0.05848139776068384,True
20260717,M1,case_td003_pa050_pp0_3_gamma_010__steady,tpe,46,1.9642773205784734,0.11076417050371375,0.07115169496748397,2.019091946973673,0.10037926488495473,0.07559980149149209,0.05889300908794576,0.05848139776068384,True
20260717,M1,case_td003_pa050_pp0_3_gamma_010__steady,tpe,47,2.379976383968303,0.16432338107189068,0.09803295849684175,2.019091946973673,0.10037926488495473,0.07559980149149209,0.4426976574627923,0.05848139776068384,True
20260717,M1,case_td003_pa050_pp0_3_gamma_010__steady,tpe,48,2.4968525897374,0.14404369811559004,0.05428510104163181,2.019091946973673,0.10037926488495473,0.07559980149149209,0.4182655891081563,0.05848139776068384,True
20260717,M1,case_td003_pa050_pp0_3_gamma_010__steady,tpe,49,1.9299590611559791,0.12348842403987287,0.06506890733192248,2.019091946973673,0.10037926488495473,0.07559980149149209,0.07534030555207129,0.05848139776068384,True
20260717,M1,case_td003_pa050_pp0_3_gamma_010__steady,tpe,50,2.03813049748773,0.10544055831460793,0.060026825204246424,2.019091946973673,0.10037926488495473,0.07559980149149209,0.059773670709167684,0.05848139776068384,True
20260717,M1,case_td003_pa050_pp0_3_gamma_010__steady,tpe,51,1.1687837023123235,0.195063994902675,0.044090257632503106,2.019091946973673,0.10037926488495473,0.07559980149149209,0.17431532575605288,0.05848139776068384,True
20260717,M1,case_td003_pa050_pp0_3_gamma_010__steady,tpe,52,2.1076708492062637,0.11487397987842969,0.058844989362211476,2.019091946973673,0.10037926488495473,0.07559980149149209,0.11015878358451495,0.05848139776068384,True
20260717,M1,case_td003_pa050_pp0_3_gamma_010__steady,tpe,53,2.237287507174651,0.11481154068796649,0.06793519945230449,2.019091946973673,0.10037926488495473,0.07559980149149209,0.16595500498339433,0.05848139776068384,True
20260717,M1,case_td003_pa050_pp0_3_gamma_010__steady,tpe,54,2.181415667186158,0.11936528266727395,0.09080533357978143,2.019091946973673,0.10037926488495473,0.07559980149149209,0.1645143876645207,0.05848139776068384,True
20260717,M1,case_td003_pa050_pp0_3_gamma_010__steady,tpe,55,2.498078831977928,0.10545209750041931,0.06975712945393989,2.019091946973673,0.10037926488495473,0.07559980149149209,0.23102756017999213,0.05848139776068384,True
20260717,M1,case_td003_pa050_pp0_3_gamma_010__steady,tpe,56,2.2256230814082882,0.09926426371399881,0.0673130930350079,2.019091946973673,0.10037926488495473,0.07559980149149209,0.08975004100734317,0.05848139776068384,True
20260717,M1,case_td003_pa050_pp0_3_gamma_010__steady,tpe,57,4.7756590668294985,0.12636269916934906,0.057516603279530884,2.019091946973673,0.10037926488495473,0.07559980149149209,1.221557370377291,0.05848139776068384,True
20260717,M1,case_td003_pa050_pp0_3_gamma_010__steady,tpe,58,1.8443944855688539,0.09381796534718781,0.06068749154556302,2.019091946973673,0.10037926488495473,0.07559980149149209,0.13463433871096694,0.05848139776068384,True
20260717,M1,case_td003_pa050_pp0_3_gamma_010__steady,tpe,59,2.1715076846898804,0.14319684195314014,0.07047961879728262,2.019091946973673,0.10037926488495473,0.07559980149149209,0.2536920930591626,0.05848139776068384,True
20260717,M1,case_td003_pa050_pp0_3_gamma_010__steady,tpe,60,1.6540723925602325,0.09924265973440895,0.06939982510176942,2.019091946973673,0.10037926488495473,0.07559980149149209,0.1872313708233011,0.05848139776068384,True
20260717,M1,case_td003_pa050_pp0_3_gamma_010__steady,tpe,61,1.8900246251544146,0.1372284493723777,0.08265438731284507,2.019091946973673,0.10037926488495473,0.07559980149149209,0.1011007877062991,0.05848139776068384,True
20260717,M1,case_td003_pa050_pp0_3_gamma_010__steady,tpe,62,2.2892234481459783,0.09357107363349138,0.07556636023665701,2.019091946973673,0.10037926488495473,0.07559980149149209,0.08644237880808497,0.05848139776068384,True
20260717,M1,case_td003_pa050_pp0_3_gamma_010__steady,tpe,63,2.680542164075184,0.0643796804456934,0.0916570253906874,2.680542164075184,0.0643796804456934,0.0916570253906874,0.056632787888874,0.056632787888874,True
20260717,M1,case_td003_pa050_pp0_3_gamma_010__steady,tpe,64,3.7233940883573844,0.1444126519144181,0.07397221989284317,2.680542164075184,0.0643796804456934,0.0916570253906874,0.9851120073390145,0.056632787888874,True
20260717,M1,case_td003_pa050_pp0_3_gamma_010__steady,tpe,65,2.0561393866403614,0.10521922713632514,0.051222040582663775,2.680542164075184,0.0643796804456934,0.0916570253906874,0.06150851482264486,0.056632787888874,True
20260717,M1,case_td003_pa050_pp0_3_gamma_010__steady,tpe,66,2.641530301294703,0.062181752327189185,0.09586053566475666,2.641530301294703,0.062181752327189185,0.09586053566475666,0.054842441619538954,0.054842441619538954,True
20260717,M1,case_td003_pa050_pp0_3_gamma_010__steady,tpe,67,3.1908399774075518,0.06884468301454211,0.09427132947040727,2.641530301294703,0.062181752327189185,0.09586053566475666,0.22931155557995822,0.054842441619538954,True
20260717,M1,case_td003_pa050_pp0_3_gamma_010__steady,tpe,68,2.266120524408503,0.05174011146049879,0.09481948802210047,2.641530301294703,0.062181752327189185,0.09586053566475666,0.2140475395201662,0.054842441619538954,True
20260717,M1,case_td003_pa050_pp0_3_gamma_010__steady,tpe,69,2.797436777419514,0.06581384112889473,0.08378649620970077,2.641530301294703,0.062181752327189185,0.09586053566475666,0.08656608097038752,0.054842441619538954,True
20260717,M1,case_td003_pa050_pp0_3_gamma_010__steady,tpe,70,2.0564046688730455,0.09613902077470238,0.04242217721788074,2.641530301294703,0.062181752327189185,0.09586053566475666,0.06078378166376152,0.054842441619538954,True
20260717,M1,case_td003_pa050_pp0_3_gamma_010__steady,tpe,71,2.4560934399741914,0.08262810688852329,0.09801737948676563,2.641530301294703,0.062181752327189185,0.09586053566475666,0.08696968275722396,0.054842441619538954,True
20260717,M1,case_td003_pa050_pp0_3_gamma_010__steady,tpe,72,2.04713465672353,0.09872673765035597,0.04255230120443042,2.641530301294703,0.062181752327189185,0.09586053566475666,0.05811362577899669,0.054842441619538954,True
20260717,M1,case_td003_pa050_pp0_3_gamma_010__steady,tpe,73,2.0407302282114475,0.09293008712905586,0.04016868016961827,2.641530301294703,0.062181752327189185,0.09586053566475666,0.07301120953194305,0.054842441619538954,True
20260717,M1,case_td003_pa050_pp0_3_gamma_010__steady,tpe,74,1.4802604230239202,0.10827888911981225,0.04787079274409938,2.641530301294703,0.062181752327189185,0.09586053566475666,0.23006427113147734,0.054842441619538954,True
20260717,M1,case_td003_pa050_pp0_3_gamma_010__steady,tpe,75,2.1388054967056633,0.09012574855009214,0.04264302432845876,2.641530301294703,0.062181752327189185,0.09586053566475666,0.059174237972089865,0.054842441619538954,True
20260717,M1,case_td003_pa050_pp0_3_gamma_010__steady,tpe,76,3.268539973817522,0.05724371079900247,0.09952538442892644,2.641530301294703,0.062181752327189185,0.09586053566475666,0.15376233918104132,0.054842441619538954,True
20260717,M1,case_td003_pa050_pp0_3_gamma_010__steady,tpe,77,2.749580958279096,0.09868561204790476,0.04372575668897054,2.641530301294703,0.062181752327189185,0.09586053566475666,0.29010593983028027,0.054842441619538954,True
20260717,M1,case_td003_pa050_pp0_3_gamma_010__steady,tpe,78,4.902433787464228,0.06195876477426178,0.06132652114485003,2.641530301294703,0.062181752327189185,0.09586053566475666,0.6117584309717919,0.054842441619538954,True
20260717,M1,case_td003_pa050_pp0_3_gamma_010__steady,tpe,79,2.2429188514583958,0.0871654484680446,0.05150151260074768,2.641530301294703,0.062181752327189185,0.09586053566475666,0.05538338612741024,0.054842441619538954,True
20260717,M1,case_td003_pa050_pp0_3_gamma_010__steady,tpe,80,2.8004228675085203,0.06034153377183075,0.04164693119989711,2.641530301294703,0.062181752327189185,0.09586053566475666,0.057558902898903266,0.054842441619538954,True
20260717,M1,case_td003_pa050_pp0_3_gamma_010__steady,tpe,81,3.4198106432316426,0.05138398379607747,0.04199262038162102,2.641530301294703,0.062181752327189185,0.09586053566475666,0.13924945687222742,0.054842441619538954,True
20260717,M1,case_td003_pa050_pp0_3_gamma_010__steady,tpe,82,3.098283175773795,0.08106429044686952,0.04340040226455011,2.641530301294703,0.062181752327189185,0.09586053566475666,0.29392060837306594,0.054842441619538954,True
20260717,M1,case_td003_pa050_pp0_3_gamma_010__steady,tpe,83,2.506620839427387,0.07644729714609504,0.04418263847454929,2.641530301294703,0.062181752327189185,0.09586053566475666,0.06670681794200944,0.054842441619538954,True
20260717,M1,case_td003_pa050_pp0_3_gamma_010__steady,tpe,84,2.4539340953316016,0.05678094136556091,0.0470869569055195,2.641530301294703,0.062181752327189185,0.09586053566475666,0.12917410360454076,0.054842441619538954,True
20260717,M1,case_td003_pa050_pp0_3_gamma_010__steady,tpe,85,2.548955838325059,0.05940934744652823,0.08504793778031275,2.641530301294703,0.062181752327189185,0.09586053566475666,0.08291905110798647,0.054842441619538954,True
20260717,M1,case_td003_pa050_pp0_3_gamma_010__steady,tpe,86,4.973301099956504,0.14194422129244286,0.08838599787549517,2.641530301294703,0.062181752327189185,0.09586053566475666,1.4067466591473645,0.054842441619538954,True
20260717,M1,case_td003_pa050_pp0_3_gamma_010__steady,tpe,87,1.369580642584437,0.06520490106389092,0.05380468096812601,2.641530301294703,0.062181752327189185,0.09586053566475666,0.429980928870997,0.054842441619538954,True
20260717,M1,case_td003_pa050_pp0_3_gamma_010__steady,tpe,88,1.8711009489883141,0.08195368202925843,0.047578309634907376,2.641530301294703,0.062181752327189185,0.09586053566475666,0.17999289543429145,0.054842441619538954,True
20260717,M1,case_td003_pa050_pp0_3_gamma_010__steady,tpe,89,2.6204505140109697,0.05185882789854858,0.04066636178905022,2.641530301294703,0.062181752327189185,0.09586053566475666,0.11584721412908235,0.054842441619538954,True
20260717,M1,case_td003_pa050_pp0_3_gamma_010__steady,tpe,90,3.625273046583816,0.11107708055952437,0.09097401011848766,2.641530301294703,0.062181752327189185,0.09586053566475666,0.7228929480612587,0.054842441619538954,True
20260717,M1,case_td003_pa050_pp0_3_gamma_010__steady,tpe,91,2.726359177188717,0.09357557688230478,0.05840712226037344,2.641530301294703,0.062181752327189185,0.09586053566475666,0.24984069052055705,0.054842441619538954,True
20260717,M1,case_td003_pa050_pp0_3_gamma_010__steady,tpe,92,2.7112809842697234,0.08244142734635132,0.08905223916728382,2.641530301294703,0.062181752327189185,0.09586053566475666,0.17211236138443925,0.054842441619538954,True
20260717,M1,case_td003_pa050_pp0_3_gamma_010__steady,tpe,93,1.7118691372266286,0.08341822229776644,0.046994186966463944,2.641530301294703,0.062181752327189185,0.09586053566475666,0.2331733382608516,0.054842441619538954,True
20260717,M1,case_td003_pa050_pp0_3_gamma_010__steady,tpe,94,2.4830386264589652,0.12764432912224372,0.04511462629751995,2.641530301294703,0.062181752327189185,0.09586053566475666,0.3358295675297714,0.054842441619538954,True
20260717,M1,case_td003_pa050_pp0_3_gamma_010__steady,tpe,95,1.880076523630191,0.06927192556241862,0.07680237482550571,2.641530301294703,0.062181752327189185,0.09586053566475666,0.2374502610384413,0.054842441619538954,True
20260717,M1,case_td003_pa050_pp0_3_gamma_010__steady,tpe,96,2.1741512120519935,0.0688100526076086,0.09898752638679899,2.641530301294703,0.062181752327189185,0.09586053566475666,0.13781512826097225,0.054842441619538954,True
20260717,M1,case_td003_pa050_pp0_3_gamma_010__steady,tpe,97,1.96968106961141,0.07436655453938543,0.052892909825137085,2.641530301294703,0.062181752327189185,0.09586053566475666,0.18167180432487853,0.054842441619538954,True
20260717,M1,case_td003_pa050_pp0_3_gamma_010__steady,tpe,98,1.8513398804777657,0.11372742237196287,0.07375686922593397,2.641530301294703,0.062181752327189185,0.09586053566475666,0.0656887454172709,0.054842441619538954,True
20260717,M1,case_td003_pa050_pp0_3_gamma_010__steady,tpe,99,4.798959806203115,0.17432150019105708,0.0411590398451681,2.641530301294703,0.062181752327189185,0.09586053566475666,1.563470532284858,0.054842441619538954,True
20260717,M1,case_td003_pa050_pp0_3_gamma_010__steady,tpe,100,2.895096017930112,0.05522551045663598,0.09526823480603863,2.641530301294703,0.062181752327189185,0.09586053566475666,0.05564621721115579,0.054842441619538954,True
20260717,M1,case_td003_pa050_pp0_3_gamma_010__steady,random,1,3.0,0.125,0.07,3.0,0.125,0.07,0.5628434392461068,0.5628434392461068,True
20260717,M1,case_td003_pa050_pp0_3_gamma_010__steady,random,2,1.6776620392355244,0.11575040968926807,0.06624447621596893,1.6776620392355244,0.11575040968926807,0.06624447621596893,0.11953036608380183,0.11953036608380183,True
20260717,M1,case_td003_pa050_pp0_3_gamma_010__steady,random,3,1.5959260303746046,0.050297496951888225,0.07345443056440273,1.6776620392355244,0.11575040968926807,0.06624447621596893,0.42468386312307604,0.11953036608380183,True
20260717,M1,case_td003_pa050_pp0_3_gamma_010__steady,random,4,2.039655038000501,0.12338418809546174,0.08448905726404307,2.039655038000501,0.12338418809546174,0.08448905726404307,0.11824892166040743,0.11824892166040743,True
20260717,M1,case_td003_pa050_pp0_3_gamma_010__steady,random,5,2.91501004034009,0.11253375909876379,0.0778403040100776,2.039655038000501,0.12338418809546174,0.08448905726404307,0.45190338542131814,0.11824892166040743,True
20260717,M1,case_td003_pa050_pp0_3_gamma_010__steady,random,6,2.474736489494175,0.17520398927845038,0.04760641760551128,2.039655038000501,0.12338418809546174,0.08448905726404307,0.5227930342651671,0.11824892166040743,True
20260717,M1,case_td003_pa050_pp0_3_gamma_010__steady,random,7,1.1925576184062585,0.14259804302354126,0.07487505970508168,2.039655038000501,0.12338418809546174,0.08448905726404307,0.26253991247686403,0.11824892166040743,True
20260717,M1,case_td003_pa050_pp0_3_gamma_010__steady,random,8,1.152783325243036,0.07962469584992116,0.09913239110336924,2.039655038000501,0.12338418809546174,0.08448905726404307,0.44489748962143677,0.11824892166040743,True
20260717,M1,case_td003_pa050_pp0_3_gamma_010__steady,random,9,1.8732231460764863,0.19714130033631994,0.06901428136277644,2.039655038000501,0.12338418809546174,0.08448905726404307,0.25553840340359935,0.11824892166040743,True
20260717,M1,case_td003_pa050_pp0_3_gamma_010__steady,random,10,4.302117414678983,0.07809394877907382,0.08343296864049997,2.039655038000501,0.12338418809546174,0.08448905726404307,0.6415701476476842,0.11824892166040743,True
20260717,M1,case_td003_pa050_pp0_3_gamma_010__steady,random,11,3.6065991118275296,0.11536592284806321,0.07944518904344874,2.039655038000501,0.12338418809546174,0.08448905726404307,0.7473012864590362,0.11824892166040743,True
20260717,M1,case_td003_pa050_pp0_3_gamma_010__steady,random,12,1.2786814339175456,0.18116421199160726,0.05067635143843477,2.039655038000501,0.12338418809546174,0.08448905726404307,0.14596308214193587,0.11824892166040743,True
20260717,M1,case_td003_pa050_pp0_3_gamma_010__steady,random,13,2.5876643174132745,0.1122762641325312,0.045167519899151645,2.039655038000501,0.12338418809546174,0.08448905726404307,0.3040877994082167,0.11824892166040743,True
20260717,M1,case_td003_pa050_pp0_3_gamma_010__steady,random,14,4.099196863667942,0.1260186759486101,0.048974110941203866,2.039655038000501,0.12338418809546174,0.08448905726404307,1.0002235190045545,0.11824892166040743,True
20260717,M1,case_td003_pa050_pp0_3_gamma_010__steady,random,15,3.124046308136611,0.16587701522265305,0.08738518507785695,2.039655038000501,0.12338418809546174,0.08448905726404307,0.8288352281851304,0.11824892166040743,True
20260717,M1,case_td003_pa050_pp0_3_gamma_010__steady,random,16,3.6578902700182674,0.13674133904143543,0.08066089850570224,2.039655038000501,0.12338418809546174,0.08448905726404307,0.9123012088861583,0.11824892166040743,True
20260717,M1,case_td003_pa050_pp0_3_gamma_010__steady,random,17,2.9688350750377324,0.09618233119650627,0.09435207716817084,2.039655038000501,0.12338418809546174,0.08448905726404307,0.3656323203771136,0.11824892166040743,True
20260717,M1,case_td003_pa050_pp0_3_gamma_010__steady,random,18,2.07592271752667,0.09095283200965662,0.05039558254095578,2.07592271752667,0.09095283200965662,0.05039558254095578,0.06916666630738998,0.06916666630738998,True
20260717,M1,case_td003_pa050_pp0_3_gamma_010__steady,random,19,1.9180804316079985,0.17102412965865468,0.07355363948254731,2.07592271752667,0.09095283200965662,0.05039558254095578,0.21172323266069373,0.06916666630738998,True
20260717,M1,case_td003_pa050_pp0_3_gamma_010__steady,random,20,4.654964745692982,0.14395913532133367,0.07279132575173006,2.07592271752667,0.09095283200965662,0.05039558254095578,1.3222790754262799,0.06916666630738998,True
20260717,M1,case_td003_pa050_pp0_3_gamma_010__steady,random,21,2.579703201688687,0.06848667982977916,0.09721858371681419,2.579703201688687,0.06848667982977916,0.09721858371681419,0.05579193848069671,0.05579193848069671,True
20260717,M1,case_td003_pa050_pp0_3_gamma_010__steady,random,22,2.229019133835946,0.1787950224070174,0.06660525331327065,2.579703201688687,0.06848667982977916,0.09721858371681419,0.4036071996344959,0.05579193848069671,True
20260717,M1,case_td003_pa050_pp0_3_gamma_010__steady,random,23,3.0311154445727637,0.1698752380790266,0.04935033394452971,2.579703201688687,0.06848667982977916,0.09721858371681419,0.7933759539319221,0.05579193848069671,True
20260717,M1,case_td003_pa050_pp0_3_gamma_010__steady,random,24,3.6933116019869794,0.17891365072390314,0.08712124856140957,2.579703201688687,0.06848667982977916,0.09721858371681419,1.1536466937260523,0.05579193848069671,True
20260717,M1,case_td003_pa050_pp0_3_gamma_010__steady,random,25,2.3573772973084273,0.18885021855422812,0.041892954968329045,2.579703201688687,0.06848667982977916,0.09721858371681419,0.5005337320745258,0.05579193848069671,True
20260717,M1,case_td003_pa050_pp0_3_gamma_010__steady,random,26,2.5180113718375154,0.09413259289931569,0.04719653079812625,2.579703201688687,0.06848667982977916,0.09721858371681419,0.1699245216819731,0.05579193848069671,True
20260717,M1,case_td003_pa050_pp0_3_gamma_010__steady,random,27,3.65724680774233,0.14401603418712444,0.0613566262485498,2.579703201688687,0.06848667982977916,0.09721858371681419,0.9538892291119352,0.05579193848069671,True
20260717,M1,case_td003_pa050_pp0_3_gamma_010__steady,random,28,1.55177591905121,0.09288038864510363,0.05664059359698387,2.579703201688687,0.06848667982977916,0.09721858371681419,0.2546283427686091,0.05579193848069671,True
20260717,M1,case_td003_pa050_pp0_3_gamma_010__steady,random,29,3.7999014459402534,0.14728639873920096,0.08523288944003653,2.579703201688687,0.06848667982977916,0.09721858371681419,1.0343319639242263,0.05579193848069671,True
20260717,M1,case_td003_pa050_pp0_3_gamma_010__steady,random,30,2.0186266178419263,0.06015836474078849,0.05206366578903118,2.579703201688687,0.06848667982977916,0.09721858371681419,0.2438897754640088,0.05579193848069671,True
20260717,M1,case_td003_pa050_pp0_3_gamma_010__steady,random,31,1.3095238920807653,0.10172168554036723,0.04078993315938826,2.579703201688687,0.06848667982977916,0.09721858371681419,0.3226432914833856,0.05579193848069671,True
20260717,M1,case_td003_pa050_pp0_3_gamma_010__steady,random,32,3.3082876001606265,0.188723904411711,0.06496470916617669,2.579703201688687,0.06848667982977916,0.09721858371681419,1.0093010627713856,0.05579193848069671,True
20260717,M1,case_td003_pa050_pp0_3_gamma_010__steady,random,33,1.909244794349144,0.17535939021682717,0.07845812726325106,2.579703201688687,0.06848667982977916,0.09721858371681419,0.21969549200649632,0.05579193848069671,True
20260717,M1,case_td003_pa050_pp0_3_gamma_010__steady,random,34,1.1660370992860853,0.09945233177130461,0.07418096108534675,2.579703201688687,0.06848667982977916,0.09721858371681419,0.38197482342768385,0.05579193848069671,True
20260717,M1,case_td003_pa050_pp0_3_gamma_010__steady,random,35,2.0916289584753143,0.1965950394776661,0.07109613287815883,2.579703201688687,0.06848667982977916,0.09721858371681419,0.3785747411910224,0.05579193848069671,True
20260717,M1,case_td003_pa050_pp0_3_gamma_010__steady,random,36,3.767282488811941,0.11042757631778066,0.06797968884596596,2.579703201688687,0.06848667982977916,0.09721858371681419,0.7674148415895642,0.05579193848069671,True
20260717,M1,case_td003_pa050_pp0_3_gamma_010__steady,random,37,1.0103559953978154,0.19725397115947801,0.08898995803848203,2.579703201688687,0.06848667982977916,0.09721858371681419,0.24424266570114653,0.05579193848069671,True
20260717,M1,case_td003_pa050_pp0_3_gamma_010__steady,random,38,4.203979313753729,0.1976939005363504,0.09926504380263242,2.579703201688687,0.06848667982977916,0.09721858371681419,1.4618169116060826,0.05579193848069671,True
20260717,M1,case_td003_pa050_pp0_3_gamma_010__steady,random,39,1.1223152589107674,0.11137433721679249,0.0815372686739532,2.579703201688687,0.06848667982977916,0.09721858371681419,0.366108196478108,0.05579193848069671,True
20260717,M1,case_td003_pa050_pp0_3_gamma_010__steady,random,40,3.485892997633531,0.06820852665862448,0.047768830797843956,2.579703201688687,0.06848667982977916,0.09721858371681419,0.31040099318899017,0.05579193848069671,True
20260717,M1,case_td003_pa050_pp0_3_gamma_010__steady,random,41,2.5025247779239757,0.16772981712341328,0.059401280745193,2.579703201688687,0.06848667982977916,0.09721858371681419,0.5142794401924744,0.05579193848069671,True
20260717,M1,case_td003_pa050_pp0_3_gamma_010__steady,random,42,4.530739373886471,0.1946502466540883,0.04417389419000799,2.579703201688687,0.06848667982977916,0.09721858371681419,1.572648611708269,0.05579193848069671,True
20260717,M1,case_td003_pa050_pp0_3_gamma_010__steady,random,43,3.4700819540531027,0.1920149751147237,0.09645152574996521,2.579703201688687,0.06848667982977916,0.09721858371681419,1.1055926264620606,0.05579193848069671,True
20260717,M1,case_td003_pa050_pp0_3_gamma_010__steady,random,44,4.644100816838076,0.1656100343448233,0.07784328014899332,2.579703201688687,0.06848667982977916,0.09721858371681419,1.4632076162695236,0.05579193848069671,True
20260717,M1,case_td003_pa050_pp0_3_gamma_010__steady,random,45,4.627422682453559,0.1464833099980773,0.04851933047746257,2.579703201688687,0.06848667982977916,0.09721858371681419,1.327798744122979,0.05579193848069671,True
20260717,M1,case_td003_pa050_pp0_3_gamma_010__steady,random,46,3.6189218408978494,0.0565269956046503,0.08388607631494621,2.579703201688687,0.06848667982977916,0.09721858371681419,0.24282543708121007,0.05579193848069671,True
20260717,M1,case_td003_pa050_pp0_3_gamma_010__steady,random,47,3.04756183352892,0.17568085469803157,0.04055453991079707,2.579703201688687,0.06848667982977916,0.09721858371681419,0.8227420733725765,0.05579193848069671,True
20260717,M1,case_td003_pa050_pp0_3_gamma_010__steady,random,48,1.9667351391984025,0.1391298522245412,0.061679326653732894,2.579703201688687,0.06848667982977916,0.09721858371681419,0.13772372316792936,0.05579193848069671,True
20260717,M1,case_td003_pa050_pp0_3_gamma_010__steady,random,49,3.369050080151647,0.1503008897228778,0.05213632744540622,2.579703201688687,0.06848667982977916,0.09721858371681419,0.8632776898589135,0.05579193848069671,True
20260717,M1,case_td003_pa050_pp0_3_gamma_010__steady,random,50,4.481238896846694,0.18339555232683202,0.05710980835435929,2.579703201688687,0.06848667982977916,0.09721858371681419,1.5003738985893902,0.05579193848069671,True
20260717,M1,case_td003_pa050_pp0_3_gamma_010__steady,random,51,4.068442904072364,0.05080014354707847,0.05866903581179535,2.579703201688687,0.06848667982977916,0.09721858371681419,0.29898557967804795,0.05579193848069671,True
20260717,M1,case_td003_pa050_pp0_3_gamma_010__steady,random,52,1.0987005428666077,0.1939434065359849,0.06816667050113842,2.579703201688687,0.06848667982977916,0.09721858371681419,0.20844784730897317,0.05579193848069671,True
20260717,M1,case_td003_pa050_pp0_3_gamma_010__steady,random,53,2.826722557531802,0.19757805006818113,0.09051418966706343,2.579703201688687,0.06848667982977916,0.09721858371681419,0.795623627702154,0.05579193848069671,True
20260717,M1,case_td003_pa050_pp0_3_gamma_010__steady,random,54,1.7473866071068556,0.16341797163567223,0.08262486063470773,2.579703201688687,0.06848667982977916,0.09721858371681419,0.10781639642750915,0.05579193848069671,True
20260717,M1,case_td003_pa050_pp0_3_gamma_010__steady,random,55,4.0002862419596665,0.12522069388175733,0.04789104058302275,2.579703201688687,0.06848667982977916,0.09721858371681419,0.9592490475445026,0.05579193848069671,True
20260717,M1,case_td003_pa050_pp0_3_gamma_010__steady,random,56,1.7317230808328894,0.062006710093762164,0.09741033122700866,2.579703201688687,0.06848667982977916,0.09721858371681419,0.32331689423941207,0.05579193848069671,True
20260717,M1,case_td003_pa050_pp0_3_gamma_010__steady,random,57,2.96880016368379,0.055460106045573575,0.06326169466122346,2.579703201688687,0.06848667982977916,0.09721858371681419,0.06487169867561468,0.05579193848069671,True
20260717,M1,case_td003_pa050_pp0_3_gamma_010__steady,random,58,4.9013213593627665,0.1922793339188848,0.0842925611027398,2.579703201688687,0.06848667982977916,0.09721858371681419,1.7065359077524993,0.05579193848069671,True
20260717,M1,case_td003_pa050_pp0_3_gamma_010__steady,random,59,2.41659265737421,0.1279793677442337,0.07846735499646351,2.579703201688687,0.06848667982977916,0.09721858371681419,0.31150790840731285,0.05579193848069671,True
20260717,M1,case_td003_pa050_pp0_3_gamma_010__steady,random,60,1.513502213397051,0.19205541259842202,0.040799203014308394,2.579703201688687,0.06848667982977916,0.09721858371681419,0.06933598946042087,0.05579193848069671,True
20260717,M1,case_td003_pa050_pp0_3_gamma_010__steady,random,61,4.785480512344334,0.12908563562698794,0.09463216346423563,2.579703201688687,0.06848667982977916,0.09721858371681419,1.248782341643977,0.05579193848069671,True
20260717,M1,case_td003_pa050_pp0_3_gamma_010__steady,random,62,1.8616124114033483,0.18460827840319122,0.04813342466716505,2.579703201688687,0.06848667982977916,0.09721858371681419,0.21317712395772012,0.05579193848069671,True
20260717,M1,case_td003_pa050_pp0_3_gamma_010__steady,random,63,4.884484649676834,0.06440158139856958,0.07105773051133836,2.579703201688687,0.06848667982977916,0.09721858371681419,0.6358211280728324,0.05579193848069671,True
20260717,M1,case_td003_pa050_pp0_3_gamma_010__steady,random,64,3.1086077606038365,0.11750936546036071,0.05243446151986524,2.579703201688687,0.06848667982977916,0.09721858371681419,0.5610666463427042,0.05579193848069671,True
20260717,M1,case_td003_pa050_pp0_3_gamma_010__steady,random,65,4.129627777163918,0.19583208097326543,0.06387421981237076,2.579703201688687,0.06848667982977916,0.09721858371681419,1.4177161033666104,0.05579193848069671,True
20260717,M1,case_td003_pa050_pp0_3_gamma_010__steady,random,66,4.526186818275231,0.13511431001390964,0.07223592115711329,2.579703201688687,0.06848667982977916,0.09721858371681419,1.2152334065208303,0.05579193848069671,True
20260717,M1,case_td003_pa050_pp0_3_gamma_010__steady,random,67,1.166738271748026,0.06378597619220572,0.06478461811556169,2.579703201688687,0.06848667982977916,0.09721858371681419,0.49640001021468766,0.05579193848069671,True
20260717,M1,case_td003_pa050_pp0_3_gamma_010__steady,random,68,2.3774890072550514,0.14295893041897423,0.05611601377639339,2.579703201688687,0.06848667982977916,0.09721858371681419,0.3541722714975087,0.05579193848069671,True
20260717,M1,case_td003_pa050_pp0_3_gamma_010__steady,random,69,3.919904480924197,0.1197228317715264,0.07782597587034608,2.579703201688687,0.06848667982977916,0.09721858371681419,0.8936318692981019,0.05579193848069671,True
20260717,M1,case_td003_pa050_pp0_3_gamma_010__steady,random,70,1.4262283892461811,0.07158026426164463,0.08331751980419985,2.579703201688687,0.06848667982977916,0.09721858371681419,0.38293667373693935,0.05579193848069671,True
20260717,M1,case_td003_pa050_pp0_3_gamma_010__steady,random,71,4.413040094329319,0.13798004102197262,0.05570458450002866,2.579703201688687,0.06848667982977916,0.09721858371681419,1.1968272731765555,0.05579193848069671,True
20260717,M1,case_td003_pa050_pp0_3_gamma_010__steady,random,72,4.600608124619736,0.09834088855835202,0.05450626723410451,2.579703201688687,0.06848667982977916,0.09721858371681419,0.9205352319935651,0.05579193848069671,True
20260717,M1,case_td003_pa050_pp0_3_gamma_010__steady,random,73,1.0797467869107713,0.15672079259082158,0.04040180687556603,2.579703201688687,0.06848667982977916,0.09721858371681419,0.29011211105830126,0.05579193848069671,True
20260717,M1,case_td003_pa050_pp0_3_gamma_010__steady,random,74,3.7667158813723525,0.08551741777729557,0.0595350613207461,2.579703201688687,0.06848667982977916,0.09721858371681419,0.5561223343102921,0.05579193848069671,True
20260717,M1,case_td003_pa050_pp0_3_gamma_010__steady,random,75,3.55802416435016,0.14042868958869617,0.06666244662255344,2.579703201688687,0.06848667982977916,0.09721858371681419,0.8923624649790854,0.05579193848069671,True
20260717,M1,case_td003_pa050_pp0_3_gamma_010__steady,random,76,3.013165956764378,0.16475239581766388,0.05981859696489257,2.579703201688687,0.06848667982977916,0.09721858371681419,0.7653777882049917,0.05579193848069671,True
20260717,M1,case_td003_pa050_pp0_3_gamma_010__steady,random,77,1.4722045646424973,0.19237327241118451,0.09529343428888445,2.579703201688687,0.06848667982977916,0.09721858371681419,0.0679760859990166,0.05579193848069671,True
20260717,M1,case_td003_pa050_pp0_3_gamma_010__steady,random,78,2.5261464178893913,0.06563667553333472,0.07576480924437157,2.579703201688687,0.06848667982977916,0.09721858371681419,0.05967783805482616,0.05579193848069671,True
20260717,M1,case_td003_pa050_pp0_3_gamma_010__steady,random,79,3.3982917279897173,0.1300917676704234,0.049884888995975145,2.579703201688687,0.06848667982977916,0.09721858371681419,0.760365925407537,0.05579193848069671,True
20260717,M1,case_td003_pa050_pp0_3_gamma_010__steady,random,80,1.1172820166088249,0.11034088246088511,0.06142009750049009,2.579703201688687,0.06848667982977916,0.09721858371681419,0.3729012216982556,0.05579193848069671,True
20260717,M1,case_td003_pa050_pp0_3_gamma_010__steady,random,81,2.375587361258728,0.051822174776325974,0.06094669267528748,2.579703201688687,0.06848667982977916,0.09721858371681419,0.18372854130000682,0.05579193848069671,True
20260717,M1,case_td003_pa050_pp0_3_gamma_010__steady,random,82,3.2788444420985776,0.17220384448677958,0.049556451092878095,2.579703201688687,0.06848667982977916,0.09721858371681419,0.9245208056221391,0.05579193848069671,True
20260717,M1,case_td003_pa050_pp0_3_gamma_010__steady,random,83,2.3488355219688763,0.06785910369614627,0.06101866933345669,2.579703201688687,0.06848667982977916,0.09721858371681419,0.09162567453354725,0.05579193848069671,True
20260717,M1,case_td003_pa050_pp0_3_gamma_010__steady,random,84,3.9054442565369714,0.053675080804325176,0.044873218542999534,2.579703201688687,0.06848667982977916,0.09721858371681419,0.28622664050021623,0.05579193848069671,True
20260717,M1,case_td003_pa050_pp0_3_gamma_010__steady,random,85,4.072692800785747,0.09209067569857907,0.048624588416690886,2.579703201688687,0.06848667982977916,0.09721858371681419,0.7089698422633345,0.05579193848069671,True
20260717,M1,case_td003_pa050_pp0_3_gamma_010__steady,random,86,3.667225803472977,0.10744022212952935,0.04436604503453308,2.579703201688687,0.06848667982977916,0.09721858371681419,0.7050982756556539,0.05579193848069671,True
20260717,M1,case_td003_pa050_pp0_3_gamma_010__steady,random,87,1.493371153769103,0.18578737995632255,0.07663367687119693,2.579703201688687,0.06848667982977916,0.09721858371681419,0.06643151689886946,0.05579193848069671,True
20260717,M1,case_td003_pa050_pp0_3_gamma_010__steady,random,88,1.5696119286885253,0.10389480845321777,0.052546293775182024,2.579703201688687,0.06848667982977916,0.09721858371681419,0.20690653459590233,0.05579193848069671,True
20260717,M1,case_td003_pa050_pp0_3_gamma_010__steady,random,89,3.4353653302540024,0.15039621690187294,0.043582424885005855,2.579703201688687,0.06848667982977916,0.09721858371681419,0.8913036346861533,0.05579193848069671,True
20260717,M1,case_td003_pa050_pp0_3_gamma_010__steady,random,90,3.1070468719737216,0.09497506021864813,0.09631530014227477,2.579703201688687,0.06848667982977916,0.09721858371681419,0.4094821255039461,0.05579193848069671,True
20260717,M1,case_td003_pa050_pp0_3_gamma_010__steady,random,91,4.00569882693217,0.14477977955801952,0.07696294825106989,2.579703201688687,0.06848667982977916,0.09721858371681419,1.098996097577561,0.05579193848069671,True
20260717,M1,case_td003_pa050_pp0_3_gamma_010__steady,random,92,1.0253386743829558,0.10605806626812815,0.08925959221655211,2.579703201688687,0.06848667982977916,0.09721858371681419,0.41676669642291975,0.05579193848069671,True
20260717,M1,case_td003_pa050_pp0_3_gamma_010__steady,random,93,3.9051396010011716,0.1809190967561985,0.04601962312010803,2.579703201688687,0.06848667982977916,0.09721858371681419,1.2494595227851908,0.05579193848069671,True
20260717,M1,case_td003_pa050_pp0_3_gamma_010__steady,random,94,2.962599300270226,0.1390760798894578,0.06565308426794328,2.579703201688687,0.06848667982977916,0.09721858371681419,0.6223229994476998,0.05579193848069671,True
20260717,M1,case_td003_pa050_pp0_3_gamma_010__steady,random,95,1.03316043517636,0.18068330697818324,0.09215691377695184,2.579703201688687,0.06848667982977916,0.09721858371681419,0.2624142065892122,0.05579193848069671,True
20260717,M1,case_td003_pa050_pp0_3_gamma_010__steady,random,96,2.6227360619761906,0.13665018881288793,0.04814153111431296,2.579703201688687,0.06848667982977916,0.09721858371681419,0.44597295214904437,0.05579193848069671,True
20260717,M1,case_td003_pa050_pp0_3_gamma_010__steady,random,97,4.365976852797518,0.11567821566140409,0.09535190262451398,2.579703201688687,0.06848667982977916,0.09721858371681419,1.0101185266923358,0.05579193848069671,True
20260717,M1,case_td003_pa050_pp0_3_gamma_010__steady,random,98,2.4720415940396245,0.09136839637652067,0.04812073172742096,2.579703201688687,0.06848667982977916,0.09721858371681419,0.1362406126699771,0.05579193848069671,True
20260717,M1,case_td003_pa050_pp0_3_gamma_010__steady,random,99,2.5918112627161376,0.1203497005525178,0.0676186243016487,2.579703201688687,0.06848667982977916,0.09721858371681419,0.35367215143751435,0.05579193848069671,True
20260717,M1,case_td003_pa050_pp0_3_gamma_010__steady,random,100,3.1588182056619667,0.06122779930438603,0.09562913171154974,2.579703201688687,0.06848667982977916,0.09721858371681419,0.15599331027943938,0.05579193848069671,True
20260717,M2,case_td016_pp0_1_gamma_007__steady,cmaes,1,3.0,0.125,0.07,3.0,0.125,0.07,1.7278961645927335,1.7278961645927335,True
20260717,M2,case_td016_pp0_1_gamma_007__steady,cmaes,2,3.0385115401339853,0.12453438553011704,0.06292165383871198,3.0,0.125,0.07,1.750995455028505,1.7278961645927335,True
20260717,M2,case_td016_pp0_1_gamma_007__steady,cmaes,3,3.095106479751007,0.12676297593878494,0.05198539673826906,3.0,0.125,0.07,1.8142775003889224,1.7278961645927335,True
20260717,M2,case_td016_pp0_1_gamma_007__steady,cmaes,4,2.681907748038938,0.0966930507253545,0.05369049153380695,2.681907748038938,0.0966930507253545,0.05369049153380695,1.1792277993101306,1.1792277993101306,True
20260717,M2,case_td016_pp0_1_gamma_007__steady,cmaes,5,1.39906757770057,0.10708571455491978,0.08321926455690407,1.39906757770057,0.10708571455491978,0.08321926455690407,0.31005563444644174,0.31005563444644174,True
20260717,M2,case_td016_pp0_1_gamma_007__steady,cmaes,6,3.8213443947221903,0.09998794630058615,0.07143788299035572,1.39906757770057,0.10708571455491978,0.08321926455690407,1.968763933191552,0.31005563444644174,True
20260717,M2,case_td016_pp0_1_gamma_007__steady,cmaes,7,2.1490845097873446,0.19213361987123828,0.0518639525692173,1.39906757770057,0.10708571455491978,0.08321926455690407,1.4435042945465262,0.31005563444644174,True
20260717,M2,case_td016_pp0_1_gamma_007__steady,cmaes,8,2.9483178791950735,0.10659300663522983,0.08291539993535939,1.39906757770057,0.10708571455491978,0.08321926455690407,1.4899293192517842,0.31005563444644174,True
20260717,M2,case_td016_pp0_1_gamma_007__steady,cmaes,9,2.6285141553110476,0.09295955105421114,0.06725461739330917,1.39906757770057,0.10708571455491978,0.08321926455690407,1.1020217948302444,0.31005563444644174,True
20260717,M2,case_td016_pp0_1_gamma_007__steady,cmaes,10,2.6942601971173263,0.14029102315727798,0.07697689398182711,1.39906757770057,0.10708571455491978,0.08321926455690407,1.623127176565322,0.31005563444644174,True
20260717,M2,case_td016_pp0_1_gamma_007__steady,cmaes,11,2.913842787900572,0.14056225622802562,0.065711590353029,1.39906757770057,0.10708571455491978,0.08321926455690407,1.8068766966663643,0.31005563444644174,True
20260717,M2,case_td016_pp0_1_gamma_007__steady,cmaes,12,1.6836114834638654,0.05949921829185763,0.09501583464392778,1.6836114834638654,0.05949921829185763,0.09501583464392778,0.15440361275346728,0.15440361275346728,True
20260717,M2,case_td016_pp0_1_gamma_007__steady,cmaes,13,2.9703371022621434,0.12356551512826637,0.054809664774570624,1.6836114834638654,0.05949921829185763,0.09501583464392778,1.6865105402229519,0.15440361275346728,True
20260717,M2,case_td016_pp0_1_gamma_007__steady,cmaes,14,1.7396638232461012,0.12554266691027693,0.06379458709008314,1.6836114834638654,0.05949921829185763,0.09501583464392778,0.6898795005522601,0.15440361275346728,True
20260717,M2,case_td016_pp0_1_gamma_007__steady,cmaes,15,2.461321165028217,0.08434751322570827,0.0645031574364073,1.6836114834638654,0.05949921829185763,0.09501583464392778,0.8876535881195861,0.15440361275346728,True
20260717,M2,case_td016_pp0_1_gamma_007__steady,cmaes,16,2.8516417094825948,0.07512852850901694,0.06638845929116365,1.6836114834638654,0.05949921829185763,0.09501583464392778,1.0263771226280334,0.15440361275346728,True
20260717,M2,case_td016_pp0_1_gamma_007__steady,cmaes,17,3.162903800699742,0.1481244154179875,0.08260499636393563,1.6836114834638654,0.05949921829185763,0.09501583464392778,2.0807231759959026,0.15440361275346728,True
20260717,M2,case_td016_pp0_1_gamma_007__steady,cmaes,18,4.403453702648553,0.10307883082322758,0.06730477679341432,1.6836114834638654,0.05949921829185763,0.09501583464392778,2.333501773363044,0.15440361275346728,True
20260717,M2,case_td016_pp0_1_gamma_007__steady,cmaes,19,3.0365752467438893,0.07347972381499807,0.07823166397069298,1.6836114834638654,0.05949921829185763,0.09501583464392778,1.116764762007181,0.15440361275346728,True
20260717,M2,case_td016_pp0_1_gamma_007__steady,cmaes,20,1.7451182353732702,0.16082140629488445,0.07096245579414756,1.6836114834638654,0.05949921829185763,0.09501583464392778,0.895291451772556,0.15440361275346728,True
20260717,M2,case_td016_pp0_1_gamma_007__steady,cmaes,21,1.2996299213393434,0.09968498356174574,0.07037938051125345,1.6836114834638654,0.05949921829185763,0.09501583464392778,0.1943682050732453,0.15440361275346728,True
20260717,M2,case_td016_pp0_1_gamma_007__steady,cmaes,22,2.4642548377987765,0.06423090863978456,0.06422048591217688,1.6836114834638654,0.05949921829185763,0.09501583464392778,0.6520294737130314,0.15440361275346728,True
20260717,M2,case_td016_pp0_1_gamma_007__steady,cmaes,23,2.47244816500045,0.12810764663087998,0.06855349359256575,1.6836114834638654,0.05949921829185763,0.09501583464392778,1.331833349271444,0.15440361275346728,True
20260717,M2,case_td016_pp0_1_gamma_007__steady,cmaes,24,3.277174821075855,0.08776090421583049,0.09673235529510012,1.6836114834638654,0.05949921829185763,0.09501583464392778,1.4663698146209063,0.15440361275346728,True
20260717,M2,case_td016_pp0_1_gamma_007__steady,cmaes,25,3.35541283737479,0.09938607316733958,0.08265619390175485,1.6836114834638654,0.05949921829185763,0.09501583464392778,1.6762456623475084,0.15440361275346728,True
20260717,M2,case_td016_pp0_1_gamma_007__steady,cmaes,26,1.763837524769954,0.06593117662887048,0.08954656437038741,1.6836114834638654,0.05949921829185763,0.09501583464392778,0.25479256281898727,0.15440361275346728,True
20260717,M2,case_td016_pp0_1_gamma_007__steady,cmaes,27,1.7351950262677363,0.10678851195737983,0.07485859689291052,1.6836114834638654,0.05949921829185763,0.09501583464392778,0.5624468653938001,0.15440361275346728,True
20260717,M2,case_td016_pp0_1_gamma_007__steady,cmaes,28,1.3133605330515308,0.07129256238108699,0.09524791557927093,1.3133605330515308,0.07129256238108699,0.09524791557927093,0.04856812132162586,0.04856812132162586,True
20260717,M2,case_td016_pp0_1_gamma_007__steady,cmaes,29,2.2586901573084117,0.12715626145595182,0.09935534428337033,1.3133605330515308,0.07129256238108699,0.09524791557927093,1.1484613096848668,0.04856812132162586,True
20260717,M2,case_td016_pp0_1_gamma_007__steady,cmaes,30,2.6760160933783315,0.055491154586180244,0.09337265451293467,1.3133605330515308,0.07129256238108699,0.09524791557927093,0.6648803019442148,0.04856812132162586,True
20260717,M2,case_td016_pp0_1_gamma_007__steady,cmaes,31,1.8782741385426795,0.10625715604053362,0.0763526125099494,1.3133605330515308,0.07129256238108699,0.09524791557927093,0.6700895587778438,0.04856812132162586,True
20260717,M2,case_td016_pp0_1_gamma_007__steady,cmaes,32,2.09172343660114,0.19346594192353583,0.07486220468313745,1.3133605330515308,0.07129256238108699,0.09524791557927093,1.3982994535354432,0.04856812132162586,True
20260717,M2,case_td016_pp0_1_gamma_007__steady,cmaes,33,2.0851705861885557,0.11962595328347973,0.05848898770854314,1.3133605330515308,0.07129256238108699,0.09524791557927093,0.9367524024598332,0.04856812132162586,True
20260717,M2,case_td016_pp0_1_gamma_007__steady,cmaes,34,2.1702418425946233,0.07755862373053579,0.0897477821216282,1.3133605330515308,0.07129256238108699,0.09524791557927093,0.6228835309253491,0.04856812132162586,True
20260717,M2,case_td016_pp0_1_gamma_007__steady,cmaes,35,1.4385285239965078,0.1237723376995428,0.07741493139471543,1.3133605330515308,0.07129256238108699,0.09524791557927093,0.433121116440992,0.04856812132162586,True
20260717,M2,case_td016_pp0_1_gamma_007__steady,cmaes,36,1.7261338483679567,0.09692761694474311,0.09897616339147736,1.3133605330515308,0.07129256238108699,0.09524791557927093,0.4866744592882041,0.04856812132162586,True
20260717,M2,case_td016_pp0_1_gamma_007__steady,cmaes,37,1.7357448416121632,0.0581360099389521,0.08362631969153171,1.3133605330515308,0.07129256238108699,0.09524791557927093,0.16974607454771728,0.04856812132162586,True
20260717,M2,case_td016_pp0_1_gamma_007__steady,cmaes,38,2.234322482306372,0.05210784010157668,0.0777526937709826,1.3133605330515308,0.07129256238108699,0.09524791557927093,0.38149377324196027,0.04856812132162586,True
20260717,M2,case_td016_pp0_1_gamma_007__steady,cmaes,39,1.8668309233085738,0.07300280492173025,0.09167808720463634,1.3133605330515308,0.07129256238108699,0.09524791557927093,0.3819056000970608,0.04856812132162586,True
20260717,M2,case_td016_pp0_1_gamma_007__steady,cmaes,40,1.2139517269070015,0.07799494004601532,0.08862643166564563,1.2139517269070015,0.07799494004601532,0.08862643166564563,0.04283713961590478,0.04283713961590478,True
20260717,M2,case_td016_pp0_1_gamma_007__steady,cmaes,41,2.1275964722493628,0.0622768759657042,0.08485317121078292,1.2139517269070015,0.07799494004601532,0.08862643166564563,0.43425352009274,0.04283713961590478,True
20260717,M2,case_td016_pp0_1_gamma_007__steady,cmaes,42,1.8487114280866952,0.1201094785805373,0.08031337305138982,1.2139517269070015,0.07799494004601532,0.08862643166564563,0.7483901061023588,0.04283713961590478,True
20260717,M2,case_td016_pp0_1_gamma_007__steady,cmaes,43,2.2304879395215695,0.09591773410245866,0.09053421317606253,1.2139517269070015,0.07799494004601532,0.08862643166564563,0.8500582080102709,0.04283713961590478,True
20260717,M2,case_td016_pp0_1_gamma_007__steady,cmaes,44,2.2666151505964094,0.07371939955544415,0.07184443684875608,1.2139517269070015,0.07799494004601532,0.08862643166564563,0.6417730309114434,0.04283713961590478,True
20260717,M2,case_td016_pp0_1_gamma_007__steady,cmaes,45,3.2393610215428534,0.10435200997854138,0.08651901490834762,1.2139517269070015,0.07799494004601532,0.08862643166564563,1.6655029232973548,0.04283713961590478,True
20260717,M2,case_td016_pp0_1_gamma_007__steady,cmaes,46,1.350218097505669,0.11101448297243147,0.08161305333423596,1.2139517269070015,0.07799494004601532,0.08862643166564563,0.295698930488778,0.04283713961590478,True
20260717,M2,case_td016_pp0_1_gamma_007__steady,cmaes,47,2.484947132344942,0.055274893383938595,0.08392878457138463,1.2139517269070015,0.07799494004601532,0.08862643166564563,0.5566992929752431,0.04283713961590478,True
20260717,M2,case_td016_pp0_1_gamma_007__steady,cmaes,48,1.9451452889144583,0.08869784654643623,0.0911008991748479,1.2139517269070015,0.07799494004601532,0.08862643166564563,0.5762995911442546,0.04283713961590478,True
20260717,M2,case_td016_pp0_1_gamma_007__steady,cmaes,49,1.6035246764221573,0.09522886795649367,0.08179033664402946,1.2139517269070015,0.07799494004601532,0.08862643166564563,0.3826629740930798,0.04283713961590478,True
20260717,M2,case_td016_pp0_1_gamma_007__steady,cmaes,50,1.4670562085246779,0.06449156089641354,0.08087427952376892,1.2139517269070015,0.07799494004601532,0.08862643166564563,0.07610221642536912,0.04283713961590478,True
20260717,M2,case_td016_pp0_1_gamma_007__steady,cmaes,51,1.6547510920010107,0.11040033382518846,0.08065658334650704,1.2139517269070015,0.07799494004601532,0.08862643166564563,0.5256737672629599,0.04283713961590478,True
20260717,M2,case_td016_pp0_1_gamma_007__steady,cmaes,52,1.284185939036461,0.06310243117798006,0.097121694334113,1.2139517269070015,0.07799494004601532,0.08862643166564563,0.0633524496668169,0.04283713961590478,True
20260717,M2,case_td016_pp0_1_gamma_007__steady,cmaes,53,2.319292849427353,0.1141885628327982,0.06883641276307795,1.2139517269070015,0.07799494004601532,0.08862643166564563,1.0851731327823595,0.04283713961590478,True
20260717,M2,case_td016_pp0_1_gamma_007__steady,cmaes,54,1.7384320529540191,0.07621497185929933,0.08110327404192352,1.2139517269070015,0.07799494004601532,0.08862643166564563,0.3265645873316508,0.04283713961590478,True
20260717,M2,case_td016_pp0_1_gamma_007__steady,cmaes,55,1.1078038896502547,0.12266620647313958,0.07871223368027992,1.2139517269070015,0.07799494004601532,0.08862643166564563,0.17259840915487928,0.04283713961590478,True
20260717,M2,case_td016_pp0_1_gamma_007__steady,cmaes,56,1.2374370580838694,0.07159540068447255,0.09119308842011542,1.2139517269070015,0.07799494004601532,0.08862643166564563,0.04602203962027259,0.04283713961590478,True
20260717,M2,case_td016_pp0_1_gamma_007__steady,cmaes,57,2.1183483434078783,0.06205668461022921,0.07914459901507448,1.2139517269070015,0.07799494004601532,0.08862643166564563,0.425615072151622,0.04283713961590478,True
20260717,M2,case_td016_pp0_1_gamma_007__steady,cmaes,58,1.9346242973821748,0.05362536165271607,0.09370743800504513,1.2139517269070015,0.07799494004601532,0.08862643166564563,0.23764847507169212,0.04283713961590478,True
20260717,M2,case_td016_pp0_1_gamma_007__steady,cmaes,59,2.465447647457738,0.09793760242820979,0.08431571797821942,1.2139517269070015,0.07799494004601532,0.08862643166564563,1.0425619723411659,0.04283713961590478,True
20260717,M2,case_td016_pp0_1_gamma_007__steady,cmaes,60,1.2460552634739666,0.053714169102033374,0.09319482801303572,1.2139517269070015,0.07799494004601532,0.08862643166564563,0.13810740236364558,0.04283713961590478,True
20260717,M2,case_td016_pp0_1_gamma_007__steady,cmaes,61,1.0852013712074526,0.07697182079583693,0.08768190923026875,1.2139517269070015,0.07799494004601532,0.08862643166564563,0.08643776678059191,0.04283713961590478,True
20260717,M2,case_td016_pp0_1_gamma_007__steady,cmaes,62,1.9744608264778258,0.08971080447641448,0.07563437019606717,1.2139517269070015,0.07799494004601532,0.08862643166564563,0.6038228312135413,0.04283713961590478,True
20260717,M2,case_td016_pp0_1_gamma_007__steady,cmaes,63,1.1113932638564532,0.10332325380339435,0.09860797330307872,1.2139517269070015,0.07799494004601532,0.08862643166564563,0.09314849937425446,0.04283713961590478,True
20260717,M2,case_td016_pp0_1_gamma_007__steady,cmaes,64,2.0806063755047344,0.053975872559724275,0.09252953419930388,1.2139517269070015,0.07799494004601532,0.08862643166564563,0.3204538658450583,0.04283713961590478,True
20260717,M2,case_td016_pp0_1_gamma_007__steady,cmaes,65,1.303154603108831,0.07336977872016417,0.08219618808178641,1.2139517269070015,0.07799494004601532,0.08862643166564563,0.05192718873164384,0.04283713961590478,True
20260717,M2,case_td016_pp0_1_gamma_007__steady,cmaes,66,1.3327939251096828,0.06584008541072031,0.07989169933557212,1.3327939251096828,0.06584008541072031,0.07989169933557212,0.04258771753567274,0.04258771753567274,True
20260717,M2,case_td016_pp0_1_gamma_007__steady,cmaes,67,1.430344464415347,0.08420267815840793,0.09287712139138965,1.3327939251096828,0.06584008541072031,0.07989169933557212,0.1896075110237582,0.04258771753567274,True
20260717,M2,case_td016_pp0_1_gamma_007__steady,cmaes,68,1.1624008290603842,0.08940843641451236,0.09307497370517548,1.3327939251096828,0.06584008541072031,0.07989169933557212,0.06014520111667853,0.04258771753567274,True
20260717,M2,case_td016_pp0_1_gamma_007__steady,cmaes,69,1.327757529428501,0.07146658130501582,0.0838181139754465,1.3327939251096828,0.06584008541072031,0.07989169933557212,0.05317206871100143,0.04258771753567274,True
20260717,M2,case_td016_pp0_1_gamma_007__steady,cmaes,70,1.1845341026622154,0.10046908524181827,0.08994714069796142,1.3327939251096828,0.06584008541072031,0.07989169933557212,0.12444534829156653,0.04258771753567274,True
20260717,M2,case_td016_pp0_1_gamma_007__steady,cmaes,71,1.1396842618357732,0.06858539603544524,0.08676718086397212,1.3327939251096828,0.06584008541072031,0.07989169933557212,0.10237506094359507,0.04258771753567274,True
20260717,M2,case_td016_pp0_1_gamma_007__steady,cmaes,72,1.0053700268623773,0.07958977917129202,0.08607715704639479,1.3327939251096828,0.06584008541072031,0.07989169933557212,0.11573778412687945,0.04258771753567274,True
20260717,M2,case_td016_pp0_1_gamma_007__steady,cmaes,73,1.3229883529343425,0.06930019871291387,0.0869382362790952,1.3327939251096828,0.06584008541072031,0.07989169933557212,0.04486230732458726,0.04258771753567274,True
20260717,M2,case_td016_pp0_1_gamma_007__steady,cmaes,74,1.4536225544748111,0.06482915719315877,0.06648227234615962,1.3327939251096828,0.06584008541072031,0.07989169933557212,0.07013658975832424,0.04258771753567274,True
20260717,M2,case_td016_pp0_1_gamma_007__steady,cmaes,75,1.2599414273480236,0.061535329585226235,0.0821346998140915,1.3327939251096828,0.06584008541072031,0.07989169933557212,0.08462114554736049,0.04258771753567274,True
20260717,M2,case_td016_pp0_1_gamma_007__steady,cmaes,76,1.5430195503612518,0.07197445208341671,0.07143498367539933,1.3327939251096828,0.06584008541072031,0.07989169933557212,0.1695436108383508,0.04258771753567274,True
20260717,M2,case_td016_pp0_1_gamma_007__steady,cmaes,77,1.1747089008987455,0.06847557708641303,0.08720828793685803,1.3327939251096828,0.06584008541072031,0.07989169933557212,0.08556495239949415,0.04258771753567274,True
20260717,M2,case_td016_pp0_1_gamma_007__steady,cmaes,78,1.6108501954616639,0.06102885387088303,0.07779340997497029,1.3327939251096828,0.06584008541072031,0.07989169933557212,0.12503422907500195,0.04258771753567274,True
20260717,M2,case_td016_pp0_1_gamma_007__steady,cmaes,79,1.2937869991962023,0.06226410980440271,0.07469914103970211,1.3327939251096828,0.06584008541072031,0.07989169933557212,0.06652733826825181,0.04258771753567274,True
20260717,M2,case_td016_pp0_1_gamma_007__steady,cmaes,80,1.8916028217049359,0.05969986944681138,0.08026237007050227,1.3327939251096828,0.06584008541072031,0.07989169933557212,0.2706045029188031,0.04258771753567274,True
20260717,M2,case_td016_pp0_1_gamma_007__steady,cmaes,81,1.587704775173321,0.0520942475840668,0.07756062547771284,1.3327939251096828,0.06584008541072031,0.07989169933557212,0.053488762906048426,0.04258771753567274,True
20260717,M2,case_td016_pp0_1_gamma_007__steady,cmaes,82,1.779430177139994,0.05062327776810195,0.08352656664180225,1.3327939251096828,0.06584008541072031,0.07989169933557212,0.12745479507698074,0.04258771753567274,True
20260717,M2,case_td016_pp0_1_gamma_007__steady,cmaes,83,1.1055957312506435,0.07882562052625394,0.0909436848768359,1.3327939251096828,0.06584008541072031,0.07989169933557212,0.0675173457920044,0.04258771753567274,True
20260717,M2,case_td016_pp0_1_gamma_007__steady,cmaes,84,1.4061342198235438,0.057891531853608874,0.07695838064654681,1.3327939251096828,0.06584008541072031,0.07989169933557212,0.047982265339522615,0.04258771753567274,True
20260717,M2,case_td016_pp0_1_gamma_007__steady,cmaes,85,1.5150788146700425,0.05863555127017831,0.06617750906913401,1.3327939251096828,0.06584008541072031,0.07989169933557212,0.06064157833956876,0.04258771753567274,True
20260717,M2,case_td016_pp0_1_gamma_007__steady,cmaes,86,1.571937397107995,0.05088594819672124,0.08414513824747105,1.3327939251096828,0.06584008541072031,0.07989169933557212,0.04606420924746366,0.04258771753567274,True
20260717,M2,case_td016_pp0_1_gamma_007__steady,cmaes,87,1.4842216476252992,0.08786092730944065,0.05620233545225667,1.3327939251096828,0.06584008541072031,0.07989169933557212,0.24372536111752696,0.04258771753567274,True
20260717,M2,case_td016_pp0_1_gamma_007__steady,cmaes,88,2.1509347061015616,0.0655821779307949,0.080223288823004,1.3327939251096828,0.06584008541072031,0.07989169933557212,0.4828246181970698,0.04258771753567274,True
20260717,M2,case_td016_pp0_1_gamma_007__steady,cmaes,89,1.485894548911017,0.055572771060056876,0.07814732232143977,1.3327939251096828,0.06584008541072031,0.07989169933557212,0.04374069930043907,0.04258771753567274,True
20260717,M2,case_td016_pp0_1_gamma_007__steady,cmaes,90,1.176244607226516,0.06461496711915146,0.07794320589270855,1.3327939251096828,0.06584008541072031,0.07989169933557212,0.10767466136612883,0.04258771753567274,True
20260717,M2,case_td016_pp0_1_gamma_007__steady,cmaes,91,1.338914739620197,0.06482158729061113,0.08267489200914493,1.3327939251096828,0.06584008541072031,0.07989169933557212,0.04300463227993215,0.04258771753567274,True
20260717,M2,case_td016_pp0_1_gamma_007__steady,cmaes,92,1.213185818342421,0.07345595800105229,0.08334845647940511,1.3327939251096828,0.06584008541072031,0.07989169933557212,0.04768256761419979,0.04258771753567274,True
20260717,M2,case_td016_pp0_1_gamma_007__steady,cmaes,93,1.5424913175835337,0.09451207700472863,0.08374276381343779,1.3327939251096828,0.06584008541072031,0.07989169933557212,0.33440896598862524,0.04258771753567274,True
20260717,M2,case_td016_pp0_1_gamma_007__steady,cmaes,94,1.1149265828525856,0.06156576945389859,0.09776144907793304,1.3327939251096828,0.06584008541072031,0.07989169933557212,0.1531946880080957,0.04258771753567274,True
20260717,M2,case_td016_pp0_1_gamma_007__steady,cmaes,95,1.455631641761917,0.054073565227786176,0.0827864901475483,1.3327939251096828,0.06584008541072031,0.07989169933557212,0.04910570705699784,0.04258771753567274,True
20260717,M2,case_td016_pp0_1_gamma_007__steady,cmaes,96,1.2944426122659678,0.0654879478144356,0.08770514707458671,1.3327939251096828,0.06584008541072031,0.07989169933557212,0.05002431100366557,0.04258771753567274,True
20260717,M2,case_td016_pp0_1_gamma_007__steady,cmaes,97,1.504970315923475,0.06271704976515641,0.07912906136513159,1.3327939251096828,0.06584008541072031,0.07989169933557212,0.08276123235839107,0.04258771753567274,True
20260717,M2,case_td016_pp0_1_gamma_007__steady,cmaes,98,1.3480158663859227,0.05503682101013274,0.09517861628035373,1.3327939251096828,0.06584008541072031,0.07989169933557212,0.08196995040380776,0.04258771753567274,True
20260717,M2,case_td016_pp0_1_gamma_007__steady,cmaes,99,1.2234330080986375,0.05942183920327307,0.08167815347244176,1.3327939251096828,0.06584008541072031,0.07989169933557212,0.11480621567088138,0.04258771753567274,True
20260717,M2,case_td016_pp0_1_gamma_007__steady,cmaes,100,1.4487014490581487,0.06208638156809374,0.07865838942024746,1.3327939251096828,0.06584008541072031,0.07989169933557212,0.05470336715797047,0.04258771753567274,True
20260717,M2,case_td016_pp0_1_gamma_007__steady,tpe,1,3.0,0.125,0.07,3.0,0.125,0.07,1.7278961645927335,1.7278961645927335,True
20260717,M2,case_td016_pp0_1_gamma_007__steady,tpe,2,4.359197782792325,0.16526707114927602,0.08171976186743284,3.0,0.125,0.07,3.123344949938972,1.7278961645927335,True
20260717,M2,case_td016_pp0_1_gamma_007__steady,tpe,3,2.8494398737750037,0.16647570606010523,0.04930229966503786,3.0,0.125,0.07,1.9522702801805085,1.7278961645927335,True
20260717,M2,case_td016_pp0_1_gamma_007__steady,tpe,4,1.8866669550185908,0.09531318205763972,0.07090248460495757,1.8866669550185908,0.09531318205763972,0.07090248460495757,0.5876809531361809,0.5876809531361809,True
20260717,M2,case_td016_pp0_1_gamma_007__steady,tpe,5,1.0623053746083708,0.14476725339158025,0.09006567974996015,1.0623053746083708,0.14476725339158025,0.09006567974996015,0.22752005565573025,0.22752005565573025,True
20260717,M2,case_td016_pp0_1_gamma_007__steady,tpe,6,1.9920430368089073,0.11130599200829222,0.09140706077126345,1.0623053746083708,0.14476725339158025,0.09006567974996015,0.8018449092329123,0.22752005565573025,True
20260717,M2,case_td016_pp0_1_gamma_007__steady,tpe,7,4.66524874459135,0.07933243699214262,0.07177828592797723,1.0623053746083708,0.14476725339158025,0.09006567974996015,2.0438747741592684,0.22752005565573025,True
20260717,M2,case_td016_pp0_1_gamma_007__steady,tpe,8,1.5294921585201857,0.13100844721032806,0.09552391807271449,1.0623053746083708,0.14476725339158025,0.09006567974996015,0.5499979369593969,0.22752005565573025,True
20260717,M2,case_td016_pp0_1_gamma_007__steady,tpe,9,1.574896719604685,0.12163281117863957,0.04094496676657192,1.0623053746083708,0.14476725339158025,0.09006567974996015,0.5240387101598948,0.22752005565573025,True
20260717,M2,case_td016_pp0_1_gamma_007__steady,tpe,10,1.4061732696109392,0.13293964235215971,0.08356674399267237,1.0623053746083708,0.14476725339158025,0.09006567974996015,0.4550452742462117,0.22752005565573025,True
20260717,M2,case_td016_pp0_1_gamma_007__steady,tpe,11,1.3347464435768561,0.1072150435763746,0.0728790947424044,1.0623053746083708,0.14476725339158025,0.09006567974996015,0.26184376312466673,0.22752005565573025,True
20260717,M2,case_td016_pp0_1_gamma_007__steady,tpe,12,4.72256883360801,0.18702757510618412,0.09739535457361943,1.0623053746083708,0.14476725339158025,0.09006567974996015,3.569626050016272,0.22752005565573025,True
20260717,M2,case_td016_pp0_1_gamma_007__steady,tpe,13,3.5984602619098336,0.1636853212220935,0.09414178672117435,1.0623053746083708,0.14476725339158025,0.09006567974996015,2.565035766754693,0.22752005565573025,True
20260717,M2,case_td016_pp0_1_gamma_007__steady,tpe,14,1.8125300162964746,0.17383530252151969,0.06151430730014642,1.0623053746083708,0.14476725339158025,0.09006567974996015,1.022834321943463,0.22752005565573025,True
20260717,M2,case_td016_pp0_1_gamma_007__steady,tpe,15,4.036363750979274,0.16968982937073193,0.059692671415084386,1.0623053746083708,0.14476725339158025,0.09006567974996015,2.940229825021855,0.22752005565573025,True
20260717,M2,case_td016_pp0_1_gamma_007__steady,tpe,16,1.0729322701493897,0.06692955632248535,0.08708797489317789,1.0729322701493897,0.06692955632248535,0.08708797489317789,0.14551403484820494,0.14551403484820494,True
20260717,M2,case_td016_pp0_1_gamma_007__steady,tpe,17,1.0734101056816268,0.0667995854560616,0.09426195920965848,1.0734101056816268,0.0667995854560616,0.09426195920965848,0.1449816733305624,0.1449816733305624,True
20260717,M2,case_td016_pp0_1_gamma_007__steady,tpe,18,2.331374552540881,0.0501507794501959,0.08393568238001439,1.0734101056816268,0.0667995854560616,0.09426195920965848,0.4117332082952709,0.1449816733305624,True
20260717,M2,case_td016_pp0_1_gamma_007__steady,tpe,19,1.3320097507808126,0.05741465773539974,0.0983097813904046,1.3320097507808126,0.05741465773539974,0.0983097813904046,0.0742292417383829,0.0742292417383829,True
20260717,M2,case_td016_pp0_1_gamma_007__steady,tpe,20,1.909687006717622,0.06496544231074046,0.09745398405454844,1.3320097507808126,0.05741465773539974,0.0983097813904046,0.333804520954992,0.0742292417383829,True
20260717,M2,case_td016_pp0_1_gamma_007__steady,tpe,21,1.1892584669720052,0.0756982917143185,0.09901793037097988,1.1892584669720052,0.0756982917143185,0.09901793037097988,0.04669629422102666,0.04669629422102666,True
20260717,M2,case_td016_pp0_1_gamma_007__steady,tpe,22,1.02062858876267,0.0625157531823138,0.09777331236649098,1.1892584669720052,0.0756982917143185,0.09901793037097988,0.194676108030597,0.04669629422102666,True
20260717,M2,case_td016_pp0_1_gamma_007__steady,tpe,23,1.0169763135615266,0.10029693372873771,0.09594353803391287,1.0169763135615266,0.10029693372873771,0.09594353803391287,0.04467389409952668,0.04467389409952668,True
20260717,M2,case_td016_pp0_1_gamma_007__steady,tpe,24,3.3990263357414188,0.0755387294742895,0.04411369473774927,1.0169763135615266,0.10029693372873771,0.09594353803391287,1.3484919272380294,0.04467389409952668,True
20260717,M2,case_td016_pp0_1_gamma_007__steady,tpe,25,3.279195669186553,0.08208891239796008,0.09234323839893321,1.0169763135615266,0.10029693372873771,0.09594353803391287,1.385852881937278,0.04467389409952668,True
20260717,M2,case_td016_pp0_1_gamma_007__steady,tpe,26,1.8276536464578839,0.09010549937171676,0.09850941212676018,1.0169763135615266,0.10029693372873771,0.09594353803391287,0.5059010917434641,0.04467389409952668,True
20260717,M2,case_td016_pp0_1_gamma_007__steady,tpe,27,1.396719153138433,0.09868048421448261,0.09960500914619178,1.0169763135615266,0.10029693372873771,0.09594353803391287,0.2605631644207285,0.04467389409952668,True
20260717,M2,case_td016_pp0_1_gamma_007__steady,tpe,28,1.0414205797733074,0.10091170624692491,0.09004941428762091,1.0169763135615266,0.10029693372873771,0.09594353803391287,0.04944833782338655,0.04467389409952668,True
20260717,M2,case_td016_pp0_1_gamma_007__steady,tpe,29,4.9946391281243185,0.06080473262107934,0.04686452849559787,1.0169763135615266,0.10029693372873771,0.09594353803391287,1.8122102852760347,0.04467389409952668,True
20260717,M2,case_td016_pp0_1_gamma_007__steady,tpe,30,1.046552824736867,0.10337331783407637,0.09233188470998174,1.0169763135615266,0.10029693372873771,0.09594353803391287,0.05805900874993385,0.04467389409952668,True
20260717,M2,case_td016_pp0_1_gamma_007__steady,tpe,31,2.2444999413746363,0.17782554858420557,0.09576279545179588,1.0169763135615266,0.10029693372873771,0.09594353803391287,1.4690706946425391,0.04467389409952668,True
20260717,M2,case_td016_pp0_1_gamma_007__steady,tpe,32,1.016877222920415,0.12255813799693946,0.09790428763211477,1.0169763135615266,0.10029693372873771,0.09594353803391287,0.11156131574637002,0.04467389409952668,True
20260717,M2,case_td016_pp0_1_gamma_007__steady,tpe,33,1.192791164705653,0.09445934189600005,0.08426656820777928,1.0169763135615266,0.10029693372873771,0.09594353803391287,0.09873311464014001,0.04467389409952668,True
20260717,M2,case_td016_pp0_1_gamma_007__steady,tpe,34,1.0027011953416425,0.09715961013924825,0.0926526281854717,1.0169763135615266,0.10029693372873771,0.09594353803391287,0.04903886601905549,0.04467389409952668,True
20260717,M2,case_td016_pp0_1_gamma_007__steady,tpe,35,1.5414715128180743,0.09734345332333147,0.09001518391316685,1.0169763135615266,0.10029693372873771,0.09594353803391287,0.35394658911839616,0.04467389409952668,True
20260717,M2,case_td016_pp0_1_gamma_007__steady,tpe,36,1.062184777578201,0.10437081182705522,0.08622738283945211,1.0169763135615266,0.10029693372873771,0.09594353803391287,0.0681652873252338,0.04467389409952668,True
20260717,M2,case_td016_pp0_1_gamma_007__steady,tpe,37,1.1220594764359464,0.09261775873652171,0.08110807058966713,1.0169763135615266,0.10029693372873771,0.09594353803391287,0.05368399532879977,0.04467389409952668,True
20260717,M2,case_td016_pp0_1_gamma_007__steady,tpe,38,1.3079827823024714,0.09602808465614919,0.0924507871133585,1.0169763135615266,0.10029693372873771,0.09594353803391287,0.18257615690721313,0.04467389409952668,True
20260717,M2,case_td016_pp0_1_gamma_007__steady,tpe,39,1.1042594866537512,0.09956864344110489,0.09070000656124168,1.0169763135615266,0.10029693372873771,0.09594353803391287,0.07219439701800252,0.04467389409952668,True
20260717,M2,case_td016_pp0_1_gamma_007__steady,tpe,40,2.7705528603423764,0.13190567876522497,0.0830000799203977,1.0169763135615266,0.10029693372873771,0.09594353803391287,1.6148074154681415,0.04467389409952668,True
20260717,M2,case_td016_pp0_1_gamma_007__steady,tpe,41,4.7760109278519245,0.09204950552152877,0.09302800673741571,1.0169763135615266,0.10029693372873771,0.09594353803391287,2.3229966255684524,0.04467389409952668,True
20260717,M2,case_td016_pp0_1_gamma_007__steady,tpe,42,1.6143133154236986,0.06308504850163127,0.07532133104708026,1.0169763135615266,0.10029693372873771,0.09594353803391287,0.14268351099491672,0.04467389409952668,True
20260717,M2,case_td016_pp0_1_gamma_007__steady,tpe,43,1.2670130978004646,0.07943784686275239,0.07723453291152263,1.0169763135615266,0.10029693372873771,0.09594353803391287,0.0630674564649117,0.04467389409952668,True
20260717,M2,case_td016_pp0_1_gamma_007__steady,tpe,44,1.1443599912528681,0.09131719894029508,0.09952428758428783,1.0169763135615266,0.10029693372873771,0.09594353803391287,0.06009269044659272,0.04467389409952668,True
20260717,M2,case_td016_pp0_1_gamma_007__steady,tpe,45,1.428059868410693,0.05606508936910634,0.05275778578563786,1.0169763135615266,0.10029693372873771,0.09594353803391287,0.05164755929216043,0.04467389409952668,True
20260717,M2,case_td016_pp0_1_gamma_007__steady,tpe,46,2.028407798020667,0.06318031601588296,0.04528511095640011,1.0169763135615266,0.10029693372873771,0.09594353803391287,0.37751291122939445,0.04467389409952668,True
20260717,M2,case_td016_pp0_1_gamma_007__steady,tpe,47,1.1610502458809657,0.08549717333773818,0.054412327697327345,1.0169763135615266,0.10029693372873771,0.09594353803391287,0.04485570039196704,0.04467389409952668,True
20260717,M2,case_td016_pp0_1_gamma_007__steady,tpe,48,1.1169043303138513,0.08430448400364626,0.057823859419275446,1.0169763135615266,0.10029693372873771,0.09594353803391287,0.047421767146839454,0.04467389409952668,True
20260717,M2,case_td016_pp0_1_gamma_007__steady,tpe,49,1.4672256833804842,0.09871400332045685,0.05836622330626742,1.0169763135615266,0.10029693372873771,0.09594353803391287,0.30420144616519273,0.04467389409952668,True
20260717,M2,case_td016_pp0_1_gamma_007__steady,tpe,50,1.0889998464545232,0.09403675904096684,0.05120458211686198,1.0169763135615266,0.10029693372873771,0.09594353803391287,0.04538269154209243,0.04467389409952668,True
20260717,M2,case_td016_pp0_1_gamma_007__steady,tpe,51,1.3934694072855467,0.10425973254848256,0.05009997014215762,1.0169763135615266,0.10029693372873771,0.09594353803391287,0.28340986145066893,0.04467389409952668,True
20260717,M2,case_td016_pp0_1_gamma_007__steady,tpe,52,1.0913802734300075,0.06882564221778267,0.05388049029834845,1.0169763135615266,0.10029693372873771,0.09594353803391287,0.13052774998992867,0.04467389409952668,True
20260717,M2,case_td016_pp0_1_gamma_007__steady,tpe,53,1.0156057432116001,0.08632656915008309,0.06522566894287704,1.0169763135615266,0.10029693372873771,0.09594353803391287,0.0823373615736771,0.04467389409952668,True
20260717,M2,case_td016_pp0_1_gamma_007__steady,tpe,54,1.2701849668683929,0.0815128720532012,0.04126657679152875,1.0169763135615266,0.10029693372873771,0.09594353803391287,0.07000157993462848,0.04467389409952668,True
20260717,M2,case_td016_pp0_1_gamma_007__steady,tpe,55,1.4262660072318083,0.10441034101204852,0.050694734257091964,1.0169763135615266,0.10029693372873771,0.09594353803391287,0.30833452772231623,0.04467389409952668,True
20260717,M2,case_td016_pp0_1_gamma_007__steady,tpe,56,1.108713752909706,0.11477715498629476,0.06073838715357632,1.0169763135615266,0.10029693372873771,0.09594353803391287,0.1364230622373583,0.04467389409952668,True
20260717,M2,case_td016_pp0_1_gamma_007__steady,tpe,57,4.7756590668294985,0.12636269916934906,0.057516603279530884,1.0169763135615266,0.10029693372873771,0.09594353803391287,2.8800246620121985,0.04467389409952668,True
20260717,M2,case_td016_pp0_1_gamma_007__steady,tpe,58,1.0113355725014097,0.07946392660802797,0.06094132673752621,1.0169763135615266,0.10029693372873771,0.09594353803391287,0.11666622869287066,0.04467389409952668,True
20260717,M2,case_td016_pp0_1_gamma_007__steady,tpe,59,2.3842748601072064,0.12048586869159625,0.06101819957733386,1.0169763135615266,0.10029693372873771,0.09594353803391287,1.1914981168708414,0.04467389409952668,True
20260717,M2,case_td016_pp0_1_gamma_007__steady,tpe,60,1.0812563993525894,0.10968351789655663,0.054550587272942416,1.0169763135615266,0.10029693372873771,0.09594353803391287,0.09569854015174961,0.04467389409952668,True
20260717,M2,case_td016_pp0_1_gamma_007__steady,tpe,61,2.156164550056671,0.09221134267184239,0.056848231481126915,1.0169763135615266,0.10029693372873771,0.09594353803391287,0.7538253562237677,0.04467389409952668,True
20260717,M2,case_td016_pp0_1_gamma_007__steady,tpe,62,1.9424989181481935,0.07642170655751468,0.05634680451518322,1.0169763135615266,0.10029693372873771,0.09594353803391287,0.45614819270588663,0.04467389409952668,True
20260717,M2,case_td016_pp0_1_gamma_007__steady,tpe,63,1.3099949684703762,0.08805275456950958,0.051388656965443064,1.0169763135615266,0.10029693372873771,0.09594353803391287,0.1307702156800229,0.04467389409952668,True
20260717,M2,case_td016_pp0_1_gamma_007__steady,tpe,64,3.71732131391677,0.09636220125851688,0.06354038415535584,1.0169763135615266,0.10029693372873771,0.09594353803391287,1.8527751996439468,0.04467389409952668,True
20260717,M2,case_td016_pp0_1_gamma_007__steady,tpe,65,1.0264000802797755,0.09928496384977958,0.09822648233522124,1.0169763135615266,0.10029693372873771,0.09594353803391287,0.04468808991845511,0.04467389409952668,True
20260717,M2,case_td016_pp0_1_gamma_007__steady,tpe,66,1.07292877457354,0.1088626311330448,0.09807392848030462,1.0169763135615266,0.10029693372873771,0.09594353803391287,0.09329720796742068,0.04467389409952668,True
20260717,M2,case_td016_pp0_1_gamma_007__steady,tpe,67,2.761166704895729,0.1935542336539645,0.053044810984503095,1.0169763135615266,0.10029693372873771,0.09594353803391287,2.046882277078277,0.04467389409952668,True
20260717,M2,case_td016_pp0_1_gamma_007__steady,tpe,68,1.9507901675164163,0.1308506073459841,0.09925026099963846,1.0169763135615266,0.10029693372873771,0.09594353803391287,0.9110567402649532,0.04467389409952668,True
20260717,M2,case_td016_pp0_1_gamma_007__steady,tpe,69,1.7716694628047838,0.0769514307487601,0.09005122458628988,1.0169763135615266,0.10029693372873771,0.09594353803391287,0.3555973838533667,0.04467389409952668,True
20260717,M2,case_td016_pp0_1_gamma_007__steady,tpe,70,1.1479448270501091,0.07270039389673288,0.09590855814430768,1.0169763135615266,0.10029693372873771,0.09594353803391287,0.07551069060823519,0.04467389409952668,True
20260717,M2,case_td016_pp0_1_gamma_007__steady,tpe,71,2.0674307519991455,0.10660298727430406,0.09740495924533253,1.0169763135615266,0.10029693372873771,0.09594353803391287,0.8238222242222921,0.04467389409952668,True
20260717,M2,case_td016_pp0_1_gamma_007__steady,tpe,72,1.0645733648612314,0.1473763168324436,0.08733579390893034,1.0169763135615266,0.10029693372873771,0.09594353803391287,0.238592126859327,0.04467389409952668,True
20260717,M2,case_td016_pp0_1_gamma_007__steady,tpe,73,1.0632141097987438,0.08489077451154137,0.09108096044561753,1.0169763135615266,0.10029693372873771,0.09594353803391287,0.062034772527818145,0.04467389409952668,True
20260717,M2,case_td016_pp0_1_gamma_007__steady,tpe,74,3.145285090780574,0.117361454626878,0.04192644882859227,1.0169763135615266,0.10029693372873771,0.09594353803391287,1.7461775734409637,0.04467389409952668,True
20260717,M2,case_td016_pp0_1_gamma_007__steady,tpe,75,1.011477420928691,0.11989003066751729,0.085886319440615,1.0169763135615266,0.10029693372873771,0.09594353803391287,0.0965487359266999,0.04467389409952668,True
20260717,M2,case_td016_pp0_1_gamma_007__steady,tpe,76,1.0487076595319775,0.0982277045819688,0.0908472102462335,1.0169763135615266,0.10029693372873771,0.09594353803391287,0.04622213584346403,0.04467389409952668,True
20260717,M2,case_td016_pp0_1_gamma_007__steady,tpe,77,3.6823064243797328,0.19842682840139314,0.07135424049332904,1.0169763135615266,0.10029693372873771,0.09594353803391287,2.899593956025176,0.04467389409952668,True
20260717,M2,case_td016_pp0_1_gamma_007__steady,tpe,78,1.2489200903680444,0.09568636714129562,0.09834492554005352,1.0169763135615266,0.10029693372873771,0.09594353803391287,0.1423322740156013,0.04467389409952668,True
20260717,M2,case_td016_pp0_1_gamma_007__steady,tpe,79,1.1092820181751897,0.0898739683785532,0.09843971779483573,1.1092820181751897,0.0898739683785532,0.09843971779483573,0.04460692164982442,0.04460692164982442,True
20260717,M2,case_td016_pp0_1_gamma_007__steady,tpe,80,1.087342039186701,0.09611654750944931,0.099039484328096,1.1092820181751897,0.0898739683785532,0.09843971779483573,0.05292482845888588,0.04460692164982442,True
20260717,M2,case_td016_pp0_1_gamma_007__steady,tpe,81,1.0935305952326033,0.06366209933511333,0.0997689556964582,1.1092820181751897,0.0898739683785532,0.09843971779483573,0.15157911218476938,0.04460692164982442,True
20260717,M2,case_td016_pp0_1_gamma_007__steady,tpe,82,1.0813142160935625,0.09733103175776514,0.09823853690346998,1.1092820181751897,0.0898739683785532,0.09843971779483573,0.054212151697507996,0.04460692164982442,True
20260717,M2,case_td016_pp0_1_gamma_007__steady,tpe,83,1.7308643482412234,0.1585535274708353,0.04607965457776483,1.1092820181751897,0.0898739683785532,0.09843971779483573,0.8647482543653641,0.04460692164982442,True
20260717,M2,case_td016_pp0_1_gamma_007__steady,tpe,84,1.9925265278341606,0.09987502345295524,0.08137530068914678,1.1092820181751897,0.0898739683785532,0.09843971779483573,0.7069334728646148,0.04460692164982442,True
20260717,M2,case_td016_pp0_1_gamma_007__steady,tpe,85,3.7655891103697074,0.050636471538632224,0.08671303315494068,1.1092820181751897,0.0898739683785532,0.09843971779483573,1.1293448666930894,0.04460692164982442,True
20260717,M2,case_td016_pp0_1_gamma_007__steady,tpe,86,4.7797422066612665,0.16237044838276737,0.04172961195643065,1.1092820181751897,0.0898739683785532,0.09843971779483573,3.3420998978997667,0.04460692164982442,True
20260717,M2,case_td016_pp0_1_gamma_007__steady,tpe,87,1.1712659404331809,0.07854000204874086,0.05208083961308037,1.1092820181751897,0.0898739683785532,0.09843971779483573,0.04761609468355153,0.04460692164982442,True
20260717,M2,case_td016_pp0_1_gamma_007__steady,tpe,88,1.0511053790133733,0.09584740290249869,0.05435832797182305,1.0511053790133733,0.09584740290249869,0.05435832797182305,0.04384971260792733,0.04384971260792733,True
20260717,M2,case_td016_pp0_1_gamma_007__steady,tpe,89,1.0523748767614016,0.0958975776537136,0.04899294784957897,1.0523748767614016,0.0958975776537136,0.04899294784957897,0.04381817556691637,0.04381817556691637,True
20260717,M2,case_td016_pp0_1_gamma_007__steady,tpe,90,1.1115594730790015,0.12247365579554192,0.0466403191084928,1.0523748767614016,0.0958975776537136,0.04899294784957897,0.16918984216462807,0.04381817556691637,True
20260717,M2,case_td016_pp0_1_gamma_007__steady,tpe,91,1.0925411603969732,0.0845931503535613,0.04284699984616718,1.0523748767614016,0.0958975776537136,0.04899294784957897,0.0561301826335154,0.04381817556691637,True
20260717,M2,case_td016_pp0_1_gamma_007__steady,tpe,92,1.886071283387969,0.1071463832059028,0.049341664914407626,1.0523748767614016,0.0958975776537136,0.04899294784957897,0.67712988434587,0.04381817556691637,True
20260717,M2,case_td016_pp0_1_gamma_007__steady,tpe,93,1.016391701187792,0.09841801211611687,0.05910158434954059,1.0523748767614016,0.0958975776537136,0.04899294784957897,0.04561855035316558,0.04381817556691637,True
20260717,M2,case_td016_pp0_1_gamma_007__steady,tpe,94,1.1728452567266585,0.1485070238699499,0.06722146993262426,1.0523748767614016,0.0958975776537136,0.04899294784957897,0.3276372177560068,0.04381817556691637,True
20260717,M2,case_td016_pp0_1_gamma_007__steady,tpe,95,1.0584050433478707,0.10135586517040633,0.05265374483212909,1.0523748767614016,0.0958975776537136,0.04899294784957897,0.05301843481881993,0.04381817556691637,True
20260717,M2,case_td016_pp0_1_gamma_007__steady,tpe,96,1.021934951209044,0.08762378503500981,0.05283633711689252,1.0523748767614016,0.0958975776537136,0.04899294784957897,0.07531559833977551,0.04381817556691637,True
20260717,M2,case_td016_pp0_1_gamma_007__steady,tpe,97,1.0251482717410167,0.10729574138615514,0.0633456359292201,1.0523748767614016,0.0958975776537136,0.04899294784957897,0.0577517009812935,0.04381817556691637,True
20260717,M2,case_td016_pp0_1_gamma_007__steady,tpe,98,2.074143618066484,0.07691166905397048,0.09636547377515917,1.0523748767614016,0.0958975776537136,0.04899294784957897,0.5538345300938282,0.04381817556691637,True
20260717,M2,case_td016_pp0_1_gamma_007__steady,tpe,99,3.661602785848233,0.050183169967061736,0.06804183276664522,1.0523748767614016,0.0958975776537136,0.04899294784957897,1.0728089326487247,0.04381817556691637,True
20260717,M2,case_td016_pp0_1_gamma_007__steady,tpe,100,3.7516459585845503,0.14972390092094684,0.07355924824952609,1.0523748767614016,0.0958975776537136,0.04899294784957897,2.545101520065785,0.04381817556691637,True
20260717,M2,case_td016_pp0_1_gamma_007__steady,random,1,3.0,0.125,0.07,3.0,0.125,0.07,1.7278961645927335,1.7278961645927335,True
20260717,M2,case_td016_pp0_1_gamma_007__steady,random,2,1.6776620392355244,0.11575040968926807,0.06624447621596893,1.6776620392355244,0.11575040968926807,0.06624447621596893,0.5765107276160557,0.5765107276160557,True
20260717,M2,case_td016_pp0_1_gamma_007__steady,random,3,1.5959260303746046,0.050297496951888225,0.07345443056440273,1.5959260303746046,0.050297496951888225,0.07345443056440273,0.04841545729111551,0.04841545729111551,True
20260717,M2,case_td016_pp0_1_gamma_007__steady,random,4,2.039655038000501,0.12338418809546174,0.08448905726404307,1.5959260303746046,0.050297496951888225,0.07345443056440273,0.9324027506760267,0.04841545729111551,True
20260717,M2,case_td016_pp0_1_gamma_007__steady,random,5,2.91501004034009,0.11253375909876379,0.0778403040100776,1.5959260303746046,0.050297496951888225,0.07345443056440273,1.5322019154827582,0.04841545729111551,True
20260717,M2,case_td016_pp0_1_gamma_007__steady,random,6,2.474736489494175,0.17520398927845038,0.04760641760551128,1.5959260303746046,0.050297496951888225,0.07345443056440273,1.6644759372111728,0.04841545729111551,True
20260717,M2,case_td016_pp0_1_gamma_007__steady,random,7,1.1925576184062585,0.14259804302354126,0.07487505970508168,1.5959260303746046,0.050297496951888225,0.07345443056440273,0.3211307498382155,0.04841545729111551,True
20260717,M2,case_td016_pp0_1_gamma_007__steady,random,8,1.152783325243036,0.07962469584992116,0.09913239110336924,1.152783325243036,0.07962469584992116,0.09913239110336924,0.04624014499641918,0.04624014499641918,True
20260717,M2,case_td016_pp0_1_gamma_007__steady,random,9,1.8732231460764863,0.19714130033631994,0.06901428136277644,1.152783325243036,0.07962469584992116,0.09913239110336924,1.1961050780322902,0.04624014499641918,True
20260717,M2,case_td016_pp0_1_gamma_007__steady,random,10,4.302117414678983,0.07809394877907382,0.08343296864049997,1.152783325243036,0.07962469584992116,0.09913239110336924,1.8606290040351465,0.04624014499641918,True
20260717,M2,case_td016_pp0_1_gamma_007__steady,random,11,3.6065991118275296,0.11536592284806321,0.07944518904344874,1.152783325243036,0.07962469584992116,0.09913239110336924,2.0504703369297537,0.04624014499641918,True
20260717,M2,case_td016_pp0_1_gamma_007__steady,random,12,1.2786814339175456,0.18116421199160726,0.05067635143843477,1.152783325243036,0.07962469584992116,0.09913239110336924,0.5454755249074109,0.04624014499641918,True
20260717,M2,case_td016_pp0_1_gamma_007__steady,random,13,2.5876643174132745,0.1122762641325312,0.045167519899151645,1.152783325243036,0.07962469584992116,0.09913239110336924,1.2728009490290708,0.04624014499641918,True
20260717,M2,case_td016_pp0_1_gamma_007__steady,random,14,4.099196863667942,0.1260186759486101,0.048974110941203866,1.152783325243036,0.07962469584992116,0.09913239110336924,2.494505168582102,0.04624014499641918,True
20260717,M2,case_td016_pp0_1_gamma_007__steady,random,15,3.124046308136611,0.16587701522265305,0.08738518507785695,1.152783325243036,0.07962469584992116,0.09913239110336924,2.1962579032154883,0.04624014499641918,True
20260717,M2,case_td016_pp0_1_gamma_007__steady,random,16,3.6578902700182674,0.13674133904143543,0.08066089850570224,1.152783325243036,0.07962469584992116,0.09913239110336924,2.3413707145725953,0.04624014499641918,True
20260717,M2,case_td016_pp0_1_gamma_007__steady,random,17,2.9688350750377324,0.09618233119650627,0.09435207716817084,1.152783325243036,0.07962469584992116,0.09913239110336924,1.3795861722955818,0.04624014499641918,True
20260717,M2,case_td016_pp0_1_gamma_007__steady,random,18,2.07592271752667,0.09095283200965662,0.05039558254095578,1.152783325243036,0.07962469584992116,0.09913239110336924,0.6824361605561837,0.04624014499641918,True
20260717,M2,case_td016_pp0_1_gamma_007__steady,random,19,1.9180804316079985,0.17102412965865468,0.07355363948254731,1.152783325243036,0.07962469584992116,0.09913239110336924,1.1130287501735623,0.04624014499641918,True
20260717,M2,case_td016_pp0_1_gamma_007__steady,random,20,4.654964745692982,0.14395913532133367,0.07279132575173006,1.152783325243036,0.07962469584992116,0.09913239110336924,3.059013670230902,0.04624014499641918,True
20260717,M2,case_td016_pp0_1_gamma_007__steady,random,21,2.579703201688687,0.06848667982977916,0.09721858371681419,1.152783325243036,0.07962469584992116,0.09913239110336924,0.7783984461152851,0.04624014499641918,True
20260717,M2,case_td016_pp0_1_gamma_007__steady,random,22,2.229019133835946,0.1787950224070174,0.06660525331327065,1.152783325243036,0.07962469584992116,0.09913239110336924,1.4548258011182222,0.04624014499641918,True
20260717,M2,case_td016_pp0_1_gamma_007__steady,random,23,3.0311154445727637,0.1698752380790266,0.04935033394452971,1.152783325243036,0.07962469584992116,0.09913239110336924,2.1369039023736685,0.04624014499641918,True
20260717,M2,case_td016_pp0_1_gamma_007__steady,random,24,3.6933116019869794,0.17891365072390314,0.08712124856140957,1.152783325243036,0.07962469584992116,0.09913239110336924,2.766295932948235,0.04624014499641918,True
20260717,M2,case_td016_pp0_1_gamma_007__steady,random,25,2.3573772973084273,0.18885021855422812,0.041892954968329045,1.152783325243036,0.07962469584992116,0.09913239110336924,1.628146848679087,0.04624014499641918,True
20260717,M2,case_td016_pp0_1_gamma_007__steady,random,26,2.5180113718375154,0.09413259289931569,0.04719653079812625,1.152783325243036,0.07962469584992116,0.09913239110336924,1.0318019558390785,0.04624014499641918,True
20260717,M2,case_td016_pp0_1_gamma_007__steady,random,27,3.65724680774233,0.14401603418712444,0.0613566262485498,1.152783325243036,0.07962469584992116,0.09913239110336924,2.4153969151097394,0.04624014499641918,True
20260717,M2,case_td016_pp0_1_gamma_007__steady,random,28,1.55177591905121,0.09288038864510363,0.05664059359698387,1.152783325243036,0.07962469584992116,0.09913239110336924,0.32479924059279125,0.04624014499641918,True
20260717,M2,case_td016_pp0_1_gamma_007__steady,random,29,3.7999014459402534,0.14728639873920096,0.08523288944003653,1.152783325243036,0.07962469584992116,0.09913239110336924,2.555882555647591,0.04624014499641918,True
20260717,M2,case_td016_pp0_1_gamma_007__steady,random,30,2.0186266178419263,0.06015836474078849,0.05206366578903118,1.152783325243036,0.07962469584992116,0.09913239110336924,0.3426663363737121,0.04624014499641918,True
20260717,M2,case_td016_pp0_1_gamma_007__steady,random,31,1.3095238920807653,0.10172168554036723,0.04078993315938826,1.152783325243036,0.07962469584992116,0.09913239110336924,0.20718737835935644,0.04624014499641918,True
20260717,M2,case_td016_pp0_1_gamma_007__steady,random,32,3.3082876001606265,0.188723904411711,0.06496470916617669,1.152783325243036,0.07962469584992116,0.09913239110336924,2.5157034274679138,0.04624014499641918,True
20260717,M2,case_td016_pp0_1_gamma_007__steady,random,33,1.909244794349144,0.17535939021682717,0.07845812726325106,1.152783325243036,0.07962469584992116,0.09913239110336924,1.1275416331828052,0.04624014499641918,True
20260717,M2,case_td016_pp0_1_gamma_007__steady,random,34,1.1660370992860853,0.09945233177130461,0.07418096108534675,1.152783325243036,0.07962469584992116,0.09913239110336924,0.10548757775200486,0.04624014499641918,True
20260717,M2,case_td016_pp0_1_gamma_007__steady,random,35,2.0916289584753143,0.1965950394776661,0.07109613287815883,1.152783325243036,0.07962469584992116,0.09913239110336924,1.4131507407490158,0.04624014499641918,True
20260717,M2,case_td016_pp0_1_gamma_007__steady,random,36,3.767282488811941,0.11042757631778066,0.06797968884596596,1.152783325243036,0.07962469584992116,0.09913239110336924,2.085342376136727,0.04624014499641918,True
20260717,M2,case_td016_pp0_1_gamma_007__steady,random,37,1.0103559953978154,0.19725397115947801,0.08898995803848203,1.152783325243036,0.07962469584992116,0.09913239110336924,0.3672206049241825,0.04624014499641918,True
20260717,M2,case_td016_pp0_1_gamma_007__steady,random,38,4.203979313753729,0.1976939005363504,0.09926504380263242,1.152783325243036,0.07962469584992116,0.09913239110336924,3.3040107435201245,0.04624014499641918,True
20260717,M2,case_td016_pp0_1_gamma_007__steady,random,39,1.1223152589107674,0.11137433721679249,0.0815372686739532,1.152783325243036,0.07962469584992116,0.09913239110336924,0.13381994592958474,0.04624014499641918,True
20260717,M2,case_td016_pp0_1_gamma_007__steady,random,40,3.485892997633531,0.06820852665862448,0.047768830797843956,1.152783325243036,0.07962469584992116,0.09913239110336924,1.2815378427039943,0.04624014499641918,True
20260717,M2,case_td016_pp0_1_gamma_007__steady,random,41,2.5025247779239757,0.16772981712341328,0.059401280745193,1.152783325243036,0.07962469584992116,0.09913239110336924,1.6476770447071998,0.04624014499641918,True
20260717,M2,case_td016_pp0_1_gamma_007__steady,random,42,4.530739373886471,0.1946502466540883,0.04417389419000799,1.152783325243036,0.07962469584992116,0.09913239110336924,3.4992476538817203,0.04624014499641918,True
20260717,M2,case_td016_pp0_1_gamma_007__steady,random,43,3.4700819540531027,0.1920149751147237,0.09645152574996521,1.152783325243036,0.07962469584992116,0.09913239110336924,2.6817578402398587,0.04624014499641918,True
20260717,M2,case_td016_pp0_1_gamma_007__steady,random,44,4.644100816838076,0.1656100343448233,0.07784328014899332,1.152783325243036,0.07962469584992116,0.09913239110336924,3.3067468027172056,0.04624014499641918,True
20260717,M2,case_td016_pp0_1_gamma_007__steady,random,45,4.627422682453559,0.1464833099980773,0.04851933047746257,1.152783325243036,0.07962469584992116,0.09913239110336924,3.0689805680870883,0.04624014499641918,True
20260717,M2,case_td016_pp0_1_gamma_007__steady,random,46,3.6189218408978494,0.0565269956046503,0.08388607631494621,1.152783325243036,0.07962469584992116,0.09913239110336924,1.162285279118221,0.04624014499641918,True
20260717,M2,case_td016_pp0_1_gamma_007__steady,random,47,3.04756183352892,0.17568085469803157,0.04055453991079707,1.152783325243036,0.07962469584992116,0.09913239110336924,2.189364779019539,0.04624014499641918,True
20260717,M2,case_td016_pp0_1_gamma_007__steady,random,48,1.9667351391984025,0.1391298522245412,0.061679326653732894,1.152783325243036,0.07962469584992116,0.09913239110336924,0.9729899573790651,0.04624014499641918,True
20260717,M2,case_td016_pp0_1_gamma_007__steady,random,49,3.369050080151647,0.1503008897228778,0.05213632744540622,1.152783325243036,0.07962469584992116,0.09913239110336924,2.2573068304395196,0.04624014499641918,True
20260717,M2,case_td016_pp0_1_gamma_007__steady,random,50,4.481238896846694,0.18339555232683202,0.05710980835435929,1.152783325243036,0.07962469584992116,0.09913239110336924,3.3731257846197096,0.04624014499641918,True
20260717,M2,case_td016_pp0_1_gamma_007__steady,random,51,4.068442904072364,0.05080014354707847,0.05866903581179535,1.152783325243036,0.07962469584992116,0.09913239110336924,1.2597599490251432,0.04624014499641918,True
20260717,M2,case_td016_pp0_1_gamma_007__steady,random,52,1.0987005428666077,0.1939434065359849,0.06816667050113842,1.152783325243036,0.07962469584992116,0.09913239110336924,0.43194188056557536,0.04624014499641918,True
20260717,M2,case_td016_pp0_1_gamma_007__steady,random,53,2.826722557531802,0.19757805006818113,0.09051418966706343,1.152783325243036,0.07962469584992116,0.09913239110336924,2.1403227127564572,0.04624014499641918,True
20260717,M2,case_td016_pp0_1_gamma_007__steady,random,54,1.7473866071068556,0.16341797163567223,0.08262486063470773,1.152783325243036,0.07962469584992116,0.09913239110336924,0.9125511223333639,0.04624014499641918,True
20260717,M2,case_td016_pp0_1_gamma_007__steady,random,55,4.0002862419596665,0.12522069388175733,0.04789104058302275,1.152783325243036,0.07962469584992116,0.09913239110336924,2.422764123192361,0.04624014499641918,True
20260717,M2,case_td016_pp0_1_gamma_007__steady,random,56,1.7317230808328894,0.062006710093762164,0.09741033122700866,1.152783325243036,0.07962469584992116,0.09913239110336924,0.2028529646802628,0.04624014499641918,True
20260717,M2,case_td016_pp0_1_gamma_007__steady,random,57,2.96880016368379,0.055460106045573575,0.06326169466122346,1.152783325243036,0.07962469584992116,0.09913239110336924,0.8164071858306161,0.04624014499641918,True
20260717,M2,case_td016_pp0_1_gamma_007__steady,random,58,4.9013213593627665,0.1922793339188848,0.0842925611027398,1.152783325243036,0.07962469584992116,0.09913239110336924,3.7291923518315566,0.04624014499641918,True
20260717,M2,case_td016_pp0_1_gamma_007__steady,random,59,2.41659265737421,0.1279793677442337,0.07846735499646351,1.152783325243036,0.07962469584992116,0.09913239110336924,1.2858404562291526,0.04624014499641918,True
20260717,M2,case_td016_pp0_1_gamma_007__steady,random,60,1.513502213397051,0.19205541259842202,0.040799203014308394,1.152783325243036,0.07962469584992116,0.09913239110336924,0.8105449876464634,0.04624014499641918,True
20260717,M2,case_td016_pp0_1_gamma_007__steady,random,61,4.785480512344334,0.12908563562698794,0.09463216346423563,1.152783325243036,0.07962469584992116,0.09913239110336924,2.9277902618750176,0.04624014499641918,True
20260717,M2,case_td016_pp0_1_gamma_007__steady,random,62,1.8616124114033483,0.18460827840319122,0.04813342466716505,1.152783325243036,0.07962469584992116,0.09913239110336924,1.1201917981049063,0.04624014499641918,True
20260717,M2,case_td016_pp0_1_gamma_007__steady,random,63,4.884484649676834,0.06440158139856958,0.07105773051133836,1.152783325243036,0.07962469584992116,0.09913239110336924,1.8467643511369867,0.04624014499641918,True
20260717,M2,case_td016_pp0_1_gamma_007__steady,random,64,3.1086077606038365,0.11750936546036071,0.05243446151986524,1.152783325243036,0.07962469584992116,0.09913239110336924,1.7246059460002594,0.04624014499641918,True
20260717,M2,case_td016_pp0_1_gamma_007__steady,random,65,4.129627777163918,0.19583208097326543,0.06387421981237076,1.152783325243036,0.07962469584992116,0.09913239110336924,3.2297099052039027,0.04624014499641918,True
20260717,M2,case_td016_pp0_1_gamma_007__steady,random,66,4.526186818275231,0.13511431001390964,0.07223592115711329,1.152783325243036,0.07962469584992116,0.09913239110336924,2.8711965530364747,0.04624014499641918,True
20260717,M2,case_td016_pp0_1_gamma_007__steady,random,67,1.166738271748026,0.06378597619220572,0.06478461811556169,1.152783325243036,0.07962469584992116,0.09913239110336924,0.11917829484671377,0.04624014499641918,True
20260717,M2,case_td016_pp0_1_gamma_007__steady,random,68,2.3774890072550514,0.14295893041897423,0.05611601377639339,1.152783325243036,0.07962469584992116,0.09913239110336924,1.3638237796155632,0.04624014499641918,True
20260717,M2,case_td016_pp0_1_gamma_007__steady,random,69,3.919904480924197,0.1197228317715264,0.07782597587034608,1.152783325243036,0.07962469584992116,0.09913239110336924,2.30720763168226,0.04624014499641918,True
20260717,M2,case_td016_pp0_1_gamma_007__steady,random,70,1.4262283892461811,0.07158026426164463,0.08331751980419985,1.152783325243036,0.07962469584992116,0.09913239110336924,0.1011493281151069,0.04624014499641918,True
20260717,M2,case_td016_pp0_1_gamma_007__steady,random,71,4.413040094329319,0.13798004102197262,0.05570458450002866,1.152783325243036,0.07962469584992116,0.09913239110336924,2.839646469526905,0.04624014499641918,True
20260717,M2,case_td016_pp0_1_gamma_007__steady,random,72,4.600608124619736,0.09834088855835202,0.05450626723410451,1.152783325243036,0.07962469584992116,0.09913239110336924,2.349582120054308,0.04624014499641918,True
20260717,M2,case_td016_pp0_1_gamma_007__steady,random,73,1.0797467869107713,0.15672079259082158,0.04040180687556603,1.152783325243036,0.07962469584992116,0.09913239110336924,0.2776448804558074,0.04624014499641918,True
20260717,M2,case_td016_pp0_1_gamma_007__steady,random,74,3.7667158813723525,0.08551741777729557,0.0595350613207461,1.152783325243036,0.07962469584992116,0.09913239110336924,1.712976220747335,0.04624014499641918,True
20260717,M2,case_td016_pp0_1_gamma_007__steady,random,75,3.55802416435016,0.14042868958869617,0.06666244662255344,1.152783325243036,0.07962469584992116,0.09913239110336924,2.3071051908330955,0.04624014499641918,True
20260717,M2,case_td016_pp0_1_gamma_007__steady,random,76,3.013165956764378,0.16475239581766388,0.05981859696489257,1.152783325243036,0.07962469584992116,0.09913239110336924,2.08680158031586,0.04624014499641918,True
20260717,M2,case_td016_pp0_1_gamma_007__steady,random,77,1.4722045646424973,0.19237327241118451,0.09529343428888445,1.152783325243036,0.07962469584992116,0.09913239110336924,0.7806374267178452,0.04624014499641918,True
20260717,M2,case_td016_pp0_1_gamma_007__steady,random,78,2.5261464178893913,0.06563667553333472,0.07576480924437157,1.152783325243036,0.07962469584992116,0.09913239110336924,0.7081493647590384,0.04624014499641918,True
20260717,M2,case_td016_pp0_1_gamma_007__steady,random,79,3.3982917279897173,0.1300917676704234,0.049884888995975145,1.152783325243036,0.07962469584992116,0.09913239110336924,2.0750864145556016,0.04624014499641918,True
20260717,M2,case_td016_pp0_1_gamma_007__steady,random,80,1.1172820166088249,0.11034088246088511,0.06142009750049009,1.152783325243036,0.07962469584992116,0.09913239110336924,0.12274109170715139,0.04624014499641918,True
20260717,M2,case_td016_pp0_1_gamma_007__steady,random,81,2.375587361258728,0.051822174776325974,0.06094669267528748,1.152783325243036,0.07962469584992116,0.09913239110336924,0.4510979663217919,0.04624014499641918,True
20260717,M2,case_td016_pp0_1_gamma_007__steady,random,82,3.2788444420985776,0.17220384448677958,0.049556451092878095,1.152783325243036,0.07962469584992116,0.09913239110336924,2.3667105158995043,0.04624014499641918,True
20260717,M2,case_td016_pp0_1_gamma_007__steady,random,83,2.3488355219688763,0.06785910369614627,0.06101866933345669,1.152783325243036,0.07962469584992116,0.09913239110336924,0.625041488990599,0.04624014499641918,True
20260717,M2,case_td016_pp0_1_gamma_007__steady,random,84,3.9054442565369714,0.053675080804325176,0.044873218542999534,1.152783325243036,0.07962469584992116,0.09913239110336924,1.2374371840906384,0.04624014499641918,True
20260717,M2,case_td016_pp0_1_gamma_007__steady,random,85,4.072692800785747,0.09209067569857907,0.048624588416690886,1.152783325243036,0.07962469584992116,0.09913239110336924,1.9802384457874196,0.04624014499641918,True
20260717,M2,case_td016_pp0_1_gamma_007__steady,random,86,3.667225803472977,0.10744022212952935,0.04436604503453308,1.152783325243036,0.07962469584992116,0.09913239110336924,1.9758210974354615,0.04624014499641918,True
20260717,M2,case_td016_pp0_1_gamma_007__steady,random,87,1.493371153769103,0.18578737995632255,0.07663367687119693,1.152783325243036,0.07962469584992116,0.09913239110336924,0.7712205505493447,0.04624014499641918,True
20260717,M2,case_td016_pp0_1_gamma_007__steady,random,88,1.5696119286885253,0.10389480845321777,0.052546293775182024,1.152783325243036,0.07962469584992116,0.09913239110336924,0.4117000398705484,0.04624014499641918,True
20260717,M2,case_td016_pp0_1_gamma_007__steady,random,89,3.4353653302540024,0.15039621690187294,0.043582424885005855,1.152783325243036,0.07962469584992116,0.09913239110336924,2.306599106696591,0.04624014499641918,True
20260717,M2,case_td016_pp0_1_gamma_007__steady,random,90,3.1070468719737216,0.09497506021864813,0.09631530014227477,1.152783325243036,0.07962469584992116,0.09913239110336924,1.4566198684647744,0.04624014499641918,True
20260717,M2,case_td016_pp0_1_gamma_007__steady,random,91,4.00569882693217,0.14477977955801952,0.07696294825106989,1.152783325243036,0.07962469584992116,0.09913239110336924,2.6693254654734067,0.04624014499641918,True
20260717,M2,case_td016_pp0_1_gamma_007__steady,random,92,1.0253386743829558,0.10605806626812815,0.08925959221655211,1.152783325243036,0.07962469584992116,0.09913239110336924,0.056869433437446,0.04624014499641918,True
20260717,M2,case_td016_pp0_1_gamma_007__steady,random,93,3.9051396010011716,0.1809190967561985,0.04601962312010803,1.152783325243036,0.07962469584992116,0.09913239110336924,2.9360164113730662,0.04624014499641918,True
20260717,M2,case_td016_pp0_1_gamma_007__steady,random,94,2.962599300270226,0.1390760798894578,0.06565308426794328,1.152783325243036,0.07962469584992116,0.09913239110336924,1.8334514184253978,0.04624014499641918,True
20260717,M2,case_td016_pp0_1_gamma_007__steady,random,95,1.03316043517636,0.18068330697818324,0.09215691377695184,1.152783325243036,0.07962469584992116,0.09913239110336924,0.33051409845273444,0.04624014499641918,True
20260717,M2,case_td016_pp0_1_gamma_007__steady,random,96,2.6227360619761906,0.13665018881288793,0.04814153111431296,1.152783325243036,0.07962469584992116,0.09913239110336924,1.5247071261288698,0.04624014499641918,True
20260717,M2,case_td016_pp0_1_gamma_007__steady,random,97,4.365976852797518,0.11567821566140409,0.09535190262451398,1.152783325243036,0.07962469584992116,0.09913239110336924,2.5097481390928276,0.04624014499641918,True
20260717,M2,case_td016_pp0_1_gamma_007__steady,random,98,2.4720415940396245,0.09136839637652067,0.04812073172742096,1.152783325243036,0.07962469584992116,0.09913239110336924,0.969148429209649,0.04624014499641918,True
20260717,M2,case_td016_pp0_1_gamma_007__steady,random,99,2.5918112627161376,0.1203497005525178,0.0676186243016487,1.152783325243036,0.07962469584992116,0.09913239110336924,1.3602404101034986,0.04624014499641918,True
20260717,M2,case_td016_pp0_1_gamma_007__steady,random,100,3.1588182056619667,0.06122779930438603,0.09562913171154974,1.152783325243036,0.07962469584992116,0.09913239110336924,1.0066009204474788,0.04624014499641918,True
20260717,M3,case_td030_pa200_pp0_5_gamma_004__steady,cmaes,1,3.0,0.125,0.07,3.0,0.125,0.07,0.4420755918508906,0.4420755918508906,True
20260717,M3,case_td030_pa200_pp0_5_gamma_004__steady,cmaes,2,3.0385115401339853,0.12453438553011704,0.06292165383871198,3.0385115401339853,0.12453438553011704,0.06292165383871198,0.4373992977644635,0.4373992977644635,True
20260717,M3,case_td030_pa200_pp0_5_gamma_004__steady,cmaes,3,3.095106479751007,0.12676297593878494,0.05198539673826906,3.095106479751007,0.12676297593878494,0.05198539673826906,0.42428099664937813,0.42428099664937813,True
20260717,M3,case_td030_pa200_pp0_5_gamma_004__steady,cmaes,4,2.681907748038938,0.0966930507253545,0.05369049153380695,3.095106479751007,0.12676297593878494,0.05198539673826906,0.5566317337928849,0.42428099664937813,True
20260717,M3,case_td030_pa200_pp0_5_gamma_004__steady,cmaes,5,1.39906757770057,0.10708571455491978,0.08321926455690407,3.095106479751007,0.12676297593878494,0.05198539673826906,0.7308413035461129,0.42428099664937813,True
20260717,M3,case_td030_pa200_pp0_5_gamma_004__steady,cmaes,6,3.8213443947221903,0.09998794630058615,0.07143788299035572,3.8213443947221903,0.09998794630058615,0.07143788299035572,0.39546412104872025,0.39546412104872025,True
20260717,M3,case_td030_pa200_pp0_5_gamma_004__steady,cmaes,7,2.1490845097873446,0.19213361987123828,0.0518639525692173,3.8213443947221903,0.09998794630058615,0.07143788299035572,0.49415663535622867,0.39546412104872025,True
20260717,M3,case_td030_pa200_pp0_5_gamma_004__steady,cmaes,8,2.9483178791950735,0.10659300663522983,0.08291539993535939,3.8213443947221903,0.09998794630058615,0.07143788299035572,0.4923808326298973,0.39546412104872025,True
20260717,M3,case_td030_pa200_pp0_5_gamma_004__steady,cmaes,9,2.6285141553110476,0.09295955105421114,0.06725461739330917,3.8213443947221903,0.09998794630058615,0.07143788299035572,0.5725529103811251,0.39546412104872025,True
20260717,M3,case_td030_pa200_pp0_5_gamma_004__steady,cmaes,10,2.6942601971173263,0.14029102315727798,0.07697689398182711,3.8213443947221903,0.09998794630058615,0.07143788299035572,0.4621228221469453,0.39546412104872025,True
20260717,M3,case_td030_pa200_pp0_5_gamma_004__steady,cmaes,11,2.5079881088049576,0.13057172881809503,0.06621870174774758,3.8213443947221903,0.09998794630058615,0.07143788299035572,0.5122772818792619,0.39546412104872025,True
20260717,M3,case_td030_pa200_pp0_5_gamma_004__steady,cmaes,12,4.193754421049338,0.09197771723470942,0.07063063594302246,4.193754421049338,0.09197771723470942,0.07063063594302246,0.38081148266303483,0.38081148266303483,True
20260717,M3,case_td030_pa200_pp0_5_gamma_004__steady,cmaes,13,2.2169719422794465,0.1087017933720073,0.061191834706924735,4.193754421049338,0.09197771723470942,0.07063063594302246,0.6014669590826838,0.38081148266303483,True
20260717,M3,case_td030_pa200_pp0_5_gamma_004__steady,cmaes,14,3.357766016430044,0.10452813566664962,0.0827208563100457,4.193754421049338,0.09197771723470942,0.07063063594302246,0.44022489980803514,0.38081148266303483,True
20260717,M3,case_td030_pa200_pp0_5_gamma_004__steady,cmaes,15,3.163528568862893,0.10108342091431982,0.05463403013226569,4.193754421049338,0.09197771723470942,0.07063063594302246,0.47720369262125817,0.38081148266303483,True
20260717,M3,case_td030_pa200_pp0_5_gamma_004__steady,cmaes,16,3.1764785047025614,0.10610450805907061,0.048559811445528664,4.193754421049338,0.09197771723470942,0.07063063594302246,0.4624652478695965,0.38081148266303483,True
20260717,M3,case_td030_pa200_pp0_5_gamma_004__steady,cmaes,17,3.0082317414053765,0.16229324722116853,0.06578931119455386,3.0082317414053765,0.16229324722116853,0.06578931119455386,0.3697631342675937,0.3697631342675937,True
20260717,M3,case_td030_pa200_pp0_5_gamma_004__steady,cmaes,18,2.358147248118631,0.14049157994487088,0.04250199514321747,3.0082317414053765,0.16229324722116853,0.06578931119455386,0.5230616681710033,0.3697631342675937,True
20260717,M3,case_td030_pa200_pp0_5_gamma_004__steady,cmaes,19,2.4331468523173987,0.15071210982219677,0.0958678943782338,3.0082317414053765,0.16229324722116853,0.06578931119455386,0.4913488308006491,0.3697631342675937,True
20260717,M3,case_td030_pa200_pp0_5_gamma_004__steady,cmaes,20,2.5665657226788756,0.16474736633093018,0.062060983675697484,3.0082317414053765,0.16229324722116853,0.06578931119455386,0.44652320136053836,0.3697631342675937,True
20260717,M3,case_td030_pa200_pp0_5_gamma_004__steady,cmaes,21,3.3830332921742436,0.14263077930240053,0.059721175975091835,3.3830332921742436,0.14263077930240053,0.059721175975091835,0.34475392400268373,0.34475392400268373,True
20260717,M3,case_td030_pa200_pp0_5_gamma_004__steady,cmaes,22,4.066824995837768,0.14506613379745442,0.07142200954444763,4.066824995837768,0.14506613379745442,0.07142200954444763,0.2412177389309332,0.2412177389309332,True
20260717,M3,case_td030_pa200_pp0_5_gamma_004__steady,cmaes,23,3.100045052500111,0.16103881547330062,0.0701109197843732,4.066824995837768,0.14506613379745442,0.07142200954444763,0.3557352866237923,0.2412177389309332,True
20260717,M3,case_td030_pa200_pp0_5_gamma_004__steady,cmaes,24,4.254294832187329,0.1324946865086407,0.0684760571694603,4.066824995837768,0.14506613379745442,0.07142200954444763,0.24942423024823848,0.2412177389309332,True
20260717,M3,case_td030_pa200_pp0_5_gamma_004__steady,cmaes,25,4.105236043424533,0.05404236823163417,0.08301960997463545,4.066824995837768,0.14506613379745442,0.07142200954444763,0.527260885658977,0.2412177389309332,True
20260717,M3,case_td030_pa200_pp0_5_gamma_004__steady,cmaes,26,2.983855784468969,0.09568370867418238,0.07775225406574574,4.066824995837768,0.14506613379745442,0.07142200954444763,0.5153299270418701,0.2412177389309332,True
20260717,M3,case_td030_pa200_pp0_5_gamma_004__steady,cmaes,27,3.195995836509929,0.14211592509889223,0.06493581626991518,4.066824995837768,0.14506613379745442,0.07142200954444763,0.37502251562079275,0.2412177389309332,True
20260717,M3,case_td030_pa200_pp0_5_gamma_004__steady,cmaes,28,3.146562139351359,0.10337494314016586,0.06684508589706616,4.066824995837768,0.14506613379745442,0.07142200954444763,0.4727777901259835,0.2412177389309332,True
20260717,M3,case_td030_pa200_pp0_5_gamma_004__steady,cmaes,29,3.0127957498454805,0.15144418896833933,0.05564349546427452,4.066824995837768,0.14506613379745442,0.07142200954444763,0.3881356096871885,0.2412177389309332,True
20260717,M3,case_td030_pa200_pp0_5_gamma_004__steady,cmaes,30,4.238805309884826,0.1793587841006556,0.060798784662812785,4.238805309884826,0.1793587841006556,0.060798784662812785,0.14933434745005142,0.14933434745005142,True
20260717,M3,case_td030_pa200_pp0_5_gamma_004__steady,cmaes,31,4.051118601977588,0.12877895780307386,0.061364828403118896,4.238805309884826,0.1793587841006556,0.060798784662812785,0.2843525974825936,0.14933434745005142,True
20260717,M3,case_td030_pa200_pp0_5_gamma_004__steady,cmaes,32,3.009837847344598,0.09604432101884697,0.04872662204396029,4.238805309884826,0.1793587841006556,0.060798784662812785,0.5122444844353587,0.14933434745005142,True
20260717,M3,case_td030_pa200_pp0_5_gamma_004__steady,cmaes,33,4.603296880580183,0.15887035239019476,0.08329496978321449,4.603296880580183,0.15887035239019476,0.08329496978321449,0.1443962821283562,0.1443962821283562,True
20260717,M3,case_td030_pa200_pp0_5_gamma_004__steady,cmaes,34,3.9910015046812912,0.15911392106608052,0.062462222250758224,4.603296880580183,0.15887035239019476,0.08329496978321449,0.2210751545347789,0.1443962821283562,True
20260717,M3,case_td030_pa200_pp0_5_gamma_004__steady,cmaes,35,3.7042564288447664,0.11644630620957584,0.0630501607336525,4.603296880580183,0.15887035239019476,0.08329496978321449,0.36199981828834427,0.1443962821283562,True
20260717,M3,case_td030_pa200_pp0_5_gamma_004__steady,cmaes,36,3.147884972732567,0.14257515349206895,0.07776202171307743,4.603296880580183,0.15887035239019476,0.08329496978321449,0.38138417747476816,0.1443962821283562,True
20260717,M3,case_td030_pa200_pp0_5_gamma_004__steady,cmaes,37,4.3866987725496145,0.15353019074317698,0.06860472222467257,4.603296880580183,0.15887035239019476,0.08329496978321449,0.18172743186284804,0.1443962821283562,True
20260717,M3,case_td030_pa200_pp0_5_gamma_004__steady,cmaes,38,3.6924093668155247,0.18948890637497684,0.0855158529035191,4.603296880580183,0.15887035239019476,0.08329496978321449,0.21139193206485854,0.1443962821283562,True
20260717,M3,case_td030_pa200_pp0_5_gamma_004__steady,cmaes,39,4.1422266449734195,0.14584200535093494,0.07887653570361283,4.603296880580183,0.15887035239019476,0.08329496978321449,0.2294819797700682,0.1443962821283562,True
20260717,M3,case_td030_pa200_pp0_5_gamma_004__steady,cmaes,40,4.088544063030021,0.10852285305983572,0.06384661900610082,4.603296880580183,0.15887035239019476,0.08329496978321449,0.33817709874878754,0.1443962821283562,True
20260717,M3,case_td030_pa200_pp0_5_gamma_004__steady,cmaes,41,3.818715199274578,0.11879305796299697,0.08935491293424203,4.603296880580183,0.15887035239019476,0.08329496978321449,0.3400724254590455,0.1443962821283562,True
20260717,M3,case_td030_pa200_pp0_5_gamma_004__steady,cmaes,42,3.1272944719113376,0.11709743733676255,0.08462788206208463,4.603296880580183,0.15887035239019476,0.08329496978321449,0.44031464022022254,0.1443962821283562,True
20260717,M3,case_td030_pa200_pp0_5_gamma_004__steady,cmaes,43,3.1963610756927276,0.13672445184225931,0.05801029430940691,4.603296880580183,0.15887035239019476,0.08329496978321449,0.38645706674981706,0.1443962821283562,True
20260717,M3,case_td030_pa200_pp0_5_gamma_004__steady,cmaes,44,4.063034191140659,0.11561768272315685,0.0711256715616514,4.603296880580183,0.15887035239019476,0.08329496978321449,0.3194155107353292,0.1443962821283562,True
20260717,M3,case_td030_pa200_pp0_5_gamma_004__steady,cmaes,45,3.2016315069925003,0.17030085701049863,0.0652327658880272,4.603296880580183,0.15887035239019476,0.08329496978321449,0.3231536707319655,0.1443962821283562,True
20260717,M3,case_td030_pa200_pp0_5_gamma_004__steady,cmaes,46,4.497133850922914,0.11943609328066906,0.057339242984445385,4.603296880580183,0.15887035239019476,0.08329496978321449,0.2600690184985316,0.1443962821283562,True
20260717,M3,case_td030_pa200_pp0_5_gamma_004__steady,cmaes,47,3.7194207482776673,0.12896802232931365,0.08322498045694997,4.603296880580183,0.15887035239019476,0.08329496978321449,0.3264021595341146,0.1443962821283562,True
20260717,M3,case_td030_pa200_pp0_5_gamma_004__steady,cmaes,48,4.312841821648563,0.137423591304759,0.08794991833279414,4.603296880580183,0.15887035239019476,0.08329496978321449,0.22920256063339312,0.1443962821283562,True
20260717,M3,case_td030_pa200_pp0_5_gamma_004__steady,cmaes,49,3.8114643550756018,0.17038193442676636,0.08519861253036874,4.603296880580183,0.15887035239019476,0.08329496978321449,0.2245302913992105,0.1443962821283562,True
20260717,M3,case_td030_pa200_pp0_5_gamma_004__steady,cmaes,50,4.420762987592768,0.17768202082826673,0.07099074692040089,4.420762987592768,0.17768202082826673,0.07099074692040089,0.12879832938053926,0.12879832938053926,True
20260717,M3,case_td030_pa200_pp0_5_gamma_004__steady,cmaes,51,3.493342093219126,0.17225953376515246,0.09192385106186499,4.420762987592768,0.17768202082826673,0.07099074692040089,0.27062862841198315,0.12879832938053926,True
20260717,M3,case_td030_pa200_pp0_5_gamma_004__steady,cmaes,52,4.292168022457231,0.12379343586370085,0.06824377096835532,4.420762987592768,0.17768202082826673,0.07099074692040089,0.2691291772469548,0.12879832938053926,True
20260717,M3,case_td030_pa200_pp0_5_gamma_004__steady,cmaes,53,2.7149853136573316,0.15276659172105667,0.07701368666533248,4.420762987592768,0.17768202082826673,0.07099074692040089,0.437100784623954,0.12879832938053926,True
20260717,M3,case_td030_pa200_pp0_5_gamma_004__steady,cmaes,54,4.402618743116216,0.173977319777125,0.07964609873159637,4.420762987592768,0.17768202082826673,0.07099074692040089,0.13752636707135704,0.12879832938053926,True
20260717,M3,case_td030_pa200_pp0_5_gamma_004__steady,cmaes,55,2.6600346577667793,0.180831305433722,0.08863727076120806,4.420762987592768,0.17768202082826673,0.07099074692040089,0.4057812827028856,0.12879832938053926,True
20260717,M3,case_td030_pa200_pp0_5_gamma_004__steady,cmaes,56,4.214163730349164,0.16418232209230862,0.0745774421895364,4.420762987592768,0.17768202082826673,0.07099074692040089,0.18040264740739373,0.12879832938053926,True
20260717,M3,case_td030_pa200_pp0_5_gamma_004__steady,cmaes,57,4.2712997210024,0.1994460184864718,0.07830975564064149,4.2712997210024,0.1994460184864718,0.07830975564064149,0.11289868449453316,0.11289868449453316,True
20260717,M3,case_td030_pa200_pp0_5_gamma_004__steady,cmaes,58,4.824160924592658,0.12805663572790482,0.08637510911711221,4.2712997210024,0.1994460184864718,0.07830975564064149,0.20041630995676887,0.11289868449453316,True
20260717,M3,case_td030_pa200_pp0_5_gamma_004__steady,cmaes,59,4.262180724544711,0.166434961254491,0.08838810297666261,4.2712997210024,0.1994460184864718,0.07830975564064149,0.16952959767243536,0.11289868449453316,True
20260717,M3,case_td030_pa200_pp0_5_gamma_004__steady,cmaes,60,4.587325235364462,0.15152238674718915,0.06847352257519221,4.2712997210024,0.1994460184864718,0.07830975564064149,0.1631483490082714,0.11289868449453316,True
20260717,M3,case_td030_pa200_pp0_5_gamma_004__steady,cmaes,61,4.470794737236245,0.14016460779750384,0.08157001838083017,4.2712997210024,0.1994460184864718,0.07830975564064149,0.20390976462060204,0.11289868449453316,True
20260717,M3,case_td030_pa200_pp0_5_gamma_004__steady,cmaes,62,3.515661870782144,0.14630292849037424,0.07839137592298726,4.2712997210024,0.1994460184864718,0.07830975564064149,0.3159918202719736,0.11289868449453316,True
20260717,M3,case_td030_pa200_pp0_5_gamma_004__steady,cmaes,63,4.220946855686184,0.15782551162582864,0.08690281370264671,4.2712997210024,0.1994460184864718,0.07830975564064149,0.1924928985264079,0.11289868449453316,True
20260717,M3,case_td030_pa200_pp0_5_gamma_004__steady,cmaes,64,4.612825883937167,0.19375961156166582,0.059633928792651836,4.612825883937167,0.19375961156166582,0.059633928792651836,0.0816779870408077,0.0816779870408077,True
20260717,M3,case_td030_pa200_pp0_5_gamma_004__steady,cmaes,65,4.666928305482179,0.192743003592645,0.08528160895138376,4.666928305482179,0.192743003592645,0.08528160895138376,0.07700625572148637,0.07700625572148637,True
20260717,M3,case_td030_pa200_pp0_5_gamma_004__steady,cmaes,66,4.647817845879512,0.12822080027130128,0.04117034231895286,4.666928305482179,0.192743003592645,0.08528160895138376,0.2194106354191787,0.07700625572148637,True
20260717,M3,case_td030_pa200_pp0_5_gamma_004__steady,cmaes,67,4.826766405660954,0.18540919150321794,0.060614989064646685,4.826766405660954,0.18540919150321794,0.060614989064646685,0.07292661532957598,0.07292661532957598,True
20260717,M3,case_td030_pa200_pp0_5_gamma_004__steady,cmaes,68,3.8291726079661528,0.15388660947996385,0.055583906630094174,4.826766405660954,0.18540919150321794,0.060614989064646685,0.25498282816457263,0.07292661532957598,True
20260717,M3,case_td030_pa200_pp0_5_gamma_004__steady,cmaes,69,4.5273397980278425,0.18894638801272468,0.0830371726336823,4.826766405660954,0.18540919150321794,0.060614989064646685,0.09728588182800516,0.07292661532957598,True
20260717,M3,case_td030_pa200_pp0_5_gamma_004__steady,cmaes,70,3.7164230738686594,0.15491738089150392,0.05837260251554572,4.826766405660954,0.18540919150321794,0.060614989064646685,0.26905946399530495,0.07292661532957598,True
20260717,M3,case_td030_pa200_pp0_5_gamma_004__steady,cmaes,71,4.716602043485921,0.17612636467797976,0.07786870190028494,4.826766405660954,0.18540919150321794,0.060614989064646685,0.09791736480447752,0.07292661532957598,True
20260717,M3,case_td030_pa200_pp0_5_gamma_004__steady,cmaes,72,4.333841582955231,0.13706863220729162,0.06084122085220952,4.826766405660954,0.18540919150321794,0.060614989064646685,0.22833238406846504,0.07292661532957598,True
20260717,M3,case_td030_pa200_pp0_5_gamma_004__steady,cmaes,73,4.369025112505408,0.18257921488058304,0.07818734249729556,4.826766405660954,0.18540919150321794,0.060614989064646685,0.12650996635217912,0.07292661532957598,True
20260717,M3,case_td030_pa200_pp0_5_gamma_004__steady,cmaes,74,4.676113039388763,0.19033855722064652,0.050142095639788595,4.826766405660954,0.18540919150321794,0.060614989064646685,0.08057919880767583,0.07292661532957598,True
20260717,M3,case_td030_pa200_pp0_5_gamma_004__steady,cmaes,75,4.42458126568006,0.18307203722749132,0.07081395680920548,4.826766405660954,0.18540919150321794,0.060614989064646685,0.11903726316898182,0.07292661532957598,True
20260717,M3,case_td030_pa200_pp0_5_gamma_004__steady,cmaes,76,4.645967468810989,0.19484276119110766,0.07118960584841029,4.826766405660954,0.18540919150321794,0.060614989064646685,0.07646837888252189,0.07292661532957598,True
20260717,M3,case_td030_pa200_pp0_5_gamma_004__steady,cmaes,77,4.532319001526416,0.1900551068897488,0.07832307762997683,4.826766405660954,0.18540919150321794,0.060614989064646685,0.09509925213751365,0.07292661532957598,True
20260717,M3,case_td030_pa200_pp0_5_gamma_004__steady,cmaes,78,4.938648337556567,0.1716402093465514,0.06574491419318608,4.826766405660954,0.18540919150321794,0.060614989064646685,0.08469390961944309,0.07292661532957598,True
20260717,M3,case_td030_pa200_pp0_5_gamma_004__steady,cmaes,79,4.425702308282045,0.18798229745698114,0.06074286505360852,4.826766405660954,0.18540919150321794,0.060614989064646685,0.11132634976832484,0.07292661532957598,True
20260717,M3,case_td030_pa200_pp0_5_gamma_004__steady,cmaes,80,4.264912526754575,0.15273765838249584,0.054838453648505925,4.826766405660954,0.18540919150321794,0.060614989064646685,0.19914622218645983,0.07292661532957598,True
20260717,M3,case_td030_pa200_pp0_5_gamma_004__steady,cmaes,81,4.64659140511506,0.1633315919927244,0.06438934380802094,4.826766405660954,0.18540919150321794,0.060614989064646685,0.13054531003448405,0.07292661532957598,True
20260717,M3,case_td030_pa200_pp0_5_gamma_004__steady,cmaes,82,4.977425042183006,0.14965605407076482,0.07297660679717816,4.826766405660954,0.18540919150321794,0.060614989064646685,0.1274160984836955,0.07292661532957598,True
20260717,M3,case_td030_pa200_pp0_5_gamma_004__steady,cmaes,83,4.655518292231961,0.1914229835042452,0.07419472126282031,4.826766405660954,0.18540919150321794,0.060614989064646685,0.08008160509848394,0.07292661532957598,True
20260717,M3,case_td030_pa200_pp0_5_gamma_004__steady,cmaes,84,4.690408441429806,0.19105167500766357,0.06318546978992315,4.826766405660954,0.18540919150321794,0.060614989064646685,0.07750741961632593,0.07292661532957598,True
20260717,M3,case_td030_pa200_pp0_5_gamma_004__steady,cmaes,85,4.388379679702748,0.17724612622586822,0.07080930875907673,4.826766405660954,0.18540919150321794,0.060614989064646685,0.1335542519110592,0.07292661532957598,True
20260717,M3,case_td030_pa200_pp0_5_gamma_004__steady,cmaes,86,4.093276823108011,0.18475047098441927,0.08348267438834042,4.826766405660954,0.18540919150321794,0.060614989064646685,0.15921820747180307,0.07292661532957598,True
20260717,M3,case_td030_pa200_pp0_5_gamma_004__steady,cmaes,87,4.316772778732444,0.1412691692670351,0.07300539361339815,4.826766405660954,0.18540919150321794,0.060614989064646685,0.21915831002350245,0.07292661532957598,True
20260717,M3,case_td030_pa200_pp0_5_gamma_004__steady,cmaes,88,4.411956705753079,0.19790016409215405,0.0705653543526409,4.826766405660954,0.18540919150321794,0.060614989064646685,0.09780768919738968,0.07292661532957598,True
20260717,M3,case_td030_pa200_pp0_5_gamma_004__steady,cmaes,89,4.200998825078841,0.19191259386810355,0.06657758303817958,4.826766405660954,0.18540919150321794,0.060614989064646685,0.13357765848806083,0.07292661532957598,True
20260717,M3,case_td030_pa200_pp0_5_gamma_004__steady,cmaes,90,4.510766741784631,0.18521972789560942,0.058776917677844716,4.826766405660954,0.18540919150321794,0.060614989064646685,0.10579673496966553,0.07292661532957598,True
20260717,M3,case_td030_pa200_pp0_5_gamma_004__steady,cmaes,91,4.937035667271353,0.1926192230087272,0.05822593421120813,4.937035667271353,0.1926192230087272,0.05822593421120813,0.056479172090204637,0.056479172090204637,True
20260717,M3,case_td030_pa200_pp0_5_gamma_004__steady,cmaes,92,4.719247521026038,0.1962118288317774,0.062101818269093334,4.937035667271353,0.1926192230087272,0.05822593421120813,0.06826917517258078,0.056479172090204637,True
20260717,M3,case_td030_pa200_pp0_5_gamma_004__steady,cmaes,93,4.75111967098117,0.18571489946238806,0.07225123935214034,4.937035667271353,0.1926192230087272,0.05822593421120813,0.07899878225436699,0.056479172090204637,True
20260717,M3,case_td030_pa200_pp0_5_gamma_004__steady,cmaes,94,4.676702027291733,0.17845632027279956,0.07805039433098104,4.937035667271353,0.1926192230087272,0.05822593421120813,0.09803793058662288,0.056479172090204637,True
20260717,M3,case_td030_pa200_pp0_5_gamma_004__steady,cmaes,95,4.794724520957596,0.18543221160828066,0.06318845817711745,4.937035667271353,0.1926192230087272,0.05822593421120813,0.07564676412366128,0.056479172090204637,True
20260717,M3,case_td030_pa200_pp0_5_gamma_004__steady,cmaes,96,4.65658121683569,0.19030758878958942,0.06934581214843344,4.937035667271353,0.1926192230087272,0.05822593421120813,0.08167697818879224,0.056479172090204637,True
20260717,M3,case_td030_pa200_pp0_5_gamma_004__steady,cmaes,97,4.67313061887719,0.194711844432096,0.06076557772255106,4.937035667271353,0.1926192230087272,0.05822593421120813,0.07438055439674111,0.056479172090204637,True
20260717,M3,case_td030_pa200_pp0_5_gamma_004__steady,cmaes,98,4.546033023431738,0.17052657894809947,0.07299379774781238,4.937035667271353,0.1926192230087272,0.05822593421120813,0.12713636592420322,0.056479172090204637,True
20260717,M3,case_td030_pa200_pp0_5_gamma_004__steady,cmaes,99,4.587086103538751,0.18107407001653902,0.051437382122013674,4.937035667271353,0.1926192230087272,0.05822593421120813,0.10442755708408269,0.056479172090204637,True
20260717,M3,case_td030_pa200_pp0_5_gamma_004__steady,cmaes,100,4.780628587699143,0.1969632243679567,0.06107246944022112,4.937035667271353,0.1926192230087272,0.05822593421120813,0.062473735880849736,0.056479172090204637,True
20260717,M3,case_td030_pa200_pp0_5_gamma_004__steady,tpe,1,3.0,0.125,0.07,3.0,0.125,0.07,0.4420755918508906,0.4420755918508906,True
20260717,M3,case_td030_pa200_pp0_5_gamma_004__steady,tpe,2,4.359197782792325,0.16526707114927602,0.08171976186743284,4.359197782792325,0.16526707114927602,0.08171976186743284,0.15968028364295542,0.15968028364295542,True
20260717,M3,case_td030_pa200_pp0_5_gamma_004__steady,tpe,3,2.8494398737750037,0.16647570606010523,0.04930229966503786,4.359197782792325,0.16526707114927602,0.08171976186743284,0.39237181223565315,0.15968028364295542,True
20260717,M3,case_td030_pa200_pp0_5_gamma_004__steady,tpe,4,1.8866669550185908,0.09531318205763972,0.07090248460495757,4.359197782792325,0.16526707114927602,0.08171976186743284,0.676155736353314,0.15968028364295542,True
20260717,M3,case_td030_pa200_pp0_5_gamma_004__steady,tpe,5,1.0623053746083708,0.14476725339158025,0.09006567974996015,4.359197782792325,0.16526707114927602,0.08171976186743284,0.7446358719325763,0.15968028364295542,True
20260717,M3,case_td030_pa200_pp0_5_gamma_004__steady,tpe,6,1.9920430368089073,0.11130599200829222,0.09140706077126345,4.359197782792325,0.16526707114927602,0.08171976186743284,0.6319210133219615,0.15968028364295542,True
20260717,M3,case_td030_pa200_pp0_5_gamma_004__steady,tpe,7,4.66524874459135,0.07933243699214262,0.07177828592797723,4.359197782792325,0.16526707114927602,0.08171976186743284,0.38279551709905857,0.15968028364295542,True
20260717,M3,case_td030_pa200_pp0_5_gamma_004__steady,tpe,8,1.5294921585201857,0.13100844721032806,0.09552391807271449,4.359197782792325,0.16526707114927602,0.08171976186743284,0.6809210584781428,0.15968028364295542,True
20260717,M3,case_td030_pa200_pp0_5_gamma_004__steady,tpe,9,1.574896719604685,0.12163281117863957,0.04094496676657192,4.359197782792325,0.16526707114927602,0.08171976186743284,0.6867061185704629,0.15968028364295542,True
20260717,M3,case_td030_pa200_pp0_5_gamma_004__steady,tpe,10,1.4061732696109392,0.13293964235215971,0.08356674399267237,4.359197782792325,0.16526707114927602,0.08171976186743284,0.6996814216620684,0.15968028364295542,True
20260717,M3,case_td030_pa200_pp0_5_gamma_004__steady,tpe,11,1.3347464435768561,0.1072150435763746,0.0728790947424044,4.359197782792325,0.16526707114927602,0.08171976186743284,0.7404925067857486,0.15968028364295542,True
20260717,M3,case_td030_pa200_pp0_5_gamma_004__steady,tpe,12,4.72256883360801,0.18702757510618412,0.09739535457361943,4.72256883360801,0.18702757510618412,0.09739535457361943,0.07972012899592247,0.07972012899592247,True
20260717,M3,case_td030_pa200_pp0_5_gamma_004__steady,tpe,13,3.5984602619098336,0.1636853212220935,0.09414178672117435,4.72256883360801,0.18702757510618412,0.09739535457361943,0.26902454609017035,0.07972012899592247,True
20260717,M3,case_td030_pa200_pp0_5_gamma_004__steady,tpe,14,1.8125300162964746,0.17383530252151969,0.06151430730014642,4.72256883360801,0.18702757510618412,0.09739535457361943,0.5814804665530651,0.07972012899592247,True
20260717,M3,case_td030_pa200_pp0_5_gamma_004__steady,tpe,15,4.036363750979274,0.16968982937073193,0.059692671415084386,4.72256883360801,0.18702757510618412,0.09739535457361943,0.19427687311805802,0.07972012899592247,True
20260717,M3,case_td030_pa200_pp0_5_gamma_004__steady,tpe,16,4.750464095412359,0.19246208418855543,0.09533238165427356,4.750464095412359,0.19246208418855543,0.09533238165427356,0.0697064270894737,0.0697064270894737,True
20260717,M3,case_td030_pa200_pp0_5_gamma_004__steady,tpe,17,4.992294820289732,0.18203817767465888,0.09309204272203075,4.992294820289732,0.18203817767465888,0.09309204272203075,0.06390751474810324,0.06390751474810324,True
20260717,M3,case_td030_pa200_pp0_5_gamma_004__steady,tpe,18,4.991699770590732,0.11094441092587662,0.09152335203385185,4.992294820289732,0.18203817767465888,0.09309204272203075,0.23951615074810637,0.06390751474810324,True
20260717,M3,case_td030_pa200_pp0_5_gamma_004__steady,tpe,19,2.914395149704451,0.19888615288149353,0.07921974287127101,4.992294820289732,0.18203817767465888,0.09309204272203075,0.3340686091754878,0.06390751474810324,True
20260717,M3,case_td030_pa200_pp0_5_gamma_004__steady,tpe,20,4.3397396402765995,0.19592090516906024,0.07075032388320478,4.992294820289732,0.18203817767465888,0.09309204272203075,0.10943805046420947,0.06390751474810324,True
20260717,M3,case_td030_pa200_pp0_5_gamma_004__steady,tpe,21,4.913985971707526,0.1378836029809782,0.0589649482665936,4.992294820289732,0.18203817767465888,0.09309204272203075,0.1644252111182447,0.06390751474810324,True
20260717,M3,case_td030_pa200_pp0_5_gamma_004__steady,tpe,22,4.968335504041101,0.18795460173310236,0.09456890428291986,4.968335504041101,0.18795460173310236,0.09456890428291986,0.05865463101481814,0.05865463101481814,True
20260717,M3,case_td030_pa200_pp0_5_gamma_004__steady,tpe,23,4.963113399901969,0.19296317512067968,0.09205995141299399,4.963113399901969,0.19296317512067968,0.09205995141299399,0.05441822438382396,0.05441822438382396,True
20260717,M3,case_td030_pa200_pp0_5_gamma_004__steady,tpe,24,4.722854475338292,0.14699977634994899,0.09312934348450874,4.963113399901969,0.19296317512067968,0.09205995141299399,0.15919631520362634,0.05441822438382396,True
20260717,M3,case_td030_pa200_pp0_5_gamma_004__steady,tpe,25,4.962602500995192,0.1564698185184466,0.08151205943132231,4.963113399901969,0.19296317512067968,0.09205995141299399,0.11274481038833889,0.05441822438382396,True
20260717,M3,case_td030_pa200_pp0_5_gamma_004__steady,tpe,26,4.768233759022282,0.1928870653006418,0.0815450731186711,4.963113399901969,0.19296317512067968,0.09205995141299399,0.0676257560113572,0.05441822438382396,True
20260717,M3,case_td030_pa200_pp0_5_gamma_004__steady,tpe,27,3.9471944619233663,0.1880372115167751,0.09759037787600651,4.963113399901969,0.19296317512067968,0.09205995141299399,0.17486050020268282,0.05441822438382396,True
20260717,M3,case_td030_pa200_pp0_5_gamma_004__steady,tpe,28,3.390736651752341,0.08313254723500596,0.05280405922306018,4.963113399901969,0.19296317512067968,0.09205995141299399,0.5003428707739475,0.05441822438382396,True
20260717,M3,case_td030_pa200_pp0_5_gamma_004__steady,tpe,29,4.994639128124318,0.06080473262107934,0.046864528495597885,4.963113399901969,0.19296317512067968,0.09205995141299399,0.43157038768896955,0.05441822438382396,True
20260717,M3,case_td030_pa200_pp0_5_gamma_004__steady,tpe,30,3.5228844206951644,0.10780162579050354,0.09609814276524596,4.963113399901969,0.19296317512067968,0.09205995141299399,0.40908045059301656,0.05441822438382396,True
20260717,M3,case_td030_pa200_pp0_5_gamma_004__steady,tpe,31,4.872700114627087,0.19975154171839835,0.0953815139484886,4.872700114627087,0.19975154171839835,0.0953815139484886,0.05391658145682731,0.05391658145682731,True
20260717,M3,case_td030_pa200_pp0_5_gamma_004__steady,tpe,32,4.860448144861289,0.1961968508419488,0.09131053807278383,4.872700114627087,0.19975154171839835,0.0953815139484886,0.057340984825702754,0.05391658145682731,True
20260717,M3,case_td030_pa200_pp0_5_gamma_004__steady,tpe,33,4.835446710614102,0.19404607083230435,0.08665871961335589,4.872700114627087,0.19975154171839835,0.0953815139484886,0.06106350660257487,0.05391658145682731,True
20260717,M3,case_td030_pa200_pp0_5_gamma_004__steady,tpe,34,4.748064586136393,0.1979591668484953,0.09712650060355377,4.872700114627087,0.19975154171839835,0.0953815139484886,0.0635368415214121,0.05391658145682731,True
20260717,M3,case_td030_pa200_pp0_5_gamma_004__steady,tpe,35,3.9072067991844976,0.054195979405066236,0.09151627893945882,4.872700114627087,0.19975154171839835,0.0953815139484886,0.5439280381354752,0.05391658145682731,True
20260717,M3,case_td030_pa200_pp0_5_gamma_004__steady,tpe,36,4.933440232523905,0.16002515540608478,0.09965911678864711,4.872700114627087,0.19975154171839835,0.0953815139484886,0.10789423661742063,0.05391658145682731,True
20260717,M3,case_td030_pa200_pp0_5_gamma_004__steady,tpe,37,4.208435299679854,0.19397423627761395,0.08517547207262902,4.872700114627087,0.19975154171839835,0.0953815139484886,0.1290316906085434,0.05391658145682731,True
20260717,M3,case_td030_pa200_pp0_5_gamma_004__steady,tpe,38,4.8842485739220365,0.19472129413796935,0.09617045015647054,4.872700114627087,0.19975154171839835,0.0953815139484886,0.05725706390306236,0.05391658145682731,True
20260717,M3,case_td030_pa200_pp0_5_gamma_004__steady,tpe,39,4.583485767318118,0.19964400248462366,0.088220561477045,4.872700114627087,0.19975154171839835,0.0953815139484886,0.0763166798725885,0.05391658145682731,True
20260717,M3,case_td030_pa200_pp0_5_gamma_004__steady,tpe,40,4.800558624075958,0.19416495251166005,0.08846623995618656,4.872700114627087,0.19975154171839835,0.0953815139484886,0.0635155346079676,0.05391658145682731,True
20260717,M3,case_td030_pa200_pp0_5_gamma_004__steady,tpe,41,2.397397697781061,0.055445613794976395,0.04540236868813098,4.872700114627087,0.19975154171839835,0.0953815139484886,0.6953586260696157,0.05391658145682731,True
20260717,M3,case_td030_pa200_pp0_5_gamma_004__steady,tpe,42,4.990650880367805,0.19498065647021887,0.09780910384194885,4.990650880367805,0.19498065647021887,0.09780910384194885,0.05197578805765348,0.05197578805765348,True
20260717,M3,case_td030_pa200_pp0_5_gamma_004__steady,tpe,43,4.441519773379798,0.19463338258617144,0.09666278149881145,4.990650880367805,0.19498065647021887,0.09780910384194885,0.0987731666587097,0.05197578805765348,True
20260717,M3,case_td030_pa200_pp0_5_gamma_004__steady,tpe,44,4.983742526316359,0.19806736751002932,0.09130368746667433,4.983742526316359,0.19806736751002932,0.09130368746667433,0.05071010778759677,0.05071010778759677,True
20260717,M3,case_td030_pa200_pp0_5_gamma_004__steady,tpe,45,3.734087901512298,0.12931638350004912,0.040597882175644,4.983742526316359,0.19806736751002932,0.09130368746667433,0.32574722249646737,0.05071010778759677,True
20260717,M3,case_td030_pa200_pp0_5_gamma_004__steady,tpe,46,4.850429196012082,0.17796222931724065,0.0986259368010206,4.983742526316359,0.19806736751002932,0.09130368746667433,0.08170038668574635,0.05071010778759677,True
20260717,M3,case_td030_pa200_pp0_5_gamma_004__steady,tpe,47,4.756393420847689,0.19950012086611485,0.09816658610554134,4.983742526316359,0.19806736751002932,0.09130368746667433,0.061330777261023504,0.05071010778759677,True
20260717,M3,case_td030_pa200_pp0_5_gamma_004__steady,tpe,48,1.7678794303762346,0.05798147876131381,0.06445900439377567,4.983742526316359,0.19806736751002932,0.09130368746667433,0.7593178111743785,0.05071010778759677,True
20260717,M3,case_td030_pa200_pp0_5_gamma_004__steady,tpe,49,4.873851761027459,0.16406269953292224,0.08545706936174866,4.983742526316359,0.19806736751002932,0.09130368746667433,0.1049593562569366,0.05071010778759677,True
20260717,M3,case_td030_pa200_pp0_5_gamma_004__steady,tpe,50,3.965877496579692,0.19694817951568994,0.08987423716586164,4.983742526316359,0.19806736751002932,0.09130368746667433,0.1586306835569093,0.05071010778759677,True
20260717,M3,case_td030_pa200_pp0_5_gamma_004__steady,tpe,51,1.1687837023123235,0.195063994902675,0.044090257632503106,4.983742526316359,0.19806736751002932,0.09130368746667433,0.6859862139266324,0.05071010778759677,True
20260717,M3,case_td030_pa200_pp0_5_gamma_004__steady,tpe,52,4.976484495406863,0.1924181416305352,0.0906484712912047,4.983742526316359,0.19806736751002932,0.09130368746667433,0.05418986270283973,0.05071010778759677,True
20260717,M3,case_td030_pa200_pp0_5_gamma_004__steady,tpe,53,4.67377048602539,0.1986775106844002,0.09255773069283829,4.983742526316359,0.19806736751002932,0.09130368746667433,0.06892860489205409,0.05071010778759677,True
20260717,M3,case_td030_pa200_pp0_5_gamma_004__steady,tpe,54,1.2487401455740743,0.08401858671477841,0.0976963846487504,4.983742526316359,0.19806736751002932,0.09130368746667433,0.7801613083767703,0.05071010778759677,True
20260717,M3,case_td030_pa200_pp0_5_gamma_004__steady,tpe,55,4.7497041962025275,0.1992421612910198,0.09850304749953138,4.983742526316359,0.19806736751002932,0.09130368746667433,0.06209620153421807,0.05071010778759677,True
20260717,M3,case_td030_pa200_pp0_5_gamma_004__steady,tpe,56,2.9050698166277997,0.07923337535142047,0.07969348588717304,4.983742526316359,0.19806736751002932,0.09130368746667433,0.5704810079328034,0.05071010778759677,True
20260717,M3,case_td030_pa200_pp0_5_gamma_004__steady,tpe,57,4.976164910141243,0.19153243359338523,0.07486918589862329,4.983742526316359,0.19806736751002932,0.09130368746667433,0.05496092622898961,0.05071010778759677,True
20260717,M3,case_td030_pa200_pp0_5_gamma_004__steady,tpe,58,4.987724198494319,0.18159640064496937,0.06899191818694303,4.983742526316359,0.19806736751002932,0.09130368746667433,0.06498453382401626,0.05071010778759677,True
20260717,M3,case_td030_pa200_pp0_5_gamma_004__steady,tpe,59,4.812168752183238,0.18863413373295893,0.07901415501603817,4.983742526316359,0.19806736751002932,0.09130368746667433,0.06930829692143042,0.05071010778759677,True
20260717,M3,case_td030_pa200_pp0_5_gamma_004__steady,tpe,60,4.915044800582699,0.17781230624097755,0.08182332633768677,4.983742526316359,0.19806736751002932,0.09130368746667433,0.07606318772196283,0.05071010778759677,True
20260717,M3,case_td030_pa200_pp0_5_gamma_004__steady,tpe,61,4.952099217771056,0.19300583917568115,0.07239667007167375,4.983742526316359,0.19806736751002932,0.09130368746667433,0.055021231669913025,0.05071010778759677,True
20260717,M3,case_td030_pa200_pp0_5_gamma_004__steady,tpe,62,4.693922218674699,0.18663437119516635,0.07359549073893967,4.983742526316359,0.19806736751002932,0.09130368746667433,0.0831791125576318,0.05071010778759677,True
20260717,M3,case_td030_pa200_pp0_5_gamma_004__steady,tpe,63,4.836053313112366,0.18078038806874544,0.06488231189860186,4.983742526316359,0.19806736751002932,0.09130368746667433,0.0787914703112985,0.05071010778759677,True
20260717,M3,case_td030_pa200_pp0_5_gamma_004__steady,tpe,64,4.9667516303839,0.1976035240099765,0.06709568970746224,4.983742526316359,0.19806736751002932,0.09130368746667433,0.05152906194565964,0.05071010778759677,True
20260717,M3,case_td030_pa200_pp0_5_gamma_004__steady,tpe,65,4.132423451124562,0.1928709107366847,0.0658710297881389,4.983742526316359,0.19806736751002932,0.09130368746667433,0.14146437613057528,0.05071010778759677,True
20260717,M3,case_td030_pa200_pp0_5_gamma_004__steady,tpe,66,4.964330507505969,0.1868371273595853,0.08717401052590162,4.983742526316359,0.19806736751002932,0.09130368746667433,0.06005445457459416,0.05071010778759677,True
20260717,M3,case_td030_pa200_pp0_5_gamma_004__steady,tpe,67,2.761166704895729,0.1935542336539645,0.053044810984503095,4.983742526316359,0.19806736751002932,0.09130368746667433,0.37093820863322907,0.05071010778759677,True
20260717,M3,case_td030_pa200_pp0_5_gamma_004__steady,tpe,68,3.1259566361401996,0.13227519580370287,0.06972826604548009,4.983742526316359,0.19806736751002932,0.09130368746667433,0.4064462990415659,0.05071010778759677,True
20260717,M3,case_td030_pa200_pp0_5_gamma_004__steady,tpe,69,4.959652332845616,0.16562234206144383,0.046627802160631865,4.983742526316359,0.19806736751002932,0.09130368746667433,0.09510904527820245,0.05071010778759677,True
20260717,M3,case_td030_pa200_pp0_5_gamma_004__steady,tpe,70,4.873997977338204,0.1941210951973121,0.07562327313380057,4.983742526316359,0.19806736751002932,0.09130368746667433,0.05847084394405693,0.05071010778759677,True
20260717,M3,case_td030_pa200_pp0_5_gamma_004__steady,tpe,71,4.925648060142625,0.19782006251263656,0.08178169901380916,4.983742526316359,0.19806736751002932,0.09130368746667433,0.05277369085153035,0.05071010778759677,True
20260717,M3,case_td030_pa200_pp0_5_gamma_004__steady,tpe,72,4.069221244907889,0.1677048881174028,0.08099030302503882,4.983742526316359,0.19806736751002932,0.09130368746667433,0.19272139098678825,0.05071010778759677,True
20260717,M3,case_td030_pa200_pp0_5_gamma_004__steady,tpe,73,1.1433982483141234,0.18309900832539472,0.0785340875287492,4.983742526316359,0.19806736751002932,0.09130368746667433,0.6997626967103947,0.05071010778759677,True
20260717,M3,case_td030_pa200_pp0_5_gamma_004__steady,tpe,74,4.979284161914462,0.1868818026737844,0.0824328139350282,4.983742526316359,0.19806736751002932,0.09130368746667433,0.05906939089152575,0.05071010778759677,True
20260717,M3,case_td030_pa200_pp0_5_gamma_004__steady,tpe,75,4.914956537417346,0.19888891818659693,0.09586513791366855,4.983742526316359,0.19806736751002932,0.09130368746667433,0.05259399002441921,0.05071010778759677,True
20260717,M3,case_td030_pa200_pp0_5_gamma_004__steady,tpe,76,4.9406062004862,0.19166911815231202,0.0954579087237924,4.983742526316359,0.19806736751002932,0.09130368746667433,0.056708344289390505,0.05071010778759677,True
20260717,M3,case_td030_pa200_pp0_5_gamma_004__steady,tpe,77,3.81274828632659,0.16472443360881123,0.09994339578635722,4.983742526316359,0.19806736751002932,0.09130368746667433,0.2348184680662732,0.05071010778759677,True
20260717,M3,case_td030_pa200_pp0_5_gamma_004__steady,tpe,78,4.827116661265424,0.19834476917529248,0.09403574395056001,4.983742526316359,0.19806736751002932,0.09130368746667433,0.05752667409819253,0.05071010778759677,True
20260717,M3,case_td030_pa200_pp0_5_gamma_004__steady,tpe,79,4.962917420828953,0.15363440421883742,0.0943936462055125,4.983742526316359,0.19806736751002932,0.09130368746667433,0.11928270275110398,0.05071010778759677,True
20260717,M3,case_td030_pa200_pp0_5_gamma_004__steady,tpe,80,4.654877976069671,0.19940280528801155,0.05759736543622894,4.983742526316359,0.19806736751002932,0.09130368746667433,0.07043686656126258,0.05071010778759677,True
20260717,M3,case_td030_pa200_pp0_5_gamma_004__steady,tpe,81,4.885004741781963,0.17119065094155506,0.09321369079897157,4.983742526316359,0.19806736751002932,0.09130368746667433,0.09011967706642521,0.05071010778759677,True
20260717,M3,case_td030_pa200_pp0_5_gamma_004__steady,tpe,82,4.850205072502955,0.19493909486321512,0.09060728847769743,4.983742526316359,0.19806736751002932,0.09130368746667433,0.05915902183007117,0.05071010778759677,True
20260717,M3,case_td030_pa200_pp0_5_gamma_004__steady,tpe,83,4.922123471628124,0.1944253682827274,0.08126162712617616,4.983742526316359,0.19806736751002932,0.09130368746667433,0.055340290052540764,0.05071010778759677,True
20260717,M3,case_td030_pa200_pp0_5_gamma_004__steady,tpe,84,4.645793871809872,0.1987096879691899,0.08296210501873641,4.983742526316359,0.19806736751002932,0.09130368746667433,0.07143451003835541,0.05071010778759677,True
20260717,M3,case_td030_pa200_pp0_5_gamma_004__steady,tpe,85,3.756041505553109,0.19955674372789936,0.09967567700724836,4.983742526316359,0.19806736751002932,0.09130368746667433,0.18687716800403506,0.05071010778759677,True
20260717,M3,case_td030_pa200_pp0_5_gamma_004__steady,tpe,86,4.936515902091946,0.179560556061267,0.09811903990723383,4.983742526316359,0.19806736751002932,0.09130368746667433,0.07168627675227524,0.05071010778759677,True
20260717,M3,case_td030_pa200_pp0_5_gamma_004__steady,tpe,87,4.977878438941843,0.191592109926198,0.09346480758465131,4.983742526316359,0.19806736751002932,0.09130368746667433,0.054779240392336226,0.05071010778759677,True
20260717,M3,case_td030_pa200_pp0_5_gamma_004__steady,tpe,88,4.9498594996856715,0.1959845404504802,0.09689368538187136,4.983742526316359,0.19806736751002932,0.09130368746667433,0.052937517560500566,0.05071010778759677,True
20260717,M3,case_td030_pa200_pp0_5_gamma_004__steady,tpe,89,2.1113936852013886,0.10227895981440742,0.053110962464119685,4.983742526316359,0.19806736751002932,0.09130368746667433,0.6304932928474994,0.05071010778759677,True
20260717,M3,case_td030_pa200_pp0_5_gamma_004__steady,tpe,90,4.960244946500653,0.19934380047189426,0.09074558623731319,4.983742526316359,0.19806736751002932,0.09130368746667433,0.050826046717699025,0.05071010778759677,True
20260717,M3,case_td030_pa200_pp0_5_gamma_004__steady,tpe,91,4.9477695425549335,0.18903346017772382,0.09613724263832758,4.983742526316359,0.19806736751002932,0.09130368746667433,0.05883363184117498,0.05071010778759677,True
20260717,M3,case_td030_pa200_pp0_5_gamma_004__steady,tpe,92,4.979712225499966,0.19635094557748417,0.08770958339239922,4.983742526316359,0.19806736751002932,0.09130368746667433,0.05158154927725979,0.05071010778759677,True
20260717,M3,case_td030_pa200_pp0_5_gamma_004__steady,tpe,93,4.45627233310738,0.19978766474142678,0.0895362711753108,4.983742526316359,0.19806736751002932,0.09130368746667433,0.08981116612964576,0.05071010778759677,True
20260717,M3,case_td030_pa200_pp0_5_gamma_004__steady,tpe,94,4.890391281553566,0.19847205958785324,0.08649925770605606,4.983742526316359,0.19806736751002932,0.09130368746667433,0.05390630344473251,0.05071010778759677,True
20260717,M3,case_td030_pa200_pp0_5_gamma_004__steady,tpe,95,4.415527872754883,0.11175869347135528,0.07513624827558886,4.983742526316359,0.19806736751002932,0.09130368746667433,0.2918624999775292,0.05071010778759677,True
20260717,M3,case_td030_pa200_pp0_5_gamma_004__steady,tpe,96,4.307082836628936,0.19892357670799704,0.08525339379014561,4.983742526316359,0.19806736751002932,0.09130368746667433,0.10898899016364125,0.05071010778759677,True
20260717,M3,case_td030_pa200_pp0_5_gamma_004__steady,tpe,97,4.979244757485386,0.1971623877919519,0.09521882493529649,4.983742526316359,0.19806736751002932,0.09130368746667433,0.05122841993632872,0.05071010778759677,True
20260717,M3,case_td030_pa200_pp0_5_gamma_004__steady,tpe,98,4.942832749218292,0.19204787943839305,0.09397777342290957,4.983742526316359,0.19806736751002932,0.09130368746667433,0.05623268945998421,0.05071010778759677,True
20260717,M3,case_td030_pa200_pp0_5_gamma_004__steady,tpe,99,3.661602785848233,0.050183169967061736,0.06804183276664522,4.983742526316359,0.19806736751002932,0.09130368746667433,0.5808892418410784,0.05071010778759677,True
20260717,M3,case_td030_pa200_pp0_5_gamma_004__steady,tpe,100,4.977703223230606,0.1953664426684854,0.08529673690577591,4.983742526316359,0.19806736751002932,0.09130368746667433,0.05218071935343407,0.05071010778759677,True
20260717,M3,case_td030_pa200_pp0_5_gamma_004__steady,random,1,3.0,0.125,0.07,3.0,0.125,0.07,0.4420755918508906,0.4420755918508906,True
20260717,M3,case_td030_pa200_pp0_5_gamma_004__steady,random,2,1.6776620392355244,0.11575040968926807,0.06624447621596893,3.0,0.125,0.07,0.6767519424081434,0.4420755918508906,True
20260717,M3,case_td030_pa200_pp0_5_gamma_004__steady,random,3,1.5959260303746046,0.050297496951888225,0.07345443056440273,3.0,0.125,0.07,0.7910211735277772,0.4420755918508906,True
20260717,M3,case_td030_pa200_pp0_5_gamma_004__steady,random,4,2.039655038000501,0.12338418809546174,0.08448905726404307,3.0,0.125,0.07,0.6044922611057799,0.4420755918508906,True
20260717,M3,case_td030_pa200_pp0_5_gamma_004__steady,random,5,2.91501004034009,0.11253375909876379,0.0778403040100776,3.0,0.125,0.07,0.4832229114340109,0.4420755918508906,True
20260717,M3,case_td030_pa200_pp0_5_gamma_004__steady,random,6,2.474736489494175,0.17520398927845038,0.04760641760551128,3.0,0.125,0.07,0.4503567930394717,0.4420755918508906,True
20260717,M3,case_td030_pa200_pp0_5_gamma_004__steady,random,7,1.1925576184062585,0.14259804302354126,0.07487505970508168,3.0,0.125,0.07,0.7256827942056223,0.4420755918508906,True
20260717,M3,case_td030_pa200_pp0_5_gamma_004__steady,random,8,1.152783325243036,0.07962469584992116,0.09913239110336924,3.0,0.125,0.07,0.7974089780752419,0.4420755918508906,True
20260717,M3,case_td030_pa200_pp0_5_gamma_004__steady,random,9,1.8732231460764863,0.19714130033631994,0.06901428136277644,3.0,0.125,0.07,0.5444995103169669,0.4420755918508906,True
20260717,M3,case_td030_pa200_pp0_5_gamma_004__steady,random,10,4.302117414678983,0.07809394877907382,0.08343296864049997,4.302117414678983,0.07809394877907382,0.08343296864049997,0.41968308013047706,0.41968308013047706,True
20260717,M3,case_td030_pa200_pp0_5_gamma_004__steady,random,11,3.6065991118275296,0.11536592284806321,0.07944518904344874,3.6065991118275296,0.11536592284806321,0.07944518904344874,0.3772451471903531,0.3772451471903531,True
20260717,M3,case_td030_pa200_pp0_5_gamma_004__steady,random,12,1.2786814339175456,0.18116421199160726,0.05067635143843477,3.6065991118275296,0.11536592284806321,0.07944518904344874,0.6771630934356259,0.3772451471903531,True
20260717,M3,case_td030_pa200_pp0_5_gamma_004__steady,random,13,2.5876643174132745,0.1122762641325312,0.045167519899151645,3.6065991118275296,0.11536592284806321,0.07944518904344874,0.536270229600316,0.3772451471903531,True
20260717,M3,case_td030_pa200_pp0_5_gamma_004__steady,random,14,4.099196863667942,0.1260186759486101,0.048974110941203866,4.099196863667942,0.1260186759486101,0.048974110941203866,0.28667268129853024,0.28667268129853024,True
20260717,M3,case_td030_pa200_pp0_5_gamma_004__steady,random,15,3.124046308136611,0.16587701522265305,0.08738518507785695,4.099196863667942,0.1260186759486101,0.048974110941203866,0.3431122561821052,0.28667268129853024,True
20260717,M3,case_td030_pa200_pp0_5_gamma_004__steady,random,16,3.6578902700182674,0.13674133904143543,0.08066089850570224,4.099196863667942,0.1260186759486101,0.048974110941203866,0.3161947919051293,0.28667268129853024,True
20260717,M3,case_td030_pa200_pp0_5_gamma_004__steady,random,17,2.9688350750377324,0.09618233119650627,0.09435207716817084,4.099196863667942,0.1260186759486101,0.048974110941203866,0.5157650545548533,0.28667268129853024,True
20260717,M3,case_td030_pa200_pp0_5_gamma_004__steady,random,18,2.07592271752667,0.09095283200965662,0.05039558254095578,4.099196863667942,0.1260186759486101,0.048974110941203866,0.6575230375816933,0.28667268129853024,True
20260717,M3,case_td030_pa200_pp0_5_gamma_004__steady,random,19,1.9180804316079985,0.17102412965865468,0.07355363948254731,4.099196863667942,0.1260186759486101,0.048974110941203866,0.5635362790700668,0.28667268129853024,True
20260717,M3,case_td030_pa200_pp0_5_gamma_004__steady,random,20,4.654964745692982,0.14395913532133367,0.07279132575173006,4.654964745692982,0.14395913532133367,0.07279132575173006,0.1741069691463048,0.1741069691463048,True
20260717,M3,case_td030_pa200_pp0_5_gamma_004__steady,random,21,2.579703201688687,0.06848667982977916,0.09721858371681419,4.654964745692982,0.14395913532133367,0.07279132575173006,0.6393640869386744,0.1741069691463048,True
20260717,M3,case_td030_pa200_pp0_5_gamma_004__steady,random,22,2.229019133835946,0.1787950224070174,0.06660525331327065,4.654964745692982,0.14395913532133367,0.07279132575173006,0.4930924474028739,0.1741069691463048,True
20260717,M3,case_td030_pa200_pp0_5_gamma_004__steady,random,23,3.0311154445727637,0.1698752380790266,0.04935033394452971,4.654964745692982,0.14395913532133367,0.07279132575173006,0.354506689288947,0.1741069691463048,True
20260717,M3,case_td030_pa200_pp0_5_gamma_004__steady,random,24,3.6933116019869794,0.17891365072390314,0.08712124856140957,4.654964745692982,0.14395913532133367,0.07279132575173006,0.22784609185369067,0.1741069691463048,True
20260717,M3,case_td030_pa200_pp0_5_gamma_004__steady,random,25,2.3573772973084273,0.18885021855422812,0.041892954968329045,4.654964745692982,0.14395913532133367,0.07279132575173006,0.4565919926049402,0.1741069691463048,True
20260717,M3,case_td030_pa200_pp0_5_gamma_004__steady,random,26,2.5180113718375154,0.09413259289931569,0.04719653079812625,4.654964745692982,0.14395913532133367,0.07279132575173006,0.5868086846960002,0.1741069691463048,True
20260717,M3,case_td030_pa200_pp0_5_gamma_004__steady,random,27,3.65724680774233,0.14401603418712444,0.0613566262485498,4.654964745692982,0.14395913532133367,0.07279132575173006,0.30054050151609485,0.1741069691463048,True
20260717,M3,case_td030_pa200_pp0_5_gamma_004__steady,random,28,1.55177591905121,0.09288038864510363,0.05664059359698387,4.654964745692982,0.14395913532133367,0.07279132575173006,0.7289179292248569,0.1741069691463048,True
20260717,M3,case_td030_pa200_pp0_5_gamma_004__steady,random,29,3.7999014459402534,0.14728639873920096,0.08523288944003653,4.654964745692982,0.14395913532133367,0.07279132575173006,0.27214032987485937,0.1741069691463048,True
20260717,M3,case_td030_pa200_pp0_5_gamma_004__steady,random,30,2.0186266178419263,0.06015836474078849,0.05206366578903118,4.654964745692982,0.14395913532133367,0.07279132575173006,0.7271621013302155,0.1741069691463048,True
20260717,M3,case_td030_pa200_pp0_5_gamma_004__steady,random,31,1.3095238920807653,0.10172168554036723,0.04078993315938826,4.654964745692982,0.14395913532133367,0.07279132575173006,0.7519528258416236,0.1741069691463048,True
20260717,M3,case_td030_pa200_pp0_5_gamma_004__steady,random,32,3.3082876001606265,0.188723904411711,0.06496470916617669,4.654964745692982,0.14395913532133367,0.07279132575173006,0.276731548061173,0.1741069691463048,True
20260717,M3,case_td030_pa200_pp0_5_gamma_004__steady,random,33,1.909244794349144,0.17535939021682717,0.07845812726325106,4.654964745692982,0.14395913532133367,0.07279132575173006,0.5602925918062562,0.1741069691463048,True
20260717,M3,case_td030_pa200_pp0_5_gamma_004__steady,random,34,1.1660370992860853,0.09945233177130461,0.07418096108534675,4.654964745692982,0.14395913532133367,0.07279132575173006,0.77329608664217,0.1741069691463048,True
20260717,M3,case_td030_pa200_pp0_5_gamma_004__steady,random,35,2.0916289584753143,0.1965950394776661,0.07109613287815883,4.654964745692982,0.14395913532133367,0.07279132575173006,0.5002967394172673,0.1741069691463048,True
20260717,M3,case_td030_pa200_pp0_5_gamma_004__steady,random,36,3.767282488811941,0.11042757631778066,0.06797968884596596,4.654964745692982,0.14395913532133367,0.07279132575173006,0.3707149227634937,0.1741069691463048,True
20260717,M3,case_td030_pa200_pp0_5_gamma_004__steady,random,37,1.0103559953978154,0.19725397115947801,0.08898995803848203,4.654964745692982,0.14395913532133367,0.07279132575173006,0.7125245958469353,0.1741069691463048,True
20260717,M3,case_td030_pa200_pp0_5_gamma_004__steady,random,38,4.203979313753729,0.1976939005363504,0.09926504380263242,4.203979313753729,0.1976939005363504,0.09926504380263242,0.12427164026810684,0.12427164026810684,True
20260717,M3,case_td030_pa200_pp0_5_gamma_004__steady,random,39,1.1223152589107674,0.11137433721679249,0.0815372686739532,4.203979313753729,0.1976939005363504,0.09926504380263242,0.766450565467151,0.12427164026810684,True
20260717,M3,case_td030_pa200_pp0_5_gamma_004__steady,random,40,3.485892997633531,0.06820852665862448,0.047768830797843956,4.203979313753729,0.1976939005363504,0.09926504380263242,0.5379723258243049,0.12427164026810684,True
20260717,M3,case_td030_pa200_pp0_5_gamma_004__steady,random,41,2.5025247779239757,0.16772981712341328,0.059401280745193,4.203979313753729,0.1976939005363504,0.09926504380263242,0.45452874768870716,0.12427164026810684,True
20260717,M3,case_td030_pa200_pp0_5_gamma_004__steady,random,42,4.530739373886471,0.1946502466540883,0.04417389419000799,4.530739373886471,0.1946502466540883,0.04417389419000799,0.09016287639581867,0.09016287639581867,True
20260717,M3,case_td030_pa200_pp0_5_gamma_004__steady,random,43,3.4700819540531027,0.1920149751147237,0.09645152574996521,4.530739373886471,0.1946502466540883,0.04417389419000799,0.24393007291303032,0.09016287639581867,True
20260717,M3,case_td030_pa200_pp0_5_gamma_004__steady,random,44,4.644100816838076,0.1656100343448233,0.07784328014899332,4.530739373886471,0.1946502466540883,0.04417389419000799,0.12571728823872744,0.09016287639581867,True
20260717,M3,case_td030_pa200_pp0_5_gamma_004__steady,random,45,4.627422682453559,0.1464833099980773,0.04851933047746257,4.530739373886471,0.1946502466540883,0.04417389419000799,0.17197962019592536,0.09016287639581867,True
20260717,M3,case_td030_pa200_pp0_5_gamma_004__steady,random,46,3.6189218408978494,0.0565269956046503,0.08388607631494621,4.530739373886471,0.1946502466540883,0.04417389419000799,0.5624774049584862,0.09016287639581867,True
20260717,M3,case_td030_pa200_pp0_5_gamma_004__steady,random,47,3.04756183352892,0.17568085469803157,0.04055453991079707,4.530739373886471,0.1946502466540883,0.04417389419000799,0.3433408454892821,0.09016287639581867,True
20260717,M3,case_td030_pa200_pp0_5_gamma_004__steady,random,48,1.9667351391984025,0.1391298522245412,0.061679326653732894,4.530739373886471,0.1946502466540883,0.04417389419000799,0.5947232684959867,0.09016287639581867,True
20260717,M3,case_td030_pa200_pp0_5_gamma_004__steady,random,49,3.369050080151647,0.1503008897228778,0.05213632744540622,4.530739373886471,0.1946502466540883,0.04417389419000799,0.33185044946724407,0.09016287639581867,True
20260717,M3,case_td030_pa200_pp0_5_gamma_004__steady,random,50,4.481238896846694,0.18339555232683202,0.05710980835435929,4.530739373886471,0.1946502466540883,0.04417389419000799,0.112332220296952,0.09016287639581867,True
20260717,M3,case_td030_pa200_pp0_5_gamma_004__steady,random,51,4.068442904072364,0.05080014354707847,0.05866903581179535,4.530739373886471,0.1946502466540883,0.04417389419000799,0.5432614451099232,0.09016287639581867,True
20260717,M3,case_td030_pa200_pp0_5_gamma_004__steady,random,52,1.0987005428666077,0.1939434065359849,0.06816667050113842,4.530739373886471,0.1946502466540883,0.04417389419000799,0.6993266196921641,0.09016287639581867,True
20260717,M3,case_td030_pa200_pp0_5_gamma_004__steady,random,53,2.826722557531802,0.19757805006818113,0.09051418966706343,4.530739373886471,0.1946502466540883,0.04417389419000799,0.3522892916486242,0.09016287639581867,True
20260717,M3,case_td030_pa200_pp0_5_gamma_004__steady,random,54,1.7473866071068556,0.16341797163567223,0.08262486063470773,4.530739373886471,0.1946502466540883,0.04417389419000799,0.6049791781581441,0.09016287639581867,True
20260717,M3,case_td030_pa200_pp0_5_gamma_004__steady,random,55,4.0002862419596665,0.12522069388175733,0.04789104058302275,4.530739373886471,0.1946502466540883,0.04417389419000799,0.30112090525024926,0.09016287639581867,True
20260717,M3,case_td030_pa200_pp0_5_gamma_004__steady,random,56,1.7317230808328894,0.062006710093762164,0.09741033122700866,4.530739373886471,0.1946502466540883,0.04417389419000799,0.7549909721161694,0.09016287639581867,True
20260717,M3,case_td030_pa200_pp0_5_gamma_004__steady,random,57,2.96880016368379,0.055460106045573575,0.06326169466122346,4.530739373886471,0.1946502466540883,0.04417389419000799,0.6323645187257627,0.09016287639581867,True
20260717,M3,case_td030_pa200_pp0_5_gamma_004__steady,random,58,4.9013213593627665,0.1922793339188848,0.0842925611027398,4.9013213593627665,0.1922793339188848,0.0842925611027398,0.058443933489307334,0.058443933489307334,True
20260717,M3,case_td030_pa200_pp0_5_gamma_004__steady,random,59,2.41659265737421,0.1279793677442337,0.07846735499646351,4.9013213593627665,0.1922793339188848,0.0842925611027398,0.5321846045496175,0.058443933489307334,True
20260717,M3,case_td030_pa200_pp0_5_gamma_004__steady,random,60,1.513502213397051,0.19205541259842202,0.040799203014308394,4.9013213593627665,0.1922793339188848,0.0842925611027398,0.6227649565331865,0.058443933489307334,True
20260717,M3,case_td030_pa200_pp0_5_gamma_004__steady,random,61,4.785480512344334,0.12908563562698794,0.09463216346423563,4.9013213593627665,0.1922793339188848,0.0842925611027398,0.20126678670198306,0.058443933489307334,True
20260717,M3,case_td030_pa200_pp0_5_gamma_004__steady,random,62,1.8616124114033483,0.18460827840319122,0.04813342466716505,4.9013213593627665,0.1922793339188848,0.0842925611027398,0.5606484227659957,0.058443933489307334,True
20260717,M3,case_td030_pa200_pp0_5_gamma_004__steady,random,63,4.884484649676834,0.06440158139856958,0.07105773051133836,4.9013213593627665,0.1922793339188848,0.0842925611027398,0.42407719138501654,0.058443933489307334,True
20260717,M3,case_td030_pa200_pp0_5_gamma_004__steady,random,64,3.1086077606038365,0.11750936546036071,0.05243446151986524,4.9013213593627665,0.1922793339188848,0.0842925611027398,0.4434970897926397,0.058443933489307334,True
20260717,M3,case_td030_pa200_pp0_5_gamma_004__steady,random,65,4.129627777163918,0.19583208097326543,0.06387421981237076,4.9013213593627665,0.1922793339188848,0.0842925611027398,0.13750701018677391,0.058443933489307334,True
20260717,M3,case_td030_pa200_pp0_5_gamma_004__steady,random,66,4.526186818275231,0.13511431001390964,0.07223592115711329,4.9013213593627665,0.1922793339188848,0.0842925611027398,0.21125432636588326,0.058443933489307334,True
20260717,M3,case_td030_pa200_pp0_5_gamma_004__steady,random,67,1.166738271748026,0.06378597619220572,0.06478461811556169,4.9013213593627665,0.1922793339188848,0.0842925611027398,0.8166728063297353,0.058443933489307334,True
20260717,M3,case_td030_pa200_pp0_5_gamma_004__steady,random,68,2.3774890072550514,0.14295893041897423,0.05611601377639339,4.9013213593627665,0.1922793339188848,0.0842925611027398,0.5147899763756629,0.058443933489307334,True
20260717,M3,case_td030_pa200_pp0_5_gamma_004__steady,random,69,3.919904480924197,0.1197228317715264,0.07782597587034608,4.9013213593627665,0.1922793339188848,0.0842925611027398,0.3248453832307838,0.058443933489307334,True
20260717,M3,case_td030_pa200_pp0_5_gamma_004__steady,random,70,1.4262283892461811,0.07158026426164463,0.08331751980419985,4.9013213593627665,0.1922793339188848,0.0842925611027398,0.7757545646954154,0.058443933489307334,True
20260717,M3,case_td030_pa200_pp0_5_gamma_004__steady,random,71,4.413040094329319,0.13798004102197262,0.05570458450002866,4.9013213593627665,0.1922793339188848,0.0842925611027398,0.2170618147705886,0.058443933489307334,True
20260717,M3,case_td030_pa200_pp0_5_gamma_004__steady,random,72,4.600608124619736,0.09834088855835202,0.05450626723410451,4.9013213593627665,0.1922793339188848,0.0842925611027398,0.3192258914573957,0.058443933489307334,True
20260717,M3,case_td030_pa200_pp0_5_gamma_004__steady,random,73,1.0797467869107713,0.15672079259082158,0.04040180687556603,4.9013213593627665,0.1922793339188848,0.0842925611027398,0.7330574113571766,0.058443933489307334,True
20260717,M3,case_td030_pa200_pp0_5_gamma_004__steady,random,74,3.7667158813723525,0.08551741777729557,0.0595350613207461,4.9013213593627665,0.1922793339188848,0.0842925611027398,0.44892574355090575,0.058443933489307334,True
20260717,M3,case_td030_pa200_pp0_5_gamma_004__steady,random,75,3.55802416435016,0.14042868958869617,0.06666244662255344,4.9013213593627665,0.1922793339188848,0.0842925611027398,0.32272193773236924,0.058443933489307334,True
20260717,M3,case_td030_pa200_pp0_5_gamma_004__steady,random,76,3.013165956764378,0.16475239581766388,0.05981859696489257,4.9013213593627665,0.1922793339188848,0.0842925611027398,0.3651798552187532,0.058443933489307334,True
20260717,M3,case_td030_pa200_pp0_5_gamma_004__steady,random,77,1.4722045646424973,0.19237327241118451,0.09529343428888445,4.9013213593627665,0.1922793339188848,0.0842925611027398,0.6295923963729172,0.058443933489307334,True
20260717,M3,case_td030_pa200_pp0_5_gamma_004__steady,random,78,2.5261464178893913,0.06563667553333472,0.07576480924437157,4.9013213593627665,0.1922793339188848,0.0842925611027398,0.6536746805088562,0.058443933489307334,True
20260717,M3,case_td030_pa200_pp0_5_gamma_004__steady,random,79,3.3982917279897173,0.1300917676704234,0.049884888995975145,4.9013213593627665,0.1922793339188848,0.0842925611027398,0.3708109519949247,0.058443933489307334,True
20260717,M3,case_td030_pa200_pp0_5_gamma_004__steady,random,80,1.1172820166088249,0.11034088246088511,0.06142009750049009,4.9013213593627665,0.1922793339188848,0.0842925611027398,0.768811181448853,0.058443933489307334,True
20260717,M3,case_td030_pa200_pp0_5_gamma_004__steady,random,81,2.375587361258728,0.051822174776325974,0.06094669267528748,4.9013213593627665,0.1922793339188848,0.0842925611027398,0.7056759061472445,0.058443933489307334,True
20260717,M3,case_td030_pa200_pp0_5_gamma_004__steady,random,82,3.2788444420985776,0.17220384448677958,0.049556451092878095,4.9013213593627665,0.1922793339188848,0.0842925611027398,0.30780692797151665,0.058443933489307334,True
20260717,M3,case_td030_pa200_pp0_5_gamma_004__steady,random,83,2.3488355219688763,0.06785910369614627,0.06101866933345669,4.9013213593627665,0.1922793339188848,0.0842925611027398,0.6703340412122953,0.058443933489307334,True
20260717,M3,case_td030_pa200_pp0_5_gamma_004__steady,random,84,3.9054442565369714,0.053675080804325176,0.044873218542999534,4.9013213593627665,0.1922793339188848,0.0842925611027398,0.5477505549438019,0.058443933489307334,True
20260717,M3,case_td030_pa200_pp0_5_gamma_004__steady,random,85,4.072692800785747,0.09209067569857907,0.048624588416690886,4.9013213593627665,0.1922793339188848,0.0842925611027398,0.39419385598376117,0.058443933489307334,True
20260717,M3,case_td030_pa200_pp0_5_gamma_004__steady,random,86,3.667225803472977,0.10744022212952935,0.04436604503453308,4.9013213593627665,0.1922793339188848,0.0842925611027398,0.3934092260786844,0.058443933489307334,True
20260717,M3,case_td030_pa200_pp0_5_gamma_004__steady,random,87,1.493371153769103,0.18578737995632255,0.07663367687119693,4.9013213593627665,0.1922793339188848,0.0842925611027398,0.6316540222414639,0.058443933489307334,True
20260717,M3,case_td030_pa200_pp0_5_gamma_004__steady,random,88,1.5696119286885253,0.10389480845321777,0.052546293775182024,4.9013213593627665,0.1922793339188848,0.0842925611027398,0.710710288783959,0.058443933489307334,True
20260717,M3,case_td030_pa200_pp0_5_gamma_004__steady,random,89,3.4353653302540024,0.15039621690187294,0.043582424885005855,4.9013213593627665,0.1922793339188848,0.0842925611027398,0.32188930586843867,0.058443933489307334,True
20260717,M3,case_td030_pa200_pp0_5_gamma_004__steady,random,90,3.1070468719737216,0.09497506021864813,0.09631530014227477,4.9013213593627665,0.1922793339188848,0.0842925611027398,0.5001505982134005,0.058443933489307334,True
20260717,M3,case_td030_pa200_pp0_5_gamma_004__steady,random,91,4.00569882693217,0.14477977955801952,0.07696294825106989,4.9013213593627665,0.1922793339188848,0.0842925611027398,0.2497589489167304,0.058443933489307334,True
20260717,M3,case_td030_pa200_pp0_5_gamma_004__steady,random,92,1.0253386743829558,0.10605806626812815,0.08925959221655211,4.9013213593627665,0.1922793339188848,0.0842925611027398,0.7850956984298627,0.058443933489307334,True
20260717,M3,case_td030_pa200_pp0_5_gamma_004__steady,random,93,3.9051396010011716,0.1809190967561985,0.04601962312010803,4.9013213593627665,0.1922793339188848,0.0842925611027398,0.1942028184885216,0.058443933489307334,True
20260717,M3,case_td030_pa200_pp0_5_gamma_004__steady,random,94,2.962599300270226,0.1390760798894578,0.06565308426794328,4.9013213593627665,0.1922793339188848,0.0842925611027398,0.4191790374997324,0.058443933489307334,True
20260717,M3,case_td030_pa200_pp0_5_gamma_004__steady,random,95,1.03316043517636,0.18068330697818324,0.09215691377695184,4.9013213593627665,0.1922793339188848,0.0842925611027398,0.7210917924590918,0.058443933489307334,True
20260717,M3,case_td030_pa200_pp0_5_gamma_004__steady,random,96,2.6227360619761906,0.13665018881288793,0.04814153111431296,4.9013213593627665,0.1922793339188848,0.0842925611027398,0.4825065940603059,0.058443933489307334,True
20260717,M3,case_td030_pa200_pp0_5_gamma_004__steady,random,97,4.365976852797518,0.11567821566140409,0.09535190262451398,4.9013213593627665,0.1922793339188848,0.0842925611027398,0.2848409710800747,0.058443933489307334,True
20260717,M3,case_td030_pa200_pp0_5_gamma_004__steady,random,98,2.4720415940396245,0.09136839637652067,0.04812073172742096,4.9013213593627665,0.1922793339188848,0.0842925611027398,0.5997047621574224,0.058443933489307334,True
20260717,M3,case_td030_pa200_pp0_5_gamma_004__steady,random,99,2.5918112627161376,0.1203497005525178,0.0676186243016487,4.9013213593627665,0.1922793339188848,0.0842925611027398,0.5176510906493105,0.058443933489307334,True
20260717,M3,case_td030_pa200_pp0_5_gamma_004__steady,random,100,3.1588182056619667,0.06122779930438603,0.09562913171154974,4.9013213593627665,0.1922793339188848,0.0842925611027398,0.5936579797224325,0.058443933489307334,True
20260718,M1,case_td003_pa050_pp0_3_gamma_010__steady,cmaes,1,3.0,0.125,0.07,3.0,0.125,0.07,0.5628434392461068,0.5628434392461068,True
20260718,M1,case_td003_pa050_pp0_3_gamma_010__steady,cmaes,2,2.6341583421288997,0.09142592607144959,0.09796478780216777,2.6341583421288997,0.09142592607144959,0.09796478780216777,0.20380514096805263,0.20380514096805263,True
20260718,M1,case_td003_pa050_pp0_3_gamma_010__steady,cmaes,3,4.374305569951224,0.14981912897870428,0.07071691525881688,2.6341583421288997,0.09142592607144959,0.09796478780216777,1.266894880107109,0.20380514096805263,True
20260718,M1,case_td003_pa050_pp0_3_gamma_010__steady,cmaes,4,3.5621588268666216,0.14960019758147824,0.09813528013779668,2.6341583421288997,0.09142592607144959,0.09796478780216777,0.9496896119872184,0.20380514096805263,True
20260718,M1,case_td003_pa050_pp0_3_gamma_010__steady,cmaes,5,2.7973360297757477,0.08649856147847142,0.08307713559540261,2.6341583421288997,0.09142592607144959,0.09796478780216777,0.2312718086798956,0.20380514096805263,True
20260718,M1,case_td003_pa050_pp0_3_gamma_010__steady,cmaes,6,2.070791779205593,0.10739867767837752,0.07445027698893164,2.070791779205593,0.10739867767837752,0.07445027698893164,0.07220233575706089,0.07220233575706089,True
20260718,M1,case_td003_pa050_pp0_3_gamma_010__steady,cmaes,7,3.499904043136034,0.1823703180026327,0.0766256567720971,2.070791779205593,0.10739867767837752,0.07445027698893164,1.0782604020250977,0.07220233575706089,True
20260718,M1,case_td003_pa050_pp0_3_gamma_010__steady,cmaes,8,2.9865245409471624,0.063443736234415,0.0774418642397801,2.070791779205593,0.10739867767837752,0.07445027698893164,0.12262001280921446,0.07220233575706089,True
20260718,M1,case_td003_pa050_pp0_3_gamma_010__steady,cmaes,9,2.8927804828561356,0.12017356396279145,0.07313309376760915,2.070791779205593,0.10739867767837752,0.07445027698893164,0.4880598342774116,0.07220233575706089,True
20260718,M1,case_td003_pa050_pp0_3_gamma_010__steady,cmaes,10,1.247752705377948,0.1749804138951457,0.06687399761326152,2.070791779205593,0.10739867767837752,0.07445027698893164,0.17079433823940876,0.07220233575706089,True
20260718,M1,case_td003_pa050_pp0_3_gamma_010__steady,cmaes,11,1.2851739953289272,0.158671990166174,0.07570405160723293,2.070791779205593,0.10739867767837752,0.07445027698893164,0.18433621903951147,0.07220233575706089,True
20260718,M1,case_td003_pa050_pp0_3_gamma_010__steady,cmaes,12,2.85126265214451,0.1444617799363484,0.07366263590593372,2.070791779205593,0.10739867767837752,0.07445027698893164,0.5976218743301946,0.07220233575706089,True
20260718,M1,case_td003_pa050_pp0_3_gamma_010__steady,cmaes,13,2.022714681488126,0.13604212350327172,0.06413380099945017,2.070791779205593,0.10739867767837752,0.07445027698893164,0.1537136878140892,0.07220233575706089,True
20260718,M1,case_td003_pa050_pp0_3_gamma_010__steady,cmaes,14,3.9435426313196587,0.08272485796535195,0.06164072889719607,2.070791779205593,0.10739867767837752,0.07445027698893164,0.5846140196217023,0.07220233575706089,True
20260718,M1,case_td003_pa050_pp0_3_gamma_010__steady,cmaes,15,2.510967579741192,0.1056163560692028,0.08493170056555827,2.070791779205593,0.10739867767837752,0.07445027698893164,0.2391489080651374,0.07220233575706089,True
20260718,M1,case_td003_pa050_pp0_3_gamma_010__steady,cmaes,16,1.3318741152017015,0.07725516362841567,0.07398165130244438,2.070791779205593,0.10739867767837752,0.07445027698893164,0.3941287542702144,0.07220233575706089,True
20260718,M1,case_td003_pa050_pp0_3_gamma_010__steady,cmaes,17,2.153644556826076,0.13840055639369706,0.05189418547197311,2.070791779205593,0.10739867767837752,0.07445027698893164,0.22347844436209863,0.07220233575706089,True
20260718,M1,case_td003_pa050_pp0_3_gamma_010__steady,cmaes,18,1.8071392879784725,0.1015704497367502,0.07584629360654233,2.070791779205593,0.10739867767837752,0.07445027698893164,0.11630523449753669,0.07220233575706089,True
20260718,M1,case_td003_pa050_pp0_3_gamma_010__steady,cmaes,19,3.284704720854683,0.08860654795253584,0.08189566927164506,2.070791779205593,0.10739867767837752,0.07445027698893164,0.4240268929161,0.07220233575706089,True
20260718,M1,case_td003_pa050_pp0_3_gamma_010__steady,cmaes,20,1.6772579412115882,0.15745157478443061,0.0820993038316842,1.6772579412115882,0.15745157478443061,0.0820993038316842,0.07118813328917162,0.07118813328917162,True
20260718,M1,case_td003_pa050_pp0_3_gamma_010__steady,cmaes,21,1.8211317554784392,0.16420208577677003,0.08488909010569268,1.6772579412115882,0.15745157478443061,0.0820993038316842,0.14475263908668148,0.07118813328917162,True
20260718,M1,case_td003_pa050_pp0_3_gamma_010__steady,cmaes,22,1.4597829368388164,0.11469576602869903,0.06593069675376867,1.6772579412115882,0.15745157478443061,0.0820993038316842,0.21602293338335996,0.07118813328917162,True
20260718,M1,case_td003_pa050_pp0_3_gamma_010__steady,cmaes,23,3.0135457349268844,0.1672446854249771,0.06213146852947006,1.6772579412115882,0.15745157478443061,0.0820993038316842,0.7764883668885396,0.07118813328917162,True
20260718,M1,case_td003_pa050_pp0_3_gamma_010__steady,cmaes,24,1.382465083834165,0.13175279830095737,0.0521342439807649,1.6772579412115882,0.15745157478443061,0.0820993038316842,0.20389589953857382,0.07118813328917162,True
20260718,M1,case_td003_pa050_pp0_3_gamma_010__steady,cmaes,25,2.00299791711068,0.11920947440362677,0.08134014708257384,1.6772579412115882,0.15745157478443061,0.0820993038316842,0.08884026281411907,0.07118813328917162,True
20260718,M1,case_td003_pa050_pp0_3_gamma_010__steady,cmaes,26,2.64534171260339,0.11728173760179562,0.08182011624752066,1.6772579412115882,0.15745157478443061,0.0820993038316842,0.3630401810495277,0.07118813328917162,True
20260718,M1,case_td003_pa050_pp0_3_gamma_010__steady,cmaes,27,2.372102411663225,0.10496310461689261,0.07150194768803977,1.6772579412115882,0.15745157478443061,0.0820993038316842,0.17541733417507258,0.07118813328917162,True
20260718,M1,case_td003_pa050_pp0_3_gamma_010__steady,cmaes,28,2.1558976631038806,0.10828115462631414,0.05914679217418187,1.6772579412115882,0.15745157478443061,0.0820993038316842,0.10206658202376455,0.07118813328917162,True
20260718,M1,case_td003_pa050_pp0_3_gamma_010__steady,cmaes,29,1.0285562110587183,0.17741094567906152,0.09695783225167148,1.6772579412115882,0.15745157478443061,0.0820993038316842,0.2700581283055748,0.07118813328917162,True
20260718,M1,case_td003_pa050_pp0_3_gamma_010__steady,cmaes,30,1.4262308177586773,0.15338682423895997,0.08797462469461689,1.6772579412115882,0.15745157478443061,0.0820993038316842,0.12831747814345296,0.07118813328917162,True
20260718,M1,case_td003_pa050_pp0_3_gamma_010__steady,cmaes,31,2.0455308277761564,0.1299518473690116,0.0810488218887854,1.6772579412115882,0.15745157478443061,0.0820993038316842,0.14472152347236258,0.07118813328917162,True
20260718,M1,case_td003_pa050_pp0_3_gamma_010__steady,cmaes,32,1.4771378903002483,0.15642936906020266,0.09723521158790839,1.6772579412115882,0.15745157478443061,0.0820993038316842,0.09956321138518592,0.07118813328917162,True
20260718,M1,case_td003_pa050_pp0_3_gamma_010__steady,cmaes,33,2.026429782499059,0.1821953009756932,0.07553930251404302,1.6772579412115882,0.15745157478443061,0.0820993038316842,0.30252673785514794,0.07118813328917162,True
20260718,M1,case_td003_pa050_pp0_3_gamma_010__steady,cmaes,34,3.845693605073816,0.08096755698802574,0.05776010225440114,1.6772579412115882,0.15745157478443061,0.0820993038316842,0.5383953598032536,0.07118813328917162,True
20260718,M1,case_td003_pa050_pp0_3_gamma_010__steady,cmaes,35,1.2731057480139687,0.11302086647384513,0.09893016064961871,1.6772579412115882,0.15745157478443061,0.0820993038316842,0.2976346062203092,0.07118813328917162,True
20260718,M1,case_td003_pa050_pp0_3_gamma_010__steady,cmaes,36,2.592554985631745,0.1551265375261549,0.08016175419763871,1.6772579412115882,0.15745157478443061,0.0820993038316842,0.5169616791565651,0.07118813328917162,True
20260718,M1,case_td003_pa050_pp0_3_gamma_010__steady,cmaes,37,1.4267924781054062,0.09831394890061934,0.08531659892438126,1.6772579412115882,0.15745157478443061,0.0820993038316842,0.28155652515785895,0.07118813328917162,True
20260718,M1,case_td003_pa050_pp0_3_gamma_010__steady,cmaes,38,2.3991719006701206,0.13064326964335848,0.07502041427275144,1.6772579412115882,0.15745157478443061,0.0820993038316842,0.314965750407655,0.07118813328917162,True
20260718,M1,case_td003_pa050_pp0_3_gamma_010__steady,cmaes,39,2.011643376336904,0.1779957013415731,0.044057037908935975,1.6772579412115882,0.15745157478443061,0.0820993038316842,0.2765975975584863,0.07118813328917162,True
20260718,M1,case_td003_pa050_pp0_3_gamma_010__steady,cmaes,40,2.7071984906725124,0.1071307922832934,0.07799593229193189,1.6772579412115882,0.15745157478443061,0.0820993038316842,0.33064825368188305,0.07118813328917162,True
20260718,M1,case_td003_pa050_pp0_3_gamma_010__steady,cmaes,41,1.8915140289658443,0.1816113094195579,0.05802757068857965,1.6772579412115882,0.15745157478443061,0.0820993038316842,0.22350461625665982,0.07118813328917162,True
20260718,M1,case_td003_pa050_pp0_3_gamma_010__steady,cmaes,42,1.568942010061995,0.13972612921425998,0.07938693219556425,1.6772579412115882,0.15745157478443061,0.0820993038316842,0.09830716703548217,0.07118813328917162,True
20260718,M1,case_td003_pa050_pp0_3_gamma_010__steady,cmaes,43,2.484517378627879,0.10557429227746323,0.08087143487181933,1.6772579412115882,0.15745157478443061,0.0820993038316842,0.22727602925231688,0.07118813328917162,True
20260718,M1,case_td003_pa050_pp0_3_gamma_010__steady,cmaes,44,2.2454665790792085,0.16060567433820871,0.06928959805192694,1.6772579412115882,0.15745157478443061,0.0820993038316842,0.35413422271333606,0.07118813328917162,True
20260718,M1,case_td003_pa050_pp0_3_gamma_010__steady,cmaes,45,2.0203134276014367,0.07666408022102793,0.09985459924633838,1.6772579412115882,0.15745157478443061,0.0820993038316842,0.1472388623465104,0.07118813328917162,True
20260718,M1,case_td003_pa050_pp0_3_gamma_010__steady,cmaes,46,2.623524316485512,0.1632050676667502,0.08251361351816372,1.6772579412115882,0.15745157478443061,0.0820993038316842,0.5650622286117786,0.07118813328917162,True
20260718,M1,case_td003_pa050_pp0_3_gamma_010__steady,cmaes,47,2.524355899936693,0.09328020646525634,0.0895127559213699,1.6772579412115882,0.15745157478443061,0.0820993038316842,0.1724135521468489,0.07118813328917162,True
20260718,M1,case_td003_pa050_pp0_3_gamma_010__steady,cmaes,48,1.8131641054996375,0.17806488459790148,0.09962472937306097,1.6772579412115882,0.15745157478443061,0.0820993038316842,0.17835096838327863,0.07118813328917162,True
20260718,M1,case_td003_pa050_pp0_3_gamma_010__steady,cmaes,49,2.6757882395209727,0.11786609168112834,0.07988397820369311,1.6772579412115882,0.15745157478443061,0.0820993038316842,0.37966255835682156,0.07118813328917162,True
20260718,M1,case_td003_pa050_pp0_3_gamma_010__steady,cmaes,50,2.210228284177405,0.07258998466213445,0.07298444441569338,1.6772579412115882,0.15745157478443061,0.0820993038316842,0.1069236828916522,0.07118813328917162,True
20260718,M1,case_td003_pa050_pp0_3_gamma_010__steady,cmaes,51,2.0458887476885135,0.11464897401612088,0.07491145223414765,1.6772579412115882,0.15745157478443061,0.0820993038316842,0.08804378214800282,0.07118813328917162,True
20260718,M1,case_td003_pa050_pp0_3_gamma_010__steady,cmaes,52,1.4284309082361117,0.14788253979361354,0.09345876057042868,1.6772579412115882,0.15745157478443061,0.0820993038316842,0.13885671823631793,0.07118813328917162,True
20260718,M1,case_td003_pa050_pp0_3_gamma_010__steady,cmaes,53,2.4240509961462138,0.07198091055585992,0.08619667119587157,2.4240509961462138,0.07198091055585992,0.08619667119587157,0.05654897171540327,0.05654897171540327,True
20260718,M1,case_td003_pa050_pp0_3_gamma_010__steady,cmaes,54,3.2086438565343105,0.13171555169523025,0.07206335823119742,2.4240509961462138,0.07198091055585992,0.08619667119587157,0.6932857318758572,0.05654897171540327,True
20260718,M1,case_td003_pa050_pp0_3_gamma_010__steady,cmaes,55,1.9859007158911763,0.08943281663678898,0.08876609013110026,2.4240509961462138,0.07198091055585992,0.08619667119587157,0.0990972347733498,0.05654897171540327,True
20260718,M1,case_td003_pa050_pp0_3_gamma_010__steady,cmaes,56,2.6197016187453985,0.11169355054073243,0.09615317524177487,2.4240509961462138,0.07198091055585992,0.08619667119587157,0.3215644958974039,0.05654897171540327,True
20260718,M1,case_td003_pa050_pp0_3_gamma_010__steady,cmaes,57,1.9101827651978092,0.13498454932715725,0.0878801385184573,2.4240509961462138,0.07198091055585992,0.08619667119587157,0.10335405491043745,0.05654897171540327,True
20260718,M1,case_td003_pa050_pp0_3_gamma_010__steady,cmaes,58,2.3086317576055118,0.07795375937194628,0.08219576351496102,2.4240509961462138,0.07198091055585992,0.08619667119587157,0.058224521602988355,0.05654897171540327,True
20260718,M1,case_td003_pa050_pp0_3_gamma_010__steady,cmaes,59,2.360351869189275,0.10805598960090683,0.07515036984900389,2.4240509961462138,0.07198091055585992,0.08619667119587157,0.1870865605640171,0.05654897171540327,True
20260718,M1,case_td003_pa050_pp0_3_gamma_010__steady,cmaes,60,2.7200191986658107,0.08925952339612206,0.07858982354459773,2.4240509961462138,0.07198091055585992,0.08619667119587157,0.22093043166699247,0.05654897171540327,True
20260718,M1,case_td003_pa050_pp0_3_gamma_010__steady,cmaes,61,1.9696051230872476,0.12147575928254958,0.07879990751375197,2.4240509961462138,0.07198091055585992,0.08619667119587157,0.08399261423320203,0.05654897171540327,True
20260718,M1,case_td003_pa050_pp0_3_gamma_010__steady,cmaes,62,2.386780486643577,0.06620403372916767,0.083756740015974,2.4240509961462138,0.07198091055585992,0.08619667119587157,0.08806602598311347,0.05654897171540327,True
20260718,M1,case_td003_pa050_pp0_3_gamma_010__steady,cmaes,63,2.0597247573032633,0.08088309546886192,0.07845680354234263,2.4240509961462138,0.07198091055585992,0.08619667119587157,0.1136397993156948,0.05654897171540327,True
20260718,M1,case_td003_pa050_pp0_3_gamma_010__steady,cmaes,64,2.16794511060686,0.0849028185564972,0.05654035194806801,2.4240509961462138,0.07198091055585992,0.08619667119587157,0.06590582047197806,0.05654897171540327,True
20260718,M1,case_td003_pa050_pp0_3_gamma_010__steady,cmaes,65,2.8009514895453935,0.06646577713345017,0.06638845086572723,2.4240509961462138,0.07198091055585992,0.08619667119587157,0.09032934342522989,0.05654897171540327,True
20260718,M1,case_td003_pa050_pp0_3_gamma_010__steady,cmaes,66,1.9468724474428174,0.10153331329142196,0.06601326221768461,2.4240509961462138,0.07198091055585992,0.08619667119587157,0.07022325348132136,0.05654897171540327,True
20260718,M1,case_td003_pa050_pp0_3_gamma_010__steady,cmaes,67,2.1994946776305797,0.12001524325842643,0.07171082518585392,2.4240509961462138,0.07198091055585992,0.08619667119587157,0.17314370083201247,0.05654897171540327,True
20260718,M1,case_td003_pa050_pp0_3_gamma_010__steady,cmaes,68,2.6700357384566384,0.05028505074852531,0.07678702465973469,2.4240509961462138,0.07198091055585992,0.08619667119587157,0.10937585454905717,0.05654897171540327,True
20260718,M1,case_td003_pa050_pp0_3_gamma_010__steady,cmaes,69,1.8705362592378938,0.10329037005531687,0.0637060144556946,2.4240509961462138,0.07198091055585992,0.08619667119587157,0.08821749744937209,0.05654897171540327,True
20260718,M1,case_td003_pa050_pp0_3_gamma_010__steady,cmaes,70,1.9853032671140363,0.06294371050798551,0.07539928265461054,2.4240509961462138,0.07198091055585992,0.08619667119587157,0.23634855897618579,0.05654897171540327,True
20260718,M1,case_td003_pa050_pp0_3_gamma_010__steady,cmaes,71,2.3062180559009935,0.07281667750015768,0.0764554076894367,2.4240509961462138,0.07198091055585992,0.08619667119587157,0.07720229598295876,0.05654897171540327,True
20260718,M1,case_td003_pa050_pp0_3_gamma_010__steady,cmaes,72,2.4060194246831657,0.08000453750361645,0.08743403801086368,2.4240509961462138,0.07198091055585992,0.08619667119587157,0.06237862099318854,0.05654897171540327,True
20260718,M1,case_td003_pa050_pp0_3_gamma_010__steady,cmaes,73,1.844152772594965,0.15483484180898865,0.08115669662554237,2.4240509961462138,0.07198091055585992,0.08619667119587157,0.13027045980127122,0.05654897171540327,True
20260718,M1,case_td003_pa050_pp0_3_gamma_010__steady,cmaes,74,1.9898218844197086,0.09967522217633194,0.08329675810638085,2.4240509961462138,0.07198091055585992,0.08619667119587157,0.06391957590004027,0.05654897171540327,True
20260718,M1,case_td003_pa050_pp0_3_gamma_010__steady,cmaes,75,2.1720542405987486,0.10898650546421387,0.09689374146343968,2.4240509961462138,0.07198091055585992,0.08619667119587157,0.11550582463214434,0.05654897171540327,True
20260718,M1,case_td003_pa050_pp0_3_gamma_010__steady,cmaes,76,2.035034881207784,0.09739319146214656,0.05360615434900197,2.4240509961462138,0.07198091055585992,0.08619667119587157,0.061391098027721566,0.05654897171540327,True
20260718,M1,case_td003_pa050_pp0_3_gamma_010__steady,cmaes,77,2.4599957757719078,0.07963682770136174,0.08085131582508492,2.4240509961462138,0.07198091055585992,0.08619667119587157,0.07246630201346053,0.05654897171540327,True
20260718,M1,case_td003_pa050_pp0_3_gamma_010__steady,cmaes,78,2.3290743162108467,0.07182886388684642,0.0809600757452722,2.4240509961462138,0.07198091055585992,0.08619667119587157,0.07552408465512842,0.05654897171540327,True
20260718,M1,case_td003_pa050_pp0_3_gamma_010__steady,cmaes,79,2.168667468618859,0.07594649061169843,0.08237144780006111,2.4240509961462138,0.07198091055585992,0.08619667119587157,0.10189744537106805,0.05654897171540327,True
20260718,M1,case_td003_pa050_pp0_3_gamma_010__steady,cmaes,80,2.5469386497659583,0.05571793873865928,0.08405157878907735,2.4240509961462138,0.07198091055585992,0.08619667119587157,0.10594259303586005,0.05654897171540327,True
20260718,M1,case_td003_pa050_pp0_3_gamma_010__steady,cmaes,81,2.411277935721795,0.07168460624394948,0.09297717738146857,2.4240509961462138,0.07198091055585992,0.08619667119587157,0.05872957906797448,0.05654897171540327,True
20260718,M1,case_td003_pa050_pp0_3_gamma_010__steady,cmaes,82,2.065628729643598,0.10929922081709043,0.08571429873726388,2.4240509961462138,0.07198091055585992,0.08619667119587157,0.07763524090018643,0.05654897171540327,True
20260718,M1,case_td003_pa050_pp0_3_gamma_010__steady,cmaes,83,2.3432594443403865,0.09926886295320736,0.07031900365635946,2.4240509961462138,0.07198091055585992,0.08619667119587157,0.13357881735125854,0.05654897171540327,True
20260718,M1,case_td003_pa050_pp0_3_gamma_010__steady,cmaes,84,2.032999958339245,0.09960772478402749,0.09372048318349777,2.4240509961462138,0.07198091055585992,0.08619667119587157,0.05785908599681786,0.05654897171540327,True
20260718,M1,case_td003_pa050_pp0_3_gamma_010__steady,cmaes,85,1.5556214650248033,0.12203392167351712,0.08179582803661496,2.4240509961462138,0.07198091055585992,0.08619667119587157,0.15002223401312145,0.05654897171540327,True
20260718,M1,case_td003_pa050_pp0_3_gamma_010__steady,cmaes,86,2.6208127201725544,0.054881184976302844,0.06453803095222045,2.4240509961462138,0.07198091055585992,0.08619667119587157,0.09315899697588464,0.05654897171540327,True
20260718,M1,case_td003_pa050_pp0_3_gamma_010__steady,cmaes,87,2.1825865324521803,0.08327744673053145,0.08930802837147574,2.4240509961462138,0.07198091055585992,0.08619667119587157,0.06601298688975357,0.05654897171540327,True
20260718,M1,case_td003_pa050_pp0_3_gamma_010__steady,cmaes,88,1.5341364376256004,0.12955833939757405,0.08000226368822361,2.4240509961462138,0.07198091055585992,0.08619667119587157,0.13821521221469132,0.05654897171540327,True
20260718,M1,case_td003_pa050_pp0_3_gamma_010__steady,cmaes,89,2.0394109964571356,0.09019282281373293,0.08798733660377839,2.4240509961462138,0.07198091055585992,0.08619667119587157,0.07898291508969414,0.05654897171540327,True
20260718,M1,case_td003_pa050_pp0_3_gamma_010__steady,cmaes,90,2.1685199902768306,0.08789631861563699,0.0787854736634374,2.4240509961462138,0.07198091055585992,0.08619667119587157,0.05774393815419685,0.05654897171540327,True
20260718,M1,case_td003_pa050_pp0_3_gamma_010__steady,cmaes,91,1.7972514507154604,0.11934047973676433,0.07103134464202193,2.4240509961462138,0.07198091055585992,0.08619667119587157,0.06798175351929034,0.05654897171540327,True
20260718,M1,case_td003_pa050_pp0_3_gamma_010__steady,cmaes,92,1.9519544512199603,0.09914914937481067,0.08592977176159779,2.4240509961462138,0.07198091055585992,0.08619667119587157,0.07439399658921204,0.05654897171540327,True
20260718,M1,case_td003_pa050_pp0_3_gamma_010__steady,cmaes,93,2.5333474664205315,0.06144286907958579,0.08067200459708976,2.4240509961462138,0.07198091055585992,0.08619667119587157,0.07593995110125785,0.05654897171540327,True
20260718,M1,case_td003_pa050_pp0_3_gamma_010__steady,cmaes,94,2.3476885557983467,0.07275822880251662,0.0745860063742578,2.4240509961462138,0.07198091055585992,0.08619667119587157,0.06748914242885119,0.05654897171540327,True
20260718,M1,case_td003_pa050_pp0_3_gamma_010__steady,cmaes,95,1.9723820948495443,0.09909213190455177,0.08408003675932055,2.4240509961462138,0.07198091055585992,0.08619667119587157,0.06922142413976412,0.05654897171540327,True
20260718,M1,case_td003_pa050_pp0_3_gamma_010__steady,cmaes,96,1.9503564942724616,0.11304618744215103,0.09644736368742278,2.4240509961462138,0.07198091055585992,0.08619667119587157,0.06107545054138163,0.05654897171540327,True
20260718,M1,case_td003_pa050_pp0_3_gamma_010__steady,cmaes,97,2.2093412407134516,0.07898114755988889,0.08058145715204465,2.4240509961462138,0.07198091055585992,0.08619667119587157,0.07567886497709501,0.05654897171540327,True
20260718,M1,case_td003_pa050_pp0_3_gamma_010__steady,cmaes,98,1.9905062748049813,0.10724513406120684,0.07321243121969301,2.4240509961462138,0.07198091055585992,0.08619667119587157,0.05798735156247096,0.05654897171540327,True
20260718,M1,case_td003_pa050_pp0_3_gamma_010__steady,cmaes,99,2.2903377224350034,0.08215909887679844,0.07969643032148804,2.2903377224350034,0.08215909887679844,0.07969643032148804,0.05479009075234865,0.05479009075234865,True
20260718,M1,case_td003_pa050_pp0_3_gamma_010__steady,cmaes,100,2.0884663656420015,0.08626960103670783,0.08455203791963266,2.2903377224350034,0.08215909887679844,0.07969643032148804,0.07974065003257963,0.05479009075234865,True
20260718,M1,case_td003_pa050_pp0_3_gamma_010__steady,tpe,1,3.0,0.125,0.07,3.0,0.125,0.07,0.5628434392461068,0.5628434392461068,True
20260718,M1,case_td003_pa050_pp0_3_gamma_010__steady,tpe,2,4.416929816923,0.17146732270164539,0.06758491205812599,3.0,0.125,0.07,1.4134686218876074,0.5628434392461068,True
20260718,M1,case_td003_pa050_pp0_3_gamma_010__steady,tpe,3,3.9769863976508364,0.18831589245822694,0.09756849425283015,3.0,0.125,0.07,1.3225403828393831,0.5628434392461068,True
20260718,M1,case_td003_pa050_pp0_3_gamma_010__steady,tpe,4,4.917198051003128,0.1375064645895805,0.05403995238557316,3.0,0.125,0.07,1.3528684131760522,0.5628434392461068,True
20260718,M1,case_td003_pa050_pp0_3_gamma_010__steady,tpe,5,1.1762537967990712,0.16902755856265514,0.051840877094631636,1.1762537967990712,0.16902755856265514,0.051840877094631636,0.21890487126673197,0.21890487126673197,True
20260718,M1,case_td003_pa050_pp0_3_gamma_010__steady,tpe,6,1.9363375211126272,0.15432093855388043,0.0643933106064922,1.9363375211126272,0.15432093855388043,0.0643933106064922,0.1712995794837702,0.1712995794837702,True
20260718,M1,case_td003_pa050_pp0_3_gamma_010__steady,tpe,7,3.0404826325481813,0.06832643481952969,0.07292001732414054,1.9363375211126272,0.15432093855388043,0.0643933106064922,0.17665537199295833,0.1712995794837702,True
20260718,M1,case_td003_pa050_pp0_3_gamma_010__steady,tpe,8,4.276398438010256,0.11840093361305461,0.08931311499661856,1.9363375211126272,0.15432093855388043,0.0643933106064922,1.0042999084562658,0.1712995794837702,True
20260718,M1,case_td003_pa050_pp0_3_gamma_010__steady,tpe,9,4.069167008220001,0.06657998806484415,0.06291902251132933,1.9363375211126272,0.15432093855388043,0.0643933106064922,0.46156488229892084,0.1712995794837702,True
20260718,M1,case_td003_pa050_pp0_3_gamma_010__steady,tpe,10,1.330801453361114,0.06147272046821857,0.09531183323105054,1.9363375211126272,0.15432093855388043,0.0643933106064922,0.45303369816114347,0.1712995794837702,True
20260718,M1,case_td003_pa050_pp0_3_gamma_010__steady,tpe,11,3.993581051956608,0.18000978518731925,0.044521720390160356,1.9363375211126272,0.15432093855388043,0.0643933106064922,1.282845802930566,0.1712995794837702,True
20260718,M1,case_td003_pa050_pp0_3_gamma_010__steady,tpe,12,2.468770963422745,0.1397424683372817,0.06413972622071912,1.9363375211126272,0.15432093855388043,0.0643933106064922,0.3876653270933578,0.1712995794837702,True
20260718,M1,case_td003_pa050_pp0_3_gamma_010__steady,tpe,13,1.0479022812893017,0.13935028616663797,0.09936318714177968,1.9363375211126272,0.15432093855388043,0.0643933106064922,0.33227756319471047,0.1712995794837702,True
20260718,M1,case_td003_pa050_pp0_3_gamma_010__steady,tpe,14,2.966571896042141,0.06052439204965769,0.09856434578455131,2.966571896042141,0.06052439204965769,0.09856434578455131,0.09688754810581611,0.09688754810581611,True
20260718,M1,case_td003_pa050_pp0_3_gamma_010__steady,tpe,15,3.674240991567055,0.14553313664372503,0.07805270495988856,2.966571896042141,0.06052439204965769,0.09856434578455131,0.9720697756246641,0.09688754810581611,True
20260718,M1,case_td003_pa050_pp0_3_gamma_010__steady,tpe,16,2.82550208422215,0.07057616857230273,0.09974109995580732,2.966571896042141,0.06052439204965769,0.09856434578455131,0.1276381774915211,0.09688754810581611,True
20260718,M1,case_td003_pa050_pp0_3_gamma_010__steady,tpe,17,2.9946644028330116,0.07348714198089484,0.09715124498794227,2.966571896042141,0.06052439204965769,0.09856434578455131,0.2041309065555394,0.09688754810581611,True
20260718,M1,case_td003_pa050_pp0_3_gamma_010__steady,tpe,18,4.0628298104372265,0.06300537185997546,0.0951927869077388,2.966571896042141,0.06052439204965769,0.09856434578455131,0.42460951972817373,0.09688754810581611,True
20260718,M1,case_td003_pa050_pp0_3_gamma_010__steady,tpe,19,2.7802703345937787,0.11288163932122985,0.09211022570731783,2.966571896042141,0.06052439204965769,0.09856434578455131,0.397817516424188,0.09688754810581611,True
20260718,M1,case_td003_pa050_pp0_3_gamma_010__steady,tpe,20,1.3013502133046748,0.07971661291747387,0.07587275624488177,2.966571896042141,0.06052439204965769,0.09856434578455131,0.39561865431957866,0.09688754810581611,True
20260718,M1,case_td003_pa050_pp0_3_gamma_010__steady,tpe,21,2.188642184787139,0.05936639262926679,0.08914673444943713,2.966571896042141,0.06052439204965769,0.09856434578455131,0.19007888372326118,0.09688754810581611,True
20260718,M1,case_td003_pa050_pp0_3_gamma_010__steady,tpe,22,1.685242043570908,0.19323118693914193,0.08264770046121206,2.966571896042141,0.06052439204965769,0.09856434578455131,0.14584770583847767,0.09688754810581611,True
20260718,M1,case_td003_pa050_pp0_3_gamma_010__steady,tpe,23,2.0146040583646823,0.18546165349829108,0.08844143711037569,2.966571896042141,0.06052439204965769,0.09856434578455131,0.30691731438891934,0.09688754810581611,True
20260718,M1,case_td003_pa050_pp0_3_gamma_010__steady,tpe,24,1.1262127125341104,0.057079555097170526,0.04804294098375099,2.966571896042141,0.06052439204965769,0.09856434578455131,0.5324599622380299,0.09688754810581611,True
20260718,M1,case_td003_pa050_pp0_3_gamma_010__steady,tpe,25,1.6825184655725651,0.18784979280857983,0.0742051800525397,2.966571896042141,0.06052439204965769,0.09856434578455131,0.13132260656900982,0.09688754810581611,True
20260718,M1,case_td003_pa050_pp0_3_gamma_010__steady,tpe,26,2.236455785178658,0.19780158487677493,0.052493753508780536,2.966571896042141,0.06052439204965769,0.09856434578455131,0.4610364119328516,0.09688754810581611,True
20260718,M1,case_td003_pa050_pp0_3_gamma_010__steady,tpe,27,2.6197931583251757,0.05076392792054232,0.095002197613394,2.966571896042141,0.06052439204965769,0.09856434578455131,0.11834103107951337,0.09688754810581611,True
20260718,M1,case_td003_pa050_pp0_3_gamma_010__steady,tpe,28,3.4590769766750733,0.05402808827906023,0.09796864157421235,2.966571896042141,0.06052439204965769,0.09856434578455131,0.1772384630136808,0.09688754810581611,True
20260718,M1,case_td003_pa050_pp0_3_gamma_010__steady,tpe,29,2.143192382373953,0.05720669787040643,0.09934687242695275,2.966571896042141,0.06052439204965769,0.09856434578455131,0.21712210214884503,0.09688754810581611,True
20260718,M1,case_td003_pa050_pp0_3_gamma_010__steady,tpe,30,2.7569735320205715,0.09065307032331724,0.09822431945130643,2.966571896042141,0.06052439204965769,0.09856434578455131,0.24578990385872923,0.09688754810581611,True
20260718,M1,case_td003_pa050_pp0_3_gamma_010__steady,tpe,31,2.576171157424437,0.05946603599265128,0.0805738745217907,2.576171157424437,0.05946603599265128,0.0805738745217907,0.07628032012272298,0.07628032012272298,True
20260718,M1,case_td003_pa050_pp0_3_gamma_010__steady,tpe,32,2.440761124966026,0.07482836362944285,0.08014695879392221,2.440761124966026,0.07482836362944285,0.08014695879392221,0.054711474205085445,0.054711474205085445,True
20260718,M1,case_td003_pa050_pp0_3_gamma_010__steady,tpe,33,2.5865540380503065,0.06710610481448452,0.08001322387028813,2.5865540380503065,0.06710610481448452,0.08001322387028813,0.05396328698837466,0.05396328698837466,True
20260718,M1,case_td003_pa050_pp0_3_gamma_010__steady,tpe,34,2.3445345628326484,0.09517698736401264,0.07908093141316472,2.5865540380503065,0.06710610481448452,0.08001322387028813,0.11374130303090052,0.05396328698837466,True
20260718,M1,case_td003_pa050_pp0_3_gamma_010__steady,tpe,35,2.651999266984247,0.052141148587294475,0.06249775119160259,2.5865540380503065,0.06710610481448452,0.08001322387028813,0.10291487780140245,0.05396328698837466,True
20260718,M1,case_td003_pa050_pp0_3_gamma_010__steady,tpe,36,2.9864556308525514,0.08737404265710391,0.07602956485134905,2.5865540380503065,0.06710610481448452,0.08001322387028813,0.3068149455583507,0.05396328698837466,True
20260718,M1,case_td003_pa050_pp0_3_gamma_010__steady,tpe,37,3.0385296825321126,0.05185664120817166,0.07649959529927446,2.5865540380503065,0.06710610481448452,0.08001322387028813,0.06066841366482141,0.05396328698837466,True
20260718,M1,case_td003_pa050_pp0_3_gamma_010__steady,tpe,38,2.1899962690180796,0.06380698812187716,0.07304266774619593,2.5865540380503065,0.06710610481448452,0.08001322387028813,0.16393218880517374,0.05396328698837466,True
20260718,M1,case_td003_pa050_pp0_3_gamma_010__steady,tpe,39,3.0642956843071545,0.05586984508298107,0.07259547082957239,2.5865540380503065,0.06710610481448452,0.08001322387028813,0.08798088765696742,0.05396328698837466,True
20260718,M1,case_td003_pa050_pp0_3_gamma_010__steady,tpe,40,1.9520250630150777,0.12291195443485221,0.04291856827430512,2.5865540380503065,0.06710610481448452,0.08001322387028813,0.07793121515352464,0.05396328698837466,True
20260718,M1,case_td003_pa050_pp0_3_gamma_010__steady,tpe,41,3.549452863917562,0.059022348000262445,0.07807394733212847,2.5865540380503065,0.06710610481448452,0.08001322387028813,0.24703264339021822,0.05396328698837466,True
20260718,M1,case_td003_pa050_pp0_3_gamma_010__steady,tpe,42,1.2577273160243267,0.1138804846195348,0.0499231518945625,2.5865540380503065,0.06710610481448452,0.08001322387028813,0.30709155013888056,0.05396328698837466,True
20260718,M1,case_td003_pa050_pp0_3_gamma_010__steady,tpe,43,2.680879360599208,0.12388872881209034,0.04710430387465269,2.5865540380503065,0.06710610481448452,0.08001322387028813,0.4094941641902296,0.05396328698837466,True
20260718,M1,case_td003_pa050_pp0_3_gamma_010__steady,tpe,44,2.0091828338590116,0.14672497610418728,0.04315776266179081,2.5865540380503065,0.06710610481448452,0.08001322387028813,0.17976092496788412,0.05396328698837466,True
20260718,M1,case_td003_pa050_pp0_3_gamma_010__steady,tpe,45,1.6981717205379736,0.09940532590983277,0.04102707676266956,2.5865540380503065,0.06710610481448452,0.08001322387028813,0.1723398862335322,0.05396328698837466,True
20260718,M1,case_td003_pa050_pp0_3_gamma_010__steady,tpe,46,2.51588161816859,0.06118485835531006,0.07490210422807357,2.5865540380503065,0.06710610481448452,0.08001322387028813,0.08195858021207565,0.05396328698837466,True
20260718,M1,case_td003_pa050_pp0_3_gamma_010__steady,tpe,47,1.9572698318768613,0.050947189131878526,0.07890346411353935,2.5865540380503065,0.06710610481448452,0.08001322387028813,0.3136214612739608,0.05396328698837466,True
20260718,M1,case_td003_pa050_pp0_3_gamma_010__steady,tpe,48,3.289122387645147,0.06428122091452151,0.08010917307569612,2.5865540380503065,0.06710610481448452,0.08001322387028813,0.2196519935289738,0.05396328698837466,True
20260718,M1,case_td003_pa050_pp0_3_gamma_010__steady,tpe,49,2.8984107318500967,0.08411054490664796,0.07841287521990145,2.5865540380503065,0.06710610481448452,0.08001322387028813,0.25071498875427145,0.05396328698837466,True
20260718,M1,case_td003_pa050_pp0_3_gamma_010__steady,tpe,50,2.107070014673172,0.11447696776706141,0.04634850000017908,2.5865540380503065,0.06710610481448452,0.08001322387028813,0.10643230478623775,0.05396328698837466,True
20260718,M1,case_td003_pa050_pp0_3_gamma_010__steady,tpe,51,2.5889548039248886,0.06523475882822014,0.0774549430277857,2.5865540380503065,0.06710610481448452,0.08001322387028813,0.054116498811467864,0.05396328698837466,True
20260718,M1,case_td003_pa050_pp0_3_gamma_010__steady,tpe,52,2.8356697121649015,0.060553429064156276,0.08376284175104293,2.5865540380503065,0.06710610481448452,0.08001322387028813,0.06600153604005081,0.05396328698837466,True
20260718,M1,case_td003_pa050_pp0_3_gamma_010__steady,tpe,53,2.7884222926350715,0.06429099791769964,0.08045335617209436,2.5865540380503065,0.06710610481448452,0.08001322387028813,0.07515524417715144,0.05396328698837466,True
20260718,M1,case_td003_pa050_pp0_3_gamma_010__steady,tpe,54,2.259247926882809,0.08493110033308406,0.08557627817170652,2.5865540380503065,0.06710610481448452,0.08001322387028813,0.055237349173196386,0.05396328698837466,True
20260718,M1,case_td003_pa050_pp0_3_gamma_010__steady,tpe,55,1.4915533376748358,0.12280329711096097,0.08265403101605452,2.5865540380503065,0.06710610481448452,0.08001322387028813,0.17578276667188866,0.05396328698837466,True
20260718,M1,case_td003_pa050_pp0_3_gamma_010__steady,tpe,56,2.3940741699561285,0.10150872683632847,0.08348831315587445,2.5865540380503065,0.06710610481448452,0.08001322387028813,0.16731739032145948,0.05396328698837466,True
20260718,M1,case_td003_pa050_pp0_3_gamma_010__steady,tpe,57,2.7260568874917714,0.0867534037771449,0.07387808393858357,2.5865540380503065,0.06710610481448452,0.08001322387028813,0.20573970032143926,0.05396328698837466,True
20260718,M1,case_td003_pa050_pp0_3_gamma_010__steady,tpe,58,4.264383608296826,0.11139913296483403,0.04608210799088831,2.5865540380503065,0.06710610481448452,0.08001322387028813,0.9384311895555263,0.05396328698837466,True
20260718,M1,case_td003_pa050_pp0_3_gamma_010__steady,tpe,59,2.3162170021310553,0.07746088804370385,0.08254763690243878,2.5865540380503065,0.06710610481448452,0.08001322387028813,0.05826982347870488,0.05396328698837466,True
20260718,M1,case_td003_pa050_pp0_3_gamma_010__steady,tpe,60,4.98152472213768,0.06519803352189942,0.041322960000025985,2.5865540380503065,0.06710610481448452,0.08001322387028813,0.6628371797970194,0.05396328698837466,True
20260718,M1,case_td003_pa050_pp0_3_gamma_010__steady,tpe,61,1.6697534608572624,0.08552405193137394,0.07899594023350807,2.5865540380503065,0.06710610481448452,0.08001322387028813,0.23623549208419387,0.05396328698837466,True
20260718,M1,case_td003_pa050_pp0_3_gamma_010__steady,tpe,62,2.483529531452462,0.08546189087217507,0.07908837557680429,2.5865540380503065,0.06710610481448452,0.08001322387028813,0.11002615730311689,0.05396328698837466,True
20260718,M1,case_td003_pa050_pp0_3_gamma_010__steady,tpe,63,2.33667418721507,0.05616320230182451,0.0833846591827517,2.5865540380503065,0.06710610481448452,0.08001322387028813,0.16461348634535258,0.05396328698837466,True
20260718,M1,case_td003_pa050_pp0_3_gamma_010__steady,tpe,64,2.647670509864853,0.07516056825287601,0.08532419334058589,2.5865540380503065,0.06710610481448452,0.08001322387028813,0.10220046310142215,0.05396328698837466,True
20260718,M1,case_td003_pa050_pp0_3_gamma_010__steady,tpe,65,2.059825305140074,0.08049433116887685,0.08647069104999355,2.5865540380503065,0.06710610481448452,0.08001322387028813,0.1148786432722935,0.05396328698837466,True
20260718,M1,case_td003_pa050_pp0_3_gamma_010__steady,tpe,66,3.7105474013021946,0.10394674139231769,0.08680953911924276,2.5865540380503065,0.06710610481448452,0.08001322387028813,0.6973752577216722,0.05396328698837466,True
20260718,M1,case_td003_pa050_pp0_3_gamma_010__steady,tpe,67,2.1408364958124966,0.08318144220669878,0.06272397949302222,2.5865540380503065,0.06710610481448452,0.08001322387028813,0.07861156057306513,0.05396328698837466,True
20260718,M1,case_td003_pa050_pp0_3_gamma_010__steady,tpe,68,4.679057041784413,0.07749198915048894,0.0765804508116465,2.5865540380503065,0.06710610481448452,0.08001322387028813,0.7313223327655525,0.05396328698837466,True
20260718,M1,case_td003_pa050_pp0_3_gamma_010__steady,tpe,69,2.0262542159292654,0.09795816733528222,0.09534928548527277,2.5865540380503065,0.06710610481448452,0.08001322387028813,0.06051199641031625,0.05396328698837466,True
20260718,M1,case_td003_pa050_pp0_3_gamma_010__steady,tpe,70,4.968518880688288,0.18903366028825294,0.07110956779371276,2.5865540380503065,0.06710610481448452,0.08001322387028813,1.7115399420883108,0.05396328698837466,True
20260718,M1,case_td003_pa050_pp0_3_gamma_010__steady,tpe,71,1.8900620663650534,0.08934679643852095,0.09482607252742103,2.5865540380503065,0.06710610481448452,0.08001322387028813,0.13352474109460663,0.05396328698837466,True
20260718,M1,case_td003_pa050_pp0_3_gamma_010__steady,tpe,72,2.0252322966553744,0.09696255785172807,0.08920771648912618,2.5865540380503065,0.06710610481448452,0.08001322387028813,0.0626048872082756,0.05396328698837466,True
20260718,M1,case_td003_pa050_pp0_3_gamma_010__steady,tpe,73,1.3908793122280003,0.09926418199428574,0.0930869032619573,2.5865540380503065,0.06710610481448452,0.08001322387028813,0.29204292670819687,0.05396328698837466,True
20260718,M1,case_td003_pa050_pp0_3_gamma_010__steady,tpe,74,1.9671632310114264,0.12473818032220998,0.09330722589658469,2.5865540380503065,0.06710610481448452,0.08001322387028813,0.09471071369406676,0.05396328698837466,True
20260718,M1,case_td003_pa050_pp0_3_gamma_010__steady,tpe,75,1.6464453121273162,0.10461874158467874,0.08425260330742423,2.5865540380503065,0.06710610481448452,0.08001322387028813,0.1686169955197386,0.05396328698837466,True
20260718,M1,case_td003_pa050_pp0_3_gamma_010__steady,tpe,76,2.351668144591071,0.1150551484736836,0.09479121231235882,2.5865540380503065,0.06710610481448452,0.08001322387028813,0.22089506452242677,0.05396328698837466,True
20260718,M1,case_td003_pa050_pp0_3_gamma_010__steady,tpe,77,2.0582265134809092,0.09972113476551689,0.0896055203346912,2.5865540380503065,0.06710610481448452,0.08001322387028813,0.05701674200748392,0.05396328698837466,True
20260718,M1,case_td003_pa050_pp0_3_gamma_010__steady,tpe,78,2.346236185515833,0.09174179230912466,0.08887863180604759,2.5865540380503065,0.06710610481448452,0.08001322387028813,0.09771728254100616,0.05396328698837466,True
20260718,M1,case_td003_pa050_pp0_3_gamma_010__steady,tpe,79,2.2351069262810195,0.08687928388499384,0.08247998021637834,2.5865540380503065,0.06710610481448452,0.08001322387028813,0.05553927019729367,0.05396328698837466,True
20260718,M1,case_td003_pa050_pp0_3_gamma_010__steady,tpe,80,1.632016408219644,0.07881130000038927,0.08465830994460719,2.5865540380503065,0.06710610481448452,0.08001322387028813,0.27931158893353836,0.05396328698837466,True
20260718,M1,case_td003_pa050_pp0_3_gamma_010__steady,tpe,81,2.350678375572212,0.09528372940530207,0.07897679135234295,2.5865540380503065,0.06710610481448452,0.08001322387028813,0.11654399578338676,0.05396328698837466,True
20260718,M1,case_td003_pa050_pp0_3_gamma_010__steady,tpe,82,3.072534572291279,0.05145384052949005,0.07342845876637788,2.5865540380503065,0.06710610481448452,0.08001322387028813,0.06377730502546242,0.05396328698837466,True
20260718,M1,case_td003_pa050_pp0_3_gamma_010__steady,tpe,83,3.20232387930282,0.07009782118915237,0.04535769071671863,2.5865540380503065,0.06710610481448452,0.08001322387028813,0.23906279518822213,0.05396328698837466,True
20260718,M1,case_td003_pa050_pp0_3_gamma_010__steady,tpe,84,2.1600149619220526,0.08088805855067219,0.07604678415654795,2.5865540380503065,0.06710610481448452,0.08001322387028813,0.0816489573152513,0.05396328698837466,True
20260718,M1,case_td003_pa050_pp0_3_gamma_010__steady,tpe,85,2.2361702503429655,0.08995568126659488,0.09955763460832759,2.5865540380503065,0.06710610481448452,0.08001322387028813,0.06124784805365242,0.05396328698837466,True
20260718,M1,case_td003_pa050_pp0_3_gamma_010__steady,tpe,86,2.337943989479259,0.11564642049109419,0.08274418063550787,2.5865540380503065,0.06710610481448452,0.08001322387028813,0.21647518713196306,0.05396328698837466,True
20260718,M1,case_td003_pa050_pp0_3_gamma_010__steady,tpe,87,2.4715297963738725,0.07555894795645345,0.08546135823582526,2.5865540380503065,0.06710610481448452,0.08001322387028813,0.059650990280780955,0.05396328698837466,True
20260718,M1,case_td003_pa050_pp0_3_gamma_010__steady,tpe,88,3.2177905279478685,0.14183792369343937,0.0987740623639999,2.5865540380503065,0.06710610481448452,0.08001322387028813,0.7566865193799474,0.05396328698837466,True
20260718,M1,case_td003_pa050_pp0_3_gamma_010__steady,tpe,89,3.6789262929987863,0.19187919772237638,0.058834790509744155,2.5865540380503065,0.06710610481448452,0.08001322387028813,1.198455632460703,0.05396328698837466,True
20260718,M1,case_td003_pa050_pp0_3_gamma_010__steady,tpe,90,2.392273958996345,0.08397437341158646,0.09007880137108576,2.5865540380503065,0.06710610481448452,0.08001322387028813,0.07481517154809299,0.05396328698837466,True
20260718,M1,case_td003_pa050_pp0_3_gamma_010__steady,tpe,91,2.1157800066897243,0.08231802313109922,0.08505039338970985,2.5865540380503065,0.06710610481448452,0.08001322387028813,0.08802429009844862,0.05396328698837466,True
20260718,M1,case_td003_pa050_pp0_3_gamma_010__steady,tpe,92,2.066102776421357,0.07009778656442842,0.07636012484367899,2.5865540380503065,0.06710610481448452,0.08001322387028813,0.16856838313273306,0.05396328698837466,True
20260718,M1,case_td003_pa050_pp0_3_gamma_010__steady,tpe,93,2.710683997851482,0.08539488457570502,0.08752573746384759,2.5865540380503065,0.06710610481448452,0.08001322387028813,0.19195971711512594,0.05396328698837466,True
20260718,M1,case_td003_pa050_pp0_3_gamma_010__steady,tpe,94,2.4954377517958437,0.06587002775831477,0.08024211328802823,2.5865540380503065,0.06710610481448452,0.08001322387028813,0.06390011228677954,0.05396328698837466,True
20260718,M1,case_td003_pa050_pp0_3_gamma_010__steady,tpe,95,3.294688325763953,0.09371236725067586,0.08516394148411588,2.5865540380503065,0.06710610481448452,0.08001322387028813,0.4683679416664705,0.05396328698837466,True
20260718,M1,case_td003_pa050_pp0_3_gamma_010__steady,tpe,96,3.220533599044313,0.06003721725653009,0.08542054867064938,2.5865540380503065,0.06710610481448452,0.08001322387028813,0.16344532767217154,0.05396328698837466,True
20260718,M1,case_td003_pa050_pp0_3_gamma_010__steady,tpe,97,4.500454151434318,0.1682954752675779,0.09694146240380672,2.5865540380503065,0.06710610481448452,0.08001322387028813,1.4287436083467948,0.05396328698837466,True
20260718,M1,case_td003_pa050_pp0_3_gamma_010__steady,tpe,98,2.6489244669881806,0.07703311625541717,0.0687347752762214,2.5865540380503065,0.06710610481448452,0.08001322387028813,0.11300953404479516,0.05396328698837466,True
20260718,M1,case_td003_pa050_pp0_3_gamma_010__steady,tpe,99,2.4579393456439824,0.07050479591144174,0.08250781443879492,2.5865540380503065,0.06710610481448452,0.08001322387028813,0.05592975375402418,0.05396328698837466,True
20260718,M1,case_td003_pa050_pp0_3_gamma_010__steady,tpe,100,1.7892791643781338,0.07122333441263924,0.08253323246039149,2.5865540380503065,0.06710610481448452,0.08001322387028813,0.2586820552323749,0.05396328698837466,True
20260718,M1,case_td003_pa050_pp0_3_gamma_010__steady,random,1,3.0,0.125,0.07,3.0,0.125,0.07,0.5628434392461068,0.5628434392461068,True
20260718,M1,case_td003_pa050_pp0_3_gamma_010__steady,random,2,4.705511103480325,0.17493828395902883,0.0707109727311502,3.0,0.125,0.07,1.5396501227410424,0.5628434392461068,True
20260718,M1,case_td003_pa050_pp0_3_gamma_010__steady,random,3,2.7910661740998313,0.12373528215801699,0.04739793618249252,2.7910661740998313,0.12373528215801699,0.04739793618249252,0.4588140346772463,0.4588140346772463,True
20260718,M1,case_td003_pa050_pp0_3_gamma_010__steady,random,4,2.2245870555521634,0.12689051919022504,0.05473364381771522,2.2245870555521634,0.12689051919022504,0.05473364381771522,0.2118040019297114,0.2118040019297114,True
20260718,M1,case_td003_pa050_pp0_3_gamma_010__steady,random,5,2.774309393567162,0.05535721312375357,0.061751596457716273,2.774309393567162,0.05535721312375357,0.061751596457716273,0.059134330165302035,0.059134330165302035,True
20260718,M1,case_td003_pa050_pp0_3_gamma_010__steady,random,6,2.9378765544472243,0.17677117267695946,0.08722728101251417,2.774309393567162,0.05535721312375357,0.061751596457716273,0.7802176437527598,0.059134330165302035,True
20260718,M1,case_td003_pa050_pp0_3_gamma_010__steady,random,7,3.0023447658312077,0.07277405270143378,0.07614658505018196,2.774309393567162,0.05535721312375357,0.061751596457716273,0.1999091245675562,0.059134330165302035,True
20260718,M1,case_td003_pa050_pp0_3_gamma_010__steady,random,8,3.824798383694348,0.10590802778159122,0.09886981859646045,2.774309393567162,0.05535721312375357,0.061751596457716273,0.7526357463406851,0.059134330165302035,True
20260718,M1,case_td003_pa050_pp0_3_gamma_010__steady,random,9,1.9907646533151788,0.1896317464782014,0.08176188135478571,2.774309393567162,0.05535721312375357,0.061751596457716273,0.30402533595111764,0.059134330165302035,True
20260718,M1,case_td003_pa050_pp0_3_gamma_010__steady,random,10,1.7221023846417407,0.18909493997514493,0.09274858385839335,2.774309393567162,0.05535721312375357,0.061751596457716273,0.15670375675780077,0.059134330165302035,True
20260718,M1,case_td003_pa050_pp0_3_gamma_010__steady,random,11,4.4109422846498205,0.1260791724195477,0.0862090753739955,2.774309393567162,0.05535721312375357,0.061751596457716273,1.1090864226593582,0.059134330165302035,True
20260718,M1,case_td003_pa050_pp0_3_gamma_010__steady,random,12,2.6803844722798926,0.05129669930657993,0.09754311251113443,2.774309393567162,0.05535721312375357,0.061751596457716273,0.09874283631760318,0.059134330165302035,True
20260718,M1,case_td003_pa050_pp0_3_gamma_010__steady,random,13,3.1356734970432054,0.08953845772012675,0.043310341349536326,2.774309393567162,0.05535721312375357,0.061751596457716273,0.37336383649639043,0.059134330165302035,True
20260718,M1,case_td003_pa050_pp0_3_gamma_010__steady,random,14,2.413548928176057,0.1600081102195792,0.0685217575101278,2.774309393567162,0.05535721312375357,0.061751596457716273,0.440925248668132,0.059134330165302035,True
20260718,M1,case_td003_pa050_pp0_3_gamma_010__steady,random,15,2.296582832834711,0.1894388163714269,0.06338750631973777,2.774309393567162,0.05535721312375357,0.061751596457716273,0.4729055697705377,0.059134330165302035,True
20260718,M1,case_td003_pa050_pp0_3_gamma_010__steady,random,16,3.380534633390042,0.18040103495347587,0.04651259247185634,2.774309393567162,0.05535721312375357,0.061751596457716273,1.0072005631008343,0.059134330165302035,True
20260718,M1,case_td003_pa050_pp0_3_gamma_010__steady,random,17,2.5084996908790123,0.1391937966229346,0.09414983676988051,2.774309393567162,0.05535721312375357,0.061751596457716273,0.40890979451711496,0.059134330165302035,True
20260718,M1,case_td003_pa050_pp0_3_gamma_010__steady,random,18,4.45634367628962,0.059476294902143206,0.07647308411569578,2.774309393567162,0.05535721312375357,0.061751596457716273,0.48455694101062774,0.059134330165302035,True
20260718,M1,case_td003_pa050_pp0_3_gamma_010__steady,random,19,1.9540461260118893,0.14404669455639377,0.07514550176547094,2.774309393567162,0.05535721312375357,0.061751596457716273,0.14972643636926575,0.059134330165302035,True
20260718,M1,case_td003_pa050_pp0_3_gamma_010__steady,random,20,3.9908304930461096,0.0717478338468365,0.05506656823440226,2.774309393567162,0.05535721312375357,0.061751596457716273,0.4912953907979746,0.059134330165302035,True
20260718,M1,case_td003_pa050_pp0_3_gamma_010__steady,random,21,3.350378966590826,0.11620927566689887,0.07488533940812164,2.774309393567162,0.05535721312375357,0.061751596457716273,0.6541781787541618,0.059134330165302035,True
20260718,M1,case_td003_pa050_pp0_3_gamma_010__steady,random,22,1.1015917727478954,0.1625785018642431,0.08773932372388749,2.774309393567162,0.05535721312375357,0.061751596457716273,0.26324953958906633,0.059134330165302035,True
20260718,M1,case_td003_pa050_pp0_3_gamma_010__steady,random,23,4.808269567751635,0.08393195819091095,0.07484189700731447,2.774309393567162,0.05535721312375357,0.061751596457716273,0.8306639700654115,0.059134330165302035,True
20260718,M1,case_td003_pa050_pp0_3_gamma_010__steady,random,24,2.569514842630377,0.11900637066355065,0.053552478092015354,2.774309393567162,0.05535721312375357,0.061751596457716273,0.33412229443087244,0.059134330165302035,True
20260718,M1,case_td003_pa050_pp0_3_gamma_010__steady,random,25,3.9779297635043545,0.07859167969151779,0.06787377727481246,2.774309393567162,0.05535721312375357,0.061751596457716273,0.555820698442229,0.059134330165302035,True
20260718,M1,case_td003_pa050_pp0_3_gamma_010__steady,random,26,3.7730125714040623,0.15063792461768438,0.06624807069143858,2.774309393567162,0.05535721312375357,0.061751596457716273,1.040881893769371,0.059134330165302035,True
20260718,M1,case_td003_pa050_pp0_3_gamma_010__steady,random,27,2.3402833741533735,0.0974167964385449,0.04289169044503412,2.774309393567162,0.05535721312375357,0.061751596457716273,0.11892781171283598,0.059134330165302035,True
20260718,M1,case_td003_pa050_pp0_3_gamma_010__steady,random,28,4.527307190172671,0.11689591658489422,0.07987411709947116,2.774309393567162,0.05535721312375357,0.061751596457716273,1.0697804275936964,0.059134330165302035,True
20260718,M1,case_td003_pa050_pp0_3_gamma_010__steady,random,29,1.35912635473694,0.16119517247437648,0.05505859551944557,2.774309393567162,0.05535721312375357,0.061751596457716273,0.14639717884342193,0.059134330165302035,True
20260718,M1,case_td003_pa050_pp0_3_gamma_010__steady,random,30,4.150188111437367,0.10718577070558777,0.061766258758934295,2.774309393567162,0.05535721312375357,0.061751596457716273,0.868731848845665,0.059134330165302035,True
20260718,M1,case_td003_pa050_pp0_3_gamma_010__steady,random,31,2.5549020976503485,0.09263423224494163,0.05582087735507889,2.774309393567162,0.05535721312375357,0.061751596457716273,0.17654409616362715,0.059134330165302035,True
20260718,M1,case_td003_pa050_pp0_3_gamma_010__steady,random,32,2.2752837038326716,0.056047097708780615,0.09753519600062475,2.774309393567162,0.05535721312375357,0.061751596457716273,0.18324881271351806,0.059134330165302035,True
20260718,M1,case_td003_pa050_pp0_3_gamma_010__steady,random,33,3.5946413484882265,0.11961580733831276,0.07376951600776041,2.774309393567162,0.05535721312375357,0.061751596457716273,0.7728034193756143,0.059134330165302035,True
20260718,M1,case_td003_pa050_pp0_3_gamma_010__steady,random,34,3.026895825293343,0.1742989594311046,0.05372421892313867,2.774309393567162,0.05535721312375357,0.061751596457716273,0.810076442011729,0.059134330165302035,True
20260718,M1,case_td003_pa050_pp0_3_gamma_010__steady,random,35,1.5380164854720735,0.05632783964219824,0.04261507664688617,2.774309393567162,0.05535721312375357,0.061751596457716273,0.41688459375969517,0.059134330165302035,True
20260718,M1,case_td003_pa050_pp0_3_gamma_010__steady,random,36,2.701187750154672,0.09404653541401625,0.09587670337464506,2.774309393567162,0.05535721312375357,0.061751596457716273,0.2468081447059133,0.059134330165302035,True
20260718,M1,case_td003_pa050_pp0_3_gamma_010__steady,random,37,4.558868717391997,0.12502682356757205,0.08761254597717036,2.774309393567162,0.05535721312375357,0.061751596457716273,1.1473003352512583,0.059134330165302035,True
20260718,M1,case_td003_pa050_pp0_3_gamma_010__steady,random,38,2.5737979126323136,0.16280942121850517,0.062490154728648585,2.774309393567162,0.05535721312375357,0.061751596457716273,0.5343680546846039,0.059134330165302035,True
20260718,M1,case_td003_pa050_pp0_3_gamma_010__steady,random,39,4.667706597244226,0.061182623395143576,0.07618365973345909,2.774309393567162,0.05535721312375357,0.061751596457716273,0.5519357206235533,0.059134330165302035,True
20260718,M1,case_td003_pa050_pp0_3_gamma_010__steady,random,40,1.4817628503349525,0.07698420746436471,0.04303167054877335,2.774309393567162,0.05535721312375357,0.061751596457716273,0.34594317025711063,0.059134330165302035,True
20260718,M1,case_td003_pa050_pp0_3_gamma_010__steady,random,41,1.1277031152596413,0.14695469515405768,0.04514857953780814,2.774309393567162,0.05535721312375357,0.061751596457716273,0.28673258245493166,0.059134330165302035,True
20260718,M1,case_td003_pa050_pp0_3_gamma_010__steady,random,42,1.3472967984147233,0.10376679844896686,0.06109117091376971,2.774309393567162,0.05535721312375357,0.061751596457716273,0.2984270690492671,0.059134330165302035,True
20260718,M1,case_td003_pa050_pp0_3_gamma_010__steady,random,43,1.4857792192345713,0.12725840572076344,0.09998644358315026,2.774309393567162,0.05535721312375357,0.061751596457716273,0.16399408590619638,0.059134330165302035,True
20260718,M1,case_td003_pa050_pp0_3_gamma_010__steady,random,44,2.7325608792704883,0.15582986656307685,0.09194542726070552,2.774309393567162,0.05535721312375357,0.061751596457716273,0.5923686715692799,0.059134330165302035,True
20260718,M1,case_td003_pa050_pp0_3_gamma_010__steady,random,45,2.6554623340698065,0.08668568407223236,0.05171712199734092,2.774309393567162,0.05535721312375357,0.061751596457716273,0.1762479458468122,0.059134330165302035,True
20260718,M1,case_td003_pa050_pp0_3_gamma_010__steady,random,46,2.4424312432361144,0.11451450271006915,0.05093037723631281,2.774309393567162,0.05535721312375357,0.061751596457716273,0.25286704176321684,0.059134330165302035,True
20260718,M1,case_td003_pa050_pp0_3_gamma_010__steady,random,47,1.4347288073750795,0.16393320573147666,0.06399035525588515,2.774309393567162,0.05535721312375357,0.061751596457716273,0.1058734792545913,0.059134330165302035,True
20260718,M1,case_td003_pa050_pp0_3_gamma_010__steady,random,48,2.2940473533385606,0.12414818290474666,0.09166693792996583,2.774309393567162,0.05535721312375357,0.061751596457716273,0.23752436292249174,0.059134330165302035,True
20260718,M1,case_td003_pa050_pp0_3_gamma_010__steady,random,49,4.986708733630026,0.06503624694148953,0.08756767876351873,2.774309393567162,0.05535721312375357,0.061751596457716273,0.6652178776986939,0.059134330165302035,True
20260718,M1,case_td003_pa050_pp0_3_gamma_010__steady,random,50,3.3980019247012154,0.10334095561812903,0.059217994463983514,2.774309393567162,0.05535721312375357,0.061751596457716273,0.5779526644210522,0.059134330165302035,True
20260718,M1,case_td003_pa050_pp0_3_gamma_010__steady,random,51,3.2671633526114676,0.13989334492980604,0.045152802139704365,2.774309393567162,0.05535721312375357,0.061751596457716273,0.7606281761768492,0.059134330165302035,True
20260718,M1,case_td003_pa050_pp0_3_gamma_010__steady,random,52,2.4676051395083194,0.06406067892641125,0.0577188390945122,2.774309393567162,0.05535721312375357,0.061751596457716273,0.08012790883814004,0.059134330165302035,True
20260718,M1,case_td003_pa050_pp0_3_gamma_010__steady,random,53,1.252271764584337,0.10798852764989242,0.040705157411327,2.774309393567162,0.05535721312375357,0.061751596457716273,0.32708967323582855,0.059134330165302035,True
20260718,M1,case_td003_pa050_pp0_3_gamma_010__steady,random,54,4.08819848845517,0.09596885188031967,0.0927763685353522,2.774309393567162,0.05535721312375357,0.061751596457716273,0.7521824191666013,0.059134330165302035,True
20260718,M1,case_td003_pa050_pp0_3_gamma_010__steady,random,55,2.3945400073057845,0.0857149063422763,0.09650914728553045,2.774309393567162,0.05535721312375357,0.061751596457716273,0.08390229131183367,0.059134330165302035,True
20260718,M1,case_td003_pa050_pp0_3_gamma_010__steady,random,56,1.789369714046158,0.10230621931169831,0.06669975373909372,2.774309393567162,0.05535721312375357,0.061751596457716273,0.12134598094231726,0.059134330165302035,True
20260718,M1,case_td003_pa050_pp0_3_gamma_010__steady,random,57,3.7860219556053094,0.057186976363610614,0.09015428649405163,2.774309393567162,0.05535721312375357,0.061751596457716273,0.29385799148397385,0.059134330165302035,True
20260718,M1,case_td003_pa050_pp0_3_gamma_010__steady,random,58,4.8933766190255685,0.14689127441936628,0.07555031743311744,2.774309393567162,0.05535721312375357,0.061751596457716273,1.4193781657761393,0.059134330165302035,True
20260718,M1,case_td003_pa050_pp0_3_gamma_010__steady,random,59,2.4582170507953176,0.1923211377367688,0.06816032756679252,2.774309393567162,0.05535721312375357,0.061751596457716273,0.5730462814938915,0.059134330165302035,True
20260718,M1,case_td003_pa050_pp0_3_gamma_010__steady,random,60,3.0876989568951627,0.17834993455740722,0.0588990265618005,2.774309393567162,0.05535721312375357,0.061751596457716273,0.8577535317342837,0.059134330165302035,True
20260718,M1,case_td003_pa050_pp0_3_gamma_010__steady,random,61,1.9844339966379008,0.19535760038802147,0.06615761129177174,2.774309393567162,0.05535721312375357,0.061751596457716273,0.31331743916478794,0.059134330165302035,True
20260718,M1,case_td003_pa050_pp0_3_gamma_010__steady,random,62,1.1230453264225702,0.08519749101213941,0.09867234469529526,2.774309393567162,0.05535721312375357,0.061751596457716273,0.4376456267368824,0.059134330165302035,True
20260718,M1,case_td003_pa050_pp0_3_gamma_010__steady,random,63,3.3398538439981578,0.06193423731297014,0.05198895595060135,2.774309393567162,0.05535721312375357,0.061751596457716273,0.211374140014556,0.059134330165302035,True
20260718,M1,case_td003_pa050_pp0_3_gamma_010__steady,random,64,4.80883902429091,0.09243222282139037,0.04590968803368155,2.774309393567162,0.05535721312375357,0.061751596457716273,0.9157801701289373,0.059134330165302035,True
20260718,M1,case_td003_pa050_pp0_3_gamma_010__steady,random,65,3.3135609370505734,0.06198962305546035,0.069590359621693,2.774309393567162,0.05535721312375357,0.061751596457716273,0.2060983147432465,0.059134330165302035,True
20260718,M1,case_td003_pa050_pp0_3_gamma_010__steady,random,66,1.5780038461131305,0.06722494319223161,0.058056641166000095,2.774309393567162,0.05535721312375357,0.061751596457716273,0.3529652459183466,0.059134330165302035,True
20260718,M1,case_td003_pa050_pp0_3_gamma_010__steady,random,67,3.8014734299641892,0.16053460129851754,0.07763491222113647,2.774309393567162,0.05535721312375357,0.061751596457716273,1.1091405962757566,0.059134330165302035,True
20260718,M1,case_td003_pa050_pp0_3_gamma_010__steady,random,68,4.810735444702077,0.05402126372239081,0.08089241112261576,2.774309393567162,0.05535721312375357,0.061751596457716273,0.5036983686021073,0.059134330165302035,True
20260718,M1,case_td003_pa050_pp0_3_gamma_010__steady,random,69,1.002237637913269,0.05120712254054574,0.09844174719627491,2.774309393567162,0.05535721312375357,0.061751596457716273,0.579978302201983,0.059134330165302035,True
20260718,M1,case_td003_pa050_pp0_3_gamma_010__steady,random,70,1.2549623632509324,0.06557907497078426,0.04295775900103543,2.774309393567162,0.05535721312375357,0.061751596457716273,0.4654528687166831,0.059134330165302035,True
20260718,M1,case_td003_pa050_pp0_3_gamma_010__steady,random,71,2.9408751769605908,0.09418151278437936,0.060182286748744956,2.774309393567162,0.05535721312375357,0.061751596457716273,0.33752759954880557,0.059134330165302035,True
20260718,M1,case_td003_pa050_pp0_3_gamma_010__steady,random,72,3.5434205144606428,0.09055067195158756,0.09577661684812187,2.774309393567162,0.05535721312375357,0.061751596457716273,0.5295920766289937,0.059134330165302035,True
20260718,M1,case_td003_pa050_pp0_3_gamma_010__steady,random,73,1.3824378870436909,0.11214413107625265,0.07997339092505823,2.774309393567162,0.05535721312375357,0.061751596457716273,0.2556076588849548,0.059134330165302035,True
20260718,M1,case_td003_pa050_pp0_3_gamma_010__steady,random,74,2.2784115476409665,0.19952690692270675,0.08758839418704457,2.774309393567162,0.05535721312375357,0.061751596457716273,0.49601718499280895,0.059134330165302035,True
20260718,M1,case_td003_pa050_pp0_3_gamma_010__steady,random,75,1.6435387564375157,0.13589117802762352,0.05594261724711355,2.774309393567162,0.05535721312375357,0.061751596457716273,0.08123964052790933,0.059134330165302035,True
20260718,M1,case_td003_pa050_pp0_3_gamma_010__steady,random,76,1.1999917219891496,0.16912814690838257,0.08378032427870707,2.774309393567162,0.05535721312375357,0.061751596457716273,0.20357135413446661,0.059134330165302035,True
20260718,M1,case_td003_pa050_pp0_3_gamma_010__steady,random,77,4.656501887800287,0.13469560700096245,0.072967762139658,2.774309393567162,0.05535721312375357,0.061751596457716273,1.2536682577836726,0.059134330165302035,True
20260718,M1,case_td003_pa050_pp0_3_gamma_010__steady,random,78,2.3558656660278983,0.11902341274984776,0.0987978149875958,2.774309393567162,0.05535721312375357,0.061751596457716273,0.24263044699861014,0.059134330165302035,True
20260718,M1,case_td003_pa050_pp0_3_gamma_010__steady,random,79,2.598194027336304,0.14504807348579057,0.09648888933166358,2.774309393567162,0.05535721312375357,0.061751596457716273,0.47930789438466676,0.059134330165302035,True
20260718,M1,case_td003_pa050_pp0_3_gamma_010__steady,random,80,4.887580977420789,0.10023824718984427,0.06683726968432573,2.774309393567162,0.05535721312375357,0.061751596457716273,1.0160344934278198,0.059134330165302035,True
20260718,M1,case_td003_pa050_pp0_3_gamma_010__steady,random,81,3.660632242383612,0.1398363059305166,0.04093398006539526,2.774309393567162,0.05535721312375357,0.061751596457716273,0.9261552884858318,0.059134330165302035,True
20260718,M1,case_td003_pa050_pp0_3_gamma_010__steady,random,82,4.270001590472753,0.18588994914036944,0.06793522534796448,2.774309393567162,0.05535721312375357,0.061751596457716273,1.431134085794068,0.059134330165302035,True
20260718,M1,case_td003_pa050_pp0_3_gamma_010__steady,random,83,2.7160691604853917,0.19041455262252066,0.058282328928055606,2.774309393567162,0.05535721312375357,0.061751596457716273,0.7067790761185146,0.059134330165302035,True
20260718,M1,case_td003_pa050_pp0_3_gamma_010__steady,random,84,3.8311343763445582,0.05306079106485767,0.04348515104120214,2.774309393567162,0.05535721312375357,0.061751596457716273,0.26105608648311973,0.059134330165302035,True
20260718,M1,case_td003_pa050_pp0_3_gamma_010__steady,random,85,4.773191456233151,0.18879624195009187,0.05059307405784681,2.774309393567162,0.05535721312375357,0.061751596457716273,1.636834003271186,0.059134330165302035,True
20260718,M1,case_td003_pa050_pp0_3_gamma_010__steady,random,86,2.3928999866194167,0.118996021676032,0.06975109823895617,2.774309393567162,0.05535721312375357,0.061751596457716273,0.25616702950927217,0.059134330165302035,True
20260718,M1,case_td003_pa050_pp0_3_gamma_010__steady,random,87,4.521140273566788,0.15884406751114055,0.06553068508015576,2.774309393567162,0.05535721312375357,0.061751596457716273,1.3764180234874948,0.059134330165302035,True
20260718,M1,case_td003_pa050_pp0_3_gamma_010__steady,random,88,3.7049244707040536,0.17569987165748757,0.060018418683779384,2.774309393567162,0.05535721312375357,0.061751596457716273,1.1400875494652365,0.059134330165302035,True
20260718,M1,case_td003_pa050_pp0_3_gamma_010__steady,random,89,1.0735268117190393,0.19092410166550838,0.04409326795909603,2.774309393567162,0.05535721312375357,0.061751596457716273,0.2291044783195996,0.059134330165302035,True
20260718,M1,case_td003_pa050_pp0_3_gamma_010__steady,random,90,1.2978201443882051,0.19085576900612966,0.054708755459008024,2.774309393567162,0.05535721312375357,0.061751596457716273,0.11895845803917136,0.059134330165302035,True
20260718,M1,case_td003_pa050_pp0_3_gamma_010__steady,random,91,4.348187179956163,0.07013466609955106,0.04331640609656725,2.774309393567162,0.05535721312375357,0.061751596457716273,0.5683091369944523,0.059134330165302035,True
20260718,M1,case_td003_pa050_pp0_3_gamma_010__steady,random,92,2.160852343708878,0.13203198804801047,0.05229241931232033,2.774309393567162,0.05535721312375357,0.061751596457716273,0.20229082243145985,0.059134330165302035,True
20260718,M1,case_td003_pa050_pp0_3_gamma_010__steady,random,93,3.133550709830951,0.10408187397988912,0.04143201382044852,2.774309393567162,0.05535721312375357,0.061751596457716273,0.479313871367444,0.059134330165302035,True
20260718,M1,case_td003_pa050_pp0_3_gamma_010__steady,random,94,2.902704903279848,0.05056481763801428,0.06304997545167948,2.774309393567162,0.05535721312375357,0.061751596457716273,0.05949544552587202,0.059134330165302035,True
20260718,M1,case_td003_pa050_pp0_3_gamma_010__steady,random,95,2.666781049614932,0.10766456793031041,0.07935075191039093,2.774309393567162,0.05535721312375357,0.061751596457716273,0.3168509545621577,0.059134330165302035,True
20260718,M1,case_td003_pa050_pp0_3_gamma_010__steady,random,96,1.187262731524449,0.09820996335834842,0.09321732025816071,2.774309393567162,0.05535721312375357,0.061751596457716273,0.375597645169836,0.059134330165302035,True
20260718,M1,case_td003_pa050_pp0_3_gamma_010__steady,random,97,1.3633314832517933,0.15518430403062977,0.04266194200808215,2.774309393567162,0.05535721312375357,0.061751596457716273,0.15872071128347467,0.059134330165302035,True
20260718,M1,case_td003_pa050_pp0_3_gamma_010__steady,random,98,2.0303940057780903,0.1089397380610847,0.06598336530818076,2.774309393567162,0.05535721312375357,0.061751596457716273,0.06560385683011118,0.059134330165302035,True
20260718,M1,case_td003_pa050_pp0_3_gamma_010__steady,random,99,1.445109722201385,0.1050627241316798,0.07298937366799765,2.774309393567162,0.05535721312375357,0.061751596457716273,0.25240096200381845,0.059134330165302035,True
20260718,M1,case_td003_pa050_pp0_3_gamma_010__steady,random,100,1.553828159524011,0.12048640536786585,0.04041040687666571,2.774309393567162,0.05535721312375357,0.061751596457716273,0.16063282923259067,0.059134330165302035,True
20260718,M2,case_td016_pp0_1_gamma_007__steady,cmaes,1,3.0,0.125,0.07,3.0,0.125,0.07,1.7278961645927335,1.7278961645927335,True
20260718,M2,case_td016_pp0_1_gamma_007__steady,cmaes,2,2.6341583421288997,0.09142592607144959,0.09796478780216777,2.6341583421288997,0.09142592607144959,0.09796478780216777,1.0923119127756227,1.0923119127756227,True
20260718,M2,case_td016_pp0_1_gamma_007__steady,cmaes,3,4.374305569951224,0.14981912897870428,0.07071691525881688,2.6341583421288997,0.09142592607144959,0.09796478780216777,2.9634624622768277,1.0923119127756227,True
20260718,M2,case_td016_pp0_1_gamma_007__steady,cmaes,4,3.5621588268666216,0.14960019758147824,0.09813528013779668,2.6341583421288997,0.09142592607144959,0.09796478780216777,2.4067778365077435,1.0923119127756227,True
20260718,M2,case_td016_pp0_1_gamma_007__steady,cmaes,5,2.7973360297757477,0.08649856147847142,0.08307713559540261,2.6341583421288997,0.09142592607144959,0.09796478780216777,1.1421464548497882,1.0923119127756227,True
20260718,M2,case_td016_pp0_1_gamma_007__steady,cmaes,6,2.070791779205593,0.10739867767837752,0.07445027698893164,2.070791779205593,0.10739867767837752,0.07445027698893164,0.8298135991159333,0.8298135991159333,True
20260718,M2,case_td016_pp0_1_gamma_007__steady,cmaes,7,3.499904043136034,0.1823703180026327,0.0766256567720971,2.070791779205593,0.10739867767837752,0.07445027698893164,2.6351778982961114,0.8298135991159333,True
20260718,M2,case_td016_pp0_1_gamma_007__steady,cmaes,8,2.9865245409471624,0.063443736234415,0.0774418642397801,2.070791779205593,0.10739867767837752,0.07445027698893164,0.944108918883487,0.8298135991159333,True
20260718,M2,case_td016_pp0_1_gamma_007__steady,cmaes,9,2.8927804828561356,0.12017356396279145,0.07313309376760915,2.070791779205593,0.10739867767837752,0.07445027698893164,1.5962502695640042,0.8298135991159333,True
20260718,M2,case_td016_pp0_1_gamma_007__steady,cmaes,10,1.247752705377948,0.1749804138951457,0.06687399761326152,1.247752705377948,0.1749804138951457,0.06687399761326152,0.49598065948451897,0.49598065948451897,True
20260718,M2,case_td016_pp0_1_gamma_007__steady,cmaes,11,2.8292905737141476,0.1616137512722541,0.05452487490749634,1.247752705377948,0.1749804138951457,0.06687399761326152,1.9010590698721528,0.49598065948451897,True
20260718,M2,case_td016_pp0_1_gamma_007__steady,cmaes,12,3.2219065715754582,0.13507411961541144,0.07604618502963459,1.247752705377948,0.1749804138951457,0.06687399761326152,2.0022121370085233,0.49598065948451897,True
20260718,M2,case_td016_pp0_1_gamma_007__steady,cmaes,13,2.8791024035713306,0.11809614209932867,0.0622469887716018,1.247752705377948,0.1749804138951457,0.06687399761326152,1.5618017238844015,0.49598065948451897,True
20260718,M2,case_td016_pp0_1_gamma_007__steady,cmaes,14,2.4227351819004617,0.07318758584168049,0.09235041112270163,1.247752705377948,0.1749804138951457,0.06687399761326152,0.7380540172341031,0.49598065948451897,True
20260718,M2,case_td016_pp0_1_gamma_007__steady,cmaes,15,1.7539841049150278,0.15241265300397344,0.07983733296067728,1.247752705377948,0.1749804138951457,0.06687399761326152,0.8613045863582071,0.49598065948451897,True
20260718,M2,case_td016_pp0_1_gamma_007__steady,cmaes,16,1.8269073792311294,0.07056458561208416,0.07691298818557118,1.8269073792311294,0.07056458561208416,0.07691298818557118,0.33251541129672324,0.33251541129672324,True
20260718,M2,case_td016_pp0_1_gamma_007__steady,cmaes,17,3.3246028180190867,0.08806915060531767,0.05906406864084013,1.8269073792311294,0.07056458561208416,0.07691298818557118,1.4953403490176276,0.33251541129672324,True
20260718,M2,case_td016_pp0_1_gamma_007__steady,cmaes,18,1.5702149333441855,0.13667849996116527,0.06741575334820506,1.8269073792311294,0.07056458561208416,0.07691298818557118,0.6106813128987757,0.33251541129672324,True
20260718,M2,case_td016_pp0_1_gamma_007__steady,cmaes,19,1.7407383267895629,0.1309767595868152,0.09072534589017071,1.8269073792311294,0.07056458561208416,0.07691298818557118,0.7292223746192523,0.33251541129672324,True
20260718,M2,case_td016_pp0_1_gamma_007__steady,cmaes,20,2.697791718800683,0.13750012370161796,0.08334770751934224,1.8269073792311294,0.07056458561208416,0.07691298818557118,1.6036958329194988,0.33251541129672324,True
20260718,M2,case_td016_pp0_1_gamma_007__steady,cmaes,21,1.836991407208604,0.16335364824630316,0.05947726107280113,1.8269073792311294,0.07056458561208416,0.07691298818557118,0.9926152463286622,0.33251541129672324,True
20260718,M2,case_td016_pp0_1_gamma_007__steady,cmaes,22,1.460170659824628,0.09560864980951378,0.06912691637629424,1.460170659824628,0.09560864980951378,0.06912691637629424,0.28122316275430087,0.28122316275430087,True
20260718,M2,case_td016_pp0_1_gamma_007__steady,cmaes,23,1.7056390088690698,0.10760155925598461,0.05273449327569041,1.460170659824628,0.09560864980951378,0.06912691637629424,0.54067314337745,0.28122316275430087,True
20260718,M2,case_td016_pp0_1_gamma_007__steady,cmaes,24,2.2619854600915557,0.1663354162285065,0.08906746961101161,1.460170659824628,0.09560864980951378,0.06912691637629424,1.4188592014350374,0.28122316275430087,True
20260718,M2,case_td016_pp0_1_gamma_007__steady,cmaes,25,2.5421860565428753,0.08848318220707604,0.08293105337859244,1.460170659824628,0.09560864980951378,0.06912691637629424,0.9932990562955935,0.28122316275430087,True
20260718,M2,case_td016_pp0_1_gamma_007__steady,cmaes,26,2.4567432621664165,0.07770463979026342,0.09349388375281227,1.460170659824628,0.09560864980951378,0.06912691637629424,0.8127107320619943,0.28122316275430087,True
20260718,M2,case_td016_pp0_1_gamma_007__steady,cmaes,27,1.7064054614583073,0.07034890831870355,0.08438692343896168,1.7064054614583073,0.07034890831870355,0.08438692343896168,0.25751493219784416,0.25751493219784416,True
20260718,M2,case_td016_pp0_1_gamma_007__steady,cmaes,28,1.428244207827507,0.05669158424061726,0.061223383159805383,1.428244207827507,0.05669158424061726,0.061223383159805383,0.04836892637985769,0.04836892637985769,True
20260718,M2,case_td016_pp0_1_gamma_007__steady,cmaes,29,2.4226501867192773,0.09590025476003541,0.07594429602375231,1.428244207827507,0.05669158424061726,0.061223383159805383,0.9886260522481751,0.04836892637985769,True
20260718,M2,case_td016_pp0_1_gamma_007__steady,cmaes,30,2.383639187892496,0.09244488755298731,0.04162140572852068,1.428244207827507,0.05669158424061726,0.061223383159805383,0.9158466062015548,0.04836892637985769,True
20260718,M2,case_td016_pp0_1_gamma_007__steady,cmaes,31,1.1696058836039716,0.0816661689387646,0.07076384034373265,1.1696058836039716,0.0816661689387646,0.07076384034373265,0.04260500486453202,0.04260500486453202,True
20260718,M2,case_td016_pp0_1_gamma_007__steady,cmaes,32,2.3499110196630357,0.05517144782611033,0.05135758873486995,1.1696058836039716,0.0816661689387646,0.07076384034373265,0.4748369946910426,0.04260500486453202,True
20260718,M2,case_td016_pp0_1_gamma_007__steady,cmaes,33,1.470802243614335,0.10957680213496568,0.08881304692925943,1.1696058836039716,0.0816661689387646,0.07076384034373265,0.37951616743517275,0.04260500486453202,True
20260718,M2,case_td016_pp0_1_gamma_007__steady,cmaes,34,1.5251229723105504,0.1062868346272354,0.04584501618499034,1.1696058836039716,0.0816661689387646,0.07076384034373265,0.39227532925355946,0.04260500486453202,True
20260718,M2,case_td016_pp0_1_gamma_007__steady,cmaes,35,1.8439768781033306,0.0873947505413612,0.0836854617519917,1.1696058836039716,0.0816661689387646,0.07076384034373265,0.4926549547515352,0.04260500486453202,True
20260718,M2,case_td016_pp0_1_gamma_007__steady,cmaes,36,1.9460277682399223,0.12406135019359377,0.07670259926439071,1.1696058836039716,0.0816661689387646,0.07076384034373265,0.8569189060173328,0.04260500486453202,True
20260718,M2,case_td016_pp0_1_gamma_007__steady,cmaes,37,1.8451281643820527,0.10597425244481096,0.09246392744785123,1.1696058836039716,0.0816661689387646,0.07076384034373265,0.6446091208405675,0.04260500486453202,True
20260718,M2,case_td016_pp0_1_gamma_007__steady,cmaes,38,1.265461825608452,0.11388554035881265,0.04496354007704861,1.1696058836039716,0.0816661689387646,0.07076384034373265,0.24131732145239188,0.04260500486453202,True
20260718,M2,case_td016_pp0_1_gamma_007__steady,cmaes,39,1.471315796486529,0.07137535179554322,0.0741683587555112,1.1696058836039716,0.0816661689387646,0.07076384034373265,0.12372053986620114,0.04260500486453202,True
20260718,M2,case_td016_pp0_1_gamma_007__steady,cmaes,40,2.195154785729377,0.0645265967729954,0.09299273455710762,1.1696058836039716,0.0816661689387646,0.07076384034373265,0.4997217439341994,0.04260500486453202,True
20260718,M2,case_td016_pp0_1_gamma_007__steady,cmaes,41,2.8653983541788683,0.08836155022907145,0.0873820320530197,1.1696058836039716,0.0816661689387646,0.07076384034373265,1.2111605145795394,0.04260500486453202,True
20260718,M2,case_td016_pp0_1_gamma_007__steady,cmaes,42,1.725020919090688,0.08716812576707117,0.06719118639296909,1.1696058836039716,0.0816661689387646,0.07076384034373265,0.4050859941307834,0.04260500486453202,True
20260718,M2,case_td016_pp0_1_gamma_007__steady,cmaes,43,2.8557389065677805,0.1339530613284629,0.07717608674214797,1.1696058836039716,0.0816661689387646,0.07076384034373265,1.7020877621949417,0.04260500486453202,True
20260718,M2,case_td016_pp0_1_gamma_007__steady,cmaes,44,1.7489165226017571,0.14659091675111366,0.06273962178176686,1.1696058836039716,0.0816661689387646,0.07076384034373265,0.8217942360936454,0.04260500486453202,True
20260718,M2,case_td016_pp0_1_gamma_007__steady,cmaes,45,1.2857123033295126,0.0902479840747556,0.05800996433999374,1.1696058836039716,0.0816661689387646,0.07076384034373265,0.12943282541652879,0.04260500486453202,True
20260718,M2,case_td016_pp0_1_gamma_007__steady,cmaes,46,1.6973513420634405,0.056019453187448824,0.06590482483520083,1.1696058836039716,0.0816661689387646,0.07076384034373265,0.12865868143384412,0.04260500486453202,True
20260718,M2,case_td016_pp0_1_gamma_007__steady,cmaes,47,1.4045650697238123,0.09095229436323468,0.05036057549368389,1.1696058836039716,0.0816661689387646,0.07076384034373265,0.20966462225260346,0.04260500486453202,True
20260718,M2,case_td016_pp0_1_gamma_007__steady,cmaes,48,1.310646922889166,0.053562784609074036,0.08484238697029425,1.1696058836039716,0.0816661689387646,0.07076384034373265,0.10986430751306468,0.04260500486453202,True
20260718,M2,case_td016_pp0_1_gamma_007__steady,cmaes,49,2.2782977490402407,0.10337546100862241,0.07959207893023779,1.1696058836039716,0.0816661689387646,0.07076384034373265,0.9558640920818992,0.04260500486453202,True
20260718,M2,case_td016_pp0_1_gamma_007__steady,cmaes,50,1.3082007721473494,0.13446986829211,0.06178184808577079,1.1696058836039716,0.0816661689387646,0.07076384034373265,0.3778371284484836,0.04260500486453202,True
20260718,M2,case_td016_pp0_1_gamma_007__steady,cmaes,51,2.262142007974992,0.05865309425760104,0.08021849526458405,1.1696058836039716,0.0816661689387646,0.07076384034373265,0.47158962445917724,0.04260500486453202,True
20260718,M2,case_td016_pp0_1_gamma_007__steady,cmaes,52,2.3874047555133338,0.09983602289464322,0.05212106896449604,1.1696058836039716,0.0816661689387646,0.07076384034373265,0.9977551778385044,0.04260500486453202,True
20260718,M2,case_td016_pp0_1_gamma_007__steady,cmaes,53,1.5316817251470423,0.09994605948847707,0.0894179429183321,1.1696058836039716,0.0816661689387646,0.07076384034373265,0.3641917385112421,0.04260500486453202,True
20260718,M2,case_td016_pp0_1_gamma_007__steady,cmaes,54,2.3927348312804915,0.060269277758679705,0.05438749542781477,1.1696058836039716,0.0816661689387646,0.07076384034373265,0.5603218841856165,0.04260500486453202,True
20260718,M2,case_td016_pp0_1_gamma_007__steady,cmaes,55,1.955971656463233,0.09798807193585878,0.056268771746029,1.1696058836039716,0.0816661689387646,0.07076384034373265,0.6584002716175749,0.04260500486453202,True
20260718,M2,case_td016_pp0_1_gamma_007__steady,cmaes,56,1.66815570997146,0.10139639788269428,0.08462105212525914,1.1696058836039716,0.0816661689387646,0.07076384034373265,0.47447786614239984,0.04260500486453202,True
20260718,M2,case_td016_pp0_1_gamma_007__steady,cmaes,57,1.0957940467663687,0.1120050148361009,0.07615454767389657,1.1696058836039716,0.0816661689387646,0.07076384034373265,0.11811823392669281,0.04260500486453202,True
20260718,M2,case_td016_pp0_1_gamma_007__steady,cmaes,58,1.4300831196627182,0.07069663400754912,0.0744484448732793,1.1696058836039716,0.0816661689387646,0.07076384034373265,0.09626074855238731,0.04260500486453202,True
20260718,M2,case_td016_pp0_1_gamma_007__steady,cmaes,59,1.6187787380544685,0.0933496370449404,0.0692575979342888,1.1696058836039716,0.0816661689387646,0.07076384034373265,0.37791163653545107,0.04260500486453202,True
20260718,M2,case_td016_pp0_1_gamma_007__steady,cmaes,60,1.9017815532061908,0.08247625288628084,0.07313787758149551,1.1696058836039716,0.0816661689387646,0.07076384034373265,0.48787112124411985,0.04260500486453202,True
20260718,M2,case_td016_pp0_1_gamma_007__steady,cmaes,61,1.2200351361284572,0.10081631858964687,0.07027333454011943,1.1696058836039716,0.0816661689387646,0.07076384034373265,0.14656955786821557,0.04260500486453202,True
20260718,M2,case_td016_pp0_1_gamma_007__steady,cmaes,62,1.4667899903134232,0.06254045999039384,0.07597761507445344,1.1696058836039716,0.0816661689387646,0.07076384034373265,0.0638072532781168,0.04260500486453202,True
20260718,M2,case_td016_pp0_1_gamma_007__steady,cmaes,63,1.2267418523357911,0.07025870350682459,0.07098180766151102,1.1696058836039716,0.0816661689387646,0.07076384034373265,0.05583889110360266,0.04260500486453202,True
20260718,M2,case_td016_pp0_1_gamma_007__steady,cmaes,64,1.5697469892674216,0.07118095764558274,0.056086270682888774,1.1696058836039716,0.0816661689387646,0.07076384034373265,0.17680105676895677,0.04260500486453202,True
20260718,M2,case_td016_pp0_1_gamma_007__steady,cmaes,65,1.5643125688349668,0.08598886025932798,0.06195768222764084,1.1696058836039716,0.0816661689387646,0.07076384034373265,0.28534891304187626,0.04260500486453202,True
20260718,M2,case_td016_pp0_1_gamma_007__steady,cmaes,66,1.5786745813082086,0.06601235005070968,0.06805061604842909,1.1696058836039716,0.0816661689387646,0.07076384034373265,0.14442006836619622,0.04260500486453202,True
20260718,M2,case_td016_pp0_1_gamma_007__steady,cmaes,67,1.5429477123254665,0.09166887493261658,0.06729163387832804,1.1696058836039716,0.0816661689387646,0.07076384034373265,0.3122344871848969,0.04260500486453202,True
20260718,M2,case_td016_pp0_1_gamma_007__steady,cmaes,68,1.7893343182161823,0.06818546241712486,0.0651633707552204,1.1696058836039716,0.0816661689387646,0.07076384034373265,0.2861053243096313,0.04260500486453202,True
20260718,M2,case_td016_pp0_1_gamma_007__steady,cmaes,69,1.6564988167768742,0.06634590889273713,0.06679296736143928,1.1696058836039716,0.0816661689387646,0.07076384034373265,0.19156820386651743,0.04260500486453202,True
20260718,M2,case_td016_pp0_1_gamma_007__steady,cmaes,70,1.585952803801577,0.08851856718190823,0.07566914875656794,1.1696058836039716,0.0816661689387646,0.07076384034373265,0.3209461537452797,0.04260500486453202,True
20260718,M2,case_td016_pp0_1_gamma_007__steady,cmaes,71,1.2561316025752811,0.07842252440519792,0.07498408694837189,1.1696058836039716,0.0816661689387646,0.07076384034373265,0.05388075760297859,0.04260500486453202,True
20260718,M2,case_td016_pp0_1_gamma_007__steady,cmaes,72,1.1044222406789723,0.06881725851038002,0.080575940290109,1.1696058836039716,0.0816661689387646,0.07076384034373265,0.11990887539912583,0.04260500486453202,True
20260718,M2,case_td016_pp0_1_gamma_007__steady,cmaes,73,1.2737596279905632,0.07240891191499872,0.06939706849529123,1.1696058836039716,0.0816661689387646,0.07076384034373265,0.042619699354690434,0.04260500486453202,True
20260718,M2,case_td016_pp0_1_gamma_007__steady,cmaes,74,1.040363804746738,0.08243770308120199,0.07374329352535529,1.1696058836039716,0.0816661689387646,0.07076384034373265,0.08555159512166992,0.04260500486453202,True
20260718,M2,case_td016_pp0_1_gamma_007__steady,cmaes,75,1.1031732730093302,0.09709363118203054,0.08014679424618543,1.1696058836039716,0.0816661689387646,0.07076384034373265,0.06094788318715366,0.04260500486453202,True
20260718,M2,case_td016_pp0_1_gamma_007__steady,cmaes,76,1.3806230745843107,0.06714987179158266,0.05968402571123797,1.1696058836039716,0.0816661689387646,0.07076384034373265,0.05182656095216011,0.04260500486453202,True
20260718,M2,case_td016_pp0_1_gamma_007__steady,cmaes,77,1.4268137701585797,0.0719117993712315,0.07497647967656579,1.1696058836039716,0.0816661689387646,0.07076384034373265,0.10249876091736511,0.04260500486453202,True
20260718,M2,case_td016_pp0_1_gamma_007__steady,cmaes,78,1.2754620654003062,0.06531392947630103,0.07520897813273801,1.1696058836039716,0.0816661689387646,0.07076384034373265,0.05865010092143996,0.04260500486453202,True
20260718,M2,case_td016_pp0_1_gamma_007__steady,cmaes,79,1.127570711369839,0.06730010345757498,0.07523943374993874,1.1696058836039716,0.0816661689387646,0.07076384034373265,0.1172654991601771,0.04260500486453202,True
20260718,M2,case_td016_pp0_1_gamma_007__steady,cmaes,80,1.3855530713305526,0.05772948155652566,0.0782513538928915,1.1696058836039716,0.0816661689387646,0.07076384034373265,0.054296308954412405,0.04260500486453202,True
20260718,M2,case_td016_pp0_1_gamma_007__steady,cmaes,81,1.2268750356985938,0.07172376507347283,0.08121042902447603,1.1696058836039716,0.0816661689387646,0.07076384034373265,0.04927788859130306,0.04260500486453202,True
20260718,M2,case_td016_pp0_1_gamma_007__steady,cmaes,82,1.121292443188882,0.0909677677862323,0.07447987144011488,1.1696058836039716,0.0816661689387646,0.07076384034373265,0.04822297451318444,0.04260500486453202,True
20260718,M2,case_td016_pp0_1_gamma_007__steady,cmaes,83,1.2704773141688672,0.06689114681527222,0.0776717408074166,1.1696058836039716,0.0816661689387646,0.07076384034373265,0.053304756754202993,0.04260500486453202,True
20260718,M2,case_td016_pp0_1_gamma_007__steady,cmaes,84,1.4680806007995577,0.06216686356063403,0.0687901933080758,1.1696058836039716,0.0816661689387646,0.07076384034373265,0.06152056301113795,0.04260500486453202,True
20260718,M2,case_td016_pp0_1_gamma_007__steady,cmaes,85,1.6998983542859354,0.05554099291266898,0.07719779357501319,1.1696058836039716,0.0816661689387646,0.07076384034373265,0.12776845889409033,0.04260500486453202,True
20260718,M2,case_td016_pp0_1_gamma_007__steady,cmaes,86,1.1788406004912833,0.07155481435957811,0.07982346692443215,1.1696058836039716,0.0816661689387646,0.07076384034373265,0.0688006489737863,0.04260500486453202,True
20260718,M2,case_td016_pp0_1_gamma_007__steady,cmaes,87,1.3564496470925047,0.07517015707880775,0.06957975477380919,1.1696058836039716,0.0816661689387646,0.07076384034373265,0.08398955890303043,0.04260500486453202,True
20260718,M2,case_td016_pp0_1_gamma_007__steady,cmaes,88,1.6731358288959917,0.051277672866717444,0.0786260027448788,1.1696058836039716,0.0816661689387646,0.07076384034373265,0.08149147536671068,0.04260500486453202,True
20260718,M2,case_td016_pp0_1_gamma_007__steady,cmaes,89,1.4461277751443717,0.07185395524247153,0.07099696957477815,1.1696058836039716,0.0816661689387646,0.07076384034373265,0.11227542537791511,0.04260500486453202,True
20260718,M2,case_td016_pp0_1_gamma_007__steady,cmaes,90,1.2535460742068072,0.07754734532351033,0.07512295597869276,1.1696058836039716,0.0816661689387646,0.07076384034373265,0.0498161546957357,0.04260500486453202,True
20260718,M2,case_td016_pp0_1_gamma_007__steady,cmaes,91,1.39299192429103,0.06163690450917834,0.08182811492019938,1.1696058836039716,0.0816661689387646,0.07076384034373265,0.04268077542625727,0.04260500486453202,True
20260718,M2,case_td016_pp0_1_gamma_007__steady,cmaes,92,1.324871634154359,0.07408428386325655,0.07937327369000444,1.1696058836039716,0.0816661689387646,0.07076384034373265,0.06364257120899583,0.04260500486453202,True
20260718,M2,case_td016_pp0_1_gamma_007__steady,cmaes,93,1.1600866303562882,0.0889544547448904,0.0762132179574576,1.1696058836039716,0.0816661689387646,0.07076384034373265,0.055788032556856076,0.04260500486453202,True
20260718,M2,case_td016_pp0_1_gamma_007__steady,cmaes,94,1.5793094532147247,0.0500418088497482,0.07922243849663335,1.1696058836039716,0.0816661689387646,0.07076384034373265,0.04541699714759963,0.04260500486453202,True
20260718,M2,case_td016_pp0_1_gamma_007__steady,cmaes,95,1.3404047412835263,0.07092303234656573,0.08015459078644704,1.1696058836039716,0.0816661689387646,0.07076384034373265,0.05523261775897586,0.04260500486453202,True
20260718,M2,case_td016_pp0_1_gamma_007__steady,cmaes,96,1.1402933054910238,0.07963911033486908,0.07570813969583845,1.1696058836039716,0.0816661689387646,0.07076384034373265,0.05175609259805116,0.04260500486453202,True
20260718,M2,case_td016_pp0_1_gamma_007__steady,cmaes,97,1.550923438635324,0.0576240844664547,0.0771403647881936,1.1696058836039716,0.0816661689387646,0.07076384034373265,0.07063273794300498,0.04260500486453202,True
20260718,M2,case_td016_pp0_1_gamma_007__steady,cmaes,98,1.3696010887985612,0.0558618839367596,0.08672411949336424,1.1696058836039716,0.0816661689387646,0.07076384034373265,0.06894138336499675,0.04260500486453202,True
20260718,M2,case_td016_pp0_1_gamma_007__steady,cmaes,99,1.4433937336869866,0.054927533689519456,0.07781002029471551,1.1696058836039716,0.0816661689387646,0.07076384034373265,0.049402608807904015,0.04260500486453202,True
20260718,M2,case_td016_pp0_1_gamma_007__steady,cmaes,100,1.4576748790028877,0.06716898116179572,0.07709706397418725,1.1696058836039716,0.0816661689387646,0.07076384034373265,0.08812447074861297,0.04260500486453202,True
20260718,M2,case_td016_pp0_1_gamma_007__steady,tpe,1,3.0,0.125,0.07,3.0,0.125,0.07,1.7278961645927335,1.7278961645927335,True
20260718,M2,case_td016_pp0_1_gamma_007__steady,tpe,2,4.416929816923,0.17146732270164539,0.06758491205812599,3.0,0.125,0.07,3.221013801285734,1.7278961645927335,True
20260718,M2,case_td016_pp0_1_gamma_007__steady,tpe,3,3.9769863976508364,0.18831589245822694,0.09756849425283015,3.0,0.125,0.07,3.061167365597057,1.7278961645927335,True
20260718,M2,case_td016_pp0_1_gamma_007__steady,tpe,4,4.917198051003128,0.1375064645895805,0.05403995238557316,3.0,0.125,0.07,3.110447090604055,1.7278961645927335,True
20260718,M2,case_td016_pp0_1_gamma_007__steady,tpe,5,1.1762537967990712,0.16902755856265514,0.051840877094631636,1.1762537967990712,0.16902755856265514,0.051840877094631636,0.4071229139923249,0.4071229139923249,True
20260718,M2,case_td016_pp0_1_gamma_007__steady,tpe,6,1.9363375211126272,0.15432093855388043,0.0643933106064922,1.1762537967990712,0.16902755856265514,0.051840877094631636,1.0376944829329293,0.4071229139923249,True
20260718,M2,case_td016_pp0_1_gamma_007__steady,tpe,7,3.0404826325481813,0.06832643481952969,0.07292001732414054,1.1762537967990712,0.16902755856265514,0.051840877094631636,1.0443483651010748,0.4071229139923249,True
20260718,M2,case_td016_pp0_1_gamma_007__steady,tpe,8,4.276398438010256,0.11840093361305461,0.08931311499661856,1.1762537967990712,0.16902755856265514,0.051840877094631636,2.500232980140333,0.4071229139923249,True
20260718,M2,case_td016_pp0_1_gamma_007__steady,tpe,9,4.069167008220001,0.06657998806484415,0.06291902251132933,1.1762537967990712,0.16902755856265514,0.051840877094631636,1.5455074202813295,0.4071229139923249,True
20260718,M2,case_td016_pp0_1_gamma_007__steady,tpe,10,1.330801453361114,0.06147272046821857,0.09531183323105054,1.330801453361114,0.06147272046821857,0.09531183323105054,0.053836385043724094,0.053836385043724094,True
20260718,M2,case_td016_pp0_1_gamma_007__steady,tpe,11,3.993581051956608,0.18000978518731925,0.044521720390160356,1.330801453361114,0.06147272046821857,0.09531183323105054,2.994276536558452,0.053836385043724094,True
20260718,M2,case_td016_pp0_1_gamma_007__steady,tpe,12,2.468770963422745,0.1397424683372817,0.06413972622071912,1.330801453361114,0.06147272046821857,0.09531183323105054,1.421929084043158,0.053836385043724094,True
20260718,M2,case_td016_pp0_1_gamma_007__steady,tpe,13,1.0479022812893017,0.13935028616663797,0.09936318714177968,1.330801453361114,0.06147272046821857,0.09531183323105054,0.19745307967037598,0.053836385043724094,True
20260718,M2,case_td016_pp0_1_gamma_007__steady,tpe,14,2.966571896042141,0.06052439204965769,0.09856434578455131,1.330801453361114,0.06147272046821857,0.09531183323105054,0.8929518720294745,0.053836385043724094,True
20260718,M2,case_td016_pp0_1_gamma_007__steady,tpe,15,3.674240991567055,0.14553313664372503,0.07805270495988856,1.330801453361114,0.06147272046821857,0.09531183323105054,2.4468838097959793,0.053836385043724094,True
20260718,M2,case_td016_pp0_1_gamma_007__steady,tpe,16,1.3640106254307844,0.14922039335605075,0.0981062656558159,1.330801453361114,0.06147272046821857,0.09531183323105054,0.4976870928222537,0.053836385043724094,True
20260718,M2,case_td016_pp0_1_gamma_007__steady,tpe,17,1.0446251123833434,0.05948820798467484,0.08597820745954776,1.330801453361114,0.06147272046821857,0.09531183323105054,0.2013887235747117,0.053836385043724094,True
20260718,M2,case_td016_pp0_1_gamma_007__steady,tpe,18,2.115313212965398,0.1017685893161494,0.09951501746183188,1.330801453361114,0.06147272046821857,0.09531183323105054,0.8190898427541697,0.053836385043724094,True
20260718,M2,case_td016_pp0_1_gamma_007__steady,tpe,19,1.0667910958595683,0.18013061777636524,0.0845160228751436,1.330801453361114,0.06147272046821857,0.09531183323105054,0.35676789415586835,0.053836385043724094,True
20260718,M2,case_td016_pp0_1_gamma_007__steady,tpe,20,1.7107873654364167,0.08902177972980185,0.06810332550157353,1.330801453361114,0.06147272046821857,0.09531183323105054,0.4099916693183073,0.053836385043724094,True
20260718,M2,case_td016_pp0_1_gamma_007__steady,tpe,21,1.985794007479805,0.12452757471292569,0.08490497258356415,1.330801453361114,0.06147272046821857,0.09531183323105054,0.8952699990724132,0.053836385043724094,True
20260718,M2,case_td016_pp0_1_gamma_007__steady,tpe,22,1.0180316441767236,0.07679743221955158,0.08350373467342025,1.330801453361114,0.06147272046821857,0.09531183323105054,0.12296949405035872,0.053836385043724094,True
20260718,M2,case_td016_pp0_1_gamma_007__steady,tpe,23,1.2275943135380623,0.060248905209654854,0.09981780389481208,1.330801453361114,0.06147272046821857,0.09531183323105054,0.10521945692935981,0.053836385043724094,True
20260718,M2,case_td016_pp0_1_gamma_007__steady,tpe,24,1.2832028412802263,0.06677226875471551,0.09892309971119741,1.2832028412802263,0.06677226875471551,0.09892309971119741,0.04783229586690238,0.04783229586690238,True
20260718,M2,case_td016_pp0_1_gamma_007__steady,tpe,25,1.9972665157159537,0.06011733689331779,0.09466277034627733,1.2832028412802263,0.06677226875471551,0.09892309971119741,0.337237255286167,0.04783229586690238,True
20260718,M2,case_td016_pp0_1_gamma_007__steady,tpe,26,1.3558719980738148,0.05375266979758293,0.09864062328960418,1.2832028412802263,0.06677226875471551,0.09892309971119741,0.08607248234097588,0.04783229586690238,True
20260718,M2,case_td016_pp0_1_gamma_007__steady,tpe,27,1.026072416957525,0.09617450948874916,0.09464105001626372,1.026072416957525,0.09617450948874916,0.09464105001626372,0.045282165214166975,0.045282165214166975,True
20260718,M2,case_td016_pp0_1_gamma_007__steady,tpe,28,1.4725350483232231,0.09460170955609948,0.09437419583208898,1.026072416957525,0.09617450948874916,0.09464105001626372,0.28728500728945666,0.045282165214166975,True
20260718,M2,case_td016_pp0_1_gamma_007__steady,tpe,29,1.1367323815182782,0.10610735018918999,0.08476245821677718,1.026072416957525,0.09617450948874916,0.09464105001626372,0.11982529164934345,0.045282165214166975,True
20260718,M2,case_td016_pp0_1_gamma_007__steady,tpe,30,1.5339182469703507,0.0912403552139647,0.09779096968408141,1.026072416957525,0.09617450948874916,0.09464105001626372,0.3077349005809273,0.045282165214166975,True
20260718,M2,case_td016_pp0_1_gamma_007__steady,tpe,31,2.302134414612446,0.05196826837627485,0.08688796113883561,1.026072416957525,0.09617450948874916,0.09464105001626372,0.41779112004228847,0.045282165214166975,True
20260718,M2,case_td016_pp0_1_gamma_007__steady,tpe,32,1.3921274413516163,0.061003333876936267,0.09630110882932615,1.3921274413516163,0.061003333876936267,0.09630110882932615,0.04252040962542293,0.04252040962542293,True
20260718,M2,case_td016_pp0_1_gamma_007__steady,tpe,33,1.4708027818726268,0.09172454758764804,0.09945271947600698,1.3921274413516163,0.061003333876936267,0.09630110882932615,0.2677010530370218,0.04252040962542293,True
20260718,M2,case_td016_pp0_1_gamma_007__steady,tpe,34,1.1638877567744608,0.053292272853202406,0.09149628728418806,1.3921274413516163,0.061003333876936267,0.09630110882932615,0.18003324884271182,0.04252040962542293,True
20260718,M2,case_td016_pp0_1_gamma_007__steady,tpe,35,1.3012371817332329,0.08414906313983957,0.0956771735442776,1.3921274413516163,0.061003333876936267,0.09630110882932615,0.10927319881115741,0.04252040962542293,True
20260718,M2,case_td016_pp0_1_gamma_007__steady,tpe,36,4.829819644537574,0.08589156939083131,0.04228434706133437,1.3921274413516163,0.061003333876936267,0.09630110882932615,2.228406356399112,0.04252040962542293,True
20260718,M2,case_td016_pp0_1_gamma_007__steady,tpe,37,2.200539139677283,0.182657625375941,0.04208289271389606,1.3921274413516163,0.061003333876936267,0.09630110882932615,1.4414167854600684,0.04252040962542293,True
20260718,M2,case_td016_pp0_1_gamma_007__steady,tpe,38,2.678037456741282,0.07754345708641688,0.0413014940945977,1.3921274413516163,0.061003333876936267,0.09630110882932615,0.9428528331750643,0.04252040962542293,True
20260718,M2,case_td016_pp0_1_gamma_007__steady,tpe,39,1.1753111707373185,0.08554519276123589,0.0452518921086469,1.3921274413516163,0.061003333876936267,0.09630110882932615,0.04767711524123224,0.04252040962542293,True
20260718,M2,case_td016_pp0_1_gamma_007__steady,tpe,40,1.1721629306599723,0.09380736330840993,0.044496285480205976,1.3921274413516163,0.061003333876936267,0.09630110882932615,0.07792114383658143,0.04252040962542293,True
20260718,M2,case_td016_pp0_1_gamma_007__steady,tpe,41,1.0341475069044839,0.053292730063144826,0.05327347658667099,1.3921274413516163,0.061003333876936267,0.09630110882932615,0.24627093483276624,0.04252040962542293,True
20260718,M2,case_td016_pp0_1_gamma_007__steady,tpe,42,1.7154330204554484,0.09562622786897833,0.050265976518342824,1.3921274413516163,0.061003333876936267,0.09630110882932615,0.46038338491615516,0.04252040962542293,True
20260718,M2,case_td016_pp0_1_gamma_007__steady,tpe,43,1.0141797277861087,0.08127978948491914,0.09765349767728304,1.3921274413516163,0.061003333876936267,0.09630110882932615,0.10148101507459366,0.04252040962542293,True
20260718,M2,case_td016_pp0_1_gamma_007__steady,tpe,44,1.5959438786459983,0.0801205966614977,0.040295352950630324,1.3921274413516163,0.061003333876936267,0.09630110882932615,0.2580781515473167,0.04252040962542293,True
20260718,M2,case_td016_pp0_1_gamma_007__steady,tpe,45,1.949090217914577,0.05785890267052496,0.09566482595703726,1.3921274413516163,0.061003333876936267,0.09630110882932615,0.2874304440402455,0.04252040962542293,True
20260718,M2,case_td016_pp0_1_gamma_007__steady,tpe,46,1.24081449577028,0.08849355282356038,0.05108334584003765,1.3921274413516163,0.061003333876936267,0.09630110882932615,0.09153506928697223,0.04252040962542293,True
20260718,M2,case_td016_pp0_1_gamma_007__steady,tpe,47,2.1522501883335337,0.0834304689905521,0.08846325850587397,1.3921274413516163,0.061003333876936267,0.09630110882932615,0.6706190736950671,0.04252040962542293,True
20260718,M2,case_td016_pp0_1_gamma_007__steady,tpe,48,1.0006171542184064,0.11432267125802088,0.09627707607189245,1.3921274413516163,0.061003333876936267,0.09630110882932615,0.07178309457395084,0.04252040962542293,True
20260718,M2,case_td016_pp0_1_gamma_007__steady,tpe,49,1.5298106151609239,0.07142468209772977,0.09906285507829965,1.3921274413516163,0.061003333876936267,0.09630110882932615,0.16152785256536967,0.04252040962542293,True
20260718,M2,case_td016_pp0_1_gamma_007__steady,tpe,50,1.4375560613424323,0.06815999307797181,0.0829188506946021,1.3921274413516163,0.061003333876936267,0.09630110882932615,0.08495291150724198,0.04252040962542293,True
20260718,M2,case_td016_pp0_1_gamma_007__steady,tpe,51,3.272166534650421,0.14663750529921177,0.05099207485484951,1.3921274413516163,0.061003333876936267,0.09630110882932615,2.146863351175243,0.04252040962542293,True
20260718,M2,case_td016_pp0_1_gamma_007__steady,tpe,52,1.1200854778257816,0.11367136270783705,0.09846216788220631,1.3921274413516163,0.061003333876936267,0.09630110882932615,0.14495780116608298,0.04252040962542293,True
20260718,M2,case_td016_pp0_1_gamma_007__steady,tpe,53,1.107217420759464,0.11764198255799846,0.09097935414120593,1.3921274413516163,0.061003333876936267,0.09630110882932615,0.15244206570453755,0.04252040962542293,True
20260718,M2,case_td016_pp0_1_gamma_007__steady,tpe,54,1.1273288269476545,0.07883436105123051,0.09138492593302522,1.3921274413516163,0.061003333876936267,0.09630110882932615,0.0579560308175197,0.04252040962542293,True
20260718,M2,case_td016_pp0_1_gamma_007__steady,tpe,55,1.5717617089524638,0.06457040183263131,0.0900872821718203,1.3921274413516163,0.061003333876936267,0.09630110882932615,0.13273895746978734,0.04252040962542293,True
20260718,M2,case_td016_pp0_1_gamma_007__steady,tpe,56,2.811805515259269,0.14405051539586894,0.0984806945622768,1.3921274413516163,0.061003333876936267,0.09630110882932615,1.7566241935779656,0.04252040962542293,True
20260718,M2,case_td016_pp0_1_gamma_007__steady,tpe,57,1.0466320975130716,0.08539264689711352,0.08508386823858308,1.3921274413516163,0.061003333876936267,0.09630110882932615,0.0683465446059667,0.04252040962542293,True
20260718,M2,case_td016_pp0_1_gamma_007__steady,tpe,58,4.772620208400257,0.08788639828865172,0.09133978913253926,1.3921274413516163,0.061003333876936267,0.09630110882932615,2.246784174086199,0.04252040962542293,True
20260718,M2,case_td016_pp0_1_gamma_007__steady,tpe,59,1.0500666892303652,0.0665022577388858,0.09214006572332273,1.3921274413516163,0.061003333876936267,0.09630110882932615,0.15883145164588816,0.04252040962542293,True
20260718,M2,case_td016_pp0_1_gamma_007__steady,tpe,60,1.2609643233238343,0.1316003365725553,0.059043272082907966,1.3921274413516163,0.061003333876936267,0.09630110882932615,0.32591692511308845,0.04252040962542293,True
20260718,M2,case_td016_pp0_1_gamma_007__steady,tpe,61,2.7416928586220064,0.18341555282103167,0.06854440527697234,1.3921274413516163,0.061003333876936267,0.09630110882932615,1.9717850643784494,0.04252040962542293,True
20260718,M2,case_td016_pp0_1_gamma_007__steady,tpe,62,1.114755148251143,0.0774475629845828,0.08054841810275659,1.3921274413516163,0.061003333876936267,0.09630110882932615,0.07062946755089329,0.04252040962542293,True
20260718,M2,case_td016_pp0_1_gamma_007__steady,tpe,63,1.639229375952917,0.0959257358521568,0.08099070126791834,1.3921274413516163,0.061003333876936267,0.09630110882932615,0.41328865954937716,0.04252040962542293,True
20260718,M2,case_td016_pp0_1_gamma_007__steady,tpe,64,1.0545596641779673,0.09640278075811322,0.08470311831675129,1.3921274413516163,0.061003333876936267,0.09630110882932615,0.04459941746291257,0.04252040962542293,True
20260718,M2,case_td016_pp0_1_gamma_007__steady,tpe,65,1.0894037170945068,0.10334036378734886,0.0792885560481059,1.3921274413516163,0.061003333876936267,0.09630110882932615,0.07795870648411075,0.04252040962542293,True
20260718,M2,case_td016_pp0_1_gamma_007__steady,tpe,66,1.057516331551934,0.05378060436472676,0.09859704055081042,1.3921274413516163,0.061003333876936267,0.09630110882932615,0.22607188601387437,0.04252040962542293,True
20260718,M2,case_td016_pp0_1_gamma_007__steady,tpe,67,1.650490294492994,0.08248345938931526,0.08848116047572117,1.3921274413516163,0.061003333876936267,0.09630110882932615,0.3210147685003155,0.04252040962542293,True
20260718,M2,case_td016_pp0_1_gamma_007__steady,tpe,68,1.2759374625188367,0.07763109118929783,0.09520076286371974,1.3921274413516163,0.061003333876936267,0.09630110882932615,0.06050018124293843,0.04252040962542293,True
20260718,M2,case_td016_pp0_1_gamma_007__steady,tpe,69,2.7812233892661262,0.06543663167351307,0.0597909893537938,1.3921274413516163,0.061003333876936267,0.09630110882932615,0.852278107066354,0.04252040962542293,True
20260718,M2,case_td016_pp0_1_gamma_007__steady,tpe,70,4.968518880688288,0.18903366028825294,0.07110956779371276,1.3921274413516163,0.061003333876936267,0.09630110882932615,3.738178131367592,0.04252040962542293,True
20260718,M2,case_td016_pp0_1_gamma_007__steady,tpe,71,2.0534192404926945,0.07671014892074304,0.09840269983937801,1.3921274413516163,0.061003333876936267,0.09630110882932615,0.5384549140702002,0.04252040962542293,True
20260718,M2,case_td016_pp0_1_gamma_007__steady,tpe,72,1.1290269548591443,0.09024234262178393,0.09840128227450058,1.3921274413516163,0.061003333876936267,0.09630110882932615,0.05031895186817293,0.04252040962542293,True
20260718,M2,case_td016_pp0_1_gamma_007__steady,tpe,73,1.2209960883365916,0.09214256052366776,0.09345294554201822,1.3921274413516163,0.061003333876936267,0.09630110882932615,0.10509851004870713,0.04252040962542293,True
20260718,M2,case_td016_pp0_1_gamma_007__steady,tpe,74,1.1935150003776434,0.07802923343086172,0.09744144026691197,1.1935150003776434,0.07802923343086172,0.09744144026691197,0.04236115332339359,0.04236115332339359,True
20260718,M2,case_td016_pp0_1_gamma_007__steady,tpe,75,1.6315656410732342,0.0863069172178649,0.09927508691481973,1.1935150003776434,0.07802923343086172,0.09744144026691197,0.3391432376535481,0.04236115332339359,True
20260718,M2,case_td016_pp0_1_gamma_007__steady,tpe,76,1.3832861509640897,0.09435478928426741,0.0980580876614216,1.1935150003776434,0.07802923343086172,0.09744144026691197,0.22444154643968994,0.04236115332339359,True
20260718,M2,case_td016_pp0_1_gamma_007__steady,tpe,77,1.401421675436719,0.05523994375156581,0.04181086264849771,1.1935150003776434,0.07802923343086172,0.09744144026691197,0.06628240717341186,0.04236115332339359,True
20260718,M2,case_td016_pp0_1_gamma_007__steady,tpe,78,1.8209208205826117,0.05052671310494226,0.09654463930732309,1.1935150003776434,0.07802923343086172,0.09744144026691197,0.14912757110203503,0.04236115332339359,True
20260718,M2,case_td016_pp0_1_gamma_007__steady,tpe,79,1.05751531276075,0.10506836748795584,0.08653625547200876,1.1935150003776434,0.07802923343086172,0.09744144026691197,0.06833872355983901,0.04236115332339359,True
20260718,M2,case_td016_pp0_1_gamma_007__steady,tpe,80,1.13315231779779,0.07214932703361708,0.09459761846873292,1.1935150003776434,0.07802923343086172,0.09744144026691197,0.0856359830786459,0.04236115332339359,True
20260718,M2,case_td016_pp0_1_gamma_007__steady,tpe,81,1.218204361577,0.07762559202800806,0.09809375419323763,1.1935150003776434,0.07802923343086172,0.09744144026691197,0.04302839632884547,0.04236115332339359,True
20260718,M2,case_td016_pp0_1_gamma_007__steady,tpe,82,1.0255289248149415,0.08972320073272058,0.09159408511350986,1.1935150003776434,0.07802923343086172,0.09744144026691197,0.06110894723719251,0.04236115332339359,True
20260718,M2,case_td016_pp0_1_gamma_007__steady,tpe,83,1.2181768358181084,0.11533946035743438,0.04565345617348485,1.1935150003776434,0.07802923343086172,0.09744144026691197,0.21398575288871655,0.04236115332339359,True
20260718,M2,case_td016_pp0_1_gamma_007__steady,tpe,84,1.2978213888944128,0.07317098364816144,0.09993882518760556,1.1935150003776434,0.07802923343086172,0.09744144026691197,0.05062350936475813,0.04236115332339359,True
20260718,M2,case_td016_pp0_1_gamma_007__steady,tpe,85,1.614148969837685,0.07324851483120277,0.09964625123456722,1.1935150003776434,0.07802923343086172,0.09744144026691197,0.22657353047647907,0.04236115332339359,True
20260718,M2,case_td016_pp0_1_gamma_007__steady,tpe,86,1.1118526955896773,0.08220785237617076,0.09758381658272466,1.1935150003776434,0.07802923343086172,0.09744144026691197,0.0514480545242651,0.04236115332339359,True
20260718,M2,case_td016_pp0_1_gamma_007__steady,tpe,87,1.4504233882183508,0.09349007010780323,0.09984938208600282,1.1935150003776434,0.07802923343086172,0.09744144026691197,0.2653497188489513,0.04236115332339359,True
20260718,M2,case_td016_pp0_1_gamma_007__steady,tpe,88,1.026583582438677,0.07300009347928121,0.09765231369797726,1.1935150003776434,0.07802923343086172,0.09744144026691197,0.1357265622330165,0.04236115332339359,True
20260718,M2,case_td016_pp0_1_gamma_007__steady,tpe,89,1.5995248503939896,0.06873484597544016,0.0999414867349242,1.1935150003776434,0.07802923343086172,0.09744144026691197,0.18220533867331393,0.04236115332339359,True
20260718,M2,case_td016_pp0_1_gamma_007__steady,tpe,90,1.1403465936770187,0.0867711399519139,0.09969558321754664,1.1935150003776434,0.07802923343086172,0.09744144026691197,0.045124483951922444,0.04236115332339359,True
20260718,M2,case_td016_pp0_1_gamma_007__steady,tpe,91,1.7916658557324774,0.12187260221116947,0.09824462378204987,1.1935150003776434,0.07802923343086172,0.09744144026691197,0.7154823868929118,0.04236115332339359,True
20260718,M2,case_td016_pp0_1_gamma_007__steady,tpe,92,1.1160057447552165,0.0871898739683169,0.09923803993492832,1.1935150003776434,0.07802923343086172,0.09744144026691197,0.042906802277523214,0.04236115332339359,True
20260718,M2,case_td016_pp0_1_gamma_007__steady,tpe,93,1.1760200897712574,0.1066115785391396,0.09892244031262155,1.1935150003776434,0.07802923343086172,0.09744144026691197,0.15033660151888228,0.04236115332339359,True
20260718,M2,case_td016_pp0_1_gamma_007__steady,tpe,94,1.089411094094702,0.10440339915787325,0.09586719186614283,1.1935150003776434,0.07802923343086172,0.09744144026691197,0.0844063065665061,0.04236115332339359,True
20260718,M2,case_td016_pp0_1_gamma_007__steady,tpe,95,1.0896955537227533,0.09176522216582689,0.09650519220881396,1.1935150003776434,0.07802923343086172,0.09744144026691197,0.04420560024149996,0.04236115332339359,True
20260718,M2,case_td016_pp0_1_gamma_007__steady,tpe,96,1.788792236906922,0.1145362621967,0.08845837949403516,1.1935150003776434,0.07802923343086172,0.09744144026691197,0.6618525612433466,0.04236115332339359,True
20260718,M2,case_td016_pp0_1_gamma_007__steady,tpe,97,4.500454151434318,0.1682954752675779,0.09694146240380672,1.1935150003776434,0.07802923343086172,0.09744144026691197,3.2461496695497183,0.04236115332339359,True
20260718,M2,case_td016_pp0_1_gamma_007__steady,tpe,98,1.0649571309984462,0.09586526760692551,0.09958031662196656,1.1935150003776434,0.07802923343086172,0.09744144026691197,0.04600544504729544,0.04236115332339359,True
20260718,M2,case_td016_pp0_1_gamma_007__steady,tpe,99,1.0612220463219648,0.1021080625472256,0.09306411948045129,1.1935150003776434,0.07802923343086172,0.09744144026691197,0.06053178974987842,0.04236115332339359,True
20260718,M2,case_td016_pp0_1_gamma_007__steady,tpe,100,1.0734732573393175,0.08615955979790821,0.052510734543966826,1.1935150003776434,0.07802923343086172,0.09744144026691197,0.057279888126393494,0.04236115332339359,True
20260718,M2,case_td016_pp0_1_gamma_007__steady,random,1,3.0,0.125,0.07,3.0,0.125,0.07,1.7278961645927335,1.7278961645927335,True
20260718,M2,case_td016_pp0_1_gamma_007__steady,random,2,4.705511103480325,0.17493828395902883,0.0707109727311502,3.0,0.125,0.07,3.440378055497161,1.7278961645927335,True
20260718,M2,case_td016_pp0_1_gamma_007__steady,random,3,2.7910661740998313,0.12373528215801699,0.04739793618249252,2.7910661740998313,0.12373528215801699,0.04739793618249252,1.5459164055040358,1.5459164055040358,True
20260718,M2,case_td016_pp0_1_gamma_007__steady,random,4,2.2245870555521634,0.12689051919022504,0.05473364381771522,2.2245870555521634,0.12689051919022504,0.05473364381771522,1.109321887482429,1.109321887482429,True
20260718,M2,case_td016_pp0_1_gamma_007__steady,random,5,2.774309393567162,0.05535721312375357,0.061751596457716273,2.774309393567162,0.05535721312375357,0.061751596457716273,0.7113039066040263,0.7113039066040263,True
20260718,M2,case_td016_pp0_1_gamma_007__steady,random,6,2.9378765544472243,0.17677117267695946,0.08722728101251417,2.774309393567162,0.05535721312375357,0.061751596457716273,2.1118627862035133,0.7113039066040263,True
20260718,M2,case_td016_pp0_1_gamma_007__steady,random,7,3.0023447658312077,0.07277405270143378,0.07614658505018196,2.774309393567162,0.05535721312375357,0.061751596457716273,1.0862904913210862,0.7113039066040263,True
20260718,M2,case_td016_pp0_1_gamma_007__steady,random,8,3.824798383694348,0.10590802778159122,0.09886981859646045,2.774309393567162,0.05535721312375357,0.061751596457716273,2.058488048745619,0.7113039066040263,True
20260718,M2,case_td016_pp0_1_gamma_007__steady,random,9,1.9907646533151788,0.1896317464782014,0.08176188135478571,2.774309393567162,0.05535721312375357,0.061751596457716273,1.2796523764138295,0.7113039066040263,True
20260718,M2,case_td016_pp0_1_gamma_007__steady,random,10,1.7221023846417407,0.18909493997514493,0.09274858385839335,2.774309393567162,0.05535721312375357,0.061751596457716273,1.0114781864634455,0.7113039066040263,True
20260718,M2,case_td016_pp0_1_gamma_007__steady,random,11,4.4109422846498205,0.1260791724195477,0.0862090753739955,2.774309393567162,0.05535721312375357,0.061751596457716273,2.6844135050325595,0.7113039066040263,True
20260718,M2,case_td016_pp0_1_gamma_007__steady,random,12,2.6803844722798926,0.05129669930657993,0.09754311251113443,2.6803844722798926,0.05129669930657993,0.09754311251113443,0.6117183783760048,0.6117183783760048,True
20260718,M2,case_td016_pp0_1_gamma_007__steady,random,13,3.1356734970432054,0.08953845772012675,0.043310341349536326,2.6803844722798926,0.05129669930657993,0.09754311251113443,1.3933695133636843,0.6117183783760048,True
20260718,M2,case_td016_pp0_1_gamma_007__steady,random,14,2.413548928176057,0.1600081102195792,0.0685217575101278,2.6803844722798926,0.05129669930657993,0.09754311251113443,1.517508880119276,0.6117183783760048,True
20260718,M2,case_td016_pp0_1_gamma_007__steady,random,15,2.296582832834711,0.1894388163714269,0.06338750631973777,2.6803844722798926,0.05129669930657993,0.09754311251113443,1.5780686444491594,0.6117183783760048,True
20260718,M2,case_td016_pp0_1_gamma_007__steady,random,16,3.380534633390042,0.18040103495347587,0.04651259247185634,2.6803844722798926,0.05129669930657993,0.09754311251113443,2.5123264831016,0.6117183783760048,True
20260718,M2,case_td016_pp0_1_gamma_007__steady,random,17,2.5084996908790123,0.1391937966229346,0.09414983676988051,2.6803844722798926,0.05129669930657993,0.09754311251113443,1.457291533102023,0.6117183783760048,True
20260718,M2,case_td016_pp0_1_gamma_007__steady,random,18,4.45634367628962,0.059476294902143206,0.07647308411569578,2.6803844722798926,0.05129669930657993,0.09754311251113443,1.5841983268673703,0.6117183783760048,True
20260718,M2,case_td016_pp0_1_gamma_007__steady,random,19,1.9540461260118893,0.14404669455639377,0.07514550176547094,2.6803844722798926,0.05129669930657993,0.09754311251113443,0.9952866188722993,0.6117183783760048,True
20260718,M2,case_td016_pp0_1_gamma_007__steady,random,20,3.9908304930461096,0.0717478338468365,0.05506656823440226,2.6803844722798926,0.05129669930657993,0.09754311251113443,1.5978932053789368,0.6117183783760048,True
20260718,M2,case_td016_pp0_1_gamma_007__steady,random,21,3.350378966590826,0.11620927566689887,0.07488533940812164,2.6803844722798926,0.05129669930657993,0.09754311251113443,1.8873877490514988,0.6117183783760048,True
20260718,M2,case_td016_pp0_1_gamma_007__steady,random,22,1.1015917727478954,0.1625785018642431,0.08773932372388749,1.1015917727478954,0.1625785018642431,0.08773932372388749,0.32455629659310525,0.32455629659310525,True
20260718,M2,case_td016_pp0_1_gamma_007__steady,random,23,4.808269567751635,0.08393195819091095,0.07484189700731447,1.1015917727478954,0.1625785018642431,0.08773932372388749,2.189645221878711,0.32455629659310525,True
20260718,M2,case_td016_pp0_1_gamma_007__steady,random,24,2.569514842630377,0.11900637066355065,0.053552478092015354,1.1015917727478954,0.1625785018642431,0.08773932372388749,1.3261548712798568,0.32455629659310525,True
20260718,M2,case_td016_pp0_1_gamma_007__steady,random,25,3.9779297635043545,0.07859167969151779,0.06787377727481246,1.1015917727478954,0.1625785018642431,0.08773932372388749,1.7115482519855036,0.32455629659310525,True
20260718,M2,case_td016_pp0_1_gamma_007__steady,random,26,3.7730125714040623,0.15063792461768438,0.06624807069143858,1.1015917727478954,0.1625785018642431,0.08773932372388749,2.5682771475917336,0.32455629659310525,True
20260718,M2,case_td016_pp0_1_gamma_007__steady,random,27,2.3402833741533735,0.0974167964385449,0.04289169044503412,1.1015917727478954,0.1625785018642431,0.08773932372388749,0.9357821214422459,0.32455629659310525,True
20260718,M2,case_td016_pp0_1_gamma_007__steady,random,28,4.527307190172671,0.11689591658489422,0.07987411709947116,1.1015917727478954,0.1625785018642431,0.08773932372388749,2.6141280118857844,0.32455629659310525,True
20260718,M2,case_td016_pp0_1_gamma_007__steady,random,29,1.35912635473694,0.16119517247437648,0.05505859551944557,1.1015917727478954,0.1625785018642431,0.08773932372388749,0.5384139495589889,0.32455629659310525,True
20260718,M2,case_td016_pp0_1_gamma_007__steady,random,30,4.150188111437367,0.10718577070558777,0.061766258758934295,1.1015917727478954,0.1625785018642431,0.08773932372388749,2.2618397214370334,0.32455629659310525,True
20260718,M2,case_td016_pp0_1_gamma_007__steady,random,31,2.5549020976503485,0.09263423224494163,0.05582087735507889,1.1015917727478954,0.1625785018642431,0.08773932372388749,1.043829640424727,0.32455629659310525,True
20260718,M2,case_td016_pp0_1_gamma_007__steady,random,32,2.2752837038326716,0.056047097708780615,0.09753519600062475,1.1015917727478954,0.1625785018642431,0.08773932372388749,0.4514491988428049,0.32455629659310525,True
20260718,M2,case_td016_pp0_1_gamma_007__steady,random,33,3.5946413484882265,0.11961580733831276,0.07376951600776041,1.1015917727478954,0.1625785018642431,0.08773932372388749,2.095631978013976,0.32455629659310525,True
20260718,M2,case_td016_pp0_1_gamma_007__steady,random,34,3.026895825293343,0.1742989594311046,0.05372421892313867,1.1015917727478954,0.1625785018642431,0.08773932372388749,2.166386508452553,0.32455629659310525,True
20260718,M2,case_td016_pp0_1_gamma_007__steady,random,35,1.5380164854720735,0.05632783964219824,0.04261507664688617,1.5380164854720735,0.05632783964219824,0.04261507664688617,0.054709209314492455,0.054709209314492455,True
20260718,M2,case_td016_pp0_1_gamma_007__steady,random,36,2.701187750154672,0.09404653541401625,0.09587670337464506,1.5380164854720735,0.05632783964219824,0.04261507664688617,1.1693696208002706,0.054709209314492455,True
20260718,M2,case_td016_pp0_1_gamma_007__steady,random,37,4.558868717391997,0.12502682356757205,0.08761254597717036,1.5380164854720735,0.05632783964219824,0.04261507664688617,2.7507249921449453,0.054709209314492455,True
20260718,M2,case_td016_pp0_1_gamma_007__steady,random,38,2.5737979126323136,0.16280942121850517,0.062490154728648585,1.5380164854720735,0.05632783964219824,0.04261507664688617,1.6819850503319962,0.054709209314492455,True
20260718,M2,case_td016_pp0_1_gamma_007__steady,random,39,4.667706597244226,0.061182623395143576,0.07618365973345909,1.5380164854720735,0.05632783964219824,0.04261507664688617,1.701138483837535,0.054709209314492455,True
20260718,M2,case_td016_pp0_1_gamma_007__steady,random,40,1.4817628503349525,0.07698420746436471,0.04303167054877335,1.5380164854720735,0.05632783964219824,0.04261507664688617,0.16387008042414128,0.054709209314492455,True
20260718,M2,case_td016_pp0_1_gamma_007__steady,random,41,1.1277031152596413,0.14695469515405768,0.04514857953780814,1.5380164854720735,0.05632783964219824,0.04261507664688617,0.2807664153914832,0.054709209314492455,True
20260718,M2,case_td016_pp0_1_gamma_007__steady,random,42,1.3472967984147233,0.10376679844896686,0.06109117091376971,1.5380164854720735,0.05632783964219824,0.04261507664688617,0.24938796252616838,0.054709209314492455,True
20260718,M2,case_td016_pp0_1_gamma_007__steady,random,43,1.4857792192345713,0.12725840572076344,0.09998644358315026,1.5380164854720735,0.05632783964219824,0.04261507664688617,0.4938334765956059,0.054709209314492455,True
20260718,M2,case_td016_pp0_1_gamma_007__steady,random,44,2.7325608792704883,0.15582986656307685,0.09194542726070552,1.5380164854720735,0.05632783964219824,0.04261507664688617,1.7806523834281467,0.054709209314492455,True
20260718,M2,case_td016_pp0_1_gamma_007__steady,random,45,2.6554623340698065,0.08668568407223236,0.05171712199734092,1.5380164854720735,0.05632783964219824,0.04261507664688617,1.0433285632846923,0.054709209314492455,True
20260718,M2,case_td016_pp0_1_gamma_007__steady,random,46,2.4424312432361144,0.11451450271006915,0.05093037723631281,1.5380164854720735,0.05632783964219824,0.04261507664688617,1.1820090775031806,0.054709209314492455,True
20260718,M2,case_td016_pp0_1_gamma_007__steady,random,47,1.4347288073750795,0.16393320573147666,0.06399035525588515,1.5380164854720735,0.05632783964219824,0.04261507664688617,0.6203206077733638,0.054709209314492455,True
20260718,M2,case_td016_pp0_1_gamma_007__steady,random,48,2.2940473533385606,0.12414818290474666,0.09166693792996583,1.5380164854720735,0.05632783964219824,0.04261507664688617,1.1532801315233523,0.054709209314492455,True
20260718,M2,case_td016_pp0_1_gamma_007__steady,random,49,4.986708733630026,0.06503624694148953,0.08756767876351873,1.5380164854720735,0.05632783964219824,0.04261507664688617,1.8978424707748156,0.054709209314492455,True
20260718,M2,case_td016_pp0_1_gamma_007__steady,random,50,3.3980019247012154,0.10334095561812903,0.059217994463983514,1.5380164854720735,0.05632783964219824,0.04261507664688617,1.7530045403429937,0.054709209314492455,True
20260718,M2,case_td016_pp0_1_gamma_007__steady,random,51,3.2671633526114676,0.13989334492980604,0.045152802139704365,1.5380164854720735,0.05632783964219824,0.04261507664688617,2.076554230556848,0.054709209314492455,True
20260718,M2,case_td016_pp0_1_gamma_007__steady,random,52,2.4676051395083194,0.06406067892641125,0.0577188390945122,1.5380164854720735,0.05632783964219824,0.04261507664688617,0.6505257212339466,0.054709209314492455,True
20260718,M2,case_td016_pp0_1_gamma_007__steady,random,53,1.252271764584337,0.10798852764989242,0.040705157411327,1.5380164854720735,0.05632783964219824,0.04261507664688617,0.2007133690517928,0.054709209314492455,True
20260718,M2,case_td016_pp0_1_gamma_007__steady,random,54,4.08819848845517,0.09596885188031967,0.0927763685353522,1.5380164854720735,0.05632783964219824,0.04261507664688617,2.0565147997746225,0.054709209314492455,True
20260718,M2,case_td016_pp0_1_gamma_007__steady,random,55,2.3945400073057845,0.0857149063422763,0.09650914728553045,1.5380164854720735,0.05632783964219824,0.04261507664688617,0.8620220475161416,0.054709209314492455,True
20260718,M2,case_td016_pp0_1_gamma_007__steady,random,56,1.789369714046158,0.10230621931169831,0.06669975373909372,1.5380164854720735,0.05632783964219824,0.04261507664688617,0.5695343263947389,0.054709209314492455,True
20260718,M2,case_td016_pp0_1_gamma_007__steady,random,57,3.7860219556053094,0.057186976363610614,0.09015428649405163,1.5380164854720735,0.05632783964219824,0.04261507664688617,1.252146721304143,0.054709209314492455,True
20260718,M2,case_td016_pp0_1_gamma_007__steady,random,58,4.8933766190255685,0.14689127441936628,0.07555031743311744,1.5380164854720735,0.05632783964219824,0.04261507664688617,3.2279479413352212,0.054709209314492455,True
20260718,M2,case_td016_pp0_1_gamma_007__steady,random,59,2.4582170507953176,0.1923211377367688,0.06816032756679252,1.5380164854720735,0.05632783964219824,0.04261507664688617,1.7530617344409454,0.054709209314492455,True
20260718,M2,case_td016_pp0_1_gamma_007__steady,random,60,3.0876989568951627,0.17834993455740722,0.0588990265618005,1.5380164854720735,0.05632783964219824,0.04261507664688617,2.2499422712994837,0.054709209314492455,True
20260718,M2,case_td016_pp0_1_gamma_007__steady,random,61,1.9844339966379008,0.19535760038802147,0.06615761129177174,1.5380164854720735,0.05632783964219824,0.04261507664688617,1.2986574471053152,0.054709209314492455,True
20260718,M2,case_td016_pp0_1_gamma_007__steady,random,62,1.1230453264225702,0.08519749101213941,0.09867234469529526,1.1230453264225702,0.08519749101213941,0.09867234469529526,0.04305256532086865,0.04305256532086865,True
20260718,M2,case_td016_pp0_1_gamma_007__steady,random,63,3.3398538439981578,0.06193423731297014,0.05198895595060135,1.1230453264225702,0.08519749101213941,0.09867234469529526,1.1063240747458567,0.04305256532086865,True
20260718,M2,case_td016_pp0_1_gamma_007__steady,random,64,4.80883902429091,0.09243222282139037,0.04590968803368155,1.1230453264225702,0.08519749101213941,0.09867234469529526,2.3390375534928656,0.04305256532086865,True
20260718,M2,case_td016_pp0_1_gamma_007__steady,random,65,3.3135609370505734,0.06198962305546035,0.069590359621693,1.1230453264225702,0.08519749101213941,0.09867234469529526,1.09723767097549,0.04305256532086865,True
20260718,M2,case_td016_pp0_1_gamma_007__steady,random,66,1.5780038461131305,0.06722494319223161,0.058056641166000095,1.1230453264225702,0.08519749101213941,0.09867234469529526,0.15165685003784624,0.04305256532086865,True
20260718,M2,case_td016_pp0_1_gamma_007__steady,random,67,3.8014734299641892,0.16053460129851754,0.07763491222113647,1.1230453264225702,0.08519749101213941,0.09867234469529526,2.6881136405227144,0.04305256532086865,True
20260718,M2,case_td016_pp0_1_gamma_007__steady,random,68,4.810735444702077,0.05402126372239081,0.08089241112261576,1.1230453264225702,0.08519749101213941,0.09867234469529526,1.6159937196995557,0.04305256532086865,True
20260718,M2,case_td016_pp0_1_gamma_007__steady,random,69,1.002237637913269,0.05120712254054574,0.09844174719627491,1.1230453264225702,0.08519749101213941,0.09867234469529526,0.2659989438790731,0.04305256532086865,True
20260718,M2,case_td016_pp0_1_gamma_007__steady,random,70,1.2549623632509324,0.06557907497078426,0.04295775900103543,1.1230453264225702,0.08519749101213941,0.09867234469529526,0.07020220019282362,0.04305256532086865,True
20260718,M2,case_td016_pp0_1_gamma_007__steady,random,71,2.9408751769605908,0.09418151278437936,0.060182286748744956,1.1230453264225702,0.08519749101213941,0.09867234469529526,1.3306723317138118,0.04305256532086865,True
20260718,M2,case_td016_pp0_1_gamma_007__steady,random,72,3.5434205144606428,0.09055067195158756,0.09577661684812187,1.1230453264225702,0.08519749101213941,0.09867234469529526,1.667029022542544,0.04305256532086865,True
20260718,M2,case_td016_pp0_1_gamma_007__steady,random,73,1.3824378870436909,0.11214413107625265,0.07997339092505823,1.1230453264225702,0.08519749101213941,0.09867234469529526,0.32592521559409954,0.04305256532086865,True
20260718,M2,case_td016_pp0_1_gamma_007__steady,random,74,2.2784115476409665,0.19952690692270675,0.08758839418704457,1.1230453264225702,0.08519749101213941,0.09867234469529526,1.6173340449378713,0.04305256532086865,True
20260718,M2,case_td016_pp0_1_gamma_007__steady,random,75,1.6435387564375157,0.13589117802762352,0.05594261724711355,1.1230453264225702,0.08519749101213941,0.09867234469529526,0.6673910878465724,0.04305256532086865,True
20260718,M2,case_td016_pp0_1_gamma_007__steady,random,76,1.1999917219891496,0.16912814690838257,0.08378032427870707,1.1230453264225702,0.08519749101213941,0.09867234469529526,0.43332610330959764,0.04305256532086865,True
20260718,M2,case_td016_pp0_1_gamma_007__steady,random,77,4.656501887800287,0.13469560700096245,0.072967762139658,1.1230453264225702,0.08519749101213941,0.09867234469529526,2.937948146535651,0.04305256532086865,True
20260718,M2,case_td016_pp0_1_gamma_007__steady,random,78,2.3558656660278983,0.11902341274984776,0.0987978149875958,1.1230453264225702,0.08519749101213941,0.09867234469529526,1.1617742808520497,0.04305256532086865,True
20260718,M2,case_td016_pp0_1_gamma_007__steady,random,79,2.598194027336304,0.14504807348579057,0.09648888933166358,1.1230453264225702,0.08519749101213941,0.09867234469529526,1.5811858852346807,0.04305256532086865,True
20260718,M2,case_td016_pp0_1_gamma_007__steady,random,80,4.887580977420789,0.10023824718984427,0.06683726968432573,1.1230453264225702,0.08519749101213941,0.09867234469529526,2.515710580684139,0.04305256532086865,True
20260718,M2,case_td016_pp0_1_gamma_007__steady,random,81,3.660632242383612,0.1398363059305166,0.04093398006539526,1.1230453264225702,0.08519749101213941,0.09867234469529526,2.3665939488130525,0.04305256532086865,True
20260718,M2,case_td016_pp0_1_gamma_007__steady,random,82,4.270001590472753,0.18588994914036944,0.06793522534796448,1.1230453264225702,0.08519749101213941,0.09867234469529526,3.2525235560876697,0.04305256532086865,True
20260718,M2,case_td016_pp0_1_gamma_007__steady,random,83,2.7160691604853917,0.19041455262252066,0.058282328928055606,1.1230453264225702,0.08519749101213941,0.09867234469529526,1.9873483507179013,0.04305256532086865,True
20260718,M2,case_td016_pp0_1_gamma_007__steady,random,84,3.8311343763445582,0.05306079106485767,0.04348515104120214,1.1230453264225702,0.08519749101213941,0.09867234469529526,1.1931283596640652,0.04305256532086865,True
20260718,M2,case_td016_pp0_1_gamma_007__steady,random,85,4.773191456233151,0.18879624195009187,0.05059307405784681,1.1230453264225702,0.08519749101213941,0.09867234469529526,3.609793190949867,0.04305256532086865,True
20260718,M2,case_td016_pp0_1_gamma_007__steady,random,86,2.3928999866194167,0.118996021676032,0.06975109823895617,1.1230453264225702,0.08519749101213941,0.09867234469529526,1.187501656636473,0.04305256532086865,True
20260718,M2,case_td016_pp0_1_gamma_007__steady,random,87,4.521140273566788,0.15884406751114055,0.06553068508015576,1.1230453264225702,0.08519749101213941,0.09867234469529526,3.1554163323901534,0.04305256532086865,True
20260718,M2,case_td016_pp0_1_gamma_007__steady,random,88,3.7049244707040536,0.17569987165748757,0.060018418683779384,1.1230453264225702,0.08519749101213941,0.09867234469529526,2.7439736475644003,0.04305256532086865,True
20260718,M2,case_td016_pp0_1_gamma_007__steady,random,89,1.0735268117190393,0.19092410166550838,0.04409326795909603,1.1230453264225702,0.08519749101213941,0.09867234469529526,0.3950198500787324,0.04305256532086865,True
20260718,M2,case_td016_pp0_1_gamma_007__steady,random,90,1.2978201443882051,0.19085576900612966,0.054708755459008024,1.1230453264225702,0.08519749101213941,0.09867234469529526,0.601934465854991,0.04305256532086865,True
20260718,M2,case_td016_pp0_1_gamma_007__steady,random,91,4.348187179956163,0.07013466609955106,0.04331640609656725,1.1230453264225702,0.08519749101213941,0.09867234469529526,1.7308682863931502,0.04305256532086865,True
20260718,M2,case_td016_pp0_1_gamma_007__steady,random,92,2.160852343708878,0.13203198804801047,0.05229241931232033,1.1230453264225702,0.08519749101213941,0.09867234469529526,1.0927437395734243,0.04305256532086865,True
20260718,M2,case_td016_pp0_1_gamma_007__steady,random,93,3.133550709830951,0.10408187397988912,0.04143201382044852,1.1230453264225702,0.08519749101213941,0.09867234469529526,1.5802088511105377,0.04305256532086865,True
20260718,M2,case_td016_pp0_1_gamma_007__steady,random,94,2.902704903279848,0.05056481763801428,0.06304997545167948,1.1230453264225702,0.08519749101213941,0.09867234469529526,0.7115847868261851,0.04305256532086865,True
20260718,M2,case_td016_pp0_1_gamma_007__steady,random,95,2.666781049614932,0.10766456793031041,0.07935075191039093,1.1230453264225702,0.08519749101213941,0.09867234469529526,1.2942295426540404,0.04305256532086865,True
20260718,M2,case_td016_pp0_1_gamma_007__steady,random,96,1.187262731524449,0.09820996335834842,0.09321732025816071,1.1230453264225702,0.08519749101213941,0.09867234469529526,0.11532881260711117,0.04305256532086865,True
20260718,M2,case_td016_pp0_1_gamma_007__steady,random,97,1.3633314832517933,0.15518430403062977,0.04266194200808215,1.1230453264225702,0.08519749101213941,0.09867234469529526,0.5137608069149345,0.04305256532086865,True
20260718,M2,case_td016_pp0_1_gamma_007__steady,random,98,2.0303940057780903,0.1089397380610847,0.06598336530818076,1.1230453264225702,0.08519749101213941,0.09867234469529526,0.8089981980852733,0.04305256532086865,True
20260718,M2,case_td016_pp0_1_gamma_007__steady,random,99,1.445109722201385,0.1050627241316798,0.07298937366799765,1.1230453264225702,0.08519749101213941,0.09867234469529526,0.3304002465081578,0.04305256532086865,True
20260718,M2,case_td016_pp0_1_gamma_007__steady,random,100,1.553828159524011,0.12048640536786585,0.04041040687666571,1.1230453264225702,0.08519749101213941,0.09867234469529526,0.500074384755471,0.04305256532086865,True
20260718,M3,case_td030_pa200_pp0_5_gamma_004__steady,cmaes,1,3.0,0.125,0.07,3.0,0.125,0.07,0.4420755918508906,0.4420755918508906,True
20260718,M3,case_td030_pa200_pp0_5_gamma_004__steady,cmaes,2,2.6341583421288997,0.09142592607144959,0.09796478780216777,3.0,0.125,0.07,0.5746025500330454,0.4420755918508906,True
20260718,M3,case_td030_pa200_pp0_5_gamma_004__steady,cmaes,3,4.374305569951224,0.14981912897870428,0.07071691525881688,4.374305569951224,0.14981912897870428,0.07071691525881688,0.1916685777760107,0.1916685777760107,True
20260718,M3,case_td030_pa200_pp0_5_gamma_004__steady,cmaes,4,3.5621588268666216,0.14960019758147824,0.09813528013779668,4.374305569951224,0.14981912897870428,0.07071691525881688,0.30197679169607533,0.1916685777760107,True
20260718,M3,case_td030_pa200_pp0_5_gamma_004__steady,cmaes,5,2.7973360297757477,0.08649856147847142,0.08307713559540261,4.374305569951224,0.14981912897870428,0.07071691525881688,0.564820680089679,0.1916685777760107,True
20260718,M3,case_td030_pa200_pp0_5_gamma_004__steady,cmaes,6,2.070791779205593,0.10739867767837752,0.07445027698893164,4.374305569951224,0.14981912897870428,0.07071691525881688,0.62654403765372,0.1916685777760107,True
20260718,M3,case_td030_pa200_pp0_5_gamma_004__steady,cmaes,7,3.499904043136034,0.1823703180026327,0.0766256567720971,4.374305569951224,0.14981912897870428,0.07071691525881688,0.2534548532210856,0.1916685777760107,True
20260718,M3,case_td030_pa200_pp0_5_gamma_004__steady,cmaes,8,2.9865245409471624,0.063443736234415,0.0774418642397801,4.374305569951224,0.14981912897870428,0.07071691525881688,0.6062497059307934,0.1916685777760107,True
20260718,M3,case_td030_pa200_pp0_5_gamma_004__steady,cmaes,9,2.8927804828561356,0.12017356396279145,0.07313309376760915,4.374305569951224,0.14981912897870428,0.07071691525881688,0.4694381952687767,0.1916685777760107,True
20260718,M3,case_td030_pa200_pp0_5_gamma_004__steady,cmaes,10,1.247752705377948,0.1749804138951457,0.06687399761326152,4.374305569951224,0.14981912897870428,0.07071691525881688,0.6877861919575566,0.1916685777760107,True
20260718,M3,case_td030_pa200_pp0_5_gamma_004__steady,cmaes,11,3.6028019630186434,0.14921279421299122,0.08520091851191712,4.374305569951224,0.14981912897870428,0.07071691525881688,0.29668350026474855,0.1916685777760107,True
20260718,M3,case_td030_pa200_pp0_5_gamma_004__steady,cmaes,12,3.974229742738953,0.18812367939078006,0.0892886714609602,3.974229742738953,0.18812367939078006,0.0892886714609602,0.17071470030225902,0.17071470030225902,True
20260718,M3,case_td030_pa200_pp0_5_gamma_004__steady,cmaes,13,4.8409501340995025,0.19326709547930782,0.07716471685470777,4.8409501340995025,0.19326709547930782,0.07716471685470777,0.06155685742985631,0.06155685742985631,True
20260718,M3,case_td030_pa200_pp0_5_gamma_004__steady,cmaes,14,4.09222697870622,0.0693935692550515,0.0937226060477013,4.8409501340995025,0.19326709547930782,0.07716471685470777,0.4714112969358443,0.06155685742985631,True
20260718,M3,case_td030_pa200_pp0_5_gamma_004__steady,cmaes,15,3.9356192814010886,0.12923092350438062,0.07866990894570446,4.8409501340995025,0.19326709547930782,0.07716471685470777,0.29716672811100453,0.06155685742985631,True
20260718,M3,case_td030_pa200_pp0_5_gamma_004__steady,cmaes,16,2.9851709422259756,0.16510607994921073,0.06264163283973424,4.8409501340995025,0.19326709547930782,0.07716471685470777,0.3694098711679793,0.06155685742985631,True
20260718,M3,case_td030_pa200_pp0_5_gamma_004__steady,cmaes,17,4.2691976710890565,0.11634780610281961,0.047624991386598446,4.8409501340995025,0.19326709547930782,0.07716471685470777,0.2947936220631198,0.06155685742985631,True
20260718,M3,case_td030_pa200_pp0_5_gamma_004__steady,cmaes,18,3.757068973081091,0.1587998642273608,0.07002578115551304,4.8409501340995025,0.19326709547930782,0.07716471685470777,0.254748865664346,0.06155685742985631,True
20260718,M3,case_td030_pa200_pp0_5_gamma_004__steady,cmaes,19,3.5417511099359147,0.1321835693942471,0.09123339814027082,4.8409501340995025,0.19326709547930782,0.07716471685470777,0.34338569754121406,0.06155685742985631,True
20260718,M3,case_td030_pa200_pp0_5_gamma_004__steady,cmaes,20,2.2628727977156897,0.10936510694862756,0.06897098522227864,4.8409501340995025,0.19326709547930782,0.07716471685470777,0.5925272968387323,0.06155685742985631,True
20260718,M3,case_td030_pa200_pp0_5_gamma_004__steady,cmaes,21,2.885692109771435,0.10229556810198145,0.066381374560518,4.8409501340995025,0.19326709547930782,0.07716471685470777,0.5127087326951083,0.06155685742985631,True
20260718,M3,case_td030_pa200_pp0_5_gamma_004__steady,cmaes,22,3.453342906279763,0.17231501877757313,0.0656267024305258,4.8409501340995025,0.19326709547930782,0.07716471685470777,0.2776260952843162,0.06155685742985631,True
20260718,M3,case_td030_pa200_pp0_5_gamma_004__steady,cmaes,23,4.938411152047618,0.18925345049116105,0.07494740230033481,4.938411152047618,0.18925345049116105,0.07494740230033481,0.05922268023908271,0.05922268023908271,True
20260718,M3,case_td030_pa200_pp0_5_gamma_004__steady,cmaes,24,3.79181843038308,0.19865264892231488,0.07580205314431986,4.938411152047618,0.18925345049116105,0.07494740230033481,0.18260396873204057,0.05922268023908271,True
20260718,M3,case_td030_pa200_pp0_5_gamma_004__steady,cmaes,25,4.309434728200535,0.14661580062101012,0.07095441185837349,4.938411152047618,0.18925345049116105,0.07494740230033481,0.2070410503877733,0.05922268023908271,True
20260718,M3,case_td030_pa200_pp0_5_gamma_004__steady,cmaes,26,3.7477845536375463,0.12680374404441813,0.07609392119613367,4.938411152047618,0.18925345049116105,0.07494740230033481,0.328207017023169,0.05922268023908271,True
20260718,M3,case_td030_pa200_pp0_5_gamma_004__steady,cmaes,27,3.4508634565046132,0.16035148288815992,0.07646316529509112,4.938411152047618,0.18925345049116105,0.07494740230033481,0.29856270431121784,0.05922268023908271,True
20260718,M3,case_td030_pa200_pp0_5_gamma_004__steady,cmaes,28,3.7162109829722363,0.1298553947430445,0.06854226051649996,4.938411152047618,0.18925345049116105,0.07494740230033481,0.32502287105767563,0.05922268023908271,True
20260718,M3,case_td030_pa200_pp0_5_gamma_004__steady,cmaes,29,4.422149432067224,0.16446512821155418,0.07144741192262732,4.938411152047618,0.18925345049116105,0.07494740230033481,0.15383869173898043,0.05922268023908271,True
20260718,M3,case_td030_pa200_pp0_5_gamma_004__steady,cmaes,30,2.7096468421764017,0.17546829704394634,0.08438685171870088,4.938411152047618,0.18925345049116105,0.07494740230033481,0.4036858372020147,0.05922268023908271,True
20260718,M3,case_td030_pa200_pp0_5_gamma_004__steady,cmaes,31,4.522653791809843,0.17418893301302382,0.06900624665885542,4.938411152047618,0.18925345049116105,0.07494740230033481,0.12306418462639701,0.05922268023908271,True
20260718,M3,case_td030_pa200_pp0_5_gamma_004__steady,cmaes,32,3.5747840623159313,0.1939665987258788,0.08846044325781086,4.938411152047618,0.18925345049116105,0.07494740230033481,0.22374758004072612,0.05922268023908271,True
20260718,M3,case_td030_pa200_pp0_5_gamma_004__steady,cmaes,33,4.4182359045964485,0.17954301771949815,0.0947191007787465,4.938411152047618,0.18925345049116105,0.07494740230033481,0.12560567170487133,0.05922268023908271,True
20260718,M3,case_td030_pa200_pp0_5_gamma_004__steady,cmaes,34,2.100613312735975,0.10291873545744906,0.05248838708333144,4.938411152047618,0.18925345049116105,0.07494740230033481,0.6310052704269582,0.05922268023908271,True
20260718,M3,case_td030_pa200_pp0_5_gamma_004__steady,cmaes,35,2.79422807442221,0.12739817724277436,0.0703906198822988,4.938411152047618,0.18925345049116105,0.07494740230033481,0.4700688799485099,0.05922268023908271,True
20260718,M3,case_td030_pa200_pp0_5_gamma_004__steady,cmaes,36,4.5103122710558345,0.151695545298676,0.081342031388549,4.938411152047618,0.18925345049116105,0.07494740230033481,0.1711350327008515,0.05922268023908271,True
20260718,M3,case_td030_pa200_pp0_5_gamma_004__steady,cmaes,37,4.770059629941391,0.19814734973750447,0.05282878515357341,4.938411152047618,0.18925345049116105,0.07494740230033481,0.06237700404574161,0.05922268023908271,True
20260718,M3,case_td030_pa200_pp0_5_gamma_004__steady,cmaes,38,3.6667012148058795,0.1395857467436867,0.055828562206604565,4.938411152047618,0.18925345049116105,0.07494740230033481,0.3094120219401341,0.05922268023908271,True
20260718,M3,case_td030_pa200_pp0_5_gamma_004__steady,cmaes,39,4.655714955115219,0.09342559811873294,0.056602985367152414,4.938411152047618,0.18925345049116105,0.07494740230033481,0.33156798531676956,0.05922268023908271,True
20260718,M3,case_td030_pa200_pp0_5_gamma_004__steady,cmaes,40,3.785195513778222,0.17484308867026666,0.0686738960134648,4.938411152047618,0.18925345049116105,0.07494740230033481,0.2210198847158327,0.05922268023908271,True
20260718,M3,case_td030_pa200_pp0_5_gamma_004__steady,cmaes,41,3.146937560520907,0.17014745511003684,0.04389623005085893,4.938411152047618,0.18925345049116105,0.07494740230033481,0.3341703806195658,0.05922268023908271,True
20260718,M3,case_td030_pa200_pp0_5_gamma_004__steady,cmaes,42,4.58507623474179,0.1662161394043612,0.056484905533651264,4.938411152047618,0.18925345049116105,0.07494740230033481,0.13189668458342826,0.05922268023908271,True
20260718,M3,case_td030_pa200_pp0_5_gamma_004__steady,cmaes,43,4.868674454182424,0.17205696820401428,0.059693215030682645,4.938411152047618,0.18925345049116105,0.07494740230033481,0.09066936819740362,0.05922268023908271,True
20260718,M3,case_td030_pa200_pp0_5_gamma_004__steady,cmaes,44,3.9020547675952812,0.18563109244019643,0.045779399316914396,4.938411152047618,0.18925345049116105,0.07494740230033481,0.18699646305735043,0.05922268023908271,True
20260718,M3,case_td030_pa200_pp0_5_gamma_004__steady,cmaes,45,4.219432608144169,0.16096478822331106,0.0649675019373483,4.938411152047618,0.18925345049116105,0.07494740230033481,0.1866280030794468,0.05922268023908271,True
20260718,M3,case_td030_pa200_pp0_5_gamma_004__steady,cmaes,46,4.320737765357339,0.17962363554145677,0.07876071905769677,4.938411152047618,0.18925345049116105,0.07494740230033481,0.13764112596160075,0.05922268023908271,True
20260718,M3,case_td030_pa200_pp0_5_gamma_004__steady,cmaes,47,3.526454545255518,0.14881855633236926,0.05247108908868004,4.938411152047618,0.18925345049116105,0.07494740230033481,0.3103557308928738,0.05922268023908271,True
20260718,M3,case_td030_pa200_pp0_5_gamma_004__steady,cmaes,48,3.8494687742423297,0.1693529183979195,0.05264829076646124,4.938411152047618,0.18925345049116105,0.07494740230033481,0.22206161455966889,0.05922268023908271,True
20260718,M3,case_td030_pa200_pp0_5_gamma_004__steady,cmaes,49,4.720439682488332,0.14384239592623738,0.07325105014185108,4.938411152047618,0.18925345049116105,0.07494740230033481,0.1674807912688276,0.05922268023908271,True
20260718,M3,case_td030_pa200_pp0_5_gamma_004__steady,cmaes,50,4.645424253254493,0.1976203508863601,0.08271397087673985,4.938411152047618,0.18925345049116105,0.07494740230033481,0.07279548658301586,0.05922268023908271,True
20260718,M3,case_td030_pa200_pp0_5_gamma_004__steady,cmaes,51,4.421108235529671,0.19416810919445382,0.048492381190338565,4.938411152047618,0.18925345049116105,0.07494740230033481,0.10319175873326941,0.05922268023908271,True
20260718,M3,case_td030_pa200_pp0_5_gamma_004__steady,cmaes,52,4.6548737303699195,0.13960393950506028,0.05046409816279246,4.938411152047618,0.18925345049116105,0.07494740230033481,0.18645294815019037,0.05922268023908271,True
20260718,M3,case_td030_pa200_pp0_5_gamma_004__steady,cmaes,53,4.303908857015632,0.1996131380830659,0.041639446215482157,4.938411152047618,0.18925345049116105,0.07494740230033481,0.11035516297477138,0.05922268023908271,True
20260718,M3,case_td030_pa200_pp0_5_gamma_004__steady,cmaes,54,4.30786330829487,0.11536331375304283,0.07872734902643624,4.938411152047618,0.18925345049116105,0.07494740230033481,0.29210482085936285,0.05922268023908271,True
20260718,M3,case_td030_pa200_pp0_5_gamma_004__steady,cmaes,55,4.504028982216385,0.15600992532877145,0.052014836207431324,4.938411152047618,0.18925345049116105,0.07494740230033481,0.16319209350051259,0.05922268023908271,True
20260718,M3,case_td030_pa200_pp0_5_gamma_004__steady,cmaes,56,4.631568561983881,0.19014215543222462,0.0626479534356854,4.938411152047618,0.18925345049116105,0.07494740230033481,0.08471967623802613,0.05922268023908271,True
20260718,M3,case_td030_pa200_pp0_5_gamma_004__steady,cmaes,57,4.918776828547276,0.17545440321941985,0.06781725251682223,4.938411152047618,0.18925345049116105,0.07494740230033481,0.07982821274459882,0.05922268023908271,True
20260718,M3,case_td030_pa200_pp0_5_gamma_004__steady,cmaes,58,4.549271376640805,0.19211072523747774,0.06185950326625936,4.938411152047618,0.18925345049116105,0.07494740230033481,0.09068414311674772,0.05922268023908271,True
20260718,M3,case_td030_pa200_pp0_5_gamma_004__steady,cmaes,59,4.929524437935414,0.19402455807839353,0.07167798617835494,4.929524437935414,0.19402455807839353,0.07167798617835494,0.05537969934808071,0.05537969934808071,True
20260718,M3,case_td030_pa200_pp0_5_gamma_004__steady,cmaes,60,4.056074225804514,0.16291999506180682,0.07151450429098888,4.929524437935414,0.19402455807839353,0.07167798617835494,0.20408402047088414,0.05537969934808071,True
20260718,M3,case_td030_pa200_pp0_5_gamma_004__steady,cmaes,61,4.520748055763953,0.19573300890840095,0.07578077254285794,4.929524437935414,0.19402455807839353,0.07167798617835494,0.08821873143066651,0.05537969934808071,True
20260718,M3,case_td030_pa200_pp0_5_gamma_004__steady,cmaes,62,4.530691954480546,0.19174126490003413,0.0580398266465607,4.929524437935414,0.19402455807839353,0.07167798617835494,0.09347460536603089,0.05537969934808071,True
20260718,M3,case_td030_pa200_pp0_5_gamma_004__steady,cmaes,63,4.360322008393281,0.18294610435822134,0.06353847042327351,4.929524437935414,0.19402455807839353,0.07167798617835494,0.12745664640433493,0.05537969934808071,True
20260718,M3,case_td030_pa200_pp0_5_gamma_004__steady,cmaes,64,4.89754923189413,0.15657693080647045,0.06730230974929155,4.929524437935414,0.19402455807839353,0.07167798617835494,0.11903631085327573,0.05537969934808071,True
20260718,M3,case_td030_pa200_pp0_5_gamma_004__steady,cmaes,65,4.603840421098119,0.17290138325110788,0.06078164416638224,4.929524437935414,0.19402455807839353,0.07167798617835494,0.1165459291224792,0.05537969934808071,True
20260718,M3,case_td030_pa200_pp0_5_gamma_004__steady,cmaes,66,4.724181384176498,0.18514415139122292,0.07806249619305411,4.929524437935414,0.19402455807839353,0.07167798617835494,0.08233818652903463,0.05537969934808071,True
20260718,M3,case_td030_pa200_pp0_5_gamma_004__steady,cmaes,67,4.283339010095463,0.18226657204712288,0.07640892582689726,4.929524437935414,0.19402455807839353,0.07167798617835494,0.13795225122480576,0.05537969934808071,True
20260718,M3,case_td030_pa200_pp0_5_gamma_004__steady,cmaes,68,4.073368222319964,0.19754973089930417,0.09407960241069815,4.929524437935414,0.19402455807839353,0.07167798617835494,0.1423287233171718,0.05537969934808071,True
20260718,M3,case_td030_pa200_pp0_5_gamma_004__steady,cmaes,69,4.423982159054665,0.19582856697964163,0.07045868148410099,4.929524437935414,0.19402455807839353,0.07167798617835494,0.09931320153626888,0.05537969934808071,True
20260718,M3,case_td030_pa200_pp0_5_gamma_004__steady,cmaes,70,4.686634027525935,0.17763940999975808,0.05389534230644443,4.929524437935414,0.19402455807839353,0.07167798617835494,0.09934242175939084,0.05537969934808071,True
20260718,M3,case_td030_pa200_pp0_5_gamma_004__steady,cmaes,71,4.964651710022141,0.1694305233943681,0.05002562534005968,4.929524437935414,0.19402455807839353,0.07167798617835494,0.08715026705297561,0.05537969934808071,True
20260718,M3,case_td030_pa200_pp0_5_gamma_004__steady,cmaes,72,4.5138304238286455,0.19098415607167574,0.05772521262318053,4.929524437935414,0.19402455807839353,0.07167798617835494,0.09651732863522626,0.05537969934808071,True
20260718,M3,case_td030_pa200_pp0_5_gamma_004__steady,cmaes,73,4.219245404957297,0.1831693549053277,0.08860675374610193,4.929524437935414,0.19402455807839353,0.07167798617835494,0.14469153646071367,0.05537969934808071,True
20260718,M3,case_td030_pa200_pp0_5_gamma_004__steady,cmaes,74,4.816382568747221,0.1739264644026947,0.0624659270518313,4.929524437935414,0.19402455807839353,0.07167798617835494,0.09222377831680215,0.05537969934808071,True
20260718,M3,case_td030_pa200_pp0_5_gamma_004__steady,cmaes,75,4.751119722116332,0.18277068097894517,0.06843448580087681,4.929524437935414,0.19402455807839353,0.07167798617835494,0.08358466613530266,0.05537969934808071,True
20260718,M3,case_td030_pa200_pp0_5_gamma_004__steady,cmaes,76,4.436211493151101,0.18649552677649062,0.06412332637650278,4.929524437935414,0.19402455807839353,0.07167798617835494,0.11227064294323824,0.05537969934808071,True
20260718,M3,case_td030_pa200_pp0_5_gamma_004__steady,cmaes,77,4.947830411010869,0.18623145413317077,0.06839359417910525,4.929524437935414,0.19402455807839353,0.07167798617835494,0.06206310208562601,0.05537969934808071,True
20260718,M3,case_td030_pa200_pp0_5_gamma_004__steady,cmaes,78,4.776241775051025,0.17794438706918447,0.07040445685876616,4.929524437935414,0.19402455807839353,0.07167798617835494,0.08890528413889338,0.05537969934808071,True
20260718,M3,case_td030_pa200_pp0_5_gamma_004__steady,cmaes,79,4.378664764498394,0.18962300386038478,0.08525485404719937,4.929524437935414,0.19402455807839353,0.07167798617835494,0.11381497686300412,0.05537969934808071,True
20260718,M3,case_td030_pa200_pp0_5_gamma_004__steady,cmaes,80,4.899029819839398,0.17715375534287886,0.07479906667823646,4.929524437935414,0.19402455807839353,0.07167798617835494,0.07860737291710809,0.05537969934808071,True
20260718,M3,case_td030_pa200_pp0_5_gamma_004__steady,cmaes,81,4.772196837997118,0.17385259228893335,0.05217335998280284,4.929524437935414,0.19402455807839353,0.07167798617835494,0.09731171520995274,0.05537969934808071,True
20260718,M3,case_td030_pa200_pp0_5_gamma_004__steady,cmaes,82,4.11623883112248,0.1936690587490691,0.07087048569200553,4.929524437935414,0.19402455807839353,0.07167798617835494,0.1423087107525636,0.05537969934808071,True
20260718,M3,case_td030_pa200_pp0_5_gamma_004__steady,cmaes,83,4.823937003614516,0.16223489661552587,0.07357191967397482,4.929524437935414,0.19402455807839353,0.07167798617835494,0.11384305224466003,0.05537969934808071,True
20260718,M3,case_td030_pa200_pp0_5_gamma_004__steady,cmaes,84,4.619478848817077,0.19724056348395264,0.07707069957737606,4.929524437935414,0.19402455807839353,0.07167798617835494,0.07584444318003643,0.05537969934808071,True
20260718,M3,case_td030_pa200_pp0_5_gamma_004__steady,cmaes,85,4.930176257068171,0.18726500743889202,0.0719637870507239,4.929524437935414,0.19402455807839353,0.07167798617835494,0.06200554736910055,0.05537969934808071,True
20260718,M3,case_td030_pa200_pp0_5_gamma_004__steady,cmaes,86,4.587220838551588,0.19118987580232166,0.06384216734397063,4.929524437935414,0.19402455807839353,0.07167798617835494,0.08781889019892931,0.05537969934808071,True
20260718,M3,case_td030_pa200_pp0_5_gamma_004__steady,cmaes,87,4.737448492387126,0.19495082965196425,0.07159386150984622,4.929524437935414,0.19402455807839353,0.07167798617835494,0.06790845876714313,0.05537969934808071,True
20260718,M3,case_td030_pa200_pp0_5_gamma_004__steady,cmaes,88,4.750964478418625,0.19735301191545568,0.07543281844957306,4.929524437935414,0.19402455807839353,0.07167798617835494,0.06397967650433724,0.05537969934808071,True
20260718,M3,case_td030_pa200_pp0_5_gamma_004__steady,cmaes,89,4.850786617601051,0.19560399771505554,0.07343569312020279,4.929524437935414,0.19402455807839353,0.07167798617835494,0.05858824555385049,0.05537969934808071,True
20260718,M3,case_td030_pa200_pp0_5_gamma_004__steady,cmaes,90,4.947315370706775,0.1825958620809529,0.07141869870264933,4.929524437935414,0.19402455807839353,0.07167798617835494,0.06659695202568254,0.05537969934808071,True
20260718,M3,case_td030_pa200_pp0_5_gamma_004__steady,cmaes,91,4.951247431167456,0.19091597260349463,0.07992924879716226,4.929524437935414,0.19402455807839353,0.07167798617835494,0.056770784559557703,0.05537969934808071,True
20260718,M3,case_td030_pa200_pp0_5_gamma_004__steady,cmaes,92,4.619575481519246,0.19504081108922017,0.08371968059085994,4.929524437935414,0.19402455807839353,0.07167798617835494,0.07862287758930166,0.05537969934808071,True
20260718,M3,case_td030_pa200_pp0_5_gamma_004__steady,cmaes,93,4.663929747904769,0.18160226722499828,0.076816350362372,4.929524437935414,0.19402455807839353,0.07167798617835494,0.09411436107424735,0.05537969934808071,True
20260718,M3,case_td030_pa200_pp0_5_gamma_004__steady,cmaes,94,4.789355276278704,0.1849992247907385,0.06677696320068868,4.929524437935414,0.19402455807839353,0.07167798617835494,0.0766361346797253,0.05537969934808071,True
20260718,M3,case_td030_pa200_pp0_5_gamma_004__steady,cmaes,95,4.6061591500169055,0.1978021032117927,0.07835202571504028,4.929524437935414,0.19402455807839353,0.07167798617835494,0.0764293522642897,0.05537969934808071,True
20260718,M3,case_td030_pa200_pp0_5_gamma_004__steady,cmaes,96,4.89503143763606,0.16932168908909423,0.06532519990279585,4.929524437935414,0.19402455807839353,0.07167798617835494,0.0929814977443882,0.05537969934808071,True
20260718,M3,case_td030_pa200_pp0_5_gamma_004__steady,cmaes,97,4.873076299574471,0.17370929803598817,0.0612375097554606,4.929524437935414,0.19402455807839353,0.07167798617835494,0.0872310804138067,0.05537969934808071,True
20260718,M3,case_td030_pa200_pp0_5_gamma_004__steady,cmaes,98,4.557484703310433,0.1840771220078261,0.07221908014240108,4.929524437935414,0.19402455807839353,0.07167798617835494,0.10177325130651124,0.05537969934808071,True
20260718,M3,case_td030_pa200_pp0_5_gamma_004__steady,cmaes,99,4.754476694344887,0.19831128942586812,0.08144588801023214,4.929524437935414,0.19402455807839353,0.07167798617835494,0.06261678370095052,0.05537969934808071,True
20260718,M3,case_td030_pa200_pp0_5_gamma_004__steady,cmaes,100,4.946108213805406,0.19923412642527266,0.07547384624069044,4.946108213805406,0.19923412642527266,0.07547384624069044,0.05132501249602892,0.05132501249602892,True
20260718,M3,case_td030_pa200_pp0_5_gamma_004__steady,tpe,1,3.0,0.125,0.07,3.0,0.125,0.07,0.4420755918508906,0.4420755918508906,True
20260718,M3,case_td030_pa200_pp0_5_gamma_004__steady,tpe,2,4.416929816923,0.17146732270164539,0.06758491205812599,4.416929816923,0.17146732270164539,0.06758491205812599,0.14081438840293004,0.14081438840293004,True
20260718,M3,case_td030_pa200_pp0_5_gamma_004__steady,tpe,3,3.9769863976508364,0.18831589245822694,0.09756849425283015,4.416929816923,0.17146732270164539,0.06758491205812599,0.17008237243569588,0.14081438840293004,True
20260718,M3,case_td030_pa200_pp0_5_gamma_004__steady,tpe,4,4.917198051003128,0.1375064645895805,0.05403995238557316,4.416929816923,0.17146732270164539,0.06758491205812599,0.16542499109237563,0.14081438840293004,True
20260718,M3,case_td030_pa200_pp0_5_gamma_004__steady,tpe,5,1.1762537967990712,0.16902755856265514,0.051840877094631636,4.416929816923,0.17146732270164539,0.06758491205812599,0.7059841490984126,0.14081438840293004,True
20260718,M3,case_td030_pa200_pp0_5_gamma_004__steady,tpe,6,1.9363375211126272,0.15432093855388043,0.0643933106064922,4.416929816923,0.17146732270164539,0.06758491205812599,0.5802129972359249,0.14081438840293004,True
20260718,M3,case_td030_pa200_pp0_5_gamma_004__steady,tpe,7,3.0404826325481813,0.06832643481952969,0.07292001732414054,4.416929816923,0.17146732270164539,0.06758491205812599,0.5857895223693368,0.14081438840293004,True
20260718,M3,case_td030_pa200_pp0_5_gamma_004__steady,tpe,8,4.276398438010256,0.11840093361305461,0.08931311499661856,4.416929816923,0.17146732270164539,0.06758491205812599,0.28636284247324667,0.14081438840293004,True
20260718,M3,case_td030_pa200_pp0_5_gamma_004__steady,tpe,9,4.069167008220001,0.06657998806484415,0.06291902251132933,4.416929816923,0.17146732270164539,0.06758491205812599,0.48452165775231965,0.14081438840293004,True
20260718,M3,case_td030_pa200_pp0_5_gamma_004__steady,tpe,10,1.330801453361114,0.06147272046821857,0.09531183323105054,4.416929816923,0.17146732270164539,0.06758491205812599,0.8010570837908622,0.14081438840293004,True
20260718,M3,case_td030_pa200_pp0_5_gamma_004__steady,tpe,11,3.993581051956608,0.18000978518731925,0.044521720390160356,4.416929816923,0.17146732270164539,0.06758491205812599,0.18301681781908197,0.14081438840293004,True
20260718,M3,case_td030_pa200_pp0_5_gamma_004__steady,tpe,12,2.468770963422745,0.1397424683372817,0.06413972622071912,4.416929816923,0.17146732270164539,0.06758491205812599,0.5032515526987584,0.14081438840293004,True
20260718,M3,case_td030_pa200_pp0_5_gamma_004__steady,tpe,13,1.0479022812893017,0.13935028616663797,0.09936318714177968,4.416929816923,0.17146732270164539,0.06758491205812599,0.751309728913558,0.14081438840293004,True
20260718,M3,case_td030_pa200_pp0_5_gamma_004__steady,tpe,14,2.966571896042141,0.06052439204965769,0.09856434578455131,4.416929816923,0.17146732270164539,0.06758491205812599,0.6166052795664694,0.14081438840293004,True
20260718,M3,case_td030_pa200_pp0_5_gamma_004__steady,tpe,15,3.674240991567055,0.14553313664372503,0.07805270495988856,4.416929816923,0.17146732270164539,0.06758491205812599,0.29410357226828354,0.14081438840293004,True
20260718,M3,case_td030_pa200_pp0_5_gamma_004__steady,tpe,16,4.797303329281266,0.14446656922919682,0.06104966336054286,4.416929816923,0.17146732270164539,0.06758491205812599,0.15842569917980964,0.14081438840293004,True
20260718,M3,case_td030_pa200_pp0_5_gamma_004__steady,tpe,17,4.452111027505853,0.18309381111461048,0.07105642077553427,4.452111027505853,0.18309381111461048,0.07105642077553427,0.11567509998931563,0.11567509998931563,True
20260718,M3,case_td030_pa200_pp0_5_gamma_004__steady,tpe,18,4.748292614836735,0.18652049608573884,0.06225231181498036,4.748292614836735,0.18652049608573884,0.06225231181498036,0.07842018382016347,0.07842018382016347,True
20260718,M3,case_td030_pa200_pp0_5_gamma_004__steady,tpe,19,3.0712973231618435,0.19790549511845387,0.0773622087866985,4.748292614836735,0.18652049608573884,0.06225231181498036,0.30612430504709964,0.07842018382016347,True
20260718,M3,case_td030_pa200_pp0_5_gamma_004__steady,tpe,20,4.55173370285426,0.19848076735508488,0.05563077293096227,4.748292614836735,0.18652049608573884,0.06225231181498036,0.08191280489880567,0.07842018382016347,True
20260718,M3,case_td030_pa200_pp0_5_gamma_004__steady,tpe,21,4.96136659729826,0.19552272636550905,0.05508847842911791,4.96136659729826,0.19552272636550905,0.05508847842911791,0.05315357068312404,0.05315357068312404,True
20260718,M3,case_td030_pa200_pp0_5_gamma_004__steady,tpe,22,4.939829737081639,0.18787995575157046,0.05660579286852643,4.96136659729826,0.19552272636550905,0.05508847842911791,0.061106657728930494,0.05315357068312404,True
20260718,M3,case_td030_pa200_pp0_5_gamma_004__steady,tpe,23,4.922157220421993,0.1977389520712455,0.055106319406201504,4.96136659729826,0.19552272636550905,0.05508847842911791,0.05340850065519458,0.05315357068312404,True
20260718,M3,case_td030_pa200_pp0_5_gamma_004__steady,tpe,24,4.85889630658814,0.19207759001279798,0.05086290087316352,4.96136659729826,0.19552272636550905,0.05508847842911791,0.0623693998741428,0.05315357068312404,True
20260718,M3,case_td030_pa200_pp0_5_gamma_004__steady,tpe,25,3.632540058802152,0.08921149639034144,0.04101336403520686,4.96136659729826,0.19552272636550905,0.05508847842911791,0.4534583576847228,0.05315357068312404,True
20260718,M3,case_td030_pa200_pp0_5_gamma_004__steady,tpe,26,3.2608245346650397,0.18365709004730701,0.05382626450878441,4.96136659729826,0.19552272636550905,0.05508847842911791,0.2929213916896155,0.05315357068312404,True
20260718,M3,case_td030_pa200_pp0_5_gamma_004__steady,tpe,27,4.92723546494155,0.19879279575210768,0.051318712610065556,4.92723546494155,0.19879279575210768,0.051318712610065556,0.052656931402087055,0.052656931402087055,True
20260718,M3,case_td030_pa200_pp0_5_gamma_004__steady,tpe,28,4.569015770685614,0.17242546562308614,0.04114073434951405,4.92723546494155,0.19879279575210768,0.051318712610065556,0.12274313870959189,0.052656931402087055,True
20260718,M3,case_td030_pa200_pp0_5_gamma_004__steady,tpe,29,1.1949181387469854,0.09957496863654745,0.06524355288291621,4.92723546494155,0.19879279575210768,0.051318712610065556,0.7694999611160465,0.052656931402087055,True
20260718,M3,case_td030_pa200_pp0_5_gamma_004__steady,tpe,30,4.96973754657388,0.189698704059575,0.048414431745981805,4.92723546494155,0.19879279575210768,0.051318712610065556,0.05767158590359031,0.052656931402087055,True
20260718,M3,case_td030_pa200_pp0_5_gamma_004__steady,tpe,31,3.8693026244545274,0.17712964652547808,0.05589002807894711,4.92723546494155,0.19879279575210768,0.051318712610065556,0.20517694099834174,0.052656931402087055,True
20260718,M3,case_td030_pa200_pp0_5_gamma_004__steady,tpe,32,4.958298655243904,0.1781518850461972,0.043205162990180256,4.92723546494155,0.19879279575210768,0.051318712610065556,0.0734014076401709,0.052656931402087055,True
20260718,M3,case_td030_pa200_pp0_5_gamma_004__steady,tpe,33,4.791199402789135,0.19646448425248106,0.05328519436448174,4.92723546494155,0.19879279575210768,0.051318712610065556,0.06251991349675907,0.052656931402087055,True
20260718,M3,case_td030_pa200_pp0_5_gamma_004__steady,tpe,34,4.9803560878576745,0.1956140908419557,0.05124277813062214,4.9803560878576745,0.1956140908419557,0.05124277813062214,0.05244873279614712,0.05244873279614712,True
20260718,M3,case_td030_pa200_pp0_5_gamma_004__steady,tpe,35,4.943811365267858,0.19317499124764087,0.06406664142422666,4.9803560878576745,0.1956140908419557,0.05124277813062214,0.05547459304628402,0.05244873279614712,True
20260718,M3,case_td030_pa200_pp0_5_gamma_004__steady,tpe,36,4.907472863266149,0.1991193241350238,0.052576182789804644,4.9803560878576745,0.1956140908419557,0.05124277813062214,0.05324777208296676,0.05244873279614712,True
20260718,M3,case_td030_pa200_pp0_5_gamma_004__steady,tpe,37,4.063809516952011,0.1992138221887507,0.04331746073879258,4.9803560878576745,0.1956140908419557,0.05124277813062214,0.143115906533973,0.05244873279614712,True
20260718,M3,case_td030_pa200_pp0_5_gamma_004__steady,tpe,38,2.432196997029631,0.1174535715957372,0.08274971501444764,4.9803560878576745,0.1956140908419557,0.05124277813062214,0.5490250451974891,0.05244873279614712,True
20260718,M3,case_td030_pa200_pp0_5_gamma_004__steady,tpe,39,1.1753111707373185,0.08554519276123589,0.0452518921086469,4.9803560878576745,0.1956140908419557,0.05124277813062214,0.789216174785115,0.05244873279614712,True
20260718,M3,case_td030_pa200_pp0_5_gamma_004__steady,tpe,40,4.997920993212057,0.18871980810859562,0.04730138114449705,4.9803560878576745,0.1956140908419557,0.05124277813062214,0.057041689139791664,0.05244873279614712,True
20260718,M3,case_td030_pa200_pp0_5_gamma_004__steady,tpe,41,4.955506820455713,0.160717161698525,0.0513602189158924,4.9803560878576745,0.1956140908419557,0.05124277813062214,0.10522024319698955,0.05244873279614712,True
20260718,M3,case_td030_pa200_pp0_5_gamma_004__steady,tpe,42,1.0968097805388706,0.1988719382842034,0.08764666970710393,4.9803560878576745,0.1956140908419557,0.05124277813062214,0.6955967875013103,0.05244873279614712,True
20260718,M3,case_td030_pa200_pp0_5_gamma_004__steady,tpe,43,4.889979240725969,0.19952488540000157,0.056725488865432834,4.9803560878576745,0.1956140908419557,0.05124277813062214,0.0536520798723513,0.05244873279614712,True
20260718,M3,case_td030_pa200_pp0_5_gamma_004__steady,tpe,44,4.978424273623174,0.19813985806890236,0.04776260746240047,4.978424273623174,0.19813985806890236,0.04776260746240047,0.05130931452457114,0.05130931452457114,True
20260718,M3,case_td030_pa200_pp0_5_gamma_004__steady,tpe,45,4.716942149203255,0.19380093430226703,0.04527681495464287,4.978424273623174,0.19813985806890236,0.04776260746240047,0.07231773264602165,0.05130931452457114,True
20260718,M3,case_td030_pa200_pp0_5_gamma_004__steady,tpe,46,4.097708736427586,0.19529322358804094,0.05205319509895045,4.978424273623174,0.19813985806890236,0.04776260746240047,0.14340442167253353,0.05130931452457114,True
20260718,M3,case_td030_pa200_pp0_5_gamma_004__steady,tpe,47,4.9715315472843535,0.19958830636655148,0.047615055567946686,4.9715315472843535,0.19958830636655148,0.047615055567946686,0.05090490679967978,0.05090490679967978,True
20260718,M3,case_td030_pa200_pp0_5_gamma_004__steady,tpe,48,4.966118847543468,0.1991148001697584,0.05006689652735899,4.9715315472843535,0.19958830636655148,0.047615055567946686,0.05118781823034122,0.05090490679967978,True
20260718,M3,case_td030_pa200_pp0_5_gamma_004__steady,tpe,49,4.87236449403325,0.18158767529681236,0.04248859709832079,4.9715315472843535,0.19958830636655148,0.047615055567946686,0.07554540261269407,0.05090490679967978,True
20260718,M3,case_td030_pa200_pp0_5_gamma_004__steady,tpe,50,4.823706813835208,0.19479130684687151,0.04098692814009387,4.9715315472843535,0.19958830636655148,0.047615055567946686,0.06254607255009936,0.05090490679967978,True
20260718,M3,case_td030_pa200_pp0_5_gamma_004__steady,tpe,51,4.461713334617726,0.19844704801691415,0.04324161618133272,4.9715315472843535,0.19958830636655148,0.047615055567946686,0.09272513378309462,0.05090490679967978,True
20260718,M3,case_td030_pa200_pp0_5_gamma_004__steady,tpe,52,4.9352732689820815,0.19847470139302742,0.04404595784195358,4.9715315472843535,0.19958830636655148,0.047615055567946686,0.05275675909523738,0.05090490679967978,True
20260718,M3,case_td030_pa200_pp0_5_gamma_004__steady,tpe,53,2.4431268414791782,0.15544527969434763,0.09568450137329317,4.9715315472843535,0.19958830636655148,0.047615055567946686,0.48239789529321964,0.05090490679967978,True
20260718,M3,case_td030_pa200_pp0_5_gamma_004__steady,tpe,54,4.999456155189302,0.19526874597369032,0.04423564161298464,4.9715315472843535,0.19958830636655148,0.047615055567946686,0.05216275074926683,0.05090490679967978,True
20260718,M3,case_td030_pa200_pp0_5_gamma_004__steady,tpe,55,4.878930373949352,0.19773841837242448,0.04187225095562003,4.9715315472843535,0.19958830636655148,0.047615055567946686,0.05608488140961876,0.05090490679967978,True
20260718,M3,case_td030_pa200_pp0_5_gamma_004__steady,tpe,56,4.177172752787524,0.14955977069325574,0.053943798622914055,4.9715315472843535,0.19958830636655148,0.047615055567946686,0.21748208646993544,0.05090490679967978,True
20260718,M3,case_td030_pa200_pp0_5_gamma_004__steady,tpe,57,4.989225408925206,0.1990439847287313,0.052400135482574654,4.989225408925206,0.1990439847287313,0.052400135482574654,0.050569923161079625,0.050569923161079625,True
20260718,M3,case_td030_pa200_pp0_5_gamma_004__steady,tpe,58,4.772620208400257,0.08788639828865169,0.09133978913253926,4.989225408925206,0.1990439847287313,0.052400135482574654,0.34107061954465223,0.050569923161079625,True
20260718,M3,case_td030_pa200_pp0_5_gamma_004__steady,tpe,59,4.269542751335106,0.16497070318759605,0.055611661121157334,4.989225408925206,0.1990439847287313,0.052400135482574654,0.17254085415310288,0.050569923161079625,True
20260718,M3,case_td030_pa200_pp0_5_gamma_004__steady,tpe,60,4.98152472213768,0.06519803352189942,0.041322960000025985,4.989225408925206,0.1990439847287313,0.052400135482574654,0.4150658783015017,0.050569923161079625,True
20260718,M3,case_td030_pa200_pp0_5_gamma_004__steady,tpe,61,4.999153647685936,0.15889373290630943,0.057062075736793436,4.989225408925206,0.1990439847287313,0.052400135482574654,0.1047298791633738,0.050569923161079625,True
20260718,M3,case_td030_pa200_pp0_5_gamma_004__steady,tpe,62,4.407452868343825,0.19912990863561725,0.04936927309680625,4.989225408925206,0.1990439847287313,0.052400135482574654,0.09768512024559714,0.050569923161079625,True
20260718,M3,case_td030_pa200_pp0_5_gamma_004__steady,tpe,63,1.9228053876558502,0.1221596289510247,0.04074034217095361,4.989225408925206,0.1990439847287313,0.052400135482574654,0.6281676746757597,0.050569923161079625,True
20260718,M3,case_td030_pa200_pp0_5_gamma_004__steady,tpe,64,4.838710477441496,0.19512325657174337,0.050632550913204406,4.989225408925206,0.1990439847287313,0.052400135482574654,0.060590107302841416,0.050569923161079625,True
20260718,M3,case_td030_pa200_pp0_5_gamma_004__steady,tpe,65,4.880017164943144,0.1699440287787718,0.05143746801888168,4.989225408925206,0.1990439847287313,0.052400135482574654,0.09394708392769487,0.050569923161079625,True
20260718,M3,case_td030_pa200_pp0_5_gamma_004__steady,tpe,66,4.941051596449275,0.1987859014286618,0.05487659994605727,4.989225408925206,0.1990439847287313,0.052400135482574654,0.05204114362319557,0.050569923161079625,True
20260718,M3,case_td030_pa200_pp0_5_gamma_004__steady,tpe,67,4.414591971732862,0.1950723296136374,0.06684245352731089,4.989225408925206,0.1990439847287313,0.052400135482574654,0.10164721415818205,0.050569923161079625,True
20260718,M3,case_td030_pa200_pp0_5_gamma_004__steady,tpe,68,4.984670591337116,0.19816020898490053,0.05368791982594751,4.989225408925206,0.1990439847287313,0.052400135482574654,0.050986891633398715,0.050569923161079625,True
20260718,M3,case_td030_pa200_pp0_5_gamma_004__steady,tpe,69,2.7812233892661262,0.06543663167351307,0.0597909893537938,4.989225408925206,0.1990439847287313,0.052400135482574654,0.6247881062347793,0.050569923161079625,True
20260718,M3,case_td030_pa200_pp0_5_gamma_004__steady,tpe,70,4.856795588338081,0.1974901612830869,0.05997548299362785,4.989225408925206,0.1990439847287313,0.052400135482574654,0.056846319978655815,0.050569923161079625,True
20260718,M3,case_td030_pa200_pp0_5_gamma_004__steady,tpe,71,3.3108276158803664,0.11788400869349469,0.06369592278738818,4.989225408925206,0.1990439847287313,0.052400135482574654,0.4122206043620086,0.050569923161079625,True
20260718,M3,case_td030_pa200_pp0_5_gamma_004__steady,tpe,72,4.844301193897752,0.19930151165307458,0.056962186446804695,4.989225408925206,0.1990439847287313,0.052400135482574654,0.05617779019673053,0.050569923161079625,True
20260718,M3,case_td030_pa200_pp0_5_gamma_004__steady,tpe,73,4.859086530242426,0.17081238764684128,0.05413233281735906,4.989225408925206,0.1990439847287313,0.052400135482574654,0.09417065442431279,0.050569923161079625,True
20260718,M3,case_td030_pa200_pp0_5_gamma_004__steady,tpe,74,4.8082604741524735,0.19845930136146495,0.05715546513042802,4.989225408925206,0.1990439847287313,0.052400135482574654,0.059155354708899384,0.050569923161079625,True
20260718,M3,case_td030_pa200_pp0_5_gamma_004__steady,tpe,75,4.927663885153009,0.19960241975918688,0.04720280565062883,4.989225408925206,0.1990439847287313,0.052400135482574654,0.05231024952567335,0.050569923161079625,True
20260718,M3,case_td030_pa200_pp0_5_gamma_004__steady,tpe,76,4.962690815158443,0.19750727093878453,0.051611913614301855,4.989225408925206,0.1990439847287313,0.052400135482574654,0.05202884810520243,0.050569923161079625,True
20260718,M3,case_td030_pa200_pp0_5_gamma_004__steady,tpe,77,1.248504226685909,0.12559306485680286,0.07980527491633328,4.989225408925206,0.1990439847287313,0.052400135482574654,0.7330240240655382,0.050569923161079625,True
20260718,M3,case_td030_pa200_pp0_5_gamma_004__steady,tpe,78,4.966912054174266,0.19986835335041028,0.05588910284561695,4.989225408925206,0.1990439847287313,0.052400135482574654,0.050747495500578374,0.050569923161079625,True
20260718,M3,case_td030_pa200_pp0_5_gamma_004__steady,tpe,79,4.958975700156408,0.18473721022253867,0.060050846564915536,4.989225408925206,0.1990439847287313,0.052400135482574654,0.0633319874862851,0.050569923161079625,True
20260718,M3,case_td030_pa200_pp0_5_gamma_004__steady,tpe,80,4.100774193385384,0.1780283137957872,0.058756672468968325,4.989225408925206,0.1990439847287313,0.052400135482574654,0.17035638778994303,0.050569923161079625,True
20260718,M3,case_td030_pa200_pp0_5_gamma_004__steady,tpe,81,4.2111036355408045,0.18978411518070307,0.0597177517972617,4.989225408925206,0.1990439847287313,0.052400135482574654,0.13584799562539154,0.050569923161079625,True
20260718,M3,case_td030_pa200_pp0_5_gamma_004__steady,tpe,82,4.97989378012574,0.1973076402229678,0.051815738362669485,4.989225408925206,0.1990439847287313,0.052400135482574654,0.051547777080434724,0.050569923161079625,True
20260718,M3,case_td030_pa200_pp0_5_gamma_004__steady,tpe,83,4.27886092297851,0.19736430147877573,0.05186765959266186,4.989225408925206,0.1990439847287313,0.052400135482574654,0.11599827633365166,0.050569923161079625,True
20260718,M3,case_td030_pa200_pp0_5_gamma_004__steady,tpe,84,4.994318348170123,0.19729397796890874,0.06453576009005195,4.989225408925206,0.1990439847287313,0.052400135482574654,0.05089442880752848,0.050569923161079625,True
20260718,M3,case_td030_pa200_pp0_5_gamma_004__steady,tpe,85,4.704679756093343,0.17937729060772442,0.07317099584581256,4.989225408925206,0.1990439847287313,0.052400135482574654,0.09364364889743018,0.050569923161079625,True
20260718,M3,case_td030_pa200_pp0_5_gamma_004__steady,tpe,86,4.8632126986563415,0.19407823393021806,0.06897892081598989,4.989225408925206,0.1990439847287313,0.052400135482574654,0.059333560309597126,0.050569923161079625,True
20260718,M3,case_td030_pa200_pp0_5_gamma_004__steady,tpe,87,4.964840816037001,0.17008330787962608,0.06553823271404086,4.989225408925206,0.1990439847287313,0.052400135482574654,0.0851607510125132,0.050569923161079625,True
20260718,M3,case_td030_pa200_pp0_5_gamma_004__steady,tpe,88,4.983352507951008,0.1993085327286606,0.06490053973226095,4.983352507951008,0.1993085327286606,0.06490053973226095,0.0504235828968886,0.0504235828968886,True
20260718,M3,case_td030_pa200_pp0_5_gamma_004__steady,tpe,89,4.8676670592709765,0.18557948273347546,0.06437813134702877,4.983352507951008,0.1993085327286606,0.06490053973226095,0.06908097808856696,0.0504235828968886,True
20260718,M3,case_td030_pa200_pp0_5_gamma_004__steady,tpe,90,4.09939859958577,0.19099280986765227,0.08172144927840783,4.983352507951008,0.1993085327286606,0.06490053973226095,0.14847931513269821,0.0504235828968886,True
20260718,M3,case_td030_pa200_pp0_5_gamma_004__steady,tpe,91,4.802737668701127,0.19492617420500122,0.07125147870164837,4.983352507951008,0.1993085327286606,0.06490053973226095,0.06268526297800588,0.0504235828968886,True
20260718,M3,case_td030_pa200_pp0_5_gamma_004__steady,tpe,92,4.924433780905882,0.19875969912490962,0.05196559349191873,4.983352507951008,0.1993085327286606,0.06490053973226095,0.052770179286332305,0.0504235828968886,True
20260718,M3,case_td030_pa200_pp0_5_gamma_004__steady,tpe,93,4.924044011610092,0.19947834678179846,0.06040391636383753,4.983352507951008,0.1993085327286606,0.06490053973226095,0.05217052166995273,0.0504235828968886,True
20260718,M3,case_td030_pa200_pp0_5_gamma_004__steady,tpe,94,4.376728529773416,0.1983037049268699,0.062147526452571496,4.983352507951008,0.1993085327286606,0.06490053973226095,0.10180296392078964,0.0504235828968886,True
20260718,M3,case_td030_pa200_pp0_5_gamma_004__steady,tpe,95,2.0590444504887144,0.19664493106898148,0.05034266720480286,4.983352507951008,0.1993085327286606,0.06490053973226095,0.5075759311311071,0.0504235828968886,True
20260718,M3,case_td030_pa200_pp0_5_gamma_004__steady,tpe,96,4.901378131836178,0.17305996295465376,0.052088675237572005,4.983352507951008,0.1993085327286606,0.06490053973226095,0.08622919854198792,0.0504235828968886,True
20260718,M3,case_td030_pa200_pp0_5_gamma_004__steady,tpe,97,4.500454151434319,0.1682954752675779,0.09694146240380672,4.983352507951008,0.1993085327286606,0.06490053973226095,0.13666791903159237,0.0504235828968886,True
20260718,M3,case_td030_pa200_pp0_5_gamma_004__steady,tpe,98,4.403861747718304,0.1990123535419906,0.05432758002151978,4.983352507951008,0.1993085327286606,0.06490053973226095,0.0979581774700052,0.0504235828968886,True
20260718,M3,case_td030_pa200_pp0_5_gamma_004__steady,tpe,99,4.974900654204946,0.1941396621062516,0.05971618645555223,4.983352507951008,0.1993085327286606,0.06490053973226095,0.053370454641179614,0.0504235828968886,True
20260718,M3,case_td030_pa200_pp0_5_gamma_004__steady,tpe,100,4.9602657892375595,0.1943072696483658,0.05471794869161878,4.983352507951008,0.1993085327286606,0.06490053973226095,0.05404438785580042,0.0504235828968886,True
20260718,M3,case_td030_pa200_pp0_5_gamma_004__steady,random,1,3.0,0.125,0.07,3.0,0.125,0.07,0.4420755918508906,0.4420755918508906,True
20260718,M3,case_td030_pa200_pp0_5_gamma_004__steady,random,2,4.705511103480325,0.17493828395902883,0.0707109727311502,4.705511103480325,0.17493828395902883,0.0707109727311502,0.10136070918820915,0.10136070918820915,True
20260718,M3,case_td030_pa200_pp0_5_gamma_004__steady,random,3,2.7910661740998313,0.12373528215801699,0.04739793618249252,4.705511103480325,0.17493828395902883,0.0707109727311502,0.4794231576804324,0.10136070918820915,True
20260718,M3,case_td030_pa200_pp0_5_gamma_004__steady,random,4,2.2245870555521634,0.12689051919022504,0.05473364381771522,4.705511103480325,0.17493828395902883,0.0707109727311502,0.5681752623327521,0.10136070918820915,True
20260718,M3,case_td030_pa200_pp0_5_gamma_004__steady,random,5,2.774309393567162,0.05535721312375357,0.061751596457716273,4.705511103480325,0.17493828395902883,0.0707109727311502,0.6534896820225428,0.10136070918820915,True
20260718,M3,case_td030_pa200_pp0_5_gamma_004__steady,random,6,2.9378765544472243,0.17677117267695946,0.08722728101251417,4.705511103480325,0.17493828395902883,0.0707109727311502,0.3594263546436538,0.10136070918820915,True
20260718,M3,case_td030_pa200_pp0_5_gamma_004__steady,random,7,3.0023447658312077,0.07277405270143378,0.07614658505018196,4.705511103480325,0.17493828395902883,0.0707109727311502,0.5770399721011383,0.10136070918820915,True
20260718,M3,case_td030_pa200_pp0_5_gamma_004__steady,random,8,3.824798383694348,0.10590802778159122,0.09886981859646045,4.705511103480325,0.17493828395902883,0.0707109727311502,0.3766272840836422,0.10136070918820915,True
20260718,M3,case_td030_pa200_pp0_5_gamma_004__steady,random,9,1.9907646533151788,0.1896317464782014,0.08176188135478571,4.705511103480325,0.17493828395902883,0.0707109727311502,0.5282417210457041,0.10136070918820915,True
20260718,M3,case_td030_pa200_pp0_5_gamma_004__steady,random,10,1.7221023846417407,0.18909493997514493,0.09274858385839335,4.705511103480325,0.17493828395902883,0.0707109727311502,0.5830554740674136,0.10136070918820915,True
20260718,M3,case_td030_pa200_pp0_5_gamma_004__steady,random,11,4.4109422846498205,0.1260791724195477,0.0862090753739955,4.705511103480325,0.17493828395902883,0.0707109727311502,0.24892456279025282,0.10136070918820915,True
20260718,M3,case_td030_pa200_pp0_5_gamma_004__steady,random,12,2.6803844722798926,0.05129669930657993,0.09754311251113443,4.705511103480325,0.17493828395902883,0.0707109727311502,0.6733762251481552,0.10136070918820915,True
20260718,M3,case_td030_pa200_pp0_5_gamma_004__steady,random,13,3.1356734970432054,0.08953845772012675,0.043310341349536326,4.705511103480325,0.17493828395902883,0.0707109727311502,0.5137116563302656,0.10136070918820915,True
20260718,M3,case_td030_pa200_pp0_5_gamma_004__steady,random,14,2.413548928176057,0.1600081102195792,0.0685217575101278,4.705511103480325,0.17493828395902883,0.0707109727311502,0.4818991409446899,0.10136070918820915,True
20260718,M3,case_td030_pa200_pp0_5_gamma_004__steady,random,15,2.296582832834711,0.1894388163714269,0.06338750631973777,4.705511103480325,0.17493828395902883,0.0707109727311502,0.4670193638158002,0.10136070918820915,True
20260718,M3,case_td030_pa200_pp0_5_gamma_004__steady,random,16,3.380534633390042,0.18040103495347587,0.04651259247185634,4.705511103480325,0.17493828395902883,0.0707109727311502,0.2778849665375276,0.10136070918820915,True
20260718,M3,case_td030_pa200_pp0_5_gamma_004__steady,random,17,2.5084996908790123,0.1391937966229346,0.09414983676988051,4.705511103480325,0.17493828395902883,0.0707109727311502,0.4962839622586471,0.10136070918820915,True
20260718,M3,case_td030_pa200_pp0_5_gamma_004__steady,random,18,4.45634367628962,0.059476294902143206,0.07647308411569578,4.705511103480325,0.17493828395902883,0.0707109727311502,0.4772084992124829,0.10136070918820915,True
20260718,M3,case_td030_pa200_pp0_5_gamma_004__steady,random,19,1.9540461260118893,0.14404669455639377,0.07514550176547094,4.705511103480325,0.17493828395902883,0.0707109727311502,0.5898407560398408,0.10136070918820915,True
20260718,M3,case_td030_pa200_pp0_5_gamma_004__steady,random,20,3.9908304930461096,0.0717478338468365,0.05506656823440226,4.705511103480325,0.17493828395902883,0.0707109727311502,0.47356111035842635,0.10136070918820915,True
20260718,M3,case_td030_pa200_pp0_5_gamma_004__steady,random,21,3.350378966590826,0.11620927566689887,0.07488533940812164,4.705511103480325,0.17493828395902883,0.0707109727311502,0.41034917874635385,0.10136070918820915,True
20260718,M3,case_td030_pa200_pp0_5_gamma_004__steady,random,22,1.1015917727478954,0.1625785018642431,0.08773932372388749,4.705511103480325,0.17493828395902883,0.0707109727311502,0.7235370463329774,0.10136070918820915,True
20260718,M3,case_td030_pa200_pp0_5_gamma_004__steady,random,23,4.808269567751635,0.08393195819091095,0.07484189700731447,4.705511103480325,0.17493828395902883,0.0707109727311502,0.3530609815567134,0.10136070918820915,True
20260718,M3,case_td030_pa200_pp0_5_gamma_004__steady,random,24,2.569514842630377,0.11900637066355065,0.053552478092015354,4.705511103480325,0.17493828395902883,0.0707109727311502,0.5247395748588949,0.10136070918820915,True
20260718,M3,case_td030_pa200_pp0_5_gamma_004__steady,random,25,3.9779297635043545,0.07859167969151779,0.06787377727481246,4.705511103480325,0.17493828395902883,0.0707109727311502,0.44982513060173973,0.10136070918820915,True
20260718,M3,case_td030_pa200_pp0_5_gamma_004__steady,random,26,3.7730125714040623,0.15063792461768438,0.06624807069143858,4.705511103480325,0.17493828395902883,0.0707109727311502,0.2692710246126778,0.10136070918820915,True
20260718,M3,case_td030_pa200_pp0_5_gamma_004__steady,random,27,2.3402833741533735,0.0974167964385449,0.04289169044503412,4.705511103480325,0.17493828395902883,0.0707109727311502,0.606016682849077,0.10136070918820915,True
20260718,M3,case_td030_pa200_pp0_5_gamma_004__steady,random,28,4.527307190172671,0.11689591658489422,0.07987411709947116,4.705511103480325,0.17493828395902883,0.0707109727311502,0.2640057460291045,0.10136070918820915,True
20260718,M3,case_td030_pa200_pp0_5_gamma_004__steady,random,29,1.35912635473694,0.16119517247437648,0.05505859551944557,4.705511103480325,0.17493828395902883,0.0707109727311502,0.6802714085721395,0.10136070918820915,True
20260718,M3,case_td030_pa200_pp0_5_gamma_004__steady,random,30,4.150188111437367,0.10718577070558777,0.061766258758934295,4.705511103480325,0.17493828395902883,0.0707109727311502,0.33550705922693125,0.10136070918820915,True
20260718,M3,case_td030_pa200_pp0_5_gamma_004__steady,random,31,2.5549020976503485,0.09263423224494163,0.05582087735507889,4.705511103480325,0.17493828395902883,0.0707109727311502,0.5844360732155687,0.10136070918820915,True
20260718,M3,case_td030_pa200_pp0_5_gamma_004__steady,random,32,2.2752837038326716,0.056047097708780615,0.09753519600062475,4.705511103480325,0.17493828395902883,0.0707109727311502,0.7053265264757681,0.10136070918820915,True
20260718,M3,case_td030_pa200_pp0_5_gamma_004__steady,random,33,3.5946413484882265,0.11961580733831276,0.07376951600776041,4.705511103480325,0.17493828395902883,0.0707109727311502,0.3676431884790676,0.10136070918820915,True
20260718,M3,case_td030_pa200_pp0_5_gamma_004__steady,random,34,3.026895825293343,0.1742989594311046,0.05372421892313867,4.705511103480325,0.17493828395902883,0.0707109727311502,0.3481733737484993,0.10136070918820915,True
20260718,M3,case_td030_pa200_pp0_5_gamma_004__steady,random,35,1.5380164854720735,0.05632783964219824,0.04261507664688617,4.705511103480325,0.17493828395902883,0.0707109727311502,0.78837363272717,0.10136070918820915,True
20260718,M3,case_td030_pa200_pp0_5_gamma_004__steady,random,36,2.701187750154672,0.09404653541401625,0.09587670337464506,4.705511103480325,0.17493828395902883,0.0707109727311502,0.558752622296719,0.10136070918820915,True
20260718,M3,case_td030_pa200_pp0_5_gamma_004__steady,random,37,4.558868717391997,0.12502682356757205,0.08761254597717036,4.705511103480325,0.17493828395902883,0.0707109727311502,0.23607385849782198,0.10136070918820915,True
20260718,M3,case_td030_pa200_pp0_5_gamma_004__steady,random,38,2.5737979126323136,0.16280942121850517,0.062490154728648585,4.705511103480325,0.17493828395902883,0.0707109727311502,0.4479695626457078,0.10136070918820915,True
20260718,M3,case_td030_pa200_pp0_5_gamma_004__steady,random,39,4.667706597244226,0.061182623395143576,0.07618365973345909,4.705511103480325,0.17493828395902883,0.0707109727311502,0.4535564502009674,0.10136070918820915,True
20260718,M3,case_td030_pa200_pp0_5_gamma_004__steady,random,40,1.4817628503349525,0.07698420746436471,0.04303167054877335,4.705511103480325,0.17493828395902883,0.0707109727311502,0.7624461130371172,0.10136070918820915,True
20260718,M3,case_td030_pa200_pp0_5_gamma_004__steady,random,41,1.1277031152596413,0.14695469515405768,0.04514857953780814,4.705511103480325,0.17493828395902883,0.0707109727311502,0.7332675076587597,0.10136070918820915,True
20260718,M3,case_td030_pa200_pp0_5_gamma_004__steady,random,42,1.3472967984147233,0.10376679844896686,0.06109117091376971,4.705511103480325,0.17493828395902883,0.0707109727311502,0.743248125776729,0.10136070918820915,True
20260718,M3,case_td030_pa200_pp0_5_gamma_004__steady,random,43,1.4857792192345713,0.12725840572076344,0.09998644358315026,4.705511103480325,0.17493828395902883,0.0707109727311502,0.6925259499937512,0.10136070918820915,True
20260718,M3,case_td030_pa200_pp0_5_gamma_004__steady,random,44,2.7325608792704883,0.15582986656307685,0.09194542726070552,4.705511103480325,0.17493828395902883,0.0707109727311502,0.4286968648328633,0.10136070918820915,True
20260718,M3,case_td030_pa200_pp0_5_gamma_004__steady,random,45,2.6554623340698065,0.08668568407223236,0.05171712199734092,4.705511103480325,0.17493828395902883,0.0707109727311502,0.5849990584257302,0.10136070918820915,True
20260718,M3,case_td030_pa200_pp0_5_gamma_004__steady,random,46,2.4424312432361144,0.11451450271006915,0.05093037723631281,4.705511103480325,0.17493828395902883,0.0707109727311502,0.5545376032325358,0.10136070918820915,True
20260718,M3,case_td030_pa200_pp0_5_gamma_004__steady,random,47,1.4347288073750795,0.16393320573147666,0.06399035525588515,4.705511103480325,0.17493828395902883,0.0707109727311502,0.6636591986007511,0.10136070918820915,True
20260718,M3,case_td030_pa200_pp0_5_gamma_004__steady,random,48,2.2940473533385606,0.12414818290474666,0.09166693792996583,4.705511103480325,0.17493828395902883,0.0707109727311502,0.5596197084887529,0.10136070918820915,True
20260718,M3,case_td030_pa200_pp0_5_gamma_004__steady,random,49,4.986708733630026,0.06503624694148953,0.08756767876351873,4.705511103480325,0.17493828395902883,0.0707109727311502,0.41373725602874234,0.10136070918820915,True
20260718,M3,case_td030_pa200_pp0_5_gamma_004__steady,random,50,3.3980019247012154,0.10334095561812903,0.059217994463983514,4.705511103480325,0.17493828395902883,0.0707109727311502,0.439049278679177,0.10136070918820915,True
20260718,M3,case_td030_pa200_pp0_5_gamma_004__steady,random,51,3.2671633526114676,0.13989334492980604,0.045152802139704365,4.705511103480325,0.17493828395902883,0.0707109727311502,0.3695477514655355,0.10136070918820915,True
20260718,M3,case_td030_pa200_pp0_5_gamma_004__steady,random,52,2.4676051395083194,0.06406067892641125,0.0577188390945122,4.705511103480325,0.17493828395902883,0.0707109727311502,0.6654076164828273,0.10136070918820915,True
20260718,M3,case_td030_pa200_pp0_5_gamma_004__steady,random,53,1.252271764584337,0.10798852764989242,0.040705157411327,4.705511103480325,0.17493828395902883,0.0707109727311502,0.7527795414886833,0.10136070918820915,True
20260718,M3,case_td030_pa200_pp0_5_gamma_004__steady,random,54,4.08819848845517,0.09596885188031967,0.0927763685353522,4.705511103480325,0.17493828395902883,0.0707109727311502,0.37811754143033516,0.10136070918820915,True
20260718,M3,case_td030_pa200_pp0_5_gamma_004__steady,random,55,2.3945400073057845,0.0857149063422763,0.09650914728553045,4.705511103480325,0.17493828395902883,0.0707109727311502,0.6216125914249193,0.10136070918820915,True
20260718,M3,case_td030_pa200_pp0_5_gamma_004__steady,random,56,1.789369714046158,0.10230621931169831,0.06669975373909372,4.705511103480325,0.17493828395902883,0.0707109727311502,0.6792629917124665,0.10136070918820915,True
20260718,M3,case_td030_pa200_pp0_5_gamma_004__steady,random,57,3.7860219556053094,0.057186976363610614,0.09015428649405163,4.705511103480325,0.17493828395902883,0.0707109727311502,0.5442714517162393,0.10136070918820915,True
20260718,M3,case_td030_pa200_pp0_5_gamma_004__steady,random,58,4.8933766190255685,0.14689127441936628,0.07555031743311744,4.705511103480325,0.17493828395902883,0.0707109727311502,0.14225225902754782,0.10136070918820915,True
20260718,M3,case_td030_pa200_pp0_5_gamma_004__steady,random,59,2.4582170507953176,0.1923211377367688,0.06816032756679252,4.705511103480325,0.17493828395902883,0.0707109727311502,0.43111780978682285,0.10136070918820915,True
20260718,M3,case_td030_pa200_pp0_5_gamma_004__steady,random,60,3.0876989568951627,0.17834993455740722,0.0588990265618005,4.705511103480325,0.17493828395902883,0.0707109727311502,0.33095174231573776,0.10136070918820915,True
20260718,M3,case_td030_pa200_pp0_5_gamma_004__steady,random,61,1.9844339966379008,0.19535760038802147,0.06615761129177174,4.705511103480325,0.17493828395902883,0.0707109727311502,0.5236784120514922,0.10136070918820915,True
20260718,M3,case_td030_pa200_pp0_5_gamma_004__steady,random,62,1.1230453264225702,0.08519749101213941,0.09867234469529526,4.705511103480325,0.17493828395902883,0.0707109727311502,0.7944497332932206,0.10136070918820915,True
20260718,M3,case_td030_pa200_pp0_5_gamma_004__steady,random,63,3.3398538439981578,0.06193423731297014,0.05198895595060135,4.705511103480325,0.17493828395902883,0.0707109727311502,0.5737449456379711,0.10136070918820915,True
20260718,M3,case_td030_pa200_pp0_5_gamma_004__steady,random,64,4.80883902429091,0.09243222282139037,0.04590968803368155,4.705511103480325,0.17493828395902883,0.0707109727311502,0.32230894065629007,0.10136070918820915,True
20260718,M3,case_td030_pa200_pp0_5_gamma_004__steady,random,65,3.3135609370505734,0.06198962305546035,0.069590359621693,4.705511103480325,0.17493828395902883,0.0707109727311502,0.5754370621641981,0.10136070918820915,True
20260718,M3,case_td030_pa200_pp0_5_gamma_004__steady,random,66,1.5780038461131305,0.06722494319223161,0.058056641166000095,4.705511103480325,0.17493828395902883,0.0707109727311502,0.7653840349897549,0.10136070918820915,True
20260718,M3,case_td030_pa200_pp0_5_gamma_004__steady,random,67,3.8014734299641892,0.16053460129851754,0.07763491222113647,4.705511103480325,0.17493828395902883,0.0707109727311502,0.24459463459804306,0.10136070918820915,True
20260718,M3,case_td030_pa200_pp0_5_gamma_004__steady,random,68,4.810735444702077,0.05402126372239081,0.08089241112261576,4.705511103480325,0.17493828395902883,0.0707109727311502,0.47125569640728177,0.10136070918820915,True
20260718,M3,case_td030_pa200_pp0_5_gamma_004__steady,random,69,1.002237637913269,0.05120712254054574,0.09844174719627491,4.705511103480325,0.17493828395902883,0.0707109727311502,0.8476550922729368,0.10136070918820915,True
20260718,M3,case_td030_pa200_pp0_5_gamma_004__steady,random,70,1.2549623632509324,0.06557907497078426,0.04295775900103543,4.705511103480325,0.17493828395902883,0.0707109727311502,0.805480852382837,0.10136070918820915,True
20260718,M3,case_td030_pa200_pp0_5_gamma_004__steady,random,71,2.9408751769605908,0.09418151278437936,0.060182286748744956,4.705511103480325,0.17493828395902883,0.0707109727311502,0.5259710846110462,0.10136070918820915,True
20260718,M3,case_td030_pa200_pp0_5_gamma_004__steady,random,72,3.5434205144606428,0.09055067195158756,0.09577661684812187,4.705511103480325,0.17493828395902883,0.0707109727311502,0.4576467364159939,0.10136070918820915,True
20260718,M3,case_td030_pa200_pp0_5_gamma_004__steady,random,73,1.3824378870436909,0.11214413107625265,0.07997339092505823,4.705511103480325,0.17493828395902883,0.0707109727311502,0.7272553049355874,0.10136070918820915,True
20260718,M3,case_td030_pa200_pp0_5_gamma_004__steady,random,74,2.2784115476409665,0.19952690692270675,0.08758839418704457,4.705511103480325,0.17493828395902883,0.0707109727311502,0.45868933634460674,0.10136070918820915,True
20260718,M3,case_td030_pa200_pp0_5_gamma_004__steady,random,75,1.6435387564375157,0.13589117802762352,0.05594261724711355,4.705511103480325,0.17493828395902883,0.0707109727311502,0.6566649441585283,0.10136070918820915,True
20260718,M3,case_td030_pa200_pp0_5_gamma_004__steady,random,76,1.1999917219891496,0.16912814690838257,0.08378032427870707,4.705511103480325,0.17493828395902883,0.0707109727311502,0.7010559972302365,0.10136070918820915,True
20260718,M3,case_td030_pa200_pp0_5_gamma_004__steady,random,77,4.656501887800287,0.13469560700096245,0.072967762139658,4.705511103480325,0.17493828395902883,0.0707109727311502,0.19844027408360565,0.10136070918820915,True
20260718,M3,case_td030_pa200_pp0_5_gamma_004__steady,random,78,2.3558656660278983,0.11902341274984776,0.0987978149875958,4.705511103480325,0.17493828395902883,0.0707109727311502,0.5583700060981918,0.10136070918820915,True
20260718,M3,case_td030_pa200_pp0_5_gamma_004__steady,random,79,2.598194027336304,0.14504807348579057,0.09648888933166358,4.705511103480325,0.17493828395902883,0.0707109727311502,0.4704629346354671,0.10136070918820915,True
20260718,M3,case_td030_pa200_pp0_5_gamma_004__steady,random,80,4.887580977420789,0.10023824718984427,0.06683726968432573,4.705511103480325,0.17493828395902883,0.0707109727311502,0.28601988508216913,0.10136070918820915,True
20260718,M3,case_td030_pa200_pp0_5_gamma_004__steady,random,81,3.660632242383612,0.1398363059305166,0.04093398006539526,4.705511103480325,0.17493828395902883,0.0707109727311502,0.3108528303058264,0.10136070918820915,True
20260718,M3,case_td030_pa200_pp0_5_gamma_004__steady,random,82,4.270001590472753,0.18588994914036944,0.06793522534796448,4.705511103480325,0.17493828395902883,0.0707109727311502,0.13392726098007898,0.10136070918820915,True
20260718,M3,case_td030_pa200_pp0_5_gamma_004__steady,random,83,2.7160691604853917,0.19041455262252066,0.058282328928055606,4.705511103480325,0.17493828395902883,0.0707109727311502,0.38334298228256014,0.10136070918820915,True
20260718,M3,case_td030_pa200_pp0_5_gamma_004__steady,random,84,3.8311343763445582,0.05306079106485767,0.04348515104120214,4.705511103480325,0.17493828395902883,0.0707109727311502,0.5567316808050442,0.10136070918820915,True
20260718,M3,case_td030_pa200_pp0_5_gamma_004__steady,random,85,4.773191456233151,0.18879624195009187,0.05059307405784681,4.773191456233151,0.18879624195009187,0.05059307405784681,0.07349195024139947,0.07349195024139947,True
20260718,M3,case_td030_pa200_pp0_5_gamma_004__steady,random,86,2.3928999866194167,0.118996021676032,0.06975109823895617,4.773191456233151,0.18879624195009187,0.05059307405784681,0.5530070635195411,0.07349195024139947,True
20260718,M3,case_td030_pa200_pp0_5_gamma_004__steady,random,87,4.521140273566788,0.15884406751114055,0.06553068508015576,4.773191456233151,0.18879624195009187,0.05059307405784681,0.15421406602947693,0.07349195024139947,True
20260718,M3,case_td030_pa200_pp0_5_gamma_004__steady,random,88,3.7049244707040536,0.17569987165748757,0.060018418683779384,4.773191456233151,0.18879624195009187,0.05059307405784681,0.23222424088912957,0.07349195024139947,True
20260718,M3,case_td030_pa200_pp0_5_gamma_004__steady,random,89,1.0735268117190393,0.19092410166550838,0.04409326795909603,4.773191456233151,0.18879624195009187,0.05059307405784681,0.70669731727424,0.07349195024139947,True
20260718,M3,case_td030_pa200_pp0_5_gamma_004__steady,random,90,1.2978201443882051,0.19085576900612966,0.054708755459008024,4.773191456233151,0.18879624195009187,0.05059307405784681,0.6651028202171737,0.07349195024139947,True
20260718,M3,case_td030_pa200_pp0_5_gamma_004__steady,random,91,4.348187179956163,0.07013466609955106,0.04331640609656725,4.773191456233151,0.18879624195009187,0.05059307405784681,0.44697559957759125,0.07349195024139947,True
20260718,M3,case_td030_pa200_pp0_5_gamma_004__steady,random,92,2.160852343708878,0.13203198804801047,0.05229241931232033,4.773191456233151,0.18879624195009187,0.05059307405784681,0.5710564935242564,0.07349195024139947,True
20260718,M3,case_td030_pa200_pp0_5_gamma_004__steady,random,93,3.133550709830951,0.10408187397988912,0.04143201382044852,4.773191456233151,0.18879624195009187,0.05059307405784681,0.47434308846092643,0.07349195024139947,True
20260718,M3,case_td030_pa200_pp0_5_gamma_004__steady,random,94,2.902704903279848,0.05056481763801428,0.06304997545167948,4.773191456233151,0.18879624195009187,0.05059307405784681,0.6535525251475784,0.07349195024139947,True
20260718,M3,case_td030_pa200_pp0_5_gamma_004__steady,random,95,2.666781049614932,0.10766456793031041,0.07935075191039093,4.773191456233151,0.18879624195009187,0.05059307405784681,0.5322396575847852,0.07349195024139947,True
20260718,M3,case_td030_pa200_pp0_5_gamma_004__steady,random,96,1.187262731524449,0.09820996335834842,0.09321732025816071,4.773191456233151,0.18879624195009187,0.05059307405784681,0.7712823872925523,0.07349195024139947,True
20260718,M3,case_td030_pa200_pp0_5_gamma_004__steady,random,97,1.3633314832517933,0.15518430403062977,0.04266194200808215,4.773191456233151,0.18879624195009187,0.05059307405784681,0.6856635366073277,0.07349195024139947,True
20260718,M3,case_td030_pa200_pp0_5_gamma_004__steady,random,98,2.0303940057780903,0.1089397380610847,0.06598336530818076,4.773191456233151,0.18879624195009187,0.05059307405784681,0.6306084662805734,0.07349195024139947,True
20260718,M3,case_td030_pa200_pp0_5_gamma_004__steady,random,99,1.445109722201385,0.1050627241316798,0.07298937366799765,4.773191456233151,0.18879624195009187,0.05059307405784681,0.7268903996564754,0.07349195024139947,True
20260718,M3,case_td030_pa200_pp0_5_gamma_004__steady,random,100,1.553828159524011,0.12048640536786585,0.04041040687666571,4.773191456233151,0.18879624195009187,0.05059307405784681,0.6916076200683423,0.07349195024139947,True
20260719,M1,case_td003_pa050_pp0_3_gamma_010__steady,cmaes,1,3.0,0.125,0.07,3.0,0.125,0.07,0.5628434392461068,0.5628434392461068,True
20260719,M1,case_td003_pa050_pp0_3_gamma_010__steady,cmaes,2,2.309718796923967,0.14444991405553861,0.047303920612024215,2.309718796923967,0.14444991405553861,0.047303920612024215,0.3241375768653316,0.3241375768653316,True
20260719,M1,case_td003_pa050_pp0_3_gamma_010__steady,cmaes,3,1.5647959748304545,0.18368612604474233,0.07099371036021056,1.5647959748304545,0.18368612604474233,0.07099371036021056,0.07504698610022666,0.07504698610022666,True
20260719,M1,case_td003_pa050_pp0_3_gamma_010__steady,cmaes,4,3.330525667466902,0.09706529994123778,0.054750674541199376,1.5647959748304545,0.18368612604474233,0.07099371036021056,0.5044420901390464,0.07504698610022666,True
20260719,M1,case_td003_pa050_pp0_3_gamma_010__steady,cmaes,5,2.7727907691908307,0.1793984549075327,0.05755719073434784,1.5647959748304545,0.18368612604474233,0.07099371036021056,0.6990347510930187,0.07504698610022666,True
20260719,M1,case_td003_pa050_pp0_3_gamma_010__steady,cmaes,6,3.6693343492327894,0.13308783612094938,0.07659729626686589,1.5647959748304545,0.18368612604474233,0.07099371036021056,0.8932057385818544,0.07504698610022666,True
20260719,M1,case_td003_pa050_pp0_3_gamma_010__steady,cmaes,7,3.594215848084879,0.14411026285735098,0.09170691434119327,1.5647959748304545,0.18368612604474233,0.07099371036021056,0.9316486109602928,0.07504698610022666,True
20260719,M1,case_td003_pa050_pp0_3_gamma_010__steady,cmaes,8,4.021518397918754,0.1402365466167298,0.07144751094227382,1.5647959748304545,0.18368612604474233,0.07099371036021056,1.0750240856707116,0.07504698610022666,True
20260719,M1,case_td003_pa050_pp0_3_gamma_010__steady,cmaes,9,3.239288595102835,0.15888184465505806,0.07041929369596539,1.5647959748304545,0.18368612604474233,0.07099371036021056,0.8498613252065579,0.07504698610022666,True
20260719,M1,case_td003_pa050_pp0_3_gamma_010__steady,cmaes,10,2.363725663791551,0.10293177484545171,0.07856548463878868,1.5647959748304545,0.18368612604474233,0.07099371036021056,0.16203393549384953,0.07504698610022666,True
20260719,M1,case_td003_pa050_pp0_3_gamma_010__steady,cmaes,11,2.127599766687426,0.1334982890160642,0.08096301891713678,1.5647959748304545,0.18368612604474233,0.07099371036021056,0.1966439972796399,0.07504698610022666,True
20260719,M1,case_td003_pa050_pp0_3_gamma_010__steady,cmaes,12,1.9485177852544264,0.11405854491246847,0.0534457347069784,1.9485177852544264,0.11405854491246847,0.0534457347069784,0.059903358366568564,0.059903358366568564,True
20260719,M1,case_td003_pa050_pp0_3_gamma_010__steady,cmaes,13,2.414836397518472,0.12010405081484977,0.05719575053054417,1.9485177852544264,0.11405854491246847,0.0534457347069784,0.26969642706483876,0.059903358366568564,True
20260719,M1,case_td003_pa050_pp0_3_gamma_010__steady,cmaes,14,1.5934746882042012,0.1452662817622512,0.06784243127798159,1.9485177852544264,0.11405854491246847,0.0534457347069784,0.07941264957776616,0.059903358366568564,True
20260719,M1,case_td003_pa050_pp0_3_gamma_010__steady,cmaes,15,3.047956449391076,0.16626543476665606,0.05270180206066713,1.9485177852544264,0.11405854491246847,0.0534457347069784,0.7874723156235334,0.059903358366568564,True
20260719,M1,case_td003_pa050_pp0_3_gamma_010__steady,cmaes,16,2.3880433191378723,0.1877434732604079,0.09372278590050079,1.9485177852544264,0.11405854491246847,0.0534457347069784,0.5236521327462194,0.059903358366568564,True
20260719,M1,case_td003_pa050_pp0_3_gamma_010__steady,cmaes,17,2.6079788021360875,0.1765991674640648,0.0655690705697991,1.9485177852544264,0.11405854491246847,0.0534457347069784,0.6030904275778004,0.059903358366568564,True
20260719,M1,case_td003_pa050_pp0_3_gamma_010__steady,cmaes,18,2.7780552703151002,0.18864241596552467,0.06119363481946691,1.9485177852544264,0.11405854491246847,0.0534457347069784,0.7348192677158488,0.059903358366568564,True
20260719,M1,case_td003_pa050_pp0_3_gamma_010__steady,cmaes,19,3.0184818356834295,0.17061869905023785,0.08437477274477875,1.9485177852544264,0.11405854491246847,0.0534457347069784,0.7963965301770811,0.059903358366568564,True
20260719,M1,case_td003_pa050_pp0_3_gamma_010__steady,cmaes,20,2.8982213495703477,0.11111943720174425,0.06576128636752747,1.9485177852544264,0.11405854491246847,0.0534457347069784,0.43449213478919385,0.059903358366568564,True
20260719,M1,case_td003_pa050_pp0_3_gamma_010__steady,cmaes,21,2.3464393124610843,0.09502614789262301,0.045739884425960574,1.9485177852544264,0.11405854491246847,0.0534457347069784,0.10944232495638397,0.059903358366568564,True
20260719,M1,case_td003_pa050_pp0_3_gamma_010__steady,cmaes,22,2.483309285203227,0.1387611426778046,0.07937784406605689,1.9485177852544264,0.11405854491246847,0.0534457347069784,0.39288526477431784,0.059903358366568564,True
20260719,M1,case_td003_pa050_pp0_3_gamma_010__steady,cmaes,23,2.091444818771426,0.1715469688579861,0.06083095338097446,1.9485177852544264,0.11405854491246847,0.0534457347069784,0.30478725258499445,0.059903358366568564,True
20260719,M1,case_td003_pa050_pp0_3_gamma_010__steady,cmaes,24,1.7135344648774407,0.09397186160218166,0.07479744556244614,1.9485177852544264,0.11405854491246847,0.0534457347069784,0.18371466464295244,0.059903358366568564,True
20260719,M1,case_td003_pa050_pp0_3_gamma_010__steady,cmaes,25,1.917628811091543,0.1621964333289096,0.06747593648308228,1.9485177852544264,0.11405854491246847,0.0534457347069784,0.18550170411783123,0.059903358366568564,True
20260719,M1,case_td003_pa050_pp0_3_gamma_010__steady,cmaes,26,2.781548766472729,0.08094282464475097,0.07908332804169797,1.9485177852544264,0.11405854491246847,0.0534457347069784,0.1859242989733273,0.059903358366568564,True
20260719,M1,case_td003_pa050_pp0_3_gamma_010__steady,cmaes,27,1.3879279424055493,0.08799648251504438,0.09213603463609873,1.9485177852544264,0.11405854491246847,0.0534457347069784,0.3327294081995346,0.059903358366568564,True
20260719,M1,case_td003_pa050_pp0_3_gamma_010__steady,cmaes,28,1.2312352307226517,0.15088577171089906,0.06778665699676141,1.9485177852544264,0.11405854491246847,0.0534457347069784,0.22737497157217532,0.059903358366568564,True
20260719,M1,case_td003_pa050_pp0_3_gamma_010__steady,cmaes,29,1.5639348101197703,0.10981900556346051,0.053005215986198576,1.9485177852544264,0.11405854491246847,0.0534457347069784,0.1886535034628888,0.059903358366568564,True
20260719,M1,case_td003_pa050_pp0_3_gamma_010__steady,cmaes,30,2.7575134180532874,0.068072914941944,0.059574208754262066,1.9485177852544264,0.11405854491246847,0.0534457347069784,0.08794524330508877,0.059903358366568564,True
20260719,M1,case_td003_pa050_pp0_3_gamma_010__steady,cmaes,31,2.9874928987272513,0.06885124779622777,0.04890370919850349,1.9485177852544264,0.11405854491246847,0.0534457347069784,0.16140368726472043,0.059903358366568564,True
20260719,M1,case_td003_pa050_pp0_3_gamma_010__steady,cmaes,32,2.226013462033868,0.07627584708907244,0.057131335366726106,1.9485177852544264,0.11405854491246847,0.0534457347069784,0.08492344264804148,0.059903358366568564,True
20260719,M1,case_td003_pa050_pp0_3_gamma_010__steady,cmaes,33,1.8247350452552953,0.12938871331649976,0.051569912154344436,1.9485177852544264,0.11405854491246847,0.0534457347069784,0.06173523566957406,0.059903358366568564,True
20260719,M1,case_td003_pa050_pp0_3_gamma_010__steady,cmaes,34,2.2544289195055147,0.1482994542875502,0.08247637071380823,1.9485177852544264,0.11405854491246847,0.0534457347069784,0.3167651751358394,0.059903358366568564,True
20260719,M1,case_td003_pa050_pp0_3_gamma_010__steady,cmaes,35,2.004809065380481,0.13527289766852074,0.057367122807602255,1.9485177852544264,0.11405854491246847,0.0534457347069784,0.14160820778662342,0.059903358366568564,True
20260719,M1,case_td003_pa050_pp0_3_gamma_010__steady,cmaes,36,1.841581496908624,0.1496329937074848,0.0561734722382648,1.9485177852544264,0.11405854491246847,0.0534457347069784,0.1113033681162128,0.059903358366568564,True
20260719,M1,case_td003_pa050_pp0_3_gamma_010__steady,cmaes,37,2.2771915013555146,0.0950912128882727,0.07144691734288995,1.9485177852544264,0.11405854491246847,0.0534457347069784,0.08898068071246061,0.059903358366568564,True
20260719,M1,case_td003_pa050_pp0_3_gamma_010__steady,cmaes,38,1.2521014140991196,0.11183027067820414,0.07465832438071107,1.9485177852544264,0.11405854491246847,0.0534457347069784,0.3122635660155577,0.059903358366568564,True
20260719,M1,case_td003_pa050_pp0_3_gamma_010__steady,cmaes,39,2.0247492537630367,0.13507511445062528,0.05844938114068056,1.9485177852544264,0.11405854491246847,0.0534457347069784,0.15033017904682877,0.059903358366568564,True
20260719,M1,case_td003_pa050_pp0_3_gamma_010__steady,cmaes,40,2.3910079956236174,0.09024892903370861,0.05552496919636541,1.9485177852544264,0.11405854491246847,0.0534457347069784,0.10191859484091582,0.059903358366568564,True
20260719,M1,case_td003_pa050_pp0_3_gamma_010__steady,cmaes,41,2.3979088827770965,0.08978589941543838,0.06445707819972421,1.9485177852544264,0.11405854491246847,0.0534457347069784,0.10296055905801742,0.059903358366568564,True
20260719,M1,case_td003_pa050_pp0_3_gamma_010__steady,cmaes,42,1.9068136121905157,0.13181501946610344,0.04842068666220919,1.9485177852544264,0.11405854491246847,0.0534457347069784,0.08771204392564537,0.059903358366568564,True
20260719,M1,case_td003_pa050_pp0_3_gamma_010__steady,cmaes,43,1.929436316492659,0.13626739952827208,0.04959543762613465,1.9485177852544264,0.11405854491246847,0.0534457347069784,0.10999340105808839,0.059903358366568564,True
20260719,M1,case_td003_pa050_pp0_3_gamma_010__steady,cmaes,44,1.9854998822159113,0.12878879002728516,0.06423228428188524,1.9485177852544264,0.11405854491246847,0.0534457347069784,0.11192286804417988,0.059903358366568564,True
20260719,M1,case_td003_pa050_pp0_3_gamma_010__steady,cmaes,45,2.488288303999961,0.08819057823855206,0.048404048504106754,1.9485177852544264,0.11405854491246847,0.0534457347069784,0.12380302837730113,0.059903358366568564,True
20260719,M1,case_td003_pa050_pp0_3_gamma_010__steady,cmaes,46,1.9513638924621373,0.09596360964130844,0.06299713560885749,1.9485177852544264,0.11405854491246847,0.0534457347069784,0.0869822943045908,0.059903358366568564,True
20260719,M1,case_td003_pa050_pp0_3_gamma_010__steady,cmaes,47,1.2239175807743754,0.10088995684934812,0.05978403561397683,1.9485177852544264,0.11405854491246847,0.0534457347069784,0.3568564368508792,0.059903358366568564,True
20260719,M1,case_td003_pa050_pp0_3_gamma_010__steady,cmaes,48,2.795668283258789,0.12218756514003379,0.060883787848292764,1.9485177852544264,0.11405854491246847,0.0534457347069784,0.4547806227324013,0.059903358366568564,True
20260719,M1,case_td003_pa050_pp0_3_gamma_010__steady,cmaes,49,3.038319740652881,0.07231760608363735,0.05911805240640554,1.9485177852544264,0.11405854491246847,0.0534457347069784,0.20636363754709705,0.059903358366568564,True
20260719,M1,case_td003_pa050_pp0_3_gamma_010__steady,cmaes,50,1.4356124029402535,0.1340493565963118,0.052846770963672574,1.9485177852544264,0.11405854491246847,0.0534457347069784,0.17362570693533735,0.059903358366568564,True
20260719,M1,case_td003_pa050_pp0_3_gamma_010__steady,cmaes,51,2.266724812091552,0.1534660590226417,0.04923369586650988,1.9485177852544264,0.11405854491246847,0.0534457347069784,0.336392169092663,0.059903358366568564,True
20260719,M1,case_td003_pa050_pp0_3_gamma_010__steady,cmaes,52,2.537253453324284,0.13392805707254118,0.04912733192179775,1.9485177852544264,0.11405854491246847,0.0534457347069784,0.3921974063157273,0.059903358366568564,True
20260719,M1,case_td003_pa050_pp0_3_gamma_010__steady,cmaes,53,2.5504805370530694,0.12354633775048769,0.05383147557950914,1.9485177852544264,0.11405854491246847,0.0534457347069784,0.3489486083690409,0.059903358366568564,True
20260719,M1,case_td003_pa050_pp0_3_gamma_010__steady,cmaes,54,1.94952003988803,0.10598973941903117,0.05171522680107325,1.9485177852544264,0.11405854491246847,0.0534457347069784,0.061117535879360294,0.059903358366568564,True
20260719,M1,case_td003_pa050_pp0_3_gamma_010__steady,cmaes,55,2.0462312430345917,0.11499510678882068,0.05585324478680312,1.9485177852544264,0.11405854491246847,0.0534457347069784,0.08702554456414274,0.059903358366568564,True
20260719,M1,case_td003_pa050_pp0_3_gamma_010__steady,cmaes,56,2.172999512531063,0.1219634723201668,0.057026737527780966,1.9485177852544264,0.11405854491246847,0.0534457347069784,0.16736365697269903,0.059903358366568564,True
20260719,M1,case_td003_pa050_pp0_3_gamma_010__steady,cmaes,57,1.3977924124432777,0.13030213467947022,0.05269948853419785,1.9485177852544264,0.11405854491246847,0.0534457347069784,0.20064476318267305,0.059903358366568564,True
20260719,M1,case_td003_pa050_pp0_3_gamma_010__steady,cmaes,58,2.267783666015456,0.07456657081514817,0.056505500931807624,1.9485177852544264,0.11405854491246847,0.0534457347069784,0.0811309030088424,0.059903358366568564,True
20260719,M1,case_td003_pa050_pp0_3_gamma_010__steady,cmaes,59,2.289786204554492,0.07478809132207093,0.053471291534121904,1.9485177852544264,0.11405854491246847,0.0534457347069784,0.07452840126414614,0.059903358366568564,True
20260719,M1,case_td003_pa050_pp0_3_gamma_010__steady,cmaes,60,1.213861593112787,0.14094196315102425,0.054744351209435216,1.9485177852544264,0.11405854491246847,0.0534457347069784,0.2587751454472712,0.059903358366568564,True
20260719,M1,case_td003_pa050_pp0_3_gamma_010__steady,cmaes,61,2.006126164157756,0.11311467906581393,0.06166158837117027,1.9485177852544264,0.11405854491246847,0.0534457347069784,0.06966591328015548,0.059903358366568564,True
20260719,M1,case_td003_pa050_pp0_3_gamma_010__steady,cmaes,62,1.7128932084239157,0.12848116378597646,0.060701971476314065,1.9485177852544264,0.11405854491246847,0.0534457347069784,0.07376633895982855,0.059903358366568564,True
20260719,M1,case_td003_pa050_pp0_3_gamma_010__steady,cmaes,63,1.9055633483575507,0.12744110854825352,0.0574401044373581,1.9485177852544264,0.11405854491246847,0.0534457347069784,0.07695405001294793,0.059903358366568564,True
20260719,M1,case_td003_pa050_pp0_3_gamma_010__steady,cmaes,64,1.6160203411629728,0.09417466479382852,0.052706379480956966,1.9485177852544264,0.11405854491246847,0.0534457347069784,0.22447009759824363,0.059903358366568564,True
20260719,M1,case_td003_pa050_pp0_3_gamma_010__steady,cmaes,65,2.050678823381388,0.10944408349164071,0.061440013239359964,1.9485177852544264,0.11405854491246847,0.0534457347069784,0.07146631302844886,0.059903358366568564,True
20260719,M1,case_td003_pa050_pp0_3_gamma_010__steady,cmaes,66,2.047028905009828,0.09032412462929684,0.06852454172790493,1.9485177852544264,0.11405854491246847,0.0534457347069784,0.07758563623251494,0.059903358366568564,True
20260719,M1,case_td003_pa050_pp0_3_gamma_010__steady,cmaes,67,1.9541495681629937,0.0933833554483324,0.05893477131057301,1.9485177852544264,0.11405854491246847,0.0534457347069784,0.09636018567747788,0.059903358366568564,True
20260719,M1,case_td003_pa050_pp0_3_gamma_010__steady,cmaes,68,1.4361347422098865,0.11977025124333295,0.0694838004476477,1.9485177852544264,0.11405854491246847,0.0534457347069784,0.2106528396856955,0.059903358366568564,True
20260719,M1,case_td003_pa050_pp0_3_gamma_010__steady,cmaes,69,2.020193970461807,0.11824255509043051,0.046439543284778104,1.9485177852544264,0.11405854491246847,0.0534457347069784,0.08740296685287355,0.059903358366568564,True
20260719,M1,case_td003_pa050_pp0_3_gamma_010__steady,cmaes,70,2.3817066362360353,0.10407410223717997,0.05635228774128173,1.9485177852544264,0.11405854491246847,0.0534457347069784,0.17256756740690843,0.059903358366568564,True
20260719,M1,case_td003_pa050_pp0_3_gamma_010__steady,cmaes,71,1.4931057361232543,0.09745669020457443,0.06444860894944913,1.9485177852544264,0.11405854491246847,0.0534457347069784,0.2600621374297215,0.059903358366568564,True
20260719,M1,case_td003_pa050_pp0_3_gamma_010__steady,cmaes,72,2.013029259276976,0.12681088655211126,0.06386062935606904,1.9485177852544264,0.11405854491246847,0.0534457347069784,0.11667154387926341,0.059903358366568564,True
20260719,M1,case_td003_pa050_pp0_3_gamma_010__steady,cmaes,73,2.053022046469483,0.1179988712680818,0.059917493533683974,1.9485177852544264,0.11405854491246847,0.0534457347069784,0.10071176365135222,0.059903358366568564,True
20260719,M1,case_td003_pa050_pp0_3_gamma_010__steady,cmaes,74,1.824968180396577,0.11329477954907308,0.062270827631591044,1.9485177852544264,0.11405854491246847,0.0534457347069784,0.07394120203749227,0.059903358366568564,True
20260719,M1,case_td003_pa050_pp0_3_gamma_010__steady,cmaes,75,1.8054168964389423,0.10189327969900622,0.0672134570064871,1.9485177852544264,0.11405854491246847,0.0534457347069784,0.11663724173167571,0.059903358366568564,True
20260719,M1,case_td003_pa050_pp0_3_gamma_010__steady,cmaes,76,2.288532099287792,0.09777553796748834,0.06494895404360777,1.9485177852544264,0.11405854491246847,0.0534457347069784,0.1047304253085041,0.059903358366568564,True
20260719,M1,case_td003_pa050_pp0_3_gamma_010__steady,cmaes,77,2.0784893059379295,0.09399707339429983,0.06852347038864465,1.9485177852544264,0.11405854491246847,0.0534457347069784,0.059960524194534466,0.059903358366568564,True
20260719,M1,case_td003_pa050_pp0_3_gamma_010__steady,cmaes,78,2.2249643886328956,0.11096441234582102,0.055088469467091734,1.9485177852544264,0.11405854491246847,0.0534457347069784,0.14098313398453605,0.059903358366568564,True
20260719,M1,case_td003_pa050_pp0_3_gamma_010__steady,cmaes,79,1.632319172231041,0.1187399309122101,0.06562254616060283,1.9485177852544264,0.11405854491246847,0.0534457347069784,0.12900738399531364,0.059903358366568564,True
20260719,M1,case_td003_pa050_pp0_3_gamma_010__steady,cmaes,80,2.3703418068206177,0.0784326093165042,0.0637384604401063,2.3703418068206177,0.0784326093165042,0.0637384604401063,0.05442584684846697,0.05442584684846697,True
20260719,M1,case_td003_pa050_pp0_3_gamma_010__steady,cmaes,81,2.252526914783556,0.08832418720968825,0.05871535840780896,2.3703418068206177,0.0784326093165042,0.0637384604401063,0.05803926625581757,0.05442584684846697,True
20260719,M1,case_td003_pa050_pp0_3_gamma_010__steady,cmaes,82,2.161664121737987,0.09918712985333336,0.06083386611653843,2.3703418068206177,0.0784326093165042,0.0637384604401063,0.06953254687467056,0.05442584684846697,True
20260719,M1,case_td003_pa050_pp0_3_gamma_010__steady,cmaes,83,2.495366529969621,0.08290313441341093,0.08000714887130522,2.3703418068206177,0.0784326093165042,0.0637384604401063,0.09951807922234046,0.05442584684846697,True
20260719,M1,case_td003_pa050_pp0_3_gamma_010__steady,cmaes,84,2.560139810246061,0.06689511842638274,0.07048284293474533,2.560139810246061,0.06689511842638274,0.07048284293474533,0.05394655235395518,0.05394655235395518,True
20260719,M1,case_td003_pa050_pp0_3_gamma_010__steady,cmaes,85,2.3296944261401102,0.0736361069827534,0.06993148889260092,2.560139810246061,0.06689511842638274,0.07048284293474533,0.06833826828589307,0.05394655235395518,True
20260719,M1,case_td003_pa050_pp0_3_gamma_010__steady,cmaes,86,2.6551530428270924,0.05696734664661347,0.05680445245831436,2.560139810246061,0.06689511842638274,0.07048284293474533,0.07348762424765977,0.05394655235395518,True
20260719,M1,case_td003_pa050_pp0_3_gamma_010__steady,cmaes,87,2.152227579992278,0.10954123407820146,0.06739751060300464,2.560139810246061,0.06689511842638274,0.07048284293474533,0.10702323946552401,0.05394655235395518,True
20260719,M1,case_td003_pa050_pp0_3_gamma_010__steady,cmaes,88,2.3928044459862505,0.07791608946232628,0.06386733093994094,2.560139810246061,0.06689511842638274,0.07048284293474533,0.0549887808602178,0.05394655235395518,True
20260719,M1,case_td003_pa050_pp0_3_gamma_010__steady,cmaes,89,2.2757213975822346,0.09644862071483384,0.0681148631296894,2.560139810246061,0.06689511842638274,0.07048284293474533,0.09432325772482705,0.05394655235395518,True
20260719,M1,case_td003_pa050_pp0_3_gamma_010__steady,cmaes,90,1.586081003304282,0.12355408380578563,0.058092699420420515,2.560139810246061,0.06689511842638274,0.07048284293474533,0.13511472638100328,0.05394655235395518,True
20260719,M1,case_td003_pa050_pp0_3_gamma_010__steady,cmaes,91,2.0538528238402893,0.1036329672783124,0.06602490229969499,2.560139810246061,0.06689511842638274,0.07048284293474533,0.059404979353688984,0.05394655235395518,True
20260719,M1,case_td003_pa050_pp0_3_gamma_010__steady,cmaes,92,2.260105789696688,0.08188363375576455,0.05420099539901427,2.560139810246061,0.06689511842638274,0.07048284293474533,0.05754230242717822,0.05394655235395518,True
20260719,M1,case_td003_pa050_pp0_3_gamma_010__steady,cmaes,93,2.0824836120261025,0.1013588336608992,0.04925898430839795,2.560139810246061,0.06689511842638274,0.07048284293474533,0.0586374387589155,0.05394655235395518,True
20260719,M1,case_td003_pa050_pp0_3_gamma_010__steady,cmaes,94,2.334138929593771,0.08246152398822848,0.0651246950675478,2.560139810246061,0.06689511842638274,0.07048284293474533,0.05687935606822202,0.05394655235395518,True
20260719,M1,case_td003_pa050_pp0_3_gamma_010__steady,cmaes,95,2.600483078767576,0.0661550045815124,0.06548668657348661,2.600483078767576,0.0661550045815124,0.06548668657348661,0.053633180751992575,0.053633180751992575,True
20260719,M1,case_td003_pa050_pp0_3_gamma_010__steady,cmaes,96,2.4571372238908915,0.0669469758344893,0.06714532928578225,2.600483078767576,0.0661550045815124,0.06548668657348661,0.06794451759794516,0.053633180751992575,True
20260719,M1,case_td003_pa050_pp0_3_gamma_010__steady,cmaes,97,2.577012257927972,0.06707537459964388,0.07446110586339283,2.600483078767576,0.0661550045815124,0.06548668657348661,0.05366436842777699,0.053633180751992575,True
20260719,M1,case_td003_pa050_pp0_3_gamma_010__steady,cmaes,98,2.205224918577821,0.0800710761444445,0.073204442648468,2.600483078767576,0.0661550045815124,0.06548668657348661,0.07281740249648218,0.053633180751992575,True
20260719,M1,case_td003_pa050_pp0_3_gamma_010__steady,cmaes,99,2.065112155831332,0.09074027818465046,0.06197404967237037,2.600483078767576,0.0661550045815124,0.06548668657348661,0.07165346790431135,0.053633180751992575,True
20260719,M1,case_td003_pa050_pp0_3_gamma_010__steady,cmaes,100,2.7436627717487347,0.0670921859217589,0.06897383746821441,2.600483078767576,0.0661550045815124,0.06548668657348661,0.07933180557098317,0.053633180751992575,True
20260719,M1,case_td003_pa050_pp0_3_gamma_010__steady,tpe,1,3.0,0.125,0.07,3.0,0.125,0.07,0.5628434392461068,0.5628434392461068,True
20260719,M1,case_td003_pa050_pp0_3_gamma_010__steady,tpe,2,2.6006377805644707,0.05672031544366225,0.06170123140317173,2.6006377805644707,0.05672031544366225,0.06170123140317173,0.0873106515488962,0.0873106515488962,True
20260719,M1,case_td003_pa050_pp0_3_gamma_010__steady,tpe,3,3.4853445072597085,0.19794050241709282,0.08970988881850256,2.6006377805644707,0.05672031544366225,0.06170123140317173,1.1351815278476005,0.0873106515488962,True
20260719,M1,case_td003_pa050_pp0_3_gamma_010__steady,tpe,4,1.9970704004303768,0.05100368262317501,0.0660399064940572,2.6006377805644707,0.05672031544366225,0.06170123140317173,0.3025213995151802,0.0873106515488962,True
20260719,M1,case_td003_pa050_pp0_3_gamma_010__steady,tpe,5,1.4695452846705197,0.1639995024273858,0.07433993500118413,2.6006377805644707,0.05672031544366225,0.06170123140317173,0.09081733876198737,0.0873106515488962,True
20260719,M1,case_td003_pa050_pp0_3_gamma_010__steady,tpe,6,3.7210666783923645,0.17010766184394438,0.0498405303611734,2.6006377805644707,0.05672031544366225,0.06170123140317173,1.1185575011644262,0.0873106515488962,True
20260719,M1,case_td003_pa050_pp0_3_gamma_010__steady,tpe,7,1.4444429133866605,0.09396786102261226,0.08553004506574635,2.6006377805644707,0.05672031544366225,0.06170123140317173,0.28988202548543834,0.0873106515488962,True
20260719,M1,case_td003_pa050_pp0_3_gamma_010__steady,tpe,8,3.2340393965752168,0.06182829423455549,0.07185477451728291,2.6006377805644707,0.05672031544366225,0.06170123140317173,0.1816465279667,0.0873106515488962,True
20260719,M1,case_td003_pa050_pp0_3_gamma_010__steady,tpe,9,1.9950056485538021,0.16897675462974132,0.05588925888099723,2.6006377805644707,0.05672031544366225,0.06170123140317173,0.2439793810592953,0.0873106515488962,True
20260719,M1,case_td003_pa050_pp0_3_gamma_010__steady,tpe,10,1.4428575108835173,0.13499632038068948,0.06148051320398081,2.6006377805644707,0.05672031544366225,0.06170123140317173,0.16676671368433976,0.0873106515488962,True
20260719,M1,case_td003_pa050_pp0_3_gamma_010__steady,tpe,11,2.2012471008620715,0.08847586389157702,0.054855461287572675,2.2012471008620715,0.08847586389157702,0.054855461287572675,0.05526845786140783,0.05526845786140783,True
20260719,M1,case_td003_pa050_pp0_3_gamma_010__steady,tpe,12,4.390103865183587,0.1919415296273928,0.042329547136082724,2.2012471008620715,0.08847586389157702,0.054855461287572675,1.5033240862872732,0.05526845786140783,True
20260719,M1,case_td003_pa050_pp0_3_gamma_010__steady,tpe,13,3.012084859998472,0.18050940865440607,0.09022376066640433,2.2012471008620715,0.08847586389157702,0.054855461287572675,0.8327989584357891,0.05526845786140783,True
20260719,M1,case_td003_pa050_pp0_3_gamma_010__steady,tpe,14,3.1579537958736577,0.05659507067834116,0.08651373201622464,2.2012471008620715,0.08847586389157702,0.054855461287572675,0.11801421603128288,0.05526845786140783,True
20260719,M1,case_td003_pa050_pp0_3_gamma_010__steady,tpe,15,4.708396244968439,0.18083034625538585,0.08721088680489483,2.2012471008620715,0.08847586389157702,0.054855461287572675,1.5755019771298941,0.05526845786140783,True
20260719,M1,case_td003_pa050_pp0_3_gamma_010__steady,tpe,16,2.3121283132202133,0.08426981436528048,0.044524152222907246,2.2012471008620715,0.08847586389157702,0.054855461287572675,0.05683768995809896,0.05526845786140783,True
20260719,M1,case_td003_pa050_pp0_3_gamma_010__steady,tpe,17,2.9471384433736554,0.10524399238209342,0.04135444519322201,2.2012471008620715,0.08847586389157702,0.054855461287572675,0.41272612659149044,0.05526845786140783,True
20260719,M1,case_td003_pa050_pp0_3_gamma_010__steady,tpe,18,1.298059255126795,0.10307484599806081,0.04579223645411028,2.2012471008620715,0.08847586389157702,0.054855461287572675,0.3224347043293358,0.05526845786140783,True
20260719,M1,case_td003_pa050_pp0_3_gamma_010__steady,tpe,19,1.8434254888935375,0.05225998587049019,0.04161730953008706,2.2012471008620715,0.08847586389157702,0.054855461287572675,0.3447341882678943,0.05526845786140783,True
20260719,M1,case_td003_pa050_pp0_3_gamma_010__steady,tpe,20,4.8305229245013654,0.10656822789817368,0.05624409445406042,2.2012471008620715,0.08847586389157702,0.054855461287572675,1.0611411348725155,0.05526845786140783,True
20260719,M1,case_td003_pa050_pp0_3_gamma_010__steady,tpe,21,2.679198714657795,0.11854942230752025,0.09506093743443156,2.2012471008620715,0.08847586389157702,0.054855461287572675,0.38638621452704586,0.05526845786140783,True
20260719,M1,case_td003_pa050_pp0_3_gamma_010__steady,tpe,22,2.5349155950279054,0.09233598773085579,0.061965122397794836,2.2012471008620715,0.08847586389157702,0.054855461287572675,0.16787001548078256,0.05526845786140783,True
20260719,M1,case_td003_pa050_pp0_3_gamma_010__steady,tpe,23,3.8893057755518448,0.06283853408392737,0.054721543168838045,2.2012471008620715,0.08847586389157702,0.054855461287572675,0.3749755251911242,0.05526845786140783,True
20260719,M1,case_td003_pa050_pp0_3_gamma_010__steady,tpe,24,2.521856966940777,0.08645087407709265,0.056161307457229866,2.2012471008620715,0.08847586389157702,0.054855461287572675,0.12664609216098185,0.05526845786140783,True
20260719,M1,case_td003_pa050_pp0_3_gamma_010__steady,tpe,25,2.859074309256826,0.058296758174332816,0.052002823568230244,2.2012471008620715,0.08847586389157702,0.054855461287572675,0.05898525093620781,0.05526845786140783,True
20260719,M1,case_td003_pa050_pp0_3_gamma_010__steady,tpe,26,2.621203801468073,0.07765167225762559,0.044213741775874,2.2012471008620715,0.08847586389157702,0.054855461287572675,0.10502752350413574,0.05526845786140783,True
20260719,M1,case_td003_pa050_pp0_3_gamma_010__steady,tpe,27,4.745269892706601,0.10365470827088887,0.07878762290683304,2.2012471008620715,0.08847586389157702,0.054855461287572675,1.0122942968232425,0.05526845786140783,True
20260719,M1,case_td003_pa050_pp0_3_gamma_010__steady,tpe,28,3.079886684091627,0.07081735293390667,0.048095157343832046,2.2012471008620715,0.08847586389157702,0.054855461287572675,0.20632561630092708,0.05526845786140783,True
20260719,M1,case_td003_pa050_pp0_3_gamma_010__steady,tpe,29,4.445937450012942,0.05623915611200059,0.09748076935536241,2.2012471008620715,0.08847586389157702,0.054855461287572675,0.44704708259194714,0.05526845786140783,True
20260719,M1,case_td003_pa050_pp0_3_gamma_010__steady,tpe,30,2.081065331316871,0.10116095092418832,0.05375446009118333,2.2012471008620715,0.08847586389157702,0.054855461287572675,0.058435116983568444,0.05526845786140783,True
20260719,M1,case_td003_pa050_pp0_3_gamma_010__steady,tpe,31,2.749803157845673,0.13867709762679456,0.04833940029480373,2.2012471008620715,0.08847586389157702,0.054855461287572675,0.516742283433603,0.05526845786140783,True
20260719,M1,case_td003_pa050_pp0_3_gamma_010__steady,tpe,32,1.9784932731903777,0.10206483395782269,0.044642354068347184,2.2012471008620715,0.08847586389157702,0.054855461287572675,0.0632079938068994,0.05526845786140783,True
20260719,M1,case_td003_pa050_pp0_3_gamma_010__steady,tpe,33,2.0774273617301486,0.06906149990467245,0.05535205828146718,2.2012471008620715,0.08847586389157702,0.054855461287572675,0.17278165511653926,0.05526845786140783,True
20260719,M1,case_td003_pa050_pp0_3_gamma_010__steady,tpe,34,2.1964648408334817,0.1106560486545696,0.05420397409729649,2.2012471008620715,0.08847586389157702,0.054855461287572675,0.12762465807938864,0.05526845786140783,True
20260719,M1,case_td003_pa050_pp0_3_gamma_010__steady,tpe,35,2.819874909653331,0.05453827585046159,0.04936408760290949,2.2012471008620715,0.08847586389157702,0.054855461287572675,0.057065462308989616,0.05526845786140783,True
20260719,M1,case_td003_pa050_pp0_3_gamma_010__steady,tpe,36,1.539920157646589,0.08371755130597626,0.06285164133150245,2.2012471008620715,0.08847586389157702,0.054855461287572675,0.29488713210930156,0.05526845786140783,True
20260719,M1,case_td003_pa050_pp0_3_gamma_010__steady,tpe,37,2.9203629932657815,0.05994941228309731,0.04036689818366682,2.2012471008620715,0.08847586389157702,0.054855461287572675,0.07734258921717346,0.05526845786140783,True
20260719,M1,case_td003_pa050_pp0_3_gamma_010__steady,tpe,38,1.9984717506008594,0.08878744184192612,0.0453448586965809,2.2012471008620715,0.08847586389157702,0.054855461287572675,0.1018438283229434,0.05526845786140783,True
20260719,M1,case_td003_pa050_pp0_3_gamma_010__steady,tpe,39,1.759667118087206,0.09480406924793966,0.05362084752392311,2.2012471008620715,0.08847586389157702,0.054855461287572675,0.16445040906291775,0.05526845786140783,True
20260719,M1,case_td003_pa050_pp0_3_gamma_010__steady,tpe,40,1.846419304435088,0.18378340087260875,0.09787376802816526,2.2012471008620715,0.08847586389157702,0.054855461287572675,0.21058307180419938,0.05526845786140783,True
20260719,M1,case_td003_pa050_pp0_3_gamma_010__steady,tpe,41,3.554247110361341,0.11183420214586273,0.061103759398239456,2.2012471008620715,0.08847586389157702,0.054855461287572675,0.6998837278221783,0.05526845786140783,True
20260719,M1,case_td003_pa050_pp0_3_gamma_010__steady,tpe,42,2.588526134204066,0.057007537326317734,0.05179105500838457,2.2012471008620715,0.08847586389157702,0.054855461287572675,0.08969758852197451,0.05526845786140783,True
20260719,M1,case_td003_pa050_pp0_3_gamma_010__steady,tpe,43,2.973007331800922,0.058090010416357994,0.0604129644331223,2.2012471008620715,0.08847586389157702,0.054855461287572675,0.08007390339969143,0.05526845786140783,True
20260719,M1,case_td003_pa050_pp0_3_gamma_010__steady,tpe,44,3.1581626491337658,0.0536141872091445,0.05208165893038052,2.2012471008620715,0.08847586389157702,0.054855461287572675,0.09284525848506842,0.05526845786140783,True
20260719,M1,case_td003_pa050_pp0_3_gamma_010__steady,tpe,45,1.8462139083670182,0.10868842518822683,0.07157732808666062,2.2012471008620715,0.08847586389157702,0.054855461287572675,0.07886361719290684,0.05526845786140783,True
20260719,M1,case_td003_pa050_pp0_3_gamma_010__steady,tpe,46,2.175492675758242,0.06359271726189492,0.05370337936572892,2.2012471008620715,0.08847586389157702,0.054855461287572675,0.17207963247418878,0.05526845786140783,True
20260719,M1,case_td003_pa050_pp0_3_gamma_010__steady,tpe,47,2.3490464974535006,0.08505379450523606,0.051176016979543784,2.2012471008620715,0.08847586389157702,0.054855461287572675,0.06551851318832695,0.05526845786140783,True
20260719,M1,case_td003_pa050_pp0_3_gamma_010__steady,tpe,48,2.7649620228429317,0.09239375722171256,0.05006861028553719,2.2012471008620715,0.08847586389157702,0.054855461287572675,0.2556844173242378,0.05526845786140783,True
20260719,M1,case_td003_pa050_pp0_3_gamma_010__steady,tpe,49,1.8999755642727107,0.06261401973996167,0.09611081267195715,2.2012471008620715,0.08847586389157702,0.054855461287572675,0.26478157595031343,0.05526845786140783,True
20260719,M1,case_td003_pa050_pp0_3_gamma_010__steady,tpe,50,3.339389293263017,0.17845615770988016,0.06661877668158987,2.2012471008620715,0.08847586389157702,0.054855461287572675,0.9836598355129372,0.05526845786140783,True
20260719,M1,case_td003_pa050_pp0_3_gamma_010__steady,tpe,51,2.2874525166702995,0.12356280274503285,0.05548905067033308,2.2012471008620715,0.08847586389157702,0.054855461287572675,0.22675753238731441,0.05526845786140783,True
20260719,M1,case_td003_pa050_pp0_3_gamma_010__steady,tpe,52,2.303364874744654,0.1073673804182919,0.04661004213231071,2.2012471008620715,0.08847586389157702,0.054855461287572675,0.1552129238640235,0.05526845786140783,True
20260719,M1,case_td003_pa050_pp0_3_gamma_010__steady,tpe,53,1.946944449800106,0.11998737163996795,0.0430664942475429,2.2012471008620715,0.08847586389157702,0.054855461287572675,0.06916596907263158,0.05526845786140783,True
20260719,M1,case_td003_pa050_pp0_3_gamma_010__steady,tpe,54,1.6978951583998427,0.06978953601846936,0.04668058986809231,2.2012471008620715,0.08847586389157702,0.054855461287572675,0.3015091761995541,0.05526845786140783,True
20260719,M1,case_td003_pa050_pp0_3_gamma_010__steady,tpe,55,2.4007440157701203,0.08902896585522242,0.04278252687706778,2.2012471008620715,0.08847586389157702,0.054855461287572675,0.0971218712659158,0.05526845786140783,True
20260719,M1,case_td003_pa050_pp0_3_gamma_010__steady,tpe,56,2.0754165292429207,0.10541694974253782,0.042554802740198766,2.2012471008620715,0.08847586389157702,0.054855461287572675,0.06490554879133713,0.05526845786140783,True
20260719,M1,case_td003_pa050_pp0_3_gamma_010__steady,tpe,57,2.836776949028847,0.07685371344124102,0.05878302977941848,2.2012471008620715,0.08847586389157702,0.054855461287572675,0.17357459421106777,0.05526845786140783,True
20260719,M1,case_td003_pa050_pp0_3_gamma_010__steady,tpe,58,2.8755684663563112,0.051558887127020815,0.051002426680951486,2.2012471008620715,0.08847586389157702,0.054855461287572675,0.060053098019577256,0.05526845786140783,True
20260719,M1,case_td003_pa050_pp0_3_gamma_010__steady,tpe,59,1.0092429154031304,0.15754665633452586,0.0414317098800524,2.2012471008620715,0.08847586389157702,0.054855461287572675,0.32096789262846753,0.05526845786140783,True
20260719,M1,case_td003_pa050_pp0_3_gamma_010__steady,tpe,60,3.620062330764732,0.05148541222230103,0.050351686625252405,2.2012471008620715,0.08847586389157702,0.054855461287572675,0.19275521618052555,0.05526845786140783,True
20260719,M1,case_td003_pa050_pp0_3_gamma_010__steady,tpe,61,2.880973108971001,0.057676230393574356,0.047834451428308215,2.2012471008620715,0.08847586389157702,0.054855461287572675,0.059557400929082766,0.05526845786140783,True
20260719,M1,case_td003_pa050_pp0_3_gamma_010__steady,tpe,62,2.366563587672742,0.05013022640529611,0.041356053072875903,2.2012471008620715,0.08847586389157702,0.054855461287572675,0.20026613965382595,0.05526845786140783,True
20260719,M1,case_td003_pa050_pp0_3_gamma_010__steady,tpe,63,2.7688836049882894,0.05787522073195712,0.05571580682829601,2.7688836049882894,0.05787522073195712,0.05571580682829601,0.05413004176383241,0.05413004176383241,True
20260719,M1,case_td003_pa050_pp0_3_gamma_010__steady,tpe,64,3.5668209168855762,0.09758683282208815,0.04684772119377616,2.7688836049882894,0.05787522073195712,0.05571580682829601,0.591685622769998,0.05413004176383241,True
20260719,M1,case_td003_pa050_pp0_3_gamma_010__steady,tpe,65,2.2441951095943273,0.062288065633216705,0.0626059088055707,2.7688836049882894,0.05787522073195712,0.05571580682829601,0.15673869307337346,0.05413004176383241,True
20260719,M1,case_td003_pa050_pp0_3_gamma_010__steady,tpe,66,2.794257740251164,0.05994015127457575,0.057544162494060705,2.7688836049882894,0.05787522073195712,0.05571580682829601,0.05646612223956217,0.05413004176383241,True
20260719,M1,case_td003_pa050_pp0_3_gamma_010__steady,tpe,67,3.6007704975010455,0.055980745741972794,0.06875249045516546,2.7688836049882894,0.05787522073195712,0.05571580682829601,0.23187273592427948,0.05413004176383241,True
20260719,M1,case_td003_pa050_pp0_3_gamma_010__steady,tpe,68,3.0101981465241274,0.0910654062890283,0.07502725232069417,2.7688836049882894,0.05787522073195712,0.05571580682829601,0.34293717993746176,0.05413004176383241,True
20260719,M1,case_td003_pa050_pp0_3_gamma_010__steady,tpe,69,2.6049149343302984,0.05087375516224438,0.06367902675782354,2.7688836049882894,0.05787522073195712,0.05571580682829601,0.12401080230742938,0.05413004176383241,True
20260719,M1,case_td003_pa050_pp0_3_gamma_010__steady,tpe,70,3.1395375035781523,0.08275133429012335,0.055798811723445335,2.7688836049882894,0.05787522073195712,0.05571580682829601,0.323589395973864,0.05413004176383241,True
20260719,M1,case_td003_pa050_pp0_3_gamma_010__steady,tpe,71,3.9950030027250882,0.13825381675309883,0.07791167173406072,2.7688836049882894,0.05787522073195712,0.05571580682829601,1.0525859541124727,0.05413004176383241,True
20260719,M1,case_td003_pa050_pp0_3_gamma_010__steady,tpe,72,3.003193854015876,0.05376249085175838,0.0536106198211201,2.7688836049882894,0.05787522073195712,0.05571580682829601,0.06227942978267271,0.05413004176383241,True
20260719,M1,case_td003_pa050_pp0_3_gamma_010__steady,tpe,73,2.7862202065797255,0.07075288215173141,0.052771157164010624,2.7688836049882894,0.05787522073195712,0.05571580682829601,0.1129745239428727,0.05413004176383241,True
20260719,M1,case_td003_pa050_pp0_3_gamma_010__steady,tpe,74,3.501901974191507,0.059772165781431345,0.04148618064895843,2.7688836049882894,0.05787522073195712,0.05571580682829601,0.23675658842322936,0.05413004176383241,True
20260719,M1,case_td003_pa050_pp0_3_gamma_010__steady,tpe,75,2.852138294878197,0.057791776077280865,0.05151758490245434,2.7688836049882894,0.05787522073195712,0.05571580682829601,0.056669166325791866,0.05413004176383241,True
20260719,M1,case_td003_pa050_pp0_3_gamma_010__steady,tpe,76,2.141334825088604,0.08716449753185143,0.058569652473802726,2.7688836049882894,0.05787522073195712,0.05571580682829601,0.06477900086466212,0.05413004176383241,True
20260719,M1,case_td003_pa050_pp0_3_gamma_010__steady,tpe,77,2.47208032812751,0.06012474283821015,0.060165884216351564,2.7688836049882894,0.05787522073195712,0.05571580682829601,0.1011918302545639,0.05413004176383241,True
20260719,M1,case_td003_pa050_pp0_3_gamma_010__steady,tpe,78,2.406542313864819,0.05166740149337909,0.05044313857710907,2.7688836049882894,0.05787522073195712,0.05571580682829601,0.1768704284659943,0.05413004176383241,True
20260719,M1,case_td003_pa050_pp0_3_gamma_010__steady,tpe,79,3.2096188409653084,0.05944308681014056,0.05882807385342204,2.7688836049882894,0.05787522073195712,0.05571580682829601,0.15324246477061762,0.05413004176383241,True
20260719,M1,case_td003_pa050_pp0_3_gamma_010__steady,tpe,80,2.4392394187957778,0.08795133229194384,0.0569728793403805,2.7688836049882894,0.05787522073195712,0.05571580682829601,0.1063893821862212,0.05413004176383241,True
20260719,M1,case_td003_pa050_pp0_3_gamma_010__steady,tpe,81,2.988649000419789,0.0806998733321096,0.057251373193155056,2.7688836049882894,0.05787522073195712,0.05571580682829601,0.25491537169632206,0.05413004176383241,True
20260719,M1,case_td003_pa050_pp0_3_gamma_010__steady,tpe,82,2.678770818434309,0.06958603576995766,0.048929115616608586,2.7688836049882894,0.05787522073195712,0.05571580682829601,0.07512544021116888,0.05413004176383241,True
20260719,M1,case_td003_pa050_pp0_3_gamma_010__steady,tpe,83,4.475131898309256,0.15041272064309755,0.09705445564232713,2.7688836049882894,0.05787522073195712,0.05571580682829601,1.307685684469286,0.05413004176383241,True
20260719,M1,case_td003_pa050_pp0_3_gamma_010__steady,tpe,84,2.7729595944272676,0.0658032211334492,0.04349861499926309,2.7688836049882894,0.05787522073195712,0.05571580682829601,0.07685846546613412,0.05413004176383241,True
20260719,M1,case_td003_pa050_pp0_3_gamma_010__steady,tpe,85,3.020474694876442,0.06206999788162479,0.05405357718871755,2.7688836049882894,0.05787522073195712,0.05571580682829601,0.11978067400483557,0.05413004176383241,True
20260719,M1,case_td003_pa050_pp0_3_gamma_010__steady,tpe,86,1.0068882593014477,0.10166477821649136,0.055310380466906915,2.7688836049882894,0.05787522073195712,0.05571580682829601,0.43789065108734865,0.05413004176383241,True
20260719,M1,case_td003_pa050_pp0_3_gamma_010__steady,tpe,87,2.816261506891621,0.05159227117804369,0.05800270910208046,2.7688836049882894,0.05787522073195712,0.05571580682829601,0.06882014330781719,0.05413004176383241,True
20260719,M1,case_td003_pa050_pp0_3_gamma_010__steady,tpe,88,3.2525075330702737,0.06932048209790163,0.04523421308090873,2.7688836049882894,0.05787522073195712,0.05571580682829601,0.2482422205443566,0.05413004176383241,True
20260719,M1,case_td003_pa050_pp0_3_gamma_010__steady,tpe,89,2.3896492654352457,0.07710372709908887,0.04747378356152869,2.7688836049882894,0.05787522073195712,0.05571580682829601,0.054152565586339185,0.05413004176383241,True
20260719,M1,case_td003_pa050_pp0_3_gamma_010__steady,tpe,90,4.852876647242821,0.18947422427528463,0.056022762229170506,2.7688836049882894,0.05787522073195712,0.05571580682829601,1.67046725907746,0.05413004176383241,True
20260719,M1,case_td003_pa050_pp0_3_gamma_010__steady,tpe,91,2.065099967279838,0.11135091732684246,0.06110941616830323,2.7688836049882894,0.05787522073195712,0.05571580682829601,0.08172345310123871,0.05413004176383241,True
20260719,M1,case_td003_pa050_pp0_3_gamma_010__steady,tpe,92,2.538708062463811,0.08577977915270989,0.04526496078299573,2.7688836049882894,0.05787522073195712,0.05571580682829601,0.12702970812456704,0.05413004176383241,True
20260719,M1,case_td003_pa050_pp0_3_gamma_010__steady,tpe,93,1.8264005570531143,0.07278908319122655,0.05160855380872891,2.7688836049882894,0.05787522073195712,0.05571580682829601,0.24102392954706486,0.05413004176383241,True
20260719,M1,case_td003_pa050_pp0_3_gamma_010__steady,tpe,94,2.724492835800633,0.052675660382749234,0.04896963148431878,2.7688836049882894,0.05787522073195712,0.05571580682829601,0.08296611745781378,0.05413004176383241,True
20260719,M1,case_td003_pa050_pp0_3_gamma_010__steady,tpe,95,2.03958744256467,0.07772664397368638,0.04671896491351624,2.7688836049882894,0.05787522073195712,0.05571580682829601,0.14010064454416957,0.05413004176383241,True
20260719,M1,case_td003_pa050_pp0_3_gamma_010__steady,tpe,96,2.331264823206873,0.0776744056669622,0.05170698357022503,2.7688836049882894,0.05787522073195712,0.05571580682829601,0.056971557026030406,0.05413004176383241,True
20260719,M1,case_td003_pa050_pp0_3_gamma_010__steady,tpe,97,1.844070954802766,0.05483145995986053,0.05360196108409359,2.7688836049882894,0.05787522073195712,0.05571580682829601,0.3291547371132432,0.05413004176383241,True
20260719,M1,case_td003_pa050_pp0_3_gamma_010__steady,tpe,98,1.94515603823675,0.08764568050300454,0.053758043283355074,2.7688836049882894,0.05787522073195712,0.05571580682829601,0.12485403984604773,0.05413004176383241,True
20260719,M1,case_td003_pa050_pp0_3_gamma_010__steady,tpe,99,1.9212188420927105,0.19617047333619195,0.06517194296229609,2.7688836049882894,0.05787522073195712,0.05571580682829601,0.27946368785997044,0.05413004176383241,True
20260719,M1,case_td003_pa050_pp0_3_gamma_010__steady,tpe,100,2.620949630139032,0.09990348658470402,0.05527386102065154,2.7688836049882894,0.05787522073195712,0.05571580682829601,0.24750913742418623,0.05413004176383241,True
20260719,M1,case_td003_pa050_pp0_3_gamma_010__steady,random,1,3.0,0.125,0.07,3.0,0.125,0.07,0.5628434392461068,0.5628434392461068,True
20260719,M1,case_td003_pa050_pp0_3_gamma_010__steady,random,2,4.217637077783944,0.11214002325357,0.04165838949038345,3.0,0.125,0.07,0.9289789590910281,0.5628434392461068,True
20260719,M1,case_td003_pa050_pp0_3_gamma_010__steady,random,3,2.8137661663631737,0.12259529401565972,0.06770617894528172,2.8137661663631737,0.12259529401565972,0.06770617894528172,0.4662217030467391,0.4662217030467391,True
20260719,M1,case_td003_pa050_pp0_3_gamma_010__steady,random,4,2.283595988833366,0.18699104971509223,0.07841926619040057,2.283595988833366,0.18699104971509223,0.07841926619040057,0.4608855179577226,0.4608855179577226,True
20260719,M1,case_td003_pa050_pp0_3_gamma_010__steady,random,5,2.276926401392143,0.18266424432287842,0.08508260408655505,2.276926401392143,0.18266424432287842,0.08508260408655505,0.44501847833479674,0.44501847833479674,True
20260719,M1,case_td003_pa050_pp0_3_gamma_010__steady,random,6,1.2430773036268263,0.11302466793990991,0.07067849457287324,1.2430773036268263,0.11302466793990991,0.07067849457287324,0.3131593430390383,0.3131593430390383,True
20260719,M1,case_td003_pa050_pp0_3_gamma_010__steady,random,7,3.3381424110335596,0.13430427595046635,0.05882179203239535,1.2430773036268263,0.11302466793990991,0.07067849457287324,0.7621728083814082,0.3131593430390383,True
20260719,M1,case_td003_pa050_pp0_3_gamma_010__steady,random,8,2.2088755620229668,0.08005870849694514,0.09983617588711843,2.2088755620229668,0.08005870849694514,0.09983617588711843,0.07070873316396169,0.07070873316396169,True
20260719,M1,case_td003_pa050_pp0_3_gamma_010__steady,random,9,1.0491116652186765,0.1889949306967666,0.08790629125530022,2.2088755620229668,0.08005870849694514,0.09983617588711843,0.24006744840654784,0.07070873316396169,True
20260719,M1,case_td003_pa050_pp0_3_gamma_010__steady,random,10,4.840676181282388,0.15184819148564443,0.08935238176248268,2.2088755620229668,0.08005870849694514,0.09983617588711843,1.439067892896062,0.07070873316396169,True
20260719,M1,case_td003_pa050_pp0_3_gamma_010__steady,random,11,1.277900093251413,0.08178287245528817,0.06793927163495014,2.2088755620229668,0.08005870849694514,0.09983617588711843,0.39735523517223054,0.07070873316396169,True
20260719,M1,case_td003_pa050_pp0_3_gamma_010__steady,random,12,1.8554822398102773,0.16821719925291306,0.04894944644048533,2.2088755620229668,0.08005870849694514,0.09983617588711843,0.16695835788574379,0.07070873316396169,True
20260719,M1,case_td003_pa050_pp0_3_gamma_010__steady,random,13,4.586314117330403,0.14493714183319537,0.0811531703666053,2.2088755620229668,0.08005870849694514,0.09983617588711843,1.3073190832954311,0.07070873316396169,True
20260719,M1,case_td003_pa050_pp0_3_gamma_010__steady,random,14,4.440887697107645,0.14209457707267925,0.07243284185739854,2.2088755620229668,0.08005870849694514,0.09983617588711843,1.2377256561619812,0.07070873316396169,True
20260719,M1,case_td003_pa050_pp0_3_gamma_010__steady,random,15,2.0457941719301473,0.06851514835609962,0.0478193876239977,2.2088755620229668,0.08005870849694514,0.09983617588711843,0.18762433223051123,0.07070873316396169,True
20260719,M1,case_td003_pa050_pp0_3_gamma_010__steady,random,16,4.742525201695573,0.10554427703075189,0.07804538325318125,2.2088755620229668,0.08005870849694514,0.09983617588711843,1.0294043589183355,0.07070873316396169,True
20260719,M1,case_td003_pa050_pp0_3_gamma_010__steady,random,17,1.1150079372557395,0.07054209970949019,0.06862997584049282,2.2088755620229668,0.08005870849694514,0.09983617588711843,0.489072915752571,0.07070873316396169,True
20260719,M1,case_td003_pa050_pp0_3_gamma_010__steady,random,18,4.768427979236791,0.19827871885934195,0.09837175698021267,2.2088755620229668,0.08005870849694514,0.09983617588711843,1.6892342827500637,0.07070873316396169,True
20260719,M1,case_td003_pa050_pp0_3_gamma_010__steady,random,19,2.60357931321533,0.13162573196514019,0.0547053377742182,2.2088755620229668,0.08005870849694514,0.09983617588711843,0.41413534866645324,0.07070873316396169,True
20260719,M1,case_td003_pa050_pp0_3_gamma_010__steady,random,20,3.7095989263607096,0.09302125992583336,0.04533624194360779,2.2088755620229668,0.08005870849694514,0.09983617588711843,0.601781083026935,0.07070873316396169,True
20260719,M1,case_td003_pa050_pp0_3_gamma_010__steady,random,21,1.8271084990409445,0.07517883704586706,0.06418218460831375,2.2088755620229668,0.08005870849694514,0.09983617588711843,0.2273148559018233,0.07070873316396169,True
20260719,M1,case_td003_pa050_pp0_3_gamma_010__steady,random,22,4.344173842254037,0.15021886538516938,0.07016584640287467,2.2088755620229668,0.08005870849694514,0.09983617588711843,1.2586665552370266,0.07070873316396169,True
20260719,M1,case_td003_pa050_pp0_3_gamma_010__steady,random,23,2.9605292499479416,0.13692135988158985,0.07119818012021141,2.2088755620229668,0.08005870849694514,0.09983617588711843,0.6110510221144333,0.07070873316396169,True
20260719,M1,case_td003_pa050_pp0_3_gamma_010__steady,random,24,3.8366456260303528,0.11446668284840666,0.07306890156357282,2.2088755620229668,0.08005870849694514,0.09983617588711843,0.8237296355083781,0.07070873316396169,True
20260719,M1,case_td003_pa050_pp0_3_gamma_010__steady,random,25,4.592521891670296,0.07576777104936824,0.05929446664013123,2.2088755620229668,0.08005870849694514,0.09983617588711843,0.6908200593667616,0.07070873316396169,True
20260719,M1,case_td003_pa050_pp0_3_gamma_010__steady,random,26,1.1161081687671173,0.14320795011697646,0.07265268840339623,2.2088755620229668,0.08005870849694514,0.09983617588711843,0.29652819784897605,0.07070873316396169,True
20260719,M1,case_td003_pa050_pp0_3_gamma_010__steady,random,27,3.857331635094514,0.14767520657919259,0.08518185139691309,2.2088755620229668,0.08005870849694514,0.09983617588711843,1.0596815714074272,0.07070873316396169,True
20260719,M1,case_td003_pa050_pp0_3_gamma_010__steady,random,28,2.8588823976377506,0.07374592281564352,0.04501792456086836,2.2088755620229668,0.08005870849694514,0.09983617588711843,0.15635106385901915,0.07070873316396169,True
20260719,M1,case_td003_pa050_pp0_3_gamma_010__steady,random,29,1.3698093073843092,0.18848331534380303,0.09744204428266073,2.2088755620229668,0.08005870849694514,0.09983617588711843,0.08949355240995333,0.07070873316396169,True
20260719,M1,case_td003_pa050_pp0_3_gamma_010__steady,random,30,3.562114684078684,0.1454940025487505,0.09349538109604831,2.2088755620229668,0.08005870849694514,0.09983617588711843,0.9262910492238721,0.07070873316396169,True
20260719,M1,case_td003_pa050_pp0_3_gamma_010__steady,random,31,2.4704480758684855,0.1090471120468687,0.08372290486295764,2.2088755620229668,0.08005870849694514,0.09983617588711843,0.24076998968112281,0.07070873316396169,True
20260719,M1,case_td003_pa050_pp0_3_gamma_010__steady,random,32,2.8671646078884145,0.18398636826831205,0.07338312829457182,2.2088755620229668,0.08005870849694514,0.09983617588711843,0.768151302922594,0.07070873316396169,True
20260719,M1,case_td003_pa050_pp0_3_gamma_010__steady,random,33,4.097383384142953,0.10135245111703628,0.05302192550372919,2.2088755620229668,0.08005870849694514,0.09983617588711843,0.8004351765413926,0.07070873316396169,True
20260719,M1,case_td003_pa050_pp0_3_gamma_010__steady,random,34,3.6826698106904057,0.13284375146959004,0.04591995741809257,2.2088755620229668,0.08005870849694514,0.09983617588711843,0.8921961533103592,0.07070873316396169,True
20260719,M1,case_td003_pa050_pp0_3_gamma_010__steady,random,35,4.767665279952965,0.1880549952277198,0.09766013241409043,2.2088755620229668,0.08005870849694514,0.09983617588711843,1.6366139804037427,0.07070873316396169,True
20260719,M1,case_td003_pa050_pp0_3_gamma_010__steady,random,36,3.191021915267502,0.07706951042946253,0.06794355786006545,2.2088755620229668,0.08005870849694514,0.09983617588711843,0.2964843384886464,0.07070873316396169,True
20260719,M1,case_td003_pa050_pp0_3_gamma_010__steady,random,37,2.468422590716809,0.18111150802310655,0.0692689363078988,2.2088755620229668,0.08005870849694514,0.09983617588711843,0.5433859776271871,0.07070873316396169,True
20260719,M1,case_td003_pa050_pp0_3_gamma_010__steady,random,38,1.5567470782202126,0.09849766474368105,0.07969650393247202,2.2088755620229668,0.08005870849694514,0.09983617588711843,0.22869618638500058,0.07070873316396169,True
20260719,M1,case_td003_pa050_pp0_3_gamma_010__steady,random,39,4.362535296941147,0.18880178915454965,0.04033073677088334,2.2088755620229668,0.08005870849694514,0.09983617588711843,1.4766630134181116,0.07070873316396169,True
20260719,M1,case_td003_pa050_pp0_3_gamma_010__steady,random,40,4.1164234611145165,0.06665376169419555,0.08625282589770486,2.2088755620229668,0.08005870849694514,0.09983617588711843,0.4759149700409162,0.07070873316396169,True
20260719,M1,case_td003_pa050_pp0_3_gamma_010__steady,random,41,1.9893835784036673,0.0712988212119955,0.0809661068724373,2.2088755620229668,0.08005870849694514,0.09983617588711843,0.18809375358806274,0.07070873316396169,True
20260719,M1,case_td003_pa050_pp0_3_gamma_010__steady,random,42,4.662119247138023,0.151862103936236,0.06530315766852764,2.2088755620229668,0.08005870849694514,0.09983617588711843,1.3792236746372304,0.07070873316396169,True
20260719,M1,case_td003_pa050_pp0_3_gamma_010__steady,random,43,4.337299724236474,0.11332771489849772,0.09869674511036611,2.2088755620229668,0.08005870849694514,0.09983617588711843,0.9812339995670973,0.07070873316396169,True
20260719,M1,case_td003_pa050_pp0_3_gamma_010__steady,random,44,2.220454022386663,0.0876206356378185,0.056017023432663834,2.220454022386663,0.0876206356378185,0.056017023432663834,0.05512018331455809,0.05512018331455809,True
20260719,M1,case_td003_pa050_pp0_3_gamma_010__steady,random,45,4.866222762521847,0.1892033772689009,0.09293861735595109,2.220454022386663,0.0876206356378185,0.056017023432663834,1.6781373607136933,0.05512018331455809,True
20260719,M1,case_td003_pa050_pp0_3_gamma_010__steady,random,46,3.6275655570316303,0.1605732393469978,0.04945137645047405,2.220454022386663,0.0876206356378185,0.056017023432663834,1.0300047514074677,0.05512018331455809,True
20260719,M1,case_td003_pa050_pp0_3_gamma_010__steady,random,47,1.2973510429835526,0.166950170465766,0.05666573817655015,2.220454022386663,0.0876206356378185,0.056017023432663834,0.16381223816941137,0.05512018331455809,True
20260719,M1,case_td003_pa050_pp0_3_gamma_010__steady,random,48,2.1064513268286658,0.11079946545290027,0.04848946281391987,2.220454022386663,0.0876206356378185,0.056017023432663834,0.09231676527669586,0.05512018331455809,True
20260719,M1,case_td003_pa050_pp0_3_gamma_010__steady,random,49,3.40791378594147,0.11080047198620782,0.06452067125683054,2.220454022386663,0.0876206356378185,0.056017023432663834,0.6374546068608645,0.05512018331455809,True
20260719,M1,case_td003_pa050_pp0_3_gamma_010__steady,random,50,3.5441195652942064,0.14587274870651856,0.08274676634651333,2.220454022386663,0.0876206356378185,0.056017023432663834,0.9200512056791608,0.05512018331455809,True
20260719,M1,case_td003_pa050_pp0_3_gamma_010__steady,random,51,2.45304207402193,0.08665054560623564,0.09850368767558877,2.220454022386663,0.0876206356378185,0.056017023432663834,0.10776130777490907,0.05512018331455809,True
20260719,M1,case_td003_pa050_pp0_3_gamma_010__steady,random,52,2.141984564243788,0.07006342154307815,0.07808292942577329,2.220454022386663,0.0876206356378185,0.056017023432663834,0.14285648262776326,0.05512018331455809,True
20260719,M1,case_td003_pa050_pp0_3_gamma_010__steady,random,53,3.1040111062217943,0.09243011139136234,0.05912722979011598,2.220454022386663,0.0876206356378185,0.056017023432663834,0.38621515603901646,0.05512018331455809,True
20260719,M1,case_td003_pa050_pp0_3_gamma_010__steady,random,54,3.9808241520509915,0.17762944280450188,0.045945793691250986,2.220454022386663,0.0876206356378185,0.056017023432663834,1.2663261775171049,0.05512018331455809,True
20260719,M1,case_td003_pa050_pp0_3_gamma_010__steady,random,55,1.4967121468804696,0.07750885372580854,0.04585761037589901,2.220454022386663,0.0876206356378185,0.056017023432663834,0.33813316772361535,0.05512018331455809,True
20260719,M1,case_td003_pa050_pp0_3_gamma_010__steady,random,56,4.930593026723149,0.14261366607838027,0.0980042983358709,2.220454022386663,0.0876206356378185,0.056017023432663834,1.3989635119817136,0.05512018331455809,True
20260719,M1,case_td003_pa050_pp0_3_gamma_010__steady,random,57,4.1721906024391515,0.09544602713115223,0.08190528275880102,2.220454022386663,0.0876206356378185,0.056017023432663834,0.7727596467486046,0.05512018331455809,True
20260719,M1,case_td003_pa050_pp0_3_gamma_010__steady,random,58,2.4315180640915255,0.11889042507045734,0.09866796301874091,2.220454022386663,0.0876206356378185,0.056017023432663834,0.27647015179559425,0.05512018331455809,True
20260719,M1,case_td003_pa050_pp0_3_gamma_010__steady,random,59,1.6504114394969447,0.08399705577127087,0.06927187847870969,2.220454022386663,0.0876206356378185,0.056017023432663834,0.2512467200031384,0.05512018331455809,True
20260719,M1,case_td003_pa050_pp0_3_gamma_010__steady,random,60,3.3573480130371403,0.05879767221708739,0.09044936394977998,2.220454022386663,0.0876206356378185,0.056017023432663834,0.19178833939925372,0.05512018331455809,True
20260719,M1,case_td003_pa050_pp0_3_gamma_010__steady,random,61,1.4980443536097816,0.18953869470021073,0.09874201655737996,2.220454022386663,0.0876206356378185,0.056017023432663834,0.06920386361741185,0.05512018331455809,True
20260719,M1,case_td003_pa050_pp0_3_gamma_010__steady,random,62,3.5354129271900705,0.18087579549895977,0.0765761183477994,2.220454022386663,0.0876206356378185,0.056017023432663834,1.0885549797931287,0.05512018331455809,True
20260719,M1,case_td003_pa050_pp0_3_gamma_010__steady,random,63,1.258643537661459,0.13360817263882324,0.054449123424419966,2.220454022386663,0.0876206356378185,0.056017023432663834,0.25532715020324165,0.05512018331455809,True
20260719,M1,case_td003_pa050_pp0_3_gamma_010__steady,random,64,4.825613685073589,0.10205970749349477,0.06824934024497174,2.220454022386663,0.0876206356378185,0.056017023432663834,1.017864811597408,0.05512018331455809,True
20260719,M1,case_td003_pa050_pp0_3_gamma_010__steady,random,65,1.640153506295769,0.12060049851541155,0.08518617492353822,2.220454022386663,0.0876206356378185,0.056017023432663834,0.11812422171250042,0.05512018331455809,True
20260719,M1,case_td003_pa050_pp0_3_gamma_010__steady,random,66,3.670326150084384,0.10577094264774957,0.0649357532995742,2.220454022386663,0.0876206356378185,0.056017023432663834,0.6962379824237107,0.05512018331455809,True
20260719,M1,case_td003_pa050_pp0_3_gamma_010__steady,random,67,1.2646013980653814,0.09847364844371408,0.0739538159497275,2.220454022386663,0.0876206356378185,0.056017023432663834,0.34670953416520556,0.05512018331455809,True
20260719,M1,case_td003_pa050_pp0_3_gamma_010__steady,random,68,3.6092166936815975,0.131192995272588,0.0952487534895079,2.220454022386663,0.0876206356378185,0.056017023432663834,0.8582838836092237,0.05512018331455809,True
20260719,M1,case_td003_pa050_pp0_3_gamma_010__steady,random,69,1.2849591904116133,0.13817896968075083,0.08192040362979366,2.220454022386663,0.0876206356378185,0.056017023432663834,0.22912809026114156,0.05512018331455809,True
20260719,M1,case_td003_pa050_pp0_3_gamma_010__steady,random,70,3.4667079819047357,0.13383709090363693,0.059099068820877114,2.220454022386663,0.0876206356378185,0.056017023432663834,0.8134955539261264,0.05512018331455809,True
20260719,M1,case_td003_pa050_pp0_3_gamma_010__steady,random,71,1.7202356461617598,0.129076184089014,0.040925712830651835,2.220454022386663,0.0876206356378185,0.056017023432663834,0.07220381819071628,0.05512018331455809,True
20260719,M1,case_td003_pa050_pp0_3_gamma_010__steady,random,72,3.4030489718033703,0.1797094411696039,0.07698516182174436,2.220454022386663,0.0876206356378185,0.056017023432663834,1.0211452160096637,0.05512018331455809,True
20260719,M1,case_td003_pa050_pp0_3_gamma_010__steady,random,73,4.274654850147006,0.1947818785357604,0.07536058592668593,2.220454022386663,0.0876206356378185,0.056017023432663834,1.4760673874139212,0.05512018331455809,True
20260719,M1,case_td003_pa050_pp0_3_gamma_010__steady,random,74,4.916078454814981,0.12200595692020703,0.09036157578767223,2.220454022386663,0.0876206356378185,0.056017023432663834,1.2263777837096743,0.05512018331455809,True
20260719,M1,case_td003_pa050_pp0_3_gamma_010__steady,random,75,2.1444769953800895,0.145935331278366,0.07781117752516377,2.220454022386663,0.0876206356378185,0.056017023432663834,0.2511813346527208,0.05512018331455809,True
20260719,M1,case_td003_pa050_pp0_3_gamma_010__steady,random,76,1.07886225149795,0.13305412386108,0.09517475085670907,2.220454022386663,0.0876206356378185,0.056017023432663834,0.33222412445617333,0.05512018331455809,True
20260719,M1,case_td003_pa050_pp0_3_gamma_010__steady,random,77,1.4171933398375152,0.17352164261756575,0.09281612873663354,2.220454022386663,0.0876206356378185,0.056017023432663834,0.09411716475213269,0.05512018331455809,True
20260719,M1,case_td003_pa050_pp0_3_gamma_010__steady,random,78,2.7917282833109973,0.16048485028605364,0.09821911115276838,2.220454022386663,0.0876206356378185,0.056017023432663834,0.6422105554482629,0.05512018331455809,True
20260719,M1,case_td003_pa050_pp0_3_gamma_010__steady,random,79,1.2293357088527297,0.1476935272585535,0.09782234595207312,2.220454022386663,0.0876206356378185,0.056017023432663834,0.2319015582223299,0.05512018331455809,True
20260719,M1,case_td003_pa050_pp0_3_gamma_010__steady,random,80,1.526232511653637,0.056087644668423774,0.08196780602062363,2.220454022386663,0.0876206356378185,0.056017023432663834,0.4176206977858418,0.05512018331455809,True
20260719,M1,case_td003_pa050_pp0_3_gamma_010__steady,random,81,1.0274933210630794,0.057709573232762025,0.0792212239119117,2.220454022386663,0.0876206356378185,0.056017023432663834,0.5545051391004376,0.05512018331455809,True
20260719,M1,case_td003_pa050_pp0_3_gamma_010__steady,random,82,4.420677168943916,0.13217130816964578,0.05649235881308736,2.220454022386663,0.0876206356378185,0.056017023432663834,1.1566854063386087,0.05512018331455809,True
20260719,M1,case_td003_pa050_pp0_3_gamma_010__steady,random,83,2.6206265976791743,0.15400114633716822,0.060934173506535086,2.220454022386663,0.0876206356378185,0.056017023432663834,0.5235514234587871,0.05512018331455809,True
20260719,M1,case_td003_pa050_pp0_3_gamma_010__steady,random,84,3.69603629961712,0.0634145919819699,0.046539078597864575,2.220454022386663,0.0876206356378185,0.056017023432663834,0.3263803406997337,0.05512018331455809,True
20260719,M1,case_td003_pa050_pp0_3_gamma_010__steady,random,85,4.90538734422905,0.19473119086345508,0.04660936099510452,2.220454022386663,0.0876206356378185,0.056017023432663834,1.714747663021009,0.05512018331455809,True
20260719,M1,case_td003_pa050_pp0_3_gamma_010__steady,random,86,1.4223184054559574,0.16409422697524056,0.04684160266438149,2.220454022386663,0.0876206356378185,0.056017023432663834,0.11280834108635329,0.05512018331455809,True
20260719,M1,case_td003_pa050_pp0_3_gamma_010__steady,random,87,4.200297163142556,0.19271099580591083,0.06927016516154767,2.220454022386663,0.0876206356378185,0.056017023432663834,1.4346804672645646,0.05512018331455809,True
20260719,M1,case_td003_pa050_pp0_3_gamma_010__steady,random,88,3.566575495652658,0.1769641213064289,0.07970753912903475,2.220454022386663,0.0876206356378185,0.056017023432663834,1.086303395137476,0.05512018331455809,True
20260719,M1,case_td003_pa050_pp0_3_gamma_010__steady,random,89,4.9392874121683485,0.16033621091774763,0.061301471882947246,2.220454022386663,0.0876206356378185,0.056017023432663834,1.5266999741625107,0.05512018331455809,True
20260719,M1,case_td003_pa050_pp0_3_gamma_010__steady,random,90,4.777471126584588,0.19376257863488155,0.07167377539736289,2.220454022386663,0.0876206356378185,0.056017023432663834,1.667837953717215,0.05512018331455809,True
20260719,M1,case_td003_pa050_pp0_3_gamma_010__steady,random,91,1.3747485186148771,0.11359599338477772,0.08465589457154886,2.220454022386663,0.0876206356378185,0.056017023432663834,0.2540345637898032,0.05512018331455809,True
20260719,M1,case_td003_pa050_pp0_3_gamma_010__steady,random,92,4.025419221019044,0.19413346472561815,0.054070433904992304,2.220454022386663,0.0876206356378185,0.056017023432663834,1.3631610514621642,0.05512018331455809,True
20260719,M1,case_td003_pa050_pp0_3_gamma_010__steady,random,93,2.165871142777351,0.1902441800097835,0.09148832820225669,2.220454022386663,0.0876206356378185,0.056017023432663834,0.405984463571727,0.05512018331455809,True
20260719,M1,case_td003_pa050_pp0_3_gamma_010__steady,random,94,2.135381880447234,0.12973376344108262,0.0519325447209545,2.220454022386663,0.0876206356378185,0.056017023432663834,0.18101909007088782,0.05512018331455809,True
20260719,M1,case_td003_pa050_pp0_3_gamma_010__steady,random,95,4.756268057962086,0.18015237645617405,0.0919429623158067,2.220454022386663,0.0876206356378185,0.056017023432663834,1.589163920874305,0.05512018331455809,True
20260719,M1,case_td003_pa050_pp0_3_gamma_010__steady,random,96,4.653336152662874,0.1820027657222401,0.07441157006229865,2.220454022386663,0.0876206356378185,0.056017023432663834,1.5606620005164533,0.05512018331455809,True
20260719,M1,case_td003_pa050_pp0_3_gamma_010__steady,random,97,3.391332591840128,0.12227030407912243,0.047695499074222096,2.220454022386663,0.0876206356378185,0.056017023432663834,0.7071786870731523,0.05512018331455809,True
20260719,M1,case_td003_pa050_pp0_3_gamma_010__steady,random,98,1.929691255794126,0.0936862979217466,0.0429281033463267,2.220454022386663,0.0876206356378185,0.056017023432663834,0.10568661880525083,0.05512018331455809,True
20260719,M1,case_td003_pa050_pp0_3_gamma_010__steady,random,99,4.709834620268296,0.07064453146502506,0.08975853558608562,2.220454022386663,0.0876206356378185,0.056017023432663834,0.6651314737610182,0.05512018331455809,True
20260719,M1,case_td003_pa050_pp0_3_gamma_010__steady,random,100,1.8628473221666835,0.1571719034132361,0.09471578192786478,2.220454022386663,0.0876206356378185,0.056017023432663834,0.14742059076995478,0.05512018331455809,True
20260719,M2,case_td016_pp0_1_gamma_007__steady,cmaes,1,3.0,0.125,0.07,3.0,0.125,0.07,1.7278961645927335,1.7278961645927335,True
20260719,M2,case_td016_pp0_1_gamma_007__steady,cmaes,2,2.309718796923967,0.14444991405553861,0.047303920612024215,2.309718796923967,0.14444991405553861,0.047303920612024215,1.3115688705866233,1.3115688705866233,True
20260719,M2,case_td016_pp0_1_gamma_007__steady,cmaes,3,1.5647959748304545,0.18368612604474233,0.07099371036021056,1.5647959748304545,0.18368612604474233,0.07099371036021056,0.8302965258945921,0.8302965258945921,True
20260719,M2,case_td016_pp0_1_gamma_007__steady,cmaes,4,3.330525667466902,0.09706529994123778,0.054750674541199376,1.5647959748304545,0.18368612604474233,0.07099371036021056,1.6237521422505439,0.8302965258945921,True
20260719,M2,case_td016_pp0_1_gamma_007__steady,cmaes,5,2.7727907691908307,0.1793984549075327,0.05755719073434784,1.5647959748304545,0.18368612604474233,0.07099371036021056,1.97247455086653,0.8302965258945921,True
20260719,M2,case_td016_pp0_1_gamma_007__steady,cmaes,6,3.6693343492327894,0.13308783612094938,0.07659729626686589,1.5647959748304545,0.18368612604474233,0.07099371036021056,2.3077465287379852,0.8302965258945921,True
20260719,M2,case_td016_pp0_1_gamma_007__steady,cmaes,7,3.594215848084879,0.14411026285735098,0.09170691434119327,1.5647959748304545,0.18368612604474233,0.07099371036021056,2.375255761470164,0.8302965258945921,True
20260719,M2,case_td016_pp0_1_gamma_007__steady,cmaes,8,4.021518397918754,0.1402365466167298,0.07144751094227382,1.5647959748304545,0.18368612604474233,0.07099371036021056,2.6270766511049217,0.8302965258945921,True
20260719,M2,case_td016_pp0_1_gamma_007__steady,cmaes,9,3.239288595102835,0.15888184465505806,0.07041929369596539,1.5647959748304545,0.18368612604474233,0.07099371036021056,2.2337627013996935,0.8302965258945921,True
20260719,M2,case_td016_pp0_1_gamma_007__steady,cmaes,10,2.363725663791551,0.10293177484545171,0.07856548463878868,1.5647959748304545,0.18368612604474233,0.07099371036021056,1.0165193844361469,0.8302965258945921,True
20260719,M2,case_td016_pp0_1_gamma_007__steady,cmaes,11,2.127599766687426,0.1334982890160642,0.08096301891713678,1.5647959748304545,0.18368612604474233,0.07099371036021056,1.080854158098425,0.8302965258945921,True
20260719,M2,case_td016_pp0_1_gamma_007__steady,cmaes,12,1.9485177852544264,0.11405854491246847,0.0534457347069784,1.9485177852544264,0.11405854491246847,0.0534457347069784,0.780710595424401,0.780710595424401,True
20260719,M2,case_td016_pp0_1_gamma_007__steady,cmaes,13,2.414836397518472,0.12010405081484977,0.05719575053054417,1.9485177852544264,0.11405854491246847,0.0534457347069784,1.2121547824718504,0.780710595424401,True
20260719,M2,case_td016_pp0_1_gamma_007__steady,cmaes,14,1.5934746882042012,0.1452662817622512,0.06784243127798159,1.5934746882042012,0.1452662817622512,0.06784243127798159,0.6762368734013089,0.6762368734013089,True
20260719,M2,case_td016_pp0_1_gamma_007__steady,cmaes,15,3.047956449391076,0.16626543476665606,0.05270180206066713,1.5934746882042012,0.1452662817622512,0.06784243127798159,2.1260163513950814,0.6762368734013089,True
20260719,M2,case_td016_pp0_1_gamma_007__steady,cmaes,16,2.3880433191378723,0.1877434732604079,0.09372278590050079,1.5934746882042012,0.1452662817622512,0.06784243127798159,1.6634233726335979,0.6762368734013089,True
20260719,M2,case_td016_pp0_1_gamma_007__steady,cmaes,17,2.6079788021360875,0.1765991674640648,0.0655690705697991,1.5934746882042012,0.1452662817622512,0.06784243127798159,1.8037283546796359,0.6762368734013089,True
20260719,M2,case_td016_pp0_1_gamma_007__steady,cmaes,18,2.7780552703151002,0.18864241596552467,0.06119363481946691,1.5934746882042012,0.1452662817622512,0.06784243127798159,2.0358920276316717,0.6762368734013089,True
20260719,M2,case_td016_pp0_1_gamma_007__steady,cmaes,19,3.0184818356834295,0.17061869905023785,0.08437477274477875,1.5934746882042012,0.1452662817622512,0.06784243127798159,2.1399700963447237,0.6762368734013089,True
20260719,M2,case_td016_pp0_1_gamma_007__steady,cmaes,20,2.7625650942489877,0.11803283030809596,0.06994651698444776,1.5934746882042012,0.1452662817622512,0.06784243127798159,1.4730667157697084,0.6762368734013089,True
20260719,M2,case_td016_pp0_1_gamma_007__steady,cmaes,21,2.4241968711057784,0.10667286559423,0.049702471420392524,1.5934746882042012,0.1452662817622512,0.06784243127798159,1.0927147953016565,0.6762368734013089,True
20260719,M2,case_td016_pp0_1_gamma_007__steady,cmaes,22,2.220229735579193,0.14140605906460066,0.08276803297193133,1.5934746882042012,0.1452662817622512,0.06784243127798159,1.218733190032528,0.6762368734013089,True
20260719,M2,case_td016_pp0_1_gamma_007__steady,cmaes,23,1.9557746693829137,0.17653603309995936,0.06577944880936144,1.5934746882042012,0.1452662817622512,0.06784243127798159,1.1764819692769881,0.6762368734013089,True
20260719,M2,case_td016_pp0_1_gamma_007__steady,cmaes,24,1.4189816420337416,0.152447998843669,0.04130687832552553,1.4189816420337416,0.152447998843669,0.04130687832552553,0.550386213362587,0.550386213362587,True
20260719,M2,case_td016_pp0_1_gamma_007__steady,cmaes,25,1.7490701739760173,0.16611419468488048,0.07135272078929955,1.4189816420337416,0.152447998843669,0.04130687832552553,0.925713622473058,0.550386213362587,True
20260719,M2,case_td016_pp0_1_gamma_007__steady,cmaes,26,2.5835545804491495,0.08630233366971765,0.0811866402144159,1.4189816420337416,0.152447998843669,0.04130687832552553,0.9961545644007663,0.550386213362587,True
20260719,M2,case_td016_pp0_1_gamma_007__steady,cmaes,27,1.1446338984997673,0.08971474451426315,0.09097684002537336,1.1446338984997673,0.08971474451426315,0.09097684002537336,0.053665294754385404,0.053665294754385404,True
20260719,M2,case_td016_pp0_1_gamma_007__steady,cmaes,28,1.1102869459228395,0.1549565069204637,0.06998690260965257,1.1446338984997673,0.08971474451426315,0.09097684002537336,0.30120333029659524,0.053665294754385404,True
20260719,M2,case_td016_pp0_1_gamma_007__steady,cmaes,29,1.3545405036423555,0.15583111628335636,0.073691733233339,1.1446338984997673,0.08971474451426315,0.09097684002537336,0.514759880730871,0.053665294754385404,True
20260719,M2,case_td016_pp0_1_gamma_007__steady,cmaes,30,2.0813610903031643,0.0890430059673756,0.07488288543709576,1.1446338984997673,0.08971474451426315,0.09097684002537336,0.673724197910276,0.053665294754385404,True
20260719,M2,case_td016_pp0_1_gamma_007__steady,cmaes,31,2.3812019796019848,0.10172534202573813,0.06148666660428924,1.1446338984997673,0.08971474451426315,0.09097684002537336,1.0144039537459384,0.053665294754385404,True
20260719,M2,case_td016_pp0_1_gamma_007__steady,cmaes,32,2.009281915882535,0.11391822218806966,0.07625183203633727,1.1446338984997673,0.08971474451426315,0.09097684002537336,0.8338851710175388,0.053665294754385404,True
20260719,M2,case_td016_pp0_1_gamma_007__steady,cmaes,33,1.4082417296640095,0.11222047739651092,0.07329991806293636,1.1446338984997673,0.08971474451426315,0.09097684002537336,0.34482588200035896,0.053665294754385404,True
20260719,M2,case_td016_pp0_1_gamma_007__steady,cmaes,34,1.644823790263857,0.10977613411837961,0.0715226543268801,1.1446338984997673,0.08971474451426315,0.09097684002537336,0.5121369176410355,0.053665294754385404,True
20260719,M2,case_td016_pp0_1_gamma_007__steady,cmaes,35,1.8058625732434597,0.08753168680358545,0.05356167768811006,1.1446338984997673,0.08971474451426315,0.09097684002537336,0.4614234716295026,0.053665294754385404,True
20260719,M2,case_td016_pp0_1_gamma_007__steady,cmaes,36,1.1205330999632444,0.12009938758899145,0.06704684306965576,1.1446338984997673,0.08971474451426315,0.09097684002537336,0.1689125695431219,0.053665294754385404,True
20260719,M2,case_td016_pp0_1_gamma_007__steady,cmaes,37,1.0556469104252508,0.09285131332450053,0.08815751436610539,1.0556469104252508,0.09285131332450053,0.08815751436610539,0.044486142733604794,0.044486142733604794,True
20260719,M2,case_td016_pp0_1_gamma_007__steady,cmaes,38,2.5624933698421595,0.08532807939144949,0.0546089685039252,1.0556469104252508,0.09285131332450053,0.08815751436610539,0.9651948509824233,0.044486142733604794,True
20260719,M2,case_td016_pp0_1_gamma_007__steady,cmaes,39,1.6577577547854403,0.13906762430691463,0.07142726341296288,1.0556469104252508,0.09285131332450053,0.08815751436610539,0.7007095899805422,0.044486142733604794,True
20260719,M2,case_td016_pp0_1_gamma_007__steady,cmaes,40,1.1545991787594887,0.09082203513255861,0.08406763430152414,1.0556469104252508,0.09285131332450053,0.08815751436610539,0.0612724449978304,0.044486142733604794,True
20260719,M2,case_td016_pp0_1_gamma_007__steady,cmaes,41,1.9128836105653177,0.07996024313315758,0.08145749741519488,1.0556469104252508,0.09285131332450053,0.08815751436610539,0.4740134512804574,0.044486142733604794,True
20260719,M2,case_td016_pp0_1_gamma_007__steady,cmaes,42,1.2607812670853193,0.1292231649085603,0.05114937173296917,1.0556469104252508,0.09285131332450053,0.08815751436610539,0.3133253673384998,0.044486142733604794,True
20260719,M2,case_td016_pp0_1_gamma_007__steady,cmaes,43,2.0149539429268506,0.11502202790559256,0.0678034729564753,1.0556469104252508,0.09285131332450053,0.08815751436610539,0.8454297725989808,0.044486142733604794,True
20260719,M2,case_td016_pp0_1_gamma_007__steady,cmaes,44,2.0817922396882143,0.12435293405611189,0.069586932219966,1.0556469104252508,0.09285131332450053,0.08815751436610539,0.972485410806164,0.044486142733604794,True
20260719,M2,case_td016_pp0_1_gamma_007__steady,cmaes,45,1.041916086204252,0.08810201951995059,0.06871359258214034,1.0556469104252508,0.09285131332450053,0.08815751436610539,0.0620426254397506,0.044486142733604794,True
20260719,M2,case_td016_pp0_1_gamma_007__steady,cmaes,46,1.6829700107583137,0.08540611061699044,0.07295728271686792,1.0556469104252508,0.09285131332450053,0.08815751436610539,0.3633137984818094,0.044486142733604794,True
20260719,M2,case_td016_pp0_1_gamma_007__steady,cmaes,47,1.6171191583414493,0.13688488916499497,0.08186837528431085,1.0556469104252508,0.09285131332450053,0.08815751436610539,0.6550237595838101,0.044486142733604794,True
20260719,M2,case_td016_pp0_1_gamma_007__steady,cmaes,48,1.2620315156431818,0.12388312307885994,0.06937821815247859,1.0556469104252508,0.09285131332450053,0.08815751436610539,0.2925180433939361,0.044486142733604794,True
20260719,M2,case_td016_pp0_1_gamma_007__steady,cmaes,49,1.0334848192857096,0.12645124540704528,0.08631554618044684,1.0556469104252508,0.09285131332450053,0.08815751436610539,0.1361111263419892,0.044486142733604794,True
20260719,M2,case_td016_pp0_1_gamma_007__steady,cmaes,50,1.2812561861199459,0.14208974422508264,0.05854521023213147,1.0556469104252508,0.09285131332450053,0.08815751436610539,0.38937576627546466,0.044486142733604794,True
20260719,M2,case_td016_pp0_1_gamma_007__steady,cmaes,51,1.068660148709377,0.12599263037166364,0.09593909242739379,1.0556469104252508,0.09285131332450053,0.08815751436610539,0.16058785326213362,0.044486142733604794,True
20260719,M2,case_td016_pp0_1_gamma_007__steady,cmaes,52,1.3756459071149507,0.08430660855589023,0.0762270258184432,1.0556469104252508,0.09285131332450053,0.08815751436610539,0.15307787515293989,0.044486142733604794,True
20260719,M2,case_td016_pp0_1_gamma_007__steady,cmaes,53,1.3270277397199675,0.07498311505233306,0.07741330020146028,1.0556469104252508,0.09285131332450053,0.08815751436610539,0.06906054343709413,0.044486142733604794,True
20260719,M2,case_td016_pp0_1_gamma_007__steady,cmaes,54,1.676416033201504,0.09613696321952098,0.06714026768329988,1.0556469104252508,0.09285131332450053,0.08815751436610539,0.43938671586325706,0.044486142733604794,True
20260719,M2,case_td016_pp0_1_gamma_007__steady,cmaes,55,1.0941450023513322,0.1004394270877321,0.06709345894173585,1.0556469104252508,0.09285131332450053,0.08815751436610539,0.06750314783556213,0.044486142733604794,True
20260719,M2,case_td016_pp0_1_gamma_007__steady,cmaes,56,1.8129802389072016,0.10389741483171842,0.07072813316011066,1.0556469104252508,0.09285131332450053,0.08815751436610539,0.6004302549855945,0.044486142733604794,True
20260719,M2,case_td016_pp0_1_gamma_007__steady,cmaes,57,1.1031210037984616,0.13045208054654656,0.06481990392068862,1.0556469104252508,0.09285131332450053,0.08815751436610539,0.19934351096229708,0.044486142733604794,True
20260719,M2,case_td016_pp0_1_gamma_007__steady,cmaes,58,1.0672463885018744,0.05144902431046025,0.08406420395329667,1.0556469104252508,0.09285131332450053,0.08815751436610539,0.23722206600928583,0.044486142733604794,True
20260719,M2,case_td016_pp0_1_gamma_007__steady,cmaes,59,1.0986238120925893,0.11739952743248235,0.0758580196800602,1.0556469104252508,0.09285131332450053,0.08815751436610539,0.1431969850585316,0.044486142733604794,True
20260719,M2,case_td016_pp0_1_gamma_007__steady,cmaes,60,1.1527656250857483,0.09077404711417289,0.06993163751304474,1.0556469104252508,0.09285131332450053,0.08815751436610539,0.05875574217688262,0.044486142733604794,True
20260719,M2,case_td016_pp0_1_gamma_007__steady,cmaes,61,1.6751207876112708,0.08238532425474296,0.06655094662345087,1.0556469104252508,0.09285131332450053,0.08815751436610539,0.3330470256975836,0.044486142733604794,True
20260719,M2,case_td016_pp0_1_gamma_007__steady,cmaes,62,1.5161473284314666,0.09929189522128035,0.05950763902540855,1.0556469104252508,0.09285131332450053,0.08815751436610539,0.34340216232839377,0.044486142733604794,True
20260719,M2,case_td016_pp0_1_gamma_007__steady,cmaes,63,1.5822068571570385,0.10679362510880909,0.06527690385681219,1.0556469104252508,0.09285131332450053,0.08815751436610539,0.4429310472041864,0.044486142733604794,True
20260719,M2,case_td016_pp0_1_gamma_007__steady,cmaes,64,1.8723093244099502,0.08223416117367321,0.07426997254711779,1.0556469104252508,0.09285131332450053,0.08815751436610539,0.46590915713300834,0.044486142733604794,True
20260719,M2,case_td016_pp0_1_gamma_007__steady,cmaes,65,1.1008866145815621,0.09738421810466344,0.0743038526074665,1.0556469104252508,0.09285131332450053,0.08815751436610539,0.06031245706521667,0.044486142733604794,True
20260719,M2,case_td016_pp0_1_gamma_007__steady,cmaes,66,1.5818168215585229,0.08691304936301568,0.08491062027713883,1.0556469104252508,0.09285131332450053,0.08815751436610539,0.3078507516046893,0.044486142733604794,True
20260719,M2,case_td016_pp0_1_gamma_007__steady,cmaes,67,1.6391816457430597,0.08598778156749529,0.07352525804600499,1.0556469104252508,0.09285131332450053,0.08815751436610539,0.3380908580576872,0.044486142733604794,True
20260719,M2,case_td016_pp0_1_gamma_007__steady,cmaes,68,1.44557856916652,0.13276968662643562,0.07953692941198542,1.0556469104252508,0.09285131332450053,0.08815751436610539,0.4864093714972135,0.044486142733604794,True
20260719,M2,case_td016_pp0_1_gamma_007__steady,cmaes,69,1.314723099632263,0.1017197330258832,0.07491572326725199,1.0556469104252508,0.09285131332450053,0.08815751436610539,0.21706854080589957,0.044486142733604794,True
20260719,M2,case_td016_pp0_1_gamma_007__steady,cmaes,70,1.2206743123082684,0.11751419163563824,0.06386457381394231,1.0556469104252508,0.09285131332450053,0.08815751436610539,0.22965938478021208,0.044486142733604794,True
20260719,M2,case_td016_pp0_1_gamma_007__steady,cmaes,71,1.9972680872582527,0.1091940905158465,0.07740884548327145,1.0556469104252508,0.09285131332450053,0.08815751436610539,0.787042257146127,0.044486142733604794,True
20260719,M2,case_td016_pp0_1_gamma_007__steady,cmaes,72,1.801883411885796,0.0992540421800081,0.08401832880128166,1.0556469104252508,0.09285131332450053,0.08815751436610539,0.5586683544121341,0.044486142733604794,True
20260719,M2,case_td016_pp0_1_gamma_007__steady,cmaes,73,1.4255972795246126,0.09855639962884216,0.0715614492118512,1.0556469104252508,0.09285131332450053,0.08815751436610539,0.275980846124771,0.044486142733604794,True
20260719,M2,case_td016_pp0_1_gamma_007__steady,cmaes,74,1.0734495257213306,0.09804674588632104,0.07723880735283768,1.0556469104252508,0.09285131332450053,0.08815751436610539,0.051646115375302656,0.044486142733604794,True
20260719,M2,case_td016_pp0_1_gamma_007__steady,cmaes,75,1.567216248710762,0.08468022194732969,0.06703735034324403,1.0556469104252508,0.09285131332450053,0.08815751436610539,0.27867281887113626,0.044486142733604794,True
20260719,M2,case_td016_pp0_1_gamma_007__steady,cmaes,76,1.257819593815122,0.1175150969623437,0.07065012818789215,1.0556469104252508,0.09285131332450053,0.08815751436610539,0.25855127301125475,0.044486142733604794,True
20260719,M2,case_td016_pp0_1_gamma_007__steady,cmaes,77,1.4118397514898846,0.08345151576938664,0.06700374385201598,1.0556469104252508,0.09285131332450053,0.08815751436610539,0.1688736244848881,0.044486142733604794,True
20260719,M2,case_td016_pp0_1_gamma_007__steady,cmaes,78,1.6390921375325442,0.09199838825713275,0.07238609550717698,1.0556469104252508,0.09285131332450053,0.08815751436610539,0.38298885689971934,0.044486142733604794,True
20260719,M2,case_td016_pp0_1_gamma_007__steady,cmaes,79,1.3740417764242823,0.0968901704322489,0.06739212599520691,1.0556469104252508,0.09285131332450053,0.08815751436610539,0.22888874796259204,0.044486142733604794,True
20260719,M2,case_td016_pp0_1_gamma_007__steady,cmaes,80,1.1033265728543182,0.12103681910678196,0.06277979491776961,1.0556469104252508,0.09285131332450053,0.08815751436610539,0.15995081149651913,0.044486142733604794,True
20260719,M2,case_td016_pp0_1_gamma_007__steady,cmaes,81,1.2548298179773691,0.10544025699770858,0.06516295440750469,1.0556469104252508,0.09285131332450053,0.08815751436610539,0.1937356938335856,0.044486142733604794,True
20260719,M2,case_td016_pp0_1_gamma_007__steady,cmaes,82,1.2576276959648798,0.10555722185227102,0.07024775641385574,1.0556469104252508,0.09285131332450053,0.08815751436610539,0.19717490343477703,0.044486142733604794,True
20260719,M2,case_td016_pp0_1_gamma_007__steady,cmaes,83,1.0910856411403675,0.11012108278626284,0.08216136727162685,1.0556469104252508,0.09285131332450053,0.08815751436610539,0.1078311291351171,0.044486142733604794,True
20260719,M2,case_td016_pp0_1_gamma_007__steady,cmaes,84,1.190499141150271,0.09493028180129576,0.07729714315880193,1.0556469104252508,0.09285131332450053,0.08815751436610539,0.09873791252580112,0.044486142733604794,True
20260719,M2,case_td016_pp0_1_gamma_007__steady,cmaes,85,1.0272021473225288,0.09881576753799062,0.07591096407473667,1.0272021473225288,0.09881576753799062,0.07591096407473667,0.04426231575676992,0.04426231575676992,True
20260719,M2,case_td016_pp0_1_gamma_007__steady,cmaes,86,1.4127896962321975,0.08168283696276658,0.06960497127223422,1.0272021473225288,0.09881576753799062,0.07591096407473667,0.1582399355006051,0.04426231575676992,True
20260719,M2,case_td016_pp0_1_gamma_007__steady,cmaes,87,1.1140895105297932,0.12089587613548892,0.07185613765639529,1.0272021473225288,0.09881576753799062,0.07591096407473667,0.16850304067962474,0.04426231575676992,True
20260719,M2,case_td016_pp0_1_gamma_007__steady,cmaes,88,1.1966252789145884,0.09865984342213702,0.07208889966885296,1.0272021473225288,0.09881576753799062,0.07591096407473667,0.12051751075025002,0.04426231575676992,True
20260719,M2,case_td016_pp0_1_gamma_007__steady,cmaes,89,1.1392193887545263,0.11280732099484975,0.07337842244837758,1.0272021473225288,0.09881576753799062,0.07591096407473667,0.15062346363117574,0.04426231575676992,True
20260719,M2,case_td016_pp0_1_gamma_007__steady,cmaes,90,1.1500773931626989,0.10974063444035503,0.07429830891617621,1.0272021473225288,0.09881576753799062,0.07591096407473667,0.14406708294153658,0.04426231575676992,True
20260719,M2,case_td016_pp0_1_gamma_007__steady,cmaes,91,1.0082713724798151,0.1162234509192815,0.07103574306729867,1.0272021473225288,0.09881576753799062,0.07591096407473667,0.07940568262747665,0.04426231575676992,True
20260719,M2,case_td016_pp0_1_gamma_007__steady,cmaes,92,1.207235949427864,0.09893370370095754,0.06733160093520811,1.0272021473225288,0.09881576753799062,0.07591096407473667,0.12798462125364538,0.04426231575676992,True
20260719,M2,case_td016_pp0_1_gamma_007__steady,cmaes,93,1.2381070087569024,0.10701665540747896,0.0632937257903741,1.0272021473225288,0.09881576753799062,0.07591096407473667,0.18989265694311477,0.04426231575676992,True
20260719,M2,case_td016_pp0_1_gamma_007__steady,cmaes,94,1.0622480314511975,0.1056723138966318,0.07318011431747826,1.0272021473225288,0.09881576753799062,0.07591096407473667,0.0714120100765085,0.04426231575676992,True
20260719,M2,case_td016_pp0_1_gamma_007__steady,cmaes,95,1.2040141529508217,0.09751339276121268,0.07511894221837354,1.0272021473225288,0.09881576753799062,0.07591096407473667,0.11984253250499731,0.04426231575676992,True
20260719,M2,case_td016_pp0_1_gamma_007__steady,cmaes,96,1.0590235565767172,0.09808098188935108,0.0753440805361869,1.0272021473225288,0.09881576753799062,0.07591096407473667,0.04736931180816106,0.04426231575676992,True
20260719,M2,case_td016_pp0_1_gamma_007__steady,cmaes,97,1.018100503634398,0.10283841587298216,0.07955985628691829,1.0272021473225288,0.09881576753799062,0.07591096407473667,0.04674944004863939,0.04426231575676992,True
20260719,M2,case_td016_pp0_1_gamma_007__steady,cmaes,98,1.167320773712035,0.09090665054022135,0.08635508639557365,1.0272021473225288,0.09881576753799062,0.07591096407473667,0.06799606640093885,0.04426231575676992,True
20260719,M2,case_td016_pp0_1_gamma_007__steady,cmaes,99,1.1508433476881939,0.11544706157449526,0.0638290715533155,1.0272021473225288,0.09881576753799062,0.07591096407473667,0.16927196613616285,0.04426231575676992,True
20260719,M2,case_td016_pp0_1_gamma_007__steady,cmaes,100,1.2582652480844583,0.10080261270347939,0.07744596616502594,1.0272021473225288,0.09881576753799062,0.07591096407473667,0.17336941693135224,0.04426231575676992,True
20260719,M2,case_td016_pp0_1_gamma_007__steady,tpe,1,3.0,0.125,0.07,3.0,0.125,0.07,1.7278961645927335,1.7278961645927335,True
20260719,M2,case_td016_pp0_1_gamma_007__steady,tpe,2,2.6006377805644707,0.05672031544366225,0.06170123140317173,2.6006377805644707,0.05672031544366225,0.06170123140317173,0.6349260256677999,0.6349260256677999,True
20260719,M2,case_td016_pp0_1_gamma_007__steady,tpe,3,3.4853445072597085,0.19794050241709282,0.08970988881850256,2.6006377805644707,0.05672031544366225,0.06170123140317173,2.734453486579118,0.6349260256677999,True
20260719,M2,case_td016_pp0_1_gamma_007__steady,tpe,4,1.9970704004303768,0.05100368262317501,0.0660399064940572,1.9970704004303768,0.05100368262317501,0.0660399064940572,0.24069909843944792,0.24069909843944792,True
20260719,M2,case_td016_pp0_1_gamma_007__steady,tpe,5,1.4695452846705197,0.1639995024273858,0.07433993500118413,1.9970704004303768,0.05100368262317501,0.0660399064940572,0.6543551934709194,0.24069909843944792,True
20260719,M2,case_td016_pp0_1_gamma_007__steady,tpe,6,3.7210666783923645,0.17010766184394438,0.0498405303611734,1.9970704004303768,0.05100368262317501,0.0660399064940572,2.7062290820263883,0.24069909843944792,True
20260719,M2,case_td016_pp0_1_gamma_007__steady,tpe,7,1.4444429133866605,0.09396786102261226,0.08553004506574635,1.9970704004303768,0.05100368262317501,0.0660399064940572,0.2623162293239644,0.24069909843944792,True
20260719,M2,case_td016_pp0_1_gamma_007__steady,tpe,8,3.2340393965752168,0.06182829423455549,0.07185477451728291,1.9970704004303768,0.05100368262317501,0.0660399064940572,1.0533259843691152,0.24069909843944792,True
20260719,M2,case_td016_pp0_1_gamma_007__steady,tpe,9,1.9950056485538021,0.16897675462974132,0.05588925888099723,1.9970704004303768,0.05100368262317501,0.0660399064940572,1.1723962260218312,0.24069909843944792,True
20260719,M2,case_td016_pp0_1_gamma_007__steady,tpe,10,1.4428575108835173,0.13499632038068948,0.06148051320398081,1.9970704004303768,0.05100368262317501,0.0660399064940572,0.4921361246310965,0.24069909843944792,True
20260719,M2,case_td016_pp0_1_gamma_007__steady,tpe,11,2.2012471008620715,0.08847586389157702,0.054855461287572675,1.9970704004303768,0.05100368262317501,0.0660399064940572,0.7490073775146235,0.24069909843944792,True
20260719,M2,case_td016_pp0_1_gamma_007__steady,tpe,12,4.390103865183587,0.1919415296273928,0.042329547136082724,1.9970704004303768,0.05100368262317501,0.0660399064940572,3.3789440338484162,0.24069909843944792,True
20260719,M2,case_td016_pp0_1_gamma_007__steady,tpe,13,3.012084859998472,0.18050940865440607,0.09022376066640433,1.9970704004303768,0.05100368262317501,0.0660399064940572,2.2039602948420485,0.24069909843944792,True
20260719,M2,case_td016_pp0_1_gamma_007__steady,tpe,14,3.1579537958736577,0.05659507067834116,0.08651373201622464,1.9970704004303768,0.05100368262317501,0.0660399064940572,0.9352029534733676,0.24069909843944792,True
20260719,M2,case_td016_pp0_1_gamma_007__steady,tpe,15,4.708396244968439,0.18083034625538585,0.08721088680489483,1.9970704004303768,0.05100368262317501,0.0660399064940572,3.502228532970445,0.24069909843944792,True
20260719,M2,case_td016_pp0_1_gamma_007__steady,tpe,16,1.3216177066836907,0.06752510749052884,0.08456492254781998,1.3216177066836907,0.06752510749052884,0.08456492254781998,0.04230264164534193,0.04230264164534193,True
20260719,M2,case_td016_pp0_1_gamma_007__steady,tpe,17,1.35043151211812,0.052434301153579575,0.08844893931284772,1.3216177066836907,0.06752510749052884,0.08456492254781998,0.09841880064903429,0.04230264164534193,True
20260719,M2,case_td016_pp0_1_gamma_007__steady,tpe,18,1.9902549143090755,0.05561061478214327,0.09756358977160635,1.3216177066836907,0.06752510749052884,0.08456492254781998,0.28821617668157307,0.04230264164534193,True
20260719,M2,case_td016_pp0_1_gamma_007__steady,tpe,19,1.0568124569643205,0.0683731785098812,0.07806368701384606,1.3216177066836907,0.06752510749052884,0.08456492254781998,0.14719099376904574,0.04230264164534193,True
20260719,M2,case_td016_pp0_1_gamma_007__steady,tpe,20,4.8305229245013654,0.10656822789817368,0.05624409445406042,1.3216177066836907,0.06752510749052884,0.08456492254781998,2.5958058223841696,0.04230264164534193,True
20260719,M2,case_td016_pp0_1_gamma_007__steady,tpe,21,1.7319797523509581,0.13592589364370988,0.09950892066579375,1.3216177066836907,0.06752510749052884,0.08456492254781998,0.7522535925325726,0.04230264164534193,True
20260719,M2,case_td016_pp0_1_gamma_007__steady,tpe,22,1.5346235341234395,0.05579733012464936,0.0797170684170536,1.3216177066836907,0.06752510749052884,0.08456492254781998,0.05433193239333496,0.04230264164534193,True
20260719,M2,case_td016_pp0_1_gamma_007__steady,tpe,23,2.2843181048127192,0.062218184162761724,0.08141009403886064,1.3216177066836907,0.06752510749052884,0.08456492254781998,0.5252399014945034,0.04230264164534193,True
20260719,M2,case_td016_pp0_1_gamma_007__steady,tpe,24,1.8845556135665804,0.05534712297523581,0.07956645604199569,1.3216177066836907,0.06752510749052884,0.08456492254781998,0.22509429848883042,0.04230264164534193,True
20260719,M2,case_td016_pp0_1_gamma_007__steady,tpe,25,1.1703607929812452,0.0678686314059004,0.08720931076320747,1.3216177066836907,0.06752510749052884,0.08456492254781998,0.09097810219927946,0.04230264164534193,True
20260719,M2,case_td016_pp0_1_gamma_007__steady,tpe,26,1.1618838471153303,0.08969658282444828,0.09255493379333095,1.3216177066836907,0.06752510749052884,0.08456492254781998,0.06100363110488331,0.04230264164534193,True
20260719,M2,case_td016_pp0_1_gamma_007__steady,tpe,27,2.426182247225901,0.10293636308976026,0.08604562636147872,1.3216177066836907,0.06752510749052884,0.08456492254781998,1.0649371226251327,0.04230264164534193,True
20260719,M2,case_td016_pp0_1_gamma_007__steady,tpe,28,1.0202053600684013,0.11548133682676455,0.08915029538418187,1.3216177066836907,0.06752510749052884,0.08456492254781998,0.08609416714134449,0.04230264164534193,True
20260719,M2,case_td016_pp0_1_gamma_007__steady,tpe,29,4.445937450012943,0.056239156112000616,0.09748076935536241,1.3216177066836907,0.06752510749052884,0.08456492254781998,1.5186651385232892,0.04230264164534193,True
20260719,M2,case_td016_pp0_1_gamma_007__steady,tpe,30,1.347701101337178,0.09141843891992038,0.06781121503612711,1.3216177066836907,0.06752510749052884,0.08456492254781998,0.17795364652227025,0.04230264164534193,True
20260719,M2,case_td016_pp0_1_gamma_007__steady,tpe,31,1.8927100232769187,0.09272416115284246,0.09022574709935664,1.3216177066836907,0.06752510749052884,0.08456492254781998,0.5735253180736891,0.04230264164534193,True
20260719,M2,case_td016_pp0_1_gamma_007__steady,tpe,32,1.252863421699573,0.10397128531849378,0.09847947505996515,1.3216177066836907,0.06752510749052884,0.08456492254781998,0.18968832166548655,0.04230264164534193,True
20260719,M2,case_td016_pp0_1_gamma_007__steady,tpe,33,1.1193056908778514,0.08973046831867598,0.09130040221101099,1.3216177066836907,0.06752510749052884,0.08456492254781998,0.04597766292096991,0.04230264164534193,True
20260719,M2,case_td016_pp0_1_gamma_007__steady,tpe,34,4.212177335565928,0.12582269239399782,0.08659930690501269,1.3216177066836907,0.06752510749052884,0.08456492254781998,2.5664715108204885,0.04230264164534193,True
20260719,M2,case_td016_pp0_1_gamma_007__steady,tpe,35,1.0016964965927748,0.0633841926248704,0.09842226065179571,1.3216177066836907,0.06752510749052884,0.08456492254781998,0.19924667488951178,0.04230264164534193,True
20260719,M2,case_td016_pp0_1_gamma_007__steady,tpe,36,1.0969162745169914,0.08517359915356572,0.08550917313268831,1.3216177066836907,0.06752510749052884,0.08456492254781998,0.048867700630583925,0.04230264164534193,True
20260719,M2,case_td016_pp0_1_gamma_007__steady,tpe,37,1.3487463041560064,0.08827764994639656,0.07588076352084257,1.3216177066836907,0.06752510749052884,0.08456492254781998,0.16075766164624175,0.04230264164534193,True
20260719,M2,case_td016_pp0_1_gamma_007__steady,tpe,38,3.650637693717134,0.08618005495931777,0.048485737110027495,1.3216177066836907,0.06752510749052884,0.08456492254781998,1.6559793676783494,0.04230264164534193,True
20260719,M2,case_td016_pp0_1_gamma_007__steady,tpe,39,1.0333676569800248,0.06514572434132021,0.07787938807193792,1.3216177066836907,0.06752510749052884,0.08456492254781998,0.17674295946919416,0.04230264164534193,True
20260719,M2,case_td016_pp0_1_gamma_007__steady,tpe,40,1.1563142195556788,0.09904574034985364,0.07869054085538082,1.3216177066836907,0.06752510749052884,0.08456492254781998,0.09822446055717661,0.04230264164534193,True
20260719,M2,case_td016_pp0_1_gamma_007__steady,tpe,41,1.4664412412843322,0.08129899415397018,0.08558344196496978,1.3216177066836907,0.06752510749052884,0.08456492254781998,0.19186692019188437,0.04230264164534193,True
20260719,M2,case_td016_pp0_1_gamma_007__steady,tpe,42,1.384673589649039,0.0828665917669881,0.09107843680251343,1.3216177066836907,0.06752510749052884,0.08456492254781998,0.15166469755815556,0.04230264164534193,True
20260719,M2,case_td016_pp0_1_gamma_007__steady,tpe,43,3.5333869425725584,0.19983307361590746,0.06473390524786583,1.3216177066836907,0.06752510749052884,0.08456492254781998,2.7832063195968333,0.04230264164534193,True
20260719,M2,case_td016_pp0_1_gamma_007__steady,tpe,44,1.115231238066464,0.1005847124465017,0.09935616045411373,1.3216177066836907,0.06752510749052884,0.08456492254781998,0.08355070043424039,0.04230264164534193,True
20260719,M2,case_td016_pp0_1_gamma_007__steady,tpe,45,1.631217245432937,0.09812306897678638,0.08656721879116014,1.3216177066836907,0.06752510749052884,0.08456492254781998,0.42408993859715227,0.04230264164534193,True
20260719,M2,case_td016_pp0_1_gamma_007__steady,tpe,46,1.0215228195790584,0.08708408911953515,0.08554979837498378,1.3216177066836907,0.06752510749052884,0.08456492254781998,0.0736402349137442,0.04230264164534193,True
20260719,M2,case_td016_pp0_1_gamma_007__steady,tpe,47,4.390915782390378,0.060562678406833687,0.06679391312956845,1.3216177066836907,0.06752510749052884,0.08456492254781998,1.5767501823338488,0.04230264164534193,True
20260719,M2,case_td016_pp0_1_gamma_007__steady,tpe,48,1.6673246756582172,0.06055789442699635,0.07891086474609615,1.3216177066836907,0.06752510749052884,0.08456492254781998,0.1520630771173253,0.04230264164534193,True
20260719,M2,case_td016_pp0_1_gamma_007__steady,tpe,49,3.4258088899856376,0.12424041465580775,0.06852171368211724,1.3216177066836907,0.06752510749052884,0.08456492254781998,2.0340060076027853,0.04230264164534193,True
20260719,M2,case_td016_pp0_1_gamma_007__steady,tpe,50,1.1745539650570036,0.09125225560861437,0.0889114211428475,1.3216177066836907,0.06752510749052884,0.08456492254781998,0.07355344212467989,0.04230264164534193,True
20260719,M2,case_td016_pp0_1_gamma_007__steady,tpe,51,1.852417648936416,0.05812045357170192,0.06820810223326995,1.3216177066836907,0.06752510749052884,0.08456492254781998,0.23161012983288487,0.04230264164534193,True
20260719,M2,case_td016_pp0_1_gamma_007__steady,tpe,52,2.4902784515153695,0.13154610628486413,0.04158367034418628,1.3216177066836907,0.06752510749052884,0.08456492254781998,1.367910574114984,0.04230264164534193,True
20260719,M2,case_td016_pp0_1_gamma_007__steady,tpe,53,1.1575494864589901,0.08786020913005863,0.08951336987240753,1.3216177066836907,0.06752510749052884,0.08456492254781998,0.05223683652789653,0.04230264164534193,True
20260719,M2,case_td016_pp0_1_gamma_007__steady,tpe,54,1.054462798497171,0.07540765816558595,0.09560390023982569,1.3216177066836907,0.06752510749052884,0.08456492254781998,0.10904072821554724,0.04230264164534193,True
20260719,M2,case_td016_pp0_1_gamma_007__steady,tpe,55,1.0730489351882102,0.1022444931048066,0.0844759205403075,1.3216177066836907,0.06752510749052884,0.08456492254781998,0.06570896165729735,0.04230264164534193,True
20260719,M2,case_td016_pp0_1_gamma_007__steady,tpe,56,1.9316308311746173,0.08552734320784185,0.0955138331856794,1.3216177066836907,0.06752510749052884,0.08456492254781998,0.5390718075287005,0.04230264164534193,True
20260719,M2,case_td016_pp0_1_gamma_007__steady,tpe,57,1.5066961595472073,0.05520593129695864,0.08269558810085738,1.3216177066836907,0.06752510749052884,0.08456492254781998,0.045469556467321454,0.04230264164534193,True
20260719,M2,case_td016_pp0_1_gamma_007__steady,tpe,58,1.6693309385915998,0.05095800018610555,0.08633501107380247,1.3216177066836907,0.06752510749052884,0.08456492254781998,0.07841696059800335,0.04230264164534193,True
20260719,M2,case_td016_pp0_1_gamma_007__steady,tpe,59,1.0092429154031304,0.15754665633452586,0.0414317098800524,1.3216177066836907,0.06752510749052884,0.08456492254781998,0.22386857138103491,0.04230264164534193,True
20260719,M2,case_td016_pp0_1_gamma_007__steady,tpe,60,2.102978751868789,0.07450323011103455,0.07872837505581962,1.3216177066836907,0.06752510749052884,0.08456492254781998,0.5459423235833527,0.04230264164534193,True
20260719,M2,case_td016_pp0_1_gamma_007__steady,tpe,61,1.267918088768701,0.0512730400613375,0.08702261356754855,1.3216177066836907,0.06752510749052884,0.08456492254781998,0.14457096968570737,0.04230264164534193,True
20260719,M2,case_td016_pp0_1_gamma_007__steady,tpe,62,1.184486064543426,0.05090981107931854,0.0725314795547893,1.3216177066836907,0.06752510749052884,0.08456492254781998,0.18810785257726093,0.04230264164534193,True
20260719,M2,case_td016_pp0_1_gamma_007__steady,tpe,63,1.9394842857908356,0.07879470171366786,0.08460471396171745,1.3216177066836907,0.06752510749052884,0.08456492254781998,0.4814971217286065,0.04230264164534193,True
20260719,M2,case_td016_pp0_1_gamma_007__steady,tpe,64,1.0082091116693284,0.07924037631595024,0.08396098178571859,1.3216177066836907,0.06752510749052884,0.08456492254781998,0.11618788430041814,0.04230264164534193,True
20260719,M2,case_td016_pp0_1_gamma_007__steady,tpe,65,1.0455364020899527,0.07627726821135153,0.0853641100505641,1.3216177066836907,0.06752510749052884,0.08456492254781998,0.11073900970618457,0.04230264164534193,True
20260719,M2,case_td016_pp0_1_gamma_007__steady,tpe,66,2.04005074978017,0.053515309662699434,0.08614591943251237,1.3216177066836907,0.06752510749052884,0.08456492254781998,0.292669836995499,0.04230264164534193,True
20260719,M2,case_td016_pp0_1_gamma_007__steady,tpe,67,2.001218125638949,0.1230101923600944,0.07033052250589825,1.3216177066836907,0.06752510749052884,0.08456492254781998,0.8947135938223519,0.04230264164534193,True
20260719,M2,case_td016_pp0_1_gamma_007__steady,tpe,68,1.5971153075268543,0.19399797667711832,0.06302405252935059,1.3216177066836907,0.06752510749052884,0.08456492254781998,0.905463579811103,0.04230264164534193,True
20260719,M2,case_td016_pp0_1_gamma_007__steady,tpe,69,1.1014672028551609,0.09839979165442939,0.09187901931894008,1.3216177066836907,0.06752510749052884,0.08456492254781998,0.06627813087103808,0.04230264164534193,True
20260719,M2,case_td016_pp0_1_gamma_007__steady,tpe,70,1.7104777214127331,0.0804408490962111,0.08790787428212428,1.3216177066836907,0.06752510749052884,0.08456492254781998,0.3444123550989829,0.04230264164534193,True
20260719,M2,case_td016_pp0_1_gamma_007__steady,tpe,71,1.6064250828037658,0.054185301841405936,0.07631095064039364,1.3216177066836907,0.06752510749052884,0.08456492254781998,0.07226057050285435,0.04230264164534193,True
20260719,M2,case_td016_pp0_1_gamma_007__steady,tpe,72,1.1142402786988077,0.11799019482013776,0.08647646736720072,1.3216177066836907,0.06752510749052884,0.08456492254781998,0.15824790460112628,0.04230264164534193,True
20260719,M2,case_td016_pp0_1_gamma_007__steady,tpe,73,1.0413781084132356,0.13268154921922776,0.08120100325910798,1.3216177066836907,0.06752510749052884,0.08456492254781998,0.1648768010732467,0.04230264164534193,True
20260719,M2,case_td016_pp0_1_gamma_007__steady,tpe,74,1.0557253991746165,0.09413222425325875,0.07899902731823889,1.3216177066836907,0.06752510749052884,0.08456492254781998,0.043867802972680385,0.04230264164534193,True
20260719,M2,case_td016_pp0_1_gamma_007__steady,tpe,75,1.4969368994133248,0.09698692352831662,0.07075084599721872,1.3216177066836907,0.06752510749052884,0.08456492254781998,0.3165296009049494,0.04230264164534193,True
20260719,M2,case_td016_pp0_1_gamma_007__steady,tpe,76,1.4125418479343936,0.0846619166491513,0.08211951959718346,1.3216177066836907,0.06752510749052884,0.08456492254781998,0.17968531182863423,0.04230264164534193,True
20260719,M2,case_td016_pp0_1_gamma_007__steady,tpe,77,1.8923143560062097,0.07082422231266097,0.046104143842154735,1.3216177066836907,0.06752510749052884,0.08456492254781998,0.3694843252891416,0.04230264164534193,True
20260719,M2,case_td016_pp0_1_gamma_007__steady,tpe,78,1.0431526064920496,0.069956845425142,0.08088596517717708,1.3216177066836907,0.06752510749052884,0.08456492254781998,0.14534374516042212,0.04230264164534193,True
20260719,M2,case_td016_pp0_1_gamma_007__steady,tpe,79,2.6411588848392187,0.16644356893349802,0.07385417047163276,1.3216177066836907,0.06752510749052884,0.08456492254781998,1.7707173442484883,0.04230264164534193,True
20260719,M2,case_td016_pp0_1_gamma_007__steady,tpe,80,1.775532504091525,0.11287093164657834,0.08993669358214013,1.3216177066836907,0.06752510749052884,0.08456492254781998,0.639749923727115,0.04230264164534193,True
20260719,M2,case_td016_pp0_1_gamma_007__steady,tpe,81,1.6884165038706835,0.07596359770249311,0.09777555912907722,1.3216177066836907,0.06752510749052884,0.08456492254781998,0.2947722282822938,0.04230264164534193,True
20260719,M2,case_td016_pp0_1_gamma_007__steady,tpe,82,1.7197574812449674,0.11024236188299749,0.07526658962101646,1.3216177066836907,0.06752510749052884,0.08456492254781998,0.5747481748631403,0.04230264164534193,True
20260719,M2,case_td016_pp0_1_gamma_007__steady,tpe,83,4.490965263894746,0.17089346918540108,0.06475854397893595,1.3216177066836907,0.06752510749052884,0.08456492254781998,3.2629302411369316,0.04230264164534193,True
20260719,M2,case_td016_pp0_1_gamma_007__steady,tpe,84,1.1070887069701114,0.10415820126401928,0.07746596126775293,1.3216177066836907,0.06752510749052884,0.08456492254781998,0.09142281650589576,0.04230264164534193,True
20260719,M2,case_td016_pp0_1_gamma_007__steady,tpe,85,1.1634081850181912,0.0964362577351127,0.08277678899075573,1.3216177066836907,0.06752510749052884,0.08456492254781998,0.09068702867399787,0.04230264164534193,True
20260719,M2,case_td016_pp0_1_gamma_007__steady,tpe,86,1.0007713252856243,0.0909197554093516,0.09034295051690856,1.3216177066836907,0.06752510749052884,0.08456492254781998,0.06834481139665248,0.04230264164534193,True
20260719,M2,case_td016_pp0_1_gamma_007__steady,tpe,87,4.9743066101980595,0.151541605797417,0.09686864879650448,1.3216177066836907,0.06752510749052884,0.08456492254781998,3.3307618324411137,0.04230264164534193,True
20260719,M2,case_td016_pp0_1_gamma_007__steady,tpe,88,1.0117104592675332,0.10249500383135433,0.08779290122867792,1.3216177066836907,0.06752510749052884,0.08456492254781998,0.04566644601377986,0.04230264164534193,True
20260719,M2,case_td016_pp0_1_gamma_007__steady,tpe,89,1.0495914011970449,0.09141017792511293,0.0975666975255347,1.3216177066836907,0.06752510749052884,0.08456492254781998,0.04729378817118524,0.04230264164534193,True
20260719,M2,case_td016_pp0_1_gamma_007__steady,tpe,90,3.6605099101251146,0.13248269372858276,0.04018049319493902,1.3216177066836907,0.06752510749052884,0.08456492254781998,2.28465412758032,0.04230264164534193,True
20260719,M2,case_td016_pp0_1_gamma_007__steady,tpe,91,1.3844290203794503,0.10313880338475266,0.09391308625990548,1.3216177066836907,0.06752510749052884,0.08456492254781998,0.277792706177542,0.04230264164534193,True
20260719,M2,case_td016_pp0_1_gamma_007__steady,tpe,92,1.108840185675296,0.10712839884325065,0.09558064942930732,1.3216177066836907,0.06752510749052884,0.08456492254781998,0.10796760032384628,0.04230264164534193,True
20260719,M2,case_td016_pp0_1_gamma_007__steady,tpe,93,1.3180694219257156,0.0723854913412546,0.09998105018350835,1.3216177066836907,0.06752510749052884,0.08456492254781998,0.054722372504007875,0.04230264164534193,True
20260719,M2,case_td016_pp0_1_gamma_007__steady,tpe,94,1.2200252095361817,0.07614588940645978,0.09887718686506865,1.2200252095361817,0.07614588940645978,0.09887718686506865,0.04208608574352204,0.04208608574352204,True
20260719,M2,case_td016_pp0_1_gamma_007__steady,tpe,95,1.070537510535221,0.05951262641777598,0.09132602250068948,1.2200252095361817,0.07614588940645978,0.09887718686506865,0.1878601824408707,0.04208608574352204,True
20260719,M2,case_td016_pp0_1_gamma_007__steady,tpe,96,1.2384871356323437,0.08309225957832435,0.09622450127853638,1.2200252095361817,0.07614588940645978,0.09887718686506865,0.06889342484752231,0.04208608574352204,True
20260719,M2,case_td016_pp0_1_gamma_007__steady,tpe,97,1.1660570201521108,0.07836313345169124,0.09487936914107391,1.2200252095361817,0.07614588940645978,0.09887718686506865,0.046202591657953734,0.04208608574352204,True
20260719,M2,case_td016_pp0_1_gamma_007__steady,tpe,98,1.0161709306932205,0.06646166113029209,0.09925764040168482,1.2200252095361817,0.07614588940645978,0.09887718686506865,0.17532260282471,0.04208608574352204,True
20260719,M2,case_td016_pp0_1_gamma_007__steady,tpe,99,1.9442125004215725,0.0886206832929845,0.09722796341254358,1.2200252095361817,0.07614588940645978,0.09887718686506865,0.5756990795130125,0.04208608574352204,True
20260719,M2,case_td016_pp0_1_gamma_007__steady,tpe,100,1.0407770542339458,0.09192957505392373,0.09454895053230156,1.2200252095361817,0.07614588940645978,0.09887718686506865,0.04879976530998714,0.04208608574352204,True
20260719,M2,case_td016_pp0_1_gamma_007__steady,random,1,3.0,0.125,0.07,3.0,0.125,0.07,1.7278961645927335,1.7278961645927335,True
20260719,M2,case_td016_pp0_1_gamma_007__steady,random,2,4.217637077783944,0.11214002325357,0.04165838949038345,3.0,0.125,0.07,2.3674726663741015,1.7278961645927335,True
20260719,M2,case_td016_pp0_1_gamma_007__steady,random,3,2.8137661663631737,0.12259529401565972,0.06770617894528172,2.8137661663631737,0.12259529401565972,0.06770617894528172,1.5582598806583337,1.5582598806583337,True
20260719,M2,case_td016_pp0_1_gamma_007__steady,random,4,2.283595988833366,0.18699104971509223,0.07841926619040057,2.283595988833366,0.18699104971509223,0.07841926619040057,1.5551789784352588,1.5551789784352588,True
20260719,M2,case_td016_pp0_1_gamma_007__steady,random,5,2.276926401392143,0.18266424432287842,0.08508260408655505,2.276926401392143,0.18266424432287842,0.08508260408655505,1.5261109136563258,1.5261109136563258,True
20260719,M2,case_td016_pp0_1_gamma_007__steady,random,6,1.2430773036268263,0.11302466793990991,0.07067849457287324,1.2430773036268263,0.11302466793990991,0.07067849457287324,0.22526419514291482,0.22526419514291482,True
20260719,M2,case_td016_pp0_1_gamma_007__steady,random,7,3.3381424110335596,0.13430427595046635,0.05882179203239535,1.2430773036268263,0.11302466793990991,0.07067849457287324,2.0784997219631154,0.22526419514291482,True
20260719,M2,case_td016_pp0_1_gamma_007__steady,random,8,2.2088755620229668,0.08005870849694514,0.09983617588711843,1.2430773036268263,0.11302466793990991,0.07067849457287324,0.675670137432903,0.22526419514291482,True
20260719,M2,case_td016_pp0_1_gamma_007__steady,random,9,1.0491116652186765,0.1889949306967666,0.08790629125530022,1.2430773036268263,0.11302466793990991,0.07067849457287324,0.3726431407017402,0.22526419514291482,True
20260719,M2,case_td016_pp0_1_gamma_007__steady,random,10,4.840676181282388,0.15184819148564443,0.08935238176248268,1.2430773036268263,0.11302466793990991,0.07067849457287324,3.2627071448638434,0.22526419514291482,True
20260719,M2,case_td016_pp0_1_gamma_007__steady,random,11,1.277900093251413,0.08178287245528817,0.06793927163495014,1.277900093251413,0.08178287245528817,0.06793927163495014,0.07912377871489888,0.07912377871489888,True
20260719,M2,case_td016_pp0_1_gamma_007__steady,random,12,1.8554822398102773,0.16821719925291306,0.04894944644048533,1.277900093251413,0.08178287245528817,0.06793927163495014,1.0328110735915785,0.07912377871489888,True
20260719,M2,case_td016_pp0_1_gamma_007__steady,random,13,4.586314117330403,0.14493714183319537,0.0811531703666053,1.277900093251413,0.08178287245528817,0.06793927163495014,3.0330297570759543,0.07912377871489888,True
20260719,M2,case_td016_pp0_1_gamma_007__steady,random,14,4.440887697107645,0.14209457707267925,0.07243284185739854,1.277900093251413,0.08178287245528817,0.06793927163495014,2.911547471280871,0.07912377871489888,True
20260719,M2,case_td016_pp0_1_gamma_007__steady,random,15,2.0457941719301473,0.06851514835609962,0.0478193876239977,1.277900093251413,0.08178287245528817,0.06793927163495014,0.442694472962481,0.07912377871489888,True
20260719,M2,case_td016_pp0_1_gamma_007__steady,random,16,4.742525201695573,0.10554427703075189,0.07804538325318125,1.277900093251413,0.08178287245528817,0.06793927163495014,2.540834422690703,0.07912377871489888,True
20260719,M2,case_td016_pp0_1_gamma_007__steady,random,17,1.1150079372557395,0.07054209970949019,0.06862997584049282,1.277900093251413,0.08178287245528817,0.06793927163495014,0.10684620396594925,0.07912377871489888,True
20260719,M2,case_td016_pp0_1_gamma_007__steady,random,18,4.768427979236791,0.19827871885934195,0.09837175698021267,1.277900093251413,0.08178287245528817,0.06793927163495014,3.698507558019512,0.07912377871489888,True
20260719,M2,case_td016_pp0_1_gamma_007__steady,random,19,2.60357931321533,0.13162573196514019,0.0547053377742182,1.277900093251413,0.08178287245528817,0.06793927163495014,1.4680423037248074,0.07912377871489888,True
20260719,M2,case_td016_pp0_1_gamma_007__steady,random,20,3.7095989263607096,0.09302125992583336,0.04533624194360779,1.277900093251413,0.08178287245528817,0.06793927163495014,1.7933991889512475,0.07912377871489888,True
20260719,M2,case_td016_pp0_1_gamma_007__steady,random,21,1.8271084990409445,0.07517883704586706,0.06418218460831375,1.277900093251413,0.08178287245528817,0.06793927163495014,0.37166371283604155,0.07912377871489888,True
20260719,M2,case_td016_pp0_1_gamma_007__steady,random,22,4.344173842254037,0.15021886538516938,0.07016584640287467,1.277900093251413,0.08178287245528817,0.06793927163495014,2.9491621882853565,0.07912377871489888,True
20260719,M2,case_td016_pp0_1_gamma_007__steady,random,23,2.9605292499479416,0.13692135988158985,0.07119818012021141,1.277900093251413,0.08178287245528817,0.06793927163495014,1.8132722292904215,0.07912377871489888,True
20260719,M2,case_td016_pp0_1_gamma_007__steady,random,24,3.8366456260303528,0.11446668284840666,0.07306890156357282,1.277900093251413,0.08178287245528817,0.06793927163495014,2.1843215394060125,0.07912377871489888,True
20260719,M2,case_td016_pp0_1_gamma_007__steady,random,25,4.592521891670296,0.07576777104936824,0.05929446664013123,1.277900093251413,0.08178287245528817,0.06793927163495014,1.9449948290899537,0.07912377871489888,True
20260719,M2,case_td016_pp0_1_gamma_007__steady,random,26,1.1161081687671173,0.14320795011697646,0.07265268840339623,1.277900093251413,0.08178287245528817,0.06793927163495014,0.26154736069951623,0.07912377871489888,True
20260719,M2,case_td016_pp0_1_gamma_007__steady,random,27,3.857331635094514,0.14767520657919259,0.08518185139691309,1.277900093251413,0.08178287245528817,0.06793927163495014,2.6003526818929523,0.07912377871489888,True
20260719,M2,case_td016_pp0_1_gamma_007__steady,random,28,2.8588823976377506,0.07374592281564352,0.04501792456086836,1.277900093251413,0.08178287245528817,0.06793927163495014,1.0068981877157017,0.07912377871489888,True
20260719,M2,case_td016_pp0_1_gamma_007__steady,random,29,1.3698093073843092,0.18848331534380303,0.09744204428266073,1.277900093251413,0.08178287245528817,0.06793927163495014,0.6664992271011696,0.07912377871489888,True
20260719,M2,case_td016_pp0_1_gamma_007__steady,random,30,3.562114684078684,0.1454940025487505,0.09349538109604831,1.277900093251413,0.08178287245528817,0.06793927163495014,2.365818971998229,0.07912377871489888,True
20260719,M2,case_td016_pp0_1_gamma_007__steady,random,31,2.4704480758684855,0.1090471120468687,0.08372290486295764,1.277900093251413,0.08178287245528817,0.06793927163495014,1.15902098651942,0.07912377871489888,True
20260719,M2,case_td016_pp0_1_gamma_007__steady,random,32,2.8671646078884145,0.18398636826831205,0.07338312829457182,1.277900093251413,0.08178287245528817,0.06793927163495014,2.0926332905064586,0.07912377871489888,True
20260719,M2,case_td016_pp0_1_gamma_007__steady,random,33,4.097383384142953,0.10135245111703628,0.05302192550372919,1.277900093251413,0.08178287245528817,0.06793927163495014,2.1415105259603897,0.07912377871489888,True
20260719,M2,case_td016_pp0_1_gamma_007__steady,random,34,3.6826698106904057,0.13284375146959004,0.04591995741809257,1.277900093251413,0.08178287245528817,0.06793927163495014,2.306364011819955,0.07912377871489888,True
20260719,M2,case_td016_pp0_1_gamma_007__steady,random,35,4.767665279952965,0.1880549952277198,0.09766013241409043,1.277900093251413,0.08178287245528817,0.06793927163495014,3.607578697551715,0.07912377871489888,True
20260719,M2,case_td016_pp0_1_gamma_007__steady,random,36,3.191021915267502,0.07706951042946253,0.06794355786006545,1.277900093251413,0.08178287245528817,0.06793927163495014,1.2578557990412214,0.07912377871489888,True
20260719,M2,case_td016_pp0_1_gamma_007__steady,random,37,2.468422590716809,0.18111150802310655,0.0692689363078988,1.277900093251413,0.08178287245528817,0.06793927163495014,1.699586085284402,0.07912377871489888,True
20260719,M2,case_td016_pp0_1_gamma_007__steady,random,38,1.5567470782202126,0.09849766474368105,0.07969650393247202,1.277900093251413,0.08178287245528817,0.06793927163495014,0.3712387081544641,0.07912377871489888,True
20260719,M2,case_td016_pp0_1_gamma_007__steady,random,39,4.362535296941147,0.18880178915454965,0.04033073677088334,1.277900093251413,0.08178287245528817,0.06793927163495014,3.3324678447647496,0.07912377871489888,True
20260719,M2,case_td016_pp0_1_gamma_007__steady,random,40,4.1164234611145165,0.06665376169419555,0.08625282589770486,1.277900093251413,0.08178287245528817,0.06793927163495014,1.5707479140287997,0.07912377871489888,True
20260719,M2,case_td016_pp0_1_gamma_007__steady,random,41,1.9893835784036673,0.0712988212119955,0.0809661068724373,1.277900093251413,0.08178287245528817,0.06793927163495014,0.44176831728481836,0.07912377871489888,True
20260719,M2,case_td016_pp0_1_gamma_007__steady,random,42,4.662119247138023,0.151862103936236,0.06530315766852764,1.277900093251413,0.08178287245528817,0.06793927163495014,3.1593471318544357,0.07912377871489888,True
20260719,M2,case_td016_pp0_1_gamma_007__steady,random,43,4.337299724236474,0.11332771489849772,0.09869674511036611,1.277900093251413,0.08178287245528817,0.06793927163495014,2.458867169725293,0.07912377871489888,True
20260719,M2,case_td016_pp0_1_gamma_007__steady,random,44,2.220454022386663,0.0876206356378185,0.056017023432663834,1.277900093251413,0.08178287245528817,0.06793927163495014,0.7542326117392327,0.07912377871489888,True
20260719,M2,case_td016_pp0_1_gamma_007__steady,random,45,4.866222762521847,0.1892033772689009,0.09293861735595109,1.277900093251413,0.08178287245528817,0.06793927163495014,3.6796350718953166,0.07912377871489888,True
20260719,M2,case_td016_pp0_1_gamma_007__steady,random,46,3.6275655570316303,0.1605732393469978,0.04945137645047405,1.277900093251413,0.08178287245528817,0.06793927163495014,2.55041495095843,0.07912377871489888,True
20260719,M2,case_td016_pp0_1_gamma_007__steady,random,47,1.2973510429835526,0.166950170465766,0.05666573817655015,1.277900093251413,0.08178287245528817,0.06793927163495014,0.5071617145232717,0.07912377871489888,True
20260719,M2,case_td016_pp0_1_gamma_007__steady,random,48,2.1064513268286658,0.11079946545290027,0.04848946281391987,1.277900093251413,0.08178287245528817,0.06793927163495014,0.8804391801316325,0.07912377871489888,True
20260719,M2,case_td016_pp0_1_gamma_007__steady,random,49,3.40791378594147,0.11080047198620782,0.06452067125683054,1.277900093251413,0.08178287245528817,0.06793927163495014,1.857832042377526,0.07912377871489888,True
20260719,M2,case_td016_pp0_1_gamma_007__steady,random,50,3.5441195652942064,0.14587274870651856,0.08274676634651333,1.277900093251413,0.08178287245528817,0.06793927163495014,2.355445539035129,0.07912377871489888,True
20260719,M2,case_td016_pp0_1_gamma_007__steady,random,51,2.45304207402193,0.08665054560623564,0.09850368767558877,1.277900093251413,0.08178287245528817,0.06793927163495014,0.9127519781205979,0.07912377871489888,True
20260719,M2,case_td016_pp0_1_gamma_007__steady,random,52,2.141984564243788,0.07006342154307815,0.07808292942577329,1.277900093251413,0.08178287245528817,0.06793927163495014,0.5245952031301452,0.07912377871489888,True
20260719,M2,case_td016_pp0_1_gamma_007__steady,random,53,3.1040111062217943,0.09243011139136234,0.05912722979011598,1.277900093251413,0.08178287245528817,0.06793927163495014,1.4162088544979803,0.07912377871489888,True
20260719,M2,case_td016_pp0_1_gamma_007__steady,random,54,3.9808241520509915,0.17762944280450188,0.045945793691250986,1.277900093251413,0.08178287245528817,0.06793927163495014,2.9652378091005436,0.07912377871489888,True
20260719,M2,case_td016_pp0_1_gamma_007__steady,random,55,1.4967121468804696,0.07750885372580854,0.04585761037589901,1.277900093251413,0.08178287245528817,0.06793927163495014,0.17730646903370187,0.07912377871489888,True
20260719,M2,case_td016_pp0_1_gamma_007__steady,random,56,4.930593026723149,0.14261366607838027,0.0980042983358709,1.277900093251413,0.08178287245528817,0.06793927163495014,3.1911193669969578,0.07912377871489888,True
20260719,M2,case_td016_pp0_1_gamma_007__steady,random,57,4.1721906024391515,0.09544602713115223,0.08190528275880102,1.277900093251413,0.08178287245528817,0.06793927163495014,2.092376188486522,0.07912377871489888,True
20260719,M2,case_td016_pp0_1_gamma_007__steady,random,58,2.4315180640915255,0.11889042507045734,0.09866796301874091,1.277900093251413,0.08178287245528817,0.06793927163495014,1.2220886515367069,0.07912377871489888,True
20260719,M2,case_td016_pp0_1_gamma_007__steady,random,59,1.6504114394969447,0.08399705577127087,0.06927187847870969,1.277900093251413,0.08178287245528817,0.06793927163495014,0.32962894859692093,0.07912377871489888,True
20260719,M2,case_td016_pp0_1_gamma_007__steady,random,60,3.3573480130371403,0.05879767221708739,0.09044936394977998,1.277900093251413,0.08178287245528817,0.06793927163495014,1.0715748703427672,0.07912377871489888,True
20260719,M2,case_td016_pp0_1_gamma_007__steady,random,61,1.4980443536097816,0.18953869470021073,0.09874201655737996,1.277900093251413,0.08178287245528817,0.06793927163495014,0.7942011242057723,0.07912377871489888,True
20260719,M2,case_td016_pp0_1_gamma_007__steady,random,62,3.5354129271900705,0.18087579549895977,0.0765761183477994,1.277900093251413,0.08178287245528817,0.06793927163495014,2.653130617214956,0.07912377871489888,True
20260719,M2,case_td016_pp0_1_gamma_007__steady,random,63,1.258643537661459,0.13360817263882324,0.054449123424419966,1.277900093251413,0.08178287245528817,0.06793927163495014,0.33231917597611715,0.07912377871489888,True
20260719,M2,case_td016_pp0_1_gamma_007__steady,random,64,4.825613685073589,0.10205970749349477,0.06824934024497174,1.277900093251413,0.08178287245528817,0.06793927163495014,2.5195810053569687,0.07912377871489888,True
20260719,M2,case_td016_pp0_1_gamma_007__steady,random,65,1.640153506295769,0.12060049851541155,0.08518617492353822,1.277900093251413,0.08178287245528817,0.06793927163495014,0.5802357488986508,0.07912377871489888,True
20260719,M2,case_td016_pp0_1_gamma_007__steady,random,66,3.670326150084384,0.10577094264774957,0.0649357532995742,1.277900093251413,0.08178287245528817,0.06793927163495014,1.9602847360084936,0.07912377871489888,True
20260719,M2,case_td016_pp0_1_gamma_007__steady,random,67,1.2646013980653814,0.09847364844371408,0.0739538159497275,1.277900093251413,0.08178287245528817,0.06793927163495014,0.16441975076732568,0.07912377871489888,True
20260719,M2,case_td016_pp0_1_gamma_007__steady,random,68,3.6092166936815975,0.131192995272588,0.0952487534895079,1.277900093251413,0.08178287245528817,0.06793927163495014,2.2456653599602387,0.07912377871489888,True
20260719,M2,case_td016_pp0_1_gamma_007__steady,random,69,1.2849591904116133,0.13817896968075083,0.08192040362979366,1.277900093251413,0.08178287245528817,0.06793927163495014,0.37909482110104,0.07912377871489888,True
20260719,M2,case_td016_pp0_1_gamma_007__steady,random,70,3.4667079819047357,0.13383709090363693,0.059099068820877114,1.277900093251413,0.08178287245528817,0.06793927163495014,2.168441307080705,0.07912377871489888,True
20260719,M2,case_td016_pp0_1_gamma_007__steady,random,71,1.7202356461617598,0.129076184089014,0.040925712830651835,1.277900093251413,0.08178287245528817,0.06793927163495014,0.689709820680067,0.07912377871489888,True
20260719,M2,case_td016_pp0_1_gamma_007__steady,random,72,3.4030489718033703,0.1797094411696039,0.07698516182174436,1.277900093251413,0.08178287245528817,0.06793927163495014,2.5349590635151116,0.07912377871489888,True
20260719,M2,case_td016_pp0_1_gamma_007__steady,random,73,4.274654850147006,0.1947818785357604,0.07536058592668593,1.277900093251413,0.08178287245528817,0.06793927163495014,3.3306303359351754,0.07912377871489888,True
20260719,M2,case_td016_pp0_1_gamma_007__steady,random,74,4.916078454814981,0.12200595692020703,0.09036157578767223,1.277900093251413,0.08178287245528817,0.06793927163495014,2.8870340956042426,0.07912377871489888,True
20260719,M2,case_td016_pp0_1_gamma_007__steady,random,75,2.1444769953800895,0.145935331278366,0.07781117752516377,1.277900093251413,0.08178287245528817,0.06793927163495014,1.1804052580383366,0.07912377871489888,True
20260719,M2,case_td016_pp0_1_gamma_007__steady,random,76,1.07886225149795,0.13305412386108,0.09517475085670907,1.277900093251413,0.08178287245528817,0.06793927163495014,0.1961209034159947,0.07912377871489888,True
20260719,M2,case_td016_pp0_1_gamma_007__steady,random,77,1.4171933398375152,0.17352164261756575,0.09281612873663354,1.277900093251413,0.08178287245528817,0.06793927163495014,0.6494482547915984,0.07912377871489888,True
20260719,M2,case_td016_pp0_1_gamma_007__steady,random,78,2.7917282833109973,0.16048485028605364,0.09821911115276838,1.277900093251413,0.08178287245528817,0.06793927163495014,1.8678314310203186,0.07912377871489888,True
20260719,M2,case_td016_pp0_1_gamma_007__steady,random,79,1.2293357088527297,0.1476935272585535,0.09782234595207312,1.277900093251413,0.08178287245528817,0.06793927163495014,0.3759314354728113,0.07912377871489888,True
20260719,M2,case_td016_pp0_1_gamma_007__steady,random,80,1.526232511653637,0.056087644668423774,0.08196780602062363,1.526232511653637,0.056087644668423774,0.08196780602062363,0.05316142867234856,0.05316142867234856,True
20260719,M2,case_td016_pp0_1_gamma_007__steady,random,81,1.0274933210630794,0.057709573232762025,0.0792212239119117,1.526232511653637,0.056087644668423774,0.08196780602062363,0.220606473940508,0.05316142867234856,True
20260719,M2,case_td016_pp0_1_gamma_007__steady,random,82,4.420677168943916,0.13217130816964578,0.05649235881308736,1.526232511653637,0.056087644668423774,0.08196780602062363,2.768656519693792,0.05316142867234856,True
20260719,M2,case_td016_pp0_1_gamma_007__steady,random,83,2.6206265976791743,0.15400114633716822,0.060934173506535086,1.526232511653637,0.056087644668423774,0.08196780602062363,1.6620823416959642,0.05316142867234856,True
20260719,M2,case_td016_pp0_1_gamma_007__steady,random,84,3.69603629961712,0.0634145919819699,0.046539078597864575,1.526232511653637,0.056087644668423774,0.08196780602062363,1.3090343027727624,0.05316142867234856,True
20260719,M2,case_td016_pp0_1_gamma_007__steady,random,85,4.90538734422905,0.19473119086345508,0.04660936099510452,1.526232511653637,0.056087644668423774,0.08196780602062363,3.7444105511444623,0.05316142867234856,True
20260719,M2,case_td016_pp0_1_gamma_007__steady,random,86,1.4223184054559574,0.16409422697524056,0.04684160266438149,1.526232511653637,0.056087644668423774,0.08196780602062363,0.6062413086221019,0.05316142867234856,True
20260719,M2,case_td016_pp0_1_gamma_007__steady,random,87,4.200297163142556,0.19271099580591083,0.06927016516154767,1.526232511653637,0.056087644668423774,0.08196780602062363,3.258878634504502,0.05316142867234856,True
20260719,M2,case_td016_pp0_1_gamma_007__steady,random,88,3.566575495652658,0.1769641213064289,0.07970753912903475,1.526232511653637,0.056087644668423774,0.08196780602062363,2.648773808317936,0.05316142867234856,True
20260719,M2,case_td016_pp0_1_gamma_007__steady,random,89,4.9392874121683485,0.16033621091774763,0.061301471882947246,1.526232511653637,0.056087644668423774,0.08196780602062363,3.4162267715462016,0.05316142867234856,True
20260719,M2,case_td016_pp0_1_gamma_007__steady,random,90,4.777471126584588,0.19376257863488155,0.07167377539736289,1.526232511653637,0.056087644668423774,0.08196780602062363,3.6631231304035183,0.05316142867234856,True
20260719,M2,case_td016_pp0_1_gamma_007__steady,random,91,1.3747485186148771,0.11359599338477772,0.08465589457154886,1.526232511653637,0.056087644668423774,0.08196780602062363,0.32887601511828446,0.05316142867234856,True
20260719,M2,case_td016_pp0_1_gamma_007__steady,random,92,4.025419221019044,0.19413346472561815,0.054070433904992304,1.526232511653637,0.056087644668423774,0.08196780602062363,3.135003070453899,0.05316142867234856,True
20260719,M2,case_td016_pp0_1_gamma_007__steady,random,93,2.165871142777351,0.1902441800097835,0.09148832820225669,1.526232511653637,0.056087644668423774,0.08196780602062363,1.458021002810035,0.05316142867234856,True
20260719,M2,case_td016_pp0_1_gamma_007__steady,random,94,2.135381880447234,0.12973376344108262,0.0519325447209545,1.526232511653637,0.056087644668423774,0.08196780602062363,1.053799417196422,0.05316142867234856,True
20260719,M2,case_td016_pp0_1_gamma_007__steady,random,95,4.756268057962086,0.18015237645617405,0.0919429623158067,1.526232511653637,0.056087644668423774,0.08196780602062363,3.5255896135786404,0.05316142867234856,True
20260719,M2,case_td016_pp0_1_gamma_007__steady,random,96,4.653336152662874,0.1820027657222401,0.07441157006229865,1.526232511653637,0.056087644668423774,0.08196780602062363,3.477151233825188,0.05316142867234856,True
20260719,M2,case_td016_pp0_1_gamma_007__steady,random,97,3.391332591840128,0.12227030407912243,0.047695499074222096,1.526232511653637,0.056087644668423774,0.08196780602062363,1.981131952624901,0.05316142867234856,True
20260719,M2,case_td016_pp0_1_gamma_007__steady,random,98,1.929691255794126,0.0936862979217466,0.0429281033463267,1.526232511653637,0.056087644668423774,0.08196780602062363,0.5990325251617317,0.05316142867234856,True
20260719,M2,case_td016_pp0_1_gamma_007__steady,random,99,4.709834620268296,0.07064453146502506,0.08975853558608562,1.526232511653637,0.056087644668423774,0.08196780602062363,1.8994887417722608,0.05316142867234856,True
20260719,M2,case_td016_pp0_1_gamma_007__steady,random,100,1.8628473221666835,0.1571719034132361,0.09471578192786478,1.526232511653637,0.056087644668423774,0.08196780602062363,0.9901594027990832,0.05316142867234856,True
20260719,M3,case_td030_pa200_pp0_5_gamma_004__steady,cmaes,1,3.0,0.125,0.07,3.0,0.125,0.07,0.4420755918508906,0.4420755918508906,True
20260719,M3,case_td030_pa200_pp0_5_gamma_004__steady,cmaes,2,2.309718796923967,0.14444991405553861,0.047303920612024215,3.0,0.125,0.07,0.525289572293365,0.4420755918508906,True
20260719,M3,case_td030_pa200_pp0_5_gamma_004__steady,cmaes,3,1.5647959748304545,0.18368612604474233,0.07099371036021056,3.0,0.125,0.07,0.61979930444182,0.4420755918508906,True
20260719,M3,case_td030_pa200_pp0_5_gamma_004__steady,cmaes,4,3.330525667466902,0.09706529994123778,0.054750674541199376,3.0,0.125,0.07,0.4660182195338285,0.4420755918508906,True
20260719,M3,case_td030_pa200_pp0_5_gamma_004__steady,cmaes,5,2.7727907691908307,0.1793984549075327,0.05755719073434784,2.7727907691908307,0.1793984549075327,0.05755719073434784,0.3872198242397918,0.3872198242397918,True
20260719,M3,case_td030_pa200_pp0_5_gamma_004__steady,cmaes,6,3.6693343492327894,0.13308783612094938,0.07659729626686589,3.6693343492327894,0.13308783612094938,0.07659729626686589,0.3233279992496961,0.3233279992496961,True
20260719,M3,case_td030_pa200_pp0_5_gamma_004__steady,cmaes,7,3.594215848084879,0.14411026285735098,0.09170691434119327,3.594215848084879,0.14411026285735098,0.09170691434119327,0.3087422311716662,0.3087422311716662,True
20260719,M3,case_td030_pa200_pp0_5_gamma_004__steady,cmaes,8,4.021518397918754,0.1402365466167298,0.07144751094227382,4.021518397918754,0.1402365466167298,0.07144751094227382,0.25859531769592087,0.25859531769592087,True
20260719,M3,case_td030_pa200_pp0_5_gamma_004__steady,cmaes,9,3.239288595102835,0.15888184465505806,0.07041929369596539,4.021518397918754,0.1402365466167298,0.07144751094227382,0.3359072357327741,0.25859531769592087,True
20260719,M3,case_td030_pa200_pp0_5_gamma_004__steady,cmaes,10,2.363725663791551,0.10293177484545171,0.07856548463878868,4.021518397918754,0.1402365466167298,0.07144751094227382,0.5891269638425098,0.25859531769592087,True
20260719,M3,case_td030_pa200_pp0_5_gamma_004__steady,cmaes,11,3.2402715186806965,0.1249521523968625,0.0851564859128418,4.021518397918754,0.1402365466167298,0.07144751094227382,0.4047975476195002,0.25859531769592087,True
20260719,M3,case_td030_pa200_pp0_5_gamma_004__steady,cmaes,12,3.162256498652138,0.17001307941817595,0.06396519851958934,4.021518397918754,0.1402365466167298,0.07144751094227382,0.33046551389575973,0.25859531769592087,True
20260719,M3,case_td030_pa200_pp0_5_gamma_004__steady,cmaes,13,3.2780138960633445,0.14905999513020185,0.06417285787699356,4.021518397918754,0.1402365466167298,0.07144751094227382,0.3481073217702911,0.25859531769592087,True
20260719,M3,case_td030_pa200_pp0_5_gamma_004__steady,cmaes,14,3.688685584680877,0.15666054505352123,0.08013856446345988,4.021518397918754,0.1402365466167298,0.07144751094227382,0.2688183289264628,0.25859531769592087,True
20260719,M3,case_td030_pa200_pp0_5_gamma_004__steady,cmaes,15,4.493231416436248,0.12551120910525987,0.06096770206457876,4.493231416436248,0.12551120910525987,0.06096770206457876,0.24221492286132537,0.24221492286132537,True
20260719,M3,case_td030_pa200_pp0_5_gamma_004__steady,cmaes,16,4.379893224255316,0.089479142177183,0.09814340979548104,4.493231416436248,0.12551120910525987,0.06096770206457876,0.3709659678025603,0.24221492286132537,True
20260719,M3,case_td030_pa200_pp0_5_gamma_004__steady,cmaes,17,4.532583024568545,0.1209578885570075,0.07456211077252202,4.493231416436248,0.12551120910525987,0.06096770206457876,0.251076320680252,0.24221492286132537,True
20260719,M3,case_td030_pa200_pp0_5_gamma_004__steady,cmaes,18,4.896624295088934,0.11878997817482663,0.0713025332405392,4.896624295088934,0.11878997817482663,0.0713025332405392,0.2222067604521816,0.2222067604521816,True
20260719,M3,case_td030_pa200_pp0_5_gamma_004__steady,cmaes,19,4.134790736357163,0.08473215026443964,0.08522264160324666,4.896624295088934,0.11878997817482663,0.0713025332405392,0.4118771051355918,0.2222067604521816,True
20260719,M3,case_td030_pa200_pp0_5_gamma_004__steady,cmaes,20,3.5661577077717643,0.13932807839691708,0.06703805164966331,4.896624295088934,0.11878997817482663,0.0713025332405392,0.32396191571634464,0.2222067604521816,True
20260719,M3,case_td030_pa200_pp0_5_gamma_004__steady,cmaes,21,3.938206431552061,0.08183038338223056,0.053883466874990044,4.896624295088934,0.11878997817482663,0.0713025332405392,0.4432671398335039,0.2222067604521816,True
20260719,M3,case_td030_pa200_pp0_5_gamma_004__steady,cmaes,22,4.221976384160701,0.17424760580259535,0.08028430682530806,4.221976384160701,0.17424760580259535,0.08028430682530806,0.15998201106487037,0.15998201106487037,True
20260719,M3,case_td030_pa200_pp0_5_gamma_004__steady,cmaes,23,4.746882849787939,0.1800382286907305,0.08661994605538115,4.746882849787939,0.1800382286907305,0.08661994605538115,0.08808843656257323,0.08808843656257323,True
20260719,M3,case_td030_pa200_pp0_5_gamma_004__steady,cmaes,24,3.944859691220385,0.1225174400567393,0.08762687272937242,4.746882849787939,0.1800382286907305,0.08661994605538115,0.31386043774054617,0.08808843656257323,True
20260719,M3,case_td030_pa200_pp0_5_gamma_004__steady,cmaes,25,3.6234780502263515,0.13310435551464422,0.08934819265161224,4.746882849787939,0.1800382286907305,0.08661994605538115,0.3295440236342237,0.08808843656257323,True
20260719,M3,case_td030_pa200_pp0_5_gamma_004__steady,cmaes,26,2.8451593923636453,0.14216886422932606,0.08482340195545673,4.746882849787939,0.1800382286907305,0.08661994605538115,0.43249426679558167,0.08808843656257323,True
20260719,M3,case_td030_pa200_pp0_5_gamma_004__steady,cmaes,27,3.844349072113328,0.12285001651706205,0.048919801121753065,4.746882849787939,0.1800382286907305,0.08661994605538115,0.3272524964492478,0.08808843656257323,True
20260719,M3,case_td030_pa200_pp0_5_gamma_004__steady,cmaes,28,3.170444794402921,0.10953612748639371,0.05190008867663026,4.746882849787939,0.1800382286907305,0.08661994605538115,0.45419857872821534,0.08808843656257323,True
20260719,M3,case_td030_pa200_pp0_5_gamma_004__steady,cmaes,29,3.6920625551671398,0.14533763579039777,0.08736084196366288,4.746882849787939,0.1800382286907305,0.08661994605538115,0.2917990691534352,0.08808843656257323,True
20260719,M3,case_td030_pa200_pp0_5_gamma_004__steady,cmaes,30,4.245302572746276,0.14689308143250332,0.08515494025278231,4.746882849787939,0.1800382286907305,0.08661994605538115,0.21397241690142127,0.08808843656257323,True
20260719,M3,case_td030_pa200_pp0_5_gamma_004__steady,cmaes,31,2.3339734620587995,0.10880739009590937,0.07631299028552566,4.746882849787939,0.1800382286907305,0.08661994605538115,0.5819971657066669,0.08808843656257323,True
20260719,M3,case_td030_pa200_pp0_5_gamma_004__steady,cmaes,32,4.560880119431994,0.17926999134645455,0.09548706066279403,4.746882849787939,0.1800382286907305,0.08661994605538115,0.10931593035349979,0.08808843656257323,True
20260719,M3,case_td030_pa200_pp0_5_gamma_004__steady,cmaes,33,3.324737504605567,0.1514859206904999,0.07881313888652905,4.746882849787939,0.1800382286907305,0.08661994605538115,0.3353594487174639,0.08808843656257323,True
20260719,M3,case_td030_pa200_pp0_5_gamma_004__steady,cmaes,34,4.392783193243325,0.18784478921360281,0.08879019322333467,4.746882849787939,0.1800382286907305,0.08661994605538115,0.11486708814236547,0.08808843656257323,True
20260719,M3,case_td030_pa200_pp0_5_gamma_004__steady,cmaes,35,3.76990397810192,0.15428516874446996,0.07291306993854177,4.746882849787939,0.1800382286907305,0.08661994605538115,0.26185107855478723,0.08808843656257323,True
20260719,M3,case_td030_pa200_pp0_5_gamma_004__steady,cmaes,36,3.458332676226747,0.14437682504116492,0.06855061086199069,4.746882849787939,0.1800382286907305,0.08661994605538115,0.32908019361414437,0.08808843656257323,True
20260719,M3,case_td030_pa200_pp0_5_gamma_004__steady,cmaes,37,1.975738136212879,0.19425112914965742,0.09517156454352615,4.746882849787939,0.1800382286907305,0.08661994605538115,0.5263037449364656,0.08808843656257323,True
20260719,M3,case_td030_pa200_pp0_5_gamma_004__steady,cmaes,38,4.669312418409167,0.1680281220294324,0.08691575388830605,4.746882849787939,0.1800382286907305,0.08661994605538115,0.11804071563044573,0.08808843656257323,True
20260719,M3,case_td030_pa200_pp0_5_gamma_004__steady,cmaes,39,2.924068476955254,0.15129999810793107,0.09460531405625275,4.746882849787939,0.1800382286907305,0.08661994605538115,0.4024081907969644,0.08808843656257323,True
20260719,M3,case_td030_pa200_pp0_5_gamma_004__steady,cmaes,40,4.4717126156900795,0.16294880717705612,0.08341327742359386,4.746882849787939,0.1800382286907305,0.08661994605538115,0.15080700008965367,0.08808843656257323,True
20260719,M3,case_td030_pa200_pp0_5_gamma_004__steady,cmaes,41,3.6407475377563245,0.17710158635630235,0.09707959708661135,4.746882849787939,0.1800382286907305,0.08661994605538115,0.23908150359219052,0.08808843656257323,True
20260719,M3,case_td030_pa200_pp0_5_gamma_004__steady,cmaes,42,3.554503363927455,0.1998337208633691,0.09923179028204418,4.746882849787939,0.1800382286907305,0.08661994605538115,0.21898858688566977,0.08808843656257323,True
20260719,M3,case_td030_pa200_pp0_5_gamma_004__steady,cmaes,43,3.1782169610229545,0.17259990585560225,0.09026051995593223,4.746882849787939,0.1800382286907305,0.08661994605538115,0.32291637951826435,0.08808843656257323,True
20260719,M3,case_td030_pa200_pp0_5_gamma_004__steady,cmaes,44,4.239485608337261,0.18942955447707543,0.08845414111488825,4.746882849787939,0.1800382286907305,0.08661994605538115,0.13187490342565542,0.08808843656257323,True
20260719,M3,case_td030_pa200_pp0_5_gamma_004__steady,cmaes,45,3.9112980028457773,0.1535059481516502,0.08189318595557796,4.746882849787939,0.1800382286907305,0.08661994605538115,0.24314583233561854,0.08808843656257323,True
20260719,M3,case_td030_pa200_pp0_5_gamma_004__steady,cmaes,46,4.718051509913421,0.1677421704593483,0.09144419285922534,4.746882849787939,0.1800382286907305,0.08661994605538115,0.1134108634959227,0.08808843656257323,True
20260719,M3,case_td030_pa200_pp0_5_gamma_004__steady,cmaes,47,3.3992116627339444,0.16126000947384106,0.09442215121994867,4.746882849787939,0.1800382286907305,0.08661994605538115,0.3049789799959738,0.08808843656257323,True
20260719,M3,case_td030_pa200_pp0_5_gamma_004__steady,cmaes,48,3.59023735717967,0.14943467560110069,0.09435787367591982,4.746882849787939,0.1800382286907305,0.08661994605538115,0.2980669704937695,0.08808843656257323,True
20260719,M3,case_td030_pa200_pp0_5_gamma_004__steady,cmaes,49,4.240303890132809,0.11905842287303249,0.06832261499208986,4.746882849787939,0.1800382286907305,0.08661994605538115,0.28881376472582143,0.08808843656257323,True
20260719,M3,case_td030_pa200_pp0_5_gamma_004__steady,cmaes,50,4.120235595565317,0.18045562084831046,0.08289857378873543,4.746882849787939,0.1800382286907305,0.08661994605538115,0.1626672001680394,0.08808843656257323,True
20260719,M3,case_td030_pa200_pp0_5_gamma_004__steady,cmaes,51,4.372901927935182,0.1255558131728667,0.08586652947161844,4.746882849787939,0.1800382286907305,0.08661994605538115,0.25464555695753516,0.08808843656257323,True
20260719,M3,case_td030_pa200_pp0_5_gamma_004__steady,cmaes,52,3.264946615111059,0.19445455495604463,0.0930872428105786,4.746882849787939,0.1800382286907305,0.08661994605538115,0.2757600100974914,0.08808843656257323,True
20260719,M3,case_td030_pa200_pp0_5_gamma_004__steady,cmaes,53,3.5972875134418967,0.17605569063622134,0.0915654600067595,4.746882849787939,0.1800382286907305,0.08661994605538115,0.24764453879274226,0.08808843656257323,True
20260719,M3,case_td030_pa200_pp0_5_gamma_004__steady,cmaes,54,4.488964047915984,0.19023643883238522,0.08594116770317947,4.746882849787939,0.1800382286907305,0.08661994605538115,0.09968629618261242,0.08808843656257323,True
20260719,M3,case_td030_pa200_pp0_5_gamma_004__steady,cmaes,55,4.345643350301594,0.18147497283301628,0.0924439969489792,4.746882849787939,0.1800382286907305,0.08661994605538115,0.1312365442034669,0.08808843656257323,True
20260719,M3,case_td030_pa200_pp0_5_gamma_004__steady,cmaes,56,3.6589929039788824,0.15745331382965794,0.0930368113602027,4.746882849787939,0.1800382286907305,0.08661994605538115,0.2715916659908123,0.08808843656257323,True
20260719,M3,case_td030_pa200_pp0_5_gamma_004__steady,cmaes,57,4.1153727062609065,0.16929708569008145,0.08360019100261282,4.746882849787939,0.1800382286907305,0.08661994605538115,0.1833738095456056,0.08808843656257323,True
20260719,M3,case_td030_pa200_pp0_5_gamma_004__steady,cmaes,58,4.196759120702678,0.14047877412333398,0.07499888934625748,4.746882849787939,0.1800382286907305,0.08661994605538115,0.23565284479637563,0.08808843656257323,True
20260719,M3,case_td030_pa200_pp0_5_gamma_004__steady,cmaes,59,4.337254926174436,0.13656770690273703,0.07829178825654542,4.746882849787939,0.1800382286907305,0.08661994605538115,0.2286356977525542,0.08808843656257323,True
20260719,M3,case_td030_pa200_pp0_5_gamma_004__steady,cmaes,60,4.11298620364927,0.18976419426378333,0.08620336314512503,4.746882849787939,0.1800382286907305,0.08661994605538115,0.14845762041065727,0.08808843656257323,True
20260719,M3,case_td030_pa200_pp0_5_gamma_004__steady,cmaes,61,4.102732980845298,0.19907154177915243,0.0784542365549386,4.746882849787939,0.1800382286907305,0.08661994605538115,0.13607665132412083,0.08808843656257323,True
20260719,M3,case_td030_pa200_pp0_5_gamma_004__steady,cmaes,62,4.537107686569897,0.16889283835065505,0.07703973541898743,4.746882849787939,0.1800382286907305,0.08661994605538115,0.1312412739856856,0.08808843656257323,True
20260719,M3,case_td030_pa200_pp0_5_gamma_004__steady,cmaes,63,4.961182905798454,0.1378936231753935,0.0826895824229408,4.746882849787939,0.1800382286907305,0.08661994605538115,0.15930466710209376,0.08808843656257323,True
20260719,M3,case_td030_pa200_pp0_5_gamma_004__steady,cmaes,64,3.752694469973126,0.16526259698312734,0.08946305516030224,4.746882849787939,0.1800382286907305,0.08661994605538115,0.24262674795685124,0.08808843656257323,True
20260719,M3,case_td030_pa200_pp0_5_gamma_004__steady,cmaes,65,4.414692688172673,0.17617771460662512,0.07555982937038813,4.746882849787939,0.1800382286907305,0.08661994605538115,0.13210719422237177,0.08808843656257323,True
20260719,M3,case_td030_pa200_pp0_5_gamma_004__steady,cmaes,66,4.067304892830142,0.1579235742340127,0.06182406652847968,4.746882849787939,0.1800382286907305,0.08661994605538115,0.21316211302691393,0.08808843656257323,True
20260719,M3,case_td030_pa200_pp0_5_gamma_004__steady,cmaes,67,4.334591677160086,0.1505198727260024,0.07535884873249829,4.746882849787939,0.1800382286907305,0.08661994605538115,0.19469548646855103,0.08808843656257323,True
20260719,M3,case_td030_pa200_pp0_5_gamma_004__steady,cmaes,68,4.287989141219324,0.18780090826415347,0.07941569849100896,4.746882849787939,0.1800382286907305,0.08661994605538115,0.12819955728281807,0.08808843656257323,True
20260719,M3,case_td030_pa200_pp0_5_gamma_004__steady,cmaes,69,4.989078592696687,0.1700651268392614,0.09661173366314127,4.989078592696687,0.1700651268392614,0.09661173366314127,0.08282350651049271,0.08282350651049271,True
20260719,M3,case_td030_pa200_pp0_5_gamma_004__steady,cmaes,70,4.20677896512092,0.1870352065933512,0.0910908162157226,4.989078592696687,0.1700651268392614,0.09661173366314127,0.14002212555946508,0.08282350651049271,True
20260719,M3,case_td030_pa200_pp0_5_gamma_004__steady,cmaes,71,3.566160546802569,0.16397040259949075,0.07444582917539985,4.989078592696687,0.1700651268392614,0.09661173366314127,0.27378907639727684,0.08282350651049271,True
20260719,M3,case_td030_pa200_pp0_5_gamma_004__steady,cmaes,72,4.498339394919382,0.19225823631756073,0.07801725283058629,4.989078592696687,0.1700651268392614,0.09661173366314127,0.095665759691396,0.08282350651049271,True
20260719,M3,case_td030_pa200_pp0_5_gamma_004__steady,cmaes,73,4.507261724658819,0.18638833615746297,0.0796779747331049,4.989078592696687,0.1700651268392614,0.09661173366314127,0.10361316839067408,0.08282350651049271,True
20260719,M3,case_td030_pa200_pp0_5_gamma_004__steady,cmaes,74,4.312767589485333,0.19476108681308812,0.08924157510879202,4.989078592696687,0.1700651268392614,0.09661173366314127,0.11426823270022186,0.08282350651049271,True
20260719,M3,case_td030_pa200_pp0_5_gamma_004__steady,cmaes,75,4.019718587537195,0.18117408422644343,0.08021261526186256,4.989078592696687,0.1700651268392614,0.09661173366314127,0.1755274501401765,0.08282350651049271,True
20260719,M3,case_td030_pa200_pp0_5_gamma_004__steady,cmaes,76,4.901809619808052,0.17587066213675007,0.07771160302019017,4.901809619808052,0.17587066213675007,0.07771160302019017,0.08041481176355579,0.08041481176355579,True
20260719,M3,case_td030_pa200_pp0_5_gamma_004__steady,cmaes,77,4.380429706894732,0.17182450922184037,0.07402041608474477,4.901809619808052,0.17587066213675007,0.07771160302019017,0.14440334843613184,0.08041481176355579,True
20260719,M3,case_td030_pa200_pp0_5_gamma_004__steady,cmaes,78,4.176406478249469,0.18252574648381442,0.0886073515163975,4.901809619808052,0.17587066213675007,0.07771160302019017,0.15149507651463426,0.08041481176355579,True
20260719,M3,case_td030_pa200_pp0_5_gamma_004__steady,cmaes,79,4.411445571366098,0.16261913831996172,0.07255358669198955,4.901809619808052,0.17587066213675007,0.07771160302019017,0.15889959104674325,0.08041481176355579,True
20260719,M3,case_td030_pa200_pp0_5_gamma_004__steady,cmaes,80,4.26450601165846,0.19766540409429784,0.08433002426237965,4.901809619808052,0.17587066213675007,0.07771160302019017,0.11623852405748308,0.08041481176355579,True
20260719,M3,case_td030_pa200_pp0_5_gamma_004__steady,cmaes,81,4.8264445195906305,0.16963569288638508,0.08871862809633899,4.901809619808052,0.17587066213675007,0.07771160302019017,0.09862301896966634,0.08041481176355579,True
20260719,M3,case_td030_pa200_pp0_5_gamma_004__steady,cmaes,82,4.928517568123102,0.1724189184340813,0.08550800401115194,4.901809619808052,0.17587066213675007,0.07771160302019017,0.08386672676097609,0.08041481176355579,True
20260719,M3,case_td030_pa200_pp0_5_gamma_004__steady,cmaes,83,4.788813229627549,0.1564264124014188,0.08133443060008361,4.901809619808052,0.17587066213675007,0.07771160302019017,0.12996409597260686,0.08041481176355579,True
20260719,M3,case_td030_pa200_pp0_5_gamma_004__steady,cmaes,84,4.813229945889846,0.18645809472300995,0.09512792533146217,4.813229945889846,0.18645809472300995,0.09512792533146217,0.07215164112423507,0.07215164112423507,True
20260719,M3,case_td030_pa200_pp0_5_gamma_004__steady,cmaes,85,4.730701050642086,0.17336288399576283,0.09323182816133319,4.813229945889846,0.18645809472300995,0.09512792533146217,0.10139288910833423,0.07215164112423507,True
20260719,M3,case_td030_pa200_pp0_5_gamma_004__steady,cmaes,86,4.703855738791898,0.19408818281895357,0.08012281431441205,4.703855738791898,0.19408818281895357,0.08012281431441205,0.07179629665458298,0.07179629665458298,True
20260719,M3,case_td030_pa200_pp0_5_gamma_004__steady,cmaes,87,4.730211644252709,0.17124142883299734,0.07647597660914437,4.703855738791898,0.19408818281895357,0.08012281431441205,0.10544235418206441,0.07179629665458298,True
20260719,M3,case_td030_pa200_pp0_5_gamma_004__steady,cmaes,88,4.8027046911614875,0.18300564186282575,0.084783874893577,4.703855738791898,0.19408818281895357,0.08012281431441205,0.07803884042225058,0.07179629665458298,True
20260719,M3,case_td030_pa200_pp0_5_gamma_004__steady,cmaes,89,4.69077301049783,0.17411675269209242,0.08224759730944303,4.703855738791898,0.19408818281895357,0.08012281431441205,0.10418247454084704,0.07179629665458298,True
20260719,M3,case_td030_pa200_pp0_5_gamma_004__steady,cmaes,90,4.282128803558263,0.18313271974971584,0.08494970826863382,4.703855738791898,0.19408818281895357,0.08012281431441205,0.13652792853014006,0.07179629665458298,True
20260719,M3,case_td030_pa200_pp0_5_gamma_004__steady,cmaes,91,4.613984471996718,0.1768928873139623,0.07666539012027429,4.703855738791898,0.19408818281895357,0.08012281431441205,0.10758455657390724,0.07179629665458298,True
20260719,M3,case_td030_pa200_pp0_5_gamma_004__steady,cmaes,92,4.527387650940842,0.19647087380404177,0.06939542077430286,4.703855738791898,0.19408818281895357,0.08012281431441205,0.08663749782710597,0.07179629665458298,True
20260719,M3,case_td030_pa200_pp0_5_gamma_004__steady,cmaes,93,4.763300287842366,0.18427769625161972,0.06328998510898007,4.703855738791898,0.19408818281895357,0.08012281431441205,0.08027853298426162,0.07179629665458298,True
20260719,M3,case_td030_pa200_pp0_5_gamma_004__steady,cmaes,94,4.784630389930788,0.185397751050082,0.0825875685969282,4.703855738791898,0.19408818281895357,0.08012281431441205,0.07616895932887267,0.07179629665458298,True
20260719,M3,case_td030_pa200_pp0_5_gamma_004__steady,cmaes,95,4.932214293900845,0.17068920208694072,0.09047460076443802,4.703855738791898,0.19408818281895357,0.08012281431441205,0.08664660293248333,0.07179629665458298,True
20260719,M3,case_td030_pa200_pp0_5_gamma_004__steady,cmaes,96,4.549123174948901,0.19680594987077332,0.08513618943082854,4.703855738791898,0.19408818281895357,0.08012281431441205,0.08356005088131999,0.07179629665458298,True
20260719,M3,case_td030_pa200_pp0_5_gamma_004__steady,cmaes,97,4.7777482638767585,0.1919004618131126,0.0939755473066603,4.7777482638767585,0.1919004618131126,0.0939755473066603,0.0680520738955384,0.0680520738955384,True
20260719,M3,case_td030_pa200_pp0_5_gamma_004__steady,cmaes,98,4.742576885137382,0.17284101499258037,0.09235709456666791,4.7777482638767585,0.1919004618131126,0.0939755473066603,0.10111331241227214,0.0680520738955384,True
20260719,M3,case_td030_pa200_pp0_5_gamma_004__steady,cmaes,99,4.695422625500202,0.17501734726242252,0.07871697990412763,4.7777482638767585,0.1919004618131126,0.0939755473066603,0.10210001303899062,0.0680520738955384,True
20260719,M3,case_td030_pa200_pp0_5_gamma_004__steady,cmaes,100,4.8579449256125224,0.1965095857408083,0.08829966833574303,4.8579449256125224,0.1965095857408083,0.08829966833574303,0.05720703885789091,0.05720703885789091,True
20260719,M3,case_td030_pa200_pp0_5_gamma_004__steady,tpe,1,3.0,0.125,0.07,3.0,0.125,0.07,0.4420755918508906,0.4420755918508906,True
20260719,M3,case_td030_pa200_pp0_5_gamma_004__steady,tpe,2,2.6006377805644707,0.05672031544366225,0.06170123140317173,3.0,0.125,0.07,0.6687638876137004,0.4420755918508906,True
20260719,M3,case_td030_pa200_pp0_5_gamma_004__steady,tpe,3,3.4853445072597085,0.19794050241709282,0.08970988881850256,3.4853445072597085,0.19794050241709282,0.08970988881850256,0.2330311659631814,0.2330311659631814,True
20260719,M3,case_td030_pa200_pp0_5_gamma_004__steady,tpe,4,1.9970704004303768,0.05100368262317501,0.0660399064940572,3.4853445072597085,0.19794050241709282,0.08970988881850256,0.7478111508372578,0.2330311659631814,True
20260719,M3,case_td030_pa200_pp0_5_gamma_004__steady,tpe,5,1.4695452846705197,0.1639995024273858,0.07433993500118413,3.4853445072597085,0.19794050241709282,0.08970988881850256,0.6569208622365174,0.2330311659631814,True
20260719,M3,case_td030_pa200_pp0_5_gamma_004__steady,tpe,6,3.7210666783923645,0.17010766184394438,0.0498405303611734,3.4853445072597085,0.19794050241709282,0.08970988881850256,0.24010413826933802,0.2330311659631814,True
20260719,M3,case_td030_pa200_pp0_5_gamma_004__steady,tpe,7,1.4444429133866605,0.09396786102261226,0.08553004506574635,3.4853445072597085,0.19794050241709282,0.08970988881850256,0.7413670443033824,0.2330311659631814,True
20260719,M3,case_td030_pa200_pp0_5_gamma_004__steady,tpe,8,3.2340393965752168,0.06182829423455549,0.07185477451728291,3.4853445072597085,0.19794050241709282,0.08970988881850256,0.5843028407447084,0.2330311659631814,True
20260719,M3,case_td030_pa200_pp0_5_gamma_004__steady,tpe,9,1.9950056485538021,0.16897675462974132,0.05588925888099723,3.4853445072597085,0.19794050241709282,0.08970988881850256,0.5514352056396911,0.2330311659631814,True
20260719,M3,case_td030_pa200_pp0_5_gamma_004__steady,tpe,10,1.4428575108835173,0.13499632038068948,0.06148051320398081,3.4853445072597085,0.19794050241709282,0.08970988881850256,0.6919272831293015,0.2330311659631814,True
20260719,M3,case_td030_pa200_pp0_5_gamma_004__steady,tpe,11,2.2012471008620715,0.08847586389157702,0.054855461287572675,3.4853445072597085,0.19794050241709282,0.08970988881850256,0.6442989021447653,0.2330311659631814,True
20260719,M3,case_td030_pa200_pp0_5_gamma_004__steady,tpe,12,4.390103865183587,0.1919415296273928,0.042329547136082724,4.390103865183587,0.1919415296273928,0.042329547136082724,0.11076029174474128,0.11076029174474128,True
20260719,M3,case_td030_pa200_pp0_5_gamma_004__steady,tpe,13,3.012084859998472,0.18050940865440607,0.09022376066640433,4.390103865183587,0.1919415296273928,0.042329547136082724,0.3405092283425406,0.11076029174474128,True
20260719,M3,case_td030_pa200_pp0_5_gamma_004__steady,tpe,14,3.1579537958736577,0.05659507067834116,0.08651373201622464,4.390103865183587,0.1919415296273928,0.042329547136082724,0.6082761625736647,0.11076029174474128,True
20260719,M3,case_td030_pa200_pp0_5_gamma_004__steady,tpe,15,4.708396244968439,0.18083034625538585,0.08721088680489483,4.708396244968439,0.18083034625538585,0.08721088680489483,0.0906709594386631,0.0906709594386631,True
20260719,M3,case_td030_pa200_pp0_5_gamma_004__steady,tpe,16,4.86685224998527,0.15045976089689403,0.0804310696520052,4.708396244968439,0.18083034625538585,0.08721088680489483,0.13602309089013515,0.0906709594386631,True
20260719,M3,case_td030_pa200_pp0_5_gamma_004__steady,tpe,17,4.981615244578921,0.19866333978919276,0.06619164853830016,4.981615244578921,0.19866333978919276,0.06619164853830016,0.050669219732189644,0.050669219732189644,True
20260719,M3,case_td030_pa200_pp0_5_gamma_004__steady,tpe,18,4.9817484982452775,0.19573954070758512,0.0776052773739196,4.981615244578921,0.19866333978919276,0.06619164853830016,0.05186437439375185,0.050669219732189644,True
20260719,M3,case_td030_pa200_pp0_5_gamma_004__steady,tpe,19,4.860020427932645,0.1975023523295671,0.06283625682276464,4.981615244578921,0.19866333978919276,0.06619164853830016,0.056563380195530547,0.050669219732189644,True
20260719,M3,case_td030_pa200_pp0_5_gamma_004__steady,tpe,20,4.6017051230573776,0.11622450644955326,0.05479082744953477,4.981615244578921,0.19866333978919276,0.06619164853830016,0.2594003957593639,0.050669219732189644,True
20260719,M3,case_td030_pa200_pp0_5_gamma_004__steady,tpe,21,3.8811128171519576,0.15552451750554486,0.0733568025122105,4.981615244578921,0.19866333978919276,0.06619164853830016,0.24335352336033755,0.050669219732189644,True
20260719,M3,case_td030_pa200_pp0_5_gamma_004__steady,tpe,22,4.664437827766889,0.1976266098170276,0.06849165280096656,4.981615244578921,0.19866333978919276,0.06619164853830016,0.07126869987512059,0.050669219732189644,True
20260719,M3,case_td030_pa200_pp0_5_gamma_004__steady,tpe,23,4.945317048222444,0.16744541900551382,0.058637393545549595,4.981615244578921,0.19866333978919276,0.06619164853830016,0.09215048921857445,0.050669219732189644,True
20260719,M3,case_td030_pa200_pp0_5_gamma_004__steady,tpe,24,3.3010564565898313,0.19878202986742494,0.06104150453433154,4.981615244578921,0.19866333978919276,0.06619164853830016,0.2642446105049941,0.050669219732189644,True
20260719,M3,case_td030_pa200_pp0_5_gamma_004__steady,tpe,25,4.168105738699715,0.19519546850172947,0.07725203227902164,4.981615244578921,0.19866333978919276,0.06619164853830016,0.1327423087206171,0.050669219732189644,True
20260719,M3,case_td030_pa200_pp0_5_gamma_004__steady,tpe,26,4.8694986459363445,0.19777345056389026,0.06274605433932415,4.981615244578921,0.19866333978919276,0.06619164853830016,0.05580347276862404,0.050669219732189644,True
20260719,M3,case_td030_pa200_pp0_5_gamma_004__steady,tpe,27,4.849261629583346,0.17066039829573376,0.06968128280700525,4.981615244578921,0.19866333978919276,0.06619164853830016,0.09470593315591212,0.050669219732189644,True
20260719,M3,case_td030_pa200_pp0_5_gamma_004__steady,tpe,28,4.169794159566404,0.19994784012690178,0.06107857960288019,4.981615244578921,0.19866333978919276,0.06619164853830016,0.12619445845666505,0.050669219732189644,True
20260719,M3,case_td030_pa200_pp0_5_gamma_004__steady,tpe,29,4.948487869412003,0.19500443711553975,0.07664180592988676,4.981615244578921,0.19866333978919276,0.06619164853830016,0.05365127625286809,0.050669219732189644,True
20260719,M3,case_td030_pa200_pp0_5_gamma_004__steady,tpe,30,4.956432244688856,0.18732631431431618,0.08379373486168515,4.981615244578921,0.19866333978919276,0.06619164853830016,0.06003444309027928,0.050669219732189644,True
20260719,M3,case_td030_pa200_pp0_5_gamma_004__steady,tpe,31,4.930833977665169,0.1724189466905931,0.07502375621796402,4.981615244578921,0.19866333978919276,0.06619164853830016,0.08376211331486223,0.050669219732189644,True
20260719,M3,case_td030_pa200_pp0_5_gamma_004__steady,tpe,32,4.907652498615518,0.1946169766507188,0.06982017197686156,4.981615244578921,0.19866333978919276,0.06619164853830016,0.05610780868892848,0.050669219732189644,True
20260719,M3,case_td030_pa200_pp0_5_gamma_004__steady,tpe,33,4.677538429842282,0.19802095850805845,0.07859740533311284,4.981615244578921,0.19866333978919276,0.06619164853830016,0.06939097757933688,0.050669219732189644,True
20260719,M3,case_td030_pa200_pp0_5_gamma_004__steady,tpe,34,4.947410001225663,0.19789458952897013,0.058534711166096834,4.981615244578921,0.19866333978919276,0.06619164853830016,0.052202606656896806,0.050669219732189644,True
20260719,M3,case_td030_pa200_pp0_5_gamma_004__steady,tpe,35,4.899446450946497,0.19270816718433617,0.04601352378661801,4.981615244578921,0.19866333978919276,0.06619164853830016,0.059166274553858464,0.050669219732189644,True
20260719,M3,case_td030_pa200_pp0_5_gamma_004__steady,tpe,36,4.5529615533453835,0.1982011067981154,0.08500859178760961,4.981615244578921,0.19866333978919276,0.06619164853830016,0.08130331421847804,0.050669219732189644,True
20260719,M3,case_td030_pa200_pp0_5_gamma_004__steady,tpe,37,4.918740693461043,0.19350977181750786,0.07159682099415947,4.981615244578921,0.19866333978919276,0.06619164853830016,0.056401781106923156,0.050669219732189644,True
20260719,M3,case_td030_pa200_pp0_5_gamma_004__steady,tpe,38,3.6506376937171336,0.08618005495931777,0.04848573711002751,4.981615244578921,0.19866333978919276,0.06619164853830016,0.46053329506647606,0.050669219732189644,True
20260719,M3,case_td030_pa200_pp0_5_gamma_004__steady,tpe,39,4.94575229658844,0.18959626399354335,0.06846039155028173,4.981615244578921,0.19866333978919276,0.06619164853830016,0.058533448213031594,0.050669219732189644,True
20260719,M3,case_td030_pa200_pp0_5_gamma_004__steady,tpe,40,1.846419304435088,0.18378340087260875,0.09787376802816526,4.981615244578921,0.19866333978919276,0.06619164853830016,0.5635381979374853,0.050669219732189644,True
20260719,M3,case_td030_pa200_pp0_5_gamma_004__steady,tpe,41,1.0318597592789536,0.14756630188177447,0.0930997086130473,4.981615244578921,0.19866333978919276,0.06619164853830016,0.7471584621851161,0.050669219732189644,True
20260719,M3,case_td030_pa200_pp0_5_gamma_004__steady,tpe,42,4.975023681431497,0.18772801570396183,0.058263876132562294,4.981615244578921,0.19866333978919276,0.06619164853830016,0.05893241375462353,0.050669219732189644,True
20260719,M3,case_td030_pa200_pp0_5_gamma_004__steady,tpe,43,4.963353507891833,0.18224001236005752,0.05685226443404391,4.981615244578921,0.19866333978919276,0.06619164853830016,0.06634615415064897,0.050669219732189644,True
20260719,M3,case_td030_pa200_pp0_5_gamma_004__steady,tpe,44,3.7555230042922565,0.10310957604365294,0.08122151166374787,4.981615244578921,0.19866333978919276,0.06619164853830016,0.3934933199857307,0.050669219732189644,True
20260719,M3,case_td030_pa200_pp0_5_gamma_004__steady,tpe,45,4.985196427943454,0.19878097224120037,0.058630082545312545,4.985196427943454,0.19878097224120037,0.058630082545312545,0.05064677265766859,0.05064677265766859,True
20260719,M3,case_td030_pa200_pp0_5_gamma_004__steady,tpe,46,3.86900620828827,0.17833076044989726,0.06559053237121332,4.985196427943454,0.19878097224120037,0.058630082545312545,0.2026552754061286,0.05064677265766859,True
20260719,M3,case_td030_pa200_pp0_5_gamma_004__steady,tpe,47,4.390915782390378,0.060562678406833687,0.06679391312956845,4.985196427943454,0.19878097224120037,0.058630082545312545,0.47868029302093285,0.05064677265766859,True
20260719,M3,case_td030_pa200_pp0_5_gamma_004__steady,tpe,48,4.851880418662936,0.1994368059804708,0.05703407547417557,4.985196427943454,0.19878097224120037,0.058630082545312545,0.05564116000444621,0.05064677265766859,True
20260719,M3,case_td030_pa200_pp0_5_gamma_004__steady,tpe,49,1.9444663706987315,0.15244478148953827,0.04031047580342746,4.985196427943454,0.19878097224120037,0.058630082545312545,0.5822151124671632,0.05064677265766859,True
20260719,M3,case_td030_pa200_pp0_5_gamma_004__steady,tpe,50,3.2677230806590307,0.13558624406310474,0.04991879921490171,4.985196427943454,0.19878097224120037,0.058630082545312545,0.37825409708557606,0.05064677265766859,True
20260719,M3,case_td030_pa200_pp0_5_gamma_004__steady,tpe,51,4.86168260491009,0.1985450797894749,0.07535657092292916,4.985196427943454,0.19878097224120037,0.058630082545312545,0.0553873633698829,0.05064677265766859,True
20260719,M3,case_td030_pa200_pp0_5_gamma_004__steady,tpe,52,4.63265257082508,0.06173796997817563,0.09294995954135944,4.985196427943454,0.19878097224120037,0.058630082545312545,0.454058970180855,0.05064677265766859,True
20260719,M3,case_td030_pa200_pp0_5_gamma_004__steady,tpe,53,4.90282029518001,0.19640061810872445,0.07885978519047004,4.985196427943454,0.19878097224120037,0.058630082545312545,0.054817506757043596,0.05064677265766859,True
20260719,M3,case_td030_pa200_pp0_5_gamma_004__steady,tpe,54,4.717369624876966,0.1873520782016205,0.09749499669822942,4.985196427943454,0.19878097224120037,0.058630082545312545,0.07975175186481155,0.05064677265766859,True
20260719,M3,case_td030_pa200_pp0_5_gamma_004__steady,tpe,55,4.788780368613192,0.18796103794546654,0.08194435209232692,4.985196427943454,0.19878097224120037,0.058630082545312545,0.0721957350284712,0.05064677265766859,True
20260719,M3,case_td030_pa200_pp0_5_gamma_004__steady,tpe,56,4.992216546668309,0.19593108891808578,0.050075268822294336,4.985196427943454,0.19878097224120037,0.058630082545312545,0.051881292647835024,0.05064677265766859,True
20260719,M3,case_td030_pa200_pp0_5_gamma_004__steady,tpe,57,4.28036007142218,0.1654691712335613,0.045277102048750066,4.985196427943454,0.19878097224120037,0.058630082545312545,0.1709208886181553,0.05064677265766859,True
20260719,M3,case_td030_pa200_pp0_5_gamma_004__steady,tpe,58,1.6693309385915998,0.05095800018610555,0.08633501107380247,4.985196427943454,0.19878097224120037,0.058630082545312545,0.7818062372758479,0.05064677265766859,True
20260719,M3,case_td030_pa200_pp0_5_gamma_004__steady,tpe,59,4.108419849874766,0.19731212461164582,0.050961255489207276,4.985196427943454,0.19878097224120037,0.058630082545312545,0.13901615086811753,0.05064677265766859,True
20260719,M3,case_td030_pa200_pp0_5_gamma_004__steady,tpe,60,4.90479117772094,0.16768704122291725,0.046884197584437806,4.985196427943454,0.19878097224120037,0.058630082545312545,0.09619409624735875,0.05064677265766859,True
20260719,M3,case_td030_pa200_pp0_5_gamma_004__steady,tpe,61,4.906652991811264,0.19641687808159838,0.05812822473180321,4.985196427943454,0.19878097224120037,0.058630082545312545,0.05499935947132196,0.05064677265766859,True
20260719,M3,case_td030_pa200_pp0_5_gamma_004__steady,tpe,62,4.953231943388793,0.1976708935171501,0.05190899277638112,4.985196427943454,0.19878097224120037,0.058630082545312545,0.052275044702063095,0.05064677265766859,True
20260719,M3,case_td030_pa200_pp0_5_gamma_004__steady,tpe,63,4.550371418236872,0.196929305552564,0.04939644994904537,4.985196427943454,0.19878097224120037,0.058630082545312545,0.08449526763593024,0.05064677265766859,True
20260719,M3,case_td030_pa200_pp0_5_gamma_004__steady,tpe,64,4.706924472079429,0.18968803529878217,0.05184058132084788,4.985196427943454,0.19878097224120037,0.058630082545312545,0.07837304254442934,0.05064677265766859,True
20260719,M3,case_td030_pa200_pp0_5_gamma_004__steady,tpe,65,4.9642796184224816,0.19571983764834414,0.060041570256654055,4.985196427943454,0.19878097224120037,0.058630082545312545,0.05278417912789146,0.05064677265766859,True
20260719,M3,case_td030_pa200_pp0_5_gamma_004__steady,tpe,66,4.873026053957317,0.1882629220574445,0.057764259964390635,4.985196427943454,0.19878097224120037,0.058630082545312545,0.06544983864778894,0.05064677265766859,True
20260719,M3,case_td030_pa200_pp0_5_gamma_004__steady,tpe,67,4.8903182439309125,0.1980256481961357,0.040905996704718096,4.985196427943454,0.19878097224120037,0.058630082545312545,0.055285553279742466,0.05064677265766859,True
20260719,M3,case_td030_pa200_pp0_5_gamma_004__steady,tpe,68,4.763105131157777,0.1989764319135513,0.05708683564842505,4.985196427943454,0.19878097224120037,0.058630082545312545,0.06186856219180332,0.05064677265766859,True
20260719,M3,case_td030_pa200_pp0_5_gamma_004__steady,tpe,69,4.8402965675865826,0.19990070011635863,0.05437484418772972,4.985196427943454,0.19878097224120037,0.058630082545312545,0.056019501805544256,0.05064677265766859,True
20260719,M3,case_td030_pa200_pp0_5_gamma_004__steady,tpe,70,4.990928145229023,0.1988546369301051,0.06064984779215716,4.990928145229023,0.1988546369301051,0.06064984779215716,0.05046057658553898,0.05046057658553898,True
20260719,M3,case_td030_pa200_pp0_5_gamma_004__steady,tpe,71,4.530440982116223,0.15300445720121172,0.06094207835524565,4.990928145229023,0.1988546369301051,0.06064984779215716,0.16643615244268542,0.05046057658553898,True
20260719,M3,case_td030_pa200_pp0_5_gamma_004__steady,tpe,72,4.966650471204638,0.19935198083606953,0.05442040248367448,4.990928145229023,0.1988546369301051,0.06064984779215716,0.05097977349150749,0.05046057658553898,True
20260719,M3,case_td030_pa200_pp0_5_gamma_004__steady,tpe,73,4.892048205856355,0.1829711343873026,0.05349878397075108,4.990928145229023,0.1988546369301051,0.06064984779215716,0.07114655263427415,0.05046057658553898,True
20260719,M3,case_td030_pa200_pp0_5_gamma_004__steady,tpe,74,4.061607467895779,0.19136218389425896,0.056957513584659114,4.990928145229023,0.1988546369301051,0.06064984779215716,0.1541067945680314,0.05046057658553898,True
20260719,M3,case_td030_pa200_pp0_5_gamma_004__steady,tpe,75,4.997282223922847,0.18849070037638352,0.05103478639817768,4.990928145229023,0.1988546369301051,0.06064984779215716,0.05713436682342426,0.05046057658553898,True
20260719,M3,case_td030_pa200_pp0_5_gamma_004__steady,tpe,76,2.089311833492101,0.09219905301391272,0.06982470047969477,4.990928145229023,0.1988546369301051,0.06064984779215716,0.652212116926803,0.05046057658553898,True
20260719,M3,case_td030_pa200_pp0_5_gamma_004__steady,tpe,77,4.2796365415634,0.19655740650990713,0.0639671873934774,4.990928145229023,0.1988546369301051,0.06064984779215716,0.11639871066523776,0.05046057658553898,True
20260719,M3,case_td030_pa200_pp0_5_gamma_004__steady,tpe,78,4.75351710199088,0.16818825250509978,0.06002503899061216,4.990928145229023,0.1988546369301051,0.06064984779215716,0.10945926193103367,0.05046057658553898,True
20260719,M3,case_td030_pa200_pp0_5_gamma_004__steady,tpe,79,2.6411588848392187,0.16644356893349804,0.07385417047163277,4.990928145229023,0.1988546369301051,0.06064984779215716,0.4296266647996873,0.05046057658553898,True
20260719,M3,case_td030_pa200_pp0_5_gamma_004__steady,tpe,80,2.048766687262182,0.10137056713388978,0.0986437186861762,4.990928145229023,0.1988546369301051,0.06064984779215716,0.6401847269701032,0.05046057658553898,True
20260719,M3,case_td030_pa200_pp0_5_gamma_004__steady,tpe,81,4.926871405915186,0.1983627349736824,0.06488068418226332,4.990928145229023,0.1988546369301051,0.06064984779215716,0.05259772749630362,0.05046057658553898,True
20260719,M3,case_td030_pa200_pp0_5_gamma_004__steady,tpe,82,4.729070878762819,0.19994701826802588,0.06482806381150243,4.990928145229023,0.1988546369301051,0.06064984779215716,0.06321326266600848,0.05046057658553898,True
20260719,M3,case_td030_pa200_pp0_5_gamma_004__steady,tpe,83,4.791152300268194,0.1992155347861041,0.06717940749662331,4.990928145229023,0.1988546369301051,0.06064984779215716,0.059300783901160614,0.05046057658553898,True
20260719,M3,case_td030_pa200_pp0_5_gamma_004__steady,tpe,84,2.214308791476672,0.053208980396082295,0.04241088808106919,4.990928145229023,0.1988546369301051,0.06064984779215716,0.7208486398210633,0.05046057658553898,True
20260719,M3,case_td030_pa200_pp0_5_gamma_004__steady,tpe,85,4.9707284931861455,0.19498938943956018,0.06492005185539082,4.990928145229023,0.1988546369301051,0.06064984779215716,0.05287756228218998,0.05046057658553898,True
20260719,M3,case_td030_pa200_pp0_5_gamma_004__steady,tpe,86,4.968646635621064,0.16539729661353528,0.06068121156844977,4.990928145229023,0.1988546369301051,0.06064984779215716,0.09389491403721889,0.05046057658553898,True
20260719,M3,case_td030_pa200_pp0_5_gamma_004__steady,tpe,87,4.83270666740038,0.19086407074035144,0.050896734332013964,4.990928145229023,0.1988546369301051,0.06064984779215716,0.06575937594819854,0.05046057658553898,True
20260719,M3,case_td030_pa200_pp0_5_gamma_004__steady,tpe,88,4.9635889027035045,0.19550529194334845,0.05914446965429158,4.990928145229023,0.1988546369301051,0.06064984779215716,0.05296717626081557,0.05046057658553898,True
20260719,M3,case_td030_pa200_pp0_5_gamma_004__steady,tpe,89,4.284518932334915,0.16670542577911393,0.0673498343943866,4.990928145229023,0.1988546369301051,0.06064984779215716,0.16656770915612493,0.05046057658553898,True
20260719,M3,case_td030_pa200_pp0_5_gamma_004__steady,tpe,90,4.96770215622524,0.19692985948785904,0.05307654004859316,4.990928145229023,0.1988546369301051,0.06064984779215716,0.0521221855242791,0.05046057658553898,True
20260719,M3,case_td030_pa200_pp0_5_gamma_004__steady,tpe,91,4.985999488312153,0.19584318630997977,0.041798381160761344,4.990928145229023,0.1988546369301051,0.06064984779215716,0.05240864828506508,0.05046057658553898,True
20260719,M3,case_td030_pa200_pp0_5_gamma_004__steady,tpe,92,4.982111362907312,0.19867275271072146,0.047747763077085476,4.990928145229023,0.1988546369301051,0.06064984779215716,0.050980634906778934,0.05046057658553898,True
20260719,M3,case_td030_pa200_pp0_5_gamma_004__steady,tpe,93,4.745320289849839,0.19810464274988848,0.05312005065098713,4.990928145229023,0.1988546369301051,0.06064984779215716,0.06433478304394871,0.05046057658553898,True
20260719,M3,case_td030_pa200_pp0_5_gamma_004__steady,tpe,94,4.443365348804228,0.1987523985040317,0.04700974570471101,4.990928145229023,0.1988546369301051,0.06064984779215716,0.09414339758907928,0.05046057658553898,True
20260719,M3,case_td030_pa200_pp0_5_gamma_004__steady,tpe,95,4.985659687635831,0.19547293556180623,0.04849565112814355,4.990928145229023,0.1988546369301051,0.06064984779215716,0.05241337728949832,0.05046057658553898,True
20260719,M3,case_td030_pa200_pp0_5_gamma_004__steady,tpe,96,4.9514936047458615,0.17516546260561697,0.04835919961040507,4.990928145229023,0.1988546369301051,0.06064984779215716,0.07838758948958144,0.05046057658553898,True
20260719,M3,case_td030_pa200_pp0_5_gamma_004__steady,tpe,97,4.725636174606166,0.19875711533770293,0.05653096227226178,4.990928145229023,0.1988546369301051,0.06064984779215716,0.0650629879725137,0.05046057658553898,True
20260719,M3,case_td030_pa200_pp0_5_gamma_004__steady,tpe,98,4.928115629588425,0.19840014778091364,0.04660993832547587,4.990928145229023,0.1988546369301051,0.06064984779215716,0.05300479441735558,0.05046057658553898,True
20260719,M3,case_td030_pa200_pp0_5_gamma_004__steady,tpe,99,1.3236676126619025,0.09147907266792199,0.047390881889573064,4.990928145229023,0.1988546369301051,0.06064984779215716,0.7625347990673584,0.05046057658553898,True
20260719,M3,case_td030_pa200_pp0_5_gamma_004__steady,tpe,100,4.178564014955793,0.1731021203200611,0.05354541525549526,4.990928145229023,0.1988546369301051,0.06064984779215716,0.16894769398078277,0.05046057658553898,True
20260719,M3,case_td030_pa200_pp0_5_gamma_004__steady,random,1,3.0,0.125,0.07,3.0,0.125,0.07,0.4420755918508906,0.4420755918508906,True
20260719,M3,case_td030_pa200_pp0_5_gamma_004__steady,random,2,4.217637077783944,0.11214002325357,0.04165838949038345,4.217637077783944,0.11214002325357,0.04165838949038345,0.3138650431381605,0.3138650431381605,True
20260719,M3,case_td030_pa200_pp0_5_gamma_004__steady,random,3,2.8137661663631737,0.12259529401565972,0.06770617894528172,4.217637077783944,0.11214002325357,0.04165838949038345,0.4769788863171673,0.3138650431381605,True
20260719,M3,case_td030_pa200_pp0_5_gamma_004__steady,random,4,2.283595988833366,0.18699104971509223,0.07841926619040057,4.217637077783944,0.11214002325357,0.04165838949038345,0.4721127617652505,0.3138650431381605,True
20260719,M3,case_td030_pa200_pp0_5_gamma_004__steady,random,5,2.276926401392143,0.18266424432287842,0.08508260408655505,4.217637077783944,0.11214002325357,0.04165838949038345,0.47849504631003215,0.3138650431381605,True
20260719,M3,case_td030_pa200_pp0_5_gamma_004__steady,random,6,1.2430773036268263,0.11302466793990991,0.07067849457287324,4.217637077783944,0.11214002325357,0.04165838949038345,0.7474330182535571,0.3138650431381605,True
20260719,M3,case_td030_pa200_pp0_5_gamma_004__steady,random,7,3.3381424110335596,0.13430427595046635,0.05882179203239535,4.217637077783944,0.11214002325357,0.04165838949038345,0.36966960954271794,0.3138650431381605,True
20260719,M3,case_td030_pa200_pp0_5_gamma_004__steady,random,8,2.2088755620229668,0.08005870849694514,0.09983617588711843,4.217637077783944,0.11214002325357,0.04165838949038345,0.6594631231901548,0.3138650431381605,True
20260719,M3,case_td030_pa200_pp0_5_gamma_004__steady,random,9,1.0491116652186765,0.1889949306967666,0.08790629125530022,4.217637077783944,0.11214002325357,0.04165838949038345,0.711936249560581,0.3138650431381605,True
20260719,M3,case_td030_pa200_pp0_5_gamma_004__steady,random,10,4.840676181282388,0.15184819148564443,0.08935238176248268,4.840676181282388,0.15184819148564443,0.08935238176248268,0.1353051299233825,0.1353051299233825,True
20260719,M3,case_td030_pa200_pp0_5_gamma_004__steady,random,11,1.277900093251413,0.08178287245528817,0.06793927163495014,4.840676181282388,0.15184819148564443,0.08935238176248268,0.7802578195423943,0.1353051299233825,True
20260719,M3,case_td030_pa200_pp0_5_gamma_004__steady,random,12,1.8554822398102773,0.16821719925291306,0.04894944644048533,4.840676181282388,0.15184819148564443,0.08935238176248268,0.5798230245963464,0.1353051299233825,True
20260719,M3,case_td030_pa200_pp0_5_gamma_004__steady,random,13,4.586314117330403,0.14493714183319537,0.0811531703666053,4.840676181282388,0.15184819148564443,0.08935238176248268,0.17893182910037925,0.1353051299233825,True
20260719,M3,case_td030_pa200_pp0_5_gamma_004__steady,random,14,4.440887697107645,0.14209457707267925,0.07243284185739854,4.840676181282388,0.15184819148564443,0.08935238176248268,0.2025706533101053,0.1353051299233825,True
20260719,M3,case_td030_pa200_pp0_5_gamma_004__steady,random,15,2.0457941719301473,0.06851514835609962,0.0478193876239977,4.840676181282388,0.15184819148564443,0.08935238176248268,0.7068644835230993,0.1353051299233825,True
20260719,M3,case_td030_pa200_pp0_5_gamma_004__steady,random,16,4.742525201695573,0.10554427703075189,0.07804538325318125,4.840676181282388,0.15184819148564443,0.08935238176248268,0.2801609175545685,0.1353051299233825,True
20260719,M3,case_td030_pa200_pp0_5_gamma_004__steady,random,17,1.1150079372557395,0.07054209970949019,0.06862997584049282,4.840676181282388,0.15184819148564443,0.08935238176248268,0.8137448047604826,0.1353051299233825,True
20260719,M3,case_td030_pa200_pp0_5_gamma_004__steady,random,18,4.768427979236791,0.19827871885934195,0.09837175698021267,4.768427979236791,0.19827871885934195,0.09837175698021267,0.06166478266738769,0.06166478266738769,True
20260719,M3,case_td030_pa200_pp0_5_gamma_004__steady,random,19,2.60357931321533,0.13162573196514019,0.0547053377742182,4.768427979236791,0.19827871885934195,0.09837175698021267,0.4945705055206788,0.06166478266738769,True
20260719,M3,case_td030_pa200_pp0_5_gamma_004__steady,random,20,3.7095989263607096,0.09302125992583336,0.04533624194360779,4.768427979236791,0.19827871885934195,0.09837175698021267,0.4319770330850787,0.06166478266738769,True
20260719,M3,case_td030_pa200_pp0_5_gamma_004__steady,random,21,1.8271084990409445,0.07517883704586706,0.06418218460831375,4.768427979236791,0.19827871885934195,0.09837175698021267,0.7206294342172614,0.06166478266738769,True
20260719,M3,case_td030_pa200_pp0_5_gamma_004__steady,random,22,4.344173842254037,0.15021886538516938,0.07016584640287467,4.768427979236791,0.19827871885934195,0.09837175698021267,0.19438254882050074,0.06166478266738769,True
20260719,M3,case_td030_pa200_pp0_5_gamma_004__steady,random,23,2.9605292499479416,0.13692135988158985,0.07119818012021141,4.768427979236791,0.19827871885934195,0.09837175698021267,0.42351877820547584,0.06166478266738769,True
20260719,M3,case_td030_pa200_pp0_5_gamma_004__steady,random,24,3.8366456260303528,0.11446668284840666,0.07306890156357282,4.768427979236791,0.19827871885934195,0.09837175698021267,0.35022661643742836,0.06166478266738769,True
20260719,M3,case_td030_pa200_pp0_5_gamma_004__steady,random,25,4.592521891670296,0.07576777104936824,0.05929446664013123,4.768427979236791,0.19827871885934195,0.09837175698021267,0.40313862309197124,0.06166478266738769,True
20260719,M3,case_td030_pa200_pp0_5_gamma_004__steady,random,26,1.1161081687671173,0.14320795011697646,0.07265268840339623,4.768427979236791,0.19827871885934195,0.09837175698021267,0.7376633132275767,0.06166478266738769,True
20260719,M3,case_td030_pa200_pp0_5_gamma_004__steady,random,27,3.857331635094514,0.14767520657919259,0.08518185139691309,4.768427979236791,0.19827871885934195,0.09837175698021267,0.26323011586172823,0.06166478266738769,True
20260719,M3,case_td030_pa200_pp0_5_gamma_004__steady,random,28,2.8588823976377506,0.07374592281564352,0.04501792456086836,4.768427979236791,0.19827871885934195,0.09837175698021267,0.5932727191654161,0.06166478266738769,True
20260719,M3,case_td030_pa200_pp0_5_gamma_004__steady,random,29,1.3698093073843092,0.18848331534380303,0.09744204428266073,4.768427979236791,0.19827871885934195,0.09837175698021267,0.6529227546362892,0.06166478266738769,True
20260719,M3,case_td030_pa200_pp0_5_gamma_004__steady,random,30,3.562114684078684,0.1454940025487505,0.09349538109604831,4.768427979236791,0.19827871885934195,0.09837175698021267,0.31053873260213943,0.06166478266738769,True
20260719,M3,case_td030_pa200_pp0_5_gamma_004__steady,random,31,2.4704480758684855,0.1090471120468687,0.08372290486295764,4.768427979236791,0.19827871885934195,0.09837175698021267,0.5596843897772439,0.06166478266738769,True
20260719,M3,case_td030_pa200_pp0_5_gamma_004__steady,random,32,2.8671646078884145,0.18398636826831205,0.07338312829457182,4.768427979236791,0.19827871885934195,0.09837175698021267,0.362595558051642,0.06166478266738769,True
20260719,M3,case_td030_pa200_pp0_5_gamma_004__steady,random,33,4.097383384142953,0.10135245111703628,0.05302192550372919,4.768427979236791,0.19827871885934195,0.09837175698021267,0.36050468570175376,0.06166478266738769,True
20260719,M3,case_td030_pa200_pp0_5_gamma_004__steady,random,34,3.6826698106904057,0.13284375146959004,0.04591995741809257,4.768427979236791,0.19827871885934195,0.09837175698021267,0.32369632147278954,0.06166478266738769,True
20260719,M3,case_td030_pa200_pp0_5_gamma_004__steady,random,35,4.767665279952965,0.1880549952277198,0.09766013241409043,4.768427979236791,0.19827871885934195,0.09837175698021267,0.07403346891946447,0.06166478266738769,True
20260719,M3,case_td030_pa200_pp0_5_gamma_004__steady,random,36,3.191021915267502,0.07706951042946253,0.06794355786006545,4.768427979236791,0.19827871885934195,0.09837175698021267,0.5420204843666315,0.06166478266738769,True
20260719,M3,case_td030_pa200_pp0_5_gamma_004__steady,random,37,2.468422590716809,0.18111150802310655,0.0692689363078988,4.768427979236791,0.19827871885934195,0.09837175698021267,0.44291397484622896,0.06166478266738769,True
20260719,M3,case_td030_pa200_pp0_5_gamma_004__steady,random,38,1.5567470782202126,0.09849766474368105,0.07969650393247202,4.768427979236791,0.19827871885934195,0.09837175698021267,0.7192174805959515,0.06166478266738769,True
20260719,M3,case_td030_pa200_pp0_5_gamma_004__steady,random,39,4.362535296941147,0.18880178915454965,0.04033073677088334,4.768427979236791,0.19827871885934195,0.09837175698021267,0.11921390164087127,0.06166478266738769,True
20260719,M3,case_td030_pa200_pp0_5_gamma_004__steady,random,40,4.1164234611145165,0.06665376169419555,0.08625282589770486,4.768427979236791,0.19827871885934195,0.09837175698021267,0.47927622728657326,0.06166478266738769,True
20260719,M3,case_td030_pa200_pp0_5_gamma_004__steady,random,41,1.9893835784036673,0.0712988212119955,0.0809661068724373,4.768427979236791,0.19827871885934195,0.09837175698021267,0.7067574397006628,0.06166478266738769,True
20260719,M3,case_td030_pa200_pp0_5_gamma_004__steady,random,42,4.662119247138023,0.151862103936236,0.06530315766852764,4.768427979236791,0.19827871885934195,0.09837175698021267,0.1542652343494518,0.06166478266738769,True
20260719,M3,case_td030_pa200_pp0_5_gamma_004__steady,random,43,4.337299724236474,0.11332771489849772,0.09869674511036611,4.768427979236791,0.19827871885934195,0.09837175698021267,0.2952761874632808,0.06166478266738769,True
20260719,M3,case_td030_pa200_pp0_5_gamma_004__steady,random,44,2.220454022386663,0.0876206356378185,0.056017023432663834,4.768427979236791,0.19827871885934195,0.09837175698021267,0.6433010982352214,0.06166478266738769,True
20260719,M3,case_td030_pa200_pp0_5_gamma_004__steady,random,45,4.866222762521847,0.1892033772689009,0.09293861735595109,4.768427979236791,0.19827871885934195,0.09837175698021267,0.06425047961440325,0.06166478266738769,True
20260719,M3,case_td030_pa200_pp0_5_gamma_004__steady,random,46,3.6275655570316303,0.1605732393469978,0.04945137645047405,4.768427979236791,0.19827871885934195,0.09837175698021267,0.27192292552524283,0.06166478266738769,True
20260719,M3,case_td030_pa200_pp0_5_gamma_004__steady,random,47,1.2973510429835526,0.166950170465766,0.05666573817655015,4.768427979236791,0.19827871885934195,0.09837175698021267,0.6860769447142596,0.06166478266738769,True
20260719,M3,case_td030_pa200_pp0_5_gamma_004__steady,random,48,2.1064513268286658,0.11079946545290027,0.04848946281391987,4.768427979236791,0.19827871885934195,0.09837175698021267,0.6160454406032834,0.06166478266738769,True
20260719,M3,case_td030_pa200_pp0_5_gamma_004__steady,random,49,3.40791378594147,0.11080047198620782,0.06452067125683054,4.768427979236791,0.19827871885934195,0.09837175698021267,0.4169266166088977,0.06166478266738769,True
20260719,M3,case_td030_pa200_pp0_5_gamma_004__steady,random,50,3.5441195652942064,0.14587274870651856,0.08274676634651333,4.768427979236791,0.19827871885934195,0.09837175698021267,0.31251232820859987,0.06166478266738769,True
20260719,M3,case_td030_pa200_pp0_5_gamma_004__steady,random,51,2.45304207402193,0.08665054560623564,0.09850368767558877,4.768427979236791,0.19827871885934195,0.09837175698021267,0.6113059688625764,0.06166478266738769,True
20260719,M3,case_td030_pa200_pp0_5_gamma_004__steady,random,52,2.141984564243788,0.07006342154307815,0.07808292942577329,4.768427979236791,0.19827871885934195,0.09837175698021267,0.6902647431912083,0.06166478266738769,True
20260719,M3,case_td030_pa200_pp0_5_gamma_004__steady,random,53,3.1040111062217943,0.09243011139136234,0.05912722979011598,4.768427979236791,0.19827871885934195,0.09837175698021267,0.5086945608209738,0.06166478266738769,True
20260719,M3,case_td030_pa200_pp0_5_gamma_004__steady,random,54,3.9808241520509915,0.17762944280450188,0.045945793691250986,4.768427979236791,0.19827871885934195,0.09837175698021267,0.18879848839580501,0.06166478266738769,True
20260719,M3,case_td030_pa200_pp0_5_gamma_004__steady,random,55,1.4967121468804696,0.07750885372580854,0.04585761037589901,4.768427979236791,0.19827871885934195,0.09837175698021267,0.7596512330670684,0.06166478266738769,True
20260719,M3,case_td030_pa200_pp0_5_gamma_004__steady,random,56,4.930593026723149,0.14261366607838027,0.0980042983358709,4.768427979236791,0.19827871885934195,0.09837175698021267,0.14974114309971312,0.06166478266738769,True
20260719,M3,case_td030_pa200_pp0_5_gamma_004__steady,random,57,4.1721906024391515,0.09544602713115223,0.08190528275880102,4.768427979236791,0.19827871885934195,0.09837175698021267,0.37096311973804197,0.06166478266738769,True
20260719,M3,case_td030_pa200_pp0_5_gamma_004__steady,random,58,2.4315180640915255,0.11889042507045734,0.09866796301874091,4.768427979236791,0.19827871885934195,0.09837175698021267,0.5460901338899893,0.06166478266738769,True
20260719,M3,case_td030_pa200_pp0_5_gamma_004__steady,random,59,1.6504114394969447,0.08399705577127087,0.06927187847870969,4.768427979236791,0.19827871885934195,0.09837175698021267,0.7285135059570226,0.06166478266738769,True
20260719,M3,case_td030_pa200_pp0_5_gamma_004__steady,random,60,3.3573480130371403,0.05879767221708739,0.09044936394977998,4.768427979236791,0.19827871885934195,0.09837175698021267,0.5806610331441511,0.06166478266738769,True
20260719,M3,case_td030_pa200_pp0_5_gamma_004__steady,random,61,1.4980443536097816,0.18953869470021073,0.09874201655737996,4.768427979236791,0.19827871885934195,0.09837175698021267,0.627120769229465,0.06166478266738769,True
20260719,M3,case_td030_pa200_pp0_5_gamma_004__steady,random,62,3.5354129271900705,0.18087579549895977,0.0765761183477994,4.768427979236791,0.19827871885934195,0.09837175698021267,0.24998627655884595,0.06166478266738769,True
20260719,M3,case_td030_pa200_pp0_5_gamma_004__steady,random,63,1.258643537661459,0.13360817263882324,0.054449123424419966,4.768427979236791,0.19827871885934195,0.09837175698021267,0.724066041553997,0.06166478266738769,True
20260719,M3,case_td030_pa200_pp0_5_gamma_004__steady,random,64,4.825613685073589,0.10205970749349477,0.06824934024497174,4.768427979236791,0.19827871885934195,0.09837175698021267,0.28494360008241093,0.06166478266738769,True
20260719,M3,case_td030_pa200_pp0_5_gamma_004__steady,random,65,1.640153506295769,0.12060049851541155,0.08518617492353822,4.768427979236791,0.19827871885934195,0.09837175698021267,0.6756670207056208,0.06166478266738769,True
20260719,M3,case_td030_pa200_pp0_5_gamma_004__steady,random,66,3.670326150084384,0.10577094264774957,0.0649357532995742,4.768427979236791,0.19827871885934195,0.09837175698021267,0.3965967592737881,0.06166478266738769,True
20260719,M3,case_td030_pa200_pp0_5_gamma_004__steady,random,67,1.2646013980653814,0.09847364844371408,0.0739538159497275,4.768427979236791,0.19827871885934195,0.09837175698021267,0.7609206462284438,0.06166478266738769,True
20260719,M3,case_td030_pa200_pp0_5_gamma_004__steady,random,68,3.6092166936815975,0.131192995272588,0.0952487534895079,4.768427979236791,0.19827871885934195,0.09837175698021267,0.3361460147196907,0.06166478266738769,True
20260719,M3,case_td030_pa200_pp0_5_gamma_004__steady,random,69,1.2849591904116133,0.13817896968075083,0.08192040362979366,4.768427979236791,0.19827871885934195,0.09837175698021267,0.714452299224836,0.06166478266738769,True
20260719,M3,case_td030_pa200_pp0_5_gamma_004__steady,random,70,3.4667079819047357,0.13383709090363693,0.059099068820877114,4.768427979236791,0.19827871885934195,0.09837175698021267,0.3514474559262432,0.06166478266738769,True
20260719,M3,case_td030_pa200_pp0_5_gamma_004__steady,random,71,1.7202356461617598,0.129076184089014,0.040925712830651835,4.768427979236791,0.19827871885934195,0.09837175698021267,0.6527852634532768,0.06166478266738769,True
20260719,M3,case_td030_pa200_pp0_5_gamma_004__steady,random,72,3.4030489718033703,0.1797094411696039,0.07698516182174436,4.768427979236791,0.19827871885934195,0.09837175698021267,0.27364448420572657,0.06166478266738769,True
20260719,M3,case_td030_pa200_pp0_5_gamma_004__steady,random,73,4.274654850147006,0.1947818785357604,0.07536058592668593,4.768427979236791,0.19827871885934195,0.09837175698021267,0.11926443152410934,0.06166478266738769,True
20260719,M3,case_td030_pa200_pp0_5_gamma_004__steady,random,74,4.916078454814981,0.12200595692020703,0.09036157578767223,4.768427979236791,0.19827871885934195,0.09837175698021267,0.21019308358602581,0.06166478266738769,True
20260719,M3,case_td030_pa200_pp0_5_gamma_004__steady,random,75,2.1444769953800895,0.145935331278366,0.07781117752516377,4.768427979236791,0.19827871885934195,0.09837175698021267,0.552063972484785,0.06166478266738769,True
20260719,M3,case_td030_pa200_pp0_5_gamma_004__steady,random,76,1.07886225149795,0.13305412386108,0.09517475085670907,4.768427979236791,0.19827871885934195,0.09837175698021267,0.752007400831855,0.06166478266738769,True
20260719,M3,case_td030_pa200_pp0_5_gamma_004__steady,random,77,1.4171933398375152,0.17352164261756575,0.09281612873663354,4.768427979236791,0.19827871885934195,0.09837175698021267,0.6573892512545668,0.06166478266738769,True
20260719,M3,case_td030_pa200_pp0_5_gamma_004__steady,random,78,2.7917282833109973,0.16048485028605364,0.09821911115276838,4.768427979236791,0.19827871885934195,0.09837175698021267,0.4105906582643777,0.06166478266738769,True
20260719,M3,case_td030_pa200_pp0_5_gamma_004__steady,random,79,1.2293357088527297,0.1476935272585535,0.09782234595207312,4.768427979236791,0.19827871885934195,0.09837175698021267,0.714464827460266,0.06166478266738769,True
20260719,M3,case_td030_pa200_pp0_5_gamma_004__steady,random,80,1.526232511653637,0.056087644668423774,0.08196780602062363,4.768427979236791,0.19827871885934195,0.09837175698021267,0.788477136779866,0.06166478266738769,True
20260719,M3,case_td030_pa200_pp0_5_gamma_004__steady,random,81,1.0274933210630794,0.057709573232762025,0.0792212239119117,4.768427979236791,0.19827871885934195,0.09837175698021267,0.8381094529541764,0.06166478266738769,True
20260719,M3,case_td030_pa200_pp0_5_gamma_004__steady,random,82,4.420677168943916,0.13217130816964578,0.05649235881308736,4.768427979236791,0.19827871885934195,0.09837175698021267,0.231648093019709,0.06166478266738769,True
20260719,M3,case_td030_pa200_pp0_5_gamma_004__steady,random,83,2.6206265976791743,0.15400114633716822,0.060934173506535086,4.768427979236791,0.19827871885934195,0.09837175698021267,0.4528163533169648,0.06166478266738769,True
20260719,M3,case_td030_pa200_pp0_5_gamma_004__steady,random,84,3.69603629961712,0.0634145919819699,0.046539078597864575,4.768427979236791,0.19827871885934195,0.09837175698021267,0.5327234351517633,0.06166478266738769,True
20260719,M3,case_td030_pa200_pp0_5_gamma_004__steady,random,85,4.90538734422905,0.19473119086345508,0.04660936099510452,4.90538734422905,0.19473119086345508,0.04660936099510452,0.056881740069373354,0.056881740069373354,True
20260719,M3,case_td030_pa200_pp0_5_gamma_004__steady,random,86,1.4223184054559574,0.16409422697524056,0.04684160266438149,4.90538734422905,0.19473119086345508,0.04660936099510452,0.6663246781075999,0.056881740069373354,True
20260719,M3,case_td030_pa200_pp0_5_gamma_004__steady,random,87,4.200297163142556,0.19271099580591083,0.06927016516154767,4.90538734422905,0.19473119086345508,0.04660936099510452,0.13235088377449356,0.056881740069373354,True
20260719,M3,case_td030_pa200_pp0_5_gamma_004__steady,random,88,3.566575495652658,0.1769641213064289,0.07970753912903475,4.90538734422905,0.19473119086345508,0.04660936099510452,0.2511631626326976,0.056881740069373354,True
20260719,M3,case_td030_pa200_pp0_5_gamma_004__steady,random,89,4.9392874121683485,0.16033621091774763,0.061301471882947246,4.90538734422905,0.19473119086345508,0.04660936099510452,0.10701275857538867,0.056881740069373354,True
20260719,M3,case_td030_pa200_pp0_5_gamma_004__steady,random,90,4.777471126584588,0.19376257863488155,0.07167377539736289,4.90538734422905,0.19473119086345508,0.04660936099510452,0.06596829202851376,0.056881740069373354,True
20260719,M3,case_td030_pa200_pp0_5_gamma_004__steady,random,91,1.3747485186148771,0.11359599338477772,0.08465589457154886,4.90538734422905,0.19473119086345508,0.04660936099510452,0.7265687544181899,0.056881740069373354,True
20260719,M3,case_td030_pa200_pp0_5_gamma_004__steady,random,92,4.025419221019044,0.19413346472561815,0.054070433904992304,4.90538734422905,0.19473119086345508,0.04660936099510452,0.155237363454671,0.056881740069373354,True
20260719,M3,case_td030_pa200_pp0_5_gamma_004__steady,random,93,2.165871142777351,0.1902441800097835,0.09148832820225669,4.90538734422905,0.19473119086345508,0.04660936099510452,0.4919670749858659,0.056881740069373354,True
20260719,M3,case_td030_pa200_pp0_5_gamma_004__steady,random,94,2.135381880447234,0.12973376344108262,0.0519325447209545,4.90538734422905,0.19473119086345508,0.04660936099510452,0.5791847703134853,0.056881740069373354,True
20260719,M3,case_td030_pa200_pp0_5_gamma_004__steady,random,95,4.756268057962086,0.18015237645617405,0.0919429623158067,4.90538734422905,0.19473119086345508,0.04660936099510452,0.08699542830075076,0.056881740069373354,True
20260719,M3,case_td030_pa200_pp0_5_gamma_004__steady,random,96,4.653336152662874,0.1820027657222401,0.07441157006229865,4.90538734422905,0.19473119086345508,0.04660936099510452,0.09462760379752469,0.056881740069373354,True
20260719,M3,case_td030_pa200_pp0_5_gamma_004__steady,random,97,3.391332591840128,0.12227030407912243,0.047695499074222096,4.90538734422905,0.19473119086345508,0.04660936099510452,0.3907347503156136,0.056881740069373354,True
20260719,M3,case_td030_pa200_pp0_5_gamma_004__steady,random,98,1.929691255794126,0.0936862979217466,0.0429281033463267,4.90538734422905,0.19473119086345508,0.04660936099510452,0.6740804991613204,0.056881740069373354,True
20260719,M3,case_td030_pa200_pp0_5_gamma_004__steady,random,99,4.709834620268296,0.07064453146502506,0.08975853558608562,4.90538734422905,0.19473119086345508,0.04660936099510452,0.4127182590612002,0.056881740069373354,True
20260719,M3,case_td030_pa200_pp0_5_gamma_004__steady,random,100,1.8628473221666835,0.1571719034132361,0.09471578192786478,4.90538734422905,0.19473119086345508,0.04660936099510452,0.5899488793968364,0.056881740069373354,True
