optimizer_seed,measurement_id,case_id,method,trial,best_loss,true_input_sensor_loss,ratio_to_true_input
20260715,M1,case_td003_pa050_pp0_3_gamma_010__steady,cmaes,1,0.5628434392461068,0.05425676600499663,10.373700474412228
20260715,M1,case_td003_pa050_pp0_3_gamma_010__steady,cmaes,2,0.5628434392461068,0.05425676600499663,10.373700474412228
20260715,M1,case_td003_pa050_pp0_3_gamma_010__steady,cmaes,3,0.34071017638144363,0.05425676600499663,6.279588730925592
20260715,M1,case_td003_pa050_pp0_3_gamma_010__steady,cmaes,4,0.34071017638144363,0.05425676600499663,6.279588730925592
20260715,M1,case_td003_pa050_pp0_3_gamma_010__steady,cmaes,5,0.3199666854915952,0.05425676600499663,5.897267917924351
20260715,M1,case_td003_pa050_pp0_3_gamma_010__steady,cmaes,6,0.3199666854915952,0.05425676600499663,5.897267917924351
20260715,M1,case_td003_pa050_pp0_3_gamma_010__steady,cmaes,7,0.3199666854915952,0.05425676600499663,5.897267917924351
20260715,M1,case_td003_pa050_pp0_3_gamma_010__steady,cmaes,8,0.274593713777191,0.05425676600499663,5.061004073702126
20260715,M1,case_td003_pa050_pp0_3_gamma_010__steady,cmaes,9,0.1333124348684367,0.05425676600499663,2.45706562857358
20260715,M1,case_td003_pa050_pp0_3_gamma_010__steady,cmaes,10,0.1333124348684367,0.05425676600499663,2.45706562857358
20260715,M1,case_td003_pa050_pp0_3_gamma_010__steady,cmaes,11,0.1333124348684367,0.05425676600499663,2.45706562857358
20260715,M1,case_td003_pa050_pp0_3_gamma_010__steady,cmaes,12,0.1333124348684367,0.05425676600499663,2.45706562857358
20260715,M1,case_td003_pa050_pp0_3_gamma_010__steady,cmaes,13,0.1333124348684367,0.05425676600499663,2.45706562857358
20260715,M1,case_td003_pa050_pp0_3_gamma_010__steady,cmaes,14,0.1313377709337762,0.05425676600499663,2.4206708324945314
20260715,M1,case_td003_pa050_pp0_3_gamma_010__steady,cmaes,15,0.1313377709337762,0.05425676600499663,2.4206708324945314
20260715,M1,case_td003_pa050_pp0_3_gamma_010__steady,cmaes,16,0.1313377709337762,0.05425676600499663,2.4206708324945314
20260715,M1,case_td003_pa050_pp0_3_gamma_010__steady,cmaes,17,0.1313377709337762,0.05425676600499663,2.4206708324945314
20260715,M1,case_td003_pa050_pp0_3_gamma_010__steady,cmaes,18,0.1313377709337762,0.05425676600499663,2.4206708324945314
20260715,M1,case_td003_pa050_pp0_3_gamma_010__steady,cmaes,19,0.1313377709337762,0.05425676600499663,2.4206708324945314
20260715,M1,case_td003_pa050_pp0_3_gamma_010__steady,cmaes,20,0.1313377709337762,0.05425676600499663,2.4206708324945314
20260715,M1,case_td003_pa050_pp0_3_gamma_010__steady,cmaes,21,0.1313377709337762,0.05425676600499663,2.4206708324945314
20260715,M1,case_td003_pa050_pp0_3_gamma_010__steady,cmaes,22,0.11485457591430599,0.05425676600499663,2.1168710258869607
20260715,M1,case_td003_pa050_pp0_3_gamma_010__steady,cmaes,23,0.06937669275740423,0.05425676600499663,1.2786735713480446
20260715,M1,case_td003_pa050_pp0_3_gamma_010__steady,cmaes,24,0.06937669275740423,0.05425676600499663,1.2786735713480446
20260715,M1,case_td003_pa050_pp0_3_gamma_010__steady,cmaes,25,0.06937669275740423,0.05425676600499663,1.2786735713480446
20260715,M1,case_td003_pa050_pp0_3_gamma_010__steady,cmaes,26,0.06937669275740423,0.05425676600499663,1.2786735713480446
20260715,M1,case_td003_pa050_pp0_3_gamma_010__steady,cmaes,27,0.0595462061579873,0.05425676600499663,1.097489042242281
20260715,M1,case_td003_pa050_pp0_3_gamma_010__steady,cmaes,28,0.0595462061579873,0.05425676600499663,1.097489042242281
20260715,M1,case_td003_pa050_pp0_3_gamma_010__steady,cmaes,29,0.0595462061579873,0.05425676600499663,1.097489042242281
20260715,M1,case_td003_pa050_pp0_3_gamma_010__steady,cmaes,30,0.0595462061579873,0.05425676600499663,1.097489042242281
20260715,M1,case_td003_pa050_pp0_3_gamma_010__steady,cmaes,31,0.0595462061579873,0.05425676600499663,1.097489042242281
20260715,M1,case_td003_pa050_pp0_3_gamma_010__steady,cmaes,32,0.0595462061579873,0.05425676600499663,1.097489042242281
20260715,M1,case_td003_pa050_pp0_3_gamma_010__steady,cmaes,33,0.0595462061579873,0.05425676600499663,1.097489042242281
20260715,M1,case_td003_pa050_pp0_3_gamma_010__steady,cmaes,34,0.0595462061579873,0.05425676600499663,1.097489042242281
20260715,M1,case_td003_pa050_pp0_3_gamma_010__steady,cmaes,35,0.0595462061579873,0.05425676600499663,1.097489042242281
20260715,M1,case_td003_pa050_pp0_3_gamma_010__steady,cmaes,36,0.0595462061579873,0.05425676600499663,1.097489042242281
20260715,M1,case_td003_pa050_pp0_3_gamma_010__steady,cmaes,37,0.0595462061579873,0.05425676600499663,1.097489042242281
20260715,M1,case_td003_pa050_pp0_3_gamma_010__steady,cmaes,38,0.0595462061579873,0.05425676600499663,1.097489042242281
20260715,M1,case_td003_pa050_pp0_3_gamma_010__steady,cmaes,39,0.0595462061579873,0.05425676600499663,1.097489042242281
20260715,M1,case_td003_pa050_pp0_3_gamma_010__steady,cmaes,40,0.0595462061579873,0.05425676600499663,1.097489042242281
20260715,M1,case_td003_pa050_pp0_3_gamma_010__steady,cmaes,41,0.0595462061579873,0.05425676600499663,1.097489042242281
20260715,M1,case_td003_pa050_pp0_3_gamma_010__steady,cmaes,42,0.0595462061579873,0.05425676600499663,1.097489042242281
20260715,M1,case_td003_pa050_pp0_3_gamma_010__steady,cmaes,43,0.0595462061579873,0.05425676600499663,1.097489042242281
20260715,M1,case_td003_pa050_pp0_3_gamma_010__steady,cmaes,44,0.0595462061579873,0.05425676600499663,1.097489042242281
20260715,M1,case_td003_pa050_pp0_3_gamma_010__steady,cmaes,45,0.059356573181031574,0.05425676600499663,1.0939939394022358
20260715,M1,case_td003_pa050_pp0_3_gamma_010__steady,cmaes,46,0.059356573181031574,0.05425676600499663,1.0939939394022358
20260715,M1,case_td003_pa050_pp0_3_gamma_010__steady,cmaes,47,0.059356573181031574,0.05425676600499663,1.0939939394022358
20260715,M1,case_td003_pa050_pp0_3_gamma_010__steady,cmaes,48,0.059356573181031574,0.05425676600499663,1.0939939394022358
20260715,M1,case_td003_pa050_pp0_3_gamma_010__steady,cmaes,49,0.059356573181031574,0.05425676600499663,1.0939939394022358
20260715,M1,case_td003_pa050_pp0_3_gamma_010__steady,cmaes,50,0.059356573181031574,0.05425676600499663,1.0939939394022358
20260715,M1,case_td003_pa050_pp0_3_gamma_010__steady,cmaes,51,0.059356573181031574,0.05425676600499663,1.0939939394022358
20260715,M1,case_td003_pa050_pp0_3_gamma_010__steady,cmaes,52,0.059356573181031574,0.05425676600499663,1.0939939394022358
20260715,M1,case_td003_pa050_pp0_3_gamma_010__steady,cmaes,53,0.059356573181031574,0.05425676600499663,1.0939939394022358
20260715,M1,case_td003_pa050_pp0_3_gamma_010__steady,cmaes,54,0.059356573181031574,0.05425676600499663,1.0939939394022358
20260715,M1,case_td003_pa050_pp0_3_gamma_010__steady,cmaes,55,0.059356573181031574,0.05425676600499663,1.0939939394022358
20260715,M1,case_td003_pa050_pp0_3_gamma_010__steady,cmaes,56,0.059356573181031574,0.05425676600499663,1.0939939394022358
20260715,M1,case_td003_pa050_pp0_3_gamma_010__steady,cmaes,57,0.059356573181031574,0.05425676600499663,1.0939939394022358
20260715,M1,case_td003_pa050_pp0_3_gamma_010__steady,cmaes,58,0.059356573181031574,0.05425676600499663,1.0939939394022358
20260715,M1,case_td003_pa050_pp0_3_gamma_010__steady,cmaes,59,0.059356573181031574,0.05425676600499663,1.0939939394022358
20260715,M1,case_td003_pa050_pp0_3_gamma_010__steady,cmaes,60,0.059356573181031574,0.05425676600499663,1.0939939394022358
20260715,M1,case_td003_pa050_pp0_3_gamma_010__steady,cmaes,61,0.059356573181031574,0.05425676600499663,1.0939939394022358
20260715,M1,case_td003_pa050_pp0_3_gamma_010__steady,cmaes,62,0.059356573181031574,0.05425676600499663,1.0939939394022358
20260715,M1,case_td003_pa050_pp0_3_gamma_010__steady,cmaes,63,0.059356573181031574,0.05425676600499663,1.0939939394022358
20260715,M1,case_td003_pa050_pp0_3_gamma_010__steady,cmaes,64,0.059356573181031574,0.05425676600499663,1.0939939394022358
20260715,M1,case_td003_pa050_pp0_3_gamma_010__steady,cmaes,65,0.059356573181031574,0.05425676600499663,1.0939939394022358
20260715,M1,case_td003_pa050_pp0_3_gamma_010__steady,cmaes,66,0.059356573181031574,0.05425676600499663,1.0939939394022358
20260715,M1,case_td003_pa050_pp0_3_gamma_010__steady,cmaes,67,0.059356573181031574,0.05425676600499663,1.0939939394022358
20260715,M1,case_td003_pa050_pp0_3_gamma_010__steady,cmaes,68,0.059356573181031574,0.05425676600499663,1.0939939394022358
20260715,M1,case_td003_pa050_pp0_3_gamma_010__steady,cmaes,69,0.059356573181031574,0.05425676600499663,1.0939939394022358
20260715,M1,case_td003_pa050_pp0_3_gamma_010__steady,cmaes,70,0.059356573181031574,0.05425676600499663,1.0939939394022358
20260715,M1,case_td003_pa050_pp0_3_gamma_010__steady,cmaes,71,0.059356573181031574,0.05425676600499663,1.0939939394022358
20260715,M1,case_td003_pa050_pp0_3_gamma_010__steady,cmaes,72,0.059356573181031574,0.05425676600499663,1.0939939394022358
20260715,M1,case_td003_pa050_pp0_3_gamma_010__steady,cmaes,73,0.059356573181031574,0.05425676600499663,1.0939939394022358
20260715,M1,case_td003_pa050_pp0_3_gamma_010__steady,cmaes,74,0.059356573181031574,0.05425676600499663,1.0939939394022358
20260715,M1,case_td003_pa050_pp0_3_gamma_010__steady,cmaes,75,0.059356573181031574,0.05425676600499663,1.0939939394022358
20260715,M1,case_td003_pa050_pp0_3_gamma_010__steady,cmaes,76,0.059356573181031574,0.05425676600499663,1.0939939394022358
20260715,M1,case_td003_pa050_pp0_3_gamma_010__steady,cmaes,77,0.059356573181031574,0.05425676600499663,1.0939939394022358
20260715,M1,case_td003_pa050_pp0_3_gamma_010__steady,cmaes,78,0.059356573181031574,0.05425676600499663,1.0939939394022358
20260715,M1,case_td003_pa050_pp0_3_gamma_010__steady,cmaes,79,0.059356573181031574,0.05425676600499663,1.0939939394022358
20260715,M1,case_td003_pa050_pp0_3_gamma_010__steady,cmaes,80,0.056181988263677325,0.05425676600499663,1.0354835424305127
20260715,M1,case_td003_pa050_pp0_3_gamma_010__steady,cmaes,81,0.056181988263677325,0.05425676600499663,1.0354835424305127
20260715,M1,case_td003_pa050_pp0_3_gamma_010__steady,cmaes,82,0.056181988263677325,0.05425676600499663,1.0354835424305127
20260715,M1,case_td003_pa050_pp0_3_gamma_010__steady,cmaes,83,0.056181988263677325,0.05425676600499663,1.0354835424305127
20260715,M1,case_td003_pa050_pp0_3_gamma_010__steady,cmaes,84,0.056181988263677325,0.05425676600499663,1.0354835424305127
20260715,M1,case_td003_pa050_pp0_3_gamma_010__steady,cmaes,85,0.056181988263677325,0.05425676600499663,1.0354835424305127
20260715,M1,case_td003_pa050_pp0_3_gamma_010__steady,cmaes,86,0.056181988263677325,0.05425676600499663,1.0354835424305127
20260715,M1,case_td003_pa050_pp0_3_gamma_010__steady,cmaes,87,0.056181988263677325,0.05425676600499663,1.0354835424305127
20260715,M1,case_td003_pa050_pp0_3_gamma_010__steady,cmaes,88,0.056181988263677325,0.05425676600499663,1.0354835424305127
20260715,M1,case_td003_pa050_pp0_3_gamma_010__steady,cmaes,89,0.056181988263677325,0.05425676600499663,1.0354835424305127
20260715,M1,case_td003_pa050_pp0_3_gamma_010__steady,cmaes,90,0.05597905614288291,0.05425676600499663,1.0317433246524068
20260715,M1,case_td003_pa050_pp0_3_gamma_010__steady,cmaes,91,0.05597905614288291,0.05425676600499663,1.0317433246524068
20260715,M1,case_td003_pa050_pp0_3_gamma_010__steady,cmaes,92,0.05597905614288291,0.05425676600499663,1.0317433246524068
20260715,M1,case_td003_pa050_pp0_3_gamma_010__steady,cmaes,93,0.05597905614288291,0.05425676600499663,1.0317433246524068
20260715,M1,case_td003_pa050_pp0_3_gamma_010__steady,cmaes,94,0.05597905614288291,0.05425676600499663,1.0317433246524068
20260715,M1,case_td003_pa050_pp0_3_gamma_010__steady,cmaes,95,0.05597905614288291,0.05425676600499663,1.0317433246524068
20260715,M1,case_td003_pa050_pp0_3_gamma_010__steady,cmaes,96,0.05597905614288291,0.05425676600499663,1.0317433246524068
20260715,M1,case_td003_pa050_pp0_3_gamma_010__steady,cmaes,97,0.05597905614288291,0.05425676600499663,1.0317433246524068
20260715,M1,case_td003_pa050_pp0_3_gamma_010__steady,cmaes,98,0.05597905614288291,0.05425676600499663,1.0317433246524068
20260715,M1,case_td003_pa050_pp0_3_gamma_010__steady,cmaes,99,0.05597905614288291,0.05425676600499663,1.0317433246524068
20260715,M1,case_td003_pa050_pp0_3_gamma_010__steady,cmaes,100,0.05597905614288291,0.05425676600499663,1.0317433246524068
20260715,M1,case_td003_pa050_pp0_3_gamma_010__steady,tpe,1,0.5628434392461068,0.05425676600499663,10.373700474412228
20260715,M1,case_td003_pa050_pp0_3_gamma_010__steady,tpe,2,0.5628434392461068,0.05425676600499663,10.373700474412228
20260715,M1,case_td003_pa050_pp0_3_gamma_010__steady,tpe,3,0.5628434392461068,0.05425676600499663,10.373700474412228
20260715,M1,case_td003_pa050_pp0_3_gamma_010__steady,tpe,4,0.5628434392461068,0.05425676600499663,10.373700474412228
20260715,M1,case_td003_pa050_pp0_3_gamma_010__steady,tpe,5,0.3540433233539153,0.05425676600499663,6.5253303767001265
20260715,M1,case_td003_pa050_pp0_3_gamma_010__steady,tpe,6,0.1977766883007404,0.05425676600499663,3.645198615091189
20260715,M1,case_td003_pa050_pp0_3_gamma_010__steady,tpe,7,0.1977766883007404,0.05425676600499663,3.645198615091189
20260715,M1,case_td003_pa050_pp0_3_gamma_010__steady,tpe,8,0.1977766883007404,0.05425676600499663,3.645198615091189
20260715,M1,case_td003_pa050_pp0_3_gamma_010__steady,tpe,9,0.05605447881840917,0.05425676600499663,1.0331334310129539
20260715,M1,case_td003_pa050_pp0_3_gamma_010__steady,tpe,10,0.05605447881840917,0.05425676600499663,1.0331334310129539
20260715,M1,case_td003_pa050_pp0_3_gamma_010__steady,tpe,11,0.05605447881840917,0.05425676600499663,1.0331334310129539
20260715,M1,case_td003_pa050_pp0_3_gamma_010__steady,tpe,12,0.05605447881840917,0.05425676600499663,1.0331334310129539
20260715,M1,case_td003_pa050_pp0_3_gamma_010__steady,tpe,13,0.05605447881840917,0.05425676600499663,1.0331334310129539
20260715,M1,case_td003_pa050_pp0_3_gamma_010__steady,tpe,14,0.05605447881840917,0.05425676600499663,1.0331334310129539
20260715,M1,case_td003_pa050_pp0_3_gamma_010__steady,tpe,15,0.05605447881840917,0.05425676600499663,1.0331334310129539
20260715,M1,case_td003_pa050_pp0_3_gamma_010__steady,tpe,16,0.05605447881840917,0.05425676600499663,1.0331334310129539
20260715,M1,case_td003_pa050_pp0_3_gamma_010__steady,tpe,17,0.05605447881840917,0.05425676600499663,1.0331334310129539
20260715,M1,case_td003_pa050_pp0_3_gamma_010__steady,tpe,18,0.05605447881840917,0.05425676600499663,1.0331334310129539
20260715,M1,case_td003_pa050_pp0_3_gamma_010__steady,tpe,19,0.05605447881840917,0.05425676600499663,1.0331334310129539
20260715,M1,case_td003_pa050_pp0_3_gamma_010__steady,tpe,20,0.05605447881840917,0.05425676600499663,1.0331334310129539
20260715,M1,case_td003_pa050_pp0_3_gamma_010__steady,tpe,21,0.05605447881840917,0.05425676600499663,1.0331334310129539
20260715,M1,case_td003_pa050_pp0_3_gamma_010__steady,tpe,22,0.05605447881840917,0.05425676600499663,1.0331334310129539
20260715,M1,case_td003_pa050_pp0_3_gamma_010__steady,tpe,23,0.05605447881840917,0.05425676600499663,1.0331334310129539
20260715,M1,case_td003_pa050_pp0_3_gamma_010__steady,tpe,24,0.05469950113920545,0.05425676600499663,1.0081599985920289
20260715,M1,case_td003_pa050_pp0_3_gamma_010__steady,tpe,25,0.05469950113920545,0.05425676600499663,1.0081599985920289
20260715,M1,case_td003_pa050_pp0_3_gamma_010__steady,tpe,26,0.05469950113920545,0.05425676600499663,1.0081599985920289
20260715,M1,case_td003_pa050_pp0_3_gamma_010__steady,tpe,27,0.05469950113920545,0.05425676600499663,1.0081599985920289
20260715,M1,case_td003_pa050_pp0_3_gamma_010__steady,tpe,28,0.05469950113920545,0.05425676600499663,1.0081599985920289
20260715,M1,case_td003_pa050_pp0_3_gamma_010__steady,tpe,29,0.05469950113920545,0.05425676600499663,1.0081599985920289
20260715,M1,case_td003_pa050_pp0_3_gamma_010__steady,tpe,30,0.05469950113920545,0.05425676600499663,1.0081599985920289
20260715,M1,case_td003_pa050_pp0_3_gamma_010__steady,tpe,31,0.05469950113920545,0.05425676600499663,1.0081599985920289
20260715,M1,case_td003_pa050_pp0_3_gamma_010__steady,tpe,32,0.05469950113920545,0.05425676600499663,1.0081599985920289
20260715,M1,case_td003_pa050_pp0_3_gamma_010__steady,tpe,33,0.05469950113920545,0.05425676600499663,1.0081599985920289
20260715,M1,case_td003_pa050_pp0_3_gamma_010__steady,tpe,34,0.05469950113920545,0.05425676600499663,1.0081599985920289
20260715,M1,case_td003_pa050_pp0_3_gamma_010__steady,tpe,35,0.05469950113920545,0.05425676600499663,1.0081599985920289
20260715,M1,case_td003_pa050_pp0_3_gamma_010__steady,tpe,36,0.05469950113920545,0.05425676600499663,1.0081599985920289
20260715,M1,case_td003_pa050_pp0_3_gamma_010__steady,tpe,37,0.05469950113920545,0.05425676600499663,1.0081599985920289
20260715,M1,case_td003_pa050_pp0_3_gamma_010__steady,tpe,38,0.05469950113920545,0.05425676600499663,1.0081599985920289
20260715,M1,case_td003_pa050_pp0_3_gamma_010__steady,tpe,39,0.05469950113920545,0.05425676600499663,1.0081599985920289
20260715,M1,case_td003_pa050_pp0_3_gamma_010__steady,tpe,40,0.05384094708295357,0.05425676600499663,0.9923360909125183
20260715,M1,case_td003_pa050_pp0_3_gamma_010__steady,tpe,41,0.05384094708295357,0.05425676600499663,0.9923360909125183
20260715,M1,case_td003_pa050_pp0_3_gamma_010__steady,tpe,42,0.05384094708295357,0.05425676600499663,0.9923360909125183
20260715,M1,case_td003_pa050_pp0_3_gamma_010__steady,tpe,43,0.05384094708295357,0.05425676600499663,0.9923360909125183
20260715,M1,case_td003_pa050_pp0_3_gamma_010__steady,tpe,44,0.05384094708295357,0.05425676600499663,0.9923360909125183
20260715,M1,case_td003_pa050_pp0_3_gamma_010__steady,tpe,45,0.05384094708295357,0.05425676600499663,0.9923360909125183
20260715,M1,case_td003_pa050_pp0_3_gamma_010__steady,tpe,46,0.05384094708295357,0.05425676600499663,0.9923360909125183
20260715,M1,case_td003_pa050_pp0_3_gamma_010__steady,tpe,47,0.05384094708295357,0.05425676600499663,0.9923360909125183
20260715,M1,case_td003_pa050_pp0_3_gamma_010__steady,tpe,48,0.05384094708295357,0.05425676600499663,0.9923360909125183
20260715,M1,case_td003_pa050_pp0_3_gamma_010__steady,tpe,49,0.05384094708295357,0.05425676600499663,0.9923360909125183
20260715,M1,case_td003_pa050_pp0_3_gamma_010__steady,tpe,50,0.05384094708295357,0.05425676600499663,0.9923360909125183
20260715,M1,case_td003_pa050_pp0_3_gamma_010__steady,tpe,51,0.05384094708295357,0.05425676600499663,0.9923360909125183
20260715,M1,case_td003_pa050_pp0_3_gamma_010__steady,tpe,52,0.05384094708295357,0.05425676600499663,0.9923360909125183
20260715,M1,case_td003_pa050_pp0_3_gamma_010__steady,tpe,53,0.05384094708295357,0.05425676600499663,0.9923360909125183
20260715,M1,case_td003_pa050_pp0_3_gamma_010__steady,tpe,54,0.05384094708295357,0.05425676600499663,0.9923360909125183
20260715,M1,case_td003_pa050_pp0_3_gamma_010__steady,tpe,55,0.05384094708295357,0.05425676600499663,0.9923360909125183
20260715,M1,case_td003_pa050_pp0_3_gamma_010__steady,tpe,56,0.05384094708295357,0.05425676600499663,0.9923360909125183
20260715,M1,case_td003_pa050_pp0_3_gamma_010__steady,tpe,57,0.05384094708295357,0.05425676600499663,0.9923360909125183
20260715,M1,case_td003_pa050_pp0_3_gamma_010__steady,tpe,58,0.05384094708295357,0.05425676600499663,0.9923360909125183
20260715,M1,case_td003_pa050_pp0_3_gamma_010__steady,tpe,59,0.05384094708295357,0.05425676600499663,0.9923360909125183
20260715,M1,case_td003_pa050_pp0_3_gamma_010__steady,tpe,60,0.05384094708295357,0.05425676600499663,0.9923360909125183
20260715,M1,case_td003_pa050_pp0_3_gamma_010__steady,tpe,61,0.05384094708295357,0.05425676600499663,0.9923360909125183
20260715,M1,case_td003_pa050_pp0_3_gamma_010__steady,tpe,62,0.05384094708295357,0.05425676600499663,0.9923360909125183
20260715,M1,case_td003_pa050_pp0_3_gamma_010__steady,tpe,63,0.05384094708295357,0.05425676600499663,0.9923360909125183
20260715,M1,case_td003_pa050_pp0_3_gamma_010__steady,tpe,64,0.05384094708295357,0.05425676600499663,0.9923360909125183
20260715,M1,case_td003_pa050_pp0_3_gamma_010__steady,tpe,65,0.05384094708295357,0.05425676600499663,0.9923360909125183
20260715,M1,case_td003_pa050_pp0_3_gamma_010__steady,tpe,66,0.05384094708295357,0.05425676600499663,0.9923360909125183
20260715,M1,case_td003_pa050_pp0_3_gamma_010__steady,tpe,67,0.05384094708295357,0.05425676600499663,0.9923360909125183
20260715,M1,case_td003_pa050_pp0_3_gamma_010__steady,tpe,68,0.05384094708295357,0.05425676600499663,0.9923360909125183
20260715,M1,case_td003_pa050_pp0_3_gamma_010__steady,tpe,69,0.05384094708295357,0.05425676600499663,0.9923360909125183
20260715,M1,case_td003_pa050_pp0_3_gamma_010__steady,tpe,70,0.05384094708295357,0.05425676600499663,0.9923360909125183
20260715,M1,case_td003_pa050_pp0_3_gamma_010__steady,tpe,71,0.05384094708295357,0.05425676600499663,0.9923360909125183
20260715,M1,case_td003_pa050_pp0_3_gamma_010__steady,tpe,72,0.05384094708295357,0.05425676600499663,0.9923360909125183
20260715,M1,case_td003_pa050_pp0_3_gamma_010__steady,tpe,73,0.05384094708295357,0.05425676600499663,0.9923360909125183
20260715,M1,case_td003_pa050_pp0_3_gamma_010__steady,tpe,74,0.05384094708295357,0.05425676600499663,0.9923360909125183
20260715,M1,case_td003_pa050_pp0_3_gamma_010__steady,tpe,75,0.05384094708295357,0.05425676600499663,0.9923360909125183
20260715,M1,case_td003_pa050_pp0_3_gamma_010__steady,tpe,76,0.05384094708295357,0.05425676600499663,0.9923360909125183
20260715,M1,case_td003_pa050_pp0_3_gamma_010__steady,tpe,77,0.05384094708295357,0.05425676600499663,0.9923360909125183
20260715,M1,case_td003_pa050_pp0_3_gamma_010__steady,tpe,78,0.05384094708295357,0.05425676600499663,0.9923360909125183
20260715,M1,case_td003_pa050_pp0_3_gamma_010__steady,tpe,79,0.05384094708295357,0.05425676600499663,0.9923360909125183
20260715,M1,case_td003_pa050_pp0_3_gamma_010__steady,tpe,80,0.05384094708295357,0.05425676600499663,0.9923360909125183
20260715,M1,case_td003_pa050_pp0_3_gamma_010__steady,tpe,81,0.05384094708295357,0.05425676600499663,0.9923360909125183
20260715,M1,case_td003_pa050_pp0_3_gamma_010__steady,tpe,82,0.05384094708295357,0.05425676600499663,0.9923360909125183
20260715,M1,case_td003_pa050_pp0_3_gamma_010__steady,tpe,83,0.05384094708295357,0.05425676600499663,0.9923360909125183
20260715,M1,case_td003_pa050_pp0_3_gamma_010__steady,tpe,84,0.05384094708295357,0.05425676600499663,0.9923360909125183
20260715,M1,case_td003_pa050_pp0_3_gamma_010__steady,tpe,85,0.05384094708295357,0.05425676600499663,0.9923360909125183
20260715,M1,case_td003_pa050_pp0_3_gamma_010__steady,tpe,86,0.05384094708295357,0.05425676600499663,0.9923360909125183
20260715,M1,case_td003_pa050_pp0_3_gamma_010__steady,tpe,87,0.05384094708295357,0.05425676600499663,0.9923360909125183
20260715,M1,case_td003_pa050_pp0_3_gamma_010__steady,tpe,88,0.05384094708295357,0.05425676600499663,0.9923360909125183
20260715,M1,case_td003_pa050_pp0_3_gamma_010__steady,tpe,89,0.05384094708295357,0.05425676600499663,0.9923360909125183
20260715,M1,case_td003_pa050_pp0_3_gamma_010__steady,tpe,90,0.05384094708295357,0.05425676600499663,0.9923360909125183
20260715,M1,case_td003_pa050_pp0_3_gamma_010__steady,tpe,91,0.05384094708295357,0.05425676600499663,0.9923360909125183
20260715,M1,case_td003_pa050_pp0_3_gamma_010__steady,tpe,92,0.05384094708295357,0.05425676600499663,0.9923360909125183
20260715,M1,case_td003_pa050_pp0_3_gamma_010__steady,tpe,93,0.05384094708295357,0.05425676600499663,0.9923360909125183
20260715,M1,case_td003_pa050_pp0_3_gamma_010__steady,tpe,94,0.05384094708295357,0.05425676600499663,0.9923360909125183
20260715,M1,case_td003_pa050_pp0_3_gamma_010__steady,tpe,95,0.05384094708295357,0.05425676600499663,0.9923360909125183
20260715,M1,case_td003_pa050_pp0_3_gamma_010__steady,tpe,96,0.05384094708295357,0.05425676600499663,0.9923360909125183
20260715,M1,case_td003_pa050_pp0_3_gamma_010__steady,tpe,97,0.05384094708295357,0.05425676600499663,0.9923360909125183
20260715,M1,case_td003_pa050_pp0_3_gamma_010__steady,tpe,98,0.05384094708295357,0.05425676600499663,0.9923360909125183
20260715,M1,case_td003_pa050_pp0_3_gamma_010__steady,tpe,99,0.05384094708295357,0.05425676600499663,0.9923360909125183
20260715,M1,case_td003_pa050_pp0_3_gamma_010__steady,tpe,100,0.05384094708295357,0.05425676600499663,0.9923360909125183
20260715,M1,case_td003_pa050_pp0_3_gamma_010__steady,random,1,0.5628434392461068,0.05425676600499663,10.373700474412228
20260715,M1,case_td003_pa050_pp0_3_gamma_010__steady,random,2,0.48168898011311495,0.05425676600499663,8.87795229204695
20260715,M1,case_td003_pa050_pp0_3_gamma_010__steady,random,3,0.48168898011311495,0.05425676600499663,8.87795229204695
20260715,M1,case_td003_pa050_pp0_3_gamma_010__steady,random,4,0.36119682598528075,0.05425676600499663,6.657175732737504
20260715,M1,case_td003_pa050_pp0_3_gamma_010__steady,random,5,0.36119682598528075,0.05425676600499663,6.657175732737504
20260715,M1,case_td003_pa050_pp0_3_gamma_010__steady,random,6,0.20123461145071883,0.05425676600499663,3.7089311853232583
20260715,M1,case_td003_pa050_pp0_3_gamma_010__steady,random,7,0.20123461145071883,0.05425676600499663,3.7089311853232583
20260715,M1,case_td003_pa050_pp0_3_gamma_010__steady,random,8,0.20123461145071883,0.05425676600499663,3.7089311853232583
20260715,M1,case_td003_pa050_pp0_3_gamma_010__steady,random,9,0.10647037972045617,0.05425676600499663,1.9623429031994104
20260715,M1,case_td003_pa050_pp0_3_gamma_010__steady,random,10,0.10647037972045617,0.05425676600499663,1.9623429031994104
20260715,M1,case_td003_pa050_pp0_3_gamma_010__steady,random,11,0.10647037972045617,0.05425676600499663,1.9623429031994104
20260715,M1,case_td003_pa050_pp0_3_gamma_010__steady,random,12,0.10647037972045617,0.05425676600499663,1.9623429031994104
20260715,M1,case_td003_pa050_pp0_3_gamma_010__steady,random,13,0.10647037972045617,0.05425676600499663,1.9623429031994104
20260715,M1,case_td003_pa050_pp0_3_gamma_010__steady,random,14,0.07789971299839117,0.05425676600499663,1.435760343534246
20260715,M1,case_td003_pa050_pp0_3_gamma_010__steady,random,15,0.07789971299839117,0.05425676600499663,1.435760343534246
20260715,M1,case_td003_pa050_pp0_3_gamma_010__steady,random,16,0.07789971299839117,0.05425676600499663,1.435760343534246
20260715,M1,case_td003_pa050_pp0_3_gamma_010__steady,random,17,0.07789971299839117,0.05425676600499663,1.435760343534246
20260715,M1,case_td003_pa050_pp0_3_gamma_010__steady,random,18,0.07789971299839117,0.05425676600499663,1.435760343534246
20260715,M1,case_td003_pa050_pp0_3_gamma_010__steady,random,19,0.07789971299839117,0.05425676600499663,1.435760343534246
20260715,M1,case_td003_pa050_pp0_3_gamma_010__steady,random,20,0.07789971299839117,0.05425676600499663,1.435760343534246
20260715,M1,case_td003_pa050_pp0_3_gamma_010__steady,random,21,0.07789971299839117,0.05425676600499663,1.435760343534246
20260715,M1,case_td003_pa050_pp0_3_gamma_010__steady,random,22,0.07789971299839117,0.05425676600499663,1.435760343534246
20260715,M1,case_td003_pa050_pp0_3_gamma_010__steady,random,23,0.07789971299839117,0.05425676600499663,1.435760343534246
20260715,M1,case_td003_pa050_pp0_3_gamma_010__steady,random,24,0.05479646723973834,0.05425676600499663,1.0099471692561257
20260715,M1,case_td003_pa050_pp0_3_gamma_010__steady,random,25,0.05479646723973834,0.05425676600499663,1.0099471692561257
20260715,M1,case_td003_pa050_pp0_3_gamma_010__steady,random,26,0.05479646723973834,0.05425676600499663,1.0099471692561257
20260715,M1,case_td003_pa050_pp0_3_gamma_010__steady,random,27,0.05479646723973834,0.05425676600499663,1.0099471692561257
20260715,M1,case_td003_pa050_pp0_3_gamma_010__steady,random,28,0.05479646723973834,0.05425676600499663,1.0099471692561257
20260715,M1,case_td003_pa050_pp0_3_gamma_010__steady,random,29,0.05479646723973834,0.05425676600499663,1.0099471692561257
20260715,M1,case_td003_pa050_pp0_3_gamma_010__steady,random,30,0.05479646723973834,0.05425676600499663,1.0099471692561257
20260715,M1,case_td003_pa050_pp0_3_gamma_010__steady,random,31,0.05479646723973834,0.05425676600499663,1.0099471692561257
20260715,M1,case_td003_pa050_pp0_3_gamma_010__steady,random,32,0.05479646723973834,0.05425676600499663,1.0099471692561257
20260715,M1,case_td003_pa050_pp0_3_gamma_010__steady,random,33,0.05479646723973834,0.05425676600499663,1.0099471692561257
20260715,M1,case_td003_pa050_pp0_3_gamma_010__steady,random,34,0.05479646723973834,0.05425676600499663,1.0099471692561257
20260715,M1,case_td003_pa050_pp0_3_gamma_010__steady,random,35,0.05479646723973834,0.05425676600499663,1.0099471692561257
20260715,M1,case_td003_pa050_pp0_3_gamma_010__steady,random,36,0.05479646723973834,0.05425676600499663,1.0099471692561257
20260715,M1,case_td003_pa050_pp0_3_gamma_010__steady,random,37,0.05479646723973834,0.05425676600499663,1.0099471692561257
20260715,M1,case_td003_pa050_pp0_3_gamma_010__steady,random,38,0.05479646723973834,0.05425676600499663,1.0099471692561257
20260715,M1,case_td003_pa050_pp0_3_gamma_010__steady,random,39,0.05479646723973834,0.05425676600499663,1.0099471692561257
20260715,M1,case_td003_pa050_pp0_3_gamma_010__steady,random,40,0.05479646723973834,0.05425676600499663,1.0099471692561257
20260715,M1,case_td003_pa050_pp0_3_gamma_010__steady,random,41,0.05479646723973834,0.05425676600499663,1.0099471692561257
20260715,M1,case_td003_pa050_pp0_3_gamma_010__steady,random,42,0.05479646723973834,0.05425676600499663,1.0099471692561257
20260715,M1,case_td003_pa050_pp0_3_gamma_010__steady,random,43,0.05479646723973834,0.05425676600499663,1.0099471692561257
20260715,M1,case_td003_pa050_pp0_3_gamma_010__steady,random,44,0.05479646723973834,0.05425676600499663,1.0099471692561257
20260715,M1,case_td003_pa050_pp0_3_gamma_010__steady,random,45,0.05479646723973834,0.05425676600499663,1.0099471692561257
20260715,M1,case_td003_pa050_pp0_3_gamma_010__steady,random,46,0.05479646723973834,0.05425676600499663,1.0099471692561257
20260715,M1,case_td003_pa050_pp0_3_gamma_010__steady,random,47,0.05479646723973834,0.05425676600499663,1.0099471692561257
20260715,M1,case_td003_pa050_pp0_3_gamma_010__steady,random,48,0.05479646723973834,0.05425676600499663,1.0099471692561257
20260715,M1,case_td003_pa050_pp0_3_gamma_010__steady,random,49,0.05479646723973834,0.05425676600499663,1.0099471692561257
20260715,M1,case_td003_pa050_pp0_3_gamma_010__steady,random,50,0.05479646723973834,0.05425676600499663,1.0099471692561257
20260715,M1,case_td003_pa050_pp0_3_gamma_010__steady,random,51,0.05479646723973834,0.05425676600499663,1.0099471692561257
20260715,M1,case_td003_pa050_pp0_3_gamma_010__steady,random,52,0.05479646723973834,0.05425676600499663,1.0099471692561257
20260715,M1,case_td003_pa050_pp0_3_gamma_010__steady,random,53,0.05479646723973834,0.05425676600499663,1.0099471692561257
20260715,M1,case_td003_pa050_pp0_3_gamma_010__steady,random,54,0.05479646723973834,0.05425676600499663,1.0099471692561257
20260715,M1,case_td003_pa050_pp0_3_gamma_010__steady,random,55,0.05479646723973834,0.05425676600499663,1.0099471692561257
20260715,M1,case_td003_pa050_pp0_3_gamma_010__steady,random,56,0.05479646723973834,0.05425676600499663,1.0099471692561257
20260715,M1,case_td003_pa050_pp0_3_gamma_010__steady,random,57,0.05479646723973834,0.05425676600499663,1.0099471692561257
20260715,M1,case_td003_pa050_pp0_3_gamma_010__steady,random,58,0.05479646723973834,0.05425676600499663,1.0099471692561257
20260715,M1,case_td003_pa050_pp0_3_gamma_010__steady,random,59,0.05479646723973834,0.05425676600499663,1.0099471692561257
20260715,M1,case_td003_pa050_pp0_3_gamma_010__steady,random,60,0.05479646723973834,0.05425676600499663,1.0099471692561257
20260715,M1,case_td003_pa050_pp0_3_gamma_010__steady,random,61,0.05479646723973834,0.05425676600499663,1.0099471692561257
20260715,M1,case_td003_pa050_pp0_3_gamma_010__steady,random,62,0.05479646723973834,0.05425676600499663,1.0099471692561257
20260715,M1,case_td003_pa050_pp0_3_gamma_010__steady,random,63,0.05479646723973834,0.05425676600499663,1.0099471692561257
20260715,M1,case_td003_pa050_pp0_3_gamma_010__steady,random,64,0.05479646723973834,0.05425676600499663,1.0099471692561257
20260715,M1,case_td003_pa050_pp0_3_gamma_010__steady,random,65,0.05479646723973834,0.05425676600499663,1.0099471692561257
20260715,M1,case_td003_pa050_pp0_3_gamma_010__steady,random,66,0.05479646723973834,0.05425676600499663,1.0099471692561257
20260715,M1,case_td003_pa050_pp0_3_gamma_010__steady,random,67,0.05479646723973834,0.05425676600499663,1.0099471692561257
20260715,M1,case_td003_pa050_pp0_3_gamma_010__steady,random,68,0.05479646723973834,0.05425676600499663,1.0099471692561257
20260715,M1,case_td003_pa050_pp0_3_gamma_010__steady,random,69,0.05479646723973834,0.05425676600499663,1.0099471692561257
20260715,M1,case_td003_pa050_pp0_3_gamma_010__steady,random,70,0.05479646723973834,0.05425676600499663,1.0099471692561257
20260715,M1,case_td003_pa050_pp0_3_gamma_010__steady,random,71,0.05479646723973834,0.05425676600499663,1.0099471692561257
20260715,M1,case_td003_pa050_pp0_3_gamma_010__steady,random,72,0.05479646723973834,0.05425676600499663,1.0099471692561257
20260715,M1,case_td003_pa050_pp0_3_gamma_010__steady,random,73,0.05479646723973834,0.05425676600499663,1.0099471692561257
20260715,M1,case_td003_pa050_pp0_3_gamma_010__steady,random,74,0.05479646723973834,0.05425676600499663,1.0099471692561257
20260715,M1,case_td003_pa050_pp0_3_gamma_010__steady,random,75,0.05479646723973834,0.05425676600499663,1.0099471692561257
20260715,M1,case_td003_pa050_pp0_3_gamma_010__steady,random,76,0.05479646723973834,0.05425676600499663,1.0099471692561257
20260715,M1,case_td003_pa050_pp0_3_gamma_010__steady,random,77,0.05479646723973834,0.05425676600499663,1.0099471692561257
20260715,M1,case_td003_pa050_pp0_3_gamma_010__steady,random,78,0.05479646723973834,0.05425676600499663,1.0099471692561257
20260715,M1,case_td003_pa050_pp0_3_gamma_010__steady,random,79,0.05479646723973834,0.05425676600499663,1.0099471692561257
20260715,M1,case_td003_pa050_pp0_3_gamma_010__steady,random,80,0.05479646723973834,0.05425676600499663,1.0099471692561257
20260715,M1,case_td003_pa050_pp0_3_gamma_010__steady,random,81,0.05479646723973834,0.05425676600499663,1.0099471692561257
20260715,M1,case_td003_pa050_pp0_3_gamma_010__steady,random,82,0.05479646723973834,0.05425676600499663,1.0099471692561257
20260715,M1,case_td003_pa050_pp0_3_gamma_010__steady,random,83,0.05479646723973834,0.05425676600499663,1.0099471692561257
20260715,M1,case_td003_pa050_pp0_3_gamma_010__steady,random,84,0.05479646723973834,0.05425676600499663,1.0099471692561257
20260715,M1,case_td003_pa050_pp0_3_gamma_010__steady,random,85,0.05479646723973834,0.05425676600499663,1.0099471692561257
20260715,M1,case_td003_pa050_pp0_3_gamma_010__steady,random,86,0.05479646723973834,0.05425676600499663,1.0099471692561257
20260715,M1,case_td003_pa050_pp0_3_gamma_010__steady,random,87,0.05479646723973834,0.05425676600499663,1.0099471692561257
20260715,M1,case_td003_pa050_pp0_3_gamma_010__steady,random,88,0.05479646723973834,0.05425676600499663,1.0099471692561257
20260715,M1,case_td003_pa050_pp0_3_gamma_010__steady,random,89,0.05479646723973834,0.05425676600499663,1.0099471692561257
20260715,M1,case_td003_pa050_pp0_3_gamma_010__steady,random,90,0.05479646723973834,0.05425676600499663,1.0099471692561257
20260715,M1,case_td003_pa050_pp0_3_gamma_010__steady,random,91,0.05479646723973834,0.05425676600499663,1.0099471692561257
20260715,M1,case_td003_pa050_pp0_3_gamma_010__steady,random,92,0.05479646723973834,0.05425676600499663,1.0099471692561257
20260715,M1,case_td003_pa050_pp0_3_gamma_010__steady,random,93,0.05479646723973834,0.05425676600499663,1.0099471692561257
20260715,M1,case_td003_pa050_pp0_3_gamma_010__steady,random,94,0.05479646723973834,0.05425676600499663,1.0099471692561257
20260715,M1,case_td003_pa050_pp0_3_gamma_010__steady,random,95,0.05479646723973834,0.05425676600499663,1.0099471692561257
20260715,M1,case_td003_pa050_pp0_3_gamma_010__steady,random,96,0.05479646723973834,0.05425676600499663,1.0099471692561257
20260715,M1,case_td003_pa050_pp0_3_gamma_010__steady,random,97,0.05479646723973834,0.05425676600499663,1.0099471692561257
20260715,M1,case_td003_pa050_pp0_3_gamma_010__steady,random,98,0.05479646723973834,0.05425676600499663,1.0099471692561257
20260715,M1,case_td003_pa050_pp0_3_gamma_010__steady,random,99,0.05479646723973834,0.05425676600499663,1.0099471692561257
20260715,M1,case_td003_pa050_pp0_3_gamma_010__steady,random,100,0.05479646723973834,0.05425676600499663,1.0099471692561257
20260715,M2,case_td016_pp0_1_gamma_007__steady,cmaes,1,1.7278961645927335,0.04631699798266529,37.305875593220016
20260715,M2,case_td016_pp0_1_gamma_007__steady,cmaes,2,1.7278961645927335,0.04631699798266529,37.305875593220016
20260715,M2,case_td016_pp0_1_gamma_007__steady,cmaes,3,1.3360699458614265,0.04631699798266529,28.84621206153014
20260715,M2,case_td016_pp0_1_gamma_007__steady,cmaes,4,1.3360699458614265,0.04631699798266529,28.84621206153014
20260715,M2,case_td016_pp0_1_gamma_007__steady,cmaes,5,1.3004648772147331,0.04631699798266529,28.07748631941665
20260715,M2,case_td016_pp0_1_gamma_007__steady,cmaes,6,1.3004648772147331,0.04631699798266529,28.07748631941665
20260715,M2,case_td016_pp0_1_gamma_007__steady,cmaes,7,1.3004648772147331,0.04631699798266529,28.07748631941665
20260715,M2,case_td016_pp0_1_gamma_007__steady,cmaes,8,1.2193467962961098,0.04631699798266529,26.326118906766485
20260715,M2,case_td016_pp0_1_gamma_007__steady,cmaes,9,0.9632733638257763,0.04631699798266529,20.797404965371317
20260715,M2,case_td016_pp0_1_gamma_007__steady,cmaes,10,0.9632733638257763,0.04631699798266529,20.797404965371317
20260715,M2,case_td016_pp0_1_gamma_007__steady,cmaes,11,0.9632733638257763,0.04631699798266529,20.797404965371317
20260715,M2,case_td016_pp0_1_gamma_007__steady,cmaes,12,0.5219806271563668,0.04631699798266529,11.269742208934279
20260715,M2,case_td016_pp0_1_gamma_007__steady,cmaes,13,0.5219806271563668,0.04631699798266529,11.269742208934279
20260715,M2,case_td016_pp0_1_gamma_007__steady,cmaes,14,0.5219806271563668,0.04631699798266529,11.269742208934279
20260715,M2,case_td016_pp0_1_gamma_007__steady,cmaes,15,0.1262895325049897,0.04631699798266529,2.7266346698949513
20260715,M2,case_td016_pp0_1_gamma_007__steady,cmaes,16,0.1262895325049897,0.04631699798266529,2.7266346698949513
20260715,M2,case_td016_pp0_1_gamma_007__steady,cmaes,17,0.1262895325049897,0.04631699798266529,2.7266346698949513
20260715,M2,case_td016_pp0_1_gamma_007__steady,cmaes,18,0.1262895325049897,0.04631699798266529,2.7266346698949513
20260715,M2,case_td016_pp0_1_gamma_007__steady,cmaes,19,0.1262895325049897,0.04631699798266529,2.7266346698949513
20260715,M2,case_td016_pp0_1_gamma_007__steady,cmaes,20,0.1262895325049897,0.04631699798266529,2.7266346698949513
20260715,M2,case_td016_pp0_1_gamma_007__steady,cmaes,21,0.1262895325049897,0.04631699798266529,2.7266346698949513
20260715,M2,case_td016_pp0_1_gamma_007__steady,cmaes,22,0.1262895325049897,0.04631699798266529,2.7266346698949513
20260715,M2,case_td016_pp0_1_gamma_007__steady,cmaes,23,0.10852981087922113,0.04631699798266529,2.3431961397809022
20260715,M2,case_td016_pp0_1_gamma_007__steady,cmaes,24,0.10852981087922113,0.04631699798266529,2.3431961397809022
20260715,M2,case_td016_pp0_1_gamma_007__steady,cmaes,25,0.10852981087922113,0.04631699798266529,2.3431961397809022
20260715,M2,case_td016_pp0_1_gamma_007__steady,cmaes,26,0.10852981087922113,0.04631699798266529,2.3431961397809022
20260715,M2,case_td016_pp0_1_gamma_007__steady,cmaes,27,0.051448220751216106,0.04631699798266529,1.110784873632597
20260715,M2,case_td016_pp0_1_gamma_007__steady,cmaes,28,0.051448220751216106,0.04631699798266529,1.110784873632597
20260715,M2,case_td016_pp0_1_gamma_007__steady,cmaes,29,0.051448220751216106,0.04631699798266529,1.110784873632597
20260715,M2,case_td016_pp0_1_gamma_007__steady,cmaes,30,0.051448220751216106,0.04631699798266529,1.110784873632597
20260715,M2,case_td016_pp0_1_gamma_007__steady,cmaes,31,0.051448220751216106,0.04631699798266529,1.110784873632597
20260715,M2,case_td016_pp0_1_gamma_007__steady,cmaes,32,0.051448220751216106,0.04631699798266529,1.110784873632597
20260715,M2,case_td016_pp0_1_gamma_007__steady,cmaes,33,0.051448220751216106,0.04631699798266529,1.110784873632597
20260715,M2,case_td016_pp0_1_gamma_007__steady,cmaes,34,0.051448220751216106,0.04631699798266529,1.110784873632597
20260715,M2,case_td016_pp0_1_gamma_007__steady,cmaes,35,0.051448220751216106,0.04631699798266529,1.110784873632597
20260715,M2,case_td016_pp0_1_gamma_007__steady,cmaes,36,0.051448220751216106,0.04631699798266529,1.110784873632597
20260715,M2,case_td016_pp0_1_gamma_007__steady,cmaes,37,0.051448220751216106,0.04631699798266529,1.110784873632597
20260715,M2,case_td016_pp0_1_gamma_007__steady,cmaes,38,0.051448220751216106,0.04631699798266529,1.110784873632597
20260715,M2,case_td016_pp0_1_gamma_007__steady,cmaes,39,0.051448220751216106,0.04631699798266529,1.110784873632597
20260715,M2,case_td016_pp0_1_gamma_007__steady,cmaes,40,0.051448220751216106,0.04631699798266529,1.110784873632597
20260715,M2,case_td016_pp0_1_gamma_007__steady,cmaes,41,0.051448220751216106,0.04631699798266529,1.110784873632597
20260715,M2,case_td016_pp0_1_gamma_007__steady,cmaes,42,0.051448220751216106,0.04631699798266529,1.110784873632597
20260715,M2,case_td016_pp0_1_gamma_007__steady,cmaes,43,0.051448220751216106,0.04631699798266529,1.110784873632597
20260715,M2,case_td016_pp0_1_gamma_007__steady,cmaes,44,0.051448220751216106,0.04631699798266529,1.110784873632597
20260715,M2,case_td016_pp0_1_gamma_007__steady,cmaes,45,0.051448220751216106,0.04631699798266529,1.110784873632597
20260715,M2,case_td016_pp0_1_gamma_007__steady,cmaes,46,0.051448220751216106,0.04631699798266529,1.110784873632597
20260715,M2,case_td016_pp0_1_gamma_007__steady,cmaes,47,0.051448220751216106,0.04631699798266529,1.110784873632597
20260715,M2,case_td016_pp0_1_gamma_007__steady,cmaes,48,0.051448220751216106,0.04631699798266529,1.110784873632597
20260715,M2,case_td016_pp0_1_gamma_007__steady,cmaes,49,0.051448220751216106,0.04631699798266529,1.110784873632597
20260715,M2,case_td016_pp0_1_gamma_007__steady,cmaes,50,0.051448220751216106,0.04631699798266529,1.110784873632597
20260715,M2,case_td016_pp0_1_gamma_007__steady,cmaes,51,0.051448220751216106,0.04631699798266529,1.110784873632597
20260715,M2,case_td016_pp0_1_gamma_007__steady,cmaes,52,0.051448220751216106,0.04631699798266529,1.110784873632597
20260715,M2,case_td016_pp0_1_gamma_007__steady,cmaes,53,0.051448220751216106,0.04631699798266529,1.110784873632597
20260715,M2,case_td016_pp0_1_gamma_007__steady,cmaes,54,0.051448220751216106,0.04631699798266529,1.110784873632597
20260715,M2,case_td016_pp0_1_gamma_007__steady,cmaes,55,0.051448220751216106,0.04631699798266529,1.110784873632597
20260715,M2,case_td016_pp0_1_gamma_007__steady,cmaes,56,0.051448220751216106,0.04631699798266529,1.110784873632597
20260715,M2,case_td016_pp0_1_gamma_007__steady,cmaes,57,0.051448220751216106,0.04631699798266529,1.110784873632597
20260715,M2,case_td016_pp0_1_gamma_007__steady,cmaes,58,0.051448220751216106,0.04631699798266529,1.110784873632597
20260715,M2,case_td016_pp0_1_gamma_007__steady,cmaes,59,0.051448220751216106,0.04631699798266529,1.110784873632597
20260715,M2,case_td016_pp0_1_gamma_007__steady,cmaes,60,0.051448220751216106,0.04631699798266529,1.110784873632597
20260715,M2,case_td016_pp0_1_gamma_007__steady,cmaes,61,0.051448220751216106,0.04631699798266529,1.110784873632597
20260715,M2,case_td016_pp0_1_gamma_007__steady,cmaes,62,0.051448220751216106,0.04631699798266529,1.110784873632597
20260715,M2,case_td016_pp0_1_gamma_007__steady,cmaes,63,0.051448220751216106,0.04631699798266529,1.110784873632597
20260715,M2,case_td016_pp0_1_gamma_007__steady,cmaes,64,0.051448220751216106,0.04631699798266529,1.110784873632597
20260715,M2,case_td016_pp0_1_gamma_007__steady,cmaes,65,0.051448220751216106,0.04631699798266529,1.110784873632597
20260715,M2,case_td016_pp0_1_gamma_007__steady,cmaes,66,0.04863621234318223,0.04631699798266529,1.0500726398844964
20260715,M2,case_td016_pp0_1_gamma_007__steady,cmaes,67,0.04863621234318223,0.04631699798266529,1.0500726398844964
20260715,M2,case_td016_pp0_1_gamma_007__steady,cmaes,68,0.04863621234318223,0.04631699798266529,1.0500726398844964
20260715,M2,case_td016_pp0_1_gamma_007__steady,cmaes,69,0.04863621234318223,0.04631699798266529,1.0500726398844964
20260715,M2,case_td016_pp0_1_gamma_007__steady,cmaes,70,0.04863621234318223,0.04631699798266529,1.0500726398844964
20260715,M2,case_td016_pp0_1_gamma_007__steady,cmaes,71,0.04863621234318223,0.04631699798266529,1.0500726398844964
20260715,M2,case_td016_pp0_1_gamma_007__steady,cmaes,72,0.04863621234318223,0.04631699798266529,1.0500726398844964
20260715,M2,case_td016_pp0_1_gamma_007__steady,cmaes,73,0.04863621234318223,0.04631699798266529,1.0500726398844964
20260715,M2,case_td016_pp0_1_gamma_007__steady,cmaes,74,0.04863621234318223,0.04631699798266529,1.0500726398844964
20260715,M2,case_td016_pp0_1_gamma_007__steady,cmaes,75,0.04863621234318223,0.04631699798266529,1.0500726398844964
20260715,M2,case_td016_pp0_1_gamma_007__steady,cmaes,76,0.04502665160109694,0.04631699798266529,0.9721409754999389
20260715,M2,case_td016_pp0_1_gamma_007__steady,cmaes,77,0.04248456516474752,0.04631699798266529,0.9172564504428352
20260715,M2,case_td016_pp0_1_gamma_007__steady,cmaes,78,0.04248456516474752,0.04631699798266529,0.9172564504428352
20260715,M2,case_td016_pp0_1_gamma_007__steady,cmaes,79,0.04248456516474752,0.04631699798266529,0.9172564504428352
20260715,M2,case_td016_pp0_1_gamma_007__steady,cmaes,80,0.04248456516474752,0.04631699798266529,0.9172564504428352
20260715,M2,case_td016_pp0_1_gamma_007__steady,cmaes,81,0.04248456516474752,0.04631699798266529,0.9172564504428352
20260715,M2,case_td016_pp0_1_gamma_007__steady,cmaes,82,0.04248456516474752,0.04631699798266529,0.9172564504428352
20260715,M2,case_td016_pp0_1_gamma_007__steady,cmaes,83,0.04248456516474752,0.04631699798266529,0.9172564504428352
20260715,M2,case_td016_pp0_1_gamma_007__steady,cmaes,84,0.04248456516474752,0.04631699798266529,0.9172564504428352
20260715,M2,case_td016_pp0_1_gamma_007__steady,cmaes,85,0.04248456516474752,0.04631699798266529,0.9172564504428352
20260715,M2,case_td016_pp0_1_gamma_007__steady,cmaes,86,0.04248456516474752,0.04631699798266529,0.9172564504428352
20260715,M2,case_td016_pp0_1_gamma_007__steady,cmaes,87,0.04248456516474752,0.04631699798266529,0.9172564504428352
20260715,M2,case_td016_pp0_1_gamma_007__steady,cmaes,88,0.04248456516474752,0.04631699798266529,0.9172564504428352
20260715,M2,case_td016_pp0_1_gamma_007__steady,cmaes,89,0.04248456516474752,0.04631699798266529,0.9172564504428352
20260715,M2,case_td016_pp0_1_gamma_007__steady,cmaes,90,0.04248456516474752,0.04631699798266529,0.9172564504428352
20260715,M2,case_td016_pp0_1_gamma_007__steady,cmaes,91,0.04248456516474752,0.04631699798266529,0.9172564504428352
20260715,M2,case_td016_pp0_1_gamma_007__steady,cmaes,92,0.04248456516474752,0.04631699798266529,0.9172564504428352
20260715,M2,case_td016_pp0_1_gamma_007__steady,cmaes,93,0.04248456516474752,0.04631699798266529,0.9172564504428352
20260715,M2,case_td016_pp0_1_gamma_007__steady,cmaes,94,0.04248456516474752,0.04631699798266529,0.9172564504428352
20260715,M2,case_td016_pp0_1_gamma_007__steady,cmaes,95,0.04248456516474752,0.04631699798266529,0.9172564504428352
20260715,M2,case_td016_pp0_1_gamma_007__steady,cmaes,96,0.04248456516474752,0.04631699798266529,0.9172564504428352
20260715,M2,case_td016_pp0_1_gamma_007__steady,cmaes,97,0.04248456516474752,0.04631699798266529,0.9172564504428352
20260715,M2,case_td016_pp0_1_gamma_007__steady,cmaes,98,0.04248456516474752,0.04631699798266529,0.9172564504428352
20260715,M2,case_td016_pp0_1_gamma_007__steady,cmaes,99,0.04248456516474752,0.04631699798266529,0.9172564504428352
20260715,M2,case_td016_pp0_1_gamma_007__steady,cmaes,100,0.04248456516474752,0.04631699798266529,0.9172564504428352
20260715,M2,case_td016_pp0_1_gamma_007__steady,tpe,1,1.7278961645927335,0.04631699798266529,37.305875593220016
20260715,M2,case_td016_pp0_1_gamma_007__steady,tpe,2,1.7278961645927335,0.04631699798266529,37.305875593220016
20260715,M2,case_td016_pp0_1_gamma_007__steady,tpe,3,1.7278961645927335,0.04631699798266529,37.305875593220016
20260715,M2,case_td016_pp0_1_gamma_007__steady,tpe,4,1.7278961645927335,0.04631699798266529,37.305875593220016
20260715,M2,case_td016_pp0_1_gamma_007__steady,tpe,5,1.3682050064031028,0.04631699798266529,29.54001912894205
20260715,M2,case_td016_pp0_1_gamma_007__steady,tpe,6,1.0815915000338296,0.04631699798266529,23.35193443319942
20260715,M2,case_td016_pp0_1_gamma_007__steady,tpe,7,1.0815915000338296,0.04631699798266529,23.35193443319942
20260715,M2,case_td016_pp0_1_gamma_007__steady,tpe,8,1.0815915000338296,0.04631699798266529,23.35193443319942
20260715,M2,case_td016_pp0_1_gamma_007__steady,tpe,9,0.7819972539568237,0.04631699798266529,16.883591079229614
20260715,M2,case_td016_pp0_1_gamma_007__steady,tpe,10,0.7819972539568237,0.04631699798266529,16.883591079229614
20260715,M2,case_td016_pp0_1_gamma_007__steady,tpe,11,0.7819972539568237,0.04631699798266529,16.883591079229614
20260715,M2,case_td016_pp0_1_gamma_007__steady,tpe,12,0.7819972539568237,0.04631699798266529,16.883591079229614
20260715,M2,case_td016_pp0_1_gamma_007__steady,tpe,13,0.7819972539568237,0.04631699798266529,16.883591079229614
20260715,M2,case_td016_pp0_1_gamma_007__steady,tpe,14,0.7819972539568237,0.04631699798266529,16.883591079229614
20260715,M2,case_td016_pp0_1_gamma_007__steady,tpe,15,0.33713914722543786,0.04631699798266529,7.278950750469976
20260715,M2,case_td016_pp0_1_gamma_007__steady,tpe,16,0.20079101957657708,0.04631699798266529,4.335147533778541
20260715,M2,case_td016_pp0_1_gamma_007__steady,tpe,17,0.20079101957657708,0.04631699798266529,4.335147533778541
20260715,M2,case_td016_pp0_1_gamma_007__steady,tpe,18,0.20079101957657708,0.04631699798266529,4.335147533778541
20260715,M2,case_td016_pp0_1_gamma_007__steady,tpe,19,0.07635497704107627,0.04631699798266529,1.6485303531470903
20260715,M2,case_td016_pp0_1_gamma_007__steady,tpe,20,0.042925566539968686,0.04631699798266529,0.9267778226048698
20260715,M2,case_td016_pp0_1_gamma_007__steady,tpe,21,0.042925566539968686,0.04631699798266529,0.9267778226048698
20260715,M2,case_td016_pp0_1_gamma_007__steady,tpe,22,0.042925566539968686,0.04631699798266529,0.9267778226048698
20260715,M2,case_td016_pp0_1_gamma_007__steady,tpe,23,0.042925566539968686,0.04631699798266529,0.9267778226048698
20260715,M2,case_td016_pp0_1_gamma_007__steady,tpe,24,0.042925566539968686,0.04631699798266529,0.9267778226048698
20260715,M2,case_td016_pp0_1_gamma_007__steady,tpe,25,0.042925566539968686,0.04631699798266529,0.9267778226048698
20260715,M2,case_td016_pp0_1_gamma_007__steady,tpe,26,0.042925566539968686,0.04631699798266529,0.9267778226048698
20260715,M2,case_td016_pp0_1_gamma_007__steady,tpe,27,0.042925566539968686,0.04631699798266529,0.9267778226048698
20260715,M2,case_td016_pp0_1_gamma_007__steady,tpe,28,0.042925566539968686,0.04631699798266529,0.9267778226048698
20260715,M2,case_td016_pp0_1_gamma_007__steady,tpe,29,0.042925566539968686,0.04631699798266529,0.9267778226048698
20260715,M2,case_td016_pp0_1_gamma_007__steady,tpe,30,0.042925566539968686,0.04631699798266529,0.9267778226048698
20260715,M2,case_td016_pp0_1_gamma_007__steady,tpe,31,0.042925566539968686,0.04631699798266529,0.9267778226048698
20260715,M2,case_td016_pp0_1_gamma_007__steady,tpe,32,0.042925566539968686,0.04631699798266529,0.9267778226048698
20260715,M2,case_td016_pp0_1_gamma_007__steady,tpe,33,0.042925566539968686,0.04631699798266529,0.9267778226048698
20260715,M2,case_td016_pp0_1_gamma_007__steady,tpe,34,0.042925566539968686,0.04631699798266529,0.9267778226048698
20260715,M2,case_td016_pp0_1_gamma_007__steady,tpe,35,0.042925566539968686,0.04631699798266529,0.9267778226048698
20260715,M2,case_td016_pp0_1_gamma_007__steady,tpe,36,0.042925566539968686,0.04631699798266529,0.9267778226048698
20260715,M2,case_td016_pp0_1_gamma_007__steady,tpe,37,0.042925566539968686,0.04631699798266529,0.9267778226048698
20260715,M2,case_td016_pp0_1_gamma_007__steady,tpe,38,0.042925566539968686,0.04631699798266529,0.9267778226048698
20260715,M2,case_td016_pp0_1_gamma_007__steady,tpe,39,0.042925566539968686,0.04631699798266529,0.9267778226048698
20260715,M2,case_td016_pp0_1_gamma_007__steady,tpe,40,0.042925566539968686,0.04631699798266529,0.9267778226048698
20260715,M2,case_td016_pp0_1_gamma_007__steady,tpe,41,0.042925566539968686,0.04631699798266529,0.9267778226048698
20260715,M2,case_td016_pp0_1_gamma_007__steady,tpe,42,0.042925566539968686,0.04631699798266529,0.9267778226048698
20260715,M2,case_td016_pp0_1_gamma_007__steady,tpe,43,0.042925566539968686,0.04631699798266529,0.9267778226048698
20260715,M2,case_td016_pp0_1_gamma_007__steady,tpe,44,0.042925566539968686,0.04631699798266529,0.9267778226048698
20260715,M2,case_td016_pp0_1_gamma_007__steady,tpe,45,0.042925566539968686,0.04631699798266529,0.9267778226048698
20260715,M2,case_td016_pp0_1_gamma_007__steady,tpe,46,0.042925566539968686,0.04631699798266529,0.9267778226048698
20260715,M2,case_td016_pp0_1_gamma_007__steady,tpe,47,0.042925566539968686,0.04631699798266529,0.9267778226048698
20260715,M2,case_td016_pp0_1_gamma_007__steady,tpe,48,0.042925566539968686,0.04631699798266529,0.9267778226048698
20260715,M2,case_td016_pp0_1_gamma_007__steady,tpe,49,0.042925566539968686,0.04631699798266529,0.9267778226048698
20260715,M2,case_td016_pp0_1_gamma_007__steady,tpe,50,0.042925566539968686,0.04631699798266529,0.9267778226048698
20260715,M2,case_td016_pp0_1_gamma_007__steady,tpe,51,0.042925566539968686,0.04631699798266529,0.9267778226048698
20260715,M2,case_td016_pp0_1_gamma_007__steady,tpe,52,0.042925566539968686,0.04631699798266529,0.9267778226048698
20260715,M2,case_td016_pp0_1_gamma_007__steady,tpe,53,0.042925566539968686,0.04631699798266529,0.9267778226048698
20260715,M2,case_td016_pp0_1_gamma_007__steady,tpe,54,0.042925566539968686,0.04631699798266529,0.9267778226048698
20260715,M2,case_td016_pp0_1_gamma_007__steady,tpe,55,0.042925566539968686,0.04631699798266529,0.9267778226048698
20260715,M2,case_td016_pp0_1_gamma_007__steady,tpe,56,0.042925566539968686,0.04631699798266529,0.9267778226048698
20260715,M2,case_td016_pp0_1_gamma_007__steady,tpe,57,0.042925566539968686,0.04631699798266529,0.9267778226048698
20260715,M2,case_td016_pp0_1_gamma_007__steady,tpe,58,0.042925566539968686,0.04631699798266529,0.9267778226048698
20260715,M2,case_td016_pp0_1_gamma_007__steady,tpe,59,0.042925566539968686,0.04631699798266529,0.9267778226048698
20260715,M2,case_td016_pp0_1_gamma_007__steady,tpe,60,0.042925566539968686,0.04631699798266529,0.9267778226048698
20260715,M2,case_td016_pp0_1_gamma_007__steady,tpe,61,0.042925566539968686,0.04631699798266529,0.9267778226048698
20260715,M2,case_td016_pp0_1_gamma_007__steady,tpe,62,0.042925566539968686,0.04631699798266529,0.9267778226048698
20260715,M2,case_td016_pp0_1_gamma_007__steady,tpe,63,0.042925566539968686,0.04631699798266529,0.9267778226048698
20260715,M2,case_td016_pp0_1_gamma_007__steady,tpe,64,0.042925566539968686,0.04631699798266529,0.9267778226048698
20260715,M2,case_td016_pp0_1_gamma_007__steady,tpe,65,0.042925566539968686,0.04631699798266529,0.9267778226048698
20260715,M2,case_td016_pp0_1_gamma_007__steady,tpe,66,0.042925566539968686,0.04631699798266529,0.9267778226048698
20260715,M2,case_td016_pp0_1_gamma_007__steady,tpe,67,0.042925566539968686,0.04631699798266529,0.9267778226048698
20260715,M2,case_td016_pp0_1_gamma_007__steady,tpe,68,0.042925566539968686,0.04631699798266529,0.9267778226048698
20260715,M2,case_td016_pp0_1_gamma_007__steady,tpe,69,0.042925566539968686,0.04631699798266529,0.9267778226048698
20260715,M2,case_td016_pp0_1_gamma_007__steady,tpe,70,0.042925566539968686,0.04631699798266529,0.9267778226048698
20260715,M2,case_td016_pp0_1_gamma_007__steady,tpe,71,0.042925566539968686,0.04631699798266529,0.9267778226048698
20260715,M2,case_td016_pp0_1_gamma_007__steady,tpe,72,0.042925566539968686,0.04631699798266529,0.9267778226048698
20260715,M2,case_td016_pp0_1_gamma_007__steady,tpe,73,0.042925566539968686,0.04631699798266529,0.9267778226048698
20260715,M2,case_td016_pp0_1_gamma_007__steady,tpe,74,0.042925566539968686,0.04631699798266529,0.9267778226048698
20260715,M2,case_td016_pp0_1_gamma_007__steady,tpe,75,0.042925566539968686,0.04631699798266529,0.9267778226048698
20260715,M2,case_td016_pp0_1_gamma_007__steady,tpe,76,0.042925566539968686,0.04631699798266529,0.9267778226048698
20260715,M2,case_td016_pp0_1_gamma_007__steady,tpe,77,0.042925566539968686,0.04631699798266529,0.9267778226048698
20260715,M2,case_td016_pp0_1_gamma_007__steady,tpe,78,0.042925566539968686,0.04631699798266529,0.9267778226048698
20260715,M2,case_td016_pp0_1_gamma_007__steady,tpe,79,0.042925566539968686,0.04631699798266529,0.9267778226048698
20260715,M2,case_td016_pp0_1_gamma_007__steady,tpe,80,0.042925566539968686,0.04631699798266529,0.9267778226048698
20260715,M2,case_td016_pp0_1_gamma_007__steady,tpe,81,0.042925566539968686,0.04631699798266529,0.9267778226048698
20260715,M2,case_td016_pp0_1_gamma_007__steady,tpe,82,0.042925566539968686,0.04631699798266529,0.9267778226048698
20260715,M2,case_td016_pp0_1_gamma_007__steady,tpe,83,0.042925566539968686,0.04631699798266529,0.9267778226048698
20260715,M2,case_td016_pp0_1_gamma_007__steady,tpe,84,0.042925566539968686,0.04631699798266529,0.9267778226048698
20260715,M2,case_td016_pp0_1_gamma_007__steady,tpe,85,0.042925566539968686,0.04631699798266529,0.9267778226048698
20260715,M2,case_td016_pp0_1_gamma_007__steady,tpe,86,0.042925566539968686,0.04631699798266529,0.9267778226048698
20260715,M2,case_td016_pp0_1_gamma_007__steady,tpe,87,0.042925566539968686,0.04631699798266529,0.9267778226048698
20260715,M2,case_td016_pp0_1_gamma_007__steady,tpe,88,0.042925566539968686,0.04631699798266529,0.9267778226048698
20260715,M2,case_td016_pp0_1_gamma_007__steady,tpe,89,0.042925566539968686,0.04631699798266529,0.9267778226048698
20260715,M2,case_td016_pp0_1_gamma_007__steady,tpe,90,0.042925566539968686,0.04631699798266529,0.9267778226048698
20260715,M2,case_td016_pp0_1_gamma_007__steady,tpe,91,0.042925566539968686,0.04631699798266529,0.9267778226048698
20260715,M2,case_td016_pp0_1_gamma_007__steady,tpe,92,0.042925566539968686,0.04631699798266529,0.9267778226048698
20260715,M2,case_td016_pp0_1_gamma_007__steady,tpe,93,0.042925566539968686,0.04631699798266529,0.9267778226048698
20260715,M2,case_td016_pp0_1_gamma_007__steady,tpe,94,0.042925566539968686,0.04631699798266529,0.9267778226048698
20260715,M2,case_td016_pp0_1_gamma_007__steady,tpe,95,0.042925566539968686,0.04631699798266529,0.9267778226048698
20260715,M2,case_td016_pp0_1_gamma_007__steady,tpe,96,0.042925566539968686,0.04631699798266529,0.9267778226048698
20260715,M2,case_td016_pp0_1_gamma_007__steady,tpe,97,0.042925566539968686,0.04631699798266529,0.9267778226048698
20260715,M2,case_td016_pp0_1_gamma_007__steady,tpe,98,0.042925566539968686,0.04631699798266529,0.9267778226048698
20260715,M2,case_td016_pp0_1_gamma_007__steady,tpe,99,0.042925566539968686,0.04631699798266529,0.9267778226048698
20260715,M2,case_td016_pp0_1_gamma_007__steady,tpe,100,0.042925566539968686,0.04631699798266529,0.9267778226048698
20260715,M2,case_td016_pp0_1_gamma_007__steady,random,1,1.7278961645927335,0.04631699798266529,37.305875593220016
20260715,M2,case_td016_pp0_1_gamma_007__steady,random,2,0.09474439494306774,0.04631699798266529,2.045564243574832
20260715,M2,case_td016_pp0_1_gamma_007__steady,random,3,0.09474439494306774,0.04631699798266529,2.045564243574832
20260715,M2,case_td016_pp0_1_gamma_007__steady,random,4,0.09474439494306774,0.04631699798266529,2.045564243574832
20260715,M2,case_td016_pp0_1_gamma_007__steady,random,5,0.09474439494306774,0.04631699798266529,2.045564243574832
20260715,M2,case_td016_pp0_1_gamma_007__steady,random,6,0.09474439494306774,0.04631699798266529,2.045564243574832
20260715,M2,case_td016_pp0_1_gamma_007__steady,random,7,0.09474439494306774,0.04631699798266529,2.045564243574832
20260715,M2,case_td016_pp0_1_gamma_007__steady,random,8,0.09474439494306774,0.04631699798266529,2.045564243574832
20260715,M2,case_td016_pp0_1_gamma_007__steady,random,9,0.09474439494306774,0.04631699798266529,2.045564243574832
20260715,M2,case_td016_pp0_1_gamma_007__steady,random,10,0.05478003625046264,0.04631699798266529,1.1827199221971327
20260715,M2,case_td016_pp0_1_gamma_007__steady,random,11,0.05478003625046264,0.04631699798266529,1.1827199221971327
20260715,M2,case_td016_pp0_1_gamma_007__steady,random,12,0.05478003625046264,0.04631699798266529,1.1827199221971327
20260715,M2,case_td016_pp0_1_gamma_007__steady,random,13,0.05478003625046264,0.04631699798266529,1.1827199221971327
20260715,M2,case_td016_pp0_1_gamma_007__steady,random,14,0.05478003625046264,0.04631699798266529,1.1827199221971327
20260715,M2,case_td016_pp0_1_gamma_007__steady,random,15,0.05478003625046264,0.04631699798266529,1.1827199221971327
20260715,M2,case_td016_pp0_1_gamma_007__steady,random,16,0.05478003625046264,0.04631699798266529,1.1827199221971327
20260715,M2,case_td016_pp0_1_gamma_007__steady,random,17,0.05478003625046264,0.04631699798266529,1.1827199221971327
20260715,M2,case_td016_pp0_1_gamma_007__steady,random,18,0.05478003625046264,0.04631699798266529,1.1827199221971327
20260715,M2,case_td016_pp0_1_gamma_007__steady,random,19,0.05478003625046264,0.04631699798266529,1.1827199221971327
20260715,M2,case_td016_pp0_1_gamma_007__steady,random,20,0.05478003625046264,0.04631699798266529,1.1827199221971327
20260715,M2,case_td016_pp0_1_gamma_007__steady,random,21,0.05478003625046264,0.04631699798266529,1.1827199221971327
20260715,M2,case_td016_pp0_1_gamma_007__steady,random,22,0.05478003625046264,0.04631699798266529,1.1827199221971327
20260715,M2,case_td016_pp0_1_gamma_007__steady,random,23,0.05478003625046264,0.04631699798266529,1.1827199221971327
20260715,M2,case_td016_pp0_1_gamma_007__steady,random,24,0.05478003625046264,0.04631699798266529,1.1827199221971327
20260715,M2,case_td016_pp0_1_gamma_007__steady,random,25,0.05478003625046264,0.04631699798266529,1.1827199221971327
20260715,M2,case_td016_pp0_1_gamma_007__steady,random,26,0.05478003625046264,0.04631699798266529,1.1827199221971327
20260715,M2,case_td016_pp0_1_gamma_007__steady,random,27,0.05478003625046264,0.04631699798266529,1.1827199221971327
20260715,M2,case_td016_pp0_1_gamma_007__steady,random,28,0.05478003625046264,0.04631699798266529,1.1827199221971327
20260715,M2,case_td016_pp0_1_gamma_007__steady,random,29,0.05478003625046264,0.04631699798266529,1.1827199221971327
20260715,M2,case_td016_pp0_1_gamma_007__steady,random,30,0.05478003625046264,0.04631699798266529,1.1827199221971327
20260715,M2,case_td016_pp0_1_gamma_007__steady,random,31,0.05478003625046264,0.04631699798266529,1.1827199221971327
20260715,M2,case_td016_pp0_1_gamma_007__steady,random,32,0.05478003625046264,0.04631699798266529,1.1827199221971327
20260715,M2,case_td016_pp0_1_gamma_007__steady,random,33,0.05478003625046264,0.04631699798266529,1.1827199221971327
20260715,M2,case_td016_pp0_1_gamma_007__steady,random,34,0.05478003625046264,0.04631699798266529,1.1827199221971327
20260715,M2,case_td016_pp0_1_gamma_007__steady,random,35,0.05478003625046264,0.04631699798266529,1.1827199221971327
20260715,M2,case_td016_pp0_1_gamma_007__steady,random,36,0.05478003625046264,0.04631699798266529,1.1827199221971327
20260715,M2,case_td016_pp0_1_gamma_007__steady,random,37,0.05478003625046264,0.04631699798266529,1.1827199221971327
20260715,M2,case_td016_pp0_1_gamma_007__steady,random,38,0.05478003625046264,0.04631699798266529,1.1827199221971327
20260715,M2,case_td016_pp0_1_gamma_007__steady,random,39,0.05478003625046264,0.04631699798266529,1.1827199221971327
20260715,M2,case_td016_pp0_1_gamma_007__steady,random,40,0.05478003625046264,0.04631699798266529,1.1827199221971327
20260715,M2,case_td016_pp0_1_gamma_007__steady,random,41,0.05478003625046264,0.04631699798266529,1.1827199221971327
20260715,M2,case_td016_pp0_1_gamma_007__steady,random,42,0.05478003625046264,0.04631699798266529,1.1827199221971327
20260715,M2,case_td016_pp0_1_gamma_007__steady,random,43,0.05478003625046264,0.04631699798266529,1.1827199221971327
20260715,M2,case_td016_pp0_1_gamma_007__steady,random,44,0.05478003625046264,0.04631699798266529,1.1827199221971327
20260715,M2,case_td016_pp0_1_gamma_007__steady,random,45,0.05478003625046264,0.04631699798266529,1.1827199221971327
20260715,M2,case_td016_pp0_1_gamma_007__steady,random,46,0.05478003625046264,0.04631699798266529,1.1827199221971327
20260715,M2,case_td016_pp0_1_gamma_007__steady,random,47,0.05478003625046264,0.04631699798266529,1.1827199221971327
20260715,M2,case_td016_pp0_1_gamma_007__steady,random,48,0.05478003625046264,0.04631699798266529,1.1827199221971327
20260715,M2,case_td016_pp0_1_gamma_007__steady,random,49,0.05478003625046264,0.04631699798266529,1.1827199221971327
20260715,M2,case_td016_pp0_1_gamma_007__steady,random,50,0.05478003625046264,0.04631699798266529,1.1827199221971327
20260715,M2,case_td016_pp0_1_gamma_007__steady,random,51,0.05478003625046264,0.04631699798266529,1.1827199221971327
20260715,M2,case_td016_pp0_1_gamma_007__steady,random,52,0.05478003625046264,0.04631699798266529,1.1827199221971327
20260715,M2,case_td016_pp0_1_gamma_007__steady,random,53,0.05478003625046264,0.04631699798266529,1.1827199221971327
20260715,M2,case_td016_pp0_1_gamma_007__steady,random,54,0.05478003625046264,0.04631699798266529,1.1827199221971327
20260715,M2,case_td016_pp0_1_gamma_007__steady,random,55,0.05478003625046264,0.04631699798266529,1.1827199221971327
20260715,M2,case_td016_pp0_1_gamma_007__steady,random,56,0.05478003625046264,0.04631699798266529,1.1827199221971327
20260715,M2,case_td016_pp0_1_gamma_007__steady,random,57,0.05478003625046264,0.04631699798266529,1.1827199221971327
20260715,M2,case_td016_pp0_1_gamma_007__steady,random,58,0.05478003625046264,0.04631699798266529,1.1827199221971327
20260715,M2,case_td016_pp0_1_gamma_007__steady,random,59,0.05478003625046264,0.04631699798266529,1.1827199221971327
20260715,M2,case_td016_pp0_1_gamma_007__steady,random,60,0.05478003625046264,0.04631699798266529,1.1827199221971327
20260715,M2,case_td016_pp0_1_gamma_007__steady,random,61,0.05478003625046264,0.04631699798266529,1.1827199221971327
20260715,M2,case_td016_pp0_1_gamma_007__steady,random,62,0.05478003625046264,0.04631699798266529,1.1827199221971327
20260715,M2,case_td016_pp0_1_gamma_007__steady,random,63,0.05478003625046264,0.04631699798266529,1.1827199221971327
20260715,M2,case_td016_pp0_1_gamma_007__steady,random,64,0.05478003625046264,0.04631699798266529,1.1827199221971327
20260715,M2,case_td016_pp0_1_gamma_007__steady,random,65,0.05478003625046264,0.04631699798266529,1.1827199221971327
20260715,M2,case_td016_pp0_1_gamma_007__steady,random,66,0.05478003625046264,0.04631699798266529,1.1827199221971327
20260715,M2,case_td016_pp0_1_gamma_007__steady,random,67,0.05478003625046264,0.04631699798266529,1.1827199221971327
20260715,M2,case_td016_pp0_1_gamma_007__steady,random,68,0.05478003625046264,0.04631699798266529,1.1827199221971327
20260715,M2,case_td016_pp0_1_gamma_007__steady,random,69,0.05478003625046264,0.04631699798266529,1.1827199221971327
20260715,M2,case_td016_pp0_1_gamma_007__steady,random,70,0.05478003625046264,0.04631699798266529,1.1827199221971327
20260715,M2,case_td016_pp0_1_gamma_007__steady,random,71,0.05478003625046264,0.04631699798266529,1.1827199221971327
20260715,M2,case_td016_pp0_1_gamma_007__steady,random,72,0.05478003625046264,0.04631699798266529,1.1827199221971327
20260715,M2,case_td016_pp0_1_gamma_007__steady,random,73,0.05478003625046264,0.04631699798266529,1.1827199221971327
20260715,M2,case_td016_pp0_1_gamma_007__steady,random,74,0.05478003625046264,0.04631699798266529,1.1827199221971327
20260715,M2,case_td016_pp0_1_gamma_007__steady,random,75,0.05478003625046264,0.04631699798266529,1.1827199221971327
20260715,M2,case_td016_pp0_1_gamma_007__steady,random,76,0.05478003625046264,0.04631699798266529,1.1827199221971327
20260715,M2,case_td016_pp0_1_gamma_007__steady,random,77,0.05478003625046264,0.04631699798266529,1.1827199221971327
20260715,M2,case_td016_pp0_1_gamma_007__steady,random,78,0.05478003625046264,0.04631699798266529,1.1827199221971327
20260715,M2,case_td016_pp0_1_gamma_007__steady,random,79,0.05478003625046264,0.04631699798266529,1.1827199221971327
20260715,M2,case_td016_pp0_1_gamma_007__steady,random,80,0.05478003625046264,0.04631699798266529,1.1827199221971327
20260715,M2,case_td016_pp0_1_gamma_007__steady,random,81,0.05478003625046264,0.04631699798266529,1.1827199221971327
20260715,M2,case_td016_pp0_1_gamma_007__steady,random,82,0.05478003625046264,0.04631699798266529,1.1827199221971327
20260715,M2,case_td016_pp0_1_gamma_007__steady,random,83,0.05478003625046264,0.04631699798266529,1.1827199221971327
20260715,M2,case_td016_pp0_1_gamma_007__steady,random,84,0.05478003625046264,0.04631699798266529,1.1827199221971327
20260715,M2,case_td016_pp0_1_gamma_007__steady,random,85,0.05478003625046264,0.04631699798266529,1.1827199221971327
20260715,M2,case_td016_pp0_1_gamma_007__steady,random,86,0.05478003625046264,0.04631699798266529,1.1827199221971327
20260715,M2,case_td016_pp0_1_gamma_007__steady,random,87,0.05478003625046264,0.04631699798266529,1.1827199221971327
20260715,M2,case_td016_pp0_1_gamma_007__steady,random,88,0.05478003625046264,0.04631699798266529,1.1827199221971327
20260715,M2,case_td016_pp0_1_gamma_007__steady,random,89,0.05478003625046264,0.04631699798266529,1.1827199221971327
20260715,M2,case_td016_pp0_1_gamma_007__steady,random,90,0.05478003625046264,0.04631699798266529,1.1827199221971327
20260715,M2,case_td016_pp0_1_gamma_007__steady,random,91,0.05478003625046264,0.04631699798266529,1.1827199221971327
20260715,M2,case_td016_pp0_1_gamma_007__steady,random,92,0.05478003625046264,0.04631699798266529,1.1827199221971327
20260715,M2,case_td016_pp0_1_gamma_007__steady,random,93,0.05478003625046264,0.04631699798266529,1.1827199221971327
20260715,M2,case_td016_pp0_1_gamma_007__steady,random,94,0.05478003625046264,0.04631699798266529,1.1827199221971327
20260715,M2,case_td016_pp0_1_gamma_007__steady,random,95,0.05478003625046264,0.04631699798266529,1.1827199221971327
20260715,M2,case_td016_pp0_1_gamma_007__steady,random,96,0.05478003625046264,0.04631699798266529,1.1827199221971327
20260715,M2,case_td016_pp0_1_gamma_007__steady,random,97,0.05478003625046264,0.04631699798266529,1.1827199221971327
20260715,M2,case_td016_pp0_1_gamma_007__steady,random,98,0.05478003625046264,0.04631699798266529,1.1827199221971327
20260715,M2,case_td016_pp0_1_gamma_007__steady,random,99,0.05478003625046264,0.04631699798266529,1.1827199221971327
20260715,M2,case_td016_pp0_1_gamma_007__steady,random,100,0.05478003625046264,0.04631699798266529,1.1827199221971327
20260715,M3,case_td030_pa200_pp0_5_gamma_004__steady,cmaes,1,0.4420755918508906,0.050309085967164796,8.787191882981533
20260715,M3,case_td030_pa200_pp0_5_gamma_004__steady,cmaes,2,0.42349849501904424,0.050309085967164796,8.417932603574805
20260715,M3,case_td030_pa200_pp0_5_gamma_004__steady,cmaes,3,0.42349849501904424,0.050309085967164796,8.417932603574805
20260715,M3,case_td030_pa200_pp0_5_gamma_004__steady,cmaes,4,0.1911148954443264,0.050309085967164796,3.7988147025581274
20260715,M3,case_td030_pa200_pp0_5_gamma_004__steady,cmaes,5,0.1911148954443264,0.050309085967164796,3.7988147025581274
20260715,M3,case_td030_pa200_pp0_5_gamma_004__steady,cmaes,6,0.1911148954443264,0.050309085967164796,3.7988147025581274
20260715,M3,case_td030_pa200_pp0_5_gamma_004__steady,cmaes,7,0.1911148954443264,0.050309085967164796,3.7988147025581274
20260715,M3,case_td030_pa200_pp0_5_gamma_004__steady,cmaes,8,0.1911148954443264,0.050309085967164796,3.7988147025581274
20260715,M3,case_td030_pa200_pp0_5_gamma_004__steady,cmaes,9,0.1911148954443264,0.050309085967164796,3.7988147025581274
20260715,M3,case_td030_pa200_pp0_5_gamma_004__steady,cmaes,10,0.1911148954443264,0.050309085967164796,3.7988147025581274
20260715,M3,case_td030_pa200_pp0_5_gamma_004__steady,cmaes,11,0.1911148954443264,0.050309085967164796,3.7988147025581274
20260715,M3,case_td030_pa200_pp0_5_gamma_004__steady,cmaes,12,0.1911148954443264,0.050309085967164796,3.7988147025581274
20260715,M3,case_td030_pa200_pp0_5_gamma_004__steady,cmaes,13,0.1911148954443264,0.050309085967164796,3.7988147025581274
20260715,M3,case_td030_pa200_pp0_5_gamma_004__steady,cmaes,14,0.1911148954443264,0.050309085967164796,3.7988147025581274
20260715,M3,case_td030_pa200_pp0_5_gamma_004__steady,cmaes,15,0.1911148954443264,0.050309085967164796,3.7988147025581274
20260715,M3,case_td030_pa200_pp0_5_gamma_004__steady,cmaes,16,0.12822948862302705,0.050309085967164796,2.5488335985018398
20260715,M3,case_td030_pa200_pp0_5_gamma_004__steady,cmaes,17,0.12822948862302705,0.050309085967164796,2.5488335985018398
20260715,M3,case_td030_pa200_pp0_5_gamma_004__steady,cmaes,18,0.12822948862302705,0.050309085967164796,2.5488335985018398
20260715,M3,case_td030_pa200_pp0_5_gamma_004__steady,cmaes,19,0.12822948862302705,0.050309085967164796,2.5488335985018398
20260715,M3,case_td030_pa200_pp0_5_gamma_004__steady,cmaes,20,0.12822948862302705,0.050309085967164796,2.5488335985018398
20260715,M3,case_td030_pa200_pp0_5_gamma_004__steady,cmaes,21,0.12822948862302705,0.050309085967164796,2.5488335985018398
20260715,M3,case_td030_pa200_pp0_5_gamma_004__steady,cmaes,22,0.12822948862302705,0.050309085967164796,2.5488335985018398
20260715,M3,case_td030_pa200_pp0_5_gamma_004__steady,cmaes,23,0.12822948862302705,0.050309085967164796,2.5488335985018398
20260715,M3,case_td030_pa200_pp0_5_gamma_004__steady,cmaes,24,0.12822948862302705,0.050309085967164796,2.5488335985018398
20260715,M3,case_td030_pa200_pp0_5_gamma_004__steady,cmaes,25,0.12822948862302705,0.050309085967164796,2.5488335985018398
20260715,M3,case_td030_pa200_pp0_5_gamma_004__steady,cmaes,26,0.12822948862302705,0.050309085967164796,2.5488335985018398
20260715,M3,case_td030_pa200_pp0_5_gamma_004__steady,cmaes,27,0.12285482814488999,0.050309085967164796,2.4420007993202972
20260715,M3,case_td030_pa200_pp0_5_gamma_004__steady,cmaes,28,0.12285482814488999,0.050309085967164796,2.4420007993202972
20260715,M3,case_td030_pa200_pp0_5_gamma_004__steady,cmaes,29,0.12285482814488999,0.050309085967164796,2.4420007993202972
20260715,M3,case_td030_pa200_pp0_5_gamma_004__steady,cmaes,30,0.12285482814488999,0.050309085967164796,2.4420007993202972
20260715,M3,case_td030_pa200_pp0_5_gamma_004__steady,cmaes,31,0.12285482814488999,0.050309085967164796,2.4420007993202972
20260715,M3,case_td030_pa200_pp0_5_gamma_004__steady,cmaes,32,0.12285482814488999,0.050309085967164796,2.4420007993202972
20260715,M3,case_td030_pa200_pp0_5_gamma_004__steady,cmaes,33,0.12285482814488999,0.050309085967164796,2.4420007993202972
20260715,M3,case_td030_pa200_pp0_5_gamma_004__steady,cmaes,34,0.12285482814488999,0.050309085967164796,2.4420007993202972
20260715,M3,case_td030_pa200_pp0_5_gamma_004__steady,cmaes,35,0.12285482814488999,0.050309085967164796,2.4420007993202972
20260715,M3,case_td030_pa200_pp0_5_gamma_004__steady,cmaes,36,0.12285482814488999,0.050309085967164796,2.4420007993202972
20260715,M3,case_td030_pa200_pp0_5_gamma_004__steady,cmaes,37,0.12285482814488999,0.050309085967164796,2.4420007993202972
20260715,M3,case_td030_pa200_pp0_5_gamma_004__steady,cmaes,38,0.12285482814488999,0.050309085967164796,2.4420007993202972
20260715,M3,case_td030_pa200_pp0_5_gamma_004__steady,cmaes,39,0.12285482814488999,0.050309085967164796,2.4420007993202972
20260715,M3,case_td030_pa200_pp0_5_gamma_004__steady,cmaes,40,0.12285482814488999,0.050309085967164796,2.4420007993202972
20260715,M3,case_td030_pa200_pp0_5_gamma_004__steady,cmaes,41,0.12285482814488999,0.050309085967164796,2.4420007993202972
20260715,M3,case_td030_pa200_pp0_5_gamma_004__steady,cmaes,42,0.12285482814488999,0.050309085967164796,2.4420007993202972
20260715,M3,case_td030_pa200_pp0_5_gamma_004__steady,cmaes,43,0.12285482814488999,0.050309085967164796,2.4420007993202972
20260715,M3,case_td030_pa200_pp0_5_gamma_004__steady,cmaes,44,0.12285482814488999,0.050309085967164796,2.4420007993202972
20260715,M3,case_td030_pa200_pp0_5_gamma_004__steady,cmaes,45,0.12285482814488999,0.050309085967164796,2.4420007993202972
20260715,M3,case_td030_pa200_pp0_5_gamma_004__steady,cmaes,46,0.12285482814488999,0.050309085967164796,2.4420007993202972
20260715,M3,case_td030_pa200_pp0_5_gamma_004__steady,cmaes,47,0.12285482814488999,0.050309085967164796,2.4420007993202972
20260715,M3,case_td030_pa200_pp0_5_gamma_004__steady,cmaes,48,0.12285482814488999,0.050309085967164796,2.4420007993202972
20260715,M3,case_td030_pa200_pp0_5_gamma_004__steady,cmaes,49,0.12285482814488999,0.050309085967164796,2.4420007993202972
20260715,M3,case_td030_pa200_pp0_5_gamma_004__steady,cmaes,50,0.12285482814488999,0.050309085967164796,2.4420007993202972
20260715,M3,case_td030_pa200_pp0_5_gamma_004__steady,cmaes,51,0.12285482814488999,0.050309085967164796,2.4420007993202972
20260715,M3,case_td030_pa200_pp0_5_gamma_004__steady,cmaes,52,0.12285482814488999,0.050309085967164796,2.4420007993202972
20260715,M3,case_td030_pa200_pp0_5_gamma_004__steady,cmaes,53,0.12285482814488999,0.050309085967164796,2.4420007993202972
20260715,M3,case_td030_pa200_pp0_5_gamma_004__steady,cmaes,54,0.12285482814488999,0.050309085967164796,2.4420007993202972
20260715,M3,case_td030_pa200_pp0_5_gamma_004__steady,cmaes,55,0.12285482814488999,0.050309085967164796,2.4420007993202972
20260715,M3,case_td030_pa200_pp0_5_gamma_004__steady,cmaes,56,0.12285482814488999,0.050309085967164796,2.4420007993202972
20260715,M3,case_td030_pa200_pp0_5_gamma_004__steady,cmaes,57,0.10285879191725038,0.050309085967164796,2.044537083905344
20260715,M3,case_td030_pa200_pp0_5_gamma_004__steady,cmaes,58,0.10285879191725038,0.050309085967164796,2.044537083905344
20260715,M3,case_td030_pa200_pp0_5_gamma_004__steady,cmaes,59,0.10285879191725038,0.050309085967164796,2.044537083905344
20260715,M3,case_td030_pa200_pp0_5_gamma_004__steady,cmaes,60,0.10285879191725038,0.050309085967164796,2.044537083905344
20260715,M3,case_td030_pa200_pp0_5_gamma_004__steady,cmaes,61,0.10285879191725038,0.050309085967164796,2.044537083905344
20260715,M3,case_td030_pa200_pp0_5_gamma_004__steady,cmaes,62,0.10285879191725038,0.050309085967164796,2.044537083905344
20260715,M3,case_td030_pa200_pp0_5_gamma_004__steady,cmaes,63,0.10285879191725038,0.050309085967164796,2.044537083905344
20260715,M3,case_td030_pa200_pp0_5_gamma_004__steady,cmaes,64,0.09944056288371025,0.050309085967164796,1.976592517475115
20260715,M3,case_td030_pa200_pp0_5_gamma_004__steady,cmaes,65,0.08827770384229154,0.050309085967164796,1.7547069708224814
20260715,M3,case_td030_pa200_pp0_5_gamma_004__steady,cmaes,66,0.06269549805409179,0.050309085967164796,1.2462062637156879
20260715,M3,case_td030_pa200_pp0_5_gamma_004__steady,cmaes,67,0.06269549805409179,0.050309085967164796,1.2462062637156879
20260715,M3,case_td030_pa200_pp0_5_gamma_004__steady,cmaes,68,0.06269549805409179,0.050309085967164796,1.2462062637156879
20260715,M3,case_td030_pa200_pp0_5_gamma_004__steady,cmaes,69,0.06269549805409179,0.050309085967164796,1.2462062637156879
20260715,M3,case_td030_pa200_pp0_5_gamma_004__steady,cmaes,70,0.06269549805409179,0.050309085967164796,1.2462062637156879
20260715,M3,case_td030_pa200_pp0_5_gamma_004__steady,cmaes,71,0.06269549805409179,0.050309085967164796,1.2462062637156879
20260715,M3,case_td030_pa200_pp0_5_gamma_004__steady,cmaes,72,0.06269549805409179,0.050309085967164796,1.2462062637156879
20260715,M3,case_td030_pa200_pp0_5_gamma_004__steady,cmaes,73,0.06269549805409179,0.050309085967164796,1.2462062637156879
20260715,M3,case_td030_pa200_pp0_5_gamma_004__steady,cmaes,74,0.06269549805409179,0.050309085967164796,1.2462062637156879
20260715,M3,case_td030_pa200_pp0_5_gamma_004__steady,cmaes,75,0.06269549805409179,0.050309085967164796,1.2462062637156879
20260715,M3,case_td030_pa200_pp0_5_gamma_004__steady,cmaes,76,0.06269549805409179,0.050309085967164796,1.2462062637156879
20260715,M3,case_td030_pa200_pp0_5_gamma_004__steady,cmaes,77,0.06269549805409179,0.050309085967164796,1.2462062637156879
20260715,M3,case_td030_pa200_pp0_5_gamma_004__steady,cmaes,78,0.06269549805409179,0.050309085967164796,1.2462062637156879
20260715,M3,case_td030_pa200_pp0_5_gamma_004__steady,cmaes,79,0.06269549805409179,0.050309085967164796,1.2462062637156879
20260715,M3,case_td030_pa200_pp0_5_gamma_004__steady,cmaes,80,0.06269549805409179,0.050309085967164796,1.2462062637156879
20260715,M3,case_td030_pa200_pp0_5_gamma_004__steady,cmaes,81,0.06269549805409179,0.050309085967164796,1.2462062637156879
20260715,M3,case_td030_pa200_pp0_5_gamma_004__steady,cmaes,82,0.06269549805409179,0.050309085967164796,1.2462062637156879
20260715,M3,case_td030_pa200_pp0_5_gamma_004__steady,cmaes,83,0.06269549805409179,0.050309085967164796,1.2462062637156879
20260715,M3,case_td030_pa200_pp0_5_gamma_004__steady,cmaes,84,0.06269549805409179,0.050309085967164796,1.2462062637156879
20260715,M3,case_td030_pa200_pp0_5_gamma_004__steady,cmaes,85,0.06116503439077679,0.050309085967164796,1.2157850458801287
20260715,M3,case_td030_pa200_pp0_5_gamma_004__steady,cmaes,86,0.06116503439077679,0.050309085967164796,1.2157850458801287
20260715,M3,case_td030_pa200_pp0_5_gamma_004__steady,cmaes,87,0.06116503439077679,0.050309085967164796,1.2157850458801287
20260715,M3,case_td030_pa200_pp0_5_gamma_004__steady,cmaes,88,0.06116503439077679,0.050309085967164796,1.2157850458801287
20260715,M3,case_td030_pa200_pp0_5_gamma_004__steady,cmaes,89,0.06116503439077679,0.050309085967164796,1.2157850458801287
20260715,M3,case_td030_pa200_pp0_5_gamma_004__steady,cmaes,90,0.06116503439077679,0.050309085967164796,1.2157850458801287
20260715,M3,case_td030_pa200_pp0_5_gamma_004__steady,cmaes,91,0.06116503439077679,0.050309085967164796,1.2157850458801287
20260715,M3,case_td030_pa200_pp0_5_gamma_004__steady,cmaes,92,0.06116503439077679,0.050309085967164796,1.2157850458801287
20260715,M3,case_td030_pa200_pp0_5_gamma_004__steady,cmaes,93,0.06116503439077679,0.050309085967164796,1.2157850458801287
20260715,M3,case_td030_pa200_pp0_5_gamma_004__steady,cmaes,94,0.05418118321424566,0.050309085967164796,1.0769661617308663
20260715,M3,case_td030_pa200_pp0_5_gamma_004__steady,cmaes,95,0.05418118321424566,0.050309085967164796,1.0769661617308663
20260715,M3,case_td030_pa200_pp0_5_gamma_004__steady,cmaes,96,0.05418118321424566,0.050309085967164796,1.0769661617308663
20260715,M3,case_td030_pa200_pp0_5_gamma_004__steady,cmaes,97,0.05418118321424566,0.050309085967164796,1.0769661617308663
20260715,M3,case_td030_pa200_pp0_5_gamma_004__steady,cmaes,98,0.05418118321424566,0.050309085967164796,1.0769661617308663
20260715,M3,case_td030_pa200_pp0_5_gamma_004__steady,cmaes,99,0.05416876182560097,0.050309085967164796,1.0767192602337332
20260715,M3,case_td030_pa200_pp0_5_gamma_004__steady,cmaes,100,0.05416876182560097,0.050309085967164796,1.0767192602337332
20260715,M3,case_td030_pa200_pp0_5_gamma_004__steady,tpe,1,0.4420755918508906,0.050309085967164796,8.787191882981533
20260715,M3,case_td030_pa200_pp0_5_gamma_004__steady,tpe,2,0.2682957654365169,0.050309085967164796,5.332948517721538
20260715,M3,case_td030_pa200_pp0_5_gamma_004__steady,tpe,3,0.23021228986192166,0.050309085967164796,4.575958506027603
20260715,M3,case_td030_pa200_pp0_5_gamma_004__steady,tpe,4,0.23021228986192166,0.050309085967164796,4.575958506027603
20260715,M3,case_td030_pa200_pp0_5_gamma_004__steady,tpe,5,0.23021228986192166,0.050309085967164796,4.575958506027603
20260715,M3,case_td030_pa200_pp0_5_gamma_004__steady,tpe,6,0.23021228986192166,0.050309085967164796,4.575958506027603
20260715,M3,case_td030_pa200_pp0_5_gamma_004__steady,tpe,7,0.23021228986192166,0.050309085967164796,4.575958506027603
20260715,M3,case_td030_pa200_pp0_5_gamma_004__steady,tpe,8,0.23021228986192166,0.050309085967164796,4.575958506027603
20260715,M3,case_td030_pa200_pp0_5_gamma_004__steady,tpe,9,0.23021228986192166,0.050309085967164796,4.575958506027603
20260715,M3,case_td030_pa200_pp0_5_gamma_004__steady,tpe,10,0.23021228986192166,0.050309085967164796,4.575958506027603
20260715,M3,case_td030_pa200_pp0_5_gamma_004__steady,tpe,11,0.23021228986192166,0.050309085967164796,4.575958506027603
20260715,M3,case_td030_pa200_pp0_5_gamma_004__steady,tpe,12,0.23021228986192166,0.050309085967164796,4.575958506027603
20260715,M3,case_td030_pa200_pp0_5_gamma_004__steady,tpe,13,0.23021228986192166,0.050309085967164796,4.575958506027603
20260715,M3,case_td030_pa200_pp0_5_gamma_004__steady,tpe,14,0.23021228986192166,0.050309085967164796,4.575958506027603
20260715,M3,case_td030_pa200_pp0_5_gamma_004__steady,tpe,15,0.23021228986192166,0.050309085967164796,4.575958506027603
20260715,M3,case_td030_pa200_pp0_5_gamma_004__steady,tpe,16,0.16189077487340656,0.050309085967164796,3.2179231993812754
20260715,M3,case_td030_pa200_pp0_5_gamma_004__steady,tpe,17,0.16189077487340656,0.050309085967164796,3.2179231993812754
20260715,M3,case_td030_pa200_pp0_5_gamma_004__steady,tpe,18,0.06937956819124684,0.050309085967164796,1.379066362615468
20260715,M3,case_td030_pa200_pp0_5_gamma_004__steady,tpe,19,0.06937956819124684,0.050309085967164796,1.379066362615468
20260715,M3,case_td030_pa200_pp0_5_gamma_004__steady,tpe,20,0.06937956819124684,0.050309085967164796,1.379066362615468
20260715,M3,case_td030_pa200_pp0_5_gamma_004__steady,tpe,21,0.06937956819124684,0.050309085967164796,1.379066362615468
20260715,M3,case_td030_pa200_pp0_5_gamma_004__steady,tpe,22,0.06937956819124684,0.050309085967164796,1.379066362615468
20260715,M3,case_td030_pa200_pp0_5_gamma_004__steady,tpe,23,0.06937956819124684,0.050309085967164796,1.379066362615468
20260715,M3,case_td030_pa200_pp0_5_gamma_004__steady,tpe,24,0.06937956819124684,0.050309085967164796,1.379066362615468
20260715,M3,case_td030_pa200_pp0_5_gamma_004__steady,tpe,25,0.06937956819124684,0.050309085967164796,1.379066362615468
20260715,M3,case_td030_pa200_pp0_5_gamma_004__steady,tpe,26,0.06937956819124684,0.050309085967164796,1.379066362615468
20260715,M3,case_td030_pa200_pp0_5_gamma_004__steady,tpe,27,0.05583525238320163,0.050309085967164796,1.1098443016763133
20260715,M3,case_td030_pa200_pp0_5_gamma_004__steady,tpe,28,0.05583525238320163,0.050309085967164796,1.1098443016763133
20260715,M3,case_td030_pa200_pp0_5_gamma_004__steady,tpe,29,0.05583525238320163,0.050309085967164796,1.1098443016763133
20260715,M3,case_td030_pa200_pp0_5_gamma_004__steady,tpe,30,0.05583525238320163,0.050309085967164796,1.1098443016763133
20260715,M3,case_td030_pa200_pp0_5_gamma_004__steady,tpe,31,0.05583525238320163,0.050309085967164796,1.1098443016763133
20260715,M3,case_td030_pa200_pp0_5_gamma_004__steady,tpe,32,0.05583525238320163,0.050309085967164796,1.1098443016763133
20260715,M3,case_td030_pa200_pp0_5_gamma_004__steady,tpe,33,0.05552032365608831,0.050309085967164796,1.103584423941328
20260715,M3,case_td030_pa200_pp0_5_gamma_004__steady,tpe,34,0.05552032365608831,0.050309085967164796,1.103584423941328
20260715,M3,case_td030_pa200_pp0_5_gamma_004__steady,tpe,35,0.05447449242965914,0.050309085967164796,1.082796305725232
20260715,M3,case_td030_pa200_pp0_5_gamma_004__steady,tpe,36,0.05447449242965914,0.050309085967164796,1.082796305725232
20260715,M3,case_td030_pa200_pp0_5_gamma_004__steady,tpe,37,0.05447449242965914,0.050309085967164796,1.082796305725232
20260715,M3,case_td030_pa200_pp0_5_gamma_004__steady,tpe,38,0.05447449242965914,0.050309085967164796,1.082796305725232
20260715,M3,case_td030_pa200_pp0_5_gamma_004__steady,tpe,39,0.05447449242965914,0.050309085967164796,1.082796305725232
20260715,M3,case_td030_pa200_pp0_5_gamma_004__steady,tpe,40,0.05447449242965914,0.050309085967164796,1.082796305725232
20260715,M3,case_td030_pa200_pp0_5_gamma_004__steady,tpe,41,0.05447449242965914,0.050309085967164796,1.082796305725232
20260715,M3,case_td030_pa200_pp0_5_gamma_004__steady,tpe,42,0.05447449242965914,0.050309085967164796,1.082796305725232
20260715,M3,case_td030_pa200_pp0_5_gamma_004__steady,tpe,43,0.05447449242965914,0.050309085967164796,1.082796305725232
20260715,M3,case_td030_pa200_pp0_5_gamma_004__steady,tpe,44,0.05447449242965914,0.050309085967164796,1.082796305725232
20260715,M3,case_td030_pa200_pp0_5_gamma_004__steady,tpe,45,0.05447449242965914,0.050309085967164796,1.082796305725232
20260715,M3,case_td030_pa200_pp0_5_gamma_004__steady,tpe,46,0.05447449242965914,0.050309085967164796,1.082796305725232
20260715,M3,case_td030_pa200_pp0_5_gamma_004__steady,tpe,47,0.05447449242965914,0.050309085967164796,1.082796305725232
20260715,M3,case_td030_pa200_pp0_5_gamma_004__steady,tpe,48,0.05447449242965914,0.050309085967164796,1.082796305725232
20260715,M3,case_td030_pa200_pp0_5_gamma_004__steady,tpe,49,0.05447449242965914,0.050309085967164796,1.082796305725232
20260715,M3,case_td030_pa200_pp0_5_gamma_004__steady,tpe,50,0.052000553461212025,0.050309085967164796,1.0336215111352092
20260715,M3,case_td030_pa200_pp0_5_gamma_004__steady,tpe,51,0.052000553461212025,0.050309085967164796,1.0336215111352092
20260715,M3,case_td030_pa200_pp0_5_gamma_004__steady,tpe,52,0.052000553461212025,0.050309085967164796,1.0336215111352092
20260715,M3,case_td030_pa200_pp0_5_gamma_004__steady,tpe,53,0.052000553461212025,0.050309085967164796,1.0336215111352092
20260715,M3,case_td030_pa200_pp0_5_gamma_004__steady,tpe,54,0.052000553461212025,0.050309085967164796,1.0336215111352092
20260715,M3,case_td030_pa200_pp0_5_gamma_004__steady,tpe,55,0.05191843731740182,0.050309085967164796,1.0319892782645146
20260715,M3,case_td030_pa200_pp0_5_gamma_004__steady,tpe,56,0.05191843731740182,0.050309085967164796,1.0319892782645146
20260715,M3,case_td030_pa200_pp0_5_gamma_004__steady,tpe,57,0.05191843731740182,0.050309085967164796,1.0319892782645146
20260715,M3,case_td030_pa200_pp0_5_gamma_004__steady,tpe,58,0.05191843731740182,0.050309085967164796,1.0319892782645146
20260715,M3,case_td030_pa200_pp0_5_gamma_004__steady,tpe,59,0.05191843731740182,0.050309085967164796,1.0319892782645146
20260715,M3,case_td030_pa200_pp0_5_gamma_004__steady,tpe,60,0.05191843731740182,0.050309085967164796,1.0319892782645146
20260715,M3,case_td030_pa200_pp0_5_gamma_004__steady,tpe,61,0.05191843731740182,0.050309085967164796,1.0319892782645146
20260715,M3,case_td030_pa200_pp0_5_gamma_004__steady,tpe,62,0.05191843731740182,0.050309085967164796,1.0319892782645146
20260715,M3,case_td030_pa200_pp0_5_gamma_004__steady,tpe,63,0.05191843731740182,0.050309085967164796,1.0319892782645146
20260715,M3,case_td030_pa200_pp0_5_gamma_004__steady,tpe,64,0.05191843731740182,0.050309085967164796,1.0319892782645146
20260715,M3,case_td030_pa200_pp0_5_gamma_004__steady,tpe,65,0.05191843731740182,0.050309085967164796,1.0319892782645146
20260715,M3,case_td030_pa200_pp0_5_gamma_004__steady,tpe,66,0.05191843731740182,0.050309085967164796,1.0319892782645146
20260715,M3,case_td030_pa200_pp0_5_gamma_004__steady,tpe,67,0.05191843731740182,0.050309085967164796,1.0319892782645146
20260715,M3,case_td030_pa200_pp0_5_gamma_004__steady,tpe,68,0.05191843731740182,0.050309085967164796,1.0319892782645146
20260715,M3,case_td030_pa200_pp0_5_gamma_004__steady,tpe,69,0.05191843731740182,0.050309085967164796,1.0319892782645146
20260715,M3,case_td030_pa200_pp0_5_gamma_004__steady,tpe,70,0.05191843731740182,0.050309085967164796,1.0319892782645146
20260715,M3,case_td030_pa200_pp0_5_gamma_004__steady,tpe,71,0.05191843731740182,0.050309085967164796,1.0319892782645146
20260715,M3,case_td030_pa200_pp0_5_gamma_004__steady,tpe,72,0.05191843731740182,0.050309085967164796,1.0319892782645146
20260715,M3,case_td030_pa200_pp0_5_gamma_004__steady,tpe,73,0.05191843731740182,0.050309085967164796,1.0319892782645146
20260715,M3,case_td030_pa200_pp0_5_gamma_004__steady,tpe,74,0.05191843731740182,0.050309085967164796,1.0319892782645146
20260715,M3,case_td030_pa200_pp0_5_gamma_004__steady,tpe,75,0.05191843731740182,0.050309085967164796,1.0319892782645146
20260715,M3,case_td030_pa200_pp0_5_gamma_004__steady,tpe,76,0.05191843731740182,0.050309085967164796,1.0319892782645146
20260715,M3,case_td030_pa200_pp0_5_gamma_004__steady,tpe,77,0.05191843731740182,0.050309085967164796,1.0319892782645146
20260715,M3,case_td030_pa200_pp0_5_gamma_004__steady,tpe,78,0.05191843731740182,0.050309085967164796,1.0319892782645146
20260715,M3,case_td030_pa200_pp0_5_gamma_004__steady,tpe,79,0.05191843731740182,0.050309085967164796,1.0319892782645146
20260715,M3,case_td030_pa200_pp0_5_gamma_004__steady,tpe,80,0.05191843731740182,0.050309085967164796,1.0319892782645146
20260715,M3,case_td030_pa200_pp0_5_gamma_004__steady,tpe,81,0.05191843731740182,0.050309085967164796,1.0319892782645146
20260715,M3,case_td030_pa200_pp0_5_gamma_004__steady,tpe,82,0.05191843731740182,0.050309085967164796,1.0319892782645146
20260715,M3,case_td030_pa200_pp0_5_gamma_004__steady,tpe,83,0.05191843731740182,0.050309085967164796,1.0319892782645146
20260715,M3,case_td030_pa200_pp0_5_gamma_004__steady,tpe,84,0.05191843731740182,0.050309085967164796,1.0319892782645146
20260715,M3,case_td030_pa200_pp0_5_gamma_004__steady,tpe,85,0.05191843731740182,0.050309085967164796,1.0319892782645146
20260715,M3,case_td030_pa200_pp0_5_gamma_004__steady,tpe,86,0.051648655112021484,0.050309085967164796,1.0266267835939413
20260715,M3,case_td030_pa200_pp0_5_gamma_004__steady,tpe,87,0.051648655112021484,0.050309085967164796,1.0266267835939413
20260715,M3,case_td030_pa200_pp0_5_gamma_004__steady,tpe,88,0.051648655112021484,0.050309085967164796,1.0266267835939413
20260715,M3,case_td030_pa200_pp0_5_gamma_004__steady,tpe,89,0.051648655112021484,0.050309085967164796,1.0266267835939413
20260715,M3,case_td030_pa200_pp0_5_gamma_004__steady,tpe,90,0.051648655112021484,0.050309085967164796,1.0266267835939413
20260715,M3,case_td030_pa200_pp0_5_gamma_004__steady,tpe,91,0.051648655112021484,0.050309085967164796,1.0266267835939413
20260715,M3,case_td030_pa200_pp0_5_gamma_004__steady,tpe,92,0.051648655112021484,0.050309085967164796,1.0266267835939413
20260715,M3,case_td030_pa200_pp0_5_gamma_004__steady,tpe,93,0.051648655112021484,0.050309085967164796,1.0266267835939413
20260715,M3,case_td030_pa200_pp0_5_gamma_004__steady,tpe,94,0.051648655112021484,0.050309085967164796,1.0266267835939413
20260715,M3,case_td030_pa200_pp0_5_gamma_004__steady,tpe,95,0.051648655112021484,0.050309085967164796,1.0266267835939413
20260715,M3,case_td030_pa200_pp0_5_gamma_004__steady,tpe,96,0.051648655112021484,0.050309085967164796,1.0266267835939413
20260715,M3,case_td030_pa200_pp0_5_gamma_004__steady,tpe,97,0.051648655112021484,0.050309085967164796,1.0266267835939413
20260715,M3,case_td030_pa200_pp0_5_gamma_004__steady,tpe,98,0.051648655112021484,0.050309085967164796,1.0266267835939413
20260715,M3,case_td030_pa200_pp0_5_gamma_004__steady,tpe,99,0.051648655112021484,0.050309085967164796,1.0266267835939413
20260715,M3,case_td030_pa200_pp0_5_gamma_004__steady,tpe,100,0.05157235431250758,0.050309085967164796,1.0251101430498515
20260715,M3,case_td030_pa200_pp0_5_gamma_004__steady,random,1,0.4420755918508906,0.050309085967164796,8.787191882981533
20260715,M3,case_td030_pa200_pp0_5_gamma_004__steady,random,2,0.4420755918508906,0.050309085967164796,8.787191882981533
20260715,M3,case_td030_pa200_pp0_5_gamma_004__steady,random,3,0.41431453344538505,0.050309085967164796,8.235381849628425
20260715,M3,case_td030_pa200_pp0_5_gamma_004__steady,random,4,0.41431453344538505,0.050309085967164796,8.235381849628425
20260715,M3,case_td030_pa200_pp0_5_gamma_004__steady,random,5,0.15782501220758025,0.050309085967164796,3.1371075258768926
20260715,M3,case_td030_pa200_pp0_5_gamma_004__steady,random,6,0.15782501220758025,0.050309085967164796,3.1371075258768926
20260715,M3,case_td030_pa200_pp0_5_gamma_004__steady,random,7,0.15782501220758025,0.050309085967164796,3.1371075258768926
20260715,M3,case_td030_pa200_pp0_5_gamma_004__steady,random,8,0.15258513696261697,0.050309085967164796,3.0329538696490057
20260715,M3,case_td030_pa200_pp0_5_gamma_004__steady,random,9,0.15258513696261697,0.050309085967164796,3.0329538696490057
20260715,M3,case_td030_pa200_pp0_5_gamma_004__steady,random,10,0.15258513696261697,0.050309085967164796,3.0329538696490057
20260715,M3,case_td030_pa200_pp0_5_gamma_004__steady,random,11,0.15258513696261697,0.050309085967164796,3.0329538696490057
20260715,M3,case_td030_pa200_pp0_5_gamma_004__steady,random,12,0.15258513696261697,0.050309085967164796,3.0329538696490057
20260715,M3,case_td030_pa200_pp0_5_gamma_004__steady,random,13,0.15258513696261697,0.050309085967164796,3.0329538696490057
20260715,M3,case_td030_pa200_pp0_5_gamma_004__steady,random,14,0.15258513696261697,0.050309085967164796,3.0329538696490057
20260715,M3,case_td030_pa200_pp0_5_gamma_004__steady,random,15,0.15258513696261697,0.050309085967164796,3.0329538696490057
20260715,M3,case_td030_pa200_pp0_5_gamma_004__steady,random,16,0.15258513696261697,0.050309085967164796,3.0329538696490057
20260715,M3,case_td030_pa200_pp0_5_gamma_004__steady,random,17,0.15258513696261697,0.050309085967164796,3.0329538696490057
20260715,M3,case_td030_pa200_pp0_5_gamma_004__steady,random,18,0.15258513696261697,0.050309085967164796,3.0329538696490057
20260715,M3,case_td030_pa200_pp0_5_gamma_004__steady,random,19,0.15258513696261697,0.050309085967164796,3.0329538696490057
20260715,M3,case_td030_pa200_pp0_5_gamma_004__steady,random,20,0.15258513696261697,0.050309085967164796,3.0329538696490057
20260715,M3,case_td030_pa200_pp0_5_gamma_004__steady,random,21,0.15258513696261697,0.050309085967164796,3.0329538696490057
20260715,M3,case_td030_pa200_pp0_5_gamma_004__steady,random,22,0.15258513696261697,0.050309085967164796,3.0329538696490057
20260715,M3,case_td030_pa200_pp0_5_gamma_004__steady,random,23,0.15258513696261697,0.050309085967164796,3.0329538696490057
20260715,M3,case_td030_pa200_pp0_5_gamma_004__steady,random,24,0.15258513696261697,0.050309085967164796,3.0329538696490057
20260715,M3,case_td030_pa200_pp0_5_gamma_004__steady,random,25,0.15258513696261697,0.050309085967164796,3.0329538696490057
20260715,M3,case_td030_pa200_pp0_5_gamma_004__steady,random,26,0.15258513696261697,0.050309085967164796,3.0329538696490057
20260715,M3,case_td030_pa200_pp0_5_gamma_004__steady,random,27,0.15258513696261697,0.050309085967164796,3.0329538696490057
20260715,M3,case_td030_pa200_pp0_5_gamma_004__steady,random,28,0.15258513696261697,0.050309085967164796,3.0329538696490057
20260715,M3,case_td030_pa200_pp0_5_gamma_004__steady,random,29,0.15258513696261697,0.050309085967164796,3.0329538696490057
20260715,M3,case_td030_pa200_pp0_5_gamma_004__steady,random,30,0.15258513696261697,0.050309085967164796,3.0329538696490057
20260715,M3,case_td030_pa200_pp0_5_gamma_004__steady,random,31,0.15258513696261697,0.050309085967164796,3.0329538696490057
20260715,M3,case_td030_pa200_pp0_5_gamma_004__steady,random,32,0.15258513696261697,0.050309085967164796,3.0329538696490057
20260715,M3,case_td030_pa200_pp0_5_gamma_004__steady,random,33,0.15258513696261697,0.050309085967164796,3.0329538696490057
20260715,M3,case_td030_pa200_pp0_5_gamma_004__steady,random,34,0.15258513696261697,0.050309085967164796,3.0329538696490057
20260715,M3,case_td030_pa200_pp0_5_gamma_004__steady,random,35,0.15258513696261697,0.050309085967164796,3.0329538696490057
20260715,M3,case_td030_pa200_pp0_5_gamma_004__steady,random,36,0.15258513696261697,0.050309085967164796,3.0329538696490057
20260715,M3,case_td030_pa200_pp0_5_gamma_004__steady,random,37,0.15258513696261697,0.050309085967164796,3.0329538696490057
20260715,M3,case_td030_pa200_pp0_5_gamma_004__steady,random,38,0.15258513696261697,0.050309085967164796,3.0329538696490057
20260715,M3,case_td030_pa200_pp0_5_gamma_004__steady,random,39,0.10960780317952734,0.050309085967164796,2.1786880256791985
20260715,M3,case_td030_pa200_pp0_5_gamma_004__steady,random,40,0.10960780317952734,0.050309085967164796,2.1786880256791985
20260715,M3,case_td030_pa200_pp0_5_gamma_004__steady,random,41,0.10960780317952734,0.050309085967164796,2.1786880256791985
20260715,M3,case_td030_pa200_pp0_5_gamma_004__steady,random,42,0.10960780317952734,0.050309085967164796,2.1786880256791985
20260715,M3,case_td030_pa200_pp0_5_gamma_004__steady,random,43,0.10960780317952734,0.050309085967164796,2.1786880256791985
20260715,M3,case_td030_pa200_pp0_5_gamma_004__steady,random,44,0.10960780317952734,0.050309085967164796,2.1786880256791985
20260715,M3,case_td030_pa200_pp0_5_gamma_004__steady,random,45,0.10960780317952734,0.050309085967164796,2.1786880256791985
20260715,M3,case_td030_pa200_pp0_5_gamma_004__steady,random,46,0.10960780317952734,0.050309085967164796,2.1786880256791985
20260715,M3,case_td030_pa200_pp0_5_gamma_004__steady,random,47,0.10960780317952734,0.050309085967164796,2.1786880256791985
20260715,M3,case_td030_pa200_pp0_5_gamma_004__steady,random,48,0.10960780317952734,0.050309085967164796,2.1786880256791985
20260715,M3,case_td030_pa200_pp0_5_gamma_004__steady,random,49,0.10960780317952734,0.050309085967164796,2.1786880256791985
20260715,M3,case_td030_pa200_pp0_5_gamma_004__steady,random,50,0.10960780317952734,0.050309085967164796,2.1786880256791985
20260715,M3,case_td030_pa200_pp0_5_gamma_004__steady,random,51,0.10960780317952734,0.050309085967164796,2.1786880256791985
20260715,M3,case_td030_pa200_pp0_5_gamma_004__steady,random,52,0.10960780317952734,0.050309085967164796,2.1786880256791985
20260715,M3,case_td030_pa200_pp0_5_gamma_004__steady,random,53,0.10960780317952734,0.050309085967164796,2.1786880256791985
20260715,M3,case_td030_pa200_pp0_5_gamma_004__steady,random,54,0.10960780317952734,0.050309085967164796,2.1786880256791985
20260715,M3,case_td030_pa200_pp0_5_gamma_004__steady,random,55,0.10960780317952734,0.050309085967164796,2.1786880256791985
20260715,M3,case_td030_pa200_pp0_5_gamma_004__steady,random,56,0.10960780317952734,0.050309085967164796,2.1786880256791985
20260715,M3,case_td030_pa200_pp0_5_gamma_004__steady,random,57,0.10960780317952734,0.050309085967164796,2.1786880256791985
20260715,M3,case_td030_pa200_pp0_5_gamma_004__steady,random,58,0.10960780317952734,0.050309085967164796,2.1786880256791985
20260715,M3,case_td030_pa200_pp0_5_gamma_004__steady,random,59,0.08521576511427406,0.050309085967164796,1.6938444313993657
20260715,M3,case_td030_pa200_pp0_5_gamma_004__steady,random,60,0.08521576511427406,0.050309085967164796,1.6938444313993657
20260715,M3,case_td030_pa200_pp0_5_gamma_004__steady,random,61,0.08521576511427406,0.050309085967164796,1.6938444313993657
20260715,M3,case_td030_pa200_pp0_5_gamma_004__steady,random,62,0.08521576511427406,0.050309085967164796,1.6938444313993657
20260715,M3,case_td030_pa200_pp0_5_gamma_004__steady,random,63,0.08521576511427406,0.050309085967164796,1.6938444313993657
20260715,M3,case_td030_pa200_pp0_5_gamma_004__steady,random,64,0.08521576511427406,0.050309085967164796,1.6938444313993657
20260715,M3,case_td030_pa200_pp0_5_gamma_004__steady,random,65,0.08521576511427406,0.050309085967164796,1.6938444313993657
20260715,M3,case_td030_pa200_pp0_5_gamma_004__steady,random,66,0.08521576511427406,0.050309085967164796,1.6938444313993657
20260715,M3,case_td030_pa200_pp0_5_gamma_004__steady,random,67,0.08521576511427406,0.050309085967164796,1.6938444313993657
20260715,M3,case_td030_pa200_pp0_5_gamma_004__steady,random,68,0.08521576511427406,0.050309085967164796,1.6938444313993657
20260715,M3,case_td030_pa200_pp0_5_gamma_004__steady,random,69,0.08521576511427406,0.050309085967164796,1.6938444313993657
20260715,M3,case_td030_pa200_pp0_5_gamma_004__steady,random,70,0.08521576511427406,0.050309085967164796,1.6938444313993657
20260715,M3,case_td030_pa200_pp0_5_gamma_004__steady,random,71,0.08521576511427406,0.050309085967164796,1.6938444313993657
20260715,M3,case_td030_pa200_pp0_5_gamma_004__steady,random,72,0.08521576511427406,0.050309085967164796,1.6938444313993657
20260715,M3,case_td030_pa200_pp0_5_gamma_004__steady,random,73,0.08521576511427406,0.050309085967164796,1.6938444313993657
20260715,M3,case_td030_pa200_pp0_5_gamma_004__steady,random,74,0.08521576511427406,0.050309085967164796,1.6938444313993657
20260715,M3,case_td030_pa200_pp0_5_gamma_004__steady,random,75,0.08521576511427406,0.050309085967164796,1.6938444313993657
20260715,M3,case_td030_pa200_pp0_5_gamma_004__steady,random,76,0.08521576511427406,0.050309085967164796,1.6938444313993657
20260715,M3,case_td030_pa200_pp0_5_gamma_004__steady,random,77,0.08521576511427406,0.050309085967164796,1.6938444313993657
20260715,M3,case_td030_pa200_pp0_5_gamma_004__steady,random,78,0.08521576511427406,0.050309085967164796,1.6938444313993657
20260715,M3,case_td030_pa200_pp0_5_gamma_004__steady,random,79,0.08521576511427406,0.050309085967164796,1.6938444313993657
20260715,M3,case_td030_pa200_pp0_5_gamma_004__steady,random,80,0.08521576511427406,0.050309085967164796,1.6938444313993657
20260715,M3,case_td030_pa200_pp0_5_gamma_004__steady,random,81,0.08521576511427406,0.050309085967164796,1.6938444313993657
20260715,M3,case_td030_pa200_pp0_5_gamma_004__steady,random,82,0.08521576511427406,0.050309085967164796,1.6938444313993657
20260715,M3,case_td030_pa200_pp0_5_gamma_004__steady,random,83,0.06236800239732943,0.050309085967164796,1.2396965915468057
20260715,M3,case_td030_pa200_pp0_5_gamma_004__steady,random,84,0.06236800239732943,0.050309085967164796,1.2396965915468057
20260715,M3,case_td030_pa200_pp0_5_gamma_004__steady,random,85,0.06236800239732943,0.050309085967164796,1.2396965915468057
20260715,M3,case_td030_pa200_pp0_5_gamma_004__steady,random,86,0.06236800239732943,0.050309085967164796,1.2396965915468057
20260715,M3,case_td030_pa200_pp0_5_gamma_004__steady,random,87,0.06236800239732943,0.050309085967164796,1.2396965915468057
20260715,M3,case_td030_pa200_pp0_5_gamma_004__steady,random,88,0.06236800239732943,0.050309085967164796,1.2396965915468057
20260715,M3,case_td030_pa200_pp0_5_gamma_004__steady,random,89,0.06236800239732943,0.050309085967164796,1.2396965915468057
20260715,M3,case_td030_pa200_pp0_5_gamma_004__steady,random,90,0.06236800239732943,0.050309085967164796,1.2396965915468057
20260715,M3,case_td030_pa200_pp0_5_gamma_004__steady,random,91,0.06236800239732943,0.050309085967164796,1.2396965915468057
20260715,M3,case_td030_pa200_pp0_5_gamma_004__steady,random,92,0.06236800239732943,0.050309085967164796,1.2396965915468057
20260715,M3,case_td030_pa200_pp0_5_gamma_004__steady,random,93,0.06236800239732943,0.050309085967164796,1.2396965915468057
20260715,M3,case_td030_pa200_pp0_5_gamma_004__steady,random,94,0.06236800239732943,0.050309085967164796,1.2396965915468057
20260715,M3,case_td030_pa200_pp0_5_gamma_004__steady,random,95,0.06236800239732943,0.050309085967164796,1.2396965915468057
20260715,M3,case_td030_pa200_pp0_5_gamma_004__steady,random,96,0.06236800239732943,0.050309085967164796,1.2396965915468057
20260715,M3,case_td030_pa200_pp0_5_gamma_004__steady,random,97,0.06236800239732943,0.050309085967164796,1.2396965915468057
20260715,M3,case_td030_pa200_pp0_5_gamma_004__steady,random,98,0.06236800239732943,0.050309085967164796,1.2396965915468057
20260715,M3,case_td030_pa200_pp0_5_gamma_004__steady,random,99,0.06236800239732943,0.050309085967164796,1.2396965915468057
20260715,M3,case_td030_pa200_pp0_5_gamma_004__steady,random,100,0.06236800239732943,0.050309085967164796,1.2396965915468057
20260716,M1,case_td003_pa050_pp0_3_gamma_010__steady,cmaes,1,0.5628434392461068,0.05425676600499663,10.373700474412228
20260716,M1,case_td003_pa050_pp0_3_gamma_010__steady,cmaes,2,0.2443280703746771,0.05425676600499663,4.503181600469449
20260716,M1,case_td003_pa050_pp0_3_gamma_010__steady,cmaes,3,0.2443280703746771,0.05425676600499663,4.503181600469449
20260716,M1,case_td003_pa050_pp0_3_gamma_010__steady,cmaes,4,0.2443280703746771,0.05425676600499663,4.503181600469449
20260716,M1,case_td003_pa050_pp0_3_gamma_010__steady,cmaes,5,0.2443280703746771,0.05425676600499663,4.503181600469449
20260716,M1,case_td003_pa050_pp0_3_gamma_010__steady,cmaes,6,0.07133355283744267,0.05425676600499663,1.3147402267004522
20260716,M1,case_td003_pa050_pp0_3_gamma_010__steady,cmaes,7,0.07133355283744267,0.05425676600499663,1.3147402267004522
20260716,M1,case_td003_pa050_pp0_3_gamma_010__steady,cmaes,8,0.07133355283744267,0.05425676600499663,1.3147402267004522
20260716,M1,case_td003_pa050_pp0_3_gamma_010__steady,cmaes,9,0.07133355283744267,0.05425676600499663,1.3147402267004522
20260716,M1,case_td003_pa050_pp0_3_gamma_010__steady,cmaes,10,0.07133355283744267,0.05425676600499663,1.3147402267004522
20260716,M1,case_td003_pa050_pp0_3_gamma_010__steady,cmaes,11,0.07133355283744267,0.05425676600499663,1.3147402267004522
20260716,M1,case_td003_pa050_pp0_3_gamma_010__steady,cmaes,12,0.060602075707025874,0.05425676600499663,1.1169496482972259
20260716,M1,case_td003_pa050_pp0_3_gamma_010__steady,cmaes,13,0.060602075707025874,0.05425676600499663,1.1169496482972259
20260716,M1,case_td003_pa050_pp0_3_gamma_010__steady,cmaes,14,0.060602075707025874,0.05425676600499663,1.1169496482972259
20260716,M1,case_td003_pa050_pp0_3_gamma_010__steady,cmaes,15,0.060602075707025874,0.05425676600499663,1.1169496482972259
20260716,M1,case_td003_pa050_pp0_3_gamma_010__steady,cmaes,16,0.060602075707025874,0.05425676600499663,1.1169496482972259
20260716,M1,case_td003_pa050_pp0_3_gamma_010__steady,cmaes,17,0.060602075707025874,0.05425676600499663,1.1169496482972259
20260716,M1,case_td003_pa050_pp0_3_gamma_010__steady,cmaes,18,0.060602075707025874,0.05425676600499663,1.1169496482972259
20260716,M1,case_td003_pa050_pp0_3_gamma_010__steady,cmaes,19,0.060602075707025874,0.05425676600499663,1.1169496482972259
20260716,M1,case_td003_pa050_pp0_3_gamma_010__steady,cmaes,20,0.060602075707025874,0.05425676600499663,1.1169496482972259
20260716,M1,case_td003_pa050_pp0_3_gamma_010__steady,cmaes,21,0.060602075707025874,0.05425676600499663,1.1169496482972259
20260716,M1,case_td003_pa050_pp0_3_gamma_010__steady,cmaes,22,0.060602075707025874,0.05425676600499663,1.1169496482972259
20260716,M1,case_td003_pa050_pp0_3_gamma_010__steady,cmaes,23,0.060602075707025874,0.05425676600499663,1.1169496482972259
20260716,M1,case_td003_pa050_pp0_3_gamma_010__steady,cmaes,24,0.060602075707025874,0.05425676600499663,1.1169496482972259
20260716,M1,case_td003_pa050_pp0_3_gamma_010__steady,cmaes,25,0.060602075707025874,0.05425676600499663,1.1169496482972259
20260716,M1,case_td003_pa050_pp0_3_gamma_010__steady,cmaes,26,0.060602075707025874,0.05425676600499663,1.1169496482972259
20260716,M1,case_td003_pa050_pp0_3_gamma_010__steady,cmaes,27,0.060602075707025874,0.05425676600499663,1.1169496482972259
20260716,M1,case_td003_pa050_pp0_3_gamma_010__steady,cmaes,28,0.060602075707025874,0.05425676600499663,1.1169496482972259
20260716,M1,case_td003_pa050_pp0_3_gamma_010__steady,cmaes,29,0.060602075707025874,0.05425676600499663,1.1169496482972259
20260716,M1,case_td003_pa050_pp0_3_gamma_010__steady,cmaes,30,0.060602075707025874,0.05425676600499663,1.1169496482972259
20260716,M1,case_td003_pa050_pp0_3_gamma_010__steady,cmaes,31,0.060602075707025874,0.05425676600499663,1.1169496482972259
20260716,M1,case_td003_pa050_pp0_3_gamma_010__steady,cmaes,32,0.060602075707025874,0.05425676600499663,1.1169496482972259
20260716,M1,case_td003_pa050_pp0_3_gamma_010__steady,cmaes,33,0.060602075707025874,0.05425676600499663,1.1169496482972259
20260716,M1,case_td003_pa050_pp0_3_gamma_010__steady,cmaes,34,0.060602075707025874,0.05425676600499663,1.1169496482972259
20260716,M1,case_td003_pa050_pp0_3_gamma_010__steady,cmaes,35,0.0566667523546514,0.05425676600499663,1.044418171725031
20260716,M1,case_td003_pa050_pp0_3_gamma_010__steady,cmaes,36,0.05504905143876742,0.05425676600499663,1.0146025185816976
20260716,M1,case_td003_pa050_pp0_3_gamma_010__steady,cmaes,37,0.05504905143876742,0.05425676600499663,1.0146025185816976
20260716,M1,case_td003_pa050_pp0_3_gamma_010__steady,cmaes,38,0.05504905143876742,0.05425676600499663,1.0146025185816976
20260716,M1,case_td003_pa050_pp0_3_gamma_010__steady,cmaes,39,0.05504905143876742,0.05425676600499663,1.0146025185816976
20260716,M1,case_td003_pa050_pp0_3_gamma_010__steady,cmaes,40,0.05504905143876742,0.05425676600499663,1.0146025185816976
20260716,M1,case_td003_pa050_pp0_3_gamma_010__steady,cmaes,41,0.05504905143876742,0.05425676600499663,1.0146025185816976
20260716,M1,case_td003_pa050_pp0_3_gamma_010__steady,cmaes,42,0.05504905143876742,0.05425676600499663,1.0146025185816976
20260716,M1,case_td003_pa050_pp0_3_gamma_010__steady,cmaes,43,0.05504905143876742,0.05425676600499663,1.0146025185816976
20260716,M1,case_td003_pa050_pp0_3_gamma_010__steady,cmaes,44,0.05504905143876742,0.05425676600499663,1.0146025185816976
20260716,M1,case_td003_pa050_pp0_3_gamma_010__steady,cmaes,45,0.05504905143876742,0.05425676600499663,1.0146025185816976
20260716,M1,case_td003_pa050_pp0_3_gamma_010__steady,cmaes,46,0.05504905143876742,0.05425676600499663,1.0146025185816976
20260716,M1,case_td003_pa050_pp0_3_gamma_010__steady,cmaes,47,0.05504905143876742,0.05425676600499663,1.0146025185816976
20260716,M1,case_td003_pa050_pp0_3_gamma_010__steady,cmaes,48,0.05504905143876742,0.05425676600499663,1.0146025185816976
20260716,M1,case_td003_pa050_pp0_3_gamma_010__steady,cmaes,49,0.05504905143876742,0.05425676600499663,1.0146025185816976
20260716,M1,case_td003_pa050_pp0_3_gamma_010__steady,cmaes,50,0.05504905143876742,0.05425676600499663,1.0146025185816976
20260716,M1,case_td003_pa050_pp0_3_gamma_010__steady,cmaes,51,0.05504905143876742,0.05425676600499663,1.0146025185816976
20260716,M1,case_td003_pa050_pp0_3_gamma_010__steady,cmaes,52,0.05504905143876742,0.05425676600499663,1.0146025185816976
20260716,M1,case_td003_pa050_pp0_3_gamma_010__steady,cmaes,53,0.05504905143876742,0.05425676600499663,1.0146025185816976
20260716,M1,case_td003_pa050_pp0_3_gamma_010__steady,cmaes,54,0.05504905143876742,0.05425676600499663,1.0146025185816976
20260716,M1,case_td003_pa050_pp0_3_gamma_010__steady,cmaes,55,0.05504905143876742,0.05425676600499663,1.0146025185816976
20260716,M1,case_td003_pa050_pp0_3_gamma_010__steady,cmaes,56,0.05504905143876742,0.05425676600499663,1.0146025185816976
20260716,M1,case_td003_pa050_pp0_3_gamma_010__steady,cmaes,57,0.05504905143876742,0.05425676600499663,1.0146025185816976
20260716,M1,case_td003_pa050_pp0_3_gamma_010__steady,cmaes,58,0.05504905143876742,0.05425676600499663,1.0146025185816976
20260716,M1,case_td003_pa050_pp0_3_gamma_010__steady,cmaes,59,0.05504905143876742,0.05425676600499663,1.0146025185816976
20260716,M1,case_td003_pa050_pp0_3_gamma_010__steady,cmaes,60,0.05504905143876742,0.05425676600499663,1.0146025185816976
20260716,M1,case_td003_pa050_pp0_3_gamma_010__steady,cmaes,61,0.05504905143876742,0.05425676600499663,1.0146025185816976
20260716,M1,case_td003_pa050_pp0_3_gamma_010__steady,cmaes,62,0.05504905143876742,0.05425676600499663,1.0146025185816976
20260716,M1,case_td003_pa050_pp0_3_gamma_010__steady,cmaes,63,0.05504905143876742,0.05425676600499663,1.0146025185816976
20260716,M1,case_td003_pa050_pp0_3_gamma_010__steady,cmaes,64,0.05504905143876742,0.05425676600499663,1.0146025185816976
20260716,M1,case_td003_pa050_pp0_3_gamma_010__steady,cmaes,65,0.05504905143876742,0.05425676600499663,1.0146025185816976
20260716,M1,case_td003_pa050_pp0_3_gamma_010__steady,cmaes,66,0.05504905143876742,0.05425676600499663,1.0146025185816976
20260716,M1,case_td003_pa050_pp0_3_gamma_010__steady,cmaes,67,0.05504905143876742,0.05425676600499663,1.0146025185816976
20260716,M1,case_td003_pa050_pp0_3_gamma_010__steady,cmaes,68,0.05504905143876742,0.05425676600499663,1.0146025185816976
20260716,M1,case_td003_pa050_pp0_3_gamma_010__steady,cmaes,69,0.05504905143876742,0.05425676600499663,1.0146025185816976
20260716,M1,case_td003_pa050_pp0_3_gamma_010__steady,cmaes,70,0.05504905143876742,0.05425676600499663,1.0146025185816976
20260716,M1,case_td003_pa050_pp0_3_gamma_010__steady,cmaes,71,0.05504905143876742,0.05425676600499663,1.0146025185816976
20260716,M1,case_td003_pa050_pp0_3_gamma_010__steady,cmaes,72,0.05504905143876742,0.05425676600499663,1.0146025185816976
20260716,M1,case_td003_pa050_pp0_3_gamma_010__steady,cmaes,73,0.05504905143876742,0.05425676600499663,1.0146025185816976
20260716,M1,case_td003_pa050_pp0_3_gamma_010__steady,cmaes,74,0.05504905143876742,0.05425676600499663,1.0146025185816976
20260716,M1,case_td003_pa050_pp0_3_gamma_010__steady,cmaes,75,0.05504905143876742,0.05425676600499663,1.0146025185816976
20260716,M1,case_td003_pa050_pp0_3_gamma_010__steady,cmaes,76,0.05504905143876742,0.05425676600499663,1.0146025185816976
20260716,M1,case_td003_pa050_pp0_3_gamma_010__steady,cmaes,77,0.05504905143876742,0.05425676600499663,1.0146025185816976
20260716,M1,case_td003_pa050_pp0_3_gamma_010__steady,cmaes,78,0.05504905143876742,0.05425676600499663,1.0146025185816976
20260716,M1,case_td003_pa050_pp0_3_gamma_010__steady,cmaes,79,0.05504905143876742,0.05425676600499663,1.0146025185816976
20260716,M1,case_td003_pa050_pp0_3_gamma_010__steady,cmaes,80,0.05504905143876742,0.05425676600499663,1.0146025185816976
20260716,M1,case_td003_pa050_pp0_3_gamma_010__steady,cmaes,81,0.05504905143876742,0.05425676600499663,1.0146025185816976
20260716,M1,case_td003_pa050_pp0_3_gamma_010__steady,cmaes,82,0.05504905143876742,0.05425676600499663,1.0146025185816976
20260716,M1,case_td003_pa050_pp0_3_gamma_010__steady,cmaes,83,0.05504905143876742,0.05425676600499663,1.0146025185816976
20260716,M1,case_td003_pa050_pp0_3_gamma_010__steady,cmaes,84,0.05504905143876742,0.05425676600499663,1.0146025185816976
20260716,M1,case_td003_pa050_pp0_3_gamma_010__steady,cmaes,85,0.05504905143876742,0.05425676600499663,1.0146025185816976
20260716,M1,case_td003_pa050_pp0_3_gamma_010__steady,cmaes,86,0.05504905143876742,0.05425676600499663,1.0146025185816976
20260716,M1,case_td003_pa050_pp0_3_gamma_010__steady,cmaes,87,0.05504905143876742,0.05425676600499663,1.0146025185816976
20260716,M1,case_td003_pa050_pp0_3_gamma_010__steady,cmaes,88,0.05504905143876742,0.05425676600499663,1.0146025185816976
20260716,M1,case_td003_pa050_pp0_3_gamma_010__steady,cmaes,89,0.05504905143876742,0.05425676600499663,1.0146025185816976
20260716,M1,case_td003_pa050_pp0_3_gamma_010__steady,cmaes,90,0.05504905143876742,0.05425676600499663,1.0146025185816976
20260716,M1,case_td003_pa050_pp0_3_gamma_010__steady,cmaes,91,0.05504905143876742,0.05425676600499663,1.0146025185816976
20260716,M1,case_td003_pa050_pp0_3_gamma_010__steady,cmaes,92,0.05504905143876742,0.05425676600499663,1.0146025185816976
20260716,M1,case_td003_pa050_pp0_3_gamma_010__steady,cmaes,93,0.05504905143876742,0.05425676600499663,1.0146025185816976
20260716,M1,case_td003_pa050_pp0_3_gamma_010__steady,cmaes,94,0.05504905143876742,0.05425676600499663,1.0146025185816976
20260716,M1,case_td003_pa050_pp0_3_gamma_010__steady,cmaes,95,0.05504905143876742,0.05425676600499663,1.0146025185816976
20260716,M1,case_td003_pa050_pp0_3_gamma_010__steady,cmaes,96,0.05504905143876742,0.05425676600499663,1.0146025185816976
20260716,M1,case_td003_pa050_pp0_3_gamma_010__steady,cmaes,97,0.05504905143876742,0.05425676600499663,1.0146025185816976
20260716,M1,case_td003_pa050_pp0_3_gamma_010__steady,cmaes,98,0.05504905143876742,0.05425676600499663,1.0146025185816976
20260716,M1,case_td003_pa050_pp0_3_gamma_010__steady,cmaes,99,0.05504905143876742,0.05425676600499663,1.0146025185816976
20260716,M1,case_td003_pa050_pp0_3_gamma_010__steady,cmaes,100,0.05504905143876742,0.05425676600499663,1.0146025185816976
20260716,M1,case_td003_pa050_pp0_3_gamma_010__steady,tpe,1,0.5628434392461068,0.05425676600499663,10.373700474412228
20260716,M1,case_td003_pa050_pp0_3_gamma_010__steady,tpe,2,0.5019974952347078,0.05425676600499663,9.252256118407015
20260716,M1,case_td003_pa050_pp0_3_gamma_010__steady,tpe,3,0.4694772947571005,0.05425676600499663,8.6528801719193
20260716,M1,case_td003_pa050_pp0_3_gamma_010__steady,tpe,4,0.4694772947571005,0.05425676600499663,8.6528801719193
20260716,M1,case_td003_pa050_pp0_3_gamma_010__steady,tpe,5,0.083664844348479,0.05425676600499663,1.542016793643287
20260716,M1,case_td003_pa050_pp0_3_gamma_010__steady,tpe,6,0.083664844348479,0.05425676600499663,1.542016793643287
20260716,M1,case_td003_pa050_pp0_3_gamma_010__steady,tpe,7,0.083664844348479,0.05425676600499663,1.542016793643287
20260716,M1,case_td003_pa050_pp0_3_gamma_010__steady,tpe,8,0.083664844348479,0.05425676600499663,1.542016793643287
20260716,M1,case_td003_pa050_pp0_3_gamma_010__steady,tpe,9,0.083664844348479,0.05425676600499663,1.542016793643287
20260716,M1,case_td003_pa050_pp0_3_gamma_010__steady,tpe,10,0.083664844348479,0.05425676600499663,1.542016793643287
20260716,M1,case_td003_pa050_pp0_3_gamma_010__steady,tpe,11,0.083664844348479,0.05425676600499663,1.542016793643287
20260716,M1,case_td003_pa050_pp0_3_gamma_010__steady,tpe,12,0.083664844348479,0.05425676600499663,1.542016793643287
20260716,M1,case_td003_pa050_pp0_3_gamma_010__steady,tpe,13,0.083664844348479,0.05425676600499663,1.542016793643287
20260716,M1,case_td003_pa050_pp0_3_gamma_010__steady,tpe,14,0.083664844348479,0.05425676600499663,1.542016793643287
20260716,M1,case_td003_pa050_pp0_3_gamma_010__steady,tpe,15,0.083664844348479,0.05425676600499663,1.542016793643287
20260716,M1,case_td003_pa050_pp0_3_gamma_010__steady,tpe,16,0.06539410980012099,0.05425676600499663,1.2052710586196511
20260716,M1,case_td003_pa050_pp0_3_gamma_010__steady,tpe,17,0.06539410980012099,0.05425676600499663,1.2052710586196511
20260716,M1,case_td003_pa050_pp0_3_gamma_010__steady,tpe,18,0.06539410980012099,0.05425676600499663,1.2052710586196511
20260716,M1,case_td003_pa050_pp0_3_gamma_010__steady,tpe,19,0.06539410980012099,0.05425676600499663,1.2052710586196511
20260716,M1,case_td003_pa050_pp0_3_gamma_010__steady,tpe,20,0.06539410980012099,0.05425676600499663,1.2052710586196511
20260716,M1,case_td003_pa050_pp0_3_gamma_010__steady,tpe,21,0.06539410980012099,0.05425676600499663,1.2052710586196511
20260716,M1,case_td003_pa050_pp0_3_gamma_010__steady,tpe,22,0.06539410980012099,0.05425676600499663,1.2052710586196511
20260716,M1,case_td003_pa050_pp0_3_gamma_010__steady,tpe,23,0.06539410980012099,0.05425676600499663,1.2052710586196511
20260716,M1,case_td003_pa050_pp0_3_gamma_010__steady,tpe,24,0.06539410980012099,0.05425676600499663,1.2052710586196511
20260716,M1,case_td003_pa050_pp0_3_gamma_010__steady,tpe,25,0.06539410980012099,0.05425676600499663,1.2052710586196511
20260716,M1,case_td003_pa050_pp0_3_gamma_010__steady,tpe,26,0.06539410980012099,0.05425676600499663,1.2052710586196511
20260716,M1,case_td003_pa050_pp0_3_gamma_010__steady,tpe,27,0.06539410980012099,0.05425676600499663,1.2052710586196511
20260716,M1,case_td003_pa050_pp0_3_gamma_010__steady,tpe,28,0.06539410980012099,0.05425676600499663,1.2052710586196511
20260716,M1,case_td003_pa050_pp0_3_gamma_010__steady,tpe,29,0.06539410980012099,0.05425676600499663,1.2052710586196511
20260716,M1,case_td003_pa050_pp0_3_gamma_010__steady,tpe,30,0.06539410980012099,0.05425676600499663,1.2052710586196511
20260716,M1,case_td003_pa050_pp0_3_gamma_010__steady,tpe,31,0.06539410980012099,0.05425676600499663,1.2052710586196511
20260716,M1,case_td003_pa050_pp0_3_gamma_010__steady,tpe,32,0.06539410980012099,0.05425676600499663,1.2052710586196511
20260716,M1,case_td003_pa050_pp0_3_gamma_010__steady,tpe,33,0.06539410980012099,0.05425676600499663,1.2052710586196511
20260716,M1,case_td003_pa050_pp0_3_gamma_010__steady,tpe,34,0.06539410980012099,0.05425676600499663,1.2052710586196511
20260716,M1,case_td003_pa050_pp0_3_gamma_010__steady,tpe,35,0.06068820177849732,0.05425676600499663,1.1185370276751918
20260716,M1,case_td003_pa050_pp0_3_gamma_010__steady,tpe,36,0.06068820177849732,0.05425676600499663,1.1185370276751918
20260716,M1,case_td003_pa050_pp0_3_gamma_010__steady,tpe,37,0.06068820177849732,0.05425676600499663,1.1185370276751918
20260716,M1,case_td003_pa050_pp0_3_gamma_010__steady,tpe,38,0.06068820177849732,0.05425676600499663,1.1185370276751918
20260716,M1,case_td003_pa050_pp0_3_gamma_010__steady,tpe,39,0.06068820177849732,0.05425676600499663,1.1185370276751918
20260716,M1,case_td003_pa050_pp0_3_gamma_010__steady,tpe,40,0.06068820177849732,0.05425676600499663,1.1185370276751918
20260716,M1,case_td003_pa050_pp0_3_gamma_010__steady,tpe,41,0.06068820177849732,0.05425676600499663,1.1185370276751918
20260716,M1,case_td003_pa050_pp0_3_gamma_010__steady,tpe,42,0.06068820177849732,0.05425676600499663,1.1185370276751918
20260716,M1,case_td003_pa050_pp0_3_gamma_010__steady,tpe,43,0.06068820177849732,0.05425676600499663,1.1185370276751918
20260716,M1,case_td003_pa050_pp0_3_gamma_010__steady,tpe,44,0.06068820177849732,0.05425676600499663,1.1185370276751918
20260716,M1,case_td003_pa050_pp0_3_gamma_010__steady,tpe,45,0.06068820177849732,0.05425676600499663,1.1185370276751918
20260716,M1,case_td003_pa050_pp0_3_gamma_010__steady,tpe,46,0.06068820177849732,0.05425676600499663,1.1185370276751918
20260716,M1,case_td003_pa050_pp0_3_gamma_010__steady,tpe,47,0.06068820177849732,0.05425676600499663,1.1185370276751918
20260716,M1,case_td003_pa050_pp0_3_gamma_010__steady,tpe,48,0.06068820177849732,0.05425676600499663,1.1185370276751918
20260716,M1,case_td003_pa050_pp0_3_gamma_010__steady,tpe,49,0.05834796809502222,0.05425676600499663,1.0754044590429297
20260716,M1,case_td003_pa050_pp0_3_gamma_010__steady,tpe,50,0.05834796809502222,0.05425676600499663,1.0754044590429297
20260716,M1,case_td003_pa050_pp0_3_gamma_010__steady,tpe,51,0.05834796809502222,0.05425676600499663,1.0754044590429297
20260716,M1,case_td003_pa050_pp0_3_gamma_010__steady,tpe,52,0.05834796809502222,0.05425676600499663,1.0754044590429297
20260716,M1,case_td003_pa050_pp0_3_gamma_010__steady,tpe,53,0.05834796809502222,0.05425676600499663,1.0754044590429297
20260716,M1,case_td003_pa050_pp0_3_gamma_010__steady,tpe,54,0.05834796809502222,0.05425676600499663,1.0754044590429297
20260716,M1,case_td003_pa050_pp0_3_gamma_010__steady,tpe,55,0.05834796809502222,0.05425676600499663,1.0754044590429297
20260716,M1,case_td003_pa050_pp0_3_gamma_010__steady,tpe,56,0.05834796809502222,0.05425676600499663,1.0754044590429297
20260716,M1,case_td003_pa050_pp0_3_gamma_010__steady,tpe,57,0.05834796809502222,0.05425676600499663,1.0754044590429297
20260716,M1,case_td003_pa050_pp0_3_gamma_010__steady,tpe,58,0.05834796809502222,0.05425676600499663,1.0754044590429297
20260716,M1,case_td003_pa050_pp0_3_gamma_010__steady,tpe,59,0.05834796809502222,0.05425676600499663,1.0754044590429297
20260716,M1,case_td003_pa050_pp0_3_gamma_010__steady,tpe,60,0.05834796809502222,0.05425676600499663,1.0754044590429297
20260716,M1,case_td003_pa050_pp0_3_gamma_010__steady,tpe,61,0.05834796809502222,0.05425676600499663,1.0754044590429297
20260716,M1,case_td003_pa050_pp0_3_gamma_010__steady,tpe,62,0.05834796809502222,0.05425676600499663,1.0754044590429297
20260716,M1,case_td003_pa050_pp0_3_gamma_010__steady,tpe,63,0.05834796809502222,0.05425676600499663,1.0754044590429297
20260716,M1,case_td003_pa050_pp0_3_gamma_010__steady,tpe,64,0.05834796809502222,0.05425676600499663,1.0754044590429297
20260716,M1,case_td003_pa050_pp0_3_gamma_010__steady,tpe,65,0.05834796809502222,0.05425676600499663,1.0754044590429297
20260716,M1,case_td003_pa050_pp0_3_gamma_010__steady,tpe,66,0.05834796809502222,0.05425676600499663,1.0754044590429297
20260716,M1,case_td003_pa050_pp0_3_gamma_010__steady,tpe,67,0.05834796809502222,0.05425676600499663,1.0754044590429297
20260716,M1,case_td003_pa050_pp0_3_gamma_010__steady,tpe,68,0.05834796809502222,0.05425676600499663,1.0754044590429297
20260716,M1,case_td003_pa050_pp0_3_gamma_010__steady,tpe,69,0.05834796809502222,0.05425676600499663,1.0754044590429297
20260716,M1,case_td003_pa050_pp0_3_gamma_010__steady,tpe,70,0.05834796809502222,0.05425676600499663,1.0754044590429297
20260716,M1,case_td003_pa050_pp0_3_gamma_010__steady,tpe,71,0.05834796809502222,0.05425676600499663,1.0754044590429297
20260716,M1,case_td003_pa050_pp0_3_gamma_010__steady,tpe,72,0.05834796809502222,0.05425676600499663,1.0754044590429297
20260716,M1,case_td003_pa050_pp0_3_gamma_010__steady,tpe,73,0.05834796809502222,0.05425676600499663,1.0754044590429297
20260716,M1,case_td003_pa050_pp0_3_gamma_010__steady,tpe,74,0.05834796809502222,0.05425676600499663,1.0754044590429297
20260716,M1,case_td003_pa050_pp0_3_gamma_010__steady,tpe,75,0.05834796809502222,0.05425676600499663,1.0754044590429297
20260716,M1,case_td003_pa050_pp0_3_gamma_010__steady,tpe,76,0.05834796809502222,0.05425676600499663,1.0754044590429297
20260716,M1,case_td003_pa050_pp0_3_gamma_010__steady,tpe,77,0.05834796809502222,0.05425676600499663,1.0754044590429297
20260716,M1,case_td003_pa050_pp0_3_gamma_010__steady,tpe,78,0.05834796809502222,0.05425676600499663,1.0754044590429297
20260716,M1,case_td003_pa050_pp0_3_gamma_010__steady,tpe,79,0.05834796809502222,0.05425676600499663,1.0754044590429297
20260716,M1,case_td003_pa050_pp0_3_gamma_010__steady,tpe,80,0.05834796809502222,0.05425676600499663,1.0754044590429297
20260716,M1,case_td003_pa050_pp0_3_gamma_010__steady,tpe,81,0.05834796809502222,0.05425676600499663,1.0754044590429297
20260716,M1,case_td003_pa050_pp0_3_gamma_010__steady,tpe,82,0.05834796809502222,0.05425676600499663,1.0754044590429297
20260716,M1,case_td003_pa050_pp0_3_gamma_010__steady,tpe,83,0.05834796809502222,0.05425676600499663,1.0754044590429297
20260716,M1,case_td003_pa050_pp0_3_gamma_010__steady,tpe,84,0.05834796809502222,0.05425676600499663,1.0754044590429297
20260716,M1,case_td003_pa050_pp0_3_gamma_010__steady,tpe,85,0.05834796809502222,0.05425676600499663,1.0754044590429297
20260716,M1,case_td003_pa050_pp0_3_gamma_010__steady,tpe,86,0.05834796809502222,0.05425676600499663,1.0754044590429297
20260716,M1,case_td003_pa050_pp0_3_gamma_010__steady,tpe,87,0.05834796809502222,0.05425676600499663,1.0754044590429297
20260716,M1,case_td003_pa050_pp0_3_gamma_010__steady,tpe,88,0.05834796809502222,0.05425676600499663,1.0754044590429297
20260716,M1,case_td003_pa050_pp0_3_gamma_010__steady,tpe,89,0.05834796809502222,0.05425676600499663,1.0754044590429297
20260716,M1,case_td003_pa050_pp0_3_gamma_010__steady,tpe,90,0.05834796809502222,0.05425676600499663,1.0754044590429297
20260716,M1,case_td003_pa050_pp0_3_gamma_010__steady,tpe,91,0.05834796809502222,0.05425676600499663,1.0754044590429297
20260716,M1,case_td003_pa050_pp0_3_gamma_010__steady,tpe,92,0.05834796809502222,0.05425676600499663,1.0754044590429297
20260716,M1,case_td003_pa050_pp0_3_gamma_010__steady,tpe,93,0.05834796809502222,0.05425676600499663,1.0754044590429297
20260716,M1,case_td003_pa050_pp0_3_gamma_010__steady,tpe,94,0.05834796809502222,0.05425676600499663,1.0754044590429297
20260716,M1,case_td003_pa050_pp0_3_gamma_010__steady,tpe,95,0.05834796809502222,0.05425676600499663,1.0754044590429297
20260716,M1,case_td003_pa050_pp0_3_gamma_010__steady,tpe,96,0.05834796809502222,0.05425676600499663,1.0754044590429297
20260716,M1,case_td003_pa050_pp0_3_gamma_010__steady,tpe,97,0.05834796809502222,0.05425676600499663,1.0754044590429297
20260716,M1,case_td003_pa050_pp0_3_gamma_010__steady,tpe,98,0.05834796809502222,0.05425676600499663,1.0754044590429297
20260716,M1,case_td003_pa050_pp0_3_gamma_010__steady,tpe,99,0.05834796809502222,0.05425676600499663,1.0754044590429297
20260716,M1,case_td003_pa050_pp0_3_gamma_010__steady,tpe,100,0.05834796809502222,0.05425676600499663,1.0754044590429297
20260716,M1,case_td003_pa050_pp0_3_gamma_010__steady,random,1,0.5628434392461068,0.05425676600499663,10.373700474412228
20260716,M1,case_td003_pa050_pp0_3_gamma_010__steady,random,2,0.45246608618149364,0.05425676600499663,8.339348610269639
20260716,M1,case_td003_pa050_pp0_3_gamma_010__steady,random,3,0.45246608618149364,0.05425676600499663,8.339348610269639
20260716,M1,case_td003_pa050_pp0_3_gamma_010__steady,random,4,0.45246608618149364,0.05425676600499663,8.339348610269639
20260716,M1,case_td003_pa050_pp0_3_gamma_010__steady,random,5,0.34229649911459237,0.05425676600499663,6.3088260565155965
20260716,M1,case_td003_pa050_pp0_3_gamma_010__steady,random,6,0.34229649911459237,0.05425676600499663,6.3088260565155965
20260716,M1,case_td003_pa050_pp0_3_gamma_010__steady,random,7,0.34229649911459237,0.05425676600499663,6.3088260565155965
20260716,M1,case_td003_pa050_pp0_3_gamma_010__steady,random,8,0.11636904162568501,0.05425676600499663,2.1447839632566437
20260716,M1,case_td003_pa050_pp0_3_gamma_010__steady,random,9,0.11636904162568501,0.05425676600499663,2.1447839632566437
20260716,M1,case_td003_pa050_pp0_3_gamma_010__steady,random,10,0.11636904162568501,0.05425676600499663,2.1447839632566437
20260716,M1,case_td003_pa050_pp0_3_gamma_010__steady,random,11,0.11636904162568501,0.05425676600499663,2.1447839632566437
20260716,M1,case_td003_pa050_pp0_3_gamma_010__steady,random,12,0.10779264867184116,0.05425676600499663,1.9867134849488501
20260716,M1,case_td003_pa050_pp0_3_gamma_010__steady,random,13,0.10779264867184116,0.05425676600499663,1.9867134849488501
20260716,M1,case_td003_pa050_pp0_3_gamma_010__steady,random,14,0.10779264867184116,0.05425676600499663,1.9867134849488501
20260716,M1,case_td003_pa050_pp0_3_gamma_010__steady,random,15,0.10779264867184116,0.05425676600499663,1.9867134849488501
20260716,M1,case_td003_pa050_pp0_3_gamma_010__steady,random,16,0.06709224441482295,0.05425676600499663,1.2365691756977235
20260716,M1,case_td003_pa050_pp0_3_gamma_010__steady,random,17,0.06709224441482295,0.05425676600499663,1.2365691756977235
20260716,M1,case_td003_pa050_pp0_3_gamma_010__steady,random,18,0.06709224441482295,0.05425676600499663,1.2365691756977235
20260716,M1,case_td003_pa050_pp0_3_gamma_010__steady,random,19,0.06709224441482295,0.05425676600499663,1.2365691756977235
20260716,M1,case_td003_pa050_pp0_3_gamma_010__steady,random,20,0.06709224441482295,0.05425676600499663,1.2365691756977235
20260716,M1,case_td003_pa050_pp0_3_gamma_010__steady,random,21,0.06709224441482295,0.05425676600499663,1.2365691756977235
20260716,M1,case_td003_pa050_pp0_3_gamma_010__steady,random,22,0.06709224441482295,0.05425676600499663,1.2365691756977235
20260716,M1,case_td003_pa050_pp0_3_gamma_010__steady,random,23,0.06392772775105891,0.05425676600499663,1.1782443455102292
20260716,M1,case_td003_pa050_pp0_3_gamma_010__steady,random,24,0.06392772775105891,0.05425676600499663,1.1782443455102292
20260716,M1,case_td003_pa050_pp0_3_gamma_010__steady,random,25,0.06392772775105891,0.05425676600499663,1.1782443455102292
20260716,M1,case_td003_pa050_pp0_3_gamma_010__steady,random,26,0.06392772775105891,0.05425676600499663,1.1782443455102292
20260716,M1,case_td003_pa050_pp0_3_gamma_010__steady,random,27,0.06392772775105891,0.05425676600499663,1.1782443455102292
20260716,M1,case_td003_pa050_pp0_3_gamma_010__steady,random,28,0.06392772775105891,0.05425676600499663,1.1782443455102292
20260716,M1,case_td003_pa050_pp0_3_gamma_010__steady,random,29,0.06392772775105891,0.05425676600499663,1.1782443455102292
20260716,M1,case_td003_pa050_pp0_3_gamma_010__steady,random,30,0.06392772775105891,0.05425676600499663,1.1782443455102292
20260716,M1,case_td003_pa050_pp0_3_gamma_010__steady,random,31,0.06392772775105891,0.05425676600499663,1.1782443455102292
20260716,M1,case_td003_pa050_pp0_3_gamma_010__steady,random,32,0.06392772775105891,0.05425676600499663,1.1782443455102292
20260716,M1,case_td003_pa050_pp0_3_gamma_010__steady,random,33,0.06392772775105891,0.05425676600499663,1.1782443455102292
20260716,M1,case_td003_pa050_pp0_3_gamma_010__steady,random,34,0.06392772775105891,0.05425676600499663,1.1782443455102292
20260716,M1,case_td003_pa050_pp0_3_gamma_010__steady,random,35,0.06392772775105891,0.05425676600499663,1.1782443455102292
20260716,M1,case_td003_pa050_pp0_3_gamma_010__steady,random,36,0.06392772775105891,0.05425676600499663,1.1782443455102292
20260716,M1,case_td003_pa050_pp0_3_gamma_010__steady,random,37,0.06392772775105891,0.05425676600499663,1.1782443455102292
20260716,M1,case_td003_pa050_pp0_3_gamma_010__steady,random,38,0.06392772775105891,0.05425676600499663,1.1782443455102292
20260716,M1,case_td003_pa050_pp0_3_gamma_010__steady,random,39,0.06392772775105891,0.05425676600499663,1.1782443455102292
20260716,M1,case_td003_pa050_pp0_3_gamma_010__steady,random,40,0.06392772775105891,0.05425676600499663,1.1782443455102292
20260716,M1,case_td003_pa050_pp0_3_gamma_010__steady,random,41,0.06392772775105891,0.05425676600499663,1.1782443455102292
20260716,M1,case_td003_pa050_pp0_3_gamma_010__steady,random,42,0.06392772775105891,0.05425676600499663,1.1782443455102292
20260716,M1,case_td003_pa050_pp0_3_gamma_010__steady,random,43,0.06392772775105891,0.05425676600499663,1.1782443455102292
20260716,M1,case_td003_pa050_pp0_3_gamma_010__steady,random,44,0.06392772775105891,0.05425676600499663,1.1782443455102292
20260716,M1,case_td003_pa050_pp0_3_gamma_010__steady,random,45,0.06392772775105891,0.05425676600499663,1.1782443455102292
20260716,M1,case_td003_pa050_pp0_3_gamma_010__steady,random,46,0.06392772775105891,0.05425676600499663,1.1782443455102292
20260716,M1,case_td003_pa050_pp0_3_gamma_010__steady,random,47,0.06392772775105891,0.05425676600499663,1.1782443455102292
20260716,M1,case_td003_pa050_pp0_3_gamma_010__steady,random,48,0.06392772775105891,0.05425676600499663,1.1782443455102292
20260716,M1,case_td003_pa050_pp0_3_gamma_010__steady,random,49,0.06392772775105891,0.05425676600499663,1.1782443455102292
20260716,M1,case_td003_pa050_pp0_3_gamma_010__steady,random,50,0.06392772775105891,0.05425676600499663,1.1782443455102292
20260716,M1,case_td003_pa050_pp0_3_gamma_010__steady,random,51,0.06392772775105891,0.05425676600499663,1.1782443455102292
20260716,M1,case_td003_pa050_pp0_3_gamma_010__steady,random,52,0.06392772775105891,0.05425676600499663,1.1782443455102292
20260716,M1,case_td003_pa050_pp0_3_gamma_010__steady,random,53,0.06392772775105891,0.05425676600499663,1.1782443455102292
20260716,M1,case_td003_pa050_pp0_3_gamma_010__steady,random,54,0.06392772775105891,0.05425676600499663,1.1782443455102292
20260716,M1,case_td003_pa050_pp0_3_gamma_010__steady,random,55,0.06392772775105891,0.05425676600499663,1.1782443455102292
20260716,M1,case_td003_pa050_pp0_3_gamma_010__steady,random,56,0.06392772775105891,0.05425676600499663,1.1782443455102292
20260716,M1,case_td003_pa050_pp0_3_gamma_010__steady,random,57,0.06392772775105891,0.05425676600499663,1.1782443455102292
20260716,M1,case_td003_pa050_pp0_3_gamma_010__steady,random,58,0.06392772775105891,0.05425676600499663,1.1782443455102292
20260716,M1,case_td003_pa050_pp0_3_gamma_010__steady,random,59,0.06392772775105891,0.05425676600499663,1.1782443455102292
20260716,M1,case_td003_pa050_pp0_3_gamma_010__steady,random,60,0.06392772775105891,0.05425676600499663,1.1782443455102292
20260716,M1,case_td003_pa050_pp0_3_gamma_010__steady,random,61,0.06392772775105891,0.05425676600499663,1.1782443455102292
20260716,M1,case_td003_pa050_pp0_3_gamma_010__steady,random,62,0.06392772775105891,0.05425676600499663,1.1782443455102292
20260716,M1,case_td003_pa050_pp0_3_gamma_010__steady,random,63,0.06392772775105891,0.05425676600499663,1.1782443455102292
20260716,M1,case_td003_pa050_pp0_3_gamma_010__steady,random,64,0.06392772775105891,0.05425676600499663,1.1782443455102292
20260716,M1,case_td003_pa050_pp0_3_gamma_010__steady,random,65,0.06392772775105891,0.05425676600499663,1.1782443455102292
20260716,M1,case_td003_pa050_pp0_3_gamma_010__steady,random,66,0.06392772775105891,0.05425676600499663,1.1782443455102292
20260716,M1,case_td003_pa050_pp0_3_gamma_010__steady,random,67,0.06392772775105891,0.05425676600499663,1.1782443455102292
20260716,M1,case_td003_pa050_pp0_3_gamma_010__steady,random,68,0.06392772775105891,0.05425676600499663,1.1782443455102292
20260716,M1,case_td003_pa050_pp0_3_gamma_010__steady,random,69,0.06392772775105891,0.05425676600499663,1.1782443455102292
20260716,M1,case_td003_pa050_pp0_3_gamma_010__steady,random,70,0.06392772775105891,0.05425676600499663,1.1782443455102292
20260716,M1,case_td003_pa050_pp0_3_gamma_010__steady,random,71,0.06392772775105891,0.05425676600499663,1.1782443455102292
20260716,M1,case_td003_pa050_pp0_3_gamma_010__steady,random,72,0.06392772775105891,0.05425676600499663,1.1782443455102292
20260716,M1,case_td003_pa050_pp0_3_gamma_010__steady,random,73,0.06392772775105891,0.05425676600499663,1.1782443455102292
20260716,M1,case_td003_pa050_pp0_3_gamma_010__steady,random,74,0.06392772775105891,0.05425676600499663,1.1782443455102292
20260716,M1,case_td003_pa050_pp0_3_gamma_010__steady,random,75,0.06392772775105891,0.05425676600499663,1.1782443455102292
20260716,M1,case_td003_pa050_pp0_3_gamma_010__steady,random,76,0.06392772775105891,0.05425676600499663,1.1782443455102292
20260716,M1,case_td003_pa050_pp0_3_gamma_010__steady,random,77,0.06392772775105891,0.05425676600499663,1.1782443455102292
20260716,M1,case_td003_pa050_pp0_3_gamma_010__steady,random,78,0.06392772775105891,0.05425676600499663,1.1782443455102292
20260716,M1,case_td003_pa050_pp0_3_gamma_010__steady,random,79,0.06392772775105891,0.05425676600499663,1.1782443455102292
20260716,M1,case_td003_pa050_pp0_3_gamma_010__steady,random,80,0.06392772775105891,0.05425676600499663,1.1782443455102292
20260716,M1,case_td003_pa050_pp0_3_gamma_010__steady,random,81,0.06392772775105891,0.05425676600499663,1.1782443455102292
20260716,M1,case_td003_pa050_pp0_3_gamma_010__steady,random,82,0.06392772775105891,0.05425676600499663,1.1782443455102292
20260716,M1,case_td003_pa050_pp0_3_gamma_010__steady,random,83,0.06392772775105891,0.05425676600499663,1.1782443455102292
20260716,M1,case_td003_pa050_pp0_3_gamma_010__steady,random,84,0.06392772775105891,0.05425676600499663,1.1782443455102292
20260716,M1,case_td003_pa050_pp0_3_gamma_010__steady,random,85,0.06392772775105891,0.05425676600499663,1.1782443455102292
20260716,M1,case_td003_pa050_pp0_3_gamma_010__steady,random,86,0.06392772775105891,0.05425676600499663,1.1782443455102292
20260716,M1,case_td003_pa050_pp0_3_gamma_010__steady,random,87,0.06392772775105891,0.05425676600499663,1.1782443455102292
20260716,M1,case_td003_pa050_pp0_3_gamma_010__steady,random,88,0.06392772775105891,0.05425676600499663,1.1782443455102292
20260716,M1,case_td003_pa050_pp0_3_gamma_010__steady,random,89,0.06392772775105891,0.05425676600499663,1.1782443455102292
20260716,M1,case_td003_pa050_pp0_3_gamma_010__steady,random,90,0.06392772775105891,0.05425676600499663,1.1782443455102292
20260716,M1,case_td003_pa050_pp0_3_gamma_010__steady,random,91,0.06392772775105891,0.05425676600499663,1.1782443455102292
20260716,M1,case_td003_pa050_pp0_3_gamma_010__steady,random,92,0.06392772775105891,0.05425676600499663,1.1782443455102292
20260716,M1,case_td003_pa050_pp0_3_gamma_010__steady,random,93,0.06392772775105891,0.05425676600499663,1.1782443455102292
20260716,M1,case_td003_pa050_pp0_3_gamma_010__steady,random,94,0.06392772775105891,0.05425676600499663,1.1782443455102292
20260716,M1,case_td003_pa050_pp0_3_gamma_010__steady,random,95,0.06392772775105891,0.05425676600499663,1.1782443455102292
20260716,M1,case_td003_pa050_pp0_3_gamma_010__steady,random,96,0.06392772775105891,0.05425676600499663,1.1782443455102292
20260716,M1,case_td003_pa050_pp0_3_gamma_010__steady,random,97,0.06392772775105891,0.05425676600499663,1.1782443455102292
20260716,M1,case_td003_pa050_pp0_3_gamma_010__steady,random,98,0.06392772775105891,0.05425676600499663,1.1782443455102292
20260716,M1,case_td003_pa050_pp0_3_gamma_010__steady,random,99,0.06392772775105891,0.05425676600499663,1.1782443455102292
20260716,M1,case_td003_pa050_pp0_3_gamma_010__steady,random,100,0.06392772775105891,0.05425676600499663,1.1782443455102292
20260716,M2,case_td016_pp0_1_gamma_007__steady,cmaes,1,1.7278961645927335,0.04631699798266529,37.305875593220016
20260716,M2,case_td016_pp0_1_gamma_007__steady,cmaes,2,1.1654000364718793,0.04631699798266529,25.161389710707173
20260716,M2,case_td016_pp0_1_gamma_007__steady,cmaes,3,1.1654000364718793,0.04631699798266529,25.161389710707173
20260716,M2,case_td016_pp0_1_gamma_007__steady,cmaes,4,1.1654000364718793,0.04631699798266529,25.161389710707173
20260716,M2,case_td016_pp0_1_gamma_007__steady,cmaes,5,1.1654000364718793,0.04631699798266529,25.161389710707173
20260716,M2,case_td016_pp0_1_gamma_007__steady,cmaes,6,0.8238814841230189,0.04631699798266529,17.78788608949498
20260716,M2,case_td016_pp0_1_gamma_007__steady,cmaes,7,0.8238814841230189,0.04631699798266529,17.78788608949498
20260716,M2,case_td016_pp0_1_gamma_007__steady,cmaes,8,0.8238814841230189,0.04631699798266529,17.78788608949498
20260716,M2,case_td016_pp0_1_gamma_007__steady,cmaes,9,0.6518403192125257,0.04631699798266529,14.073457857879413
20260716,M2,case_td016_pp0_1_gamma_007__steady,cmaes,10,0.6193173731840982,0.04631699798266529,13.371276208701726
20260716,M2,case_td016_pp0_1_gamma_007__steady,cmaes,11,0.6193173731840982,0.04631699798266529,13.371276208701726
20260716,M2,case_td016_pp0_1_gamma_007__steady,cmaes,12,0.6193173731840982,0.04631699798266529,13.371276208701726
20260716,M2,case_td016_pp0_1_gamma_007__steady,cmaes,13,0.30265111321774896,0.04631699798266529,6.534342172414108
20260716,M2,case_td016_pp0_1_gamma_007__steady,cmaes,14,0.30265111321774896,0.04631699798266529,6.534342172414108
20260716,M2,case_td016_pp0_1_gamma_007__steady,cmaes,15,0.30265111321774896,0.04631699798266529,6.534342172414108
20260716,M2,case_td016_pp0_1_gamma_007__steady,cmaes,16,0.30265111321774896,0.04631699798266529,6.534342172414108
20260716,M2,case_td016_pp0_1_gamma_007__steady,cmaes,17,0.24088012917186266,0.04631699798266529,5.200685270276261
20260716,M2,case_td016_pp0_1_gamma_007__steady,cmaes,18,0.05700481073230704,0.04631699798266529,1.2307535724496177
20260716,M2,case_td016_pp0_1_gamma_007__steady,cmaes,19,0.047920088672581296,0.04631699798266529,1.0346112822449327
20260716,M2,case_td016_pp0_1_gamma_007__steady,cmaes,20,0.047920088672581296,0.04631699798266529,1.0346112822449327
20260716,M2,case_td016_pp0_1_gamma_007__steady,cmaes,21,0.047920088672581296,0.04631699798266529,1.0346112822449327
20260716,M2,case_td016_pp0_1_gamma_007__steady,cmaes,22,0.047920088672581296,0.04631699798266529,1.0346112822449327
20260716,M2,case_td016_pp0_1_gamma_007__steady,cmaes,23,0.047920088672581296,0.04631699798266529,1.0346112822449327
20260716,M2,case_td016_pp0_1_gamma_007__steady,cmaes,24,0.047920088672581296,0.04631699798266529,1.0346112822449327
20260716,M2,case_td016_pp0_1_gamma_007__steady,cmaes,25,0.047920088672581296,0.04631699798266529,1.0346112822449327
20260716,M2,case_td016_pp0_1_gamma_007__steady,cmaes,26,0.047920088672581296,0.04631699798266529,1.0346112822449327
20260716,M2,case_td016_pp0_1_gamma_007__steady,cmaes,27,0.047920088672581296,0.04631699798266529,1.0346112822449327
20260716,M2,case_td016_pp0_1_gamma_007__steady,cmaes,28,0.047920088672581296,0.04631699798266529,1.0346112822449327
20260716,M2,case_td016_pp0_1_gamma_007__steady,cmaes,29,0.047920088672581296,0.04631699798266529,1.0346112822449327
20260716,M2,case_td016_pp0_1_gamma_007__steady,cmaes,30,0.047920088672581296,0.04631699798266529,1.0346112822449327
20260716,M2,case_td016_pp0_1_gamma_007__steady,cmaes,31,0.047920088672581296,0.04631699798266529,1.0346112822449327
20260716,M2,case_td016_pp0_1_gamma_007__steady,cmaes,32,0.047920088672581296,0.04631699798266529,1.0346112822449327
20260716,M2,case_td016_pp0_1_gamma_007__steady,cmaes,33,0.047920088672581296,0.04631699798266529,1.0346112822449327
20260716,M2,case_td016_pp0_1_gamma_007__steady,cmaes,34,0.047920088672581296,0.04631699798266529,1.0346112822449327
20260716,M2,case_td016_pp0_1_gamma_007__steady,cmaes,35,0.047920088672581296,0.04631699798266529,1.0346112822449327
20260716,M2,case_td016_pp0_1_gamma_007__steady,cmaes,36,0.047920088672581296,0.04631699798266529,1.0346112822449327
20260716,M2,case_td016_pp0_1_gamma_007__steady,cmaes,37,0.047920088672581296,0.04631699798266529,1.0346112822449327
20260716,M2,case_td016_pp0_1_gamma_007__steady,cmaes,38,0.043873196626813514,0.04631699798266529,0.9472374838117446
20260716,M2,case_td016_pp0_1_gamma_007__steady,cmaes,39,0.043873196626813514,0.04631699798266529,0.9472374838117446
20260716,M2,case_td016_pp0_1_gamma_007__steady,cmaes,40,0.043873196626813514,0.04631699798266529,0.9472374838117446
20260716,M2,case_td016_pp0_1_gamma_007__steady,cmaes,41,0.043873196626813514,0.04631699798266529,0.9472374838117446
20260716,M2,case_td016_pp0_1_gamma_007__steady,cmaes,42,0.043873196626813514,0.04631699798266529,0.9472374838117446
20260716,M2,case_td016_pp0_1_gamma_007__steady,cmaes,43,0.043873196626813514,0.04631699798266529,0.9472374838117446
20260716,M2,case_td016_pp0_1_gamma_007__steady,cmaes,44,0.043873196626813514,0.04631699798266529,0.9472374838117446
20260716,M2,case_td016_pp0_1_gamma_007__steady,cmaes,45,0.043873196626813514,0.04631699798266529,0.9472374838117446
20260716,M2,case_td016_pp0_1_gamma_007__steady,cmaes,46,0.043873196626813514,0.04631699798266529,0.9472374838117446
20260716,M2,case_td016_pp0_1_gamma_007__steady,cmaes,47,0.043873196626813514,0.04631699798266529,0.9472374838117446
20260716,M2,case_td016_pp0_1_gamma_007__steady,cmaes,48,0.043873196626813514,0.04631699798266529,0.9472374838117446
20260716,M2,case_td016_pp0_1_gamma_007__steady,cmaes,49,0.043873196626813514,0.04631699798266529,0.9472374838117446
20260716,M2,case_td016_pp0_1_gamma_007__steady,cmaes,50,0.043873196626813514,0.04631699798266529,0.9472374838117446
20260716,M2,case_td016_pp0_1_gamma_007__steady,cmaes,51,0.043873196626813514,0.04631699798266529,0.9472374838117446
20260716,M2,case_td016_pp0_1_gamma_007__steady,cmaes,52,0.043873196626813514,0.04631699798266529,0.9472374838117446
20260716,M2,case_td016_pp0_1_gamma_007__steady,cmaes,53,0.043873196626813514,0.04631699798266529,0.9472374838117446
20260716,M2,case_td016_pp0_1_gamma_007__steady,cmaes,54,0.043873196626813514,0.04631699798266529,0.9472374838117446
20260716,M2,case_td016_pp0_1_gamma_007__steady,cmaes,55,0.043873196626813514,0.04631699798266529,0.9472374838117446
20260716,M2,case_td016_pp0_1_gamma_007__steady,cmaes,56,0.043873196626813514,0.04631699798266529,0.9472374838117446
20260716,M2,case_td016_pp0_1_gamma_007__steady,cmaes,57,0.043873196626813514,0.04631699798266529,0.9472374838117446
20260716,M2,case_td016_pp0_1_gamma_007__steady,cmaes,58,0.043873196626813514,0.04631699798266529,0.9472374838117446
20260716,M2,case_td016_pp0_1_gamma_007__steady,cmaes,59,0.043873196626813514,0.04631699798266529,0.9472374838117446
20260716,M2,case_td016_pp0_1_gamma_007__steady,cmaes,60,0.043873196626813514,0.04631699798266529,0.9472374838117446
20260716,M2,case_td016_pp0_1_gamma_007__steady,cmaes,61,0.043873196626813514,0.04631699798266529,0.9472374838117446
20260716,M2,case_td016_pp0_1_gamma_007__steady,cmaes,62,0.043873196626813514,0.04631699798266529,0.9472374838117446
20260716,M2,case_td016_pp0_1_gamma_007__steady,cmaes,63,0.043873196626813514,0.04631699798266529,0.9472374838117446
20260716,M2,case_td016_pp0_1_gamma_007__steady,cmaes,64,0.043873196626813514,0.04631699798266529,0.9472374838117446
20260716,M2,case_td016_pp0_1_gamma_007__steady,cmaes,65,0.043873196626813514,0.04631699798266529,0.9472374838117446
20260716,M2,case_td016_pp0_1_gamma_007__steady,cmaes,66,0.043873196626813514,0.04631699798266529,0.9472374838117446
20260716,M2,case_td016_pp0_1_gamma_007__steady,cmaes,67,0.043873196626813514,0.04631699798266529,0.9472374838117446
20260716,M2,case_td016_pp0_1_gamma_007__steady,cmaes,68,0.043873196626813514,0.04631699798266529,0.9472374838117446
20260716,M2,case_td016_pp0_1_gamma_007__steady,cmaes,69,0.043873196626813514,0.04631699798266529,0.9472374838117446
20260716,M2,case_td016_pp0_1_gamma_007__steady,cmaes,70,0.04384446466352651,0.04631699798266529,0.9466171507906417
20260716,M2,case_td016_pp0_1_gamma_007__steady,cmaes,71,0.04384446466352651,0.04631699798266529,0.9466171507906417
20260716,M2,case_td016_pp0_1_gamma_007__steady,cmaes,72,0.04384446466352651,0.04631699798266529,0.9466171507906417
20260716,M2,case_td016_pp0_1_gamma_007__steady,cmaes,73,0.04384446466352651,0.04631699798266529,0.9466171507906417
20260716,M2,case_td016_pp0_1_gamma_007__steady,cmaes,74,0.04384446466352651,0.04631699798266529,0.9466171507906417
20260716,M2,case_td016_pp0_1_gamma_007__steady,cmaes,75,0.04384446466352651,0.04631699798266529,0.9466171507906417
20260716,M2,case_td016_pp0_1_gamma_007__steady,cmaes,76,0.04384446466352651,0.04631699798266529,0.9466171507906417
20260716,M2,case_td016_pp0_1_gamma_007__steady,cmaes,77,0.04384446466352651,0.04631699798266529,0.9466171507906417
20260716,M2,case_td016_pp0_1_gamma_007__steady,cmaes,78,0.04384446466352651,0.04631699798266529,0.9466171507906417
20260716,M2,case_td016_pp0_1_gamma_007__steady,cmaes,79,0.04384446466352651,0.04631699798266529,0.9466171507906417
20260716,M2,case_td016_pp0_1_gamma_007__steady,cmaes,80,0.04384446466352651,0.04631699798266529,0.9466171507906417
20260716,M2,case_td016_pp0_1_gamma_007__steady,cmaes,81,0.04384446466352651,0.04631699798266529,0.9466171507906417
20260716,M2,case_td016_pp0_1_gamma_007__steady,cmaes,82,0.04384446466352651,0.04631699798266529,0.9466171507906417
20260716,M2,case_td016_pp0_1_gamma_007__steady,cmaes,83,0.04384446466352651,0.04631699798266529,0.9466171507906417
20260716,M2,case_td016_pp0_1_gamma_007__steady,cmaes,84,0.04384446466352651,0.04631699798266529,0.9466171507906417
20260716,M2,case_td016_pp0_1_gamma_007__steady,cmaes,85,0.04384446466352651,0.04631699798266529,0.9466171507906417
20260716,M2,case_td016_pp0_1_gamma_007__steady,cmaes,86,0.04384446466352651,0.04631699798266529,0.9466171507906417
20260716,M2,case_td016_pp0_1_gamma_007__steady,cmaes,87,0.04384446466352651,0.04631699798266529,0.9466171507906417
20260716,M2,case_td016_pp0_1_gamma_007__steady,cmaes,88,0.04384446466352651,0.04631699798266529,0.9466171507906417
20260716,M2,case_td016_pp0_1_gamma_007__steady,cmaes,89,0.04384446466352651,0.04631699798266529,0.9466171507906417
20260716,M2,case_td016_pp0_1_gamma_007__steady,cmaes,90,0.04384446466352651,0.04631699798266529,0.9466171507906417
20260716,M2,case_td016_pp0_1_gamma_007__steady,cmaes,91,0.04384446466352651,0.04631699798266529,0.9466171507906417
20260716,M2,case_td016_pp0_1_gamma_007__steady,cmaes,92,0.04384446466352651,0.04631699798266529,0.9466171507906417
20260716,M2,case_td016_pp0_1_gamma_007__steady,cmaes,93,0.04384446466352651,0.04631699798266529,0.9466171507906417
20260716,M2,case_td016_pp0_1_gamma_007__steady,cmaes,94,0.04384446466352651,0.04631699798266529,0.9466171507906417
20260716,M2,case_td016_pp0_1_gamma_007__steady,cmaes,95,0.04384446466352651,0.04631699798266529,0.9466171507906417
20260716,M2,case_td016_pp0_1_gamma_007__steady,cmaes,96,0.04384446466352651,0.04631699798266529,0.9466171507906417
20260716,M2,case_td016_pp0_1_gamma_007__steady,cmaes,97,0.04384446466352651,0.04631699798266529,0.9466171507906417
20260716,M2,case_td016_pp0_1_gamma_007__steady,cmaes,98,0.04384446466352651,0.04631699798266529,0.9466171507906417
20260716,M2,case_td016_pp0_1_gamma_007__steady,cmaes,99,0.04384446466352651,0.04631699798266529,0.9466171507906417
20260716,M2,case_td016_pp0_1_gamma_007__steady,cmaes,100,0.04384446466352651,0.04631699798266529,0.9466171507906417
20260716,M2,case_td016_pp0_1_gamma_007__steady,tpe,1,1.7278961645927335,0.04631699798266529,37.305875593220016
20260716,M2,case_td016_pp0_1_gamma_007__steady,tpe,2,1.6258133755184474,0.04631699798266529,35.101872883189195
20260716,M2,case_td016_pp0_1_gamma_007__steady,tpe,3,0.07583584626550832,0.04631699798266529,1.6373221402192524
20260716,M2,case_td016_pp0_1_gamma_007__steady,tpe,4,0.07583584626550832,0.04631699798266529,1.6373221402192524
20260716,M2,case_td016_pp0_1_gamma_007__steady,tpe,5,0.07583584626550832,0.04631699798266529,1.6373221402192524
20260716,M2,case_td016_pp0_1_gamma_007__steady,tpe,6,0.07583584626550832,0.04631699798266529,1.6373221402192524
20260716,M2,case_td016_pp0_1_gamma_007__steady,tpe,7,0.07583584626550832,0.04631699798266529,1.6373221402192524
20260716,M2,case_td016_pp0_1_gamma_007__steady,tpe,8,0.07583584626550832,0.04631699798266529,1.6373221402192524
20260716,M2,case_td016_pp0_1_gamma_007__steady,tpe,9,0.07583584626550832,0.04631699798266529,1.6373221402192524
20260716,M2,case_td016_pp0_1_gamma_007__steady,tpe,10,0.07583584626550832,0.04631699798266529,1.6373221402192524
20260716,M2,case_td016_pp0_1_gamma_007__steady,tpe,11,0.07583584626550832,0.04631699798266529,1.6373221402192524
20260716,M2,case_td016_pp0_1_gamma_007__steady,tpe,12,0.07583584626550832,0.04631699798266529,1.6373221402192524
20260716,M2,case_td016_pp0_1_gamma_007__steady,tpe,13,0.07583584626550832,0.04631699798266529,1.6373221402192524
20260716,M2,case_td016_pp0_1_gamma_007__steady,tpe,14,0.07583584626550832,0.04631699798266529,1.6373221402192524
20260716,M2,case_td016_pp0_1_gamma_007__steady,tpe,15,0.07583584626550832,0.04631699798266529,1.6373221402192524
20260716,M2,case_td016_pp0_1_gamma_007__steady,tpe,16,0.07583584626550832,0.04631699798266529,1.6373221402192524
20260716,M2,case_td016_pp0_1_gamma_007__steady,tpe,17,0.05345931854256293,0.04631699798266529,1.1542051702610507
20260716,M2,case_td016_pp0_1_gamma_007__steady,tpe,18,0.05345931854256293,0.04631699798266529,1.1542051702610507
20260716,M2,case_td016_pp0_1_gamma_007__steady,tpe,19,0.043291633893123294,0.04631699798266529,0.9346813433229357
20260716,M2,case_td016_pp0_1_gamma_007__steady,tpe,20,0.043291633893123294,0.04631699798266529,0.9346813433229357
20260716,M2,case_td016_pp0_1_gamma_007__steady,tpe,21,0.043291633893123294,0.04631699798266529,0.9346813433229357
20260716,M2,case_td016_pp0_1_gamma_007__steady,tpe,22,0.043291633893123294,0.04631699798266529,0.9346813433229357
20260716,M2,case_td016_pp0_1_gamma_007__steady,tpe,23,0.043291633893123294,0.04631699798266529,0.9346813433229357
20260716,M2,case_td016_pp0_1_gamma_007__steady,tpe,24,0.043291633893123294,0.04631699798266529,0.9346813433229357
20260716,M2,case_td016_pp0_1_gamma_007__steady,tpe,25,0.043291633893123294,0.04631699798266529,0.9346813433229357
20260716,M2,case_td016_pp0_1_gamma_007__steady,tpe,26,0.043291633893123294,0.04631699798266529,0.9346813433229357
20260716,M2,case_td016_pp0_1_gamma_007__steady,tpe,27,0.043291633893123294,0.04631699798266529,0.9346813433229357
20260716,M2,case_td016_pp0_1_gamma_007__steady,tpe,28,0.043291633893123294,0.04631699798266529,0.9346813433229357
20260716,M2,case_td016_pp0_1_gamma_007__steady,tpe,29,0.043291633893123294,0.04631699798266529,0.9346813433229357
20260716,M2,case_td016_pp0_1_gamma_007__steady,tpe,30,0.043291633893123294,0.04631699798266529,0.9346813433229357
20260716,M2,case_td016_pp0_1_gamma_007__steady,tpe,31,0.043291633893123294,0.04631699798266529,0.9346813433229357
20260716,M2,case_td016_pp0_1_gamma_007__steady,tpe,32,0.043291633893123294,0.04631699798266529,0.9346813433229357
20260716,M2,case_td016_pp0_1_gamma_007__steady,tpe,33,0.043291633893123294,0.04631699798266529,0.9346813433229357
20260716,M2,case_td016_pp0_1_gamma_007__steady,tpe,34,0.043291633893123294,0.04631699798266529,0.9346813433229357
20260716,M2,case_td016_pp0_1_gamma_007__steady,tpe,35,0.042872713893864406,0.04631699798266529,0.9256367157023012
20260716,M2,case_td016_pp0_1_gamma_007__steady,tpe,36,0.042872713893864406,0.04631699798266529,0.9256367157023012
20260716,M2,case_td016_pp0_1_gamma_007__steady,tpe,37,0.042872713893864406,0.04631699798266529,0.9256367157023012
20260716,M2,case_td016_pp0_1_gamma_007__steady,tpe,38,0.042872713893864406,0.04631699798266529,0.9256367157023012
20260716,M2,case_td016_pp0_1_gamma_007__steady,tpe,39,0.042872713893864406,0.04631699798266529,0.9256367157023012
20260716,M2,case_td016_pp0_1_gamma_007__steady,tpe,40,0.042872713893864406,0.04631699798266529,0.9256367157023012
20260716,M2,case_td016_pp0_1_gamma_007__steady,tpe,41,0.042872713893864406,0.04631699798266529,0.9256367157023012
20260716,M2,case_td016_pp0_1_gamma_007__steady,tpe,42,0.042872713893864406,0.04631699798266529,0.9256367157023012
20260716,M2,case_td016_pp0_1_gamma_007__steady,tpe,43,0.042872713893864406,0.04631699798266529,0.9256367157023012
20260716,M2,case_td016_pp0_1_gamma_007__steady,tpe,44,0.042872713893864406,0.04631699798266529,0.9256367157023012
20260716,M2,case_td016_pp0_1_gamma_007__steady,tpe,45,0.042872713893864406,0.04631699798266529,0.9256367157023012
20260716,M2,case_td016_pp0_1_gamma_007__steady,tpe,46,0.042872713893864406,0.04631699798266529,0.9256367157023012
20260716,M2,case_td016_pp0_1_gamma_007__steady,tpe,47,0.042872713893864406,0.04631699798266529,0.9256367157023012
20260716,M2,case_td016_pp0_1_gamma_007__steady,tpe,48,0.042872713893864406,0.04631699798266529,0.9256367157023012
20260716,M2,case_td016_pp0_1_gamma_007__steady,tpe,49,0.042872713893864406,0.04631699798266529,0.9256367157023012
20260716,M2,case_td016_pp0_1_gamma_007__steady,tpe,50,0.042872713893864406,0.04631699798266529,0.9256367157023012
20260716,M2,case_td016_pp0_1_gamma_007__steady,tpe,51,0.042872713893864406,0.04631699798266529,0.9256367157023012
20260716,M2,case_td016_pp0_1_gamma_007__steady,tpe,52,0.042872713893864406,0.04631699798266529,0.9256367157023012
20260716,M2,case_td016_pp0_1_gamma_007__steady,tpe,53,0.042872713893864406,0.04631699798266529,0.9256367157023012
20260716,M2,case_td016_pp0_1_gamma_007__steady,tpe,54,0.042872713893864406,0.04631699798266529,0.9256367157023012
20260716,M2,case_td016_pp0_1_gamma_007__steady,tpe,55,0.042872713893864406,0.04631699798266529,0.9256367157023012
20260716,M2,case_td016_pp0_1_gamma_007__steady,tpe,56,0.042872713893864406,0.04631699798266529,0.9256367157023012
20260716,M2,case_td016_pp0_1_gamma_007__steady,tpe,57,0.04273549534319884,0.04631699798266529,0.9226741197517406
20260716,M2,case_td016_pp0_1_gamma_007__steady,tpe,58,0.04273549534319884,0.04631699798266529,0.9226741197517406
20260716,M2,case_td016_pp0_1_gamma_007__steady,tpe,59,0.04273549534319884,0.04631699798266529,0.9226741197517406
20260716,M2,case_td016_pp0_1_gamma_007__steady,tpe,60,0.04273549534319884,0.04631699798266529,0.9226741197517406
20260716,M2,case_td016_pp0_1_gamma_007__steady,tpe,61,0.04273549534319884,0.04631699798266529,0.9226741197517406
20260716,M2,case_td016_pp0_1_gamma_007__steady,tpe,62,0.04273549534319884,0.04631699798266529,0.9226741197517406
20260716,M2,case_td016_pp0_1_gamma_007__steady,tpe,63,0.04273549534319884,0.04631699798266529,0.9226741197517406
20260716,M2,case_td016_pp0_1_gamma_007__steady,tpe,64,0.04273549534319884,0.04631699798266529,0.9226741197517406
20260716,M2,case_td016_pp0_1_gamma_007__steady,tpe,65,0.04273549534319884,0.04631699798266529,0.9226741197517406
20260716,M2,case_td016_pp0_1_gamma_007__steady,tpe,66,0.04273549534319884,0.04631699798266529,0.9226741197517406
20260716,M2,case_td016_pp0_1_gamma_007__steady,tpe,67,0.04273549534319884,0.04631699798266529,0.9226741197517406
20260716,M2,case_td016_pp0_1_gamma_007__steady,tpe,68,0.04273549534319884,0.04631699798266529,0.9226741197517406
20260716,M2,case_td016_pp0_1_gamma_007__steady,tpe,69,0.04273549534319884,0.04631699798266529,0.9226741197517406
20260716,M2,case_td016_pp0_1_gamma_007__steady,tpe,70,0.04273549534319884,0.04631699798266529,0.9226741197517406
20260716,M2,case_td016_pp0_1_gamma_007__steady,tpe,71,0.04273549534319884,0.04631699798266529,0.9226741197517406
20260716,M2,case_td016_pp0_1_gamma_007__steady,tpe,72,0.04273549534319884,0.04631699798266529,0.9226741197517406
20260716,M2,case_td016_pp0_1_gamma_007__steady,tpe,73,0.04273549534319884,0.04631699798266529,0.9226741197517406
20260716,M2,case_td016_pp0_1_gamma_007__steady,tpe,74,0.04273549534319884,0.04631699798266529,0.9226741197517406
20260716,M2,case_td016_pp0_1_gamma_007__steady,tpe,75,0.04273549534319884,0.04631699798266529,0.9226741197517406
20260716,M2,case_td016_pp0_1_gamma_007__steady,tpe,76,0.04273549534319884,0.04631699798266529,0.9226741197517406
20260716,M2,case_td016_pp0_1_gamma_007__steady,tpe,77,0.04273549534319884,0.04631699798266529,0.9226741197517406
20260716,M2,case_td016_pp0_1_gamma_007__steady,tpe,78,0.04273549534319884,0.04631699798266529,0.9226741197517406
20260716,M2,case_td016_pp0_1_gamma_007__steady,tpe,79,0.04273549534319884,0.04631699798266529,0.9226741197517406
20260716,M2,case_td016_pp0_1_gamma_007__steady,tpe,80,0.04273549534319884,0.04631699798266529,0.9226741197517406
20260716,M2,case_td016_pp0_1_gamma_007__steady,tpe,81,0.04273549534319884,0.04631699798266529,0.9226741197517406
20260716,M2,case_td016_pp0_1_gamma_007__steady,tpe,82,0.04273549534319884,0.04631699798266529,0.9226741197517406
20260716,M2,case_td016_pp0_1_gamma_007__steady,tpe,83,0.04273549534319884,0.04631699798266529,0.9226741197517406
20260716,M2,case_td016_pp0_1_gamma_007__steady,tpe,84,0.04273549534319884,0.04631699798266529,0.9226741197517406
20260716,M2,case_td016_pp0_1_gamma_007__steady,tpe,85,0.04273549534319884,0.04631699798266529,0.9226741197517406
20260716,M2,case_td016_pp0_1_gamma_007__steady,tpe,86,0.04273549534319884,0.04631699798266529,0.9226741197517406
20260716,M2,case_td016_pp0_1_gamma_007__steady,tpe,87,0.04273549534319884,0.04631699798266529,0.9226741197517406
20260716,M2,case_td016_pp0_1_gamma_007__steady,tpe,88,0.04273549534319884,0.04631699798266529,0.9226741197517406
20260716,M2,case_td016_pp0_1_gamma_007__steady,tpe,89,0.04273549534319884,0.04631699798266529,0.9226741197517406
20260716,M2,case_td016_pp0_1_gamma_007__steady,tpe,90,0.04273549534319884,0.04631699798266529,0.9226741197517406
20260716,M2,case_td016_pp0_1_gamma_007__steady,tpe,91,0.04273549534319884,0.04631699798266529,0.9226741197517406
20260716,M2,case_td016_pp0_1_gamma_007__steady,tpe,92,0.04273549534319884,0.04631699798266529,0.9226741197517406
20260716,M2,case_td016_pp0_1_gamma_007__steady,tpe,93,0.04273549534319884,0.04631699798266529,0.9226741197517406
20260716,M2,case_td016_pp0_1_gamma_007__steady,tpe,94,0.04273549534319884,0.04631699798266529,0.9226741197517406
20260716,M2,case_td016_pp0_1_gamma_007__steady,tpe,95,0.04273549534319884,0.04631699798266529,0.9226741197517406
20260716,M2,case_td016_pp0_1_gamma_007__steady,tpe,96,0.04273549534319884,0.04631699798266529,0.9226741197517406
20260716,M2,case_td016_pp0_1_gamma_007__steady,tpe,97,0.04273549534319884,0.04631699798266529,0.9226741197517406
20260716,M2,case_td016_pp0_1_gamma_007__steady,tpe,98,0.04273549534319884,0.04631699798266529,0.9226741197517406
20260716,M2,case_td016_pp0_1_gamma_007__steady,tpe,99,0.04273549534319884,0.04631699798266529,0.9226741197517406
20260716,M2,case_td016_pp0_1_gamma_007__steady,tpe,100,0.04273549534319884,0.04631699798266529,0.9226741197517406
20260716,M2,case_td016_pp0_1_gamma_007__steady,random,1,1.7278961645927335,0.04631699798266529,37.305875593220016
20260716,M2,case_td016_pp0_1_gamma_007__steady,random,2,1.5285875412478853,0.04631699798266529,33.00273350660546
20260716,M2,case_td016_pp0_1_gamma_007__steady,random,3,1.5285875412478853,0.04631699798266529,33.00273350660546
20260716,M2,case_td016_pp0_1_gamma_007__steady,random,4,1.5285875412478853,0.04631699798266529,33.00273350660546
20260716,M2,case_td016_pp0_1_gamma_007__steady,random,5,1.3387142812124135,0.04631699798266529,28.90330417600562
20260716,M2,case_td016_pp0_1_gamma_007__steady,random,6,1.3387142812124135,0.04631699798266529,28.90330417600562
20260716,M2,case_td016_pp0_1_gamma_007__steady,random,7,1.3387142812124135,0.04631699798266529,28.90330417600562
20260716,M2,case_td016_pp0_1_gamma_007__steady,random,8,0.6012759623857507,0.04631699798266529,12.981755911960997
20260716,M2,case_td016_pp0_1_gamma_007__steady,random,9,0.6012759623857507,0.04631699798266529,12.981755911960997
20260716,M2,case_td016_pp0_1_gamma_007__steady,random,10,0.6012759623857507,0.04631699798266529,12.981755911960997
20260716,M2,case_td016_pp0_1_gamma_007__steady,random,11,0.6012759623857507,0.04631699798266529,12.981755911960997
20260716,M2,case_td016_pp0_1_gamma_007__steady,random,12,0.6012759623857507,0.04631699798266529,12.981755911960997
20260716,M2,case_td016_pp0_1_gamma_007__steady,random,13,0.6012759623857507,0.04631699798266529,12.981755911960997
20260716,M2,case_td016_pp0_1_gamma_007__steady,random,14,0.6012759623857507,0.04631699798266529,12.981755911960997
20260716,M2,case_td016_pp0_1_gamma_007__steady,random,15,0.6012759623857507,0.04631699798266529,12.981755911960997
20260716,M2,case_td016_pp0_1_gamma_007__steady,random,16,0.6012759623857507,0.04631699798266529,12.981755911960997
20260716,M2,case_td016_pp0_1_gamma_007__steady,random,17,0.6012759623857507,0.04631699798266529,12.981755911960997
20260716,M2,case_td016_pp0_1_gamma_007__steady,random,18,0.6012759623857507,0.04631699798266529,12.981755911960997
20260716,M2,case_td016_pp0_1_gamma_007__steady,random,19,0.6012759623857507,0.04631699798266529,12.981755911960997
20260716,M2,case_td016_pp0_1_gamma_007__steady,random,20,0.2745873975446086,0.04631699798266529,5.928436848333226
20260716,M2,case_td016_pp0_1_gamma_007__steady,random,21,0.2745873975446086,0.04631699798266529,5.928436848333226
20260716,M2,case_td016_pp0_1_gamma_007__steady,random,22,0.2745873975446086,0.04631699798266529,5.928436848333226
20260716,M2,case_td016_pp0_1_gamma_007__steady,random,23,0.2745873975446086,0.04631699798266529,5.928436848333226
20260716,M2,case_td016_pp0_1_gamma_007__steady,random,24,0.2745873975446086,0.04631699798266529,5.928436848333226
20260716,M2,case_td016_pp0_1_gamma_007__steady,random,25,0.2745873975446086,0.04631699798266529,5.928436848333226
20260716,M2,case_td016_pp0_1_gamma_007__steady,random,26,0.2745873975446086,0.04631699798266529,5.928436848333226
20260716,M2,case_td016_pp0_1_gamma_007__steady,random,27,0.2745873975446086,0.04631699798266529,5.928436848333226
20260716,M2,case_td016_pp0_1_gamma_007__steady,random,28,0.2745873975446086,0.04631699798266529,5.928436848333226
20260716,M2,case_td016_pp0_1_gamma_007__steady,random,29,0.2745873975446086,0.04631699798266529,5.928436848333226
20260716,M2,case_td016_pp0_1_gamma_007__steady,random,30,0.2745873975446086,0.04631699798266529,5.928436848333226
20260716,M2,case_td016_pp0_1_gamma_007__steady,random,31,0.2745873975446086,0.04631699798266529,5.928436848333226
20260716,M2,case_td016_pp0_1_gamma_007__steady,random,32,0.2745873975446086,0.04631699798266529,5.928436848333226
20260716,M2,case_td016_pp0_1_gamma_007__steady,random,33,0.2745873975446086,0.04631699798266529,5.928436848333226
20260716,M2,case_td016_pp0_1_gamma_007__steady,random,34,0.2745873975446086,0.04631699798266529,5.928436848333226
20260716,M2,case_td016_pp0_1_gamma_007__steady,random,35,0.2745873975446086,0.04631699798266529,5.928436848333226
20260716,M2,case_td016_pp0_1_gamma_007__steady,random,36,0.2745873975446086,0.04631699798266529,5.928436848333226
20260716,M2,case_td016_pp0_1_gamma_007__steady,random,37,0.2745873975446086,0.04631699798266529,5.928436848333226
20260716,M2,case_td016_pp0_1_gamma_007__steady,random,38,0.2745873975446086,0.04631699798266529,5.928436848333226
20260716,M2,case_td016_pp0_1_gamma_007__steady,random,39,0.2745873975446086,0.04631699798266529,5.928436848333226
20260716,M2,case_td016_pp0_1_gamma_007__steady,random,40,0.2745873975446086,0.04631699798266529,5.928436848333226
20260716,M2,case_td016_pp0_1_gamma_007__steady,random,41,0.2745873975446086,0.04631699798266529,5.928436848333226
20260716,M2,case_td016_pp0_1_gamma_007__steady,random,42,0.2745873975446086,0.04631699798266529,5.928436848333226
20260716,M2,case_td016_pp0_1_gamma_007__steady,random,43,0.2745873975446086,0.04631699798266529,5.928436848333226
20260716,M2,case_td016_pp0_1_gamma_007__steady,random,44,0.2745873975446086,0.04631699798266529,5.928436848333226
20260716,M2,case_td016_pp0_1_gamma_007__steady,random,45,0.2745873975446086,0.04631699798266529,5.928436848333226
20260716,M2,case_td016_pp0_1_gamma_007__steady,random,46,0.2745873975446086,0.04631699798266529,5.928436848333226
20260716,M2,case_td016_pp0_1_gamma_007__steady,random,47,0.2745873975446086,0.04631699798266529,5.928436848333226
20260716,M2,case_td016_pp0_1_gamma_007__steady,random,48,0.10062466187879512,0.04631699798266529,2.1725212397499325
20260716,M2,case_td016_pp0_1_gamma_007__steady,random,49,0.10062466187879512,0.04631699798266529,2.1725212397499325
20260716,M2,case_td016_pp0_1_gamma_007__steady,random,50,0.10062466187879512,0.04631699798266529,2.1725212397499325
20260716,M2,case_td016_pp0_1_gamma_007__steady,random,51,0.10062466187879512,0.04631699798266529,2.1725212397499325
20260716,M2,case_td016_pp0_1_gamma_007__steady,random,52,0.10062466187879512,0.04631699798266529,2.1725212397499325
20260716,M2,case_td016_pp0_1_gamma_007__steady,random,53,0.10062466187879512,0.04631699798266529,2.1725212397499325
20260716,M2,case_td016_pp0_1_gamma_007__steady,random,54,0.10062466187879512,0.04631699798266529,2.1725212397499325
20260716,M2,case_td016_pp0_1_gamma_007__steady,random,55,0.10062466187879512,0.04631699798266529,2.1725212397499325
20260716,M2,case_td016_pp0_1_gamma_007__steady,random,56,0.10062466187879512,0.04631699798266529,2.1725212397499325
20260716,M2,case_td016_pp0_1_gamma_007__steady,random,57,0.10062466187879512,0.04631699798266529,2.1725212397499325
20260716,M2,case_td016_pp0_1_gamma_007__steady,random,58,0.10062466187879512,0.04631699798266529,2.1725212397499325
20260716,M2,case_td016_pp0_1_gamma_007__steady,random,59,0.10062466187879512,0.04631699798266529,2.1725212397499325
20260716,M2,case_td016_pp0_1_gamma_007__steady,random,60,0.10062466187879512,0.04631699798266529,2.1725212397499325
20260716,M2,case_td016_pp0_1_gamma_007__steady,random,61,0.10062466187879512,0.04631699798266529,2.1725212397499325
20260716,M2,case_td016_pp0_1_gamma_007__steady,random,62,0.10062466187879512,0.04631699798266529,2.1725212397499325
20260716,M2,case_td016_pp0_1_gamma_007__steady,random,63,0.10062466187879512,0.04631699798266529,2.1725212397499325
20260716,M2,case_td016_pp0_1_gamma_007__steady,random,64,0.10062466187879512,0.04631699798266529,2.1725212397499325
20260716,M2,case_td016_pp0_1_gamma_007__steady,random,65,0.10062466187879512,0.04631699798266529,2.1725212397499325
20260716,M2,case_td016_pp0_1_gamma_007__steady,random,66,0.10062466187879512,0.04631699798266529,2.1725212397499325
20260716,M2,case_td016_pp0_1_gamma_007__steady,random,67,0.10062466187879512,0.04631699798266529,2.1725212397499325
20260716,M2,case_td016_pp0_1_gamma_007__steady,random,68,0.10062466187879512,0.04631699798266529,2.1725212397499325
20260716,M2,case_td016_pp0_1_gamma_007__steady,random,69,0.10062466187879512,0.04631699798266529,2.1725212397499325
20260716,M2,case_td016_pp0_1_gamma_007__steady,random,70,0.10062466187879512,0.04631699798266529,2.1725212397499325
20260716,M2,case_td016_pp0_1_gamma_007__steady,random,71,0.10062466187879512,0.04631699798266529,2.1725212397499325
20260716,M2,case_td016_pp0_1_gamma_007__steady,random,72,0.10062466187879512,0.04631699798266529,2.1725212397499325
20260716,M2,case_td016_pp0_1_gamma_007__steady,random,73,0.10062466187879512,0.04631699798266529,2.1725212397499325
20260716,M2,case_td016_pp0_1_gamma_007__steady,random,74,0.10062466187879512,0.04631699798266529,2.1725212397499325
20260716,M2,case_td016_pp0_1_gamma_007__steady,random,75,0.10062466187879512,0.04631699798266529,2.1725212397499325
20260716,M2,case_td016_pp0_1_gamma_007__steady,random,76,0.10062466187879512,0.04631699798266529,2.1725212397499325
20260716,M2,case_td016_pp0_1_gamma_007__steady,random,77,0.10062466187879512,0.04631699798266529,2.1725212397499325
20260716,M2,case_td016_pp0_1_gamma_007__steady,random,78,0.10062466187879512,0.04631699798266529,2.1725212397499325
20260716,M2,case_td016_pp0_1_gamma_007__steady,random,79,0.10062466187879512,0.04631699798266529,2.1725212397499325
20260716,M2,case_td016_pp0_1_gamma_007__steady,random,80,0.10062466187879512,0.04631699798266529,2.1725212397499325
20260716,M2,case_td016_pp0_1_gamma_007__steady,random,81,0.10062466187879512,0.04631699798266529,2.1725212397499325
20260716,M2,case_td016_pp0_1_gamma_007__steady,random,82,0.10062466187879512,0.04631699798266529,2.1725212397499325
20260716,M2,case_td016_pp0_1_gamma_007__steady,random,83,0.10062466187879512,0.04631699798266529,2.1725212397499325
20260716,M2,case_td016_pp0_1_gamma_007__steady,random,84,0.10062466187879512,0.04631699798266529,2.1725212397499325
20260716,M2,case_td016_pp0_1_gamma_007__steady,random,85,0.10062466187879512,0.04631699798266529,2.1725212397499325
20260716,M2,case_td016_pp0_1_gamma_007__steady,random,86,0.047255228083155375,0.04631699798266529,1.0202567122515416
20260716,M2,case_td016_pp0_1_gamma_007__steady,random,87,0.047255228083155375,0.04631699798266529,1.0202567122515416
20260716,M2,case_td016_pp0_1_gamma_007__steady,random,88,0.047255228083155375,0.04631699798266529,1.0202567122515416
20260716,M2,case_td016_pp0_1_gamma_007__steady,random,89,0.047255228083155375,0.04631699798266529,1.0202567122515416
20260716,M2,case_td016_pp0_1_gamma_007__steady,random,90,0.047255228083155375,0.04631699798266529,1.0202567122515416
20260716,M2,case_td016_pp0_1_gamma_007__steady,random,91,0.047255228083155375,0.04631699798266529,1.0202567122515416
20260716,M2,case_td016_pp0_1_gamma_007__steady,random,92,0.047255228083155375,0.04631699798266529,1.0202567122515416
20260716,M2,case_td016_pp0_1_gamma_007__steady,random,93,0.047255228083155375,0.04631699798266529,1.0202567122515416
20260716,M2,case_td016_pp0_1_gamma_007__steady,random,94,0.047255228083155375,0.04631699798266529,1.0202567122515416
20260716,M2,case_td016_pp0_1_gamma_007__steady,random,95,0.047255228083155375,0.04631699798266529,1.0202567122515416
20260716,M2,case_td016_pp0_1_gamma_007__steady,random,96,0.047255228083155375,0.04631699798266529,1.0202567122515416
20260716,M2,case_td016_pp0_1_gamma_007__steady,random,97,0.047255228083155375,0.04631699798266529,1.0202567122515416
20260716,M2,case_td016_pp0_1_gamma_007__steady,random,98,0.047255228083155375,0.04631699798266529,1.0202567122515416
20260716,M2,case_td016_pp0_1_gamma_007__steady,random,99,0.047255228083155375,0.04631699798266529,1.0202567122515416
20260716,M2,case_td016_pp0_1_gamma_007__steady,random,100,0.047255228083155375,0.04631699798266529,1.0202567122515416
20260716,M3,case_td030_pa200_pp0_5_gamma_004__steady,cmaes,1,0.4420755918508906,0.050309085967164796,8.787191882981533
20260716,M3,case_td030_pa200_pp0_5_gamma_004__steady,cmaes,2,0.4420755918508906,0.050309085967164796,8.787191882981533
20260716,M3,case_td030_pa200_pp0_5_gamma_004__steady,cmaes,3,0.2766003031460348,0.050309085967164796,5.498018853424675
20260716,M3,case_td030_pa200_pp0_5_gamma_004__steady,cmaes,4,0.2766003031460348,0.050309085967164796,5.498018853424675
20260716,M3,case_td030_pa200_pp0_5_gamma_004__steady,cmaes,5,0.2766003031460348,0.050309085967164796,5.498018853424675
20260716,M3,case_td030_pa200_pp0_5_gamma_004__steady,cmaes,6,0.2766003031460348,0.050309085967164796,5.498018853424675
20260716,M3,case_td030_pa200_pp0_5_gamma_004__steady,cmaes,7,0.2766003031460348,0.050309085967164796,5.498018853424675
20260716,M3,case_td030_pa200_pp0_5_gamma_004__steady,cmaes,8,0.2766003031460348,0.050309085967164796,5.498018853424675
20260716,M3,case_td030_pa200_pp0_5_gamma_004__steady,cmaes,9,0.2766003031460348,0.050309085967164796,5.498018853424675
20260716,M3,case_td030_pa200_pp0_5_gamma_004__steady,cmaes,10,0.2766003031460348,0.050309085967164796,5.498018853424675
20260716,M3,case_td030_pa200_pp0_5_gamma_004__steady,cmaes,11,0.17409647698244743,0.050309085967164796,3.4605374682433085
20260716,M3,case_td030_pa200_pp0_5_gamma_004__steady,cmaes,12,0.17409647698244743,0.050309085967164796,3.4605374682433085
20260716,M3,case_td030_pa200_pp0_5_gamma_004__steady,cmaes,13,0.17409647698244743,0.050309085967164796,3.4605374682433085
20260716,M3,case_td030_pa200_pp0_5_gamma_004__steady,cmaes,14,0.17409647698244743,0.050309085967164796,3.4605374682433085
20260716,M3,case_td030_pa200_pp0_5_gamma_004__steady,cmaes,15,0.17409647698244743,0.050309085967164796,3.4605374682433085
20260716,M3,case_td030_pa200_pp0_5_gamma_004__steady,cmaes,16,0.09011429067221224,0.050309085967164796,1.7912130371644417
20260716,M3,case_td030_pa200_pp0_5_gamma_004__steady,cmaes,17,0.09011429067221224,0.050309085967164796,1.7912130371644417
20260716,M3,case_td030_pa200_pp0_5_gamma_004__steady,cmaes,18,0.09011429067221224,0.050309085967164796,1.7912130371644417
20260716,M3,case_td030_pa200_pp0_5_gamma_004__steady,cmaes,19,0.09011429067221224,0.050309085967164796,1.7912130371644417
20260716,M3,case_td030_pa200_pp0_5_gamma_004__steady,cmaes,20,0.09011429067221224,0.050309085967164796,1.7912130371644417
20260716,M3,case_td030_pa200_pp0_5_gamma_004__steady,cmaes,21,0.09011429067221224,0.050309085967164796,1.7912130371644417
20260716,M3,case_td030_pa200_pp0_5_gamma_004__steady,cmaes,22,0.09011429067221224,0.050309085967164796,1.7912130371644417
20260716,M3,case_td030_pa200_pp0_5_gamma_004__steady,cmaes,23,0.09011429067221224,0.050309085967164796,1.7912130371644417
20260716,M3,case_td030_pa200_pp0_5_gamma_004__steady,cmaes,24,0.09011429067221224,0.050309085967164796,1.7912130371644417
20260716,M3,case_td030_pa200_pp0_5_gamma_004__steady,cmaes,25,0.09011429067221224,0.050309085967164796,1.7912130371644417
20260716,M3,case_td030_pa200_pp0_5_gamma_004__steady,cmaes,26,0.09011429067221224,0.050309085967164796,1.7912130371644417
20260716,M3,case_td030_pa200_pp0_5_gamma_004__steady,cmaes,27,0.09011429067221224,0.050309085967164796,1.7912130371644417
20260716,M3,case_td030_pa200_pp0_5_gamma_004__steady,cmaes,28,0.058941414821427895,0.050309085967164796,1.171585881323647
20260716,M3,case_td030_pa200_pp0_5_gamma_004__steady,cmaes,29,0.058941414821427895,0.050309085967164796,1.171585881323647
20260716,M3,case_td030_pa200_pp0_5_gamma_004__steady,cmaes,30,0.058941414821427895,0.050309085967164796,1.171585881323647
20260716,M3,case_td030_pa200_pp0_5_gamma_004__steady,cmaes,31,0.058941414821427895,0.050309085967164796,1.171585881323647
20260716,M3,case_td030_pa200_pp0_5_gamma_004__steady,cmaes,32,0.058941414821427895,0.050309085967164796,1.171585881323647
20260716,M3,case_td030_pa200_pp0_5_gamma_004__steady,cmaes,33,0.058941414821427895,0.050309085967164796,1.171585881323647
20260716,M3,case_td030_pa200_pp0_5_gamma_004__steady,cmaes,34,0.058941414821427895,0.050309085967164796,1.171585881323647
20260716,M3,case_td030_pa200_pp0_5_gamma_004__steady,cmaes,35,0.058941414821427895,0.050309085967164796,1.171585881323647
20260716,M3,case_td030_pa200_pp0_5_gamma_004__steady,cmaes,36,0.058941414821427895,0.050309085967164796,1.171585881323647
20260716,M3,case_td030_pa200_pp0_5_gamma_004__steady,cmaes,37,0.058941414821427895,0.050309085967164796,1.171585881323647
20260716,M3,case_td030_pa200_pp0_5_gamma_004__steady,cmaes,38,0.058941414821427895,0.050309085967164796,1.171585881323647
20260716,M3,case_td030_pa200_pp0_5_gamma_004__steady,cmaes,39,0.058941414821427895,0.050309085967164796,1.171585881323647
20260716,M3,case_td030_pa200_pp0_5_gamma_004__steady,cmaes,40,0.058941414821427895,0.050309085967164796,1.171585881323647
20260716,M3,case_td030_pa200_pp0_5_gamma_004__steady,cmaes,41,0.058941414821427895,0.050309085967164796,1.171585881323647
20260716,M3,case_td030_pa200_pp0_5_gamma_004__steady,cmaes,42,0.058941414821427895,0.050309085967164796,1.171585881323647
20260716,M3,case_td030_pa200_pp0_5_gamma_004__steady,cmaes,43,0.058941414821427895,0.050309085967164796,1.171585881323647
20260716,M3,case_td030_pa200_pp0_5_gamma_004__steady,cmaes,44,0.058941414821427895,0.050309085967164796,1.171585881323647
20260716,M3,case_td030_pa200_pp0_5_gamma_004__steady,cmaes,45,0.058941414821427895,0.050309085967164796,1.171585881323647
20260716,M3,case_td030_pa200_pp0_5_gamma_004__steady,cmaes,46,0.058941414821427895,0.050309085967164796,1.171585881323647
20260716,M3,case_td030_pa200_pp0_5_gamma_004__steady,cmaes,47,0.058941414821427895,0.050309085967164796,1.171585881323647
20260716,M3,case_td030_pa200_pp0_5_gamma_004__steady,cmaes,48,0.058941414821427895,0.050309085967164796,1.171585881323647
20260716,M3,case_td030_pa200_pp0_5_gamma_004__steady,cmaes,49,0.058941414821427895,0.050309085967164796,1.171585881323647
20260716,M3,case_td030_pa200_pp0_5_gamma_004__steady,cmaes,50,0.058941414821427895,0.050309085967164796,1.171585881323647
20260716,M3,case_td030_pa200_pp0_5_gamma_004__steady,cmaes,51,0.058941414821427895,0.050309085967164796,1.171585881323647
20260716,M3,case_td030_pa200_pp0_5_gamma_004__steady,cmaes,52,0.058941414821427895,0.050309085967164796,1.171585881323647
20260716,M3,case_td030_pa200_pp0_5_gamma_004__steady,cmaes,53,0.058941414821427895,0.050309085967164796,1.171585881323647
20260716,M3,case_td030_pa200_pp0_5_gamma_004__steady,cmaes,54,0.058941414821427895,0.050309085967164796,1.171585881323647
20260716,M3,case_td030_pa200_pp0_5_gamma_004__steady,cmaes,55,0.058941414821427895,0.050309085967164796,1.171585881323647
20260716,M3,case_td030_pa200_pp0_5_gamma_004__steady,cmaes,56,0.058941414821427895,0.050309085967164796,1.171585881323647
20260716,M3,case_td030_pa200_pp0_5_gamma_004__steady,cmaes,57,0.058941414821427895,0.050309085967164796,1.171585881323647
20260716,M3,case_td030_pa200_pp0_5_gamma_004__steady,cmaes,58,0.058941414821427895,0.050309085967164796,1.171585881323647
20260716,M3,case_td030_pa200_pp0_5_gamma_004__steady,cmaes,59,0.058941414821427895,0.050309085967164796,1.171585881323647
20260716,M3,case_td030_pa200_pp0_5_gamma_004__steady,cmaes,60,0.058941414821427895,0.050309085967164796,1.171585881323647
20260716,M3,case_td030_pa200_pp0_5_gamma_004__steady,cmaes,61,0.058941414821427895,0.050309085967164796,1.171585881323647
20260716,M3,case_td030_pa200_pp0_5_gamma_004__steady,cmaes,62,0.058941414821427895,0.050309085967164796,1.171585881323647
20260716,M3,case_td030_pa200_pp0_5_gamma_004__steady,cmaes,63,0.058941414821427895,0.050309085967164796,1.171585881323647
20260716,M3,case_td030_pa200_pp0_5_gamma_004__steady,cmaes,64,0.058941414821427895,0.050309085967164796,1.171585881323647
20260716,M3,case_td030_pa200_pp0_5_gamma_004__steady,cmaes,65,0.058941414821427895,0.050309085967164796,1.171585881323647
20260716,M3,case_td030_pa200_pp0_5_gamma_004__steady,cmaes,66,0.058941414821427895,0.050309085967164796,1.171585881323647
20260716,M3,case_td030_pa200_pp0_5_gamma_004__steady,cmaes,67,0.058941414821427895,0.050309085967164796,1.171585881323647
20260716,M3,case_td030_pa200_pp0_5_gamma_004__steady,cmaes,68,0.058941414821427895,0.050309085967164796,1.171585881323647
20260716,M3,case_td030_pa200_pp0_5_gamma_004__steady,cmaes,69,0.058941414821427895,0.050309085967164796,1.171585881323647
20260716,M3,case_td030_pa200_pp0_5_gamma_004__steady,cmaes,70,0.058941414821427895,0.050309085967164796,1.171585881323647
20260716,M3,case_td030_pa200_pp0_5_gamma_004__steady,cmaes,71,0.058941414821427895,0.050309085967164796,1.171585881323647
20260716,M3,case_td030_pa200_pp0_5_gamma_004__steady,cmaes,72,0.058941414821427895,0.050309085967164796,1.171585881323647
20260716,M3,case_td030_pa200_pp0_5_gamma_004__steady,cmaes,73,0.058941414821427895,0.050309085967164796,1.171585881323647
20260716,M3,case_td030_pa200_pp0_5_gamma_004__steady,cmaes,74,0.058941414821427895,0.050309085967164796,1.171585881323647
20260716,M3,case_td030_pa200_pp0_5_gamma_004__steady,cmaes,75,0.058941414821427895,0.050309085967164796,1.171585881323647
20260716,M3,case_td030_pa200_pp0_5_gamma_004__steady,cmaes,76,0.058941414821427895,0.050309085967164796,1.171585881323647
20260716,M3,case_td030_pa200_pp0_5_gamma_004__steady,cmaes,77,0.058941414821427895,0.050309085967164796,1.171585881323647
20260716,M3,case_td030_pa200_pp0_5_gamma_004__steady,cmaes,78,0.058941414821427895,0.050309085967164796,1.171585881323647
20260716,M3,case_td030_pa200_pp0_5_gamma_004__steady,cmaes,79,0.058941414821427895,0.050309085967164796,1.171585881323647
20260716,M3,case_td030_pa200_pp0_5_gamma_004__steady,cmaes,80,0.058941414821427895,0.050309085967164796,1.171585881323647
20260716,M3,case_td030_pa200_pp0_5_gamma_004__steady,cmaes,81,0.058941414821427895,0.050309085967164796,1.171585881323647
20260716,M3,case_td030_pa200_pp0_5_gamma_004__steady,cmaes,82,0.058941414821427895,0.050309085967164796,1.171585881323647
20260716,M3,case_td030_pa200_pp0_5_gamma_004__steady,cmaes,83,0.058941414821427895,0.050309085967164796,1.171585881323647
20260716,M3,case_td030_pa200_pp0_5_gamma_004__steady,cmaes,84,0.058941414821427895,0.050309085967164796,1.171585881323647
20260716,M3,case_td030_pa200_pp0_5_gamma_004__steady,cmaes,85,0.058941414821427895,0.050309085967164796,1.171585881323647
20260716,M3,case_td030_pa200_pp0_5_gamma_004__steady,cmaes,86,0.058941414821427895,0.050309085967164796,1.171585881323647
20260716,M3,case_td030_pa200_pp0_5_gamma_004__steady,cmaes,87,0.058941414821427895,0.050309085967164796,1.171585881323647
20260716,M3,case_td030_pa200_pp0_5_gamma_004__steady,cmaes,88,0.058941414821427895,0.050309085967164796,1.171585881323647
20260716,M3,case_td030_pa200_pp0_5_gamma_004__steady,cmaes,89,0.058941414821427895,0.050309085967164796,1.171585881323647
20260716,M3,case_td030_pa200_pp0_5_gamma_004__steady,cmaes,90,0.058941414821427895,0.050309085967164796,1.171585881323647
20260716,M3,case_td030_pa200_pp0_5_gamma_004__steady,cmaes,91,0.058941414821427895,0.050309085967164796,1.171585881323647
20260716,M3,case_td030_pa200_pp0_5_gamma_004__steady,cmaes,92,0.05258529001098062,0.050309085967164796,1.0452443927385489
20260716,M3,case_td030_pa200_pp0_5_gamma_004__steady,cmaes,93,0.05258529001098062,0.050309085967164796,1.0452443927385489
20260716,M3,case_td030_pa200_pp0_5_gamma_004__steady,cmaes,94,0.05258529001098062,0.050309085967164796,1.0452443927385489
20260716,M3,case_td030_pa200_pp0_5_gamma_004__steady,cmaes,95,0.05258529001098062,0.050309085967164796,1.0452443927385489
20260716,M3,case_td030_pa200_pp0_5_gamma_004__steady,cmaes,96,0.05258529001098062,0.050309085967164796,1.0452443927385489
20260716,M3,case_td030_pa200_pp0_5_gamma_004__steady,cmaes,97,0.05258529001098062,0.050309085967164796,1.0452443927385489
20260716,M3,case_td030_pa200_pp0_5_gamma_004__steady,cmaes,98,0.05258529001098062,0.050309085967164796,1.0452443927385489
20260716,M3,case_td030_pa200_pp0_5_gamma_004__steady,cmaes,99,0.05258529001098062,0.050309085967164796,1.0452443927385489
20260716,M3,case_td030_pa200_pp0_5_gamma_004__steady,cmaes,100,0.05258529001098062,0.050309085967164796,1.0452443927385489
20260716,M3,case_td030_pa200_pp0_5_gamma_004__steady,tpe,1,0.4420755918508906,0.050309085967164796,8.787191882981533
20260716,M3,case_td030_pa200_pp0_5_gamma_004__steady,tpe,2,0.4420755918508906,0.050309085967164796,8.787191882981533
20260716,M3,case_td030_pa200_pp0_5_gamma_004__steady,tpe,3,0.4420755918508906,0.050309085967164796,8.787191882981533
20260716,M3,case_td030_pa200_pp0_5_gamma_004__steady,tpe,4,0.19464381950716492,0.050309085967164796,3.868959567943711
20260716,M3,case_td030_pa200_pp0_5_gamma_004__steady,tpe,5,0.19464381950716492,0.050309085967164796,3.868959567943711
20260716,M3,case_td030_pa200_pp0_5_gamma_004__steady,tpe,6,0.19464381950716492,0.050309085967164796,3.868959567943711
20260716,M3,case_td030_pa200_pp0_5_gamma_004__steady,tpe,7,0.19464381950716492,0.050309085967164796,3.868959567943711
20260716,M3,case_td030_pa200_pp0_5_gamma_004__steady,tpe,8,0.19464381950716492,0.050309085967164796,3.868959567943711
20260716,M3,case_td030_pa200_pp0_5_gamma_004__steady,tpe,9,0.19464381950716492,0.050309085967164796,3.868959567943711
20260716,M3,case_td030_pa200_pp0_5_gamma_004__steady,tpe,10,0.06921241805924414,0.050309085967164796,1.3757438985160049
20260716,M3,case_td030_pa200_pp0_5_gamma_004__steady,tpe,11,0.06921241805924414,0.050309085967164796,1.3757438985160049
20260716,M3,case_td030_pa200_pp0_5_gamma_004__steady,tpe,12,0.06921241805924414,0.050309085967164796,1.3757438985160049
20260716,M3,case_td030_pa200_pp0_5_gamma_004__steady,tpe,13,0.06921241805924414,0.050309085967164796,1.3757438985160049
20260716,M3,case_td030_pa200_pp0_5_gamma_004__steady,tpe,14,0.06921241805924414,0.050309085967164796,1.3757438985160049
20260716,M3,case_td030_pa200_pp0_5_gamma_004__steady,tpe,15,0.06921241805924414,0.050309085967164796,1.3757438985160049
20260716,M3,case_td030_pa200_pp0_5_gamma_004__steady,tpe,16,0.06921241805924414,0.050309085967164796,1.3757438985160049
20260716,M3,case_td030_pa200_pp0_5_gamma_004__steady,tpe,17,0.06921241805924414,0.050309085967164796,1.3757438985160049
20260716,M3,case_td030_pa200_pp0_5_gamma_004__steady,tpe,18,0.06921241805924414,0.050309085967164796,1.3757438985160049
20260716,M3,case_td030_pa200_pp0_5_gamma_004__steady,tpe,19,0.06921241805924414,0.050309085967164796,1.3757438985160049
20260716,M3,case_td030_pa200_pp0_5_gamma_004__steady,tpe,20,0.06921241805924414,0.050309085967164796,1.3757438985160049
20260716,M3,case_td030_pa200_pp0_5_gamma_004__steady,tpe,21,0.06921241805924414,0.050309085967164796,1.3757438985160049
20260716,M3,case_td030_pa200_pp0_5_gamma_004__steady,tpe,22,0.06921241805924414,0.050309085967164796,1.3757438985160049
20260716,M3,case_td030_pa200_pp0_5_gamma_004__steady,tpe,23,0.06921241805924414,0.050309085967164796,1.3757438985160049
20260716,M3,case_td030_pa200_pp0_5_gamma_004__steady,tpe,24,0.06921241805924414,0.050309085967164796,1.3757438985160049
20260716,M3,case_td030_pa200_pp0_5_gamma_004__steady,tpe,25,0.06921241805924414,0.050309085967164796,1.3757438985160049
20260716,M3,case_td030_pa200_pp0_5_gamma_004__steady,tpe,26,0.06921241805924414,0.050309085967164796,1.3757438985160049
20260716,M3,case_td030_pa200_pp0_5_gamma_004__steady,tpe,27,0.06921241805924414,0.050309085967164796,1.3757438985160049
20260716,M3,case_td030_pa200_pp0_5_gamma_004__steady,tpe,28,0.06621801777225653,0.050309085967164796,1.3162238291404262
20260716,M3,case_td030_pa200_pp0_5_gamma_004__steady,tpe,29,0.06621801777225653,0.050309085967164796,1.3162238291404262
20260716,M3,case_td030_pa200_pp0_5_gamma_004__steady,tpe,30,0.06621801777225653,0.050309085967164796,1.3162238291404262
20260716,M3,case_td030_pa200_pp0_5_gamma_004__steady,tpe,31,0.06621801777225653,0.050309085967164796,1.3162238291404262
20260716,M3,case_td030_pa200_pp0_5_gamma_004__steady,tpe,32,0.05018452727629023,0.050309085967164796,0.9975241313078942
20260716,M3,case_td030_pa200_pp0_5_gamma_004__steady,tpe,33,0.05018452727629023,0.050309085967164796,0.9975241313078942
20260716,M3,case_td030_pa200_pp0_5_gamma_004__steady,tpe,34,0.05018452727629023,0.050309085967164796,0.9975241313078942
20260716,M3,case_td030_pa200_pp0_5_gamma_004__steady,tpe,35,0.05018452727629023,0.050309085967164796,0.9975241313078942
20260716,M3,case_td030_pa200_pp0_5_gamma_004__steady,tpe,36,0.05018452727629023,0.050309085967164796,0.9975241313078942
20260716,M3,case_td030_pa200_pp0_5_gamma_004__steady,tpe,37,0.05018452727629023,0.050309085967164796,0.9975241313078942
20260716,M3,case_td030_pa200_pp0_5_gamma_004__steady,tpe,38,0.05018452727629023,0.050309085967164796,0.9975241313078942
20260716,M3,case_td030_pa200_pp0_5_gamma_004__steady,tpe,39,0.05018452727629023,0.050309085967164796,0.9975241313078942
20260716,M3,case_td030_pa200_pp0_5_gamma_004__steady,tpe,40,0.05018452727629023,0.050309085967164796,0.9975241313078942
20260716,M3,case_td030_pa200_pp0_5_gamma_004__steady,tpe,41,0.05018452727629023,0.050309085967164796,0.9975241313078942
20260716,M3,case_td030_pa200_pp0_5_gamma_004__steady,tpe,42,0.05018452727629023,0.050309085967164796,0.9975241313078942
20260716,M3,case_td030_pa200_pp0_5_gamma_004__steady,tpe,43,0.05018452727629023,0.050309085967164796,0.9975241313078942
20260716,M3,case_td030_pa200_pp0_5_gamma_004__steady,tpe,44,0.05018452727629023,0.050309085967164796,0.9975241313078942
20260716,M3,case_td030_pa200_pp0_5_gamma_004__steady,tpe,45,0.05018452727629023,0.050309085967164796,0.9975241313078942
20260716,M3,case_td030_pa200_pp0_5_gamma_004__steady,tpe,46,0.05018452727629023,0.050309085967164796,0.9975241313078942
20260716,M3,case_td030_pa200_pp0_5_gamma_004__steady,tpe,47,0.05018452727629023,0.050309085967164796,0.9975241313078942
20260716,M3,case_td030_pa200_pp0_5_gamma_004__steady,tpe,48,0.05018452727629023,0.050309085967164796,0.9975241313078942
20260716,M3,case_td030_pa200_pp0_5_gamma_004__steady,tpe,49,0.05018452727629023,0.050309085967164796,0.9975241313078942
20260716,M3,case_td030_pa200_pp0_5_gamma_004__steady,tpe,50,0.05018452727629023,0.050309085967164796,0.9975241313078942
20260716,M3,case_td030_pa200_pp0_5_gamma_004__steady,tpe,51,0.05018452727629023,0.050309085967164796,0.9975241313078942
20260716,M3,case_td030_pa200_pp0_5_gamma_004__steady,tpe,52,0.05018452727629023,0.050309085967164796,0.9975241313078942
20260716,M3,case_td030_pa200_pp0_5_gamma_004__steady,tpe,53,0.05018452727629023,0.050309085967164796,0.9975241313078942
20260716,M3,case_td030_pa200_pp0_5_gamma_004__steady,tpe,54,0.05018452727629023,0.050309085967164796,0.9975241313078942
20260716,M3,case_td030_pa200_pp0_5_gamma_004__steady,tpe,55,0.05018452727629023,0.050309085967164796,0.9975241313078942
20260716,M3,case_td030_pa200_pp0_5_gamma_004__steady,tpe,56,0.05018452727629023,0.050309085967164796,0.9975241313078942
20260716,M3,case_td030_pa200_pp0_5_gamma_004__steady,tpe,57,0.05018452727629023,0.050309085967164796,0.9975241313078942
20260716,M3,case_td030_pa200_pp0_5_gamma_004__steady,tpe,58,0.05018452727629023,0.050309085967164796,0.9975241313078942
20260716,M3,case_td030_pa200_pp0_5_gamma_004__steady,tpe,59,0.05018452727629023,0.050309085967164796,0.9975241313078942
20260716,M3,case_td030_pa200_pp0_5_gamma_004__steady,tpe,60,0.05018452727629023,0.050309085967164796,0.9975241313078942
20260716,M3,case_td030_pa200_pp0_5_gamma_004__steady,tpe,61,0.05018452727629023,0.050309085967164796,0.9975241313078942
20260716,M3,case_td030_pa200_pp0_5_gamma_004__steady,tpe,62,0.05018452727629023,0.050309085967164796,0.9975241313078942
20260716,M3,case_td030_pa200_pp0_5_gamma_004__steady,tpe,63,0.05018452727629023,0.050309085967164796,0.9975241313078942
20260716,M3,case_td030_pa200_pp0_5_gamma_004__steady,tpe,64,0.05018452727629023,0.050309085967164796,0.9975241313078942
20260716,M3,case_td030_pa200_pp0_5_gamma_004__steady,tpe,65,0.05018452727629023,0.050309085967164796,0.9975241313078942
20260716,M3,case_td030_pa200_pp0_5_gamma_004__steady,tpe,66,0.05018452727629023,0.050309085967164796,0.9975241313078942
20260716,M3,case_td030_pa200_pp0_5_gamma_004__steady,tpe,67,0.05018452727629023,0.050309085967164796,0.9975241313078942
20260716,M3,case_td030_pa200_pp0_5_gamma_004__steady,tpe,68,0.05018452727629023,0.050309085967164796,0.9975241313078942
20260716,M3,case_td030_pa200_pp0_5_gamma_004__steady,tpe,69,0.05018452727629023,0.050309085967164796,0.9975241313078942
20260716,M3,case_td030_pa200_pp0_5_gamma_004__steady,tpe,70,0.05018452727629023,0.050309085967164796,0.9975241313078942
20260716,M3,case_td030_pa200_pp0_5_gamma_004__steady,tpe,71,0.05018452727629023,0.050309085967164796,0.9975241313078942
20260716,M3,case_td030_pa200_pp0_5_gamma_004__steady,tpe,72,0.05018452727629023,0.050309085967164796,0.9975241313078942
20260716,M3,case_td030_pa200_pp0_5_gamma_004__steady,tpe,73,0.05018452727629023,0.050309085967164796,0.9975241313078942
20260716,M3,case_td030_pa200_pp0_5_gamma_004__steady,tpe,74,0.05018452727629023,0.050309085967164796,0.9975241313078942
20260716,M3,case_td030_pa200_pp0_5_gamma_004__steady,tpe,75,0.05018452727629023,0.050309085967164796,0.9975241313078942
20260716,M3,case_td030_pa200_pp0_5_gamma_004__steady,tpe,76,0.05018452727629023,0.050309085967164796,0.9975241313078942
20260716,M3,case_td030_pa200_pp0_5_gamma_004__steady,tpe,77,0.05018452727629023,0.050309085967164796,0.9975241313078942
20260716,M3,case_td030_pa200_pp0_5_gamma_004__steady,tpe,78,0.05018452727629023,0.050309085967164796,0.9975241313078942
20260716,M3,case_td030_pa200_pp0_5_gamma_004__steady,tpe,79,0.05018452727629023,0.050309085967164796,0.9975241313078942
20260716,M3,case_td030_pa200_pp0_5_gamma_004__steady,tpe,80,0.05018452727629023,0.050309085967164796,0.9975241313078942
20260716,M3,case_td030_pa200_pp0_5_gamma_004__steady,tpe,81,0.05018452727629023,0.050309085967164796,0.9975241313078942
20260716,M3,case_td030_pa200_pp0_5_gamma_004__steady,tpe,82,0.05018452727629023,0.050309085967164796,0.9975241313078942
20260716,M3,case_td030_pa200_pp0_5_gamma_004__steady,tpe,83,0.05018452727629023,0.050309085967164796,0.9975241313078942
20260716,M3,case_td030_pa200_pp0_5_gamma_004__steady,tpe,84,0.05018452727629023,0.050309085967164796,0.9975241313078942
20260716,M3,case_td030_pa200_pp0_5_gamma_004__steady,tpe,85,0.05018452727629023,0.050309085967164796,0.9975241313078942
20260716,M3,case_td030_pa200_pp0_5_gamma_004__steady,tpe,86,0.05018452727629023,0.050309085967164796,0.9975241313078942
20260716,M3,case_td030_pa200_pp0_5_gamma_004__steady,tpe,87,0.05018452727629023,0.050309085967164796,0.9975241313078942
20260716,M3,case_td030_pa200_pp0_5_gamma_004__steady,tpe,88,0.05018452727629023,0.050309085967164796,0.9975241313078942
20260716,M3,case_td030_pa200_pp0_5_gamma_004__steady,tpe,89,0.05018452727629023,0.050309085967164796,0.9975241313078942
20260716,M3,case_td030_pa200_pp0_5_gamma_004__steady,tpe,90,0.05018452727629023,0.050309085967164796,0.9975241313078942
20260716,M3,case_td030_pa200_pp0_5_gamma_004__steady,tpe,91,0.05018452727629023,0.050309085967164796,0.9975241313078942
20260716,M3,case_td030_pa200_pp0_5_gamma_004__steady,tpe,92,0.05018452727629023,0.050309085967164796,0.9975241313078942
20260716,M3,case_td030_pa200_pp0_5_gamma_004__steady,tpe,93,0.05018452727629023,0.050309085967164796,0.9975241313078942
20260716,M3,case_td030_pa200_pp0_5_gamma_004__steady,tpe,94,0.05018452727629023,0.050309085967164796,0.9975241313078942
20260716,M3,case_td030_pa200_pp0_5_gamma_004__steady,tpe,95,0.05018452727629023,0.050309085967164796,0.9975241313078942
20260716,M3,case_td030_pa200_pp0_5_gamma_004__steady,tpe,96,0.05018452727629023,0.050309085967164796,0.9975241313078942
20260716,M3,case_td030_pa200_pp0_5_gamma_004__steady,tpe,97,0.05018452727629023,0.050309085967164796,0.9975241313078942
20260716,M3,case_td030_pa200_pp0_5_gamma_004__steady,tpe,98,0.05018452727629023,0.050309085967164796,0.9975241313078942
20260716,M3,case_td030_pa200_pp0_5_gamma_004__steady,tpe,99,0.05018452727629023,0.050309085967164796,0.9975241313078942
20260716,M3,case_td030_pa200_pp0_5_gamma_004__steady,tpe,100,0.05018452727629023,0.050309085967164796,0.9975241313078942
20260716,M3,case_td030_pa200_pp0_5_gamma_004__steady,random,1,0.4420755918508906,0.050309085967164796,8.787191882981533
20260716,M3,case_td030_pa200_pp0_5_gamma_004__steady,random,2,0.4420755918508906,0.050309085967164796,8.787191882981533
20260716,M3,case_td030_pa200_pp0_5_gamma_004__steady,random,3,0.42034781412489625,0.050309085967164796,8.355306125005818
20260716,M3,case_td030_pa200_pp0_5_gamma_004__steady,random,4,0.13426352964754182,0.050309085967164796,2.6687729873520567
20260716,M3,case_td030_pa200_pp0_5_gamma_004__steady,random,5,0.13426352964754182,0.050309085967164796,2.6687729873520567
20260716,M3,case_td030_pa200_pp0_5_gamma_004__steady,random,6,0.13426352964754182,0.050309085967164796,2.6687729873520567
20260716,M3,case_td030_pa200_pp0_5_gamma_004__steady,random,7,0.13426352964754182,0.050309085967164796,2.6687729873520567
20260716,M3,case_td030_pa200_pp0_5_gamma_004__steady,random,8,0.13426352964754182,0.050309085967164796,2.6687729873520567
20260716,M3,case_td030_pa200_pp0_5_gamma_004__steady,random,9,0.13426352964754182,0.050309085967164796,2.6687729873520567
20260716,M3,case_td030_pa200_pp0_5_gamma_004__steady,random,10,0.13426352964754182,0.050309085967164796,2.6687729873520567
20260716,M3,case_td030_pa200_pp0_5_gamma_004__steady,random,11,0.13426352964754182,0.050309085967164796,2.6687729873520567
20260716,M3,case_td030_pa200_pp0_5_gamma_004__steady,random,12,0.13426352964754182,0.050309085967164796,2.6687729873520567
20260716,M3,case_td030_pa200_pp0_5_gamma_004__steady,random,13,0.13426352964754182,0.050309085967164796,2.6687729873520567
20260716,M3,case_td030_pa200_pp0_5_gamma_004__steady,random,14,0.13426352964754182,0.050309085967164796,2.6687729873520567
20260716,M3,case_td030_pa200_pp0_5_gamma_004__steady,random,15,0.13426352964754182,0.050309085967164796,2.6687729873520567
20260716,M3,case_td030_pa200_pp0_5_gamma_004__steady,random,16,0.13426352964754182,0.050309085967164796,2.6687729873520567
20260716,M3,case_td030_pa200_pp0_5_gamma_004__steady,random,17,0.13426352964754182,0.050309085967164796,2.6687729873520567
20260716,M3,case_td030_pa200_pp0_5_gamma_004__steady,random,18,0.13426352964754182,0.050309085967164796,2.6687729873520567
20260716,M3,case_td030_pa200_pp0_5_gamma_004__steady,random,19,0.10744645050498491,0.050309085967164796,2.1357265479860224
20260716,M3,case_td030_pa200_pp0_5_gamma_004__steady,random,20,0.10744645050498491,0.050309085967164796,2.1357265479860224
20260716,M3,case_td030_pa200_pp0_5_gamma_004__steady,random,21,0.10744645050498491,0.050309085967164796,2.1357265479860224
20260716,M3,case_td030_pa200_pp0_5_gamma_004__steady,random,22,0.10744645050498491,0.050309085967164796,2.1357265479860224
20260716,M3,case_td030_pa200_pp0_5_gamma_004__steady,random,23,0.10744645050498491,0.050309085967164796,2.1357265479860224
20260716,M3,case_td030_pa200_pp0_5_gamma_004__steady,random,24,0.10744645050498491,0.050309085967164796,2.1357265479860224
20260716,M3,case_td030_pa200_pp0_5_gamma_004__steady,random,25,0.10744645050498491,0.050309085967164796,2.1357265479860224
20260716,M3,case_td030_pa200_pp0_5_gamma_004__steady,random,26,0.10744645050498491,0.050309085967164796,2.1357265479860224
20260716,M3,case_td030_pa200_pp0_5_gamma_004__steady,random,27,0.10744645050498491,0.050309085967164796,2.1357265479860224
20260716,M3,case_td030_pa200_pp0_5_gamma_004__steady,random,28,0.10744645050498491,0.050309085967164796,2.1357265479860224
20260716,M3,case_td030_pa200_pp0_5_gamma_004__steady,random,29,0.10744645050498491,0.050309085967164796,2.1357265479860224
20260716,M3,case_td030_pa200_pp0_5_gamma_004__steady,random,30,0.10744645050498491,0.050309085967164796,2.1357265479860224
20260716,M3,case_td030_pa200_pp0_5_gamma_004__steady,random,31,0.10744645050498491,0.050309085967164796,2.1357265479860224
20260716,M3,case_td030_pa200_pp0_5_gamma_004__steady,random,32,0.10744645050498491,0.050309085967164796,2.1357265479860224
20260716,M3,case_td030_pa200_pp0_5_gamma_004__steady,random,33,0.10744645050498491,0.050309085967164796,2.1357265479860224
20260716,M3,case_td030_pa200_pp0_5_gamma_004__steady,random,34,0.10744645050498491,0.050309085967164796,2.1357265479860224
20260716,M3,case_td030_pa200_pp0_5_gamma_004__steady,random,35,0.10744645050498491,0.050309085967164796,2.1357265479860224
20260716,M3,case_td030_pa200_pp0_5_gamma_004__steady,random,36,0.06845751377001094,0.050309085967164796,1.3607385714519058
20260716,M3,case_td030_pa200_pp0_5_gamma_004__steady,random,37,0.06845751377001094,0.050309085967164796,1.3607385714519058
20260716,M3,case_td030_pa200_pp0_5_gamma_004__steady,random,38,0.06845751377001094,0.050309085967164796,1.3607385714519058
20260716,M3,case_td030_pa200_pp0_5_gamma_004__steady,random,39,0.06845751377001094,0.050309085967164796,1.3607385714519058
20260716,M3,case_td030_pa200_pp0_5_gamma_004__steady,random,40,0.06845751377001094,0.050309085967164796,1.3607385714519058
20260716,M3,case_td030_pa200_pp0_5_gamma_004__steady,random,41,0.06845751377001094,0.050309085967164796,1.3607385714519058
20260716,M3,case_td030_pa200_pp0_5_gamma_004__steady,random,42,0.06845751377001094,0.050309085967164796,1.3607385714519058
20260716,M3,case_td030_pa200_pp0_5_gamma_004__steady,random,43,0.06845751377001094,0.050309085967164796,1.3607385714519058
20260716,M3,case_td030_pa200_pp0_5_gamma_004__steady,random,44,0.06845751377001094,0.050309085967164796,1.3607385714519058
20260716,M3,case_td030_pa200_pp0_5_gamma_004__steady,random,45,0.06845751377001094,0.050309085967164796,1.3607385714519058
20260716,M3,case_td030_pa200_pp0_5_gamma_004__steady,random,46,0.06845751377001094,0.050309085967164796,1.3607385714519058
20260716,M3,case_td030_pa200_pp0_5_gamma_004__steady,random,47,0.06845751377001094,0.050309085967164796,1.3607385714519058
20260716,M3,case_td030_pa200_pp0_5_gamma_004__steady,random,48,0.06845751377001094,0.050309085967164796,1.3607385714519058
20260716,M3,case_td030_pa200_pp0_5_gamma_004__steady,random,49,0.06845751377001094,0.050309085967164796,1.3607385714519058
20260716,M3,case_td030_pa200_pp0_5_gamma_004__steady,random,50,0.06845751377001094,0.050309085967164796,1.3607385714519058
20260716,M3,case_td030_pa200_pp0_5_gamma_004__steady,random,51,0.06845751377001094,0.050309085967164796,1.3607385714519058
20260716,M3,case_td030_pa200_pp0_5_gamma_004__steady,random,52,0.06845751377001094,0.050309085967164796,1.3607385714519058
20260716,M3,case_td030_pa200_pp0_5_gamma_004__steady,random,53,0.06845751377001094,0.050309085967164796,1.3607385714519058
20260716,M3,case_td030_pa200_pp0_5_gamma_004__steady,random,54,0.06845751377001094,0.050309085967164796,1.3607385714519058
20260716,M3,case_td030_pa200_pp0_5_gamma_004__steady,random,55,0.06845751377001094,0.050309085967164796,1.3607385714519058
20260716,M3,case_td030_pa200_pp0_5_gamma_004__steady,random,56,0.06845751377001094,0.050309085967164796,1.3607385714519058
20260716,M3,case_td030_pa200_pp0_5_gamma_004__steady,random,57,0.06845751377001094,0.050309085967164796,1.3607385714519058
20260716,M3,case_td030_pa200_pp0_5_gamma_004__steady,random,58,0.06845751377001094,0.050309085967164796,1.3607385714519058
20260716,M3,case_td030_pa200_pp0_5_gamma_004__steady,random,59,0.06845751377001094,0.050309085967164796,1.3607385714519058
20260716,M3,case_td030_pa200_pp0_5_gamma_004__steady,random,60,0.06845751377001094,0.050309085967164796,1.3607385714519058
20260716,M3,case_td030_pa200_pp0_5_gamma_004__steady,random,61,0.06845751377001094,0.050309085967164796,1.3607385714519058
20260716,M3,case_td030_pa200_pp0_5_gamma_004__steady,random,62,0.06845751377001094,0.050309085967164796,1.3607385714519058
20260716,M3,case_td030_pa200_pp0_5_gamma_004__steady,random,63,0.06845751377001094,0.050309085967164796,1.3607385714519058
20260716,M3,case_td030_pa200_pp0_5_gamma_004__steady,random,64,0.06845751377001094,0.050309085967164796,1.3607385714519058
20260716,M3,case_td030_pa200_pp0_5_gamma_004__steady,random,65,0.06845751377001094,0.050309085967164796,1.3607385714519058
20260716,M3,case_td030_pa200_pp0_5_gamma_004__steady,random,66,0.06845751377001094,0.050309085967164796,1.3607385714519058
20260716,M3,case_td030_pa200_pp0_5_gamma_004__steady,random,67,0.06845751377001094,0.050309085967164796,1.3607385714519058
20260716,M3,case_td030_pa200_pp0_5_gamma_004__steady,random,68,0.06845751377001094,0.050309085967164796,1.3607385714519058
20260716,M3,case_td030_pa200_pp0_5_gamma_004__steady,random,69,0.06845751377001094,0.050309085967164796,1.3607385714519058
20260716,M3,case_td030_pa200_pp0_5_gamma_004__steady,random,70,0.06845751377001094,0.050309085967164796,1.3607385714519058
20260716,M3,case_td030_pa200_pp0_5_gamma_004__steady,random,71,0.06845751377001094,0.050309085967164796,1.3607385714519058
20260716,M3,case_td030_pa200_pp0_5_gamma_004__steady,random,72,0.06845751377001094,0.050309085967164796,1.3607385714519058
20260716,M3,case_td030_pa200_pp0_5_gamma_004__steady,random,73,0.06845751377001094,0.050309085967164796,1.3607385714519058
20260716,M3,case_td030_pa200_pp0_5_gamma_004__steady,random,74,0.06845751377001094,0.050309085967164796,1.3607385714519058
20260716,M3,case_td030_pa200_pp0_5_gamma_004__steady,random,75,0.06845751377001094,0.050309085967164796,1.3607385714519058
20260716,M3,case_td030_pa200_pp0_5_gamma_004__steady,random,76,0.06845751377001094,0.050309085967164796,1.3607385714519058
20260716,M3,case_td030_pa200_pp0_5_gamma_004__steady,random,77,0.06845751377001094,0.050309085967164796,1.3607385714519058
20260716,M3,case_td030_pa200_pp0_5_gamma_004__steady,random,78,0.06845751377001094,0.050309085967164796,1.3607385714519058
20260716,M3,case_td030_pa200_pp0_5_gamma_004__steady,random,79,0.06845751377001094,0.050309085967164796,1.3607385714519058
20260716,M3,case_td030_pa200_pp0_5_gamma_004__steady,random,80,0.06845751377001094,0.050309085967164796,1.3607385714519058
20260716,M3,case_td030_pa200_pp0_5_gamma_004__steady,random,81,0.06845751377001094,0.050309085967164796,1.3607385714519058
20260716,M3,case_td030_pa200_pp0_5_gamma_004__steady,random,82,0.06845751377001094,0.050309085967164796,1.3607385714519058
20260716,M3,case_td030_pa200_pp0_5_gamma_004__steady,random,83,0.06845751377001094,0.050309085967164796,1.3607385714519058
20260716,M3,case_td030_pa200_pp0_5_gamma_004__steady,random,84,0.06845751377001094,0.050309085967164796,1.3607385714519058
20260716,M3,case_td030_pa200_pp0_5_gamma_004__steady,random,85,0.06845751377001094,0.050309085967164796,1.3607385714519058
20260716,M3,case_td030_pa200_pp0_5_gamma_004__steady,random,86,0.06845751377001094,0.050309085967164796,1.3607385714519058
20260716,M3,case_td030_pa200_pp0_5_gamma_004__steady,random,87,0.06845751377001094,0.050309085967164796,1.3607385714519058
20260716,M3,case_td030_pa200_pp0_5_gamma_004__steady,random,88,0.06845751377001094,0.050309085967164796,1.3607385714519058
20260716,M3,case_td030_pa200_pp0_5_gamma_004__steady,random,89,0.06845751377001094,0.050309085967164796,1.3607385714519058
20260716,M3,case_td030_pa200_pp0_5_gamma_004__steady,random,90,0.06845751377001094,0.050309085967164796,1.3607385714519058
20260716,M3,case_td030_pa200_pp0_5_gamma_004__steady,random,91,0.06845751377001094,0.050309085967164796,1.3607385714519058
20260716,M3,case_td030_pa200_pp0_5_gamma_004__steady,random,92,0.06845751377001094,0.050309085967164796,1.3607385714519058
20260716,M3,case_td030_pa200_pp0_5_gamma_004__steady,random,93,0.0633188309728989,0.050309085967164796,1.2585963301783136
20260716,M3,case_td030_pa200_pp0_5_gamma_004__steady,random,94,0.0633188309728989,0.050309085967164796,1.2585963301783136
20260716,M3,case_td030_pa200_pp0_5_gamma_004__steady,random,95,0.0633188309728989,0.050309085967164796,1.2585963301783136
20260716,M3,case_td030_pa200_pp0_5_gamma_004__steady,random,96,0.0633188309728989,0.050309085967164796,1.2585963301783136
20260716,M3,case_td030_pa200_pp0_5_gamma_004__steady,random,97,0.0633188309728989,0.050309085967164796,1.2585963301783136
20260716,M3,case_td030_pa200_pp0_5_gamma_004__steady,random,98,0.0633188309728989,0.050309085967164796,1.2585963301783136
20260716,M3,case_td030_pa200_pp0_5_gamma_004__steady,random,99,0.0633188309728989,0.050309085967164796,1.2585963301783136
20260716,M3,case_td030_pa200_pp0_5_gamma_004__steady,random,100,0.0633188309728989,0.050309085967164796,1.2585963301783136
20260717,M1,case_td003_pa050_pp0_3_gamma_010__steady,cmaes,1,0.5628434392461068,0.05425676600499663,10.373700474412228
20260717,M1,case_td003_pa050_pp0_3_gamma_010__steady,cmaes,2,0.5628434392461068,0.05425676600499663,10.373700474412228
20260717,M1,case_td003_pa050_pp0_3_gamma_010__steady,cmaes,3,0.5628434392461068,0.05425676600499663,10.373700474412228
20260717,M1,case_td003_pa050_pp0_3_gamma_010__steady,cmaes,4,0.2518217127850689,0.05425676600499663,4.641296032311952
20260717,M1,case_td003_pa050_pp0_3_gamma_010__steady,cmaes,5,0.2518217127850689,0.05425676600499663,4.641296032311952
20260717,M1,case_td003_pa050_pp0_3_gamma_010__steady,cmaes,6,0.2518217127850689,0.05425676600499663,4.641296032311952
20260717,M1,case_td003_pa050_pp0_3_gamma_010__steady,cmaes,7,0.2518217127850689,0.05425676600499663,4.641296032311952
20260717,M1,case_td003_pa050_pp0_3_gamma_010__steady,cmaes,8,0.2518217127850689,0.05425676600499663,4.641296032311952
20260717,M1,case_td003_pa050_pp0_3_gamma_010__steady,cmaes,9,0.20876561567667842,0.05425676600499663,3.847734228344032
20260717,M1,case_td003_pa050_pp0_3_gamma_010__steady,cmaes,10,0.20876561567667842,0.05425676600499663,3.847734228344032
20260717,M1,case_td003_pa050_pp0_3_gamma_010__steady,cmaes,11,0.20876561567667842,0.05425676600499663,3.847734228344032
20260717,M1,case_td003_pa050_pp0_3_gamma_010__steady,cmaes,12,0.20876561567667842,0.05425676600499663,3.847734228344032
20260717,M1,case_td003_pa050_pp0_3_gamma_010__steady,cmaes,13,0.20876561567667842,0.05425676600499663,3.847734228344032
20260717,M1,case_td003_pa050_pp0_3_gamma_010__steady,cmaes,14,0.16400759322292413,0.05425676600499663,3.0228044407921453
20260717,M1,case_td003_pa050_pp0_3_gamma_010__steady,cmaes,15,0.16400759322292413,0.05425676600499663,3.0228044407921453
20260717,M1,case_td003_pa050_pp0_3_gamma_010__steady,cmaes,16,0.16400759322292413,0.05425676600499663,3.0228044407921453
20260717,M1,case_td003_pa050_pp0_3_gamma_010__steady,cmaes,17,0.16400759322292413,0.05425676600499663,3.0228044407921453
20260717,M1,case_td003_pa050_pp0_3_gamma_010__steady,cmaes,18,0.16400759322292413,0.05425676600499663,3.0228044407921453
20260717,M1,case_td003_pa050_pp0_3_gamma_010__steady,cmaes,19,0.16400759322292413,0.05425676600499663,3.0228044407921453
20260717,M1,case_td003_pa050_pp0_3_gamma_010__steady,cmaes,20,0.16400759322292413,0.05425676600499663,3.0228044407921453
20260717,M1,case_td003_pa050_pp0_3_gamma_010__steady,cmaes,21,0.16400759322292413,0.05425676600499663,3.0228044407921453
20260717,M1,case_td003_pa050_pp0_3_gamma_010__steady,cmaes,22,0.16400759322292413,0.05425676600499663,3.0228044407921453
20260717,M1,case_td003_pa050_pp0_3_gamma_010__steady,cmaes,23,0.16400759322292413,0.05425676600499663,3.0228044407921453
20260717,M1,case_td003_pa050_pp0_3_gamma_010__steady,cmaes,24,0.16400759322292413,0.05425676600499663,3.0228044407921453
20260717,M1,case_td003_pa050_pp0_3_gamma_010__steady,cmaes,25,0.16400759322292413,0.05425676600499663,3.0228044407921453
20260717,M1,case_td003_pa050_pp0_3_gamma_010__steady,cmaes,26,0.16400759322292413,0.05425676600499663,3.0228044407921453
20260717,M1,case_td003_pa050_pp0_3_gamma_010__steady,cmaes,27,0.1523144210441037,0.05425676600499663,2.807288975352433
20260717,M1,case_td003_pa050_pp0_3_gamma_010__steady,cmaes,28,0.1523144210441037,0.05425676600499663,2.807288975352433
20260717,M1,case_td003_pa050_pp0_3_gamma_010__steady,cmaes,29,0.13515193988541196,0.05425676600499663,2.4909693267189112
20260717,M1,case_td003_pa050_pp0_3_gamma_010__steady,cmaes,30,0.13515193988541196,0.05425676600499663,2.4909693267189112
20260717,M1,case_td003_pa050_pp0_3_gamma_010__steady,cmaes,31,0.13515193988541196,0.05425676600499663,2.4909693267189112
20260717,M1,case_td003_pa050_pp0_3_gamma_010__steady,cmaes,32,0.13515193988541196,0.05425676600499663,2.4909693267189112
20260717,M1,case_td003_pa050_pp0_3_gamma_010__steady,cmaes,33,0.13515193988541196,0.05425676600499663,2.4909693267189112
20260717,M1,case_td003_pa050_pp0_3_gamma_010__steady,cmaes,34,0.1252569787606175,0.05425676600499663,2.308596475305629
20260717,M1,case_td003_pa050_pp0_3_gamma_010__steady,cmaes,35,0.1252569787606175,0.05425676600499663,2.308596475305629
20260717,M1,case_td003_pa050_pp0_3_gamma_010__steady,cmaes,36,0.1252569787606175,0.05425676600499663,2.308596475305629
20260717,M1,case_td003_pa050_pp0_3_gamma_010__steady,cmaes,37,0.06380498977807818,0.05425676600499663,1.1759821765307985
20260717,M1,case_td003_pa050_pp0_3_gamma_010__steady,cmaes,38,0.06380498977807818,0.05425676600499663,1.1759821765307985
20260717,M1,case_td003_pa050_pp0_3_gamma_010__steady,cmaes,39,0.06380498977807818,0.05425676600499663,1.1759821765307985
20260717,M1,case_td003_pa050_pp0_3_gamma_010__steady,cmaes,40,0.06380498977807818,0.05425676600499663,1.1759821765307985
20260717,M1,case_td003_pa050_pp0_3_gamma_010__steady,cmaes,41,0.06380498977807818,0.05425676600499663,1.1759821765307985
20260717,M1,case_td003_pa050_pp0_3_gamma_010__steady,cmaes,42,0.06380498977807818,0.05425676600499663,1.1759821765307985
20260717,M1,case_td003_pa050_pp0_3_gamma_010__steady,cmaes,43,0.06380498977807818,0.05425676600499663,1.1759821765307985
20260717,M1,case_td003_pa050_pp0_3_gamma_010__steady,cmaes,44,0.06380498977807818,0.05425676600499663,1.1759821765307985
20260717,M1,case_td003_pa050_pp0_3_gamma_010__steady,cmaes,45,0.06380498977807818,0.05425676600499663,1.1759821765307985
20260717,M1,case_td003_pa050_pp0_3_gamma_010__steady,cmaes,46,0.06380498977807818,0.05425676600499663,1.1759821765307985
20260717,M1,case_td003_pa050_pp0_3_gamma_010__steady,cmaes,47,0.06380498977807818,0.05425676600499663,1.1759821765307985
20260717,M1,case_td003_pa050_pp0_3_gamma_010__steady,cmaes,48,0.06380498977807818,0.05425676600499663,1.1759821765307985
20260717,M1,case_td003_pa050_pp0_3_gamma_010__steady,cmaes,49,0.06380498977807818,0.05425676600499663,1.1759821765307985
20260717,M1,case_td003_pa050_pp0_3_gamma_010__steady,cmaes,50,0.06380498977807818,0.05425676600499663,1.1759821765307985
20260717,M1,case_td003_pa050_pp0_3_gamma_010__steady,cmaes,51,0.06380498977807818,0.05425676600499663,1.1759821765307985
20260717,M1,case_td003_pa050_pp0_3_gamma_010__steady,cmaes,52,0.06380498977807818,0.05425676600499663,1.1759821765307985
20260717,M1,case_td003_pa050_pp0_3_gamma_010__steady,cmaes,53,0.06380498977807818,0.05425676600499663,1.1759821765307985
20260717,M1,case_td003_pa050_pp0_3_gamma_010__steady,cmaes,54,0.06380498977807818,0.05425676600499663,1.1759821765307985
20260717,M1,case_td003_pa050_pp0_3_gamma_010__steady,cmaes,55,0.06380498977807818,0.05425676600499663,1.1759821765307985
20260717,M1,case_td003_pa050_pp0_3_gamma_010__steady,cmaes,56,0.06380498977807818,0.05425676600499663,1.1759821765307985
20260717,M1,case_td003_pa050_pp0_3_gamma_010__steady,cmaes,57,0.05859685568401163,0.05425676600499663,1.0799916765885993
20260717,M1,case_td003_pa050_pp0_3_gamma_010__steady,cmaes,58,0.05859685568401163,0.05425676600499663,1.0799916765885993
20260717,M1,case_td003_pa050_pp0_3_gamma_010__steady,cmaes,59,0.05859685568401163,0.05425676600499663,1.0799916765885993
20260717,M1,case_td003_pa050_pp0_3_gamma_010__steady,cmaes,60,0.05859685568401163,0.05425676600499663,1.0799916765885993
20260717,M1,case_td003_pa050_pp0_3_gamma_010__steady,cmaes,61,0.05859685568401163,0.05425676600499663,1.0799916765885993
20260717,M1,case_td003_pa050_pp0_3_gamma_010__steady,cmaes,62,0.05859685568401163,0.05425676600499663,1.0799916765885993
20260717,M1,case_td003_pa050_pp0_3_gamma_010__steady,cmaes,63,0.05859685568401163,0.05425676600499663,1.0799916765885993
20260717,M1,case_td003_pa050_pp0_3_gamma_010__steady,cmaes,64,0.05859685568401163,0.05425676600499663,1.0799916765885993
20260717,M1,case_td003_pa050_pp0_3_gamma_010__steady,cmaes,65,0.05859685568401163,0.05425676600499663,1.0799916765885993
20260717,M1,case_td003_pa050_pp0_3_gamma_010__steady,cmaes,66,0.05859685568401163,0.05425676600499663,1.0799916765885993
20260717,M1,case_td003_pa050_pp0_3_gamma_010__steady,cmaes,67,0.05859685568401163,0.05425676600499663,1.0799916765885993
20260717,M1,case_td003_pa050_pp0_3_gamma_010__steady,cmaes,68,0.05859685568401163,0.05425676600499663,1.0799916765885993
20260717,M1,case_td003_pa050_pp0_3_gamma_010__steady,cmaes,69,0.05859685568401163,0.05425676600499663,1.0799916765885993
20260717,M1,case_td003_pa050_pp0_3_gamma_010__steady,cmaes,70,0.05859685568401163,0.05425676600499663,1.0799916765885993
20260717,M1,case_td003_pa050_pp0_3_gamma_010__steady,cmaes,71,0.05859685568401163,0.05425676600499663,1.0799916765885993
20260717,M1,case_td003_pa050_pp0_3_gamma_010__steady,cmaes,72,0.05859685568401163,0.05425676600499663,1.0799916765885993
20260717,M1,case_td003_pa050_pp0_3_gamma_010__steady,cmaes,73,0.05859685568401163,0.05425676600499663,1.0799916765885993
20260717,M1,case_td003_pa050_pp0_3_gamma_010__steady,cmaes,74,0.05495556431532963,0.05425676600499663,1.012879468530591
20260717,M1,case_td003_pa050_pp0_3_gamma_010__steady,cmaes,75,0.05495556431532963,0.05425676600499663,1.012879468530591
20260717,M1,case_td003_pa050_pp0_3_gamma_010__steady,cmaes,76,0.05495556431532963,0.05425676600499663,1.012879468530591
20260717,M1,case_td003_pa050_pp0_3_gamma_010__steady,cmaes,77,0.05495556431532963,0.05425676600499663,1.012879468530591
20260717,M1,case_td003_pa050_pp0_3_gamma_010__steady,cmaes,78,0.05495556431532963,0.05425676600499663,1.012879468530591
20260717,M1,case_td003_pa050_pp0_3_gamma_010__steady,cmaes,79,0.05495556431532963,0.05425676600499663,1.012879468530591
20260717,M1,case_td003_pa050_pp0_3_gamma_010__steady,cmaes,80,0.05495556431532963,0.05425676600499663,1.012879468530591
20260717,M1,case_td003_pa050_pp0_3_gamma_010__steady,cmaes,81,0.05495556431532963,0.05425676600499663,1.012879468530591
20260717,M1,case_td003_pa050_pp0_3_gamma_010__steady,cmaes,82,0.05495556431532963,0.05425676600499663,1.012879468530591
20260717,M1,case_td003_pa050_pp0_3_gamma_010__steady,cmaes,83,0.05495556431532963,0.05425676600499663,1.012879468530591
20260717,M1,case_td003_pa050_pp0_3_gamma_010__steady,cmaes,84,0.05495556431532963,0.05425676600499663,1.012879468530591
20260717,M1,case_td003_pa050_pp0_3_gamma_010__steady,cmaes,85,0.05495556431532963,0.05425676600499663,1.012879468530591
20260717,M1,case_td003_pa050_pp0_3_gamma_010__steady,cmaes,86,0.05495556431532963,0.05425676600499663,1.012879468530591
20260717,M1,case_td003_pa050_pp0_3_gamma_010__steady,cmaes,87,0.05495556431532963,0.05425676600499663,1.012879468530591
20260717,M1,case_td003_pa050_pp0_3_gamma_010__steady,cmaes,88,0.05495556431532963,0.05425676600499663,1.012879468530591
20260717,M1,case_td003_pa050_pp0_3_gamma_010__steady,cmaes,89,0.05495556431532963,0.05425676600499663,1.012879468530591
20260717,M1,case_td003_pa050_pp0_3_gamma_010__steady,cmaes,90,0.05495556431532963,0.05425676600499663,1.012879468530591
20260717,M1,case_td003_pa050_pp0_3_gamma_010__steady,cmaes,91,0.05495556431532963,0.05425676600499663,1.012879468530591
20260717,M1,case_td003_pa050_pp0_3_gamma_010__steady,cmaes,92,0.05495556431532963,0.05425676600499663,1.012879468530591
20260717,M1,case_td003_pa050_pp0_3_gamma_010__steady,cmaes,93,0.05493880777311972,0.05425676600499663,1.012570630694433
20260717,M1,case_td003_pa050_pp0_3_gamma_010__steady,cmaes,94,0.05493880777311972,0.05425676600499663,1.012570630694433
20260717,M1,case_td003_pa050_pp0_3_gamma_010__steady,cmaes,95,0.05493880777311972,0.05425676600499663,1.012570630694433
20260717,M1,case_td003_pa050_pp0_3_gamma_010__steady,cmaes,96,0.05493880777311972,0.05425676600499663,1.012570630694433
20260717,M1,case_td003_pa050_pp0_3_gamma_010__steady,cmaes,97,0.05493880777311972,0.05425676600499663,1.012570630694433
20260717,M1,case_td003_pa050_pp0_3_gamma_010__steady,cmaes,98,0.05493880777311972,0.05425676600499663,1.012570630694433
20260717,M1,case_td003_pa050_pp0_3_gamma_010__steady,cmaes,99,0.05493880777311972,0.05425676600499663,1.012570630694433
20260717,M1,case_td003_pa050_pp0_3_gamma_010__steady,cmaes,100,0.05493880777311972,0.05425676600499663,1.012570630694433
20260717,M1,case_td003_pa050_pp0_3_gamma_010__steady,tpe,1,0.5628434392461068,0.05425676600499663,10.373700474412228
20260717,M1,case_td003_pa050_pp0_3_gamma_010__steady,tpe,2,0.5628434392461068,0.05425676600499663,10.373700474412228
20260717,M1,case_td003_pa050_pp0_3_gamma_010__steady,tpe,3,0.5628434392461068,0.05425676600499663,10.373700474412228
20260717,M1,case_td003_pa050_pp0_3_gamma_010__steady,tpe,4,0.11138711025406546,0.05425676600499663,2.052962578783401
20260717,M1,case_td003_pa050_pp0_3_gamma_010__steady,tpe,5,0.11138711025406546,0.05425676600499663,2.052962578783401
20260717,M1,case_td003_pa050_pp0_3_gamma_010__steady,tpe,6,0.06462440832556486,0.05425676600499663,1.191084782303712
20260717,M1,case_td003_pa050_pp0_3_gamma_010__steady,tpe,7,0.06462440832556486,0.05425676600499663,1.191084782303712
20260717,M1,case_td003_pa050_pp0_3_gamma_010__steady,tpe,8,0.06462440832556486,0.05425676600499663,1.191084782303712
20260717,M1,case_td003_pa050_pp0_3_gamma_010__steady,tpe,9,0.06462440832556486,0.05425676600499663,1.191084782303712
20260717,M1,case_td003_pa050_pp0_3_gamma_010__steady,tpe,10,0.06462440832556486,0.05425676600499663,1.191084782303712
20260717,M1,case_td003_pa050_pp0_3_gamma_010__steady,tpe,11,0.06462440832556486,0.05425676600499663,1.191084782303712
20260717,M1,case_td003_pa050_pp0_3_gamma_010__steady,tpe,12,0.06462440832556486,0.05425676600499663,1.191084782303712
20260717,M1,case_td003_pa050_pp0_3_gamma_010__steady,tpe,13,0.06462440832556486,0.05425676600499663,1.191084782303712
20260717,M1,case_td003_pa050_pp0_3_gamma_010__steady,tpe,14,0.06462440832556486,0.05425676600499663,1.191084782303712
20260717,M1,case_td003_pa050_pp0_3_gamma_010__steady,tpe,15,0.06462440832556486,0.05425676600499663,1.191084782303712
20260717,M1,case_td003_pa050_pp0_3_gamma_010__steady,tpe,16,0.06462440832556486,0.05425676600499663,1.191084782303712
20260717,M1,case_td003_pa050_pp0_3_gamma_010__steady,tpe,17,0.06462440832556486,0.05425676600499663,1.191084782303712
20260717,M1,case_td003_pa050_pp0_3_gamma_010__steady,tpe,18,0.06462440832556486,0.05425676600499663,1.191084782303712
20260717,M1,case_td003_pa050_pp0_3_gamma_010__steady,tpe,19,0.06462440832556486,0.05425676600499663,1.191084782303712
20260717,M1,case_td003_pa050_pp0_3_gamma_010__steady,tpe,20,0.06462440832556486,0.05425676600499663,1.191084782303712
20260717,M1,case_td003_pa050_pp0_3_gamma_010__steady,tpe,21,0.06462440832556486,0.05425676600499663,1.191084782303712
20260717,M1,case_td003_pa050_pp0_3_gamma_010__steady,tpe,22,0.06462440832556486,0.05425676600499663,1.191084782303712
20260717,M1,case_td003_pa050_pp0_3_gamma_010__steady,tpe,23,0.06462440832556486,0.05425676600499663,1.191084782303712
20260717,M1,case_td003_pa050_pp0_3_gamma_010__steady,tpe,24,0.05860056251030821,0.05425676600499663,1.0800599966631175
20260717,M1,case_td003_pa050_pp0_3_gamma_010__steady,tpe,25,0.05860056251030821,0.05425676600499663,1.0800599966631175
20260717,M1,case_td003_pa050_pp0_3_gamma_010__steady,tpe,26,0.05860056251030821,0.05425676600499663,1.0800599966631175
20260717,M1,case_td003_pa050_pp0_3_gamma_010__steady,tpe,27,0.05860056251030821,0.05425676600499663,1.0800599966631175
20260717,M1,case_td003_pa050_pp0_3_gamma_010__steady,tpe,28,0.05860056251030821,0.05425676600499663,1.0800599966631175
20260717,M1,case_td003_pa050_pp0_3_gamma_010__steady,tpe,29,0.05860056251030821,0.05425676600499663,1.0800599966631175
20260717,M1,case_td003_pa050_pp0_3_gamma_010__steady,tpe,30,0.05860056251030821,0.05425676600499663,1.0800599966631175
20260717,M1,case_td003_pa050_pp0_3_gamma_010__steady,tpe,31,0.05860056251030821,0.05425676600499663,1.0800599966631175
20260717,M1,case_td003_pa050_pp0_3_gamma_010__steady,tpe,32,0.05860056251030821,0.05425676600499663,1.0800599966631175
20260717,M1,case_td003_pa050_pp0_3_gamma_010__steady,tpe,33,0.05860056251030821,0.05425676600499663,1.0800599966631175
20260717,M1,case_td003_pa050_pp0_3_gamma_010__steady,tpe,34,0.05860056251030821,0.05425676600499663,1.0800599966631175
20260717,M1,case_td003_pa050_pp0_3_gamma_010__steady,tpe,35,0.05860056251030821,0.05425676600499663,1.0800599966631175
20260717,M1,case_td003_pa050_pp0_3_gamma_010__steady,tpe,36,0.05860056251030821,0.05425676600499663,1.0800599966631175
20260717,M1,case_td003_pa050_pp0_3_gamma_010__steady,tpe,37,0.05848139776068384,0.05425676600499663,1.077863685338307
20260717,M1,case_td003_pa050_pp0_3_gamma_010__steady,tpe,38,0.05848139776068384,0.05425676600499663,1.077863685338307
20260717,M1,case_td003_pa050_pp0_3_gamma_010__steady,tpe,39,0.05848139776068384,0.05425676600499663,1.077863685338307
20260717,M1,case_td003_pa050_pp0_3_gamma_010__steady,tpe,40,0.05848139776068384,0.05425676600499663,1.077863685338307
20260717,M1,case_td003_pa050_pp0_3_gamma_010__steady,tpe,41,0.05848139776068384,0.05425676600499663,1.077863685338307
20260717,M1,case_td003_pa050_pp0_3_gamma_010__steady,tpe,42,0.05848139776068384,0.05425676600499663,1.077863685338307
20260717,M1,case_td003_pa050_pp0_3_gamma_010__steady,tpe,43,0.05848139776068384,0.05425676600499663,1.077863685338307
20260717,M1,case_td003_pa050_pp0_3_gamma_010__steady,tpe,44,0.05848139776068384,0.05425676600499663,1.077863685338307
20260717,M1,case_td003_pa050_pp0_3_gamma_010__steady,tpe,45,0.05848139776068384,0.05425676600499663,1.077863685338307
20260717,M1,case_td003_pa050_pp0_3_gamma_010__steady,tpe,46,0.05848139776068384,0.05425676600499663,1.077863685338307
20260717,M1,case_td003_pa050_pp0_3_gamma_010__steady,tpe,47,0.05848139776068384,0.05425676600499663,1.077863685338307
20260717,M1,case_td003_pa050_pp0_3_gamma_010__steady,tpe,48,0.05848139776068384,0.05425676600499663,1.077863685338307
20260717,M1,case_td003_pa050_pp0_3_gamma_010__steady,tpe,49,0.05848139776068384,0.05425676600499663,1.077863685338307
20260717,M1,case_td003_pa050_pp0_3_gamma_010__steady,tpe,50,0.05848139776068384,0.05425676600499663,1.077863685338307
20260717,M1,case_td003_pa050_pp0_3_gamma_010__steady,tpe,51,0.05848139776068384,0.05425676600499663,1.077863685338307
20260717,M1,case_td003_pa050_pp0_3_gamma_010__steady,tpe,52,0.05848139776068384,0.05425676600499663,1.077863685338307
20260717,M1,case_td003_pa050_pp0_3_gamma_010__steady,tpe,53,0.05848139776068384,0.05425676600499663,1.077863685338307
20260717,M1,case_td003_pa050_pp0_3_gamma_010__steady,tpe,54,0.05848139776068384,0.05425676600499663,1.077863685338307
20260717,M1,case_td003_pa050_pp0_3_gamma_010__steady,tpe,55,0.05848139776068384,0.05425676600499663,1.077863685338307
20260717,M1,case_td003_pa050_pp0_3_gamma_010__steady,tpe,56,0.05848139776068384,0.05425676600499663,1.077863685338307
20260717,M1,case_td003_pa050_pp0_3_gamma_010__steady,tpe,57,0.05848139776068384,0.05425676600499663,1.077863685338307
20260717,M1,case_td003_pa050_pp0_3_gamma_010__steady,tpe,58,0.05848139776068384,0.05425676600499663,1.077863685338307
20260717,M1,case_td003_pa050_pp0_3_gamma_010__steady,tpe,59,0.05848139776068384,0.05425676600499663,1.077863685338307
20260717,M1,case_td003_pa050_pp0_3_gamma_010__steady,tpe,60,0.05848139776068384,0.05425676600499663,1.077863685338307
20260717,M1,case_td003_pa050_pp0_3_gamma_010__steady,tpe,61,0.05848139776068384,0.05425676600499663,1.077863685338307
20260717,M1,case_td003_pa050_pp0_3_gamma_010__steady,tpe,62,0.05848139776068384,0.05425676600499663,1.077863685338307
20260717,M1,case_td003_pa050_pp0_3_gamma_010__steady,tpe,63,0.056632787888874,0.05425676600499663,1.0437921766966087
20260717,M1,case_td003_pa050_pp0_3_gamma_010__steady,tpe,64,0.056632787888874,0.05425676600499663,1.0437921766966087
20260717,M1,case_td003_pa050_pp0_3_gamma_010__steady,tpe,65,0.056632787888874,0.05425676600499663,1.0437921766966087
20260717,M1,case_td003_pa050_pp0_3_gamma_010__steady,tpe,66,0.054842441619538954,0.05425676600499663,1.010794517581243
20260717,M1,case_td003_pa050_pp0_3_gamma_010__steady,tpe,67,0.054842441619538954,0.05425676600499663,1.010794517581243
20260717,M1,case_td003_pa050_pp0_3_gamma_010__steady,tpe,68,0.054842441619538954,0.05425676600499663,1.010794517581243
20260717,M1,case_td003_pa050_pp0_3_gamma_010__steady,tpe,69,0.054842441619538954,0.05425676600499663,1.010794517581243
20260717,M1,case_td003_pa050_pp0_3_gamma_010__steady,tpe,70,0.054842441619538954,0.05425676600499663,1.010794517581243
20260717,M1,case_td003_pa050_pp0_3_gamma_010__steady,tpe,71,0.054842441619538954,0.05425676600499663,1.010794517581243
20260717,M1,case_td003_pa050_pp0_3_gamma_010__steady,tpe,72,0.054842441619538954,0.05425676600499663,1.010794517581243
20260717,M1,case_td003_pa050_pp0_3_gamma_010__steady,tpe,73,0.054842441619538954,0.05425676600499663,1.010794517581243
20260717,M1,case_td003_pa050_pp0_3_gamma_010__steady,tpe,74,0.054842441619538954,0.05425676600499663,1.010794517581243
20260717,M1,case_td003_pa050_pp0_3_gamma_010__steady,tpe,75,0.054842441619538954,0.05425676600499663,1.010794517581243
20260717,M1,case_td003_pa050_pp0_3_gamma_010__steady,tpe,76,0.054842441619538954,0.05425676600499663,1.010794517581243
20260717,M1,case_td003_pa050_pp0_3_gamma_010__steady,tpe,77,0.054842441619538954,0.05425676600499663,1.010794517581243
20260717,M1,case_td003_pa050_pp0_3_gamma_010__steady,tpe,78,0.054842441619538954,0.05425676600499663,1.010794517581243
20260717,M1,case_td003_pa050_pp0_3_gamma_010__steady,tpe,79,0.054842441619538954,0.05425676600499663,1.010794517581243
20260717,M1,case_td003_pa050_pp0_3_gamma_010__steady,tpe,80,0.054842441619538954,0.05425676600499663,1.010794517581243
20260717,M1,case_td003_pa050_pp0_3_gamma_010__steady,tpe,81,0.054842441619538954,0.05425676600499663,1.010794517581243
20260717,M1,case_td003_pa050_pp0_3_gamma_010__steady,tpe,82,0.054842441619538954,0.05425676600499663,1.010794517581243
20260717,M1,case_td003_pa050_pp0_3_gamma_010__steady,tpe,83,0.054842441619538954,0.05425676600499663,1.010794517581243
20260717,M1,case_td003_pa050_pp0_3_gamma_010__steady,tpe,84,0.054842441619538954,0.05425676600499663,1.010794517581243
20260717,M1,case_td003_pa050_pp0_3_gamma_010__steady,tpe,85,0.054842441619538954,0.05425676600499663,1.010794517581243
20260717,M1,case_td003_pa050_pp0_3_gamma_010__steady,tpe,86,0.054842441619538954,0.05425676600499663,1.010794517581243
20260717,M1,case_td003_pa050_pp0_3_gamma_010__steady,tpe,87,0.054842441619538954,0.05425676600499663,1.010794517581243
20260717,M1,case_td003_pa050_pp0_3_gamma_010__steady,tpe,88,0.054842441619538954,0.05425676600499663,1.010794517581243
20260717,M1,case_td003_pa050_pp0_3_gamma_010__steady,tpe,89,0.054842441619538954,0.05425676600499663,1.010794517581243
20260717,M1,case_td003_pa050_pp0_3_gamma_010__steady,tpe,90,0.054842441619538954,0.05425676600499663,1.010794517581243
20260717,M1,case_td003_pa050_pp0_3_gamma_010__steady,tpe,91,0.054842441619538954,0.05425676600499663,1.010794517581243
20260717,M1,case_td003_pa050_pp0_3_gamma_010__steady,tpe,92,0.054842441619538954,0.05425676600499663,1.010794517581243
20260717,M1,case_td003_pa050_pp0_3_gamma_010__steady,tpe,93,0.054842441619538954,0.05425676600499663,1.010794517581243
20260717,M1,case_td003_pa050_pp0_3_gamma_010__steady,tpe,94,0.054842441619538954,0.05425676600499663,1.010794517581243
20260717,M1,case_td003_pa050_pp0_3_gamma_010__steady,tpe,95,0.054842441619538954,0.05425676600499663,1.010794517581243
20260717,M1,case_td003_pa050_pp0_3_gamma_010__steady,tpe,96,0.054842441619538954,0.05425676600499663,1.010794517581243
20260717,M1,case_td003_pa050_pp0_3_gamma_010__steady,tpe,97,0.054842441619538954,0.05425676600499663,1.010794517581243
20260717,M1,case_td003_pa050_pp0_3_gamma_010__steady,tpe,98,0.054842441619538954,0.05425676600499663,1.010794517581243
20260717,M1,case_td003_pa050_pp0_3_gamma_010__steady,tpe,99,0.054842441619538954,0.05425676600499663,1.010794517581243
20260717,M1,case_td003_pa050_pp0_3_gamma_010__steady,tpe,100,0.054842441619538954,0.05425676600499663,1.010794517581243
20260717,M1,case_td003_pa050_pp0_3_gamma_010__steady,random,1,0.5628434392461068,0.05425676600499663,10.373700474412228
20260717,M1,case_td003_pa050_pp0_3_gamma_010__steady,random,2,0.11953036608380183,0.05425676600499663,2.20304995828159
20260717,M1,case_td003_pa050_pp0_3_gamma_010__steady,random,3,0.11953036608380183,0.05425676600499663,2.20304995828159
20260717,M1,case_td003_pa050_pp0_3_gamma_010__steady,random,4,0.11824892166040743,0.05425676600499663,2.1794318085511697
20260717,M1,case_td003_pa050_pp0_3_gamma_010__steady,random,5,0.11824892166040743,0.05425676600499663,2.1794318085511697
20260717,M1,case_td003_pa050_pp0_3_gamma_010__steady,random,6,0.11824892166040743,0.05425676600499663,2.1794318085511697
20260717,M1,case_td003_pa050_pp0_3_gamma_010__steady,random,7,0.11824892166040743,0.05425676600499663,2.1794318085511697
20260717,M1,case_td003_pa050_pp0_3_gamma_010__steady,random,8,0.11824892166040743,0.05425676600499663,2.1794318085511697
20260717,M1,case_td003_pa050_pp0_3_gamma_010__steady,random,9,0.11824892166040743,0.05425676600499663,2.1794318085511697
20260717,M1,case_td003_pa050_pp0_3_gamma_010__steady,random,10,0.11824892166040743,0.05425676600499663,2.1794318085511697
20260717,M1,case_td003_pa050_pp0_3_gamma_010__steady,random,11,0.11824892166040743,0.05425676600499663,2.1794318085511697
20260717,M1,case_td003_pa050_pp0_3_gamma_010__steady,random,12,0.11824892166040743,0.05425676600499663,2.1794318085511697
20260717,M1,case_td003_pa050_pp0_3_gamma_010__steady,random,13,0.11824892166040743,0.05425676600499663,2.1794318085511697
20260717,M1,case_td003_pa050_pp0_3_gamma_010__steady,random,14,0.11824892166040743,0.05425676600499663,2.1794318085511697
20260717,M1,case_td003_pa050_pp0_3_gamma_010__steady,random,15,0.11824892166040743,0.05425676600499663,2.1794318085511697
20260717,M1,case_td003_pa050_pp0_3_gamma_010__steady,random,16,0.11824892166040743,0.05425676600499663,2.1794318085511697
20260717,M1,case_td003_pa050_pp0_3_gamma_010__steady,random,17,0.11824892166040743,0.05425676600499663,2.1794318085511697
20260717,M1,case_td003_pa050_pp0_3_gamma_010__steady,random,18,0.06916666630738998,0.05425676600499663,1.2748025988320102
20260717,M1,case_td003_pa050_pp0_3_gamma_010__steady,random,19,0.06916666630738998,0.05425676600499663,1.2748025988320102
20260717,M1,case_td003_pa050_pp0_3_gamma_010__steady,random,20,0.06916666630738998,0.05425676600499663,1.2748025988320102
20260717,M1,case_td003_pa050_pp0_3_gamma_010__steady,random,21,0.05579193848069671,0.05425676600499663,1.0282945812796638
20260717,M1,case_td003_pa050_pp0_3_gamma_010__steady,random,22,0.05579193848069671,0.05425676600499663,1.0282945812796638
20260717,M1,case_td003_pa050_pp0_3_gamma_010__steady,random,23,0.05579193848069671,0.05425676600499663,1.0282945812796638
20260717,M1,case_td003_pa050_pp0_3_gamma_010__steady,random,24,0.05579193848069671,0.05425676600499663,1.0282945812796638
20260717,M1,case_td003_pa050_pp0_3_gamma_010__steady,random,25,0.05579193848069671,0.05425676600499663,1.0282945812796638
20260717,M1,case_td003_pa050_pp0_3_gamma_010__steady,random,26,0.05579193848069671,0.05425676600499663,1.0282945812796638
20260717,M1,case_td003_pa050_pp0_3_gamma_010__steady,random,27,0.05579193848069671,0.05425676600499663,1.0282945812796638
20260717,M1,case_td003_pa050_pp0_3_gamma_010__steady,random,28,0.05579193848069671,0.05425676600499663,1.0282945812796638
20260717,M1,case_td003_pa050_pp0_3_gamma_010__steady,random,29,0.05579193848069671,0.05425676600499663,1.0282945812796638
20260717,M1,case_td003_pa050_pp0_3_gamma_010__steady,random,30,0.05579193848069671,0.05425676600499663,1.0282945812796638
20260717,M1,case_td003_pa050_pp0_3_gamma_010__steady,random,31,0.05579193848069671,0.05425676600499663,1.0282945812796638
20260717,M1,case_td003_pa050_pp0_3_gamma_010__steady,random,32,0.05579193848069671,0.05425676600499663,1.0282945812796638
20260717,M1,case_td003_pa050_pp0_3_gamma_010__steady,random,33,0.05579193848069671,0.05425676600499663,1.0282945812796638
20260717,M1,case_td003_pa050_pp0_3_gamma_010__steady,random,34,0.05579193848069671,0.05425676600499663,1.0282945812796638
20260717,M1,case_td003_pa050_pp0_3_gamma_010__steady,random,35,0.05579193848069671,0.05425676600499663,1.0282945812796638
20260717,M1,case_td003_pa050_pp0_3_gamma_010__steady,random,36,0.05579193848069671,0.05425676600499663,1.0282945812796638
20260717,M1,case_td003_pa050_pp0_3_gamma_010__steady,random,37,0.05579193848069671,0.05425676600499663,1.0282945812796638
20260717,M1,case_td003_pa050_pp0_3_gamma_010__steady,random,38,0.05579193848069671,0.05425676600499663,1.0282945812796638
20260717,M1,case_td003_pa050_pp0_3_gamma_010__steady,random,39,0.05579193848069671,0.05425676600499663,1.0282945812796638
20260717,M1,case_td003_pa050_pp0_3_gamma_010__steady,random,40,0.05579193848069671,0.05425676600499663,1.0282945812796638
20260717,M1,case_td003_pa050_pp0_3_gamma_010__steady,random,41,0.05579193848069671,0.05425676600499663,1.0282945812796638
20260717,M1,case_td003_pa050_pp0_3_gamma_010__steady,random,42,0.05579193848069671,0.05425676600499663,1.0282945812796638
20260717,M1,case_td003_pa050_pp0_3_gamma_010__steady,random,43,0.05579193848069671,0.05425676600499663,1.0282945812796638
20260717,M1,case_td003_pa050_pp0_3_gamma_010__steady,random,44,0.05579193848069671,0.05425676600499663,1.0282945812796638
20260717,M1,case_td003_pa050_pp0_3_gamma_010__steady,random,45,0.05579193848069671,0.05425676600499663,1.0282945812796638
20260717,M1,case_td003_pa050_pp0_3_gamma_010__steady,random,46,0.05579193848069671,0.05425676600499663,1.0282945812796638
20260717,M1,case_td003_pa050_pp0_3_gamma_010__steady,random,47,0.05579193848069671,0.05425676600499663,1.0282945812796638
20260717,M1,case_td003_pa050_pp0_3_gamma_010__steady,random,48,0.05579193848069671,0.05425676600499663,1.0282945812796638
20260717,M1,case_td003_pa050_pp0_3_gamma_010__steady,random,49,0.05579193848069671,0.05425676600499663,1.0282945812796638
20260717,M1,case_td003_pa050_pp0_3_gamma_010__steady,random,50,0.05579193848069671,0.05425676600499663,1.0282945812796638
20260717,M1,case_td003_pa050_pp0_3_gamma_010__steady,random,51,0.05579193848069671,0.05425676600499663,1.0282945812796638
20260717,M1,case_td003_pa050_pp0_3_gamma_010__steady,random,52,0.05579193848069671,0.05425676600499663,1.0282945812796638
20260717,M1,case_td003_pa050_pp0_3_gamma_010__steady,random,53,0.05579193848069671,0.05425676600499663,1.0282945812796638
20260717,M1,case_td003_pa050_pp0_3_gamma_010__steady,random,54,0.05579193848069671,0.05425676600499663,1.0282945812796638
20260717,M1,case_td003_pa050_pp0_3_gamma_010__steady,random,55,0.05579193848069671,0.05425676600499663,1.0282945812796638
20260717,M1,case_td003_pa050_pp0_3_gamma_010__steady,random,56,0.05579193848069671,0.05425676600499663,1.0282945812796638
20260717,M1,case_td003_pa050_pp0_3_gamma_010__steady,random,57,0.05579193848069671,0.05425676600499663,1.0282945812796638
20260717,M1,case_td003_pa050_pp0_3_gamma_010__steady,random,58,0.05579193848069671,0.05425676600499663,1.0282945812796638
20260717,M1,case_td003_pa050_pp0_3_gamma_010__steady,random,59,0.05579193848069671,0.05425676600499663,1.0282945812796638
20260717,M1,case_td003_pa050_pp0_3_gamma_010__steady,random,60,0.05579193848069671,0.05425676600499663,1.0282945812796638
20260717,M1,case_td003_pa050_pp0_3_gamma_010__steady,random,61,0.05579193848069671,0.05425676600499663,1.0282945812796638
20260717,M1,case_td003_pa050_pp0_3_gamma_010__steady,random,62,0.05579193848069671,0.05425676600499663,1.0282945812796638
20260717,M1,case_td003_pa050_pp0_3_gamma_010__steady,random,63,0.05579193848069671,0.05425676600499663,1.0282945812796638
20260717,M1,case_td003_pa050_pp0_3_gamma_010__steady,random,64,0.05579193848069671,0.05425676600499663,1.0282945812796638
20260717,M1,case_td003_pa050_pp0_3_gamma_010__steady,random,65,0.05579193848069671,0.05425676600499663,1.0282945812796638
20260717,M1,case_td003_pa050_pp0_3_gamma_010__steady,random,66,0.05579193848069671,0.05425676600499663,1.0282945812796638
20260717,M1,case_td003_pa050_pp0_3_gamma_010__steady,random,67,0.05579193848069671,0.05425676600499663,1.0282945812796638
20260717,M1,case_td003_pa050_pp0_3_gamma_010__steady,random,68,0.05579193848069671,0.05425676600499663,1.0282945812796638
20260717,M1,case_td003_pa050_pp0_3_gamma_010__steady,random,69,0.05579193848069671,0.05425676600499663,1.0282945812796638
20260717,M1,case_td003_pa050_pp0_3_gamma_010__steady,random,70,0.05579193848069671,0.05425676600499663,1.0282945812796638
20260717,M1,case_td003_pa050_pp0_3_gamma_010__steady,random,71,0.05579193848069671,0.05425676600499663,1.0282945812796638
20260717,M1,case_td003_pa050_pp0_3_gamma_010__steady,random,72,0.05579193848069671,0.05425676600499663,1.0282945812796638
20260717,M1,case_td003_pa050_pp0_3_gamma_010__steady,random,73,0.05579193848069671,0.05425676600499663,1.0282945812796638
20260717,M1,case_td003_pa050_pp0_3_gamma_010__steady,random,74,0.05579193848069671,0.05425676600499663,1.0282945812796638
20260717,M1,case_td003_pa050_pp0_3_gamma_010__steady,random,75,0.05579193848069671,0.05425676600499663,1.0282945812796638
20260717,M1,case_td003_pa050_pp0_3_gamma_010__steady,random,76,0.05579193848069671,0.05425676600499663,1.0282945812796638
20260717,M1,case_td003_pa050_pp0_3_gamma_010__steady,random,77,0.05579193848069671,0.05425676600499663,1.0282945812796638
20260717,M1,case_td003_pa050_pp0_3_gamma_010__steady,random,78,0.05579193848069671,0.05425676600499663,1.0282945812796638
20260717,M1,case_td003_pa050_pp0_3_gamma_010__steady,random,79,0.05579193848069671,0.05425676600499663,1.0282945812796638
20260717,M1,case_td003_pa050_pp0_3_gamma_010__steady,random,80,0.05579193848069671,0.05425676600499663,1.0282945812796638
20260717,M1,case_td003_pa050_pp0_3_gamma_010__steady,random,81,0.05579193848069671,0.05425676600499663,1.0282945812796638
20260717,M1,case_td003_pa050_pp0_3_gamma_010__steady,random,82,0.05579193848069671,0.05425676600499663,1.0282945812796638
20260717,M1,case_td003_pa050_pp0_3_gamma_010__steady,random,83,0.05579193848069671,0.05425676600499663,1.0282945812796638
20260717,M1,case_td003_pa050_pp0_3_gamma_010__steady,random,84,0.05579193848069671,0.05425676600499663,1.0282945812796638
20260717,M1,case_td003_pa050_pp0_3_gamma_010__steady,random,85,0.05579193848069671,0.05425676600499663,1.0282945812796638
20260717,M1,case_td003_pa050_pp0_3_gamma_010__steady,random,86,0.05579193848069671,0.05425676600499663,1.0282945812796638
20260717,M1,case_td003_pa050_pp0_3_gamma_010__steady,random,87,0.05579193848069671,0.05425676600499663,1.0282945812796638
20260717,M1,case_td003_pa050_pp0_3_gamma_010__steady,random,88,0.05579193848069671,0.05425676600499663,1.0282945812796638
20260717,M1,case_td003_pa050_pp0_3_gamma_010__steady,random,89,0.05579193848069671,0.05425676600499663,1.0282945812796638
20260717,M1,case_td003_pa050_pp0_3_gamma_010__steady,random,90,0.05579193848069671,0.05425676600499663,1.0282945812796638
20260717,M1,case_td003_pa050_pp0_3_gamma_010__steady,random,91,0.05579193848069671,0.05425676600499663,1.0282945812796638
20260717,M1,case_td003_pa050_pp0_3_gamma_010__steady,random,92,0.05579193848069671,0.05425676600499663,1.0282945812796638
20260717,M1,case_td003_pa050_pp0_3_gamma_010__steady,random,93,0.05579193848069671,0.05425676600499663,1.0282945812796638
20260717,M1,case_td003_pa050_pp0_3_gamma_010__steady,random,94,0.05579193848069671,0.05425676600499663,1.0282945812796638
20260717,M1,case_td003_pa050_pp0_3_gamma_010__steady,random,95,0.05579193848069671,0.05425676600499663,1.0282945812796638
20260717,M1,case_td003_pa050_pp0_3_gamma_010__steady,random,96,0.05579193848069671,0.05425676600499663,1.0282945812796638
20260717,M1,case_td003_pa050_pp0_3_gamma_010__steady,random,97,0.05579193848069671,0.05425676600499663,1.0282945812796638
20260717,M1,case_td003_pa050_pp0_3_gamma_010__steady,random,98,0.05579193848069671,0.05425676600499663,1.0282945812796638
20260717,M1,case_td003_pa050_pp0_3_gamma_010__steady,random,99,0.05579193848069671,0.05425676600499663,1.0282945812796638
20260717,M1,case_td003_pa050_pp0_3_gamma_010__steady,random,100,0.05579193848069671,0.05425676600499663,1.0282945812796638
20260717,M2,case_td016_pp0_1_gamma_007__steady,cmaes,1,1.7278961645927335,0.04631699798266529,37.305875593220016
20260717,M2,case_td016_pp0_1_gamma_007__steady,cmaes,2,1.7278961645927335,0.04631699798266529,37.305875593220016
20260717,M2,case_td016_pp0_1_gamma_007__steady,cmaes,3,1.7278961645927335,0.04631699798266529,37.305875593220016
20260717,M2,case_td016_pp0_1_gamma_007__steady,cmaes,4,1.1792277993101306,0.04631699798266529,25.459935891170478
20260717,M2,case_td016_pp0_1_gamma_007__steady,cmaes,5,0.31005563444644174,0.04631699798266529,6.694208345767226
20260717,M2,case_td016_pp0_1_gamma_007__steady,cmaes,6,0.31005563444644174,0.04631699798266529,6.694208345767226
20260717,M2,case_td016_pp0_1_gamma_007__steady,cmaes,7,0.31005563444644174,0.04631699798266529,6.694208345767226
20260717,M2,case_td016_pp0_1_gamma_007__steady,cmaes,8,0.31005563444644174,0.04631699798266529,6.694208345767226
20260717,M2,case_td016_pp0_1_gamma_007__steady,cmaes,9,0.31005563444644174,0.04631699798266529,6.694208345767226
20260717,M2,case_td016_pp0_1_gamma_007__steady,cmaes,10,0.31005563444644174,0.04631699798266529,6.694208345767226
20260717,M2,case_td016_pp0_1_gamma_007__steady,cmaes,11,0.31005563444644174,0.04631699798266529,6.694208345767226
20260717,M2,case_td016_pp0_1_gamma_007__steady,cmaes,12,0.15440361275346728,0.04631699798266529,3.33362738257032
20260717,M2,case_td016_pp0_1_gamma_007__steady,cmaes,13,0.15440361275346728,0.04631699798266529,3.33362738257032
20260717,M2,case_td016_pp0_1_gamma_007__steady,cmaes,14,0.15440361275346728,0.04631699798266529,3.33362738257032
20260717,M2,case_td016_pp0_1_gamma_007__steady,cmaes,15,0.15440361275346728,0.04631699798266529,3.33362738257032
20260717,M2,case_td016_pp0_1_gamma_007__steady,cmaes,16,0.15440361275346728,0.04631699798266529,3.33362738257032
20260717,M2,case_td016_pp0_1_gamma_007__steady,cmaes,17,0.15440361275346728,0.04631699798266529,3.33362738257032
20260717,M2,case_td016_pp0_1_gamma_007__steady,cmaes,18,0.15440361275346728,0.04631699798266529,3.33362738257032
20260717,M2,case_td016_pp0_1_gamma_007__steady,cmaes,19,0.15440361275346728,0.04631699798266529,3.33362738257032
20260717,M2,case_td016_pp0_1_gamma_007__steady,cmaes,20,0.15440361275346728,0.04631699798266529,3.33362738257032
20260717,M2,case_td016_pp0_1_gamma_007__steady,cmaes,21,0.15440361275346728,0.04631699798266529,3.33362738257032
20260717,M2,case_td016_pp0_1_gamma_007__steady,cmaes,22,0.15440361275346728,0.04631699798266529,3.33362738257032
20260717,M2,case_td016_pp0_1_gamma_007__steady,cmaes,23,0.15440361275346728,0.04631699798266529,3.33362738257032
20260717,M2,case_td016_pp0_1_gamma_007__steady,cmaes,24,0.15440361275346728,0.04631699798266529,3.33362738257032
20260717,M2,case_td016_pp0_1_gamma_007__steady,cmaes,25,0.15440361275346728,0.04631699798266529,3.33362738257032
20260717,M2,case_td016_pp0_1_gamma_007__steady,cmaes,26,0.15440361275346728,0.04631699798266529,3.33362738257032
20260717,M2,case_td016_pp0_1_gamma_007__steady,cmaes,27,0.15440361275346728,0.04631699798266529,3.33362738257032
20260717,M2,case_td016_pp0_1_gamma_007__steady,cmaes,28,0.04856812132162586,0.04631699798266529,1.0486025311874287
20260717,M2,case_td016_pp0_1_gamma_007__steady,cmaes,29,0.04856812132162586,0.04631699798266529,1.0486025311874287
20260717,M2,case_td016_pp0_1_gamma_007__steady,cmaes,30,0.04856812132162586,0.04631699798266529,1.0486025311874287
20260717,M2,case_td016_pp0_1_gamma_007__steady,cmaes,31,0.04856812132162586,0.04631699798266529,1.0486025311874287
20260717,M2,case_td016_pp0_1_gamma_007__steady,cmaes,32,0.04856812132162586,0.04631699798266529,1.0486025311874287
20260717,M2,case_td016_pp0_1_gamma_007__steady,cmaes,33,0.04856812132162586,0.04631699798266529,1.0486025311874287
20260717,M2,case_td016_pp0_1_gamma_007__steady,cmaes,34,0.04856812132162586,0.04631699798266529,1.0486025311874287
20260717,M2,case_td016_pp0_1_gamma_007__steady,cmaes,35,0.04856812132162586,0.04631699798266529,1.0486025311874287
20260717,M2,case_td016_pp0_1_gamma_007__steady,cmaes,36,0.04856812132162586,0.04631699798266529,1.0486025311874287
20260717,M2,case_td016_pp0_1_gamma_007__steady,cmaes,37,0.04856812132162586,0.04631699798266529,1.0486025311874287
20260717,M2,case_td016_pp0_1_gamma_007__steady,cmaes,38,0.04856812132162586,0.04631699798266529,1.0486025311874287
20260717,M2,case_td016_pp0_1_gamma_007__steady,cmaes,39,0.04856812132162586,0.04631699798266529,1.0486025311874287
20260717,M2,case_td016_pp0_1_gamma_007__steady,cmaes,40,0.04283713961590478,0.04631699798266529,0.924868654741767
20260717,M2,case_td016_pp0_1_gamma_007__steady,cmaes,41,0.04283713961590478,0.04631699798266529,0.924868654741767
20260717,M2,case_td016_pp0_1_gamma_007__steady,cmaes,42,0.04283713961590478,0.04631699798266529,0.924868654741767
20260717,M2,case_td016_pp0_1_gamma_007__steady,cmaes,43,0.04283713961590478,0.04631699798266529,0.924868654741767
20260717,M2,case_td016_pp0_1_gamma_007__steady,cmaes,44,0.04283713961590478,0.04631699798266529,0.924868654741767
20260717,M2,case_td016_pp0_1_gamma_007__steady,cmaes,45,0.04283713961590478,0.04631699798266529,0.924868654741767
20260717,M2,case_td016_pp0_1_gamma_007__steady,cmaes,46,0.04283713961590478,0.04631699798266529,0.924868654741767
20260717,M2,case_td016_pp0_1_gamma_007__steady,cmaes,47,0.04283713961590478,0.04631699798266529,0.924868654741767
20260717,M2,case_td016_pp0_1_gamma_007__steady,cmaes,48,0.04283713961590478,0.04631699798266529,0.924868654741767
20260717,M2,case_td016_pp0_1_gamma_007__steady,cmaes,49,0.04283713961590478,0.04631699798266529,0.924868654741767
20260717,M2,case_td016_pp0_1_gamma_007__steady,cmaes,50,0.04283713961590478,0.04631699798266529,0.924868654741767
20260717,M2,case_td016_pp0_1_gamma_007__steady,cmaes,51,0.04283713961590478,0.04631699798266529,0.924868654741767
20260717,M2,case_td016_pp0_1_gamma_007__steady,cmaes,52,0.04283713961590478,0.04631699798266529,0.924868654741767
20260717,M2,case_td016_pp0_1_gamma_007__steady,cmaes,53,0.04283713961590478,0.04631699798266529,0.924868654741767
20260717,M2,case_td016_pp0_1_gamma_007__steady,cmaes,54,0.04283713961590478,0.04631699798266529,0.924868654741767
20260717,M2,case_td016_pp0_1_gamma_007__steady,cmaes,55,0.04283713961590478,0.04631699798266529,0.924868654741767
20260717,M2,case_td016_pp0_1_gamma_007__steady,cmaes,56,0.04283713961590478,0.04631699798266529,0.924868654741767
20260717,M2,case_td016_pp0_1_gamma_007__steady,cmaes,57,0.04283713961590478,0.04631699798266529,0.924868654741767
20260717,M2,case_td016_pp0_1_gamma_007__steady,cmaes,58,0.04283713961590478,0.04631699798266529,0.924868654741767
20260717,M2,case_td016_pp0_1_gamma_007__steady,cmaes,59,0.04283713961590478,0.04631699798266529,0.924868654741767
20260717,M2,case_td016_pp0_1_gamma_007__steady,cmaes,60,0.04283713961590478,0.04631699798266529,0.924868654741767
20260717,M2,case_td016_pp0_1_gamma_007__steady,cmaes,61,0.04283713961590478,0.04631699798266529,0.924868654741767
20260717,M2,case_td016_pp0_1_gamma_007__steady,cmaes,62,0.04283713961590478,0.04631699798266529,0.924868654741767
20260717,M2,case_td016_pp0_1_gamma_007__steady,cmaes,63,0.04283713961590478,0.04631699798266529,0.924868654741767
20260717,M2,case_td016_pp0_1_gamma_007__steady,cmaes,64,0.04283713961590478,0.04631699798266529,0.924868654741767
20260717,M2,case_td016_pp0_1_gamma_007__steady,cmaes,65,0.04283713961590478,0.04631699798266529,0.924868654741767
20260717,M2,case_td016_pp0_1_gamma_007__steady,cmaes,66,0.04258771753567274,0.04631699798266529,0.9194835457948229
20260717,M2,case_td016_pp0_1_gamma_007__steady,cmaes,67,0.04258771753567274,0.04631699798266529,0.9194835457948229
20260717,M2,case_td016_pp0_1_gamma_007__steady,cmaes,68,0.04258771753567274,0.04631699798266529,0.9194835457948229
20260717,M2,case_td016_pp0_1_gamma_007__steady,cmaes,69,0.04258771753567274,0.04631699798266529,0.9194835457948229
20260717,M2,case_td016_pp0_1_gamma_007__steady,cmaes,70,0.04258771753567274,0.04631699798266529,0.9194835457948229
20260717,M2,case_td016_pp0_1_gamma_007__steady,cmaes,71,0.04258771753567274,0.04631699798266529,0.9194835457948229
20260717,M2,case_td016_pp0_1_gamma_007__steady,cmaes,72,0.04258771753567274,0.04631699798266529,0.9194835457948229
20260717,M2,case_td016_pp0_1_gamma_007__steady,cmaes,73,0.04258771753567274,0.04631699798266529,0.9194835457948229
20260717,M2,case_td016_pp0_1_gamma_007__steady,cmaes,74,0.04258771753567274,0.04631699798266529,0.9194835457948229
20260717,M2,case_td016_pp0_1_gamma_007__steady,cmaes,75,0.04258771753567274,0.04631699798266529,0.9194835457948229
20260717,M2,case_td016_pp0_1_gamma_007__steady,cmaes,76,0.04258771753567274,0.04631699798266529,0.9194835457948229
20260717,M2,case_td016_pp0_1_gamma_007__steady,cmaes,77,0.04258771753567274,0.04631699798266529,0.9194835457948229
20260717,M2,case_td016_pp0_1_gamma_007__steady,cmaes,78,0.04258771753567274,0.04631699798266529,0.9194835457948229
20260717,M2,case_td016_pp0_1_gamma_007__steady,cmaes,79,0.04258771753567274,0.04631699798266529,0.9194835457948229
20260717,M2,case_td016_pp0_1_gamma_007__steady,cmaes,80,0.04258771753567274,0.04631699798266529,0.9194835457948229
20260717,M2,case_td016_pp0_1_gamma_007__steady,cmaes,81,0.04258771753567274,0.04631699798266529,0.9194835457948229
20260717,M2,case_td016_pp0_1_gamma_007__steady,cmaes,82,0.04258771753567274,0.04631699798266529,0.9194835457948229
20260717,M2,case_td016_pp0_1_gamma_007__steady,cmaes,83,0.04258771753567274,0.04631699798266529,0.9194835457948229
20260717,M2,case_td016_pp0_1_gamma_007__steady,cmaes,84,0.04258771753567274,0.04631699798266529,0.9194835457948229
20260717,M2,case_td016_pp0_1_gamma_007__steady,cmaes,85,0.04258771753567274,0.04631699798266529,0.9194835457948229
20260717,M2,case_td016_pp0_1_gamma_007__steady,cmaes,86,0.04258771753567274,0.04631699798266529,0.9194835457948229
20260717,M2,case_td016_pp0_1_gamma_007__steady,cmaes,87,0.04258771753567274,0.04631699798266529,0.9194835457948229
20260717,M2,case_td016_pp0_1_gamma_007__steady,cmaes,88,0.04258771753567274,0.04631699798266529,0.9194835457948229
20260717,M2,case_td016_pp0_1_gamma_007__steady,cmaes,89,0.04258771753567274,0.04631699798266529,0.9194835457948229
20260717,M2,case_td016_pp0_1_gamma_007__steady,cmaes,90,0.04258771753567274,0.04631699798266529,0.9194835457948229
20260717,M2,case_td016_pp0_1_gamma_007__steady,cmaes,91,0.04258771753567274,0.04631699798266529,0.9194835457948229
20260717,M2,case_td016_pp0_1_gamma_007__steady,cmaes,92,0.04258771753567274,0.04631699798266529,0.9194835457948229
20260717,M2,case_td016_pp0_1_gamma_007__steady,cmaes,93,0.04258771753567274,0.04631699798266529,0.9194835457948229
20260717,M2,case_td016_pp0_1_gamma_007__steady,cmaes,94,0.04258771753567274,0.04631699798266529,0.9194835457948229
20260717,M2,case_td016_pp0_1_gamma_007__steady,cmaes,95,0.04258771753567274,0.04631699798266529,0.9194835457948229
20260717,M2,case_td016_pp0_1_gamma_007__steady,cmaes,96,0.04258771753567274,0.04631699798266529,0.9194835457948229
20260717,M2,case_td016_pp0_1_gamma_007__steady,cmaes,97,0.04258771753567274,0.04631699798266529,0.9194835457948229
20260717,M2,case_td016_pp0_1_gamma_007__steady,cmaes,98,0.04258771753567274,0.04631699798266529,0.9194835457948229
20260717,M2,case_td016_pp0_1_gamma_007__steady,cmaes,99,0.04258771753567274,0.04631699798266529,0.9194835457948229
20260717,M2,case_td016_pp0_1_gamma_007__steady,cmaes,100,0.04258771753567274,0.04631699798266529,0.9194835457948229
20260717,M2,case_td016_pp0_1_gamma_007__steady,tpe,1,1.7278961645927335,0.04631699798266529,37.305875593220016
20260717,M2,case_td016_pp0_1_gamma_007__steady,tpe,2,1.7278961645927335,0.04631699798266529,37.305875593220016
20260717,M2,case_td016_pp0_1_gamma_007__steady,tpe,3,1.7278961645927335,0.04631699798266529,37.305875593220016
20260717,M2,case_td016_pp0_1_gamma_007__steady,tpe,4,0.5876809531361809,0.04631699798266529,12.688234961949126
20260717,M2,case_td016_pp0_1_gamma_007__steady,tpe,5,0.22752005565573025,0.04631699798266529,4.912236663975555
20260717,M2,case_td016_pp0_1_gamma_007__steady,tpe,6,0.22752005565573025,0.04631699798266529,4.912236663975555
20260717,M2,case_td016_pp0_1_gamma_007__steady,tpe,7,0.22752005565573025,0.04631699798266529,4.912236663975555
20260717,M2,case_td016_pp0_1_gamma_007__steady,tpe,8,0.22752005565573025,0.04631699798266529,4.912236663975555
20260717,M2,case_td016_pp0_1_gamma_007__steady,tpe,9,0.22752005565573025,0.04631699798266529,4.912236663975555
20260717,M2,case_td016_pp0_1_gamma_007__steady,tpe,10,0.22752005565573025,0.04631699798266529,4.912236663975555
20260717,M2,case_td016_pp0_1_gamma_007__steady,tpe,11,0.22752005565573025,0.04631699798266529,4.912236663975555
20260717,M2,case_td016_pp0_1_gamma_007__steady,tpe,12,0.22752005565573025,0.04631699798266529,4.912236663975555
20260717,M2,case_td016_pp0_1_gamma_007__steady,tpe,13,0.22752005565573025,0.04631699798266529,4.912236663975555
20260717,M2,case_td016_pp0_1_gamma_007__steady,tpe,14,0.22752005565573025,0.04631699798266529,4.912236663975555
20260717,M2,case_td016_pp0_1_gamma_007__steady,tpe,15,0.22752005565573025,0.04631699798266529,4.912236663975555
20260717,M2,case_td016_pp0_1_gamma_007__steady,tpe,16,0.14551403484820494,0.04631699798266529,3.1416983221292836
20260717,M2,case_td016_pp0_1_gamma_007__steady,tpe,17,0.1449816733305624,0.04631699798266529,3.1302044529056823
20260717,M2,case_td016_pp0_1_gamma_007__steady,tpe,18,0.1449816733305624,0.04631699798266529,3.1302044529056823
20260717,M2,case_td016_pp0_1_gamma_007__steady,tpe,19,0.0742292417383829,0.04631699798266529,1.6026349930141006
20260717,M2,case_td016_pp0_1_gamma_007__steady,tpe,20,0.0742292417383829,0.04631699798266529,1.6026349930141006
20260717,M2,case_td016_pp0_1_gamma_007__steady,tpe,21,0.04669629422102666,0.04631699798266529,1.0081891369234104
20260717,M2,case_td016_pp0_1_gamma_007__steady,tpe,22,0.04669629422102666,0.04631699798266529,1.0081891369234104
20260717,M2,case_td016_pp0_1_gamma_007__steady,tpe,23,0.04467389409952668,0.04631699798266529,0.964524819079303
20260717,M2,case_td016_pp0_1_gamma_007__steady,tpe,24,0.04467389409952668,0.04631699798266529,0.964524819079303
20260717,M2,case_td016_pp0_1_gamma_007__steady,tpe,25,0.04467389409952668,0.04631699798266529,0.964524819079303
20260717,M2,case_td016_pp0_1_gamma_007__steady,tpe,26,0.04467389409952668,0.04631699798266529,0.964524819079303
20260717,M2,case_td016_pp0_1_gamma_007__steady,tpe,27,0.04467389409952668,0.04631699798266529,0.964524819079303
20260717,M2,case_td016_pp0_1_gamma_007__steady,tpe,28,0.04467389409952668,0.04631699798266529,0.964524819079303
20260717,M2,case_td016_pp0_1_gamma_007__steady,tpe,29,0.04467389409952668,0.04631699798266529,0.964524819079303
20260717,M2,case_td016_pp0_1_gamma_007__steady,tpe,30,0.04467389409952668,0.04631699798266529,0.964524819079303
20260717,M2,case_td016_pp0_1_gamma_007__steady,tpe,31,0.04467389409952668,0.04631699798266529,0.964524819079303
20260717,M2,case_td016_pp0_1_gamma_007__steady,tpe,32,0.04467389409952668,0.04631699798266529,0.964524819079303
20260717,M2,case_td016_pp0_1_gamma_007__steady,tpe,33,0.04467389409952668,0.04631699798266529,0.964524819079303
20260717,M2,case_td016_pp0_1_gamma_007__steady,tpe,34,0.04467389409952668,0.04631699798266529,0.964524819079303
20260717,M2,case_td016_pp0_1_gamma_007__steady,tpe,35,0.04467389409952668,0.04631699798266529,0.964524819079303
20260717,M2,case_td016_pp0_1_gamma_007__steady,tpe,36,0.04467389409952668,0.04631699798266529,0.964524819079303
20260717,M2,case_td016_pp0_1_gamma_007__steady,tpe,37,0.04467389409952668,0.04631699798266529,0.964524819079303
20260717,M2,case_td016_pp0_1_gamma_007__steady,tpe,38,0.04467389409952668,0.04631699798266529,0.964524819079303
20260717,M2,case_td016_pp0_1_gamma_007__steady,tpe,39,0.04467389409952668,0.04631699798266529,0.964524819079303
20260717,M2,case_td016_pp0_1_gamma_007__steady,tpe,40,0.04467389409952668,0.04631699798266529,0.964524819079303
20260717,M2,case_td016_pp0_1_gamma_007__steady,tpe,41,0.04467389409952668,0.04631699798266529,0.964524819079303
20260717,M2,case_td016_pp0_1_gamma_007__steady,tpe,42,0.04467389409952668,0.04631699798266529,0.964524819079303
20260717,M2,case_td016_pp0_1_gamma_007__steady,tpe,43,0.04467389409952668,0.04631699798266529,0.964524819079303
20260717,M2,case_td016_pp0_1_gamma_007__steady,tpe,44,0.04467389409952668,0.04631699798266529,0.964524819079303
20260717,M2,case_td016_pp0_1_gamma_007__steady,tpe,45,0.04467389409952668,0.04631699798266529,0.964524819079303
20260717,M2,case_td016_pp0_1_gamma_007__steady,tpe,46,0.04467389409952668,0.04631699798266529,0.964524819079303
20260717,M2,case_td016_pp0_1_gamma_007__steady,tpe,47,0.04467389409952668,0.04631699798266529,0.964524819079303
20260717,M2,case_td016_pp0_1_gamma_007__steady,tpe,48,0.04467389409952668,0.04631699798266529,0.964524819079303
20260717,M2,case_td016_pp0_1_gamma_007__steady,tpe,49,0.04467389409952668,0.04631699798266529,0.964524819079303
20260717,M2,case_td016_pp0_1_gamma_007__steady,tpe,50,0.04467389409952668,0.04631699798266529,0.964524819079303
20260717,M2,case_td016_pp0_1_gamma_007__steady,tpe,51,0.04467389409952668,0.04631699798266529,0.964524819079303
20260717,M2,case_td016_pp0_1_gamma_007__steady,tpe,52,0.04467389409952668,0.04631699798266529,0.964524819079303
20260717,M2,case_td016_pp0_1_gamma_007__steady,tpe,53,0.04467389409952668,0.04631699798266529,0.964524819079303
20260717,M2,case_td016_pp0_1_gamma_007__steady,tpe,54,0.04467389409952668,0.04631699798266529,0.964524819079303
20260717,M2,case_td016_pp0_1_gamma_007__steady,tpe,55,0.04467389409952668,0.04631699798266529,0.964524819079303
20260717,M2,case_td016_pp0_1_gamma_007__steady,tpe,56,0.04467389409952668,0.04631699798266529,0.964524819079303
20260717,M2,case_td016_pp0_1_gamma_007__steady,tpe,57,0.04467389409952668,0.04631699798266529,0.964524819079303
20260717,M2,case_td016_pp0_1_gamma_007__steady,tpe,58,0.04467389409952668,0.04631699798266529,0.964524819079303
20260717,M2,case_td016_pp0_1_gamma_007__steady,tpe,59,0.04467389409952668,0.04631699798266529,0.964524819079303
20260717,M2,case_td016_pp0_1_gamma_007__steady,tpe,60,0.04467389409952668,0.04631699798266529,0.964524819079303
20260717,M2,case_td016_pp0_1_gamma_007__steady,tpe,61,0.04467389409952668,0.04631699798266529,0.964524819079303
20260717,M2,case_td016_pp0_1_gamma_007__steady,tpe,62,0.04467389409952668,0.04631699798266529,0.964524819079303
20260717,M2,case_td016_pp0_1_gamma_007__steady,tpe,63,0.04467389409952668,0.04631699798266529,0.964524819079303
20260717,M2,case_td016_pp0_1_gamma_007__steady,tpe,64,0.04467389409952668,0.04631699798266529,0.964524819079303
20260717,M2,case_td016_pp0_1_gamma_007__steady,tpe,65,0.04467389409952668,0.04631699798266529,0.964524819079303
20260717,M2,case_td016_pp0_1_gamma_007__steady,tpe,66,0.04467389409952668,0.04631699798266529,0.964524819079303
20260717,M2,case_td016_pp0_1_gamma_007__steady,tpe,67,0.04467389409952668,0.04631699798266529,0.964524819079303
20260717,M2,case_td016_pp0_1_gamma_007__steady,tpe,68,0.04467389409952668,0.04631699798266529,0.964524819079303
20260717,M2,case_td016_pp0_1_gamma_007__steady,tpe,69,0.04467389409952668,0.04631699798266529,0.964524819079303
20260717,M2,case_td016_pp0_1_gamma_007__steady,tpe,70,0.04467389409952668,0.04631699798266529,0.964524819079303
20260717,M2,case_td016_pp0_1_gamma_007__steady,tpe,71,0.04467389409952668,0.04631699798266529,0.964524819079303
20260717,M2,case_td016_pp0_1_gamma_007__steady,tpe,72,0.04467389409952668,0.04631699798266529,0.964524819079303
20260717,M2,case_td016_pp0_1_gamma_007__steady,tpe,73,0.04467389409952668,0.04631699798266529,0.964524819079303
20260717,M2,case_td016_pp0_1_gamma_007__steady,tpe,74,0.04467389409952668,0.04631699798266529,0.964524819079303
20260717,M2,case_td016_pp0_1_gamma_007__steady,tpe,75,0.04467389409952668,0.04631699798266529,0.964524819079303
20260717,M2,case_td016_pp0_1_gamma_007__steady,tpe,76,0.04467389409952668,0.04631699798266529,0.964524819079303
20260717,M2,case_td016_pp0_1_gamma_007__steady,tpe,77,0.04467389409952668,0.04631699798266529,0.964524819079303
20260717,M2,case_td016_pp0_1_gamma_007__steady,tpe,78,0.04467389409952668,0.04631699798266529,0.964524819079303
20260717,M2,case_td016_pp0_1_gamma_007__steady,tpe,79,0.04460692164982442,0.04631699798266529,0.9630788607352988
20260717,M2,case_td016_pp0_1_gamma_007__steady,tpe,80,0.04460692164982442,0.04631699798266529,0.9630788607352988
20260717,M2,case_td016_pp0_1_gamma_007__steady,tpe,81,0.04460692164982442,0.04631699798266529,0.9630788607352988
20260717,M2,case_td016_pp0_1_gamma_007__steady,tpe,82,0.04460692164982442,0.04631699798266529,0.9630788607352988
20260717,M2,case_td016_pp0_1_gamma_007__steady,tpe,83,0.04460692164982442,0.04631699798266529,0.9630788607352988
20260717,M2,case_td016_pp0_1_gamma_007__steady,tpe,84,0.04460692164982442,0.04631699798266529,0.9630788607352988
20260717,M2,case_td016_pp0_1_gamma_007__steady,tpe,85,0.04460692164982442,0.04631699798266529,0.9630788607352988
20260717,M2,case_td016_pp0_1_gamma_007__steady,tpe,86,0.04460692164982442,0.04631699798266529,0.9630788607352988
20260717,M2,case_td016_pp0_1_gamma_007__steady,tpe,87,0.04460692164982442,0.04631699798266529,0.9630788607352988
20260717,M2,case_td016_pp0_1_gamma_007__steady,tpe,88,0.04384971260792733,0.04631699798266529,0.9467304557246701
20260717,M2,case_td016_pp0_1_gamma_007__steady,tpe,89,0.04381817556691637,0.04631699798266529,0.9460495601056844
20260717,M2,case_td016_pp0_1_gamma_007__steady,tpe,90,0.04381817556691637,0.04631699798266529,0.9460495601056844
20260717,M2,case_td016_pp0_1_gamma_007__steady,tpe,91,0.04381817556691637,0.04631699798266529,0.9460495601056844
20260717,M2,case_td016_pp0_1_gamma_007__steady,tpe,92,0.04381817556691637,0.04631699798266529,0.9460495601056844
20260717,M2,case_td016_pp0_1_gamma_007__steady,tpe,93,0.04381817556691637,0.04631699798266529,0.9460495601056844
20260717,M2,case_td016_pp0_1_gamma_007__steady,tpe,94,0.04381817556691637,0.04631699798266529,0.9460495601056844
20260717,M2,case_td016_pp0_1_gamma_007__steady,tpe,95,0.04381817556691637,0.04631699798266529,0.9460495601056844
20260717,M2,case_td016_pp0_1_gamma_007__steady,tpe,96,0.04381817556691637,0.04631699798266529,0.9460495601056844
20260717,M2,case_td016_pp0_1_gamma_007__steady,tpe,97,0.04381817556691637,0.04631699798266529,0.9460495601056844
20260717,M2,case_td016_pp0_1_gamma_007__steady,tpe,98,0.04381817556691637,0.04631699798266529,0.9460495601056844
20260717,M2,case_td016_pp0_1_gamma_007__steady,tpe,99,0.04381817556691637,0.04631699798266529,0.9460495601056844
20260717,M2,case_td016_pp0_1_gamma_007__steady,tpe,100,0.04381817556691637,0.04631699798266529,0.9460495601056844
20260717,M2,case_td016_pp0_1_gamma_007__steady,random,1,1.7278961645927335,0.04631699798266529,37.305875593220016
20260717,M2,case_td016_pp0_1_gamma_007__steady,random,2,0.5765107276160557,0.04631699798266529,12.447065930996262
20260717,M2,case_td016_pp0_1_gamma_007__steady,random,3,0.04841545729111551,0.04631699798266529,1.0453064619869274
20260717,M2,case_td016_pp0_1_gamma_007__steady,random,4,0.04841545729111551,0.04631699798266529,1.0453064619869274
20260717,M2,case_td016_pp0_1_gamma_007__steady,random,5,0.04841545729111551,0.04631699798266529,1.0453064619869274
20260717,M2,case_td016_pp0_1_gamma_007__steady,random,6,0.04841545729111551,0.04631699798266529,1.0453064619869274
20260717,M2,case_td016_pp0_1_gamma_007__steady,random,7,0.04841545729111551,0.04631699798266529,1.0453064619869274
20260717,M2,case_td016_pp0_1_gamma_007__steady,random,8,0.04624014499641918,0.04631699798266529,0.9983407174559354
20260717,M2,case_td016_pp0_1_gamma_007__steady,random,9,0.04624014499641918,0.04631699798266529,0.9983407174559354
20260717,M2,case_td016_pp0_1_gamma_007__steady,random,10,0.04624014499641918,0.04631699798266529,0.9983407174559354
20260717,M2,case_td016_pp0_1_gamma_007__steady,random,11,0.04624014499641918,0.04631699798266529,0.9983407174559354
20260717,M2,case_td016_pp0_1_gamma_007__steady,random,12,0.04624014499641918,0.04631699798266529,0.9983407174559354
20260717,M2,case_td016_pp0_1_gamma_007__steady,random,13,0.04624014499641918,0.04631699798266529,0.9983407174559354
20260717,M2,case_td016_pp0_1_gamma_007__steady,random,14,0.04624014499641918,0.04631699798266529,0.9983407174559354
20260717,M2,case_td016_pp0_1_gamma_007__steady,random,15,0.04624014499641918,0.04631699798266529,0.9983407174559354
20260717,M2,case_td016_pp0_1_gamma_007__steady,random,16,0.04624014499641918,0.04631699798266529,0.9983407174559354
20260717,M2,case_td016_pp0_1_gamma_007__steady,random,17,0.04624014499641918,0.04631699798266529,0.9983407174559354
20260717,M2,case_td016_pp0_1_gamma_007__steady,random,18,0.04624014499641918,0.04631699798266529,0.9983407174559354
20260717,M2,case_td016_pp0_1_gamma_007__steady,random,19,0.04624014499641918,0.04631699798266529,0.9983407174559354
20260717,M2,case_td016_pp0_1_gamma_007__steady,random,20,0.04624014499641918,0.04631699798266529,0.9983407174559354
20260717,M2,case_td016_pp0_1_gamma_007__steady,random,21,0.04624014499641918,0.04631699798266529,0.9983407174559354
20260717,M2,case_td016_pp0_1_gamma_007__steady,random,22,0.04624014499641918,0.04631699798266529,0.9983407174559354
20260717,M2,case_td016_pp0_1_gamma_007__steady,random,23,0.04624014499641918,0.04631699798266529,0.9983407174559354
20260717,M2,case_td016_pp0_1_gamma_007__steady,random,24,0.04624014499641918,0.04631699798266529,0.9983407174559354
20260717,M2,case_td016_pp0_1_gamma_007__steady,random,25,0.04624014499641918,0.04631699798266529,0.9983407174559354
20260717,M2,case_td016_pp0_1_gamma_007__steady,random,26,0.04624014499641918,0.04631699798266529,0.9983407174559354
20260717,M2,case_td016_pp0_1_gamma_007__steady,random,27,0.04624014499641918,0.04631699798266529,0.9983407174559354
20260717,M2,case_td016_pp0_1_gamma_007__steady,random,28,0.04624014499641918,0.04631699798266529,0.9983407174559354
20260717,M2,case_td016_pp0_1_gamma_007__steady,random,29,0.04624014499641918,0.04631699798266529,0.9983407174559354
20260717,M2,case_td016_pp0_1_gamma_007__steady,random,30,0.04624014499641918,0.04631699798266529,0.9983407174559354
20260717,M2,case_td016_pp0_1_gamma_007__steady,random,31,0.04624014499641918,0.04631699798266529,0.9983407174559354
20260717,M2,case_td016_pp0_1_gamma_007__steady,random,32,0.04624014499641918,0.04631699798266529,0.9983407174559354
20260717,M2,case_td016_pp0_1_gamma_007__steady,random,33,0.04624014499641918,0.04631699798266529,0.9983407174559354
20260717,M2,case_td016_pp0_1_gamma_007__steady,random,34,0.04624014499641918,0.04631699798266529,0.9983407174559354
20260717,M2,case_td016_pp0_1_gamma_007__steady,random,35,0.04624014499641918,0.04631699798266529,0.9983407174559354
20260717,M2,case_td016_pp0_1_gamma_007__steady,random,36,0.04624014499641918,0.04631699798266529,0.9983407174559354
20260717,M2,case_td016_pp0_1_gamma_007__steady,random,37,0.04624014499641918,0.04631699798266529,0.9983407174559354
20260717,M2,case_td016_pp0_1_gamma_007__steady,random,38,0.04624014499641918,0.04631699798266529,0.9983407174559354
20260717,M2,case_td016_pp0_1_gamma_007__steady,random,39,0.04624014499641918,0.04631699798266529,0.9983407174559354
20260717,M2,case_td016_pp0_1_gamma_007__steady,random,40,0.04624014499641918,0.04631699798266529,0.9983407174559354
20260717,M2,case_td016_pp0_1_gamma_007__steady,random,41,0.04624014499641918,0.04631699798266529,0.9983407174559354
20260717,M2,case_td016_pp0_1_gamma_007__steady,random,42,0.04624014499641918,0.04631699798266529,0.9983407174559354
20260717,M2,case_td016_pp0_1_gamma_007__steady,random,43,0.04624014499641918,0.04631699798266529,0.9983407174559354
20260717,M2,case_td016_pp0_1_gamma_007__steady,random,44,0.04624014499641918,0.04631699798266529,0.9983407174559354
20260717,M2,case_td016_pp0_1_gamma_007__steady,random,45,0.04624014499641918,0.04631699798266529,0.9983407174559354
20260717,M2,case_td016_pp0_1_gamma_007__steady,random,46,0.04624014499641918,0.04631699798266529,0.9983407174559354
20260717,M2,case_td016_pp0_1_gamma_007__steady,random,47,0.04624014499641918,0.04631699798266529,0.9983407174559354
20260717,M2,case_td016_pp0_1_gamma_007__steady,random,48,0.04624014499641918,0.04631699798266529,0.9983407174559354
20260717,M2,case_td016_pp0_1_gamma_007__steady,random,49,0.04624014499641918,0.04631699798266529,0.9983407174559354
20260717,M2,case_td016_pp0_1_gamma_007__steady,random,50,0.04624014499641918,0.04631699798266529,0.9983407174559354
20260717,M2,case_td016_pp0_1_gamma_007__steady,random,51,0.04624014499641918,0.04631699798266529,0.9983407174559354
20260717,M2,case_td016_pp0_1_gamma_007__steady,random,52,0.04624014499641918,0.04631699798266529,0.9983407174559354
20260717,M2,case_td016_pp0_1_gamma_007__steady,random,53,0.04624014499641918,0.04631699798266529,0.9983407174559354
20260717,M2,case_td016_pp0_1_gamma_007__steady,random,54,0.04624014499641918,0.04631699798266529,0.9983407174559354
20260717,M2,case_td016_pp0_1_gamma_007__steady,random,55,0.04624014499641918,0.04631699798266529,0.9983407174559354
20260717,M2,case_td016_pp0_1_gamma_007__steady,random,56,0.04624014499641918,0.04631699798266529,0.9983407174559354
20260717,M2,case_td016_pp0_1_gamma_007__steady,random,57,0.04624014499641918,0.04631699798266529,0.9983407174559354
20260717,M2,case_td016_pp0_1_gamma_007__steady,random,58,0.04624014499641918,0.04631699798266529,0.9983407174559354
20260717,M2,case_td016_pp0_1_gamma_007__steady,random,59,0.04624014499641918,0.04631699798266529,0.9983407174559354
20260717,M2,case_td016_pp0_1_gamma_007__steady,random,60,0.04624014499641918,0.04631699798266529,0.9983407174559354
20260717,M2,case_td016_pp0_1_gamma_007__steady,random,61,0.04624014499641918,0.04631699798266529,0.9983407174559354
20260717,M2,case_td016_pp0_1_gamma_007__steady,random,62,0.04624014499641918,0.04631699798266529,0.9983407174559354
20260717,M2,case_td016_pp0_1_gamma_007__steady,random,63,0.04624014499641918,0.04631699798266529,0.9983407174559354
20260717,M2,case_td016_pp0_1_gamma_007__steady,random,64,0.04624014499641918,0.04631699798266529,0.9983407174559354
20260717,M2,case_td016_pp0_1_gamma_007__steady,random,65,0.04624014499641918,0.04631699798266529,0.9983407174559354
20260717,M2,case_td016_pp0_1_gamma_007__steady,random,66,0.04624014499641918,0.04631699798266529,0.9983407174559354
20260717,M2,case_td016_pp0_1_gamma_007__steady,random,67,0.04624014499641918,0.04631699798266529,0.9983407174559354
20260717,M2,case_td016_pp0_1_gamma_007__steady,random,68,0.04624014499641918,0.04631699798266529,0.9983407174559354
20260717,M2,case_td016_pp0_1_gamma_007__steady,random,69,0.04624014499641918,0.04631699798266529,0.9983407174559354
20260717,M2,case_td016_pp0_1_gamma_007__steady,random,70,0.04624014499641918,0.04631699798266529,0.9983407174559354
20260717,M2,case_td016_pp0_1_gamma_007__steady,random,71,0.04624014499641918,0.04631699798266529,0.9983407174559354
20260717,M2,case_td016_pp0_1_gamma_007__steady,random,72,0.04624014499641918,0.04631699798266529,0.9983407174559354
20260717,M2,case_td016_pp0_1_gamma_007__steady,random,73,0.04624014499641918,0.04631699798266529,0.9983407174559354
20260717,M2,case_td016_pp0_1_gamma_007__steady,random,74,0.04624014499641918,0.04631699798266529,0.9983407174559354
20260717,M2,case_td016_pp0_1_gamma_007__steady,random,75,0.04624014499641918,0.04631699798266529,0.9983407174559354
20260717,M2,case_td016_pp0_1_gamma_007__steady,random,76,0.04624014499641918,0.04631699798266529,0.9983407174559354
20260717,M2,case_td016_pp0_1_gamma_007__steady,random,77,0.04624014499641918,0.04631699798266529,0.9983407174559354
20260717,M2,case_td016_pp0_1_gamma_007__steady,random,78,0.04624014499641918,0.04631699798266529,0.9983407174559354
20260717,M2,case_td016_pp0_1_gamma_007__steady,random,79,0.04624014499641918,0.04631699798266529,0.9983407174559354
20260717,M2,case_td016_pp0_1_gamma_007__steady,random,80,0.04624014499641918,0.04631699798266529,0.9983407174559354
20260717,M2,case_td016_pp0_1_gamma_007__steady,random,81,0.04624014499641918,0.04631699798266529,0.9983407174559354
20260717,M2,case_td016_pp0_1_gamma_007__steady,random,82,0.04624014499641918,0.04631699798266529,0.9983407174559354
20260717,M2,case_td016_pp0_1_gamma_007__steady,random,83,0.04624014499641918,0.04631699798266529,0.9983407174559354
20260717,M2,case_td016_pp0_1_gamma_007__steady,random,84,0.04624014499641918,0.04631699798266529,0.9983407174559354
20260717,M2,case_td016_pp0_1_gamma_007__steady,random,85,0.04624014499641918,0.04631699798266529,0.9983407174559354
20260717,M2,case_td016_pp0_1_gamma_007__steady,random,86,0.04624014499641918,0.04631699798266529,0.9983407174559354
20260717,M2,case_td016_pp0_1_gamma_007__steady,random,87,0.04624014499641918,0.04631699798266529,0.9983407174559354
20260717,M2,case_td016_pp0_1_gamma_007__steady,random,88,0.04624014499641918,0.04631699798266529,0.9983407174559354
20260717,M2,case_td016_pp0_1_gamma_007__steady,random,89,0.04624014499641918,0.04631699798266529,0.9983407174559354
20260717,M2,case_td016_pp0_1_gamma_007__steady,random,90,0.04624014499641918,0.04631699798266529,0.9983407174559354
20260717,M2,case_td016_pp0_1_gamma_007__steady,random,91,0.04624014499641918,0.04631699798266529,0.9983407174559354
20260717,M2,case_td016_pp0_1_gamma_007__steady,random,92,0.04624014499641918,0.04631699798266529,0.9983407174559354
20260717,M2,case_td016_pp0_1_gamma_007__steady,random,93,0.04624014499641918,0.04631699798266529,0.9983407174559354
20260717,M2,case_td016_pp0_1_gamma_007__steady,random,94,0.04624014499641918,0.04631699798266529,0.9983407174559354
20260717,M2,case_td016_pp0_1_gamma_007__steady,random,95,0.04624014499641918,0.04631699798266529,0.9983407174559354
20260717,M2,case_td016_pp0_1_gamma_007__steady,random,96,0.04624014499641918,0.04631699798266529,0.9983407174559354
20260717,M2,case_td016_pp0_1_gamma_007__steady,random,97,0.04624014499641918,0.04631699798266529,0.9983407174559354
20260717,M2,case_td016_pp0_1_gamma_007__steady,random,98,0.04624014499641918,0.04631699798266529,0.9983407174559354
20260717,M2,case_td016_pp0_1_gamma_007__steady,random,99,0.04624014499641918,0.04631699798266529,0.9983407174559354
20260717,M2,case_td016_pp0_1_gamma_007__steady,random,100,0.04624014499641918,0.04631699798266529,0.9983407174559354
20260717,M3,case_td030_pa200_pp0_5_gamma_004__steady,cmaes,1,0.4420755918508906,0.050309085967164796,8.787191882981533
20260717,M3,case_td030_pa200_pp0_5_gamma_004__steady,cmaes,2,0.4373992977644635,0.050309085967164796,8.694240599997
20260717,M3,case_td030_pa200_pp0_5_gamma_004__steady,cmaes,3,0.42428099664937813,0.050309085967164796,8.433486486442893
20260717,M3,case_td030_pa200_pp0_5_gamma_004__steady,cmaes,4,0.42428099664937813,0.050309085967164796,8.433486486442893
20260717,M3,case_td030_pa200_pp0_5_gamma_004__steady,cmaes,5,0.42428099664937813,0.050309085967164796,8.433486486442893
20260717,M3,case_td030_pa200_pp0_5_gamma_004__steady,cmaes,6,0.39546412104872025,0.050309085967164796,7.86068984252323
20260717,M3,case_td030_pa200_pp0_5_gamma_004__steady,cmaes,7,0.39546412104872025,0.050309085967164796,7.86068984252323
20260717,M3,case_td030_pa200_pp0_5_gamma_004__steady,cmaes,8,0.39546412104872025,0.050309085967164796,7.86068984252323
20260717,M3,case_td030_pa200_pp0_5_gamma_004__steady,cmaes,9,0.39546412104872025,0.050309085967164796,7.86068984252323
20260717,M3,case_td030_pa200_pp0_5_gamma_004__steady,cmaes,10,0.39546412104872025,0.050309085967164796,7.86068984252323
20260717,M3,case_td030_pa200_pp0_5_gamma_004__steady,cmaes,11,0.39546412104872025,0.050309085967164796,7.86068984252323
20260717,M3,case_td030_pa200_pp0_5_gamma_004__steady,cmaes,12,0.38081148266303483,0.050309085967164796,7.569437514956619
20260717,M3,case_td030_pa200_pp0_5_gamma_004__steady,cmaes,13,0.38081148266303483,0.050309085967164796,7.569437514956619
20260717,M3,case_td030_pa200_pp0_5_gamma_004__steady,cmaes,14,0.38081148266303483,0.050309085967164796,7.569437514956619
20260717,M3,case_td030_pa200_pp0_5_gamma_004__steady,cmaes,15,0.38081148266303483,0.050309085967164796,7.569437514956619
20260717,M3,case_td030_pa200_pp0_5_gamma_004__steady,cmaes,16,0.38081148266303483,0.050309085967164796,7.569437514956619
20260717,M3,case_td030_pa200_pp0_5_gamma_004__steady,cmaes,17,0.3697631342675937,0.050309085967164796,7.349828110749752
20260717,M3,case_td030_pa200_pp0_5_gamma_004__steady,cmaes,18,0.3697631342675937,0.050309085967164796,7.349828110749752
20260717,M3,case_td030_pa200_pp0_5_gamma_004__steady,cmaes,19,0.3697631342675937,0.050309085967164796,7.349828110749752
20260717,M3,case_td030_pa200_pp0_5_gamma_004__steady,cmaes,20,0.3697631342675937,0.050309085967164796,7.349828110749752
20260717,M3,case_td030_pa200_pp0_5_gamma_004__steady,cmaes,21,0.34475392400268373,0.050309085967164796,6.852716907393112
20260717,M3,case_td030_pa200_pp0_5_gamma_004__steady,cmaes,22,0.2412177389309332,0.050309085967164796,4.794715194952432
20260717,M3,case_td030_pa200_pp0_5_gamma_004__steady,cmaes,23,0.2412177389309332,0.050309085967164796,4.794715194952432
20260717,M3,case_td030_pa200_pp0_5_gamma_004__steady,cmaes,24,0.2412177389309332,0.050309085967164796,4.794715194952432
20260717,M3,case_td030_pa200_pp0_5_gamma_004__steady,cmaes,25,0.2412177389309332,0.050309085967164796,4.794715194952432
20260717,M3,case_td030_pa200_pp0_5_gamma_004__steady,cmaes,26,0.2412177389309332,0.050309085967164796,4.794715194952432
20260717,M3,case_td030_pa200_pp0_5_gamma_004__steady,cmaes,27,0.2412177389309332,0.050309085967164796,4.794715194952432
20260717,M3,case_td030_pa200_pp0_5_gamma_004__steady,cmaes,28,0.2412177389309332,0.050309085967164796,4.794715194952432
20260717,M3,case_td030_pa200_pp0_5_gamma_004__steady,cmaes,29,0.2412177389309332,0.050309085967164796,4.794715194952432
20260717,M3,case_td030_pa200_pp0_5_gamma_004__steady,cmaes,30,0.14933434745005142,0.050309085967164796,2.968337519539063
20260717,M3,case_td030_pa200_pp0_5_gamma_004__steady,cmaes,31,0.14933434745005142,0.050309085967164796,2.968337519539063
20260717,M3,case_td030_pa200_pp0_5_gamma_004__steady,cmaes,32,0.14933434745005142,0.050309085967164796,2.968337519539063
20260717,M3,case_td030_pa200_pp0_5_gamma_004__steady,cmaes,33,0.1443962821283562,0.050309085967164796,2.870182976939777
20260717,M3,case_td030_pa200_pp0_5_gamma_004__steady,cmaes,34,0.1443962821283562,0.050309085967164796,2.870182976939777
20260717,M3,case_td030_pa200_pp0_5_gamma_004__steady,cmaes,35,0.1443962821283562,0.050309085967164796,2.870182976939777
20260717,M3,case_td030_pa200_pp0_5_gamma_004__steady,cmaes,36,0.1443962821283562,0.050309085967164796,2.870182976939777
20260717,M3,case_td030_pa200_pp0_5_gamma_004__steady,cmaes,37,0.1443962821283562,0.050309085967164796,2.870182976939777
20260717,M3,case_td030_pa200_pp0_5_gamma_004__steady,cmaes,38,0.1443962821283562,0.050309085967164796,2.870182976939777
20260717,M3,case_td030_pa200_pp0_5_gamma_004__steady,cmaes,39,0.1443962821283562,0.050309085967164796,2.870182976939777
20260717,M3,case_td030_pa200_pp0_5_gamma_004__steady,cmaes,40,0.1443962821283562,0.050309085967164796,2.870182976939777
20260717,M3,case_td030_pa200_pp0_5_gamma_004__steady,cmaes,41,0.1443962821283562,0.050309085967164796,2.870182976939777
20260717,M3,case_td030_pa200_pp0_5_gamma_004__steady,cmaes,42,0.1443962821283562,0.050309085967164796,2.870182976939777
20260717,M3,case_td030_pa200_pp0_5_gamma_004__steady,cmaes,43,0.1443962821283562,0.050309085967164796,2.870182976939777
20260717,M3,case_td030_pa200_pp0_5_gamma_004__steady,cmaes,44,0.1443962821283562,0.050309085967164796,2.870182976939777
20260717,M3,case_td030_pa200_pp0_5_gamma_004__steady,cmaes,45,0.1443962821283562,0.050309085967164796,2.870182976939777
20260717,M3,case_td030_pa200_pp0_5_gamma_004__steady,cmaes,46,0.1443962821283562,0.050309085967164796,2.870182976939777
20260717,M3,case_td030_pa200_pp0_5_gamma_004__steady,cmaes,47,0.1443962821283562,0.050309085967164796,2.870182976939777
20260717,M3,case_td030_pa200_pp0_5_gamma_004__steady,cmaes,48,0.1443962821283562,0.050309085967164796,2.870182976939777
20260717,M3,case_td030_pa200_pp0_5_gamma_004__steady,cmaes,49,0.1443962821283562,0.050309085967164796,2.870182976939777
20260717,M3,case_td030_pa200_pp0_5_gamma_004__steady,cmaes,50,0.12879832938053926,0.050309085967164796,2.5601405174524934
20260717,M3,case_td030_pa200_pp0_5_gamma_004__steady,cmaes,51,0.12879832938053926,0.050309085967164796,2.5601405174524934
20260717,M3,case_td030_pa200_pp0_5_gamma_004__steady,cmaes,52,0.12879832938053926,0.050309085967164796,2.5601405174524934
20260717,M3,case_td030_pa200_pp0_5_gamma_004__steady,cmaes,53,0.12879832938053926,0.050309085967164796,2.5601405174524934
20260717,M3,case_td030_pa200_pp0_5_gamma_004__steady,cmaes,54,0.12879832938053926,0.050309085967164796,2.5601405174524934
20260717,M3,case_td030_pa200_pp0_5_gamma_004__steady,cmaes,55,0.12879832938053926,0.050309085967164796,2.5601405174524934
20260717,M3,case_td030_pa200_pp0_5_gamma_004__steady,cmaes,56,0.12879832938053926,0.050309085967164796,2.5601405174524934
20260717,M3,case_td030_pa200_pp0_5_gamma_004__steady,cmaes,57,0.11289868449453316,0.050309085967164796,2.244101285565369
20260717,M3,case_td030_pa200_pp0_5_gamma_004__steady,cmaes,58,0.11289868449453316,0.050309085967164796,2.244101285565369
20260717,M3,case_td030_pa200_pp0_5_gamma_004__steady,cmaes,59,0.11289868449453316,0.050309085967164796,2.244101285565369
20260717,M3,case_td030_pa200_pp0_5_gamma_004__steady,cmaes,60,0.11289868449453316,0.050309085967164796,2.244101285565369
20260717,M3,case_td030_pa200_pp0_5_gamma_004__steady,cmaes,61,0.11289868449453316,0.050309085967164796,2.244101285565369
20260717,M3,case_td030_pa200_pp0_5_gamma_004__steady,cmaes,62,0.11289868449453316,0.050309085967164796,2.244101285565369
20260717,M3,case_td030_pa200_pp0_5_gamma_004__steady,cmaes,63,0.11289868449453316,0.050309085967164796,2.244101285565369
20260717,M3,case_td030_pa200_pp0_5_gamma_004__steady,cmaes,64,0.0816779870408077,0.050309085967164796,1.6235235737360927
20260717,M3,case_td030_pa200_pp0_5_gamma_004__steady,cmaes,65,0.07700625572148637,0.050309085967164796,1.5306629854445377
20260717,M3,case_td030_pa200_pp0_5_gamma_004__steady,cmaes,66,0.07700625572148637,0.050309085967164796,1.5306629854445377
20260717,M3,case_td030_pa200_pp0_5_gamma_004__steady,cmaes,67,0.07292661532957598,0.050309085967164796,1.4495714626414193
20260717,M3,case_td030_pa200_pp0_5_gamma_004__steady,cmaes,68,0.07292661532957598,0.050309085967164796,1.4495714626414193
20260717,M3,case_td030_pa200_pp0_5_gamma_004__steady,cmaes,69,0.07292661532957598,0.050309085967164796,1.4495714626414193
20260717,M3,case_td030_pa200_pp0_5_gamma_004__steady,cmaes,70,0.07292661532957598,0.050309085967164796,1.4495714626414193
20260717,M3,case_td030_pa200_pp0_5_gamma_004__steady,cmaes,71,0.07292661532957598,0.050309085967164796,1.4495714626414193
20260717,M3,case_td030_pa200_pp0_5_gamma_004__steady,cmaes,72,0.07292661532957598,0.050309085967164796,1.4495714626414193
20260717,M3,case_td030_pa200_pp0_5_gamma_004__steady,cmaes,73,0.07292661532957598,0.050309085967164796,1.4495714626414193
20260717,M3,case_td030_pa200_pp0_5_gamma_004__steady,cmaes,74,0.07292661532957598,0.050309085967164796,1.4495714626414193
20260717,M3,case_td030_pa200_pp0_5_gamma_004__steady,cmaes,75,0.07292661532957598,0.050309085967164796,1.4495714626414193
20260717,M3,case_td030_pa200_pp0_5_gamma_004__steady,cmaes,76,0.07292661532957598,0.050309085967164796,1.4495714626414193
20260717,M3,case_td030_pa200_pp0_5_gamma_004__steady,cmaes,77,0.07292661532957598,0.050309085967164796,1.4495714626414193
20260717,M3,case_td030_pa200_pp0_5_gamma_004__steady,cmaes,78,0.07292661532957598,0.050309085967164796,1.4495714626414193
20260717,M3,case_td030_pa200_pp0_5_gamma_004__steady,cmaes,79,0.07292661532957598,0.050309085967164796,1.4495714626414193
20260717,M3,case_td030_pa200_pp0_5_gamma_004__steady,cmaes,80,0.07292661532957598,0.050309085967164796,1.4495714626414193
20260717,M3,case_td030_pa200_pp0_5_gamma_004__steady,cmaes,81,0.07292661532957598,0.050309085967164796,1.4495714626414193
20260717,M3,case_td030_pa200_pp0_5_gamma_004__steady,cmaes,82,0.07292661532957598,0.050309085967164796,1.4495714626414193
20260717,M3,case_td030_pa200_pp0_5_gamma_004__steady,cmaes,83,0.07292661532957598,0.050309085967164796,1.4495714626414193
20260717,M3,case_td030_pa200_pp0_5_gamma_004__steady,cmaes,84,0.07292661532957598,0.050309085967164796,1.4495714626414193
20260717,M3,case_td030_pa200_pp0_5_gamma_004__steady,cmaes,85,0.07292661532957598,0.050309085967164796,1.4495714626414193
20260717,M3,case_td030_pa200_pp0_5_gamma_004__steady,cmaes,86,0.07292661532957598,0.050309085967164796,1.4495714626414193
20260717,M3,case_td030_pa200_pp0_5_gamma_004__steady,cmaes,87,0.07292661532957598,0.050309085967164796,1.4495714626414193
20260717,M3,case_td030_pa200_pp0_5_gamma_004__steady,cmaes,88,0.07292661532957598,0.050309085967164796,1.4495714626414193
20260717,M3,case_td030_pa200_pp0_5_gamma_004__steady,cmaes,89,0.07292661532957598,0.050309085967164796,1.4495714626414193
20260717,M3,case_td030_pa200_pp0_5_gamma_004__steady,cmaes,90,0.07292661532957598,0.050309085967164796,1.4495714626414193
20260717,M3,case_td030_pa200_pp0_5_gamma_004__steady,cmaes,91,0.056479172090204637,0.050309085967164796,1.1226435743051835
20260717,M3,case_td030_pa200_pp0_5_gamma_004__steady,cmaes,92,0.056479172090204637,0.050309085967164796,1.1226435743051835
20260717,M3,case_td030_pa200_pp0_5_gamma_004__steady,cmaes,93,0.056479172090204637,0.050309085967164796,1.1226435743051835
20260717,M3,case_td030_pa200_pp0_5_gamma_004__steady,cmaes,94,0.056479172090204637,0.050309085967164796,1.1226435743051835
20260717,M3,case_td030_pa200_pp0_5_gamma_004__steady,cmaes,95,0.056479172090204637,0.050309085967164796,1.1226435743051835
20260717,M3,case_td030_pa200_pp0_5_gamma_004__steady,cmaes,96,0.056479172090204637,0.050309085967164796,1.1226435743051835
20260717,M3,case_td030_pa200_pp0_5_gamma_004__steady,cmaes,97,0.056479172090204637,0.050309085967164796,1.1226435743051835
20260717,M3,case_td030_pa200_pp0_5_gamma_004__steady,cmaes,98,0.056479172090204637,0.050309085967164796,1.1226435743051835
20260717,M3,case_td030_pa200_pp0_5_gamma_004__steady,cmaes,99,0.056479172090204637,0.050309085967164796,1.1226435743051835
20260717,M3,case_td030_pa200_pp0_5_gamma_004__steady,cmaes,100,0.056479172090204637,0.050309085967164796,1.1226435743051835
20260717,M3,case_td030_pa200_pp0_5_gamma_004__steady,tpe,1,0.4420755918508906,0.050309085967164796,8.787191882981533
20260717,M3,case_td030_pa200_pp0_5_gamma_004__steady,tpe,2,0.15968028364295542,0.050309085967164796,3.1739849884606106
20260717,M3,case_td030_pa200_pp0_5_gamma_004__steady,tpe,3,0.15968028364295542,0.050309085967164796,3.1739849884606106
20260717,M3,case_td030_pa200_pp0_5_gamma_004__steady,tpe,4,0.15968028364295542,0.050309085967164796,3.1739849884606106
20260717,M3,case_td030_pa200_pp0_5_gamma_004__steady,tpe,5,0.15968028364295542,0.050309085967164796,3.1739849884606106
20260717,M3,case_td030_pa200_pp0_5_gamma_004__steady,tpe,6,0.15968028364295542,0.050309085967164796,3.1739849884606106
20260717,M3,case_td030_pa200_pp0_5_gamma_004__steady,tpe,7,0.15968028364295542,0.050309085967164796,3.1739849884606106
20260717,M3,case_td030_pa200_pp0_5_gamma_004__steady,tpe,8,0.15968028364295542,0.050309085967164796,3.1739849884606106
20260717,M3,case_td030_pa200_pp0_5_gamma_004__steady,tpe,9,0.15968028364295542,0.050309085967164796,3.1739849884606106
20260717,M3,case_td030_pa200_pp0_5_gamma_004__steady,tpe,10,0.15968028364295542,0.050309085967164796,3.1739849884606106
20260717,M3,case_td030_pa200_pp0_5_gamma_004__steady,tpe,11,0.15968028364295542,0.050309085967164796,3.1739849884606106
20260717,M3,case_td030_pa200_pp0_5_gamma_004__steady,tpe,12,0.07972012899592247,0.050309085967164796,1.5846069842722519
20260717,M3,case_td030_pa200_pp0_5_gamma_004__steady,tpe,13,0.07972012899592247,0.050309085967164796,1.5846069842722519
20260717,M3,case_td030_pa200_pp0_5_gamma_004__steady,tpe,14,0.07972012899592247,0.050309085967164796,1.5846069842722519
20260717,M3,case_td030_pa200_pp0_5_gamma_004__steady,tpe,15,0.07972012899592247,0.050309085967164796,1.5846069842722519
20260717,M3,case_td030_pa200_pp0_5_gamma_004__steady,tpe,16,0.0697064270894737,0.050309085967164796,1.3855633778552239
20260717,M3,case_td030_pa200_pp0_5_gamma_004__steady,tpe,17,0.06390751474810324,0.050309085967164796,1.2702976712757956
20260717,M3,case_td030_pa200_pp0_5_gamma_004__steady,tpe,18,0.06390751474810324,0.050309085967164796,1.2702976712757956
20260717,M3,case_td030_pa200_pp0_5_gamma_004__steady,tpe,19,0.06390751474810324,0.050309085967164796,1.2702976712757956
20260717,M3,case_td030_pa200_pp0_5_gamma_004__steady,tpe,20,0.06390751474810324,0.050309085967164796,1.2702976712757956
20260717,M3,case_td030_pa200_pp0_5_gamma_004__steady,tpe,21,0.06390751474810324,0.050309085967164796,1.2702976712757956
20260717,M3,case_td030_pa200_pp0_5_gamma_004__steady,tpe,22,0.05865463101481814,0.050309085967164796,1.1658854436969939
20260717,M3,case_td030_pa200_pp0_5_gamma_004__steady,tpe,23,0.05441822438382396,0.050309085967164796,1.0816778587339289
20260717,M3,case_td030_pa200_pp0_5_gamma_004__steady,tpe,24,0.05441822438382396,0.050309085967164796,1.0816778587339289
20260717,M3,case_td030_pa200_pp0_5_gamma_004__steady,tpe,25,0.05441822438382396,0.050309085967164796,1.0816778587339289
20260717,M3,case_td030_pa200_pp0_5_gamma_004__steady,tpe,26,0.05441822438382396,0.050309085967164796,1.0816778587339289
20260717,M3,case_td030_pa200_pp0_5_gamma_004__steady,tpe,27,0.05441822438382396,0.050309085967164796,1.0816778587339289
20260717,M3,case_td030_pa200_pp0_5_gamma_004__steady,tpe,28,0.05441822438382396,0.050309085967164796,1.0816778587339289
20260717,M3,case_td030_pa200_pp0_5_gamma_004__steady,tpe,29,0.05441822438382396,0.050309085967164796,1.0816778587339289
20260717,M3,case_td030_pa200_pp0_5_gamma_004__steady,tpe,30,0.05441822438382396,0.050309085967164796,1.0816778587339289
20260717,M3,case_td030_pa200_pp0_5_gamma_004__steady,tpe,31,0.05391658145682731,0.050309085967164796,1.0717066394729775
20260717,M3,case_td030_pa200_pp0_5_gamma_004__steady,tpe,32,0.05391658145682731,0.050309085967164796,1.0717066394729775
20260717,M3,case_td030_pa200_pp0_5_gamma_004__steady,tpe,33,0.05391658145682731,0.050309085967164796,1.0717066394729775
20260717,M3,case_td030_pa200_pp0_5_gamma_004__steady,tpe,34,0.05391658145682731,0.050309085967164796,1.0717066394729775
20260717,M3,case_td030_pa200_pp0_5_gamma_004__steady,tpe,35,0.05391658145682731,0.050309085967164796,1.0717066394729775
20260717,M3,case_td030_pa200_pp0_5_gamma_004__steady,tpe,36,0.05391658145682731,0.050309085967164796,1.0717066394729775
20260717,M3,case_td030_pa200_pp0_5_gamma_004__steady,tpe,37,0.05391658145682731,0.050309085967164796,1.0717066394729775
20260717,M3,case_td030_pa200_pp0_5_gamma_004__steady,tpe,38,0.05391658145682731,0.050309085967164796,1.0717066394729775
20260717,M3,case_td030_pa200_pp0_5_gamma_004__steady,tpe,39,0.05391658145682731,0.050309085967164796,1.0717066394729775
20260717,M3,case_td030_pa200_pp0_5_gamma_004__steady,tpe,40,0.05391658145682731,0.050309085967164796,1.0717066394729775
20260717,M3,case_td030_pa200_pp0_5_gamma_004__steady,tpe,41,0.05391658145682731,0.050309085967164796,1.0717066394729775
20260717,M3,case_td030_pa200_pp0_5_gamma_004__steady,tpe,42,0.05197578805765348,0.050309085967164796,1.0331292461082773
20260717,M3,case_td030_pa200_pp0_5_gamma_004__steady,tpe,43,0.05197578805765348,0.050309085967164796,1.0331292461082773
20260717,M3,case_td030_pa200_pp0_5_gamma_004__steady,tpe,44,0.05071010778759677,0.050309085967164796,1.0079711609289366
20260717,M3,case_td030_pa200_pp0_5_gamma_004__steady,tpe,45,0.05071010778759677,0.050309085967164796,1.0079711609289366
20260717,M3,case_td030_pa200_pp0_5_gamma_004__steady,tpe,46,0.05071010778759677,0.050309085967164796,1.0079711609289366
20260717,M3,case_td030_pa200_pp0_5_gamma_004__steady,tpe,47,0.05071010778759677,0.050309085967164796,1.0079711609289366
20260717,M3,case_td030_pa200_pp0_5_gamma_004__steady,tpe,48,0.05071010778759677,0.050309085967164796,1.0079711609289366
20260717,M3,case_td030_pa200_pp0_5_gamma_004__steady,tpe,49,0.05071010778759677,0.050309085967164796,1.0079711609289366
20260717,M3,case_td030_pa200_pp0_5_gamma_004__steady,tpe,50,0.05071010778759677,0.050309085967164796,1.0079711609289366
20260717,M3,case_td030_pa200_pp0_5_gamma_004__steady,tpe,51,0.05071010778759677,0.050309085967164796,1.0079711609289366
20260717,M3,case_td030_pa200_pp0_5_gamma_004__steady,tpe,52,0.05071010778759677,0.050309085967164796,1.0079711609289366
20260717,M3,case_td030_pa200_pp0_5_gamma_004__steady,tpe,53,0.05071010778759677,0.050309085967164796,1.0079711609289366
20260717,M3,case_td030_pa200_pp0_5_gamma_004__steady,tpe,54,0.05071010778759677,0.050309085967164796,1.0079711609289366
20260717,M3,case_td030_pa200_pp0_5_gamma_004__steady,tpe,55,0.05071010778759677,0.050309085967164796,1.0079711609289366
20260717,M3,case_td030_pa200_pp0_5_gamma_004__steady,tpe,56,0.05071010778759677,0.050309085967164796,1.0079711609289366
20260717,M3,case_td030_pa200_pp0_5_gamma_004__steady,tpe,57,0.05071010778759677,0.050309085967164796,1.0079711609289366
20260717,M3,case_td030_pa200_pp0_5_gamma_004__steady,tpe,58,0.05071010778759677,0.050309085967164796,1.0079711609289366
20260717,M3,case_td030_pa200_pp0_5_gamma_004__steady,tpe,59,0.05071010778759677,0.050309085967164796,1.0079711609289366
20260717,M3,case_td030_pa200_pp0_5_gamma_004__steady,tpe,60,0.05071010778759677,0.050309085967164796,1.0079711609289366
20260717,M3,case_td030_pa200_pp0_5_gamma_004__steady,tpe,61,0.05071010778759677,0.050309085967164796,1.0079711609289366
20260717,M3,case_td030_pa200_pp0_5_gamma_004__steady,tpe,62,0.05071010778759677,0.050309085967164796,1.0079711609289366
20260717,M3,case_td030_pa200_pp0_5_gamma_004__steady,tpe,63,0.05071010778759677,0.050309085967164796,1.0079711609289366
20260717,M3,case_td030_pa200_pp0_5_gamma_004__steady,tpe,64,0.05071010778759677,0.050309085967164796,1.0079711609289366
20260717,M3,case_td030_pa200_pp0_5_gamma_004__steady,tpe,65,0.05071010778759677,0.050309085967164796,1.0079711609289366
20260717,M3,case_td030_pa200_pp0_5_gamma_004__steady,tpe,66,0.05071010778759677,0.050309085967164796,1.0079711609289366
20260717,M3,case_td030_pa200_pp0_5_gamma_004__steady,tpe,67,0.05071010778759677,0.050309085967164796,1.0079711609289366
20260717,M3,case_td030_pa200_pp0_5_gamma_004__steady,tpe,68,0.05071010778759677,0.050309085967164796,1.0079711609289366
20260717,M3,case_td030_pa200_pp0_5_gamma_004__steady,tpe,69,0.05071010778759677,0.050309085967164796,1.0079711609289366
20260717,M3,case_td030_pa200_pp0_5_gamma_004__steady,tpe,70,0.05071010778759677,0.050309085967164796,1.0079711609289366
20260717,M3,case_td030_pa200_pp0_5_gamma_004__steady,tpe,71,0.05071010778759677,0.050309085967164796,1.0079711609289366
20260717,M3,case_td030_pa200_pp0_5_gamma_004__steady,tpe,72,0.05071010778759677,0.050309085967164796,1.0079711609289366
20260717,M3,case_td030_pa200_pp0_5_gamma_004__steady,tpe,73,0.05071010778759677,0.050309085967164796,1.0079711609289366
20260717,M3,case_td030_pa200_pp0_5_gamma_004__steady,tpe,74,0.05071010778759677,0.050309085967164796,1.0079711609289366
20260717,M3,case_td030_pa200_pp0_5_gamma_004__steady,tpe,75,0.05071010778759677,0.050309085967164796,1.0079711609289366
20260717,M3,case_td030_pa200_pp0_5_gamma_004__steady,tpe,76,0.05071010778759677,0.050309085967164796,1.0079711609289366
20260717,M3,case_td030_pa200_pp0_5_gamma_004__steady,tpe,77,0.05071010778759677,0.050309085967164796,1.0079711609289366
20260717,M3,case_td030_pa200_pp0_5_gamma_004__steady,tpe,78,0.05071010778759677,0.050309085967164796,1.0079711609289366
20260717,M3,case_td030_pa200_pp0_5_gamma_004__steady,tpe,79,0.05071010778759677,0.050309085967164796,1.0079711609289366
20260717,M3,case_td030_pa200_pp0_5_gamma_004__steady,tpe,80,0.05071010778759677,0.050309085967164796,1.0079711609289366
20260717,M3,case_td030_pa200_pp0_5_gamma_004__steady,tpe,81,0.05071010778759677,0.050309085967164796,1.0079711609289366
20260717,M3,case_td030_pa200_pp0_5_gamma_004__steady,tpe,82,0.05071010778759677,0.050309085967164796,1.0079711609289366
20260717,M3,case_td030_pa200_pp0_5_gamma_004__steady,tpe,83,0.05071010778759677,0.050309085967164796,1.0079711609289366
20260717,M3,case_td030_pa200_pp0_5_gamma_004__steady,tpe,84,0.05071010778759677,0.050309085967164796,1.0079711609289366
20260717,M3,case_td030_pa200_pp0_5_gamma_004__steady,tpe,85,0.05071010778759677,0.050309085967164796,1.0079711609289366
20260717,M3,case_td030_pa200_pp0_5_gamma_004__steady,tpe,86,0.05071010778759677,0.050309085967164796,1.0079711609289366
20260717,M3,case_td030_pa200_pp0_5_gamma_004__steady,tpe,87,0.05071010778759677,0.050309085967164796,1.0079711609289366
20260717,M3,case_td030_pa200_pp0_5_gamma_004__steady,tpe,88,0.05071010778759677,0.050309085967164796,1.0079711609289366
20260717,M3,case_td030_pa200_pp0_5_gamma_004__steady,tpe,89,0.05071010778759677,0.050309085967164796,1.0079711609289366
20260717,M3,case_td030_pa200_pp0_5_gamma_004__steady,tpe,90,0.05071010778759677,0.050309085967164796,1.0079711609289366
20260717,M3,case_td030_pa200_pp0_5_gamma_004__steady,tpe,91,0.05071010778759677,0.050309085967164796,1.0079711609289366
20260717,M3,case_td030_pa200_pp0_5_gamma_004__steady,tpe,92,0.05071010778759677,0.050309085967164796,1.0079711609289366
20260717,M3,case_td030_pa200_pp0_5_gamma_004__steady,tpe,93,0.05071010778759677,0.050309085967164796,1.0079711609289366
20260717,M3,case_td030_pa200_pp0_5_gamma_004__steady,tpe,94,0.05071010778759677,0.050309085967164796,1.0079711609289366
20260717,M3,case_td030_pa200_pp0_5_gamma_004__steady,tpe,95,0.05071010778759677,0.050309085967164796,1.0079711609289366
20260717,M3,case_td030_pa200_pp0_5_gamma_004__steady,tpe,96,0.05071010778759677,0.050309085967164796,1.0079711609289366
20260717,M3,case_td030_pa200_pp0_5_gamma_004__steady,tpe,97,0.05071010778759677,0.050309085967164796,1.0079711609289366
20260717,M3,case_td030_pa200_pp0_5_gamma_004__steady,tpe,98,0.05071010778759677,0.050309085967164796,1.0079711609289366
20260717,M3,case_td030_pa200_pp0_5_gamma_004__steady,tpe,99,0.05071010778759677,0.050309085967164796,1.0079711609289366
20260717,M3,case_td030_pa200_pp0_5_gamma_004__steady,tpe,100,0.05071010778759677,0.050309085967164796,1.0079711609289366
20260717,M3,case_td030_pa200_pp0_5_gamma_004__steady,random,1,0.4420755918508906,0.050309085967164796,8.787191882981533
20260717,M3,case_td030_pa200_pp0_5_gamma_004__steady,random,2,0.4420755918508906,0.050309085967164796,8.787191882981533
20260717,M3,case_td030_pa200_pp0_5_gamma_004__steady,random,3,0.4420755918508906,0.050309085967164796,8.787191882981533
20260717,M3,case_td030_pa200_pp0_5_gamma_004__steady,random,4,0.4420755918508906,0.050309085967164796,8.787191882981533
20260717,M3,case_td030_pa200_pp0_5_gamma_004__steady,random,5,0.4420755918508906,0.050309085967164796,8.787191882981533
20260717,M3,case_td030_pa200_pp0_5_gamma_004__steady,random,6,0.4420755918508906,0.050309085967164796,8.787191882981533
20260717,M3,case_td030_pa200_pp0_5_gamma_004__steady,random,7,0.4420755918508906,0.050309085967164796,8.787191882981533
20260717,M3,case_td030_pa200_pp0_5_gamma_004__steady,random,8,0.4420755918508906,0.050309085967164796,8.787191882981533
20260717,M3,case_td030_pa200_pp0_5_gamma_004__steady,random,9,0.4420755918508906,0.050309085967164796,8.787191882981533
20260717,M3,case_td030_pa200_pp0_5_gamma_004__steady,random,10,0.41968308013047706,0.050309085967164796,8.34209312418022
20260717,M3,case_td030_pa200_pp0_5_gamma_004__steady,random,11,0.3772451471903531,0.050309085967164796,7.498549018294022
20260717,M3,case_td030_pa200_pp0_5_gamma_004__steady,random,12,0.3772451471903531,0.050309085967164796,7.498549018294022
20260717,M3,case_td030_pa200_pp0_5_gamma_004__steady,random,13,0.3772451471903531,0.050309085967164796,7.498549018294022
20260717,M3,case_td030_pa200_pp0_5_gamma_004__steady,random,14,0.28667268129853024,0.050309085967164796,5.698228774930094
20260717,M3,case_td030_pa200_pp0_5_gamma_004__steady,random,15,0.28667268129853024,0.050309085967164796,5.698228774930094
20260717,M3,case_td030_pa200_pp0_5_gamma_004__steady,random,16,0.28667268129853024,0.050309085967164796,5.698228774930094
20260717,M3,case_td030_pa200_pp0_5_gamma_004__steady,random,17,0.28667268129853024,0.050309085967164796,5.698228774930094
20260717,M3,case_td030_pa200_pp0_5_gamma_004__steady,random,18,0.28667268129853024,0.050309085967164796,5.698228774930094
20260717,M3,case_td030_pa200_pp0_5_gamma_004__steady,random,19,0.28667268129853024,0.050309085967164796,5.698228774930094
20260717,M3,case_td030_pa200_pp0_5_gamma_004__steady,random,20,0.1741069691463048,0.050309085967164796,3.460746022297823
20260717,M3,case_td030_pa200_pp0_5_gamma_004__steady,random,21,0.1741069691463048,0.050309085967164796,3.460746022297823
20260717,M3,case_td030_pa200_pp0_5_gamma_004__steady,random,22,0.1741069691463048,0.050309085967164796,3.460746022297823
20260717,M3,case_td030_pa200_pp0_5_gamma_004__steady,random,23,0.1741069691463048,0.050309085967164796,3.460746022297823
20260717,M3,case_td030_pa200_pp0_5_gamma_004__steady,random,24,0.1741069691463048,0.050309085967164796,3.460746022297823
20260717,M3,case_td030_pa200_pp0_5_gamma_004__steady,random,25,0.1741069691463048,0.050309085967164796,3.460746022297823
20260717,M3,case_td030_pa200_pp0_5_gamma_004__steady,random,26,0.1741069691463048,0.050309085967164796,3.460746022297823
20260717,M3,case_td030_pa200_pp0_5_gamma_004__steady,random,27,0.1741069691463048,0.050309085967164796,3.460746022297823
20260717,M3,case_td030_pa200_pp0_5_gamma_004__steady,random,28,0.1741069691463048,0.050309085967164796,3.460746022297823
20260717,M3,case_td030_pa200_pp0_5_gamma_004__steady,random,29,0.1741069691463048,0.050309085967164796,3.460746022297823
20260717,M3,case_td030_pa200_pp0_5_gamma_004__steady,random,30,0.1741069691463048,0.050309085967164796,3.460746022297823
20260717,M3,case_td030_pa200_pp0_5_gamma_004__steady,random,31,0.1741069691463048,0.050309085967164796,3.460746022297823
20260717,M3,case_td030_pa200_pp0_5_gamma_004__steady,random,32,0.1741069691463048,0.050309085967164796,3.460746022297823
20260717,M3,case_td030_pa200_pp0_5_gamma_004__steady,random,33,0.1741069691463048,0.050309085967164796,3.460746022297823
20260717,M3,case_td030_pa200_pp0_5_gamma_004__steady,random,34,0.1741069691463048,0.050309085967164796,3.460746022297823
20260717,M3,case_td030_pa200_pp0_5_gamma_004__steady,random,35,0.1741069691463048,0.050309085967164796,3.460746022297823
20260717,M3,case_td030_pa200_pp0_5_gamma_004__steady,random,36,0.1741069691463048,0.050309085967164796,3.460746022297823
20260717,M3,case_td030_pa200_pp0_5_gamma_004__steady,random,37,0.1741069691463048,0.050309085967164796,3.460746022297823
20260717,M3,case_td030_pa200_pp0_5_gamma_004__steady,random,38,0.12427164026810684,0.050309085967164796,2.4701629512652077
20260717,M3,case_td030_pa200_pp0_5_gamma_004__steady,random,39,0.12427164026810684,0.050309085967164796,2.4701629512652077
20260717,M3,case_td030_pa200_pp0_5_gamma_004__steady,random,40,0.12427164026810684,0.050309085967164796,2.4701629512652077
20260717,M3,case_td030_pa200_pp0_5_gamma_004__steady,random,41,0.12427164026810684,0.050309085967164796,2.4701629512652077
20260717,M3,case_td030_pa200_pp0_5_gamma_004__steady,random,42,0.09016287639581867,0.050309085967164796,1.7921787816750483
20260717,M3,case_td030_pa200_pp0_5_gamma_004__steady,random,43,0.09016287639581867,0.050309085967164796,1.7921787816750483
20260717,M3,case_td030_pa200_pp0_5_gamma_004__steady,random,44,0.09016287639581867,0.050309085967164796,1.7921787816750483
20260717,M3,case_td030_pa200_pp0_5_gamma_004__steady,random,45,0.09016287639581867,0.050309085967164796,1.7921787816750483
20260717,M3,case_td030_pa200_pp0_5_gamma_004__steady,random,46,0.09016287639581867,0.050309085967164796,1.7921787816750483
20260717,M3,case_td030_pa200_pp0_5_gamma_004__steady,random,47,0.09016287639581867,0.050309085967164796,1.7921787816750483
20260717,M3,case_td030_pa200_pp0_5_gamma_004__steady,random,48,0.09016287639581867,0.050309085967164796,1.7921787816750483
20260717,M3,case_td030_pa200_pp0_5_gamma_004__steady,random,49,0.09016287639581867,0.050309085967164796,1.7921787816750483
20260717,M3,case_td030_pa200_pp0_5_gamma_004__steady,random,50,0.09016287639581867,0.050309085967164796,1.7921787816750483
20260717,M3,case_td030_pa200_pp0_5_gamma_004__steady,random,51,0.09016287639581867,0.050309085967164796,1.7921787816750483
20260717,M3,case_td030_pa200_pp0_5_gamma_004__steady,random,52,0.09016287639581867,0.050309085967164796,1.7921787816750483
20260717,M3,case_td030_pa200_pp0_5_gamma_004__steady,random,53,0.09016287639581867,0.050309085967164796,1.7921787816750483
20260717,M3,case_td030_pa200_pp0_5_gamma_004__steady,random,54,0.09016287639581867,0.050309085967164796,1.7921787816750483
20260717,M3,case_td030_pa200_pp0_5_gamma_004__steady,random,55,0.09016287639581867,0.050309085967164796,1.7921787816750483
20260717,M3,case_td030_pa200_pp0_5_gamma_004__steady,random,56,0.09016287639581867,0.050309085967164796,1.7921787816750483
20260717,M3,case_td030_pa200_pp0_5_gamma_004__steady,random,57,0.09016287639581867,0.050309085967164796,1.7921787816750483
20260717,M3,case_td030_pa200_pp0_5_gamma_004__steady,random,58,0.058443933489307334,0.050309085967164796,1.161697382605041
20260717,M3,case_td030_pa200_pp0_5_gamma_004__steady,random,59,0.058443933489307334,0.050309085967164796,1.161697382605041
20260717,M3,case_td030_pa200_pp0_5_gamma_004__steady,random,60,0.058443933489307334,0.050309085967164796,1.161697382605041
20260717,M3,case_td030_pa200_pp0_5_gamma_004__steady,random,61,0.058443933489307334,0.050309085967164796,1.161697382605041
20260717,M3,case_td030_pa200_pp0_5_gamma_004__steady,random,62,0.058443933489307334,0.050309085967164796,1.161697382605041
20260717,M3,case_td030_pa200_pp0_5_gamma_004__steady,random,63,0.058443933489307334,0.050309085967164796,1.161697382605041
20260717,M3,case_td030_pa200_pp0_5_gamma_004__steady,random,64,0.058443933489307334,0.050309085967164796,1.161697382605041
20260717,M3,case_td030_pa200_pp0_5_gamma_004__steady,random,65,0.058443933489307334,0.050309085967164796,1.161697382605041
20260717,M3,case_td030_pa200_pp0_5_gamma_004__steady,random,66,0.058443933489307334,0.050309085967164796,1.161697382605041
20260717,M3,case_td030_pa200_pp0_5_gamma_004__steady,random,67,0.058443933489307334,0.050309085967164796,1.161697382605041
20260717,M3,case_td030_pa200_pp0_5_gamma_004__steady,random,68,0.058443933489307334,0.050309085967164796,1.161697382605041
20260717,M3,case_td030_pa200_pp0_5_gamma_004__steady,random,69,0.058443933489307334,0.050309085967164796,1.161697382605041
20260717,M3,case_td030_pa200_pp0_5_gamma_004__steady,random,70,0.058443933489307334,0.050309085967164796,1.161697382605041
20260717,M3,case_td030_pa200_pp0_5_gamma_004__steady,random,71,0.058443933489307334,0.050309085967164796,1.161697382605041
20260717,M3,case_td030_pa200_pp0_5_gamma_004__steady,random,72,0.058443933489307334,0.050309085967164796,1.161697382605041
20260717,M3,case_td030_pa200_pp0_5_gamma_004__steady,random,73,0.058443933489307334,0.050309085967164796,1.161697382605041
20260717,M3,case_td030_pa200_pp0_5_gamma_004__steady,random,74,0.058443933489307334,0.050309085967164796,1.161697382605041
20260717,M3,case_td030_pa200_pp0_5_gamma_004__steady,random,75,0.058443933489307334,0.050309085967164796,1.161697382605041
20260717,M3,case_td030_pa200_pp0_5_gamma_004__steady,random,76,0.058443933489307334,0.050309085967164796,1.161697382605041
20260717,M3,case_td030_pa200_pp0_5_gamma_004__steady,random,77,0.058443933489307334,0.050309085967164796,1.161697382605041
20260717,M3,case_td030_pa200_pp0_5_gamma_004__steady,random,78,0.058443933489307334,0.050309085967164796,1.161697382605041
20260717,M3,case_td030_pa200_pp0_5_gamma_004__steady,random,79,0.058443933489307334,0.050309085967164796,1.161697382605041
20260717,M3,case_td030_pa200_pp0_5_gamma_004__steady,random,80,0.058443933489307334,0.050309085967164796,1.161697382605041
20260717,M3,case_td030_pa200_pp0_5_gamma_004__steady,random,81,0.058443933489307334,0.050309085967164796,1.161697382605041
20260717,M3,case_td030_pa200_pp0_5_gamma_004__steady,random,82,0.058443933489307334,0.050309085967164796,1.161697382605041
20260717,M3,case_td030_pa200_pp0_5_gamma_004__steady,random,83,0.058443933489307334,0.050309085967164796,1.161697382605041
20260717,M3,case_td030_pa200_pp0_5_gamma_004__steady,random,84,0.058443933489307334,0.050309085967164796,1.161697382605041
20260717,M3,case_td030_pa200_pp0_5_gamma_004__steady,random,85,0.058443933489307334,0.050309085967164796,1.161697382605041
20260717,M3,case_td030_pa200_pp0_5_gamma_004__steady,random,86,0.058443933489307334,0.050309085967164796,1.161697382605041
20260717,M3,case_td030_pa200_pp0_5_gamma_004__steady,random,87,0.058443933489307334,0.050309085967164796,1.161697382605041
20260717,M3,case_td030_pa200_pp0_5_gamma_004__steady,random,88,0.058443933489307334,0.050309085967164796,1.161697382605041
20260717,M3,case_td030_pa200_pp0_5_gamma_004__steady,random,89,0.058443933489307334,0.050309085967164796,1.161697382605041
20260717,M3,case_td030_pa200_pp0_5_gamma_004__steady,random,90,0.058443933489307334,0.050309085967164796,1.161697382605041
20260717,M3,case_td030_pa200_pp0_5_gamma_004__steady,random,91,0.058443933489307334,0.050309085967164796,1.161697382605041
20260717,M3,case_td030_pa200_pp0_5_gamma_004__steady,random,92,0.058443933489307334,0.050309085967164796,1.161697382605041
20260717,M3,case_td030_pa200_pp0_5_gamma_004__steady,random,93,0.058443933489307334,0.050309085967164796,1.161697382605041
20260717,M3,case_td030_pa200_pp0_5_gamma_004__steady,random,94,0.058443933489307334,0.050309085967164796,1.161697382605041
20260717,M3,case_td030_pa200_pp0_5_gamma_004__steady,random,95,0.058443933489307334,0.050309085967164796,1.161697382605041
20260717,M3,case_td030_pa200_pp0_5_gamma_004__steady,random,96,0.058443933489307334,0.050309085967164796,1.161697382605041
20260717,M3,case_td030_pa200_pp0_5_gamma_004__steady,random,97,0.058443933489307334,0.050309085967164796,1.161697382605041
20260717,M3,case_td030_pa200_pp0_5_gamma_004__steady,random,98,0.058443933489307334,0.050309085967164796,1.161697382605041
20260717,M3,case_td030_pa200_pp0_5_gamma_004__steady,random,99,0.058443933489307334,0.050309085967164796,1.161697382605041
20260717,M3,case_td030_pa200_pp0_5_gamma_004__steady,random,100,0.058443933489307334,0.050309085967164796,1.161697382605041
20260718,M1,case_td003_pa050_pp0_3_gamma_010__steady,cmaes,1,0.5628434392461068,0.05425676600499663,10.373700474412228
20260718,M1,case_td003_pa050_pp0_3_gamma_010__steady,cmaes,2,0.20380514096805263,0.05425676600499663,3.756308309074001
20260718,M1,case_td003_pa050_pp0_3_gamma_010__steady,cmaes,3,0.20380514096805263,0.05425676600499663,3.756308309074001
20260718,M1,case_td003_pa050_pp0_3_gamma_010__steady,cmaes,4,0.20380514096805263,0.05425676600499663,3.756308309074001
20260718,M1,case_td003_pa050_pp0_3_gamma_010__steady,cmaes,5,0.20380514096805263,0.05425676600499663,3.756308309074001
20260718,M1,case_td003_pa050_pp0_3_gamma_010__steady,cmaes,6,0.07220233575706089,0.05425676600499663,1.3307526613438703
20260718,M1,case_td003_pa050_pp0_3_gamma_010__steady,cmaes,7,0.07220233575706089,0.05425676600499663,1.3307526613438703
20260718,M1,case_td003_pa050_pp0_3_gamma_010__steady,cmaes,8,0.07220233575706089,0.05425676600499663,1.3307526613438703
20260718,M1,case_td003_pa050_pp0_3_gamma_010__steady,cmaes,9,0.07220233575706089,0.05425676600499663,1.3307526613438703
20260718,M1,case_td003_pa050_pp0_3_gamma_010__steady,cmaes,10,0.07220233575706089,0.05425676600499663,1.3307526613438703
20260718,M1,case_td003_pa050_pp0_3_gamma_010__steady,cmaes,11,0.07220233575706089,0.05425676600499663,1.3307526613438703
20260718,M1,case_td003_pa050_pp0_3_gamma_010__steady,cmaes,12,0.07220233575706089,0.05425676600499663,1.3307526613438703
20260718,M1,case_td003_pa050_pp0_3_gamma_010__steady,cmaes,13,0.07220233575706089,0.05425676600499663,1.3307526613438703
20260718,M1,case_td003_pa050_pp0_3_gamma_010__steady,cmaes,14,0.07220233575706089,0.05425676600499663,1.3307526613438703
20260718,M1,case_td003_pa050_pp0_3_gamma_010__steady,cmaes,15,0.07220233575706089,0.05425676600499663,1.3307526613438703
20260718,M1,case_td003_pa050_pp0_3_gamma_010__steady,cmaes,16,0.07220233575706089,0.05425676600499663,1.3307526613438703
20260718,M1,case_td003_pa050_pp0_3_gamma_010__steady,cmaes,17,0.07220233575706089,0.05425676600499663,1.3307526613438703
20260718,M1,case_td003_pa050_pp0_3_gamma_010__steady,cmaes,18,0.07220233575706089,0.05425676600499663,1.3307526613438703
20260718,M1,case_td003_pa050_pp0_3_gamma_010__steady,cmaes,19,0.07220233575706089,0.05425676600499663,1.3307526613438703
20260718,M1,case_td003_pa050_pp0_3_gamma_010__steady,cmaes,20,0.07118813328917162,0.05425676600499663,1.3120600163049847
20260718,M1,case_td003_pa050_pp0_3_gamma_010__steady,cmaes,21,0.07118813328917162,0.05425676600499663,1.3120600163049847
20260718,M1,case_td003_pa050_pp0_3_gamma_010__steady,cmaes,22,0.07118813328917162,0.05425676600499663,1.3120600163049847
20260718,M1,case_td003_pa050_pp0_3_gamma_010__steady,cmaes,23,0.07118813328917162,0.05425676600499663,1.3120600163049847
20260718,M1,case_td003_pa050_pp0_3_gamma_010__steady,cmaes,24,0.07118813328917162,0.05425676600499663,1.3120600163049847
20260718,M1,case_td003_pa050_pp0_3_gamma_010__steady,cmaes,25,0.07118813328917162,0.05425676600499663,1.3120600163049847
20260718,M1,case_td003_pa050_pp0_3_gamma_010__steady,cmaes,26,0.07118813328917162,0.05425676600499663,1.3120600163049847
20260718,M1,case_td003_pa050_pp0_3_gamma_010__steady,cmaes,27,0.07118813328917162,0.05425676600499663,1.3120600163049847
20260718,M1,case_td003_pa050_pp0_3_gamma_010__steady,cmaes,28,0.07118813328917162,0.05425676600499663,1.3120600163049847
20260718,M1,case_td003_pa050_pp0_3_gamma_010__steady,cmaes,29,0.07118813328917162,0.05425676600499663,1.3120600163049847
20260718,M1,case_td003_pa050_pp0_3_gamma_010__steady,cmaes,30,0.07118813328917162,0.05425676600499663,1.3120600163049847
20260718,M1,case_td003_pa050_pp0_3_gamma_010__steady,cmaes,31,0.07118813328917162,0.05425676600499663,1.3120600163049847
20260718,M1,case_td003_pa050_pp0_3_gamma_010__steady,cmaes,32,0.07118813328917162,0.05425676600499663,1.3120600163049847
20260718,M1,case_td003_pa050_pp0_3_gamma_010__steady,cmaes,33,0.07118813328917162,0.05425676600499663,1.3120600163049847
20260718,M1,case_td003_pa050_pp0_3_gamma_010__steady,cmaes,34,0.07118813328917162,0.05425676600499663,1.3120600163049847
20260718,M1,case_td003_pa050_pp0_3_gamma_010__steady,cmaes,35,0.07118813328917162,0.05425676600499663,1.3120600163049847
20260718,M1,case_td003_pa050_pp0_3_gamma_010__steady,cmaes,36,0.07118813328917162,0.05425676600499663,1.3120600163049847
20260718,M1,case_td003_pa050_pp0_3_gamma_010__steady,cmaes,37,0.07118813328917162,0.05425676600499663,1.3120600163049847
20260718,M1,case_td003_pa050_pp0_3_gamma_010__steady,cmaes,38,0.07118813328917162,0.05425676600499663,1.3120600163049847
20260718,M1,case_td003_pa050_pp0_3_gamma_010__steady,cmaes,39,0.07118813328917162,0.05425676600499663,1.3120600163049847
20260718,M1,case_td003_pa050_pp0_3_gamma_010__steady,cmaes,40,0.07118813328917162,0.05425676600499663,1.3120600163049847
20260718,M1,case_td003_pa050_pp0_3_gamma_010__steady,cmaes,41,0.07118813328917162,0.05425676600499663,1.3120600163049847
20260718,M1,case_td003_pa050_pp0_3_gamma_010__steady,cmaes,42,0.07118813328917162,0.05425676600499663,1.3120600163049847
20260718,M1,case_td003_pa050_pp0_3_gamma_010__steady,cmaes,43,0.07118813328917162,0.05425676600499663,1.3120600163049847
20260718,M1,case_td003_pa050_pp0_3_gamma_010__steady,cmaes,44,0.07118813328917162,0.05425676600499663,1.3120600163049847
20260718,M1,case_td003_pa050_pp0_3_gamma_010__steady,cmaes,45,0.07118813328917162,0.05425676600499663,1.3120600163049847
20260718,M1,case_td003_pa050_pp0_3_gamma_010__steady,cmaes,46,0.07118813328917162,0.05425676600499663,1.3120600163049847
20260718,M1,case_td003_pa050_pp0_3_gamma_010__steady,cmaes,47,0.07118813328917162,0.05425676600499663,1.3120600163049847
20260718,M1,case_td003_pa050_pp0_3_gamma_010__steady,cmaes,48,0.07118813328917162,0.05425676600499663,1.3120600163049847
20260718,M1,case_td003_pa050_pp0_3_gamma_010__steady,cmaes,49,0.07118813328917162,0.05425676600499663,1.3120600163049847
20260718,M1,case_td003_pa050_pp0_3_gamma_010__steady,cmaes,50,0.07118813328917162,0.05425676600499663,1.3120600163049847
20260718,M1,case_td003_pa050_pp0_3_gamma_010__steady,cmaes,51,0.07118813328917162,0.05425676600499663,1.3120600163049847
20260718,M1,case_td003_pa050_pp0_3_gamma_010__steady,cmaes,52,0.07118813328917162,0.05425676600499663,1.3120600163049847
20260718,M1,case_td003_pa050_pp0_3_gamma_010__steady,cmaes,53,0.05654897171540327,0.05425676600499663,1.0422473707739148
20260718,M1,case_td003_pa050_pp0_3_gamma_010__steady,cmaes,54,0.05654897171540327,0.05425676600499663,1.0422473707739148
20260718,M1,case_td003_pa050_pp0_3_gamma_010__steady,cmaes,55,0.05654897171540327,0.05425676600499663,1.0422473707739148
20260718,M1,case_td003_pa050_pp0_3_gamma_010__steady,cmaes,56,0.05654897171540327,0.05425676600499663,1.0422473707739148
20260718,M1,case_td003_pa050_pp0_3_gamma_010__steady,cmaes,57,0.05654897171540327,0.05425676600499663,1.0422473707739148
20260718,M1,case_td003_pa050_pp0_3_gamma_010__steady,cmaes,58,0.05654897171540327,0.05425676600499663,1.0422473707739148
20260718,M1,case_td003_pa050_pp0_3_gamma_010__steady,cmaes,59,0.05654897171540327,0.05425676600499663,1.0422473707739148
20260718,M1,case_td003_pa050_pp0_3_gamma_010__steady,cmaes,60,0.05654897171540327,0.05425676600499663,1.0422473707739148
20260718,M1,case_td003_pa050_pp0_3_gamma_010__steady,cmaes,61,0.05654897171540327,0.05425676600499663,1.0422473707739148
20260718,M1,case_td003_pa050_pp0_3_gamma_010__steady,cmaes,62,0.05654897171540327,0.05425676600499663,1.0422473707739148
20260718,M1,case_td003_pa050_pp0_3_gamma_010__steady,cmaes,63,0.05654897171540327,0.05425676600499663,1.0422473707739148
20260718,M1,case_td003_pa050_pp0_3_gamma_010__steady,cmaes,64,0.05654897171540327,0.05425676600499663,1.0422473707739148
20260718,M1,case_td003_pa050_pp0_3_gamma_010__steady,cmaes,65,0.05654897171540327,0.05425676600499663,1.0422473707739148
20260718,M1,case_td003_pa050_pp0_3_gamma_010__steady,cmaes,66,0.05654897171540327,0.05425676600499663,1.0422473707739148
20260718,M1,case_td003_pa050_pp0_3_gamma_010__steady,cmaes,67,0.05654897171540327,0.05425676600499663,1.0422473707739148
20260718,M1,case_td003_pa050_pp0_3_gamma_010__steady,cmaes,68,0.05654897171540327,0.05425676600499663,1.0422473707739148
20260718,M1,case_td003_pa050_pp0_3_gamma_010__steady,cmaes,69,0.05654897171540327,0.05425676600499663,1.0422473707739148
20260718,M1,case_td003_pa050_pp0_3_gamma_010__steady,cmaes,70,0.05654897171540327,0.05425676600499663,1.0422473707739148
20260718,M1,case_td003_pa050_pp0_3_gamma_010__steady,cmaes,71,0.05654897171540327,0.05425676600499663,1.0422473707739148
20260718,M1,case_td003_pa050_pp0_3_gamma_010__steady,cmaes,72,0.05654897171540327,0.05425676600499663,1.0422473707739148
20260718,M1,case_td003_pa050_pp0_3_gamma_010__steady,cmaes,73,0.05654897171540327,0.05425676600499663,1.0422473707739148
20260718,M1,case_td003_pa050_pp0_3_gamma_010__steady,cmaes,74,0.05654897171540327,0.05425676600499663,1.0422473707739148
20260718,M1,case_td003_pa050_pp0_3_gamma_010__steady,cmaes,75,0.05654897171540327,0.05425676600499663,1.0422473707739148
20260718,M1,case_td003_pa050_pp0_3_gamma_010__steady,cmaes,76,0.05654897171540327,0.05425676600499663,1.0422473707739148
20260718,M1,case_td003_pa050_pp0_3_gamma_010__steady,cmaes,77,0.05654897171540327,0.05425676600499663,1.0422473707739148
20260718,M1,case_td003_pa050_pp0_3_gamma_010__steady,cmaes,78,0.05654897171540327,0.05425676600499663,1.0422473707739148
20260718,M1,case_td003_pa050_pp0_3_gamma_010__steady,cmaes,79,0.05654897171540327,0.05425676600499663,1.0422473707739148
20260718,M1,case_td003_pa050_pp0_3_gamma_010__steady,cmaes,80,0.05654897171540327,0.05425676600499663,1.0422473707739148
20260718,M1,case_td003_pa050_pp0_3_gamma_010__steady,cmaes,81,0.05654897171540327,0.05425676600499663,1.0422473707739148
20260718,M1,case_td003_pa050_pp0_3_gamma_010__steady,cmaes,82,0.05654897171540327,0.05425676600499663,1.0422473707739148
20260718,M1,case_td003_pa050_pp0_3_gamma_010__steady,cmaes,83,0.05654897171540327,0.05425676600499663,1.0422473707739148
20260718,M1,case_td003_pa050_pp0_3_gamma_010__steady,cmaes,84,0.05654897171540327,0.05425676600499663,1.0422473707739148
20260718,M1,case_td003_pa050_pp0_3_gamma_010__steady,cmaes,85,0.05654897171540327,0.05425676600499663,1.0422473707739148
20260718,M1,case_td003_pa050_pp0_3_gamma_010__steady,cmaes,86,0.05654897171540327,0.05425676600499663,1.0422473707739148
20260718,M1,case_td003_pa050_pp0_3_gamma_010__steady,cmaes,87,0.05654897171540327,0.05425676600499663,1.0422473707739148
20260718,M1,case_td003_pa050_pp0_3_gamma_010__steady,cmaes,88,0.05654897171540327,0.05425676600499663,1.0422473707739148
20260718,M1,case_td003_pa050_pp0_3_gamma_010__steady,cmaes,89,0.05654897171540327,0.05425676600499663,1.0422473707739148
20260718,M1,case_td003_pa050_pp0_3_gamma_010__steady,cmaes,90,0.05654897171540327,0.05425676600499663,1.0422473707739148
20260718,M1,case_td003_pa050_pp0_3_gamma_010__steady,cmaes,91,0.05654897171540327,0.05425676600499663,1.0422473707739148
20260718,M1,case_td003_pa050_pp0_3_gamma_010__steady,cmaes,92,0.05654897171540327,0.05425676600499663,1.0422473707739148
20260718,M1,case_td003_pa050_pp0_3_gamma_010__steady,cmaes,93,0.05654897171540327,0.05425676600499663,1.0422473707739148
20260718,M1,case_td003_pa050_pp0_3_gamma_010__steady,cmaes,94,0.05654897171540327,0.05425676600499663,1.0422473707739148
20260718,M1,case_td003_pa050_pp0_3_gamma_010__steady,cmaes,95,0.05654897171540327,0.05425676600499663,1.0422473707739148
20260718,M1,case_td003_pa050_pp0_3_gamma_010__steady,cmaes,96,0.05654897171540327,0.05425676600499663,1.0422473707739148
20260718,M1,case_td003_pa050_pp0_3_gamma_010__steady,cmaes,97,0.05654897171540327,0.05425676600499663,1.0422473707739148
20260718,M1,case_td003_pa050_pp0_3_gamma_010__steady,cmaes,98,0.05654897171540327,0.05425676600499663,1.0422473707739148
20260718,M1,case_td003_pa050_pp0_3_gamma_010__steady,cmaes,99,0.05479009075234865,0.05425676600499663,1.009829644975576
20260718,M1,case_td003_pa050_pp0_3_gamma_010__steady,cmaes,100,0.05479009075234865,0.05425676600499663,1.009829644975576
20260718,M1,case_td003_pa050_pp0_3_gamma_010__steady,tpe,1,0.5628434392461068,0.05425676600499663,10.373700474412228
20260718,M1,case_td003_pa050_pp0_3_gamma_010__steady,tpe,2,0.5628434392461068,0.05425676600499663,10.373700474412228
20260718,M1,case_td003_pa050_pp0_3_gamma_010__steady,tpe,3,0.5628434392461068,0.05425676600499663,10.373700474412228
20260718,M1,case_td003_pa050_pp0_3_gamma_010__steady,tpe,4,0.5628434392461068,0.05425676600499663,10.373700474412228
20260718,M1,case_td003_pa050_pp0_3_gamma_010__steady,tpe,5,0.21890487126673197,0.05425676600499663,4.034609641985895
20260718,M1,case_td003_pa050_pp0_3_gamma_010__steady,tpe,6,0.1712995794837702,0.05425676600499663,3.157202172130842
20260718,M1,case_td003_pa050_pp0_3_gamma_010__steady,tpe,7,0.1712995794837702,0.05425676600499663,3.157202172130842
20260718,M1,case_td003_pa050_pp0_3_gamma_010__steady,tpe,8,0.1712995794837702,0.05425676600499663,3.157202172130842
20260718,M1,case_td003_pa050_pp0_3_gamma_010__steady,tpe,9,0.1712995794837702,0.05425676600499663,3.157202172130842
20260718,M1,case_td003_pa050_pp0_3_gamma_010__steady,tpe,10,0.1712995794837702,0.05425676600499663,3.157202172130842
20260718,M1,case_td003_pa050_pp0_3_gamma_010__steady,tpe,11,0.1712995794837702,0.05425676600499663,3.157202172130842
20260718,M1,case_td003_pa050_pp0_3_gamma_010__steady,tpe,12,0.1712995794837702,0.05425676600499663,3.157202172130842
20260718,M1,case_td003_pa050_pp0_3_gamma_010__steady,tpe,13,0.1712995794837702,0.05425676600499663,3.157202172130842
20260718,M1,case_td003_pa050_pp0_3_gamma_010__steady,tpe,14,0.09688754810581611,0.05425676600499663,1.7857228736577022
20260718,M1,case_td003_pa050_pp0_3_gamma_010__steady,tpe,15,0.09688754810581611,0.05425676600499663,1.7857228736577022
20260718,M1,case_td003_pa050_pp0_3_gamma_010__steady,tpe,16,0.09688754810581611,0.05425676600499663,1.7857228736577022
20260718,M1,case_td003_pa050_pp0_3_gamma_010__steady,tpe,17,0.09688754810581611,0.05425676600499663,1.7857228736577022
20260718,M1,case_td003_pa050_pp0_3_gamma_010__steady,tpe,18,0.09688754810581611,0.05425676600499663,1.7857228736577022
20260718,M1,case_td003_pa050_pp0_3_gamma_010__steady,tpe,19,0.09688754810581611,0.05425676600499663,1.7857228736577022
20260718,M1,case_td003_pa050_pp0_3_gamma_010__steady,tpe,20,0.09688754810581611,0.05425676600499663,1.7857228736577022
20260718,M1,case_td003_pa050_pp0_3_gamma_010__steady,tpe,21,0.09688754810581611,0.05425676600499663,1.7857228736577022
20260718,M1,case_td003_pa050_pp0_3_gamma_010__steady,tpe,22,0.09688754810581611,0.05425676600499663,1.7857228736577022
20260718,M1,case_td003_pa050_pp0_3_gamma_010__steady,tpe,23,0.09688754810581611,0.05425676600499663,1.7857228736577022
20260718,M1,case_td003_pa050_pp0_3_gamma_010__steady,tpe,24,0.09688754810581611,0.05425676600499663,1.7857228736577022
20260718,M1,case_td003_pa050_pp0_3_gamma_010__steady,tpe,25,0.09688754810581611,0.05425676600499663,1.7857228736577022
20260718,M1,case_td003_pa050_pp0_3_gamma_010__steady,tpe,26,0.09688754810581611,0.05425676600499663,1.7857228736577022
20260718,M1,case_td003_pa050_pp0_3_gamma_010__steady,tpe,27,0.09688754810581611,0.05425676600499663,1.7857228736577022
20260718,M1,case_td003_pa050_pp0_3_gamma_010__steady,tpe,28,0.09688754810581611,0.05425676600499663,1.7857228736577022
20260718,M1,case_td003_pa050_pp0_3_gamma_010__steady,tpe,29,0.09688754810581611,0.05425676600499663,1.7857228736577022
20260718,M1,case_td003_pa050_pp0_3_gamma_010__steady,tpe,30,0.09688754810581611,0.05425676600499663,1.7857228736577022
20260718,M1,case_td003_pa050_pp0_3_gamma_010__steady,tpe,31,0.07628032012272298,0.05425676600499663,1.405913506081401
20260718,M1,case_td003_pa050_pp0_3_gamma_010__steady,tpe,32,0.054711474205085445,0.05425676600499663,1.0083806727449796
20260718,M1,case_td003_pa050_pp0_3_gamma_010__steady,tpe,33,0.05396328698837466,0.05425676600499663,0.9945909231561102
20260718,M1,case_td003_pa050_pp0_3_gamma_010__steady,tpe,34,0.05396328698837466,0.05425676600499663,0.9945909231561102
20260718,M1,case_td003_pa050_pp0_3_gamma_010__steady,tpe,35,0.05396328698837466,0.05425676600499663,0.9945909231561102
20260718,M1,case_td003_pa050_pp0_3_gamma_010__steady,tpe,36,0.05396328698837466,0.05425676600499663,0.9945909231561102
20260718,M1,case_td003_pa050_pp0_3_gamma_010__steady,tpe,37,0.05396328698837466,0.05425676600499663,0.9945909231561102
20260718,M1,case_td003_pa050_pp0_3_gamma_010__steady,tpe,38,0.05396328698837466,0.05425676600499663,0.9945909231561102
20260718,M1,case_td003_pa050_pp0_3_gamma_010__steady,tpe,39,0.05396328698837466,0.05425676600499663,0.9945909231561102
20260718,M1,case_td003_pa050_pp0_3_gamma_010__steady,tpe,40,0.05396328698837466,0.05425676600499663,0.9945909231561102
20260718,M1,case_td003_pa050_pp0_3_gamma_010__steady,tpe,41,0.05396328698837466,0.05425676600499663,0.9945909231561102
20260718,M1,case_td003_pa050_pp0_3_gamma_010__steady,tpe,42,0.05396328698837466,0.05425676600499663,0.9945909231561102
20260718,M1,case_td003_pa050_pp0_3_gamma_010__steady,tpe,43,0.05396328698837466,0.05425676600499663,0.9945909231561102
20260718,M1,case_td003_pa050_pp0_3_gamma_010__steady,tpe,44,0.05396328698837466,0.05425676600499663,0.9945909231561102
20260718,M1,case_td003_pa050_pp0_3_gamma_010__steady,tpe,45,0.05396328698837466,0.05425676600499663,0.9945909231561102
20260718,M1,case_td003_pa050_pp0_3_gamma_010__steady,tpe,46,0.05396328698837466,0.05425676600499663,0.9945909231561102
20260718,M1,case_td003_pa050_pp0_3_gamma_010__steady,tpe,47,0.05396328698837466,0.05425676600499663,0.9945909231561102
20260718,M1,case_td003_pa050_pp0_3_gamma_010__steady,tpe,48,0.05396328698837466,0.05425676600499663,0.9945909231561102
20260718,M1,case_td003_pa050_pp0_3_gamma_010__steady,tpe,49,0.05396328698837466,0.05425676600499663,0.9945909231561102
20260718,M1,case_td003_pa050_pp0_3_gamma_010__steady,tpe,50,0.05396328698837466,0.05425676600499663,0.9945909231561102
20260718,M1,case_td003_pa050_pp0_3_gamma_010__steady,tpe,51,0.05396328698837466,0.05425676600499663,0.9945909231561102
20260718,M1,case_td003_pa050_pp0_3_gamma_010__steady,tpe,52,0.05396328698837466,0.05425676600499663,0.9945909231561102
20260718,M1,case_td003_pa050_pp0_3_gamma_010__steady,tpe,53,0.05396328698837466,0.05425676600499663,0.9945909231561102
20260718,M1,case_td003_pa050_pp0_3_gamma_010__steady,tpe,54,0.05396328698837466,0.05425676600499663,0.9945909231561102
20260718,M1,case_td003_pa050_pp0_3_gamma_010__steady,tpe,55,0.05396328698837466,0.05425676600499663,0.9945909231561102
20260718,M1,case_td003_pa050_pp0_3_gamma_010__steady,tpe,56,0.05396328698837466,0.05425676600499663,0.9945909231561102
20260718,M1,case_td003_pa050_pp0_3_gamma_010__steady,tpe,57,0.05396328698837466,0.05425676600499663,0.9945909231561102
20260718,M1,case_td003_pa050_pp0_3_gamma_010__steady,tpe,58,0.05396328698837466,0.05425676600499663,0.9945909231561102
20260718,M1,case_td003_pa050_pp0_3_gamma_010__steady,tpe,59,0.05396328698837466,0.05425676600499663,0.9945909231561102
20260718,M1,case_td003_pa050_pp0_3_gamma_010__steady,tpe,60,0.05396328698837466,0.05425676600499663,0.9945909231561102
20260718,M1,case_td003_pa050_pp0_3_gamma_010__steady,tpe,61,0.05396328698837466,0.05425676600499663,0.9945909231561102
20260718,M1,case_td003_pa050_pp0_3_gamma_010__steady,tpe,62,0.05396328698837466,0.05425676600499663,0.9945909231561102
20260718,M1,case_td003_pa050_pp0_3_gamma_010__steady,tpe,63,0.05396328698837466,0.05425676600499663,0.9945909231561102
20260718,M1,case_td003_pa050_pp0_3_gamma_010__steady,tpe,64,0.05396328698837466,0.05425676600499663,0.9945909231561102
20260718,M1,case_td003_pa050_pp0_3_gamma_010__steady,tpe,65,0.05396328698837466,0.05425676600499663,0.9945909231561102
20260718,M1,case_td003_pa050_pp0_3_gamma_010__steady,tpe,66,0.05396328698837466,0.05425676600499663,0.9945909231561102
20260718,M1,case_td003_pa050_pp0_3_gamma_010__steady,tpe,67,0.05396328698837466,0.05425676600499663,0.9945909231561102
20260718,M1,case_td003_pa050_pp0_3_gamma_010__steady,tpe,68,0.05396328698837466,0.05425676600499663,0.9945909231561102
20260718,M1,case_td003_pa050_pp0_3_gamma_010__steady,tpe,69,0.05396328698837466,0.05425676600499663,0.9945909231561102
20260718,M1,case_td003_pa050_pp0_3_gamma_010__steady,tpe,70,0.05396328698837466,0.05425676600499663,0.9945909231561102
20260718,M1,case_td003_pa050_pp0_3_gamma_010__steady,tpe,71,0.05396328698837466,0.05425676600499663,0.9945909231561102
20260718,M1,case_td003_pa050_pp0_3_gamma_010__steady,tpe,72,0.05396328698837466,0.05425676600499663,0.9945909231561102
20260718,M1,case_td003_pa050_pp0_3_gamma_010__steady,tpe,73,0.05396328698837466,0.05425676600499663,0.9945909231561102
20260718,M1,case_td003_pa050_pp0_3_gamma_010__steady,tpe,74,0.05396328698837466,0.05425676600499663,0.9945909231561102
20260718,M1,case_td003_pa050_pp0_3_gamma_010__steady,tpe,75,0.05396328698837466,0.05425676600499663,0.9945909231561102
20260718,M1,case_td003_pa050_pp0_3_gamma_010__steady,tpe,76,0.05396328698837466,0.05425676600499663,0.9945909231561102
20260718,M1,case_td003_pa050_pp0_3_gamma_010__steady,tpe,77,0.05396328698837466,0.05425676600499663,0.9945909231561102
20260718,M1,case_td003_pa050_pp0_3_gamma_010__steady,tpe,78,0.05396328698837466,0.05425676600499663,0.9945909231561102
20260718,M1,case_td003_pa050_pp0_3_gamma_010__steady,tpe,79,0.05396328698837466,0.05425676600499663,0.9945909231561102
20260718,M1,case_td003_pa050_pp0_3_gamma_010__steady,tpe,80,0.05396328698837466,0.05425676600499663,0.9945909231561102
20260718,M1,case_td003_pa050_pp0_3_gamma_010__steady,tpe,81,0.05396328698837466,0.05425676600499663,0.9945909231561102
20260718,M1,case_td003_pa050_pp0_3_gamma_010__steady,tpe,82,0.05396328698837466,0.05425676600499663,0.9945909231561102
20260718,M1,case_td003_pa050_pp0_3_gamma_010__steady,tpe,83,0.05396328698837466,0.05425676600499663,0.9945909231561102
20260718,M1,case_td003_pa050_pp0_3_gamma_010__steady,tpe,84,0.05396328698837466,0.05425676600499663,0.9945909231561102
20260718,M1,case_td003_pa050_pp0_3_gamma_010__steady,tpe,85,0.05396328698837466,0.05425676600499663,0.9945909231561102
20260718,M1,case_td003_pa050_pp0_3_gamma_010__steady,tpe,86,0.05396328698837466,0.05425676600499663,0.9945909231561102
20260718,M1,case_td003_pa050_pp0_3_gamma_010__steady,tpe,87,0.05396328698837466,0.05425676600499663,0.9945909231561102
20260718,M1,case_td003_pa050_pp0_3_gamma_010__steady,tpe,88,0.05396328698837466,0.05425676600499663,0.9945909231561102
20260718,M1,case_td003_pa050_pp0_3_gamma_010__steady,tpe,89,0.05396328698837466,0.05425676600499663,0.9945909231561102
20260718,M1,case_td003_pa050_pp0_3_gamma_010__steady,tpe,90,0.05396328698837466,0.05425676600499663,0.9945909231561102
20260718,M1,case_td003_pa050_pp0_3_gamma_010__steady,tpe,91,0.05396328698837466,0.05425676600499663,0.9945909231561102
20260718,M1,case_td003_pa050_pp0_3_gamma_010__steady,tpe,92,0.05396328698837466,0.05425676600499663,0.9945909231561102
20260718,M1,case_td003_pa050_pp0_3_gamma_010__steady,tpe,93,0.05396328698837466,0.05425676600499663,0.9945909231561102
20260718,M1,case_td003_pa050_pp0_3_gamma_010__steady,tpe,94,0.05396328698837466,0.05425676600499663,0.9945909231561102
20260718,M1,case_td003_pa050_pp0_3_gamma_010__steady,tpe,95,0.05396328698837466,0.05425676600499663,0.9945909231561102
20260718,M1,case_td003_pa050_pp0_3_gamma_010__steady,tpe,96,0.05396328698837466,0.05425676600499663,0.9945909231561102
20260718,M1,case_td003_pa050_pp0_3_gamma_010__steady,tpe,97,0.05396328698837466,0.05425676600499663,0.9945909231561102
20260718,M1,case_td003_pa050_pp0_3_gamma_010__steady,tpe,98,0.05396328698837466,0.05425676600499663,0.9945909231561102
20260718,M1,case_td003_pa050_pp0_3_gamma_010__steady,tpe,99,0.05396328698837466,0.05425676600499663,0.9945909231561102
20260718,M1,case_td003_pa050_pp0_3_gamma_010__steady,tpe,100,0.05396328698837466,0.05425676600499663,0.9945909231561102
20260718,M1,case_td003_pa050_pp0_3_gamma_010__steady,random,1,0.5628434392461068,0.05425676600499663,10.373700474412228
20260718,M1,case_td003_pa050_pp0_3_gamma_010__steady,random,2,0.5628434392461068,0.05425676600499663,10.373700474412228
20260718,M1,case_td003_pa050_pp0_3_gamma_010__steady,random,3,0.4588140346772463,0.05425676600499663,8.456346893860077
20260718,M1,case_td003_pa050_pp0_3_gamma_010__steady,random,4,0.2118040019297114,0.05425676600499663,3.9037343639354747
20260718,M1,case_td003_pa050_pp0_3_gamma_010__steady,random,5,0.059134330165302035,0.05425676600499663,1.0898978048167525
20260718,M1,case_td003_pa050_pp0_3_gamma_010__steady,random,6,0.059134330165302035,0.05425676600499663,1.0898978048167525
20260718,M1,case_td003_pa050_pp0_3_gamma_010__steady,random,7,0.059134330165302035,0.05425676600499663,1.0898978048167525
20260718,M1,case_td003_pa050_pp0_3_gamma_010__steady,random,8,0.059134330165302035,0.05425676600499663,1.0898978048167525
20260718,M1,case_td003_pa050_pp0_3_gamma_010__steady,random,9,0.059134330165302035,0.05425676600499663,1.0898978048167525
20260718,M1,case_td003_pa050_pp0_3_gamma_010__steady,random,10,0.059134330165302035,0.05425676600499663,1.0898978048167525
20260718,M1,case_td003_pa050_pp0_3_gamma_010__steady,random,11,0.059134330165302035,0.05425676600499663,1.0898978048167525
20260718,M1,case_td003_pa050_pp0_3_gamma_010__steady,random,12,0.059134330165302035,0.05425676600499663,1.0898978048167525
20260718,M1,case_td003_pa050_pp0_3_gamma_010__steady,random,13,0.059134330165302035,0.05425676600499663,1.0898978048167525
20260718,M1,case_td003_pa050_pp0_3_gamma_010__steady,random,14,0.059134330165302035,0.05425676600499663,1.0898978048167525
20260718,M1,case_td003_pa050_pp0_3_gamma_010__steady,random,15,0.059134330165302035,0.05425676600499663,1.0898978048167525
20260718,M1,case_td003_pa050_pp0_3_gamma_010__steady,random,16,0.059134330165302035,0.05425676600499663,1.0898978048167525
20260718,M1,case_td003_pa050_pp0_3_gamma_010__steady,random,17,0.059134330165302035,0.05425676600499663,1.0898978048167525
20260718,M1,case_td003_pa050_pp0_3_gamma_010__steady,random,18,0.059134330165302035,0.05425676600499663,1.0898978048167525
20260718,M1,case_td003_pa050_pp0_3_gamma_010__steady,random,19,0.059134330165302035,0.05425676600499663,1.0898978048167525
20260718,M1,case_td003_pa050_pp0_3_gamma_010__steady,random,20,0.059134330165302035,0.05425676600499663,1.0898978048167525
20260718,M1,case_td003_pa050_pp0_3_gamma_010__steady,random,21,0.059134330165302035,0.05425676600499663,1.0898978048167525
20260718,M1,case_td003_pa050_pp0_3_gamma_010__steady,random,22,0.059134330165302035,0.05425676600499663,1.0898978048167525
20260718,M1,case_td003_pa050_pp0_3_gamma_010__steady,random,23,0.059134330165302035,0.05425676600499663,1.0898978048167525
20260718,M1,case_td003_pa050_pp0_3_gamma_010__steady,random,24,0.059134330165302035,0.05425676600499663,1.0898978048167525
20260718,M1,case_td003_pa050_pp0_3_gamma_010__steady,random,25,0.059134330165302035,0.05425676600499663,1.0898978048167525
20260718,M1,case_td003_pa050_pp0_3_gamma_010__steady,random,26,0.059134330165302035,0.05425676600499663,1.0898978048167525
20260718,M1,case_td003_pa050_pp0_3_gamma_010__steady,random,27,0.059134330165302035,0.05425676600499663,1.0898978048167525
20260718,M1,case_td003_pa050_pp0_3_gamma_010__steady,random,28,0.059134330165302035,0.05425676600499663,1.0898978048167525
20260718,M1,case_td003_pa050_pp0_3_gamma_010__steady,random,29,0.059134330165302035,0.05425676600499663,1.0898978048167525
20260718,M1,case_td003_pa050_pp0_3_gamma_010__steady,random,30,0.059134330165302035,0.05425676600499663,1.0898978048167525
20260718,M1,case_td003_pa050_pp0_3_gamma_010__steady,random,31,0.059134330165302035,0.05425676600499663,1.0898978048167525
20260718,M1,case_td003_pa050_pp0_3_gamma_010__steady,random,32,0.059134330165302035,0.05425676600499663,1.0898978048167525
20260718,M1,case_td003_pa050_pp0_3_gamma_010__steady,random,33,0.059134330165302035,0.05425676600499663,1.0898978048167525
20260718,M1,case_td003_pa050_pp0_3_gamma_010__steady,random,34,0.059134330165302035,0.05425676600499663,1.0898978048167525
20260718,M1,case_td003_pa050_pp0_3_gamma_010__steady,random,35,0.059134330165302035,0.05425676600499663,1.0898978048167525
20260718,M1,case_td003_pa050_pp0_3_gamma_010__steady,random,36,0.059134330165302035,0.05425676600499663,1.0898978048167525
20260718,M1,case_td003_pa050_pp0_3_gamma_010__steady,random,37,0.059134330165302035,0.05425676600499663,1.0898978048167525
20260718,M1,case_td003_pa050_pp0_3_gamma_010__steady,random,38,0.059134330165302035,0.05425676600499663,1.0898978048167525
20260718,M1,case_td003_pa050_pp0_3_gamma_010__steady,random,39,0.059134330165302035,0.05425676600499663,1.0898978048167525
20260718,M1,case_td003_pa050_pp0_3_gamma_010__steady,random,40,0.059134330165302035,0.05425676600499663,1.0898978048167525
20260718,M1,case_td003_pa050_pp0_3_gamma_010__steady,random,41,0.059134330165302035,0.05425676600499663,1.0898978048167525
20260718,M1,case_td003_pa050_pp0_3_gamma_010__steady,random,42,0.059134330165302035,0.05425676600499663,1.0898978048167525
20260718,M1,case_td003_pa050_pp0_3_gamma_010__steady,random,43,0.059134330165302035,0.05425676600499663,1.0898978048167525
20260718,M1,case_td003_pa050_pp0_3_gamma_010__steady,random,44,0.059134330165302035,0.05425676600499663,1.0898978048167525
20260718,M1,case_td003_pa050_pp0_3_gamma_010__steady,random,45,0.059134330165302035,0.05425676600499663,1.0898978048167525
20260718,M1,case_td003_pa050_pp0_3_gamma_010__steady,random,46,0.059134330165302035,0.05425676600499663,1.0898978048167525
20260718,M1,case_td003_pa050_pp0_3_gamma_010__steady,random,47,0.059134330165302035,0.05425676600499663,1.0898978048167525
20260718,M1,case_td003_pa050_pp0_3_gamma_010__steady,random,48,0.059134330165302035,0.05425676600499663,1.0898978048167525
20260718,M1,case_td003_pa050_pp0_3_gamma_010__steady,random,49,0.059134330165302035,0.05425676600499663,1.0898978048167525
20260718,M1,case_td003_pa050_pp0_3_gamma_010__steady,random,50,0.059134330165302035,0.05425676600499663,1.0898978048167525
20260718,M1,case_td003_pa050_pp0_3_gamma_010__steady,random,51,0.059134330165302035,0.05425676600499663,1.0898978048167525
20260718,M1,case_td003_pa050_pp0_3_gamma_010__steady,random,52,0.059134330165302035,0.05425676600499663,1.0898978048167525
20260718,M1,case_td003_pa050_pp0_3_gamma_010__steady,random,53,0.059134330165302035,0.05425676600499663,1.0898978048167525
20260718,M1,case_td003_pa050_pp0_3_gamma_010__steady,random,54,0.059134330165302035,0.05425676600499663,1.0898978048167525
20260718,M1,case_td003_pa050_pp0_3_gamma_010__steady,random,55,0.059134330165302035,0.05425676600499663,1.0898978048167525
20260718,M1,case_td003_pa050_pp0_3_gamma_010__steady,random,56,0.059134330165302035,0.05425676600499663,1.0898978048167525
20260718,M1,case_td003_pa050_pp0_3_gamma_010__steady,random,57,0.059134330165302035,0.05425676600499663,1.0898978048167525
20260718,M1,case_td003_pa050_pp0_3_gamma_010__steady,random,58,0.059134330165302035,0.05425676600499663,1.0898978048167525
20260718,M1,case_td003_pa050_pp0_3_gamma_010__steady,random,59,0.059134330165302035,0.05425676600499663,1.0898978048167525
20260718,M1,case_td003_pa050_pp0_3_gamma_010__steady,random,60,0.059134330165302035,0.05425676600499663,1.0898978048167525
20260718,M1,case_td003_pa050_pp0_3_gamma_010__steady,random,61,0.059134330165302035,0.05425676600499663,1.0898978048167525
20260718,M1,case_td003_pa050_pp0_3_gamma_010__steady,random,62,0.059134330165302035,0.05425676600499663,1.0898978048167525
20260718,M1,case_td003_pa050_pp0_3_gamma_010__steady,random,63,0.059134330165302035,0.05425676600499663,1.0898978048167525
20260718,M1,case_td003_pa050_pp0_3_gamma_010__steady,random,64,0.059134330165302035,0.05425676600499663,1.0898978048167525
20260718,M1,case_td003_pa050_pp0_3_gamma_010__steady,random,65,0.059134330165302035,0.05425676600499663,1.0898978048167525
20260718,M1,case_td003_pa050_pp0_3_gamma_010__steady,random,66,0.059134330165302035,0.05425676600499663,1.0898978048167525
20260718,M1,case_td003_pa050_pp0_3_gamma_010__steady,random,67,0.059134330165302035,0.05425676600499663,1.0898978048167525
20260718,M1,case_td003_pa050_pp0_3_gamma_010__steady,random,68,0.059134330165302035,0.05425676600499663,1.0898978048167525
20260718,M1,case_td003_pa050_pp0_3_gamma_010__steady,random,69,0.059134330165302035,0.05425676600499663,1.0898978048167525
20260718,M1,case_td003_pa050_pp0_3_gamma_010__steady,random,70,0.059134330165302035,0.05425676600499663,1.0898978048167525
20260718,M1,case_td003_pa050_pp0_3_gamma_010__steady,random,71,0.059134330165302035,0.05425676600499663,1.0898978048167525
20260718,M1,case_td003_pa050_pp0_3_gamma_010__steady,random,72,0.059134330165302035,0.05425676600499663,1.0898978048167525
20260718,M1,case_td003_pa050_pp0_3_gamma_010__steady,random,73,0.059134330165302035,0.05425676600499663,1.0898978048167525
20260718,M1,case_td003_pa050_pp0_3_gamma_010__steady,random,74,0.059134330165302035,0.05425676600499663,1.0898978048167525
20260718,M1,case_td003_pa050_pp0_3_gamma_010__steady,random,75,0.059134330165302035,0.05425676600499663,1.0898978048167525
20260718,M1,case_td003_pa050_pp0_3_gamma_010__steady,random,76,0.059134330165302035,0.05425676600499663,1.0898978048167525
20260718,M1,case_td003_pa050_pp0_3_gamma_010__steady,random,77,0.059134330165302035,0.05425676600499663,1.0898978048167525
20260718,M1,case_td003_pa050_pp0_3_gamma_010__steady,random,78,0.059134330165302035,0.05425676600499663,1.0898978048167525
20260718,M1,case_td003_pa050_pp0_3_gamma_010__steady,random,79,0.059134330165302035,0.05425676600499663,1.0898978048167525
20260718,M1,case_td003_pa050_pp0_3_gamma_010__steady,random,80,0.059134330165302035,0.05425676600499663,1.0898978048167525
20260718,M1,case_td003_pa050_pp0_3_gamma_010__steady,random,81,0.059134330165302035,0.05425676600499663,1.0898978048167525
20260718,M1,case_td003_pa050_pp0_3_gamma_010__steady,random,82,0.059134330165302035,0.05425676600499663,1.0898978048167525
20260718,M1,case_td003_pa050_pp0_3_gamma_010__steady,random,83,0.059134330165302035,0.05425676600499663,1.0898978048167525
20260718,M1,case_td003_pa050_pp0_3_gamma_010__steady,random,84,0.059134330165302035,0.05425676600499663,1.0898978048167525
20260718,M1,case_td003_pa050_pp0_3_gamma_010__steady,random,85,0.059134330165302035,0.05425676600499663,1.0898978048167525
20260718,M1,case_td003_pa050_pp0_3_gamma_010__steady,random,86,0.059134330165302035,0.05425676600499663,1.0898978048167525
20260718,M1,case_td003_pa050_pp0_3_gamma_010__steady,random,87,0.059134330165302035,0.05425676600499663,1.0898978048167525
20260718,M1,case_td003_pa050_pp0_3_gamma_010__steady,random,88,0.059134330165302035,0.05425676600499663,1.0898978048167525
20260718,M1,case_td003_pa050_pp0_3_gamma_010__steady,random,89,0.059134330165302035,0.05425676600499663,1.0898978048167525
20260718,M1,case_td003_pa050_pp0_3_gamma_010__steady,random,90,0.059134330165302035,0.05425676600499663,1.0898978048167525
20260718,M1,case_td003_pa050_pp0_3_gamma_010__steady,random,91,0.059134330165302035,0.05425676600499663,1.0898978048167525
20260718,M1,case_td003_pa050_pp0_3_gamma_010__steady,random,92,0.059134330165302035,0.05425676600499663,1.0898978048167525
20260718,M1,case_td003_pa050_pp0_3_gamma_010__steady,random,93,0.059134330165302035,0.05425676600499663,1.0898978048167525
20260718,M1,case_td003_pa050_pp0_3_gamma_010__steady,random,94,0.059134330165302035,0.05425676600499663,1.0898978048167525
20260718,M1,case_td003_pa050_pp0_3_gamma_010__steady,random,95,0.059134330165302035,0.05425676600499663,1.0898978048167525
20260718,M1,case_td003_pa050_pp0_3_gamma_010__steady,random,96,0.059134330165302035,0.05425676600499663,1.0898978048167525
20260718,M1,case_td003_pa050_pp0_3_gamma_010__steady,random,97,0.059134330165302035,0.05425676600499663,1.0898978048167525
20260718,M1,case_td003_pa050_pp0_3_gamma_010__steady,random,98,0.059134330165302035,0.05425676600499663,1.0898978048167525
20260718,M1,case_td003_pa050_pp0_3_gamma_010__steady,random,99,0.059134330165302035,0.05425676600499663,1.0898978048167525
20260718,M1,case_td003_pa050_pp0_3_gamma_010__steady,random,100,0.059134330165302035,0.05425676600499663,1.0898978048167525
20260718,M2,case_td016_pp0_1_gamma_007__steady,cmaes,1,1.7278961645927335,0.04631699798266529,37.305875593220016
20260718,M2,case_td016_pp0_1_gamma_007__steady,cmaes,2,1.0923119127756227,0.04631699798266529,23.583391850750647
20260718,M2,case_td016_pp0_1_gamma_007__steady,cmaes,3,1.0923119127756227,0.04631699798266529,23.583391850750647
20260718,M2,case_td016_pp0_1_gamma_007__steady,cmaes,4,1.0923119127756227,0.04631699798266529,23.583391850750647
20260718,M2,case_td016_pp0_1_gamma_007__steady,cmaes,5,1.0923119127756227,0.04631699798266529,23.583391850750647
20260718,M2,case_td016_pp0_1_gamma_007__steady,cmaes,6,0.8298135991159333,0.04631699798266529,17.915962503150602
20260718,M2,case_td016_pp0_1_gamma_007__steady,cmaes,7,0.8298135991159333,0.04631699798266529,17.915962503150602
20260718,M2,case_td016_pp0_1_gamma_007__steady,cmaes,8,0.8298135991159333,0.04631699798266529,17.915962503150602
20260718,M2,case_td016_pp0_1_gamma_007__steady,cmaes,9,0.8298135991159333,0.04631699798266529,17.915962503150602
20260718,M2,case_td016_pp0_1_gamma_007__steady,cmaes,10,0.49598065948451897,0.04631699798266529,10.708393917717766
20260718,M2,case_td016_pp0_1_gamma_007__steady,cmaes,11,0.49598065948451897,0.04631699798266529,10.708393917717766
20260718,M2,case_td016_pp0_1_gamma_007__steady,cmaes,12,0.49598065948451897,0.04631699798266529,10.708393917717766
20260718,M2,case_td016_pp0_1_gamma_007__steady,cmaes,13,0.49598065948451897,0.04631699798266529,10.708393917717766
20260718,M2,case_td016_pp0_1_gamma_007__steady,cmaes,14,0.49598065948451897,0.04631699798266529,10.708393917717766
20260718,M2,case_td016_pp0_1_gamma_007__steady,cmaes,15,0.49598065948451897,0.04631699798266529,10.708393917717766
20260718,M2,case_td016_pp0_1_gamma_007__steady,cmaes,16,0.33251541129672324,0.04631699798266529,7.179122693167016
20260718,M2,case_td016_pp0_1_gamma_007__steady,cmaes,17,0.33251541129672324,0.04631699798266529,7.179122693167016
20260718,M2,case_td016_pp0_1_gamma_007__steady,cmaes,18,0.33251541129672324,0.04631699798266529,7.179122693167016
20260718,M2,case_td016_pp0_1_gamma_007__steady,cmaes,19,0.33251541129672324,0.04631699798266529,7.179122693167016
20260718,M2,case_td016_pp0_1_gamma_007__steady,cmaes,20,0.33251541129672324,0.04631699798266529,7.179122693167016
20260718,M2,case_td016_pp0_1_gamma_007__steady,cmaes,21,0.33251541129672324,0.04631699798266529,7.179122693167016
20260718,M2,case_td016_pp0_1_gamma_007__steady,cmaes,22,0.28122316275430087,0.04631699798266529,6.071705313447822
20260718,M2,case_td016_pp0_1_gamma_007__steady,cmaes,23,0.28122316275430087,0.04631699798266529,6.071705313447822
20260718,M2,case_td016_pp0_1_gamma_007__steady,cmaes,24,0.28122316275430087,0.04631699798266529,6.071705313447822
20260718,M2,case_td016_pp0_1_gamma_007__steady,cmaes,25,0.28122316275430087,0.04631699798266529,6.071705313447822
20260718,M2,case_td016_pp0_1_gamma_007__steady,cmaes,26,0.28122316275430087,0.04631699798266529,6.071705313447822
20260718,M2,case_td016_pp0_1_gamma_007__steady,cmaes,27,0.25751493219784416,0.04631699798266529,5.559836418893606
20260718,M2,case_td016_pp0_1_gamma_007__steady,cmaes,28,0.04836892637985769,0.04631699798266529,1.0443018435253588
20260718,M2,case_td016_pp0_1_gamma_007__steady,cmaes,29,0.04836892637985769,0.04631699798266529,1.0443018435253588
20260718,M2,case_td016_pp0_1_gamma_007__steady,cmaes,30,0.04836892637985769,0.04631699798266529,1.0443018435253588
20260718,M2,case_td016_pp0_1_gamma_007__steady,cmaes,31,0.04260500486453202,0.04631699798266529,0.9198567852017843
20260718,M2,case_td016_pp0_1_gamma_007__steady,cmaes,32,0.04260500486453202,0.04631699798266529,0.9198567852017843
20260718,M2,case_td016_pp0_1_gamma_007__steady,cmaes,33,0.04260500486453202,0.04631699798266529,0.9198567852017843
20260718,M2,case_td016_pp0_1_gamma_007__steady,cmaes,34,0.04260500486453202,0.04631699798266529,0.9198567852017843
20260718,M2,case_td016_pp0_1_gamma_007__steady,cmaes,35,0.04260500486453202,0.04631699798266529,0.9198567852017843
20260718,M2,case_td016_pp0_1_gamma_007__steady,cmaes,36,0.04260500486453202,0.04631699798266529,0.9198567852017843
20260718,M2,case_td016_pp0_1_gamma_007__steady,cmaes,37,0.04260500486453202,0.04631699798266529,0.9198567852017843
20260718,M2,case_td016_pp0_1_gamma_007__steady,cmaes,38,0.04260500486453202,0.04631699798266529,0.9198567852017843
20260718,M2,case_td016_pp0_1_gamma_007__steady,cmaes,39,0.04260500486453202,0.04631699798266529,0.9198567852017843
20260718,M2,case_td016_pp0_1_gamma_007__steady,cmaes,40,0.04260500486453202,0.04631699798266529,0.9198567852017843
20260718,M2,case_td016_pp0_1_gamma_007__steady,cmaes,41,0.04260500486453202,0.04631699798266529,0.9198567852017843
20260718,M2,case_td016_pp0_1_gamma_007__steady,cmaes,42,0.04260500486453202,0.04631699798266529,0.9198567852017843
20260718,M2,case_td016_pp0_1_gamma_007__steady,cmaes,43,0.04260500486453202,0.04631699798266529,0.9198567852017843
20260718,M2,case_td016_pp0_1_gamma_007__steady,cmaes,44,0.04260500486453202,0.04631699798266529,0.9198567852017843
20260718,M2,case_td016_pp0_1_gamma_007__steady,cmaes,45,0.04260500486453202,0.04631699798266529,0.9198567852017843
20260718,M2,case_td016_pp0_1_gamma_007__steady,cmaes,46,0.04260500486453202,0.04631699798266529,0.9198567852017843
20260718,M2,case_td016_pp0_1_gamma_007__steady,cmaes,47,0.04260500486453202,0.04631699798266529,0.9198567852017843
20260718,M2,case_td016_pp0_1_gamma_007__steady,cmaes,48,0.04260500486453202,0.04631699798266529,0.9198567852017843
20260718,M2,case_td016_pp0_1_gamma_007__steady,cmaes,49,0.04260500486453202,0.04631699798266529,0.9198567852017843
20260718,M2,case_td016_pp0_1_gamma_007__steady,cmaes,50,0.04260500486453202,0.04631699798266529,0.9198567852017843
20260718,M2,case_td016_pp0_1_gamma_007__steady,cmaes,51,0.04260500486453202,0.04631699798266529,0.9198567852017843
20260718,M2,case_td016_pp0_1_gamma_007__steady,cmaes,52,0.04260500486453202,0.04631699798266529,0.9198567852017843
20260718,M2,case_td016_pp0_1_gamma_007__steady,cmaes,53,0.04260500486453202,0.04631699798266529,0.9198567852017843
20260718,M2,case_td016_pp0_1_gamma_007__steady,cmaes,54,0.04260500486453202,0.04631699798266529,0.9198567852017843
20260718,M2,case_td016_pp0_1_gamma_007__steady,cmaes,55,0.04260500486453202,0.04631699798266529,0.9198567852017843
20260718,M2,case_td016_pp0_1_gamma_007__steady,cmaes,56,0.04260500486453202,0.04631699798266529,0.9198567852017843
20260718,M2,case_td016_pp0_1_gamma_007__steady,cmaes,57,0.04260500486453202,0.04631699798266529,0.9198567852017843
20260718,M2,case_td016_pp0_1_gamma_007__steady,cmaes,58,0.04260500486453202,0.04631699798266529,0.9198567852017843
20260718,M2,case_td016_pp0_1_gamma_007__steady,cmaes,59,0.04260500486453202,0.04631699798266529,0.9198567852017843
20260718,M2,case_td016_pp0_1_gamma_007__steady,cmaes,60,0.04260500486453202,0.04631699798266529,0.9198567852017843
20260718,M2,case_td016_pp0_1_gamma_007__steady,cmaes,61,0.04260500486453202,0.04631699798266529,0.9198567852017843
20260718,M2,case_td016_pp0_1_gamma_007__steady,cmaes,62,0.04260500486453202,0.04631699798266529,0.9198567852017843
20260718,M2,case_td016_pp0_1_gamma_007__steady,cmaes,63,0.04260500486453202,0.04631699798266529,0.9198567852017843
20260718,M2,case_td016_pp0_1_gamma_007__steady,cmaes,64,0.04260500486453202,0.04631699798266529,0.9198567852017843
20260718,M2,case_td016_pp0_1_gamma_007__steady,cmaes,65,0.04260500486453202,0.04631699798266529,0.9198567852017843
20260718,M2,case_td016_pp0_1_gamma_007__steady,cmaes,66,0.04260500486453202,0.04631699798266529,0.9198567852017843
20260718,M2,case_td016_pp0_1_gamma_007__steady,cmaes,67,0.04260500486453202,0.04631699798266529,0.9198567852017843
20260718,M2,case_td016_pp0_1_gamma_007__steady,cmaes,68,0.04260500486453202,0.04631699798266529,0.9198567852017843
20260718,M2,case_td016_pp0_1_gamma_007__steady,cmaes,69,0.04260500486453202,0.04631699798266529,0.9198567852017843
20260718,M2,case_td016_pp0_1_gamma_007__steady,cmaes,70,0.04260500486453202,0.04631699798266529,0.9198567852017843
20260718,M2,case_td016_pp0_1_gamma_007__steady,cmaes,71,0.04260500486453202,0.04631699798266529,0.9198567852017843
20260718,M2,case_td016_pp0_1_gamma_007__steady,cmaes,72,0.04260500486453202,0.04631699798266529,0.9198567852017843
20260718,M2,case_td016_pp0_1_gamma_007__steady,cmaes,73,0.04260500486453202,0.04631699798266529,0.9198567852017843
20260718,M2,case_td016_pp0_1_gamma_007__steady,cmaes,74,0.04260500486453202,0.04631699798266529,0.9198567852017843
20260718,M2,case_td016_pp0_1_gamma_007__steady,cmaes,75,0.04260500486453202,0.04631699798266529,0.9198567852017843
20260718,M2,case_td016_pp0_1_gamma_007__steady,cmaes,76,0.04260500486453202,0.04631699798266529,0.9198567852017843
20260718,M2,case_td016_pp0_1_gamma_007__steady,cmaes,77,0.04260500486453202,0.04631699798266529,0.9198567852017843
20260718,M2,case_td016_pp0_1_gamma_007__steady,cmaes,78,0.04260500486453202,0.04631699798266529,0.9198567852017843
20260718,M2,case_td016_pp0_1_gamma_007__steady,cmaes,79,0.04260500486453202,0.04631699798266529,0.9198567852017843
20260718,M2,case_td016_pp0_1_gamma_007__steady,cmaes,80,0.04260500486453202,0.04631699798266529,0.9198567852017843
20260718,M2,case_td016_pp0_1_gamma_007__steady,cmaes,81,0.04260500486453202,0.04631699798266529,0.9198567852017843
20260718,M2,case_td016_pp0_1_gamma_007__steady,cmaes,82,0.04260500486453202,0.04631699798266529,0.9198567852017843
20260718,M2,case_td016_pp0_1_gamma_007__steady,cmaes,83,0.04260500486453202,0.04631699798266529,0.9198567852017843
20260718,M2,case_td016_pp0_1_gamma_007__steady,cmaes,84,0.04260500486453202,0.04631699798266529,0.9198567852017843
20260718,M2,case_td016_pp0_1_gamma_007__steady,cmaes,85,0.04260500486453202,0.04631699798266529,0.9198567852017843
20260718,M2,case_td016_pp0_1_gamma_007__steady,cmaes,86,0.04260500486453202,0.04631699798266529,0.9198567852017843
20260718,M2,case_td016_pp0_1_gamma_007__steady,cmaes,87,0.04260500486453202,0.04631699798266529,0.9198567852017843
20260718,M2,case_td016_pp0_1_gamma_007__steady,cmaes,88,0.04260500486453202,0.04631699798266529,0.9198567852017843
20260718,M2,case_td016_pp0_1_gamma_007__steady,cmaes,89,0.04260500486453202,0.04631699798266529,0.9198567852017843
20260718,M2,case_td016_pp0_1_gamma_007__steady,cmaes,90,0.04260500486453202,0.04631699798266529,0.9198567852017843
20260718,M2,case_td016_pp0_1_gamma_007__steady,cmaes,91,0.04260500486453202,0.04631699798266529,0.9198567852017843
20260718,M2,case_td016_pp0_1_gamma_007__steady,cmaes,92,0.04260500486453202,0.04631699798266529,0.9198567852017843
20260718,M2,case_td016_pp0_1_gamma_007__steady,cmaes,93,0.04260500486453202,0.04631699798266529,0.9198567852017843
20260718,M2,case_td016_pp0_1_gamma_007__steady,cmaes,94,0.04260500486453202,0.04631699798266529,0.9198567852017843
20260718,M2,case_td016_pp0_1_gamma_007__steady,cmaes,95,0.04260500486453202,0.04631699798266529,0.9198567852017843
20260718,M2,case_td016_pp0_1_gamma_007__steady,cmaes,96,0.04260500486453202,0.04631699798266529,0.9198567852017843
20260718,M2,case_td016_pp0_1_gamma_007__steady,cmaes,97,0.04260500486453202,0.04631699798266529,0.9198567852017843
20260718,M2,case_td016_pp0_1_gamma_007__steady,cmaes,98,0.04260500486453202,0.04631699798266529,0.9198567852017843
20260718,M2,case_td016_pp0_1_gamma_007__steady,cmaes,99,0.04260500486453202,0.04631699798266529,0.9198567852017843
20260718,M2,case_td016_pp0_1_gamma_007__steady,cmaes,100,0.04260500486453202,0.04631699798266529,0.9198567852017843
20260718,M2,case_td016_pp0_1_gamma_007__steady,tpe,1,1.7278961645927335,0.04631699798266529,37.305875593220016
20260718,M2,case_td016_pp0_1_gamma_007__steady,tpe,2,1.7278961645927335,0.04631699798266529,37.305875593220016
20260718,M2,case_td016_pp0_1_gamma_007__steady,tpe,3,1.7278961645927335,0.04631699798266529,37.305875593220016
20260718,M2,case_td016_pp0_1_gamma_007__steady,tpe,4,1.7278961645927335,0.04631699798266529,37.305875593220016
20260718,M2,case_td016_pp0_1_gamma_007__steady,tpe,5,0.4071229139923249,0.04631699798266529,8.789924471026723
20260718,M2,case_td016_pp0_1_gamma_007__steady,tpe,6,0.4071229139923249,0.04631699798266529,8.789924471026723
20260718,M2,case_td016_pp0_1_gamma_007__steady,tpe,7,0.4071229139923249,0.04631699798266529,8.789924471026723
20260718,M2,case_td016_pp0_1_gamma_007__steady,tpe,8,0.4071229139923249,0.04631699798266529,8.789924471026723
20260718,M2,case_td016_pp0_1_gamma_007__steady,tpe,9,0.4071229139923249,0.04631699798266529,8.789924471026723
20260718,M2,case_td016_pp0_1_gamma_007__steady,tpe,10,0.053836385043724094,0.04631699798266529,1.1623461663874033
20260718,M2,case_td016_pp0_1_gamma_007__steady,tpe,11,0.053836385043724094,0.04631699798266529,1.1623461663874033
20260718,M2,case_td016_pp0_1_gamma_007__steady,tpe,12,0.053836385043724094,0.04631699798266529,1.1623461663874033
20260718,M2,case_td016_pp0_1_gamma_007__steady,tpe,13,0.053836385043724094,0.04631699798266529,1.1623461663874033
20260718,M2,case_td016_pp0_1_gamma_007__steady,tpe,14,0.053836385043724094,0.04631699798266529,1.1623461663874033
20260718,M2,case_td016_pp0_1_gamma_007__steady,tpe,15,0.053836385043724094,0.04631699798266529,1.1623461663874033
20260718,M2,case_td016_pp0_1_gamma_007__steady,tpe,16,0.053836385043724094,0.04631699798266529,1.1623461663874033
20260718,M2,case_td016_pp0_1_gamma_007__steady,tpe,17,0.053836385043724094,0.04631699798266529,1.1623461663874033
20260718,M2,case_td016_pp0_1_gamma_007__steady,tpe,18,0.053836385043724094,0.04631699798266529,1.1623461663874033
20260718,M2,case_td016_pp0_1_gamma_007__steady,tpe,19,0.053836385043724094,0.04631699798266529,1.1623461663874033
20260718,M2,case_td016_pp0_1_gamma_007__steady,tpe,20,0.053836385043724094,0.04631699798266529,1.1623461663874033
20260718,M2,case_td016_pp0_1_gamma_007__steady,tpe,21,0.053836385043724094,0.04631699798266529,1.1623461663874033
20260718,M2,case_td016_pp0_1_gamma_007__steady,tpe,22,0.053836385043724094,0.04631699798266529,1.1623461663874033
20260718,M2,case_td016_pp0_1_gamma_007__steady,tpe,23,0.053836385043724094,0.04631699798266529,1.1623461663874033
20260718,M2,case_td016_pp0_1_gamma_007__steady,tpe,24,0.04783229586690238,0.04631699798266529,1.0327158052170007
20260718,M2,case_td016_pp0_1_gamma_007__steady,tpe,25,0.04783229586690238,0.04631699798266529,1.0327158052170007
20260718,M2,case_td016_pp0_1_gamma_007__steady,tpe,26,0.04783229586690238,0.04631699798266529,1.0327158052170007
20260718,M2,case_td016_pp0_1_gamma_007__steady,tpe,27,0.045282165214166975,0.04631699798266529,0.9776576027469308
20260718,M2,case_td016_pp0_1_gamma_007__steady,tpe,28,0.045282165214166975,0.04631699798266529,0.9776576027469308
20260718,M2,case_td016_pp0_1_gamma_007__steady,tpe,29,0.045282165214166975,0.04631699798266529,0.9776576027469308
20260718,M2,case_td016_pp0_1_gamma_007__steady,tpe,30,0.045282165214166975,0.04631699798266529,0.9776576027469308
20260718,M2,case_td016_pp0_1_gamma_007__steady,tpe,31,0.045282165214166975,0.04631699798266529,0.9776576027469308
20260718,M2,case_td016_pp0_1_gamma_007__steady,tpe,32,0.04252040962542293,0.04631699798266529,0.9180303447416156
20260718,M2,case_td016_pp0_1_gamma_007__steady,tpe,33,0.04252040962542293,0.04631699798266529,0.9180303447416156
20260718,M2,case_td016_pp0_1_gamma_007__steady,tpe,34,0.04252040962542293,0.04631699798266529,0.9180303447416156
20260718,M2,case_td016_pp0_1_gamma_007__steady,tpe,35,0.04252040962542293,0.04631699798266529,0.9180303447416156
20260718,M2,case_td016_pp0_1_gamma_007__steady,tpe,36,0.04252040962542293,0.04631699798266529,0.9180303447416156
20260718,M2,case_td016_pp0_1_gamma_007__steady,tpe,37,0.04252040962542293,0.04631699798266529,0.9180303447416156
20260718,M2,case_td016_pp0_1_gamma_007__steady,tpe,38,0.04252040962542293,0.04631699798266529,0.9180303447416156
20260718,M2,case_td016_pp0_1_gamma_007__steady,tpe,39,0.04252040962542293,0.04631699798266529,0.9180303447416156
20260718,M2,case_td016_pp0_1_gamma_007__steady,tpe,40,0.04252040962542293,0.04631699798266529,0.9180303447416156
20260718,M2,case_td016_pp0_1_gamma_007__steady,tpe,41,0.04252040962542293,0.04631699798266529,0.9180303447416156
20260718,M2,case_td016_pp0_1_gamma_007__steady,tpe,42,0.04252040962542293,0.04631699798266529,0.9180303447416156
20260718,M2,case_td016_pp0_1_gamma_007__steady,tpe,43,0.04252040962542293,0.04631699798266529,0.9180303447416156
20260718,M2,case_td016_pp0_1_gamma_007__steady,tpe,44,0.04252040962542293,0.04631699798266529,0.9180303447416156
20260718,M2,case_td016_pp0_1_gamma_007__steady,tpe,45,0.04252040962542293,0.04631699798266529,0.9180303447416156
20260718,M2,case_td016_pp0_1_gamma_007__steady,tpe,46,0.04252040962542293,0.04631699798266529,0.9180303447416156
20260718,M2,case_td016_pp0_1_gamma_007__steady,tpe,47,0.04252040962542293,0.04631699798266529,0.9180303447416156
20260718,M2,case_td016_pp0_1_gamma_007__steady,tpe,48,0.04252040962542293,0.04631699798266529,0.9180303447416156
20260718,M2,case_td016_pp0_1_gamma_007__steady,tpe,49,0.04252040962542293,0.04631699798266529,0.9180303447416156
20260718,M2,case_td016_pp0_1_gamma_007__steady,tpe,50,0.04252040962542293,0.04631699798266529,0.9180303447416156
20260718,M2,case_td016_pp0_1_gamma_007__steady,tpe,51,0.04252040962542293,0.04631699798266529,0.9180303447416156
20260718,M2,case_td016_pp0_1_gamma_007__steady,tpe,52,0.04252040962542293,0.04631699798266529,0.9180303447416156
20260718,M2,case_td016_pp0_1_gamma_007__steady,tpe,53,0.04252040962542293,0.04631699798266529,0.9180303447416156
20260718,M2,case_td016_pp0_1_gamma_007__steady,tpe,54,0.04252040962542293,0.04631699798266529,0.9180303447416156
20260718,M2,case_td016_pp0_1_gamma_007__steady,tpe,55,0.04252040962542293,0.04631699798266529,0.9180303447416156
20260718,M2,case_td016_pp0_1_gamma_007__steady,tpe,56,0.04252040962542293,0.04631699798266529,0.9180303447416156
20260718,M2,case_td016_pp0_1_gamma_007__steady,tpe,57,0.04252040962542293,0.04631699798266529,0.9180303447416156
20260718,M2,case_td016_pp0_1_gamma_007__steady,tpe,58,0.04252040962542293,0.04631699798266529,0.9180303447416156
20260718,M2,case_td016_pp0_1_gamma_007__steady,tpe,59,0.04252040962542293,0.04631699798266529,0.9180303447416156
20260718,M2,case_td016_pp0_1_gamma_007__steady,tpe,60,0.04252040962542293,0.04631699798266529,0.9180303447416156
20260718,M2,case_td016_pp0_1_gamma_007__steady,tpe,61,0.04252040962542293,0.04631699798266529,0.9180303447416156
20260718,M2,case_td016_pp0_1_gamma_007__steady,tpe,62,0.04252040962542293,0.04631699798266529,0.9180303447416156
20260718,M2,case_td016_pp0_1_gamma_007__steady,tpe,63,0.04252040962542293,0.04631699798266529,0.9180303447416156
20260718,M2,case_td016_pp0_1_gamma_007__steady,tpe,64,0.04252040962542293,0.04631699798266529,0.9180303447416156
20260718,M2,case_td016_pp0_1_gamma_007__steady,tpe,65,0.04252040962542293,0.04631699798266529,0.9180303447416156
20260718,M2,case_td016_pp0_1_gamma_007__steady,tpe,66,0.04252040962542293,0.04631699798266529,0.9180303447416156
20260718,M2,case_td016_pp0_1_gamma_007__steady,tpe,67,0.04252040962542293,0.04631699798266529,0.9180303447416156
20260718,M2,case_td016_pp0_1_gamma_007__steady,tpe,68,0.04252040962542293,0.04631699798266529,0.9180303447416156
20260718,M2,case_td016_pp0_1_gamma_007__steady,tpe,69,0.04252040962542293,0.04631699798266529,0.9180303447416156
20260718,M2,case_td016_pp0_1_gamma_007__steady,tpe,70,0.04252040962542293,0.04631699798266529,0.9180303447416156
20260718,M2,case_td016_pp0_1_gamma_007__steady,tpe,71,0.04252040962542293,0.04631699798266529,0.9180303447416156
20260718,M2,case_td016_pp0_1_gamma_007__steady,tpe,72,0.04252040962542293,0.04631699798266529,0.9180303447416156
20260718,M2,case_td016_pp0_1_gamma_007__steady,tpe,73,0.04252040962542293,0.04631699798266529,0.9180303447416156
20260718,M2,case_td016_pp0_1_gamma_007__steady,tpe,74,0.04236115332339359,0.04631699798266529,0.9145919461198193
20260718,M2,case_td016_pp0_1_gamma_007__steady,tpe,75,0.04236115332339359,0.04631699798266529,0.9145919461198193
20260718,M2,case_td016_pp0_1_gamma_007__steady,tpe,76,0.04236115332339359,0.04631699798266529,0.9145919461198193
20260718,M2,case_td016_pp0_1_gamma_007__steady,tpe,77,0.04236115332339359,0.04631699798266529,0.9145919461198193
20260718,M2,case_td016_pp0_1_gamma_007__steady,tpe,78,0.04236115332339359,0.04631699798266529,0.9145919461198193
20260718,M2,case_td016_pp0_1_gamma_007__steady,tpe,79,0.04236115332339359,0.04631699798266529,0.9145919461198193
20260718,M2,case_td016_pp0_1_gamma_007__steady,tpe,80,0.04236115332339359,0.04631699798266529,0.9145919461198193
20260718,M2,case_td016_pp0_1_gamma_007__steady,tpe,81,0.04236115332339359,0.04631699798266529,0.9145919461198193
20260718,M2,case_td016_pp0_1_gamma_007__steady,tpe,82,0.04236115332339359,0.04631699798266529,0.9145919461198193
20260718,M2,case_td016_pp0_1_gamma_007__steady,tpe,83,0.04236115332339359,0.04631699798266529,0.9145919461198193
20260718,M2,case_td016_pp0_1_gamma_007__steady,tpe,84,0.04236115332339359,0.04631699798266529,0.9145919461198193
20260718,M2,case_td016_pp0_1_gamma_007__steady,tpe,85,0.04236115332339359,0.04631699798266529,0.9145919461198193
20260718,M2,case_td016_pp0_1_gamma_007__steady,tpe,86,0.04236115332339359,0.04631699798266529,0.9145919461198193
20260718,M2,case_td016_pp0_1_gamma_007__steady,tpe,87,0.04236115332339359,0.04631699798266529,0.9145919461198193
20260718,M2,case_td016_pp0_1_gamma_007__steady,tpe,88,0.04236115332339359,0.04631699798266529,0.9145919461198193
20260718,M2,case_td016_pp0_1_gamma_007__steady,tpe,89,0.04236115332339359,0.04631699798266529,0.9145919461198193
20260718,M2,case_td016_pp0_1_gamma_007__steady,tpe,90,0.04236115332339359,0.04631699798266529,0.9145919461198193
20260718,M2,case_td016_pp0_1_gamma_007__steady,tpe,91,0.04236115332339359,0.04631699798266529,0.9145919461198193
20260718,M2,case_td016_pp0_1_gamma_007__steady,tpe,92,0.04236115332339359,0.04631699798266529,0.9145919461198193
20260718,M2,case_td016_pp0_1_gamma_007__steady,tpe,93,0.04236115332339359,0.04631699798266529,0.9145919461198193
20260718,M2,case_td016_pp0_1_gamma_007__steady,tpe,94,0.04236115332339359,0.04631699798266529,0.9145919461198193
20260718,M2,case_td016_pp0_1_gamma_007__steady,tpe,95,0.04236115332339359,0.04631699798266529,0.9145919461198193
20260718,M2,case_td016_pp0_1_gamma_007__steady,tpe,96,0.04236115332339359,0.04631699798266529,0.9145919461198193
20260718,M2,case_td016_pp0_1_gamma_007__steady,tpe,97,0.04236115332339359,0.04631699798266529,0.9145919461198193
20260718,M2,case_td016_pp0_1_gamma_007__steady,tpe,98,0.04236115332339359,0.04631699798266529,0.9145919461198193
20260718,M2,case_td016_pp0_1_gamma_007__steady,tpe,99,0.04236115332339359,0.04631699798266529,0.9145919461198193
20260718,M2,case_td016_pp0_1_gamma_007__steady,tpe,100,0.04236115332339359,0.04631699798266529,0.9145919461198193
20260718,M2,case_td016_pp0_1_gamma_007__steady,random,1,1.7278961645927335,0.04631699798266529,37.305875593220016
20260718,M2,case_td016_pp0_1_gamma_007__steady,random,2,1.7278961645927335,0.04631699798266529,37.305875593220016
20260718,M2,case_td016_pp0_1_gamma_007__steady,random,3,1.5459164055040358,0.04631699798266529,33.37686967714561
20260718,M2,case_td016_pp0_1_gamma_007__steady,random,4,1.109321887482429,0.04631699798266529,23.950643085668172
20260718,M2,case_td016_pp0_1_gamma_007__steady,random,5,0.7113039066040263,0.04631699798266529,15.35729726849397
20260718,M2,case_td016_pp0_1_gamma_007__steady,random,6,0.7113039066040263,0.04631699798266529,15.35729726849397
20260718,M2,case_td016_pp0_1_gamma_007__steady,random,7,0.7113039066040263,0.04631699798266529,15.35729726849397
20260718,M2,case_td016_pp0_1_gamma_007__steady,random,8,0.7113039066040263,0.04631699798266529,15.35729726849397
20260718,M2,case_td016_pp0_1_gamma_007__steady,random,9,0.7113039066040263,0.04631699798266529,15.35729726849397
20260718,M2,case_td016_pp0_1_gamma_007__steady,random,10,0.7113039066040263,0.04631699798266529,15.35729726849397
20260718,M2,case_td016_pp0_1_gamma_007__steady,random,11,0.7113039066040263,0.04631699798266529,15.35729726849397
20260718,M2,case_td016_pp0_1_gamma_007__steady,random,12,0.6117183783760048,0.04631699798266529,13.20721128353241
20260718,M2,case_td016_pp0_1_gamma_007__steady,random,13,0.6117183783760048,0.04631699798266529,13.20721128353241
20260718,M2,case_td016_pp0_1_gamma_007__steady,random,14,0.6117183783760048,0.04631699798266529,13.20721128353241
20260718,M2,case_td016_pp0_1_gamma_007__steady,random,15,0.6117183783760048,0.04631699798266529,13.20721128353241
20260718,M2,case_td016_pp0_1_gamma_007__steady,random,16,0.6117183783760048,0.04631699798266529,13.20721128353241
20260718,M2,case_td016_pp0_1_gamma_007__steady,random,17,0.6117183783760048,0.04631699798266529,13.20721128353241
20260718,M2,case_td016_pp0_1_gamma_007__steady,random,18,0.6117183783760048,0.04631699798266529,13.20721128353241
20260718,M2,case_td016_pp0_1_gamma_007__steady,random,19,0.6117183783760048,0.04631699798266529,13.20721128353241
20260718,M2,case_td016_pp0_1_gamma_007__steady,random,20,0.6117183783760048,0.04631699798266529,13.20721128353241
20260718,M2,case_td016_pp0_1_gamma_007__steady,random,21,0.6117183783760048,0.04631699798266529,13.20721128353241
20260718,M2,case_td016_pp0_1_gamma_007__steady,random,22,0.32455629659310525,0.04631699798266529,7.007282654946128
20260718,M2,case_td016_pp0_1_gamma_007__steady,random,23,0.32455629659310525,0.04631699798266529,7.007282654946128
20260718,M2,case_td016_pp0_1_gamma_007__steady,random,24,0.32455629659310525,0.04631699798266529,7.007282654946128
20260718,M2,case_td016_pp0_1_gamma_007__steady,random,25,0.32455629659310525,0.04631699798266529,7.007282654946128
20260718,M2,case_td016_pp0_1_gamma_007__steady,random,26,0.32455629659310525,0.04631699798266529,7.007282654946128
20260718,M2,case_td016_pp0_1_gamma_007__steady,random,27,0.32455629659310525,0.04631699798266529,7.007282654946128
20260718,M2,case_td016_pp0_1_gamma_007__steady,random,28,0.32455629659310525,0.04631699798266529,7.007282654946128
20260718,M2,case_td016_pp0_1_gamma_007__steady,random,29,0.32455629659310525,0.04631699798266529,7.007282654946128
20260718,M2,case_td016_pp0_1_gamma_007__steady,random,30,0.32455629659310525,0.04631699798266529,7.007282654946128
20260718,M2,case_td016_pp0_1_gamma_007__steady,random,31,0.32455629659310525,0.04631699798266529,7.007282654946128
20260718,M2,case_td016_pp0_1_gamma_007__steady,random,32,0.32455629659310525,0.04631699798266529,7.007282654946128
20260718,M2,case_td016_pp0_1_gamma_007__steady,random,33,0.32455629659310525,0.04631699798266529,7.007282654946128
20260718,M2,case_td016_pp0_1_gamma_007__steady,random,34,0.32455629659310525,0.04631699798266529,7.007282654946128
20260718,M2,case_td016_pp0_1_gamma_007__steady,random,35,0.054709209314492455,0.04631699798266529,1.181190744161961
20260718,M2,case_td016_pp0_1_gamma_007__steady,random,36,0.054709209314492455,0.04631699798266529,1.181190744161961
20260718,M2,case_td016_pp0_1_gamma_007__steady,random,37,0.054709209314492455,0.04631699798266529,1.181190744161961
20260718,M2,case_td016_pp0_1_gamma_007__steady,random,38,0.054709209314492455,0.04631699798266529,1.181190744161961
20260718,M2,case_td016_pp0_1_gamma_007__steady,random,39,0.054709209314492455,0.04631699798266529,1.181190744161961
20260718,M2,case_td016_pp0_1_gamma_007__steady,random,40,0.054709209314492455,0.04631699798266529,1.181190744161961
20260718,M2,case_td016_pp0_1_gamma_007__steady,random,41,0.054709209314492455,0.04631699798266529,1.181190744161961
20260718,M2,case_td016_pp0_1_gamma_007__steady,random,42,0.054709209314492455,0.04631699798266529,1.181190744161961
20260718,M2,case_td016_pp0_1_gamma_007__steady,random,43,0.054709209314492455,0.04631699798266529,1.181190744161961
20260718,M2,case_td016_pp0_1_gamma_007__steady,random,44,0.054709209314492455,0.04631699798266529,1.181190744161961
20260718,M2,case_td016_pp0_1_gamma_007__steady,random,45,0.054709209314492455,0.04631699798266529,1.181190744161961
20260718,M2,case_td016_pp0_1_gamma_007__steady,random,46,0.054709209314492455,0.04631699798266529,1.181190744161961
20260718,M2,case_td016_pp0_1_gamma_007__steady,random,47,0.054709209314492455,0.04631699798266529,1.181190744161961
20260718,M2,case_td016_pp0_1_gamma_007__steady,random,48,0.054709209314492455,0.04631699798266529,1.181190744161961
20260718,M2,case_td016_pp0_1_gamma_007__steady,random,49,0.054709209314492455,0.04631699798266529,1.181190744161961
20260718,M2,case_td016_pp0_1_gamma_007__steady,random,50,0.054709209314492455,0.04631699798266529,1.181190744161961
20260718,M2,case_td016_pp0_1_gamma_007__steady,random,51,0.054709209314492455,0.04631699798266529,1.181190744161961
20260718,M2,case_td016_pp0_1_gamma_007__steady,random,52,0.054709209314492455,0.04631699798266529,1.181190744161961
20260718,M2,case_td016_pp0_1_gamma_007__steady,random,53,0.054709209314492455,0.04631699798266529,1.181190744161961
20260718,M2,case_td016_pp0_1_gamma_007__steady,random,54,0.054709209314492455,0.04631699798266529,1.181190744161961
20260718,M2,case_td016_pp0_1_gamma_007__steady,random,55,0.054709209314492455,0.04631699798266529,1.181190744161961
20260718,M2,case_td016_pp0_1_gamma_007__steady,random,56,0.054709209314492455,0.04631699798266529,1.181190744161961
20260718,M2,case_td016_pp0_1_gamma_007__steady,random,57,0.054709209314492455,0.04631699798266529,1.181190744161961
20260718,M2,case_td016_pp0_1_gamma_007__steady,random,58,0.054709209314492455,0.04631699798266529,1.181190744161961
20260718,M2,case_td016_pp0_1_gamma_007__steady,random,59,0.054709209314492455,0.04631699798266529,1.181190744161961
20260718,M2,case_td016_pp0_1_gamma_007__steady,random,60,0.054709209314492455,0.04631699798266529,1.181190744161961
20260718,M2,case_td016_pp0_1_gamma_007__steady,random,61,0.054709209314492455,0.04631699798266529,1.181190744161961
20260718,M2,case_td016_pp0_1_gamma_007__steady,random,62,0.04305256532086865,0.04631699798266529,0.9295197701928266
20260718,M2,case_td016_pp0_1_gamma_007__steady,random,63,0.04305256532086865,0.04631699798266529,0.9295197701928266
20260718,M2,case_td016_pp0_1_gamma_007__steady,random,64,0.04305256532086865,0.04631699798266529,0.9295197701928266
20260718,M2,case_td016_pp0_1_gamma_007__steady,random,65,0.04305256532086865,0.04631699798266529,0.9295197701928266
20260718,M2,case_td016_pp0_1_gamma_007__steady,random,66,0.04305256532086865,0.04631699798266529,0.9295197701928266
20260718,M2,case_td016_pp0_1_gamma_007__steady,random,67,0.04305256532086865,0.04631699798266529,0.9295197701928266
20260718,M2,case_td016_pp0_1_gamma_007__steady,random,68,0.04305256532086865,0.04631699798266529,0.9295197701928266
20260718,M2,case_td016_pp0_1_gamma_007__steady,random,69,0.04305256532086865,0.04631699798266529,0.9295197701928266
20260718,M2,case_td016_pp0_1_gamma_007__steady,random,70,0.04305256532086865,0.04631699798266529,0.9295197701928266
20260718,M2,case_td016_pp0_1_gamma_007__steady,random,71,0.04305256532086865,0.04631699798266529,0.9295197701928266
20260718,M2,case_td016_pp0_1_gamma_007__steady,random,72,0.04305256532086865,0.04631699798266529,0.9295197701928266
20260718,M2,case_td016_pp0_1_gamma_007__steady,random,73,0.04305256532086865,0.04631699798266529,0.9295197701928266
20260718,M2,case_td016_pp0_1_gamma_007__steady,random,74,0.04305256532086865,0.04631699798266529,0.9295197701928266
20260718,M2,case_td016_pp0_1_gamma_007__steady,random,75,0.04305256532086865,0.04631699798266529,0.9295197701928266
20260718,M2,case_td016_pp0_1_gamma_007__steady,random,76,0.04305256532086865,0.04631699798266529,0.9295197701928266
20260718,M2,case_td016_pp0_1_gamma_007__steady,random,77,0.04305256532086865,0.04631699798266529,0.9295197701928266
20260718,M2,case_td016_pp0_1_gamma_007__steady,random,78,0.04305256532086865,0.04631699798266529,0.9295197701928266
20260718,M2,case_td016_pp0_1_gamma_007__steady,random,79,0.04305256532086865,0.04631699798266529,0.9295197701928266
20260718,M2,case_td016_pp0_1_gamma_007__steady,random,80,0.04305256532086865,0.04631699798266529,0.9295197701928266
20260718,M2,case_td016_pp0_1_gamma_007__steady,random,81,0.04305256532086865,0.04631699798266529,0.9295197701928266
20260718,M2,case_td016_pp0_1_gamma_007__steady,random,82,0.04305256532086865,0.04631699798266529,0.9295197701928266
20260718,M2,case_td016_pp0_1_gamma_007__steady,random,83,0.04305256532086865,0.04631699798266529,0.9295197701928266
20260718,M2,case_td016_pp0_1_gamma_007__steady,random,84,0.04305256532086865,0.04631699798266529,0.9295197701928266
20260718,M2,case_td016_pp0_1_gamma_007__steady,random,85,0.04305256532086865,0.04631699798266529,0.9295197701928266
20260718,M2,case_td016_pp0_1_gamma_007__steady,random,86,0.04305256532086865,0.04631699798266529,0.9295197701928266
20260718,M2,case_td016_pp0_1_gamma_007__steady,random,87,0.04305256532086865,0.04631699798266529,0.9295197701928266
20260718,M2,case_td016_pp0_1_gamma_007__steady,random,88,0.04305256532086865,0.04631699798266529,0.9295197701928266
20260718,M2,case_td016_pp0_1_gamma_007__steady,random,89,0.04305256532086865,0.04631699798266529,0.9295197701928266
20260718,M2,case_td016_pp0_1_gamma_007__steady,random,90,0.04305256532086865,0.04631699798266529,0.9295197701928266
20260718,M2,case_td016_pp0_1_gamma_007__steady,random,91,0.04305256532086865,0.04631699798266529,0.9295197701928266
20260718,M2,case_td016_pp0_1_gamma_007__steady,random,92,0.04305256532086865,0.04631699798266529,0.9295197701928266
20260718,M2,case_td016_pp0_1_gamma_007__steady,random,93,0.04305256532086865,0.04631699798266529,0.9295197701928266
20260718,M2,case_td016_pp0_1_gamma_007__steady,random,94,0.04305256532086865,0.04631699798266529,0.9295197701928266
20260718,M2,case_td016_pp0_1_gamma_007__steady,random,95,0.04305256532086865,0.04631699798266529,0.9295197701928266
20260718,M2,case_td016_pp0_1_gamma_007__steady,random,96,0.04305256532086865,0.04631699798266529,0.9295197701928266
20260718,M2,case_td016_pp0_1_gamma_007__steady,random,97,0.04305256532086865,0.04631699798266529,0.9295197701928266
20260718,M2,case_td016_pp0_1_gamma_007__steady,random,98,0.04305256532086865,0.04631699798266529,0.9295197701928266
20260718,M2,case_td016_pp0_1_gamma_007__steady,random,99,0.04305256532086865,0.04631699798266529,0.9295197701928266
20260718,M2,case_td016_pp0_1_gamma_007__steady,random,100,0.04305256532086865,0.04631699798266529,0.9295197701928266
20260718,M3,case_td030_pa200_pp0_5_gamma_004__steady,cmaes,1,0.4420755918508906,0.050309085967164796,8.787191882981533
20260718,M3,case_td030_pa200_pp0_5_gamma_004__steady,cmaes,2,0.4420755918508906,0.050309085967164796,8.787191882981533
20260718,M3,case_td030_pa200_pp0_5_gamma_004__steady,cmaes,3,0.1916685777760107,0.050309085967164796,3.809820315580906
20260718,M3,case_td030_pa200_pp0_5_gamma_004__steady,cmaes,4,0.1916685777760107,0.050309085967164796,3.809820315580906
20260718,M3,case_td030_pa200_pp0_5_gamma_004__steady,cmaes,5,0.1916685777760107,0.050309085967164796,3.809820315580906
20260718,M3,case_td030_pa200_pp0_5_gamma_004__steady,cmaes,6,0.1916685777760107,0.050309085967164796,3.809820315580906
20260718,M3,case_td030_pa200_pp0_5_gamma_004__steady,cmaes,7,0.1916685777760107,0.050309085967164796,3.809820315580906
20260718,M3,case_td030_pa200_pp0_5_gamma_004__steady,cmaes,8,0.1916685777760107,0.050309085967164796,3.809820315580906
20260718,M3,case_td030_pa200_pp0_5_gamma_004__steady,cmaes,9,0.1916685777760107,0.050309085967164796,3.809820315580906
20260718,M3,case_td030_pa200_pp0_5_gamma_004__steady,cmaes,10,0.1916685777760107,0.050309085967164796,3.809820315580906
20260718,M3,case_td030_pa200_pp0_5_gamma_004__steady,cmaes,11,0.1916685777760107,0.050309085967164796,3.809820315580906
20260718,M3,case_td030_pa200_pp0_5_gamma_004__steady,cmaes,12,0.17071470030225902,0.050309085967164796,3.393317469804148
20260718,M3,case_td030_pa200_pp0_5_gamma_004__steady,cmaes,13,0.06155685742985631,0.050309085967164796,1.2235733614805204
20260718,M3,case_td030_pa200_pp0_5_gamma_004__steady,cmaes,14,0.06155685742985631,0.050309085967164796,1.2235733614805204
20260718,M3,case_td030_pa200_pp0_5_gamma_004__steady,cmaes,15,0.06155685742985631,0.050309085967164796,1.2235733614805204
20260718,M3,case_td030_pa200_pp0_5_gamma_004__steady,cmaes,16,0.06155685742985631,0.050309085967164796,1.2235733614805204
20260718,M3,case_td030_pa200_pp0_5_gamma_004__steady,cmaes,17,0.06155685742985631,0.050309085967164796,1.2235733614805204
20260718,M3,case_td030_pa200_pp0_5_gamma_004__steady,cmaes,18,0.06155685742985631,0.050309085967164796,1.2235733614805204
20260718,M3,case_td030_pa200_pp0_5_gamma_004__steady,cmaes,19,0.06155685742985631,0.050309085967164796,1.2235733614805204
20260718,M3,case_td030_pa200_pp0_5_gamma_004__steady,cmaes,20,0.06155685742985631,0.050309085967164796,1.2235733614805204
20260718,M3,case_td030_pa200_pp0_5_gamma_004__steady,cmaes,21,0.06155685742985631,0.050309085967164796,1.2235733614805204
20260718,M3,case_td030_pa200_pp0_5_gamma_004__steady,cmaes,22,0.06155685742985631,0.050309085967164796,1.2235733614805204
20260718,M3,case_td030_pa200_pp0_5_gamma_004__steady,cmaes,23,0.05922268023908271,0.050309085967164796,1.177176629242192
20260718,M3,case_td030_pa200_pp0_5_gamma_004__steady,cmaes,24,0.05922268023908271,0.050309085967164796,1.177176629242192
20260718,M3,case_td030_pa200_pp0_5_gamma_004__steady,cmaes,25,0.05922268023908271,0.050309085967164796,1.177176629242192
20260718,M3,case_td030_pa200_pp0_5_gamma_004__steady,cmaes,26,0.05922268023908271,0.050309085967164796,1.177176629242192
20260718,M3,case_td030_pa200_pp0_5_gamma_004__steady,cmaes,27,0.05922268023908271,0.050309085967164796,1.177176629242192
20260718,M3,case_td030_pa200_pp0_5_gamma_004__steady,cmaes,28,0.05922268023908271,0.050309085967164796,1.177176629242192
20260718,M3,case_td030_pa200_pp0_5_gamma_004__steady,cmaes,29,0.05922268023908271,0.050309085967164796,1.177176629242192
20260718,M3,case_td030_pa200_pp0_5_gamma_004__steady,cmaes,30,0.05922268023908271,0.050309085967164796,1.177176629242192
20260718,M3,case_td030_pa200_pp0_5_gamma_004__steady,cmaes,31,0.05922268023908271,0.050309085967164796,1.177176629242192
20260718,M3,case_td030_pa200_pp0_5_gamma_004__steady,cmaes,32,0.05922268023908271,0.050309085967164796,1.177176629242192
20260718,M3,case_td030_pa200_pp0_5_gamma_004__steady,cmaes,33,0.05922268023908271,0.050309085967164796,1.177176629242192
20260718,M3,case_td030_pa200_pp0_5_gamma_004__steady,cmaes,34,0.05922268023908271,0.050309085967164796,1.177176629242192
20260718,M3,case_td030_pa200_pp0_5_gamma_004__steady,cmaes,35,0.05922268023908271,0.050309085967164796,1.177176629242192
20260718,M3,case_td030_pa200_pp0_5_gamma_004__steady,cmaes,36,0.05922268023908271,0.050309085967164796,1.177176629242192
20260718,M3,case_td030_pa200_pp0_5_gamma_004__steady,cmaes,37,0.05922268023908271,0.050309085967164796,1.177176629242192
20260718,M3,case_td030_pa200_pp0_5_gamma_004__steady,cmaes,38,0.05922268023908271,0.050309085967164796,1.177176629242192
20260718,M3,case_td030_pa200_pp0_5_gamma_004__steady,cmaes,39,0.05922268023908271,0.050309085967164796,1.177176629242192
20260718,M3,case_td030_pa200_pp0_5_gamma_004__steady,cmaes,40,0.05922268023908271,0.050309085967164796,1.177176629242192
20260718,M3,case_td030_pa200_pp0_5_gamma_004__steady,cmaes,41,0.05922268023908271,0.050309085967164796,1.177176629242192
20260718,M3,case_td030_pa200_pp0_5_gamma_004__steady,cmaes,42,0.05922268023908271,0.050309085967164796,1.177176629242192
20260718,M3,case_td030_pa200_pp0_5_gamma_004__steady,cmaes,43,0.05922268023908271,0.050309085967164796,1.177176629242192
20260718,M3,case_td030_pa200_pp0_5_gamma_004__steady,cmaes,44,0.05922268023908271,0.050309085967164796,1.177176629242192
20260718,M3,case_td030_pa200_pp0_5_gamma_004__steady,cmaes,45,0.05922268023908271,0.050309085967164796,1.177176629242192
20260718,M3,case_td030_pa200_pp0_5_gamma_004__steady,cmaes,46,0.05922268023908271,0.050309085967164796,1.177176629242192
20260718,M3,case_td030_pa200_pp0_5_gamma_004__steady,cmaes,47,0.05922268023908271,0.050309085967164796,1.177176629242192
20260718,M3,case_td030_pa200_pp0_5_gamma_004__steady,cmaes,48,0.05922268023908271,0.050309085967164796,1.177176629242192
20260718,M3,case_td030_pa200_pp0_5_gamma_004__steady,cmaes,49,0.05922268023908271,0.050309085967164796,1.177176629242192
20260718,M3,case_td030_pa200_pp0_5_gamma_004__steady,cmaes,50,0.05922268023908271,0.050309085967164796,1.177176629242192
20260718,M3,case_td030_pa200_pp0_5_gamma_004__steady,cmaes,51,0.05922268023908271,0.050309085967164796,1.177176629242192
20260718,M3,case_td030_pa200_pp0_5_gamma_004__steady,cmaes,52,0.05922268023908271,0.050309085967164796,1.177176629242192
20260718,M3,case_td030_pa200_pp0_5_gamma_004__steady,cmaes,53,0.05922268023908271,0.050309085967164796,1.177176629242192
20260718,M3,case_td030_pa200_pp0_5_gamma_004__steady,cmaes,54,0.05922268023908271,0.050309085967164796,1.177176629242192
20260718,M3,case_td030_pa200_pp0_5_gamma_004__steady,cmaes,55,0.05922268023908271,0.050309085967164796,1.177176629242192
20260718,M3,case_td030_pa200_pp0_5_gamma_004__steady,cmaes,56,0.05922268023908271,0.050309085967164796,1.177176629242192
20260718,M3,case_td030_pa200_pp0_5_gamma_004__steady,cmaes,57,0.05922268023908271,0.050309085967164796,1.177176629242192
20260718,M3,case_td030_pa200_pp0_5_gamma_004__steady,cmaes,58,0.05922268023908271,0.050309085967164796,1.177176629242192
20260718,M3,case_td030_pa200_pp0_5_gamma_004__steady,cmaes,59,0.05537969934808071,0.050309085967164796,1.1007892169662026
20260718,M3,case_td030_pa200_pp0_5_gamma_004__steady,cmaes,60,0.05537969934808071,0.050309085967164796,1.1007892169662026
20260718,M3,case_td030_pa200_pp0_5_gamma_004__steady,cmaes,61,0.05537969934808071,0.050309085967164796,1.1007892169662026
20260718,M3,case_td030_pa200_pp0_5_gamma_004__steady,cmaes,62,0.05537969934808071,0.050309085967164796,1.1007892169662026
20260718,M3,case_td030_pa200_pp0_5_gamma_004__steady,cmaes,63,0.05537969934808071,0.050309085967164796,1.1007892169662026
20260718,M3,case_td030_pa200_pp0_5_gamma_004__steady,cmaes,64,0.05537969934808071,0.050309085967164796,1.1007892169662026
20260718,M3,case_td030_pa200_pp0_5_gamma_004__steady,cmaes,65,0.05537969934808071,0.050309085967164796,1.1007892169662026
20260718,M3,case_td030_pa200_pp0_5_gamma_004__steady,cmaes,66,0.05537969934808071,0.050309085967164796,1.1007892169662026
20260718,M3,case_td030_pa200_pp0_5_gamma_004__steady,cmaes,67,0.05537969934808071,0.050309085967164796,1.1007892169662026
20260718,M3,case_td030_pa200_pp0_5_gamma_004__steady,cmaes,68,0.05537969934808071,0.050309085967164796,1.1007892169662026
20260718,M3,case_td030_pa200_pp0_5_gamma_004__steady,cmaes,69,0.05537969934808071,0.050309085967164796,1.1007892169662026
20260718,M3,case_td030_pa200_pp0_5_gamma_004__steady,cmaes,70,0.05537969934808071,0.050309085967164796,1.1007892169662026
20260718,M3,case_td030_pa200_pp0_5_gamma_004__steady,cmaes,71,0.05537969934808071,0.050309085967164796,1.1007892169662026
20260718,M3,case_td030_pa200_pp0_5_gamma_004__steady,cmaes,72,0.05537969934808071,0.050309085967164796,1.1007892169662026
20260718,M3,case_td030_pa200_pp0_5_gamma_004__steady,cmaes,73,0.05537969934808071,0.050309085967164796,1.1007892169662026
20260718,M3,case_td030_pa200_pp0_5_gamma_004__steady,cmaes,74,0.05537969934808071,0.050309085967164796,1.1007892169662026
20260718,M3,case_td030_pa200_pp0_5_gamma_004__steady,cmaes,75,0.05537969934808071,0.050309085967164796,1.1007892169662026
20260718,M3,case_td030_pa200_pp0_5_gamma_004__steady,cmaes,76,0.05537969934808071,0.050309085967164796,1.1007892169662026
20260718,M3,case_td030_pa200_pp0_5_gamma_004__steady,cmaes,77,0.05537969934808071,0.050309085967164796,1.1007892169662026
20260718,M3,case_td030_pa200_pp0_5_gamma_004__steady,cmaes,78,0.05537969934808071,0.050309085967164796,1.1007892169662026
20260718,M3,case_td030_pa200_pp0_5_gamma_004__steady,cmaes,79,0.05537969934808071,0.050309085967164796,1.1007892169662026
20260718,M3,case_td030_pa200_pp0_5_gamma_004__steady,cmaes,80,0.05537969934808071,0.050309085967164796,1.1007892169662026
20260718,M3,case_td030_pa200_pp0_5_gamma_004__steady,cmaes,81,0.05537969934808071,0.050309085967164796,1.1007892169662026
20260718,M3,case_td030_pa200_pp0_5_gamma_004__steady,cmaes,82,0.05537969934808071,0.050309085967164796,1.1007892169662026
20260718,M3,case_td030_pa200_pp0_5_gamma_004__steady,cmaes,83,0.05537969934808071,0.050309085967164796,1.1007892169662026
20260718,M3,case_td030_pa200_pp0_5_gamma_004__steady,cmaes,84,0.05537969934808071,0.050309085967164796,1.1007892169662026
20260718,M3,case_td030_pa200_pp0_5_gamma_004__steady,cmaes,85,0.05537969934808071,0.050309085967164796,1.1007892169662026
20260718,M3,case_td030_pa200_pp0_5_gamma_004__steady,cmaes,86,0.05537969934808071,0.050309085967164796,1.1007892169662026
20260718,M3,case_td030_pa200_pp0_5_gamma_004__steady,cmaes,87,0.05537969934808071,0.050309085967164796,1.1007892169662026
20260718,M3,case_td030_pa200_pp0_5_gamma_004__steady,cmaes,88,0.05537969934808071,0.050309085967164796,1.1007892169662026
20260718,M3,case_td030_pa200_pp0_5_gamma_004__steady,cmaes,89,0.05537969934808071,0.050309085967164796,1.1007892169662026
20260718,M3,case_td030_pa200_pp0_5_gamma_004__steady,cmaes,90,0.05537969934808071,0.050309085967164796,1.1007892169662026
20260718,M3,case_td030_pa200_pp0_5_gamma_004__steady,cmaes,91,0.05537969934808071,0.050309085967164796,1.1007892169662026
20260718,M3,case_td030_pa200_pp0_5_gamma_004__steady,cmaes,92,0.05537969934808071,0.050309085967164796,1.1007892169662026
20260718,M3,case_td030_pa200_pp0_5_gamma_004__steady,cmaes,93,0.05537969934808071,0.050309085967164796,1.1007892169662026
20260718,M3,case_td030_pa200_pp0_5_gamma_004__steady,cmaes,94,0.05537969934808071,0.050309085967164796,1.1007892169662026
20260718,M3,case_td030_pa200_pp0_5_gamma_004__steady,cmaes,95,0.05537969934808071,0.050309085967164796,1.1007892169662026
20260718,M3,case_td030_pa200_pp0_5_gamma_004__steady,cmaes,96,0.05537969934808071,0.050309085967164796,1.1007892169662026
20260718,M3,case_td030_pa200_pp0_5_gamma_004__steady,cmaes,97,0.05537969934808071,0.050309085967164796,1.1007892169662026
20260718,M3,case_td030_pa200_pp0_5_gamma_004__steady,cmaes,98,0.05537969934808071,0.050309085967164796,1.1007892169662026
20260718,M3,case_td030_pa200_pp0_5_gamma_004__steady,cmaes,99,0.05537969934808071,0.050309085967164796,1.1007892169662026
20260718,M3,case_td030_pa200_pp0_5_gamma_004__steady,cmaes,100,0.05132501249602892,0.050309085967164796,1.0201936987988052
20260718,M3,case_td030_pa200_pp0_5_gamma_004__steady,tpe,1,0.4420755918508906,0.050309085967164796,8.787191882981533
20260718,M3,case_td030_pa200_pp0_5_gamma_004__steady,tpe,2,0.14081438840293004,0.050309085967164796,2.7989852269396285
20260718,M3,case_td030_pa200_pp0_5_gamma_004__steady,tpe,3,0.14081438840293004,0.050309085967164796,2.7989852269396285
20260718,M3,case_td030_pa200_pp0_5_gamma_004__steady,tpe,4,0.14081438840293004,0.050309085967164796,2.7989852269396285
20260718,M3,case_td030_pa200_pp0_5_gamma_004__steady,tpe,5,0.14081438840293004,0.050309085967164796,2.7989852269396285
20260718,M3,case_td030_pa200_pp0_5_gamma_004__steady,tpe,6,0.14081438840293004,0.050309085967164796,2.7989852269396285
20260718,M3,case_td030_pa200_pp0_5_gamma_004__steady,tpe,7,0.14081438840293004,0.050309085967164796,2.7989852269396285
20260718,M3,case_td030_pa200_pp0_5_gamma_004__steady,tpe,8,0.14081438840293004,0.050309085967164796,2.7989852269396285
20260718,M3,case_td030_pa200_pp0_5_gamma_004__steady,tpe,9,0.14081438840293004,0.050309085967164796,2.7989852269396285
20260718,M3,case_td030_pa200_pp0_5_gamma_004__steady,tpe,10,0.14081438840293004,0.050309085967164796,2.7989852269396285
20260718,M3,case_td030_pa200_pp0_5_gamma_004__steady,tpe,11,0.14081438840293004,0.050309085967164796,2.7989852269396285
20260718,M3,case_td030_pa200_pp0_5_gamma_004__steady,tpe,12,0.14081438840293004,0.050309085967164796,2.7989852269396285
20260718,M3,case_td030_pa200_pp0_5_gamma_004__steady,tpe,13,0.14081438840293004,0.050309085967164796,2.7989852269396285
20260718,M3,case_td030_pa200_pp0_5_gamma_004__steady,tpe,14,0.14081438840293004,0.050309085967164796,2.7989852269396285
20260718,M3,case_td030_pa200_pp0_5_gamma_004__steady,tpe,15,0.14081438840293004,0.050309085967164796,2.7989852269396285
20260718,M3,case_td030_pa200_pp0_5_gamma_004__steady,tpe,16,0.14081438840293004,0.050309085967164796,2.7989852269396285
20260718,M3,case_td030_pa200_pp0_5_gamma_004__steady,tpe,17,0.11567509998931563,0.050309085967164796,2.299288443936613
20260718,M3,case_td030_pa200_pp0_5_gamma_004__steady,tpe,18,0.07842018382016347,0.050309085967164796,1.5587678112726184
20260718,M3,case_td030_pa200_pp0_5_gamma_004__steady,tpe,19,0.07842018382016347,0.050309085967164796,1.5587678112726184
20260718,M3,case_td030_pa200_pp0_5_gamma_004__steady,tpe,20,0.07842018382016347,0.050309085967164796,1.5587678112726184
20260718,M3,case_td030_pa200_pp0_5_gamma_004__steady,tpe,21,0.05315357068312404,0.050309085967164796,1.05654017880221
20260718,M3,case_td030_pa200_pp0_5_gamma_004__steady,tpe,22,0.05315357068312404,0.050309085967164796,1.05654017880221
20260718,M3,case_td030_pa200_pp0_5_gamma_004__steady,tpe,23,0.05315357068312404,0.050309085967164796,1.05654017880221
20260718,M3,case_td030_pa200_pp0_5_gamma_004__steady,tpe,24,0.05315357068312404,0.050309085967164796,1.05654017880221
20260718,M3,case_td030_pa200_pp0_5_gamma_004__steady,tpe,25,0.05315357068312404,0.050309085967164796,1.05654017880221
20260718,M3,case_td030_pa200_pp0_5_gamma_004__steady,tpe,26,0.05315357068312404,0.050309085967164796,1.05654017880221
20260718,M3,case_td030_pa200_pp0_5_gamma_004__steady,tpe,27,0.052656931402087055,0.050309085967164796,1.046668417638409
20260718,M3,case_td030_pa200_pp0_5_gamma_004__steady,tpe,28,0.052656931402087055,0.050309085967164796,1.046668417638409
20260718,M3,case_td030_pa200_pp0_5_gamma_004__steady,tpe,29,0.052656931402087055,0.050309085967164796,1.046668417638409
20260718,M3,case_td030_pa200_pp0_5_gamma_004__steady,tpe,30,0.052656931402087055,0.050309085967164796,1.046668417638409
20260718,M3,case_td030_pa200_pp0_5_gamma_004__steady,tpe,31,0.052656931402087055,0.050309085967164796,1.046668417638409
20260718,M3,case_td030_pa200_pp0_5_gamma_004__steady,tpe,32,0.052656931402087055,0.050309085967164796,1.046668417638409
20260718,M3,case_td030_pa200_pp0_5_gamma_004__steady,tpe,33,0.052656931402087055,0.050309085967164796,1.046668417638409
20260718,M3,case_td030_pa200_pp0_5_gamma_004__steady,tpe,34,0.05244873279614712,0.050309085967164796,1.0425300278836074
20260718,M3,case_td030_pa200_pp0_5_gamma_004__steady,tpe,35,0.05244873279614712,0.050309085967164796,1.0425300278836074
20260718,M3,case_td030_pa200_pp0_5_gamma_004__steady,tpe,36,0.05244873279614712,0.050309085967164796,1.0425300278836074
20260718,M3,case_td030_pa200_pp0_5_gamma_004__steady,tpe,37,0.05244873279614712,0.050309085967164796,1.0425300278836074
20260718,M3,case_td030_pa200_pp0_5_gamma_004__steady,tpe,38,0.05244873279614712,0.050309085967164796,1.0425300278836074
20260718,M3,case_td030_pa200_pp0_5_gamma_004__steady,tpe,39,0.05244873279614712,0.050309085967164796,1.0425300278836074
20260718,M3,case_td030_pa200_pp0_5_gamma_004__steady,tpe,40,0.05244873279614712,0.050309085967164796,1.0425300278836074
20260718,M3,case_td030_pa200_pp0_5_gamma_004__steady,tpe,41,0.05244873279614712,0.050309085967164796,1.0425300278836074
20260718,M3,case_td030_pa200_pp0_5_gamma_004__steady,tpe,42,0.05244873279614712,0.050309085967164796,1.0425300278836074
20260718,M3,case_td030_pa200_pp0_5_gamma_004__steady,tpe,43,0.05244873279614712,0.050309085967164796,1.0425300278836074
20260718,M3,case_td030_pa200_pp0_5_gamma_004__steady,tpe,44,0.05130931452457114,0.050309085967164796,1.0198816682548986
20260718,M3,case_td030_pa200_pp0_5_gamma_004__steady,tpe,45,0.05130931452457114,0.050309085967164796,1.0198816682548986
20260718,M3,case_td030_pa200_pp0_5_gamma_004__steady,tpe,46,0.05130931452457114,0.050309085967164796,1.0198816682548986
20260718,M3,case_td030_pa200_pp0_5_gamma_004__steady,tpe,47,0.05090490679967978,0.050309085967164796,1.011843205279139
20260718,M3,case_td030_pa200_pp0_5_gamma_004__steady,tpe,48,0.05090490679967978,0.050309085967164796,1.011843205279139
20260718,M3,case_td030_pa200_pp0_5_gamma_004__steady,tpe,49,0.05090490679967978,0.050309085967164796,1.011843205279139
20260718,M3,case_td030_pa200_pp0_5_gamma_004__steady,tpe,50,0.05090490679967978,0.050309085967164796,1.011843205279139
20260718,M3,case_td030_pa200_pp0_5_gamma_004__steady,tpe,51,0.05090490679967978,0.050309085967164796,1.011843205279139
20260718,M3,case_td030_pa200_pp0_5_gamma_004__steady,tpe,52,0.05090490679967978,0.050309085967164796,1.011843205279139
20260718,M3,case_td030_pa200_pp0_5_gamma_004__steady,tpe,53,0.05090490679967978,0.050309085967164796,1.011843205279139
20260718,M3,case_td030_pa200_pp0_5_gamma_004__steady,tpe,54,0.05090490679967978,0.050309085967164796,1.011843205279139
20260718,M3,case_td030_pa200_pp0_5_gamma_004__steady,tpe,55,0.05090490679967978,0.050309085967164796,1.011843205279139
20260718,M3,case_td030_pa200_pp0_5_gamma_004__steady,tpe,56,0.05090490679967978,0.050309085967164796,1.011843205279139
20260718,M3,case_td030_pa200_pp0_5_gamma_004__steady,tpe,57,0.050569923161079625,0.050309085967164796,1.005184693557841
20260718,M3,case_td030_pa200_pp0_5_gamma_004__steady,tpe,58,0.050569923161079625,0.050309085967164796,1.005184693557841
20260718,M3,case_td030_pa200_pp0_5_gamma_004__steady,tpe,59,0.050569923161079625,0.050309085967164796,1.005184693557841
20260718,M3,case_td030_pa200_pp0_5_gamma_004__steady,tpe,60,0.050569923161079625,0.050309085967164796,1.005184693557841
20260718,M3,case_td030_pa200_pp0_5_gamma_004__steady,tpe,61,0.050569923161079625,0.050309085967164796,1.005184693557841
20260718,M3,case_td030_pa200_pp0_5_gamma_004__steady,tpe,62,0.050569923161079625,0.050309085967164796,1.005184693557841
20260718,M3,case_td030_pa200_pp0_5_gamma_004__steady,tpe,63,0.050569923161079625,0.050309085967164796,1.005184693557841
20260718,M3,case_td030_pa200_pp0_5_gamma_004__steady,tpe,64,0.050569923161079625,0.050309085967164796,1.005184693557841
20260718,M3,case_td030_pa200_pp0_5_gamma_004__steady,tpe,65,0.050569923161079625,0.050309085967164796,1.005184693557841
20260718,M3,case_td030_pa200_pp0_5_gamma_004__steady,tpe,66,0.050569923161079625,0.050309085967164796,1.005184693557841
20260718,M3,case_td030_pa200_pp0_5_gamma_004__steady,tpe,67,0.050569923161079625,0.050309085967164796,1.005184693557841
20260718,M3,case_td030_pa200_pp0_5_gamma_004__steady,tpe,68,0.050569923161079625,0.050309085967164796,1.005184693557841
20260718,M3,case_td030_pa200_pp0_5_gamma_004__steady,tpe,69,0.050569923161079625,0.050309085967164796,1.005184693557841
20260718,M3,case_td030_pa200_pp0_5_gamma_004__steady,tpe,70,0.050569923161079625,0.050309085967164796,1.005184693557841
20260718,M3,case_td030_pa200_pp0_5_gamma_004__steady,tpe,71,0.050569923161079625,0.050309085967164796,1.005184693557841
20260718,M3,case_td030_pa200_pp0_5_gamma_004__steady,tpe,72,0.050569923161079625,0.050309085967164796,1.005184693557841
20260718,M3,case_td030_pa200_pp0_5_gamma_004__steady,tpe,73,0.050569923161079625,0.050309085967164796,1.005184693557841
20260718,M3,case_td030_pa200_pp0_5_gamma_004__steady,tpe,74,0.050569923161079625,0.050309085967164796,1.005184693557841
20260718,M3,case_td030_pa200_pp0_5_gamma_004__steady,tpe,75,0.050569923161079625,0.050309085967164796,1.005184693557841
20260718,M3,case_td030_pa200_pp0_5_gamma_004__steady,tpe,76,0.050569923161079625,0.050309085967164796,1.005184693557841
20260718,M3,case_td030_pa200_pp0_5_gamma_004__steady,tpe,77,0.050569923161079625,0.050309085967164796,1.005184693557841
20260718,M3,case_td030_pa200_pp0_5_gamma_004__steady,tpe,78,0.050569923161079625,0.050309085967164796,1.005184693557841
20260718,M3,case_td030_pa200_pp0_5_gamma_004__steady,tpe,79,0.050569923161079625,0.050309085967164796,1.005184693557841
20260718,M3,case_td030_pa200_pp0_5_gamma_004__steady,tpe,80,0.050569923161079625,0.050309085967164796,1.005184693557841
20260718,M3,case_td030_pa200_pp0_5_gamma_004__steady,tpe,81,0.050569923161079625,0.050309085967164796,1.005184693557841
20260718,M3,case_td030_pa200_pp0_5_gamma_004__steady,tpe,82,0.050569923161079625,0.050309085967164796,1.005184693557841
20260718,M3,case_td030_pa200_pp0_5_gamma_004__steady,tpe,83,0.050569923161079625,0.050309085967164796,1.005184693557841
20260718,M3,case_td030_pa200_pp0_5_gamma_004__steady,tpe,84,0.050569923161079625,0.050309085967164796,1.005184693557841
20260718,M3,case_td030_pa200_pp0_5_gamma_004__steady,tpe,85,0.050569923161079625,0.050309085967164796,1.005184693557841
20260718,M3,case_td030_pa200_pp0_5_gamma_004__steady,tpe,86,0.050569923161079625,0.050309085967164796,1.005184693557841
20260718,M3,case_td030_pa200_pp0_5_gamma_004__steady,tpe,87,0.050569923161079625,0.050309085967164796,1.005184693557841
20260718,M3,case_td030_pa200_pp0_5_gamma_004__steady,tpe,88,0.0504235828968886,0.050309085967164796,1.002275869806073
20260718,M3,case_td030_pa200_pp0_5_gamma_004__steady,tpe,89,0.0504235828968886,0.050309085967164796,1.002275869806073
20260718,M3,case_td030_pa200_pp0_5_gamma_004__steady,tpe,90,0.0504235828968886,0.050309085967164796,1.002275869806073
20260718,M3,case_td030_pa200_pp0_5_gamma_004__steady,tpe,91,0.0504235828968886,0.050309085967164796,1.002275869806073
20260718,M3,case_td030_pa200_pp0_5_gamma_004__steady,tpe,92,0.0504235828968886,0.050309085967164796,1.002275869806073
20260718,M3,case_td030_pa200_pp0_5_gamma_004__steady,tpe,93,0.0504235828968886,0.050309085967164796,1.002275869806073
20260718,M3,case_td030_pa200_pp0_5_gamma_004__steady,tpe,94,0.0504235828968886,0.050309085967164796,1.002275869806073
20260718,M3,case_td030_pa200_pp0_5_gamma_004__steady,tpe,95,0.0504235828968886,0.050309085967164796,1.002275869806073
20260718,M3,case_td030_pa200_pp0_5_gamma_004__steady,tpe,96,0.0504235828968886,0.050309085967164796,1.002275869806073
20260718,M3,case_td030_pa200_pp0_5_gamma_004__steady,tpe,97,0.0504235828968886,0.050309085967164796,1.002275869806073
20260718,M3,case_td030_pa200_pp0_5_gamma_004__steady,tpe,98,0.0504235828968886,0.050309085967164796,1.002275869806073
20260718,M3,case_td030_pa200_pp0_5_gamma_004__steady,tpe,99,0.0504235828968886,0.050309085967164796,1.002275869806073
20260718,M3,case_td030_pa200_pp0_5_gamma_004__steady,tpe,100,0.0504235828968886,0.050309085967164796,1.002275869806073
20260718,M3,case_td030_pa200_pp0_5_gamma_004__steady,random,1,0.4420755918508906,0.050309085967164796,8.787191882981533
20260718,M3,case_td030_pa200_pp0_5_gamma_004__steady,random,2,0.10136070918820915,0.050309085967164796,2.014759505954137
20260718,M3,case_td030_pa200_pp0_5_gamma_004__steady,random,3,0.10136070918820915,0.050309085967164796,2.014759505954137
20260718,M3,case_td030_pa200_pp0_5_gamma_004__steady,random,4,0.10136070918820915,0.050309085967164796,2.014759505954137
20260718,M3,case_td030_pa200_pp0_5_gamma_004__steady,random,5,0.10136070918820915,0.050309085967164796,2.014759505954137
20260718,M3,case_td030_pa200_pp0_5_gamma_004__steady,random,6,0.10136070918820915,0.050309085967164796,2.014759505954137
20260718,M3,case_td030_pa200_pp0_5_gamma_004__steady,random,7,0.10136070918820915,0.050309085967164796,2.014759505954137
20260718,M3,case_td030_pa200_pp0_5_gamma_004__steady,random,8,0.10136070918820915,0.050309085967164796,2.014759505954137
20260718,M3,case_td030_pa200_pp0_5_gamma_004__steady,random,9,0.10136070918820915,0.050309085967164796,2.014759505954137
20260718,M3,case_td030_pa200_pp0_5_gamma_004__steady,random,10,0.10136070918820915,0.050309085967164796,2.014759505954137
20260718,M3,case_td030_pa200_pp0_5_gamma_004__steady,random,11,0.10136070918820915,0.050309085967164796,2.014759505954137
20260718,M3,case_td030_pa200_pp0_5_gamma_004__steady,random,12,0.10136070918820915,0.050309085967164796,2.014759505954137
20260718,M3,case_td030_pa200_pp0_5_gamma_004__steady,random,13,0.10136070918820915,0.050309085967164796,2.014759505954137
20260718,M3,case_td030_pa200_pp0_5_gamma_004__steady,random,14,0.10136070918820915,0.050309085967164796,2.014759505954137
20260718,M3,case_td030_pa200_pp0_5_gamma_004__steady,random,15,0.10136070918820915,0.050309085967164796,2.014759505954137
20260718,M3,case_td030_pa200_pp0_5_gamma_004__steady,random,16,0.10136070918820915,0.050309085967164796,2.014759505954137
20260718,M3,case_td030_pa200_pp0_5_gamma_004__steady,random,17,0.10136070918820915,0.050309085967164796,2.014759505954137
20260718,M3,case_td030_pa200_pp0_5_gamma_004__steady,random,18,0.10136070918820915,0.050309085967164796,2.014759505954137
20260718,M3,case_td030_pa200_pp0_5_gamma_004__steady,random,19,0.10136070918820915,0.050309085967164796,2.014759505954137
20260718,M3,case_td030_pa200_pp0_5_gamma_004__steady,random,20,0.10136070918820915,0.050309085967164796,2.014759505954137
20260718,M3,case_td030_pa200_pp0_5_gamma_004__steady,random,21,0.10136070918820915,0.050309085967164796,2.014759505954137
20260718,M3,case_td030_pa200_pp0_5_gamma_004__steady,random,22,0.10136070918820915,0.050309085967164796,2.014759505954137
20260718,M3,case_td030_pa200_pp0_5_gamma_004__steady,random,23,0.10136070918820915,0.050309085967164796,2.014759505954137
20260718,M3,case_td030_pa200_pp0_5_gamma_004__steady,random,24,0.10136070918820915,0.050309085967164796,2.014759505954137
20260718,M3,case_td030_pa200_pp0_5_gamma_004__steady,random,25,0.10136070918820915,0.050309085967164796,2.014759505954137
20260718,M3,case_td030_pa200_pp0_5_gamma_004__steady,random,26,0.10136070918820915,0.050309085967164796,2.014759505954137
20260718,M3,case_td030_pa200_pp0_5_gamma_004__steady,random,27,0.10136070918820915,0.050309085967164796,2.014759505954137
20260718,M3,case_td030_pa200_pp0_5_gamma_004__steady,random,28,0.10136070918820915,0.050309085967164796,2.014759505954137
20260718,M3,case_td030_pa200_pp0_5_gamma_004__steady,random,29,0.10136070918820915,0.050309085967164796,2.014759505954137
20260718,M3,case_td030_pa200_pp0_5_gamma_004__steady,random,30,0.10136070918820915,0.050309085967164796,2.014759505954137
20260718,M3,case_td030_pa200_pp0_5_gamma_004__steady,random,31,0.10136070918820915,0.050309085967164796,2.014759505954137
20260718,M3,case_td030_pa200_pp0_5_gamma_004__steady,random,32,0.10136070918820915,0.050309085967164796,2.014759505954137
20260718,M3,case_td030_pa200_pp0_5_gamma_004__steady,random,33,0.10136070918820915,0.050309085967164796,2.014759505954137
20260718,M3,case_td030_pa200_pp0_5_gamma_004__steady,random,34,0.10136070918820915,0.050309085967164796,2.014759505954137
20260718,M3,case_td030_pa200_pp0_5_gamma_004__steady,random,35,0.10136070918820915,0.050309085967164796,2.014759505954137
20260718,M3,case_td030_pa200_pp0_5_gamma_004__steady,random,36,0.10136070918820915,0.050309085967164796,2.014759505954137
20260718,M3,case_td030_pa200_pp0_5_gamma_004__steady,random,37,0.10136070918820915,0.050309085967164796,2.014759505954137
20260718,M3,case_td030_pa200_pp0_5_gamma_004__steady,random,38,0.10136070918820915,0.050309085967164796,2.014759505954137
20260718,M3,case_td030_pa200_pp0_5_gamma_004__steady,random,39,0.10136070918820915,0.050309085967164796,2.014759505954137
20260718,M3,case_td030_pa200_pp0_5_gamma_004__steady,random,40,0.10136070918820915,0.050309085967164796,2.014759505954137
20260718,M3,case_td030_pa200_pp0_5_gamma_004__steady,random,41,0.10136070918820915,0.050309085967164796,2.014759505954137
20260718,M3,case_td030_pa200_pp0_5_gamma_004__steady,random,42,0.10136070918820915,0.050309085967164796,2.014759505954137
20260718,M3,case_td030_pa200_pp0_5_gamma_004__steady,random,43,0.10136070918820915,0.050309085967164796,2.014759505954137
20260718,M3,case_td030_pa200_pp0_5_gamma_004__steady,random,44,0.10136070918820915,0.050309085967164796,2.014759505954137
20260718,M3,case_td030_pa200_pp0_5_gamma_004__steady,random,45,0.10136070918820915,0.050309085967164796,2.014759505954137
20260718,M3,case_td030_pa200_pp0_5_gamma_004__steady,random,46,0.10136070918820915,0.050309085967164796,2.014759505954137
20260718,M3,case_td030_pa200_pp0_5_gamma_004__steady,random,47,0.10136070918820915,0.050309085967164796,2.014759505954137
20260718,M3,case_td030_pa200_pp0_5_gamma_004__steady,random,48,0.10136070918820915,0.050309085967164796,2.014759505954137
20260718,M3,case_td030_pa200_pp0_5_gamma_004__steady,random,49,0.10136070918820915,0.050309085967164796,2.014759505954137
20260718,M3,case_td030_pa200_pp0_5_gamma_004__steady,random,50,0.10136070918820915,0.050309085967164796,2.014759505954137
20260718,M3,case_td030_pa200_pp0_5_gamma_004__steady,random,51,0.10136070918820915,0.050309085967164796,2.014759505954137
20260718,M3,case_td030_pa200_pp0_5_gamma_004__steady,random,52,0.10136070918820915,0.050309085967164796,2.014759505954137
20260718,M3,case_td030_pa200_pp0_5_gamma_004__steady,random,53,0.10136070918820915,0.050309085967164796,2.014759505954137
20260718,M3,case_td030_pa200_pp0_5_gamma_004__steady,random,54,0.10136070918820915,0.050309085967164796,2.014759505954137
20260718,M3,case_td030_pa200_pp0_5_gamma_004__steady,random,55,0.10136070918820915,0.050309085967164796,2.014759505954137
20260718,M3,case_td030_pa200_pp0_5_gamma_004__steady,random,56,0.10136070918820915,0.050309085967164796,2.014759505954137
20260718,M3,case_td030_pa200_pp0_5_gamma_004__steady,random,57,0.10136070918820915,0.050309085967164796,2.014759505954137
20260718,M3,case_td030_pa200_pp0_5_gamma_004__steady,random,58,0.10136070918820915,0.050309085967164796,2.014759505954137
20260718,M3,case_td030_pa200_pp0_5_gamma_004__steady,random,59,0.10136070918820915,0.050309085967164796,2.014759505954137
20260718,M3,case_td030_pa200_pp0_5_gamma_004__steady,random,60,0.10136070918820915,0.050309085967164796,2.014759505954137
20260718,M3,case_td030_pa200_pp0_5_gamma_004__steady,random,61,0.10136070918820915,0.050309085967164796,2.014759505954137
20260718,M3,case_td030_pa200_pp0_5_gamma_004__steady,random,62,0.10136070918820915,0.050309085967164796,2.014759505954137
20260718,M3,case_td030_pa200_pp0_5_gamma_004__steady,random,63,0.10136070918820915,0.050309085967164796,2.014759505954137
20260718,M3,case_td030_pa200_pp0_5_gamma_004__steady,random,64,0.10136070918820915,0.050309085967164796,2.014759505954137
20260718,M3,case_td030_pa200_pp0_5_gamma_004__steady,random,65,0.10136070918820915,0.050309085967164796,2.014759505954137
20260718,M3,case_td030_pa200_pp0_5_gamma_004__steady,random,66,0.10136070918820915,0.050309085967164796,2.014759505954137
20260718,M3,case_td030_pa200_pp0_5_gamma_004__steady,random,67,0.10136070918820915,0.050309085967164796,2.014759505954137
20260718,M3,case_td030_pa200_pp0_5_gamma_004__steady,random,68,0.10136070918820915,0.050309085967164796,2.014759505954137
20260718,M3,case_td030_pa200_pp0_5_gamma_004__steady,random,69,0.10136070918820915,0.050309085967164796,2.014759505954137
20260718,M3,case_td030_pa200_pp0_5_gamma_004__steady,random,70,0.10136070918820915,0.050309085967164796,2.014759505954137
20260718,M3,case_td030_pa200_pp0_5_gamma_004__steady,random,71,0.10136070918820915,0.050309085967164796,2.014759505954137
20260718,M3,case_td030_pa200_pp0_5_gamma_004__steady,random,72,0.10136070918820915,0.050309085967164796,2.014759505954137
20260718,M3,case_td030_pa200_pp0_5_gamma_004__steady,random,73,0.10136070918820915,0.050309085967164796,2.014759505954137
20260718,M3,case_td030_pa200_pp0_5_gamma_004__steady,random,74,0.10136070918820915,0.050309085967164796,2.014759505954137
20260718,M3,case_td030_pa200_pp0_5_gamma_004__steady,random,75,0.10136070918820915,0.050309085967164796,2.014759505954137
20260718,M3,case_td030_pa200_pp0_5_gamma_004__steady,random,76,0.10136070918820915,0.050309085967164796,2.014759505954137
20260718,M3,case_td030_pa200_pp0_5_gamma_004__steady,random,77,0.10136070918820915,0.050309085967164796,2.014759505954137
20260718,M3,case_td030_pa200_pp0_5_gamma_004__steady,random,78,0.10136070918820915,0.050309085967164796,2.014759505954137
20260718,M3,case_td030_pa200_pp0_5_gamma_004__steady,random,79,0.10136070918820915,0.050309085967164796,2.014759505954137
20260718,M3,case_td030_pa200_pp0_5_gamma_004__steady,random,80,0.10136070918820915,0.050309085967164796,2.014759505954137
20260718,M3,case_td030_pa200_pp0_5_gamma_004__steady,random,81,0.10136070918820915,0.050309085967164796,2.014759505954137
20260718,M3,case_td030_pa200_pp0_5_gamma_004__steady,random,82,0.10136070918820915,0.050309085967164796,2.014759505954137
20260718,M3,case_td030_pa200_pp0_5_gamma_004__steady,random,83,0.10136070918820915,0.050309085967164796,2.014759505954137
20260718,M3,case_td030_pa200_pp0_5_gamma_004__steady,random,84,0.10136070918820915,0.050309085967164796,2.014759505954137
20260718,M3,case_td030_pa200_pp0_5_gamma_004__steady,random,85,0.07349195024139947,0.050309085967164796,1.4608086954584192
20260718,M3,case_td030_pa200_pp0_5_gamma_004__steady,random,86,0.07349195024139947,0.050309085967164796,1.4608086954584192
20260718,M3,case_td030_pa200_pp0_5_gamma_004__steady,random,87,0.07349195024139947,0.050309085967164796,1.4608086954584192
20260718,M3,case_td030_pa200_pp0_5_gamma_004__steady,random,88,0.07349195024139947,0.050309085967164796,1.4608086954584192
20260718,M3,case_td030_pa200_pp0_5_gamma_004__steady,random,89,0.07349195024139947,0.050309085967164796,1.4608086954584192
20260718,M3,case_td030_pa200_pp0_5_gamma_004__steady,random,90,0.07349195024139947,0.050309085967164796,1.4608086954584192
20260718,M3,case_td030_pa200_pp0_5_gamma_004__steady,random,91,0.07349195024139947,0.050309085967164796,1.4608086954584192
20260718,M3,case_td030_pa200_pp0_5_gamma_004__steady,random,92,0.07349195024139947,0.050309085967164796,1.4608086954584192
20260718,M3,case_td030_pa200_pp0_5_gamma_004__steady,random,93,0.07349195024139947,0.050309085967164796,1.4608086954584192
20260718,M3,case_td030_pa200_pp0_5_gamma_004__steady,random,94,0.07349195024139947,0.050309085967164796,1.4608086954584192
20260718,M3,case_td030_pa200_pp0_5_gamma_004__steady,random,95,0.07349195024139947,0.050309085967164796,1.4608086954584192
20260718,M3,case_td030_pa200_pp0_5_gamma_004__steady,random,96,0.07349195024139947,0.050309085967164796,1.4608086954584192
20260718,M3,case_td030_pa200_pp0_5_gamma_004__steady,random,97,0.07349195024139947,0.050309085967164796,1.4608086954584192
20260718,M3,case_td030_pa200_pp0_5_gamma_004__steady,random,98,0.07349195024139947,0.050309085967164796,1.4608086954584192
20260718,M3,case_td030_pa200_pp0_5_gamma_004__steady,random,99,0.07349195024139947,0.050309085967164796,1.4608086954584192
20260718,M3,case_td030_pa200_pp0_5_gamma_004__steady,random,100,0.07349195024139947,0.050309085967164796,1.4608086954584192
20260719,M1,case_td003_pa050_pp0_3_gamma_010__steady,cmaes,1,0.5628434392461068,0.05425676600499663,10.373700474412228
20260719,M1,case_td003_pa050_pp0_3_gamma_010__steady,cmaes,2,0.3241375768653316,0.05425676600499663,5.974141120675734
20260719,M1,case_td003_pa050_pp0_3_gamma_010__steady,cmaes,3,0.07504698610022666,0.05425676600499663,1.3831820734268496
20260719,M1,case_td003_pa050_pp0_3_gamma_010__steady,cmaes,4,0.07504698610022666,0.05425676600499663,1.3831820734268496
20260719,M1,case_td003_pa050_pp0_3_gamma_010__steady,cmaes,5,0.07504698610022666,0.05425676600499663,1.3831820734268496
20260719,M1,case_td003_pa050_pp0_3_gamma_010__steady,cmaes,6,0.07504698610022666,0.05425676600499663,1.3831820734268496
20260719,M1,case_td003_pa050_pp0_3_gamma_010__steady,cmaes,7,0.07504698610022666,0.05425676600499663,1.3831820734268496
20260719,M1,case_td003_pa050_pp0_3_gamma_010__steady,cmaes,8,0.07504698610022666,0.05425676600499663,1.3831820734268496
20260719,M1,case_td003_pa050_pp0_3_gamma_010__steady,cmaes,9,0.07504698610022666,0.05425676600499663,1.3831820734268496
20260719,M1,case_td003_pa050_pp0_3_gamma_010__steady,cmaes,10,0.07504698610022666,0.05425676600499663,1.3831820734268496
20260719,M1,case_td003_pa050_pp0_3_gamma_010__steady,cmaes,11,0.07504698610022666,0.05425676600499663,1.3831820734268496
20260719,M1,case_td003_pa050_pp0_3_gamma_010__steady,cmaes,12,0.059903358366568564,0.05425676600499663,1.1040716721127817
20260719,M1,case_td003_pa050_pp0_3_gamma_010__steady,cmaes,13,0.059903358366568564,0.05425676600499663,1.1040716721127817
20260719,M1,case_td003_pa050_pp0_3_gamma_010__steady,cmaes,14,0.059903358366568564,0.05425676600499663,1.1040716721127817
20260719,M1,case_td003_pa050_pp0_3_gamma_010__steady,cmaes,15,0.059903358366568564,0.05425676600499663,1.1040716721127817
20260719,M1,case_td003_pa050_pp0_3_gamma_010__steady,cmaes,16,0.059903358366568564,0.05425676600499663,1.1040716721127817
20260719,M1,case_td003_pa050_pp0_3_gamma_010__steady,cmaes,17,0.059903358366568564,0.05425676600499663,1.1040716721127817
20260719,M1,case_td003_pa050_pp0_3_gamma_010__steady,cmaes,18,0.059903358366568564,0.05425676600499663,1.1040716721127817
20260719,M1,case_td003_pa050_pp0_3_gamma_010__steady,cmaes,19,0.059903358366568564,0.05425676600499663,1.1040716721127817
20260719,M1,case_td003_pa050_pp0_3_gamma_010__steady,cmaes,20,0.059903358366568564,0.05425676600499663,1.1040716721127817
20260719,M1,case_td003_pa050_pp0_3_gamma_010__steady,cmaes,21,0.059903358366568564,0.05425676600499663,1.1040716721127817
20260719,M1,case_td003_pa050_pp0_3_gamma_010__steady,cmaes,22,0.059903358366568564,0.05425676600499663,1.1040716721127817
20260719,M1,case_td003_pa050_pp0_3_gamma_010__steady,cmaes,23,0.059903358366568564,0.05425676600499663,1.1040716721127817
20260719,M1,case_td003_pa050_pp0_3_gamma_010__steady,cmaes,24,0.059903358366568564,0.05425676600499663,1.1040716721127817
20260719,M1,case_td003_pa050_pp0_3_gamma_010__steady,cmaes,25,0.059903358366568564,0.05425676600499663,1.1040716721127817
20260719,M1,case_td003_pa050_pp0_3_gamma_010__steady,cmaes,26,0.059903358366568564,0.05425676600499663,1.1040716721127817
20260719,M1,case_td003_pa050_pp0_3_gamma_010__steady,cmaes,27,0.059903358366568564,0.05425676600499663,1.1040716721127817
20260719,M1,case_td003_pa050_pp0_3_gamma_010__steady,cmaes,28,0.059903358366568564,0.05425676600499663,1.1040716721127817
20260719,M1,case_td003_pa050_pp0_3_gamma_010__steady,cmaes,29,0.059903358366568564,0.05425676600499663,1.1040716721127817
20260719,M1,case_td003_pa050_pp0_3_gamma_010__steady,cmaes,30,0.059903358366568564,0.05425676600499663,1.1040716721127817
20260719,M1,case_td003_pa050_pp0_3_gamma_010__steady,cmaes,31,0.059903358366568564,0.05425676600499663,1.1040716721127817
20260719,M1,case_td003_pa050_pp0_3_gamma_010__steady,cmaes,32,0.059903358366568564,0.05425676600499663,1.1040716721127817
20260719,M1,case_td003_pa050_pp0_3_gamma_010__steady,cmaes,33,0.059903358366568564,0.05425676600499663,1.1040716721127817
20260719,M1,case_td003_pa050_pp0_3_gamma_010__steady,cmaes,34,0.059903358366568564,0.05425676600499663,1.1040716721127817
20260719,M1,case_td003_pa050_pp0_3_gamma_010__steady,cmaes,35,0.059903358366568564,0.05425676600499663,1.1040716721127817
20260719,M1,case_td003_pa050_pp0_3_gamma_010__steady,cmaes,36,0.059903358366568564,0.05425676600499663,1.1040716721127817
20260719,M1,case_td003_pa050_pp0_3_gamma_010__steady,cmaes,37,0.059903358366568564,0.05425676600499663,1.1040716721127817
20260719,M1,case_td003_pa050_pp0_3_gamma_010__steady,cmaes,38,0.059903358366568564,0.05425676600499663,1.1040716721127817
20260719,M1,case_td003_pa050_pp0_3_gamma_010__steady,cmaes,39,0.059903358366568564,0.05425676600499663,1.1040716721127817
20260719,M1,case_td003_pa050_pp0_3_gamma_010__steady,cmaes,40,0.059903358366568564,0.05425676600499663,1.1040716721127817
20260719,M1,case_td003_pa050_pp0_3_gamma_010__steady,cmaes,41,0.059903358366568564,0.05425676600499663,1.1040716721127817
20260719,M1,case_td003_pa050_pp0_3_gamma_010__steady,cmaes,42,0.059903358366568564,0.05425676600499663,1.1040716721127817
20260719,M1,case_td003_pa050_pp0_3_gamma_010__steady,cmaes,43,0.059903358366568564,0.05425676600499663,1.1040716721127817
20260719,M1,case_td003_pa050_pp0_3_gamma_010__steady,cmaes,44,0.059903358366568564,0.05425676600499663,1.1040716721127817
20260719,M1,case_td003_pa050_pp0_3_gamma_010__steady,cmaes,45,0.059903358366568564,0.05425676600499663,1.1040716721127817
20260719,M1,case_td003_pa050_pp0_3_gamma_010__steady,cmaes,46,0.059903358366568564,0.05425676600499663,1.1040716721127817
20260719,M1,case_td003_pa050_pp0_3_gamma_010__steady,cmaes,47,0.059903358366568564,0.05425676600499663,1.1040716721127817
20260719,M1,case_td003_pa050_pp0_3_gamma_010__steady,cmaes,48,0.059903358366568564,0.05425676600499663,1.1040716721127817
20260719,M1,case_td003_pa050_pp0_3_gamma_010__steady,cmaes,49,0.059903358366568564,0.05425676600499663,1.1040716721127817
20260719,M1,case_td003_pa050_pp0_3_gamma_010__steady,cmaes,50,0.059903358366568564,0.05425676600499663,1.1040716721127817
20260719,M1,case_td003_pa050_pp0_3_gamma_010__steady,cmaes,51,0.059903358366568564,0.05425676600499663,1.1040716721127817
20260719,M1,case_td003_pa050_pp0_3_gamma_010__steady,cmaes,52,0.059903358366568564,0.05425676600499663,1.1040716721127817
20260719,M1,case_td003_pa050_pp0_3_gamma_010__steady,cmaes,53,0.059903358366568564,0.05425676600499663,1.1040716721127817
20260719,M1,case_td003_pa050_pp0_3_gamma_010__steady,cmaes,54,0.059903358366568564,0.05425676600499663,1.1040716721127817
20260719,M1,case_td003_pa050_pp0_3_gamma_010__steady,cmaes,55,0.059903358366568564,0.05425676600499663,1.1040716721127817
20260719,M1,case_td003_pa050_pp0_3_gamma_010__steady,cmaes,56,0.059903358366568564,0.05425676600499663,1.1040716721127817
20260719,M1,case_td003_pa050_pp0_3_gamma_010__steady,cmaes,57,0.059903358366568564,0.05425676600499663,1.1040716721127817
20260719,M1,case_td003_pa050_pp0_3_gamma_010__steady,cmaes,58,0.059903358366568564,0.05425676600499663,1.1040716721127817
20260719,M1,case_td003_pa050_pp0_3_gamma_010__steady,cmaes,59,0.059903358366568564,0.05425676600499663,1.1040716721127817
20260719,M1,case_td003_pa050_pp0_3_gamma_010__steady,cmaes,60,0.059903358366568564,0.05425676600499663,1.1040716721127817
20260719,M1,case_td003_pa050_pp0_3_gamma_010__steady,cmaes,61,0.059903358366568564,0.05425676600499663,1.1040716721127817
20260719,M1,case_td003_pa050_pp0_3_gamma_010__steady,cmaes,62,0.059903358366568564,0.05425676600499663,1.1040716721127817
20260719,M1,case_td003_pa050_pp0_3_gamma_010__steady,cmaes,63,0.059903358366568564,0.05425676600499663,1.1040716721127817
20260719,M1,case_td003_pa050_pp0_3_gamma_010__steady,cmaes,64,0.059903358366568564,0.05425676600499663,1.1040716721127817
20260719,M1,case_td003_pa050_pp0_3_gamma_010__steady,cmaes,65,0.059903358366568564,0.05425676600499663,1.1040716721127817
20260719,M1,case_td003_pa050_pp0_3_gamma_010__steady,cmaes,66,0.059903358366568564,0.05425676600499663,1.1040716721127817
20260719,M1,case_td003_pa050_pp0_3_gamma_010__steady,cmaes,67,0.059903358366568564,0.05425676600499663,1.1040716721127817
20260719,M1,case_td003_pa050_pp0_3_gamma_010__steady,cmaes,68,0.059903358366568564,0.05425676600499663,1.1040716721127817
20260719,M1,case_td003_pa050_pp0_3_gamma_010__steady,cmaes,69,0.059903358366568564,0.05425676600499663,1.1040716721127817
20260719,M1,case_td003_pa050_pp0_3_gamma_010__steady,cmaes,70,0.059903358366568564,0.05425676600499663,1.1040716721127817
20260719,M1,case_td003_pa050_pp0_3_gamma_010__steady,cmaes,71,0.059903358366568564,0.05425676600499663,1.1040716721127817
20260719,M1,case_td003_pa050_pp0_3_gamma_010__steady,cmaes,72,0.059903358366568564,0.05425676600499663,1.1040716721127817
20260719,M1,case_td003_pa050_pp0_3_gamma_010__steady,cmaes,73,0.059903358366568564,0.05425676600499663,1.1040716721127817
20260719,M1,case_td003_pa050_pp0_3_gamma_010__steady,cmaes,74,0.059903358366568564,0.05425676600499663,1.1040716721127817
20260719,M1,case_td003_pa050_pp0_3_gamma_010__steady,cmaes,75,0.059903358366568564,0.05425676600499663,1.1040716721127817
20260719,M1,case_td003_pa050_pp0_3_gamma_010__steady,cmaes,76,0.059903358366568564,0.05425676600499663,1.1040716721127817
20260719,M1,case_td003_pa050_pp0_3_gamma_010__steady,cmaes,77,0.059903358366568564,0.05425676600499663,1.1040716721127817
20260719,M1,case_td003_pa050_pp0_3_gamma_010__steady,cmaes,78,0.059903358366568564,0.05425676600499663,1.1040716721127817
20260719,M1,case_td003_pa050_pp0_3_gamma_010__steady,cmaes,79,0.059903358366568564,0.05425676600499663,1.1040716721127817
20260719,M1,case_td003_pa050_pp0_3_gamma_010__steady,cmaes,80,0.05442584684846697,0.05425676600499663,1.003116308912602
20260719,M1,case_td003_pa050_pp0_3_gamma_010__steady,cmaes,81,0.05442584684846697,0.05425676600499663,1.003116308912602
20260719,M1,case_td003_pa050_pp0_3_gamma_010__steady,cmaes,82,0.05442584684846697,0.05425676600499663,1.003116308912602
20260719,M1,case_td003_pa050_pp0_3_gamma_010__steady,cmaes,83,0.05442584684846697,0.05425676600499663,1.003116308912602
20260719,M1,case_td003_pa050_pp0_3_gamma_010__steady,cmaes,84,0.05394655235395518,0.05425676600499663,0.9942824890998316
20260719,M1,case_td003_pa050_pp0_3_gamma_010__steady,cmaes,85,0.05394655235395518,0.05425676600499663,0.9942824890998316
20260719,M1,case_td003_pa050_pp0_3_gamma_010__steady,cmaes,86,0.05394655235395518,0.05425676600499663,0.9942824890998316
20260719,M1,case_td003_pa050_pp0_3_gamma_010__steady,cmaes,87,0.05394655235395518,0.05425676600499663,0.9942824890998316
20260719,M1,case_td003_pa050_pp0_3_gamma_010__steady,cmaes,88,0.05394655235395518,0.05425676600499663,0.9942824890998316
20260719,M1,case_td003_pa050_pp0_3_gamma_010__steady,cmaes,89,0.05394655235395518,0.05425676600499663,0.9942824890998316
20260719,M1,case_td003_pa050_pp0_3_gamma_010__steady,cmaes,90,0.05394655235395518,0.05425676600499663,0.9942824890998316
20260719,M1,case_td003_pa050_pp0_3_gamma_010__steady,cmaes,91,0.05394655235395518,0.05425676600499663,0.9942824890998316
20260719,M1,case_td003_pa050_pp0_3_gamma_010__steady,cmaes,92,0.05394655235395518,0.05425676600499663,0.9942824890998316
20260719,M1,case_td003_pa050_pp0_3_gamma_010__steady,cmaes,93,0.05394655235395518,0.05425676600499663,0.9942824890998316
20260719,M1,case_td003_pa050_pp0_3_gamma_010__steady,cmaes,94,0.05394655235395518,0.05425676600499663,0.9942824890998316
20260719,M1,case_td003_pa050_pp0_3_gamma_010__steady,cmaes,95,0.053633180751992575,0.05425676600499663,0.9885067743818968
20260719,M1,case_td003_pa050_pp0_3_gamma_010__steady,cmaes,96,0.053633180751992575,0.05425676600499663,0.9885067743818968
20260719,M1,case_td003_pa050_pp0_3_gamma_010__steady,cmaes,97,0.053633180751992575,0.05425676600499663,0.9885067743818968
20260719,M1,case_td003_pa050_pp0_3_gamma_010__steady,cmaes,98,0.053633180751992575,0.05425676600499663,0.9885067743818968
20260719,M1,case_td003_pa050_pp0_3_gamma_010__steady,cmaes,99,0.053633180751992575,0.05425676600499663,0.9885067743818968
20260719,M1,case_td003_pa050_pp0_3_gamma_010__steady,cmaes,100,0.053633180751992575,0.05425676600499663,0.9885067743818968
20260719,M1,case_td003_pa050_pp0_3_gamma_010__steady,tpe,1,0.5628434392461068,0.05425676600499663,10.373700474412228
20260719,M1,case_td003_pa050_pp0_3_gamma_010__steady,tpe,2,0.0873106515488962,0.05425676600499663,1.6092122324588154
20260719,M1,case_td003_pa050_pp0_3_gamma_010__steady,tpe,3,0.0873106515488962,0.05425676600499663,1.6092122324588154
20260719,M1,case_td003_pa050_pp0_3_gamma_010__steady,tpe,4,0.0873106515488962,0.05425676600499663,1.6092122324588154
20260719,M1,case_td003_pa050_pp0_3_gamma_010__steady,tpe,5,0.0873106515488962,0.05425676600499663,1.6092122324588154
20260719,M1,case_td003_pa050_pp0_3_gamma_010__steady,tpe,6,0.0873106515488962,0.05425676600499663,1.6092122324588154
20260719,M1,case_td003_pa050_pp0_3_gamma_010__steady,tpe,7,0.0873106515488962,0.05425676600499663,1.6092122324588154
20260719,M1,case_td003_pa050_pp0_3_gamma_010__steady,tpe,8,0.0873106515488962,0.05425676600499663,1.6092122324588154
20260719,M1,case_td003_pa050_pp0_3_gamma_010__steady,tpe,9,0.0873106515488962,0.05425676600499663,1.6092122324588154
20260719,M1,case_td003_pa050_pp0_3_gamma_010__steady,tpe,10,0.0873106515488962,0.05425676600499663,1.6092122324588154
20260719,M1,case_td003_pa050_pp0_3_gamma_010__steady,tpe,11,0.05526845786140783,0.05425676600499663,1.0186463722573886
20260719,M1,case_td003_pa050_pp0_3_gamma_010__steady,tpe,12,0.05526845786140783,0.05425676600499663,1.0186463722573886
20260719,M1,case_td003_pa050_pp0_3_gamma_010__steady,tpe,13,0.05526845786140783,0.05425676600499663,1.0186463722573886
20260719,M1,case_td003_pa050_pp0_3_gamma_010__steady,tpe,14,0.05526845786140783,0.05425676600499663,1.0186463722573886
20260719,M1,case_td003_pa050_pp0_3_gamma_010__steady,tpe,15,0.05526845786140783,0.05425676600499663,1.0186463722573886
20260719,M1,case_td003_pa050_pp0_3_gamma_010__steady,tpe,16,0.05526845786140783,0.05425676600499663,1.0186463722573886
20260719,M1,case_td003_pa050_pp0_3_gamma_010__steady,tpe,17,0.05526845786140783,0.05425676600499663,1.0186463722573886
20260719,M1,case_td003_pa050_pp0_3_gamma_010__steady,tpe,18,0.05526845786140783,0.05425676600499663,1.0186463722573886
20260719,M1,case_td003_pa050_pp0_3_gamma_010__steady,tpe,19,0.05526845786140783,0.05425676600499663,1.0186463722573886
20260719,M1,case_td003_pa050_pp0_3_gamma_010__steady,tpe,20,0.05526845786140783,0.05425676600499663,1.0186463722573886
20260719,M1,case_td003_pa050_pp0_3_gamma_010__steady,tpe,21,0.05526845786140783,0.05425676600499663,1.0186463722573886
20260719,M1,case_td003_pa050_pp0_3_gamma_010__steady,tpe,22,0.05526845786140783,0.05425676600499663,1.0186463722573886
20260719,M1,case_td003_pa050_pp0_3_gamma_010__steady,tpe,23,0.05526845786140783,0.05425676600499663,1.0186463722573886
20260719,M1,case_td003_pa050_pp0_3_gamma_010__steady,tpe,24,0.05526845786140783,0.05425676600499663,1.0186463722573886
20260719,M1,case_td003_pa050_pp0_3_gamma_010__steady,tpe,25,0.05526845786140783,0.05425676600499663,1.0186463722573886
20260719,M1,case_td003_pa050_pp0_3_gamma_010__steady,tpe,26,0.05526845786140783,0.05425676600499663,1.0186463722573886
20260719,M1,case_td003_pa050_pp0_3_gamma_010__steady,tpe,27,0.05526845786140783,0.05425676600499663,1.0186463722573886
20260719,M1,case_td003_pa050_pp0_3_gamma_010__steady,tpe,28,0.05526845786140783,0.05425676600499663,1.0186463722573886
20260719,M1,case_td003_pa050_pp0_3_gamma_010__steady,tpe,29,0.05526845786140783,0.05425676600499663,1.0186463722573886
20260719,M1,case_td003_pa050_pp0_3_gamma_010__steady,tpe,30,0.05526845786140783,0.05425676600499663,1.0186463722573886
20260719,M1,case_td003_pa050_pp0_3_gamma_010__steady,tpe,31,0.05526845786140783,0.05425676600499663,1.0186463722573886
20260719,M1,case_td003_pa050_pp0_3_gamma_010__steady,tpe,32,0.05526845786140783,0.05425676600499663,1.0186463722573886
20260719,M1,case_td003_pa050_pp0_3_gamma_010__steady,tpe,33,0.05526845786140783,0.05425676600499663,1.0186463722573886
20260719,M1,case_td003_pa050_pp0_3_gamma_010__steady,tpe,34,0.05526845786140783,0.05425676600499663,1.0186463722573886
20260719,M1,case_td003_pa050_pp0_3_gamma_010__steady,tpe,35,0.05526845786140783,0.05425676600499663,1.0186463722573886
20260719,M1,case_td003_pa050_pp0_3_gamma_010__steady,tpe,36,0.05526845786140783,0.05425676600499663,1.0186463722573886
20260719,M1,case_td003_pa050_pp0_3_gamma_010__steady,tpe,37,0.05526845786140783,0.05425676600499663,1.0186463722573886
20260719,M1,case_td003_pa050_pp0_3_gamma_010__steady,tpe,38,0.05526845786140783,0.05425676600499663,1.0186463722573886
20260719,M1,case_td003_pa050_pp0_3_gamma_010__steady,tpe,39,0.05526845786140783,0.05425676600499663,1.0186463722573886
20260719,M1,case_td003_pa050_pp0_3_gamma_010__steady,tpe,40,0.05526845786140783,0.05425676600499663,1.0186463722573886
20260719,M1,case_td003_pa050_pp0_3_gamma_010__steady,tpe,41,0.05526845786140783,0.05425676600499663,1.0186463722573886
20260719,M1,case_td003_pa050_pp0_3_gamma_010__steady,tpe,42,0.05526845786140783,0.05425676600499663,1.0186463722573886
20260719,M1,case_td003_pa050_pp0_3_gamma_010__steady,tpe,43,0.05526845786140783,0.05425676600499663,1.0186463722573886
20260719,M1,case_td003_pa050_pp0_3_gamma_010__steady,tpe,44,0.05526845786140783,0.05425676600499663,1.0186463722573886
20260719,M1,case_td003_pa050_pp0_3_gamma_010__steady,tpe,45,0.05526845786140783,0.05425676600499663,1.0186463722573886
20260719,M1,case_td003_pa050_pp0_3_gamma_010__steady,tpe,46,0.05526845786140783,0.05425676600499663,1.0186463722573886
20260719,M1,case_td003_pa050_pp0_3_gamma_010__steady,tpe,47,0.05526845786140783,0.05425676600499663,1.0186463722573886
20260719,M1,case_td003_pa050_pp0_3_gamma_010__steady,tpe,48,0.05526845786140783,0.05425676600499663,1.0186463722573886
20260719,M1,case_td003_pa050_pp0_3_gamma_010__steady,tpe,49,0.05526845786140783,0.05425676600499663,1.0186463722573886
20260719,M1,case_td003_pa050_pp0_3_gamma_010__steady,tpe,50,0.05526845786140783,0.05425676600499663,1.0186463722573886
20260719,M1,case_td003_pa050_pp0_3_gamma_010__steady,tpe,51,0.05526845786140783,0.05425676600499663,1.0186463722573886
20260719,M1,case_td003_pa050_pp0_3_gamma_010__steady,tpe,52,0.05526845786140783,0.05425676600499663,1.0186463722573886
20260719,M1,case_td003_pa050_pp0_3_gamma_010__steady,tpe,53,0.05526845786140783,0.05425676600499663,1.0186463722573886
20260719,M1,case_td003_pa050_pp0_3_gamma_010__steady,tpe,54,0.05526845786140783,0.05425676600499663,1.0186463722573886
20260719,M1,case_td003_pa050_pp0_3_gamma_010__steady,tpe,55,0.05526845786140783,0.05425676600499663,1.0186463722573886
20260719,M1,case_td003_pa050_pp0_3_gamma_010__steady,tpe,56,0.05526845786140783,0.05425676600499663,1.0186463722573886
20260719,M1,case_td003_pa050_pp0_3_gamma_010__steady,tpe,57,0.05526845786140783,0.05425676600499663,1.0186463722573886
20260719,M1,case_td003_pa050_pp0_3_gamma_010__steady,tpe,58,0.05526845786140783,0.05425676600499663,1.0186463722573886
20260719,M1,case_td003_pa050_pp0_3_gamma_010__steady,tpe,59,0.05526845786140783,0.05425676600499663,1.0186463722573886
20260719,M1,case_td003_pa050_pp0_3_gamma_010__steady,tpe,60,0.05526845786140783,0.05425676600499663,1.0186463722573886
20260719,M1,case_td003_pa050_pp0_3_gamma_010__steady,tpe,61,0.05526845786140783,0.05425676600499663,1.0186463722573886
20260719,M1,case_td003_pa050_pp0_3_gamma_010__steady,tpe,62,0.05526845786140783,0.05425676600499663,1.0186463722573886
20260719,M1,case_td003_pa050_pp0_3_gamma_010__steady,tpe,63,0.05413004176383241,0.05425676600499663,0.9976643605858752
20260719,M1,case_td003_pa050_pp0_3_gamma_010__steady,tpe,64,0.05413004176383241,0.05425676600499663,0.9976643605858752
20260719,M1,case_td003_pa050_pp0_3_gamma_010__steady,tpe,65,0.05413004176383241,0.05425676600499663,0.9976643605858752
20260719,M1,case_td003_pa050_pp0_3_gamma_010__steady,tpe,66,0.05413004176383241,0.05425676600499663,0.9976643605858752
20260719,M1,case_td003_pa050_pp0_3_gamma_010__steady,tpe,67,0.05413004176383241,0.05425676600499663,0.9976643605858752
20260719,M1,case_td003_pa050_pp0_3_gamma_010__steady,tpe,68,0.05413004176383241,0.05425676600499663,0.9976643605858752
20260719,M1,case_td003_pa050_pp0_3_gamma_010__steady,tpe,69,0.05413004176383241,0.05425676600499663,0.9976643605858752
20260719,M1,case_td003_pa050_pp0_3_gamma_010__steady,tpe,70,0.05413004176383241,0.05425676600499663,0.9976643605858752
20260719,M1,case_td003_pa050_pp0_3_gamma_010__steady,tpe,71,0.05413004176383241,0.05425676600499663,0.9976643605858752
20260719,M1,case_td003_pa050_pp0_3_gamma_010__steady,tpe,72,0.05413004176383241,0.05425676600499663,0.9976643605858752
20260719,M1,case_td003_pa050_pp0_3_gamma_010__steady,tpe,73,0.05413004176383241,0.05425676600499663,0.9976643605858752
20260719,M1,case_td003_pa050_pp0_3_gamma_010__steady,tpe,74,0.05413004176383241,0.05425676600499663,0.9976643605858752
20260719,M1,case_td003_pa050_pp0_3_gamma_010__steady,tpe,75,0.05413004176383241,0.05425676600499663,0.9976643605858752
20260719,M1,case_td003_pa050_pp0_3_gamma_010__steady,tpe,76,0.05413004176383241,0.05425676600499663,0.9976643605858752
20260719,M1,case_td003_pa050_pp0_3_gamma_010__steady,tpe,77,0.05413004176383241,0.05425676600499663,0.9976643605858752
20260719,M1,case_td003_pa050_pp0_3_gamma_010__steady,tpe,78,0.05413004176383241,0.05425676600499663,0.9976643605858752
20260719,M1,case_td003_pa050_pp0_3_gamma_010__steady,tpe,79,0.05413004176383241,0.05425676600499663,0.9976643605858752
20260719,M1,case_td003_pa050_pp0_3_gamma_010__steady,tpe,80,0.05413004176383241,0.05425676600499663,0.9976643605858752
20260719,M1,case_td003_pa050_pp0_3_gamma_010__steady,tpe,81,0.05413004176383241,0.05425676600499663,0.9976643605858752
20260719,M1,case_td003_pa050_pp0_3_gamma_010__steady,tpe,82,0.05413004176383241,0.05425676600499663,0.9976643605858752
20260719,M1,case_td003_pa050_pp0_3_gamma_010__steady,tpe,83,0.05413004176383241,0.05425676600499663,0.9976643605858752
20260719,M1,case_td003_pa050_pp0_3_gamma_010__steady,tpe,84,0.05413004176383241,0.05425676600499663,0.9976643605858752
20260719,M1,case_td003_pa050_pp0_3_gamma_010__steady,tpe,85,0.05413004176383241,0.05425676600499663,0.9976643605858752
20260719,M1,case_td003_pa050_pp0_3_gamma_010__steady,tpe,86,0.05413004176383241,0.05425676600499663,0.9976643605858752
20260719,M1,case_td003_pa050_pp0_3_gamma_010__steady,tpe,87,0.05413004176383241,0.05425676600499663,0.9976643605858752
20260719,M1,case_td003_pa050_pp0_3_gamma_010__steady,tpe,88,0.05413004176383241,0.05425676600499663,0.9976643605858752
20260719,M1,case_td003_pa050_pp0_3_gamma_010__steady,tpe,89,0.05413004176383241,0.05425676600499663,0.9976643605858752
20260719,M1,case_td003_pa050_pp0_3_gamma_010__steady,tpe,90,0.05413004176383241,0.05425676600499663,0.9976643605858752
20260719,M1,case_td003_pa050_pp0_3_gamma_010__steady,tpe,91,0.05413004176383241,0.05425676600499663,0.9976643605858752
20260719,M1,case_td003_pa050_pp0_3_gamma_010__steady,tpe,92,0.05413004176383241,0.05425676600499663,0.9976643605858752
20260719,M1,case_td003_pa050_pp0_3_gamma_010__steady,tpe,93,0.05413004176383241,0.05425676600499663,0.9976643605858752
20260719,M1,case_td003_pa050_pp0_3_gamma_010__steady,tpe,94,0.05413004176383241,0.05425676600499663,0.9976643605858752
20260719,M1,case_td003_pa050_pp0_3_gamma_010__steady,tpe,95,0.05413004176383241,0.05425676600499663,0.9976643605858752
20260719,M1,case_td003_pa050_pp0_3_gamma_010__steady,tpe,96,0.05413004176383241,0.05425676600499663,0.9976643605858752
20260719,M1,case_td003_pa050_pp0_3_gamma_010__steady,tpe,97,0.05413004176383241,0.05425676600499663,0.9976643605858752
20260719,M1,case_td003_pa050_pp0_3_gamma_010__steady,tpe,98,0.05413004176383241,0.05425676600499663,0.9976643605858752
20260719,M1,case_td003_pa050_pp0_3_gamma_010__steady,tpe,99,0.05413004176383241,0.05425676600499663,0.9976643605858752
20260719,M1,case_td003_pa050_pp0_3_gamma_010__steady,tpe,100,0.05413004176383241,0.05425676600499663,0.9976643605858752
20260719,M1,case_td003_pa050_pp0_3_gamma_010__steady,random,1,0.5628434392461068,0.05425676600499663,10.373700474412228
20260719,M1,case_td003_pa050_pp0_3_gamma_010__steady,random,2,0.5628434392461068,0.05425676600499663,10.373700474412228
20260719,M1,case_td003_pa050_pp0_3_gamma_010__steady,random,3,0.4662217030467391,0.05425676600499663,8.592876748382011
20260719,M1,case_td003_pa050_pp0_3_gamma_010__steady,random,4,0.4608855179577226,0.05425676600499663,8.49452615578449
20260719,M1,case_td003_pa050_pp0_3_gamma_010__steady,random,5,0.44501847833479674,0.05425676600499663,8.202082635994447
20260719,M1,case_td003_pa050_pp0_3_gamma_010__steady,random,6,0.3131593430390383,0.05425676600499663,5.771802598964316
20260719,M1,case_td003_pa050_pp0_3_gamma_010__steady,random,7,0.3131593430390383,0.05425676600499663,5.771802598964316
20260719,M1,case_td003_pa050_pp0_3_gamma_010__steady,random,8,0.07070873316396169,0.05425676600499663,1.3032242496253823
20260719,M1,case_td003_pa050_pp0_3_gamma_010__steady,random,9,0.07070873316396169,0.05425676600499663,1.3032242496253823
20260719,M1,case_td003_pa050_pp0_3_gamma_010__steady,random,10,0.07070873316396169,0.05425676600499663,1.3032242496253823
20260719,M1,case_td003_pa050_pp0_3_gamma_010__steady,random,11,0.07070873316396169,0.05425676600499663,1.3032242496253823
20260719,M1,case_td003_pa050_pp0_3_gamma_010__steady,random,12,0.07070873316396169,0.05425676600499663,1.3032242496253823
20260719,M1,case_td003_pa050_pp0_3_gamma_010__steady,random,13,0.07070873316396169,0.05425676600499663,1.3032242496253823
20260719,M1,case_td003_pa050_pp0_3_gamma_010__steady,random,14,0.07070873316396169,0.05425676600499663,1.3032242496253823
20260719,M1,case_td003_pa050_pp0_3_gamma_010__steady,random,15,0.07070873316396169,0.05425676600499663,1.3032242496253823
20260719,M1,case_td003_pa050_pp0_3_gamma_010__steady,random,16,0.07070873316396169,0.05425676600499663,1.3032242496253823
20260719,M1,case_td003_pa050_pp0_3_gamma_010__steady,random,17,0.07070873316396169,0.05425676600499663,1.3032242496253823
20260719,M1,case_td003_pa050_pp0_3_gamma_010__steady,random,18,0.07070873316396169,0.05425676600499663,1.3032242496253823
20260719,M1,case_td003_pa050_pp0_3_gamma_010__steady,random,19,0.07070873316396169,0.05425676600499663,1.3032242496253823
20260719,M1,case_td003_pa050_pp0_3_gamma_010__steady,random,20,0.07070873316396169,0.05425676600499663,1.3032242496253823
20260719,M1,case_td003_pa050_pp0_3_gamma_010__steady,random,21,0.07070873316396169,0.05425676600499663,1.3032242496253823
20260719,M1,case_td003_pa050_pp0_3_gamma_010__steady,random,22,0.07070873316396169,0.05425676600499663,1.3032242496253823
20260719,M1,case_td003_pa050_pp0_3_gamma_010__steady,random,23,0.07070873316396169,0.05425676600499663,1.3032242496253823
20260719,M1,case_td003_pa050_pp0_3_gamma_010__steady,random,24,0.07070873316396169,0.05425676600499663,1.3032242496253823
20260719,M1,case_td003_pa050_pp0_3_gamma_010__steady,random,25,0.07070873316396169,0.05425676600499663,1.3032242496253823
20260719,M1,case_td003_pa050_pp0_3_gamma_010__steady,random,26,0.07070873316396169,0.05425676600499663,1.3032242496253823
20260719,M1,case_td003_pa050_pp0_3_gamma_010__steady,random,27,0.07070873316396169,0.05425676600499663,1.3032242496253823
20260719,M1,case_td003_pa050_pp0_3_gamma_010__steady,random,28,0.07070873316396169,0.05425676600499663,1.3032242496253823
20260719,M1,case_td003_pa050_pp0_3_gamma_010__steady,random,29,0.07070873316396169,0.05425676600499663,1.3032242496253823
20260719,M1,case_td003_pa050_pp0_3_gamma_010__steady,random,30,0.07070873316396169,0.05425676600499663,1.3032242496253823
20260719,M1,case_td003_pa050_pp0_3_gamma_010__steady,random,31,0.07070873316396169,0.05425676600499663,1.3032242496253823
20260719,M1,case_td003_pa050_pp0_3_gamma_010__steady,random,32,0.07070873316396169,0.05425676600499663,1.3032242496253823
20260719,M1,case_td003_pa050_pp0_3_gamma_010__steady,random,33,0.07070873316396169,0.05425676600499663,1.3032242496253823
20260719,M1,case_td003_pa050_pp0_3_gamma_010__steady,random,34,0.07070873316396169,0.05425676600499663,1.3032242496253823
20260719,M1,case_td003_pa050_pp0_3_gamma_010__steady,random,35,0.07070873316396169,0.05425676600499663,1.3032242496253823
20260719,M1,case_td003_pa050_pp0_3_gamma_010__steady,random,36,0.07070873316396169,0.05425676600499663,1.3032242496253823
20260719,M1,case_td003_pa050_pp0_3_gamma_010__steady,random,37,0.07070873316396169,0.05425676600499663,1.3032242496253823
20260719,M1,case_td003_pa050_pp0_3_gamma_010__steady,random,38,0.07070873316396169,0.05425676600499663,1.3032242496253823
20260719,M1,case_td003_pa050_pp0_3_gamma_010__steady,random,39,0.07070873316396169,0.05425676600499663,1.3032242496253823
20260719,M1,case_td003_pa050_pp0_3_gamma_010__steady,random,40,0.07070873316396169,0.05425676600499663,1.3032242496253823
20260719,M1,case_td003_pa050_pp0_3_gamma_010__steady,random,41,0.07070873316396169,0.05425676600499663,1.3032242496253823
20260719,M1,case_td003_pa050_pp0_3_gamma_010__steady,random,42,0.07070873316396169,0.05425676600499663,1.3032242496253823
20260719,M1,case_td003_pa050_pp0_3_gamma_010__steady,random,43,0.07070873316396169,0.05425676600499663,1.3032242496253823
20260719,M1,case_td003_pa050_pp0_3_gamma_010__steady,random,44,0.05512018331455809,0.05425676600499663,1.01591354172274
20260719,M1,case_td003_pa050_pp0_3_gamma_010__steady,random,45,0.05512018331455809,0.05425676600499663,1.01591354172274
20260719,M1,case_td003_pa050_pp0_3_gamma_010__steady,random,46,0.05512018331455809,0.05425676600499663,1.01591354172274
20260719,M1,case_td003_pa050_pp0_3_gamma_010__steady,random,47,0.05512018331455809,0.05425676600499663,1.01591354172274
20260719,M1,case_td003_pa050_pp0_3_gamma_010__steady,random,48,0.05512018331455809,0.05425676600499663,1.01591354172274
20260719,M1,case_td003_pa050_pp0_3_gamma_010__steady,random,49,0.05512018331455809,0.05425676600499663,1.01591354172274
20260719,M1,case_td003_pa050_pp0_3_gamma_010__steady,random,50,0.05512018331455809,0.05425676600499663,1.01591354172274
20260719,M1,case_td003_pa050_pp0_3_gamma_010__steady,random,51,0.05512018331455809,0.05425676600499663,1.01591354172274
20260719,M1,case_td003_pa050_pp0_3_gamma_010__steady,random,52,0.05512018331455809,0.05425676600499663,1.01591354172274
20260719,M1,case_td003_pa050_pp0_3_gamma_010__steady,random,53,0.05512018331455809,0.05425676600499663,1.01591354172274
20260719,M1,case_td003_pa050_pp0_3_gamma_010__steady,random,54,0.05512018331455809,0.05425676600499663,1.01591354172274
20260719,M1,case_td003_pa050_pp0_3_gamma_010__steady,random,55,0.05512018331455809,0.05425676600499663,1.01591354172274
20260719,M1,case_td003_pa050_pp0_3_gamma_010__steady,random,56,0.05512018331455809,0.05425676600499663,1.01591354172274
20260719,M1,case_td003_pa050_pp0_3_gamma_010__steady,random,57,0.05512018331455809,0.05425676600499663,1.01591354172274
20260719,M1,case_td003_pa050_pp0_3_gamma_010__steady,random,58,0.05512018331455809,0.05425676600499663,1.01591354172274
20260719,M1,case_td003_pa050_pp0_3_gamma_010__steady,random,59,0.05512018331455809,0.05425676600499663,1.01591354172274
20260719,M1,case_td003_pa050_pp0_3_gamma_010__steady,random,60,0.05512018331455809,0.05425676600499663,1.01591354172274
20260719,M1,case_td003_pa050_pp0_3_gamma_010__steady,random,61,0.05512018331455809,0.05425676600499663,1.01591354172274
20260719,M1,case_td003_pa050_pp0_3_gamma_010__steady,random,62,0.05512018331455809,0.05425676600499663,1.01591354172274
20260719,M1,case_td003_pa050_pp0_3_gamma_010__steady,random,63,0.05512018331455809,0.05425676600499663,1.01591354172274
20260719,M1,case_td003_pa050_pp0_3_gamma_010__steady,random,64,0.05512018331455809,0.05425676600499663,1.01591354172274
20260719,M1,case_td003_pa050_pp0_3_gamma_010__steady,random,65,0.05512018331455809,0.05425676600499663,1.01591354172274
20260719,M1,case_td003_pa050_pp0_3_gamma_010__steady,random,66,0.05512018331455809,0.05425676600499663,1.01591354172274
20260719,M1,case_td003_pa050_pp0_3_gamma_010__steady,random,67,0.05512018331455809,0.05425676600499663,1.01591354172274
20260719,M1,case_td003_pa050_pp0_3_gamma_010__steady,random,68,0.05512018331455809,0.05425676600499663,1.01591354172274
20260719,M1,case_td003_pa050_pp0_3_gamma_010__steady,random,69,0.05512018331455809,0.05425676600499663,1.01591354172274
20260719,M1,case_td003_pa050_pp0_3_gamma_010__steady,random,70,0.05512018331455809,0.05425676600499663,1.01591354172274
20260719,M1,case_td003_pa050_pp0_3_gamma_010__steady,random,71,0.05512018331455809,0.05425676600499663,1.01591354172274
20260719,M1,case_td003_pa050_pp0_3_gamma_010__steady,random,72,0.05512018331455809,0.05425676600499663,1.01591354172274
20260719,M1,case_td003_pa050_pp0_3_gamma_010__steady,random,73,0.05512018331455809,0.05425676600499663,1.01591354172274
20260719,M1,case_td003_pa050_pp0_3_gamma_010__steady,random,74,0.05512018331455809,0.05425676600499663,1.01591354172274
20260719,M1,case_td003_pa050_pp0_3_gamma_010__steady,random,75,0.05512018331455809,0.05425676600499663,1.01591354172274
20260719,M1,case_td003_pa050_pp0_3_gamma_010__steady,random,76,0.05512018331455809,0.05425676600499663,1.01591354172274
20260719,M1,case_td003_pa050_pp0_3_gamma_010__steady,random,77,0.05512018331455809,0.05425676600499663,1.01591354172274
20260719,M1,case_td003_pa050_pp0_3_gamma_010__steady,random,78,0.05512018331455809,0.05425676600499663,1.01591354172274
20260719,M1,case_td003_pa050_pp0_3_gamma_010__steady,random,79,0.05512018331455809,0.05425676600499663,1.01591354172274
20260719,M1,case_td003_pa050_pp0_3_gamma_010__steady,random,80,0.05512018331455809,0.05425676600499663,1.01591354172274
20260719,M1,case_td003_pa050_pp0_3_gamma_010__steady,random,81,0.05512018331455809,0.05425676600499663,1.01591354172274
20260719,M1,case_td003_pa050_pp0_3_gamma_010__steady,random,82,0.05512018331455809,0.05425676600499663,1.01591354172274
20260719,M1,case_td003_pa050_pp0_3_gamma_010__steady,random,83,0.05512018331455809,0.05425676600499663,1.01591354172274
20260719,M1,case_td003_pa050_pp0_3_gamma_010__steady,random,84,0.05512018331455809,0.05425676600499663,1.01591354172274
20260719,M1,case_td003_pa050_pp0_3_gamma_010__steady,random,85,0.05512018331455809,0.05425676600499663,1.01591354172274
20260719,M1,case_td003_pa050_pp0_3_gamma_010__steady,random,86,0.05512018331455809,0.05425676600499663,1.01591354172274
20260719,M1,case_td003_pa050_pp0_3_gamma_010__steady,random,87,0.05512018331455809,0.05425676600499663,1.01591354172274
20260719,M1,case_td003_pa050_pp0_3_gamma_010__steady,random,88,0.05512018331455809,0.05425676600499663,1.01591354172274
20260719,M1,case_td003_pa050_pp0_3_gamma_010__steady,random,89,0.05512018331455809,0.05425676600499663,1.01591354172274
20260719,M1,case_td003_pa050_pp0_3_gamma_010__steady,random,90,0.05512018331455809,0.05425676600499663,1.01591354172274
20260719,M1,case_td003_pa050_pp0_3_gamma_010__steady,random,91,0.05512018331455809,0.05425676600499663,1.01591354172274
20260719,M1,case_td003_pa050_pp0_3_gamma_010__steady,random,92,0.05512018331455809,0.05425676600499663,1.01591354172274
20260719,M1,case_td003_pa050_pp0_3_gamma_010__steady,random,93,0.05512018331455809,0.05425676600499663,1.01591354172274
20260719,M1,case_td003_pa050_pp0_3_gamma_010__steady,random,94,0.05512018331455809,0.05425676600499663,1.01591354172274
20260719,M1,case_td003_pa050_pp0_3_gamma_010__steady,random,95,0.05512018331455809,0.05425676600499663,1.01591354172274
20260719,M1,case_td003_pa050_pp0_3_gamma_010__steady,random,96,0.05512018331455809,0.05425676600499663,1.01591354172274
20260719,M1,case_td003_pa050_pp0_3_gamma_010__steady,random,97,0.05512018331455809,0.05425676600499663,1.01591354172274
20260719,M1,case_td003_pa050_pp0_3_gamma_010__steady,random,98,0.05512018331455809,0.05425676600499663,1.01591354172274
20260719,M1,case_td003_pa050_pp0_3_gamma_010__steady,random,99,0.05512018331455809,0.05425676600499663,1.01591354172274
20260719,M1,case_td003_pa050_pp0_3_gamma_010__steady,random,100,0.05512018331455809,0.05425676600499663,1.01591354172274
20260719,M2,case_td016_pp0_1_gamma_007__steady,cmaes,1,1.7278961645927335,0.04631699798266529,37.305875593220016
20260719,M2,case_td016_pp0_1_gamma_007__steady,cmaes,2,1.3115688705866233,0.04631699798266529,28.317225375390137
20260719,M2,case_td016_pp0_1_gamma_007__steady,cmaes,3,0.8302965258945921,0.04631699798266529,17.926389059268068
20260719,M2,case_td016_pp0_1_gamma_007__steady,cmaes,4,0.8302965258945921,0.04631699798266529,17.926389059268068
20260719,M2,case_td016_pp0_1_gamma_007__steady,cmaes,5,0.8302965258945921,0.04631699798266529,17.926389059268068
20260719,M2,case_td016_pp0_1_gamma_007__steady,cmaes,6,0.8302965258945921,0.04631699798266529,17.926389059268068
20260719,M2,case_td016_pp0_1_gamma_007__steady,cmaes,7,0.8302965258945921,0.04631699798266529,17.926389059268068
20260719,M2,case_td016_pp0_1_gamma_007__steady,cmaes,8,0.8302965258945921,0.04631699798266529,17.926389059268068
20260719,M2,case_td016_pp0_1_gamma_007__steady,cmaes,9,0.8302965258945921,0.04631699798266529,17.926389059268068
20260719,M2,case_td016_pp0_1_gamma_007__steady,cmaes,10,0.8302965258945921,0.04631699798266529,17.926389059268068
20260719,M2,case_td016_pp0_1_gamma_007__steady,cmaes,11,0.8302965258945921,0.04631699798266529,17.926389059268068
20260719,M2,case_td016_pp0_1_gamma_007__steady,cmaes,12,0.780710595424401,0.04631699798266529,16.85581167666764
20260719,M2,case_td016_pp0_1_gamma_007__steady,cmaes,13,0.780710595424401,0.04631699798266529,16.85581167666764
20260719,M2,case_td016_pp0_1_gamma_007__steady,cmaes,14,0.6762368734013089,0.04631699798266529,14.600187897635312
20260719,M2,case_td016_pp0_1_gamma_007__steady,cmaes,15,0.6762368734013089,0.04631699798266529,14.600187897635312
20260719,M2,case_td016_pp0_1_gamma_007__steady,cmaes,16,0.6762368734013089,0.04631699798266529,14.600187897635312
20260719,M2,case_td016_pp0_1_gamma_007__steady,cmaes,17,0.6762368734013089,0.04631699798266529,14.600187897635312
20260719,M2,case_td016_pp0_1_gamma_007__steady,cmaes,18,0.6762368734013089,0.04631699798266529,14.600187897635312
20260719,M2,case_td016_pp0_1_gamma_007__steady,cmaes,19,0.6762368734013089,0.04631699798266529,14.600187897635312
20260719,M2,case_td016_pp0_1_gamma_007__steady,cmaes,20,0.6762368734013089,0.04631699798266529,14.600187897635312
20260719,M2,case_td016_pp0_1_gamma_007__steady,cmaes,21,0.6762368734013089,0.04631699798266529,14.600187897635312
20260719,M2,case_td016_pp0_1_gamma_007__steady,cmaes,22,0.6762368734013089,0.04631699798266529,14.600187897635312
20260719,M2,case_td016_pp0_1_gamma_007__steady,cmaes,23,0.6762368734013089,0.04631699798266529,14.600187897635312
20260719,M2,case_td016_pp0_1_gamma_007__steady,cmaes,24,0.550386213362587,0.04631699798266529,11.883028636022047
20260719,M2,case_td016_pp0_1_gamma_007__steady,cmaes,25,0.550386213362587,0.04631699798266529,11.883028636022047
20260719,M2,case_td016_pp0_1_gamma_007__steady,cmaes,26,0.550386213362587,0.04631699798266529,11.883028636022047
20260719,M2,case_td016_pp0_1_gamma_007__steady,cmaes,27,0.053665294754385404,0.04631699798266529,1.158652267888137
20260719,M2,case_td016_pp0_1_gamma_007__steady,cmaes,28,0.053665294754385404,0.04631699798266529,1.158652267888137
20260719,M2,case_td016_pp0_1_gamma_007__steady,cmaes,29,0.053665294754385404,0.04631699798266529,1.158652267888137
20260719,M2,case_td016_pp0_1_gamma_007__steady,cmaes,30,0.053665294754385404,0.04631699798266529,1.158652267888137
20260719,M2,case_td016_pp0_1_gamma_007__steady,cmaes,31,0.053665294754385404,0.04631699798266529,1.158652267888137
20260719,M2,case_td016_pp0_1_gamma_007__steady,cmaes,32,0.053665294754385404,0.04631699798266529,1.158652267888137
20260719,M2,case_td016_pp0_1_gamma_007__steady,cmaes,33,0.053665294754385404,0.04631699798266529,1.158652267888137
20260719,M2,case_td016_pp0_1_gamma_007__steady,cmaes,34,0.053665294754385404,0.04631699798266529,1.158652267888137
20260719,M2,case_td016_pp0_1_gamma_007__steady,cmaes,35,0.053665294754385404,0.04631699798266529,1.158652267888137
20260719,M2,case_td016_pp0_1_gamma_007__steady,cmaes,36,0.053665294754385404,0.04631699798266529,1.158652267888137
20260719,M2,case_td016_pp0_1_gamma_007__steady,cmaes,37,0.044486142733604794,0.04631699798266529,0.9604712021762353
20260719,M2,case_td016_pp0_1_gamma_007__steady,cmaes,38,0.044486142733604794,0.04631699798266529,0.9604712021762353
20260719,M2,case_td016_pp0_1_gamma_007__steady,cmaes,39,0.044486142733604794,0.04631699798266529,0.9604712021762353
20260719,M2,case_td016_pp0_1_gamma_007__steady,cmaes,40,0.044486142733604794,0.04631699798266529,0.9604712021762353
20260719,M2,case_td016_pp0_1_gamma_007__steady,cmaes,41,0.044486142733604794,0.04631699798266529,0.9604712021762353
20260719,M2,case_td016_pp0_1_gamma_007__steady,cmaes,42,0.044486142733604794,0.04631699798266529,0.9604712021762353
20260719,M2,case_td016_pp0_1_gamma_007__steady,cmaes,43,0.044486142733604794,0.04631699798266529,0.9604712021762353
20260719,M2,case_td016_pp0_1_gamma_007__steady,cmaes,44,0.044486142733604794,0.04631699798266529,0.9604712021762353
20260719,M2,case_td016_pp0_1_gamma_007__steady,cmaes,45,0.044486142733604794,0.04631699798266529,0.9604712021762353
20260719,M2,case_td016_pp0_1_gamma_007__steady,cmaes,46,0.044486142733604794,0.04631699798266529,0.9604712021762353
20260719,M2,case_td016_pp0_1_gamma_007__steady,cmaes,47,0.044486142733604794,0.04631699798266529,0.9604712021762353
20260719,M2,case_td016_pp0_1_gamma_007__steady,cmaes,48,0.044486142733604794,0.04631699798266529,0.9604712021762353
20260719,M2,case_td016_pp0_1_gamma_007__steady,cmaes,49,0.044486142733604794,0.04631699798266529,0.9604712021762353
20260719,M2,case_td016_pp0_1_gamma_007__steady,cmaes,50,0.044486142733604794,0.04631699798266529,0.9604712021762353
20260719,M2,case_td016_pp0_1_gamma_007__steady,cmaes,51,0.044486142733604794,0.04631699798266529,0.9604712021762353
20260719,M2,case_td016_pp0_1_gamma_007__steady,cmaes,52,0.044486142733604794,0.04631699798266529,0.9604712021762353
20260719,M2,case_td016_pp0_1_gamma_007__steady,cmaes,53,0.044486142733604794,0.04631699798266529,0.9604712021762353
20260719,M2,case_td016_pp0_1_gamma_007__steady,cmaes,54,0.044486142733604794,0.04631699798266529,0.9604712021762353
20260719,M2,case_td016_pp0_1_gamma_007__steady,cmaes,55,0.044486142733604794,0.04631699798266529,0.9604712021762353
20260719,M2,case_td016_pp0_1_gamma_007__steady,cmaes,56,0.044486142733604794,0.04631699798266529,0.9604712021762353
20260719,M2,case_td016_pp0_1_gamma_007__steady,cmaes,57,0.044486142733604794,0.04631699798266529,0.9604712021762353
20260719,M2,case_td016_pp0_1_gamma_007__steady,cmaes,58,0.044486142733604794,0.04631699798266529,0.9604712021762353
20260719,M2,case_td016_pp0_1_gamma_007__steady,cmaes,59,0.044486142733604794,0.04631699798266529,0.9604712021762353
20260719,M2,case_td016_pp0_1_gamma_007__steady,cmaes,60,0.044486142733604794,0.04631699798266529,0.9604712021762353
20260719,M2,case_td016_pp0_1_gamma_007__steady,cmaes,61,0.044486142733604794,0.04631699798266529,0.9604712021762353
20260719,M2,case_td016_pp0_1_gamma_007__steady,cmaes,62,0.044486142733604794,0.04631699798266529,0.9604712021762353
20260719,M2,case_td016_pp0_1_gamma_007__steady,cmaes,63,0.044486142733604794,0.04631699798266529,0.9604712021762353
20260719,M2,case_td016_pp0_1_gamma_007__steady,cmaes,64,0.044486142733604794,0.04631699798266529,0.9604712021762353
20260719,M2,case_td016_pp0_1_gamma_007__steady,cmaes,65,0.044486142733604794,0.04631699798266529,0.9604712021762353
20260719,M2,case_td016_pp0_1_gamma_007__steady,cmaes,66,0.044486142733604794,0.04631699798266529,0.9604712021762353
20260719,M2,case_td016_pp0_1_gamma_007__steady,cmaes,67,0.044486142733604794,0.04631699798266529,0.9604712021762353
20260719,M2,case_td016_pp0_1_gamma_007__steady,cmaes,68,0.044486142733604794,0.04631699798266529,0.9604712021762353
20260719,M2,case_td016_pp0_1_gamma_007__steady,cmaes,69,0.044486142733604794,0.04631699798266529,0.9604712021762353
20260719,M2,case_td016_pp0_1_gamma_007__steady,cmaes,70,0.044486142733604794,0.04631699798266529,0.9604712021762353
20260719,M2,case_td016_pp0_1_gamma_007__steady,cmaes,71,0.044486142733604794,0.04631699798266529,0.9604712021762353
20260719,M2,case_td016_pp0_1_gamma_007__steady,cmaes,72,0.044486142733604794,0.04631699798266529,0.9604712021762353
20260719,M2,case_td016_pp0_1_gamma_007__steady,cmaes,73,0.044486142733604794,0.04631699798266529,0.9604712021762353
20260719,M2,case_td016_pp0_1_gamma_007__steady,cmaes,74,0.044486142733604794,0.04631699798266529,0.9604712021762353
20260719,M2,case_td016_pp0_1_gamma_007__steady,cmaes,75,0.044486142733604794,0.04631699798266529,0.9604712021762353
20260719,M2,case_td016_pp0_1_gamma_007__steady,cmaes,76,0.044486142733604794,0.04631699798266529,0.9604712021762353
20260719,M2,case_td016_pp0_1_gamma_007__steady,cmaes,77,0.044486142733604794,0.04631699798266529,0.9604712021762353
20260719,M2,case_td016_pp0_1_gamma_007__steady,cmaes,78,0.044486142733604794,0.04631699798266529,0.9604712021762353
20260719,M2,case_td016_pp0_1_gamma_007__steady,cmaes,79,0.044486142733604794,0.04631699798266529,0.9604712021762353
20260719,M2,case_td016_pp0_1_gamma_007__steady,cmaes,80,0.044486142733604794,0.04631699798266529,0.9604712021762353
20260719,M2,case_td016_pp0_1_gamma_007__steady,cmaes,81,0.044486142733604794,0.04631699798266529,0.9604712021762353
20260719,M2,case_td016_pp0_1_gamma_007__steady,cmaes,82,0.044486142733604794,0.04631699798266529,0.9604712021762353
20260719,M2,case_td016_pp0_1_gamma_007__steady,cmaes,83,0.044486142733604794,0.04631699798266529,0.9604712021762353
20260719,M2,case_td016_pp0_1_gamma_007__steady,cmaes,84,0.044486142733604794,0.04631699798266529,0.9604712021762353
20260719,M2,case_td016_pp0_1_gamma_007__steady,cmaes,85,0.04426231575676992,0.04631699798266529,0.9556387003608404
20260719,M2,case_td016_pp0_1_gamma_007__steady,cmaes,86,0.04426231575676992,0.04631699798266529,0.9556387003608404
20260719,M2,case_td016_pp0_1_gamma_007__steady,cmaes,87,0.04426231575676992,0.04631699798266529,0.9556387003608404
20260719,M2,case_td016_pp0_1_gamma_007__steady,cmaes,88,0.04426231575676992,0.04631699798266529,0.9556387003608404
20260719,M2,case_td016_pp0_1_gamma_007__steady,cmaes,89,0.04426231575676992,0.04631699798266529,0.9556387003608404
20260719,M2,case_td016_pp0_1_gamma_007__steady,cmaes,90,0.04426231575676992,0.04631699798266529,0.9556387003608404
20260719,M2,case_td016_pp0_1_gamma_007__steady,cmaes,91,0.04426231575676992,0.04631699798266529,0.9556387003608404
20260719,M2,case_td016_pp0_1_gamma_007__steady,cmaes,92,0.04426231575676992,0.04631699798266529,0.9556387003608404
20260719,M2,case_td016_pp0_1_gamma_007__steady,cmaes,93,0.04426231575676992,0.04631699798266529,0.9556387003608404
20260719,M2,case_td016_pp0_1_gamma_007__steady,cmaes,94,0.04426231575676992,0.04631699798266529,0.9556387003608404
20260719,M2,case_td016_pp0_1_gamma_007__steady,cmaes,95,0.04426231575676992,0.04631699798266529,0.9556387003608404
20260719,M2,case_td016_pp0_1_gamma_007__steady,cmaes,96,0.04426231575676992,0.04631699798266529,0.9556387003608404
20260719,M2,case_td016_pp0_1_gamma_007__steady,cmaes,97,0.04426231575676992,0.04631699798266529,0.9556387003608404
20260719,M2,case_td016_pp0_1_gamma_007__steady,cmaes,98,0.04426231575676992,0.04631699798266529,0.9556387003608404
20260719,M2,case_td016_pp0_1_gamma_007__steady,cmaes,99,0.04426231575676992,0.04631699798266529,0.9556387003608404
20260719,M2,case_td016_pp0_1_gamma_007__steady,cmaes,100,0.04426231575676992,0.04631699798266529,0.9556387003608404
20260719,M2,case_td016_pp0_1_gamma_007__steady,tpe,1,1.7278961645927335,0.04631699798266529,37.305875593220016
20260719,M2,case_td016_pp0_1_gamma_007__steady,tpe,2,0.6349260256677999,0.04631699798266529,13.708272412331835
20260719,M2,case_td016_pp0_1_gamma_007__steady,tpe,3,0.6349260256677999,0.04631699798266529,13.708272412331835
20260719,M2,case_td016_pp0_1_gamma_007__steady,tpe,4,0.24069909843944792,0.04631699798266529,5.196776754174192
20260719,M2,case_td016_pp0_1_gamma_007__steady,tpe,5,0.24069909843944792,0.04631699798266529,5.196776754174192
20260719,M2,case_td016_pp0_1_gamma_007__steady,tpe,6,0.24069909843944792,0.04631699798266529,5.196776754174192
20260719,M2,case_td016_pp0_1_gamma_007__steady,tpe,7,0.24069909843944792,0.04631699798266529,5.196776754174192
20260719,M2,case_td016_pp0_1_gamma_007__steady,tpe,8,0.24069909843944792,0.04631699798266529,5.196776754174192
20260719,M2,case_td016_pp0_1_gamma_007__steady,tpe,9,0.24069909843944792,0.04631699798266529,5.196776754174192
20260719,M2,case_td016_pp0_1_gamma_007__steady,tpe,10,0.24069909843944792,0.04631699798266529,5.196776754174192
20260719,M2,case_td016_pp0_1_gamma_007__steady,tpe,11,0.24069909843944792,0.04631699798266529,5.196776754174192
20260719,M2,case_td016_pp0_1_gamma_007__steady,tpe,12,0.24069909843944792,0.04631699798266529,5.196776754174192
20260719,M2,case_td016_pp0_1_gamma_007__steady,tpe,13,0.24069909843944792,0.04631699798266529,5.196776754174192
20260719,M2,case_td016_pp0_1_gamma_007__steady,tpe,14,0.24069909843944792,0.04631699798266529,5.196776754174192
20260719,M2,case_td016_pp0_1_gamma_007__steady,tpe,15,0.24069909843944792,0.04631699798266529,5.196776754174192
20260719,M2,case_td016_pp0_1_gamma_007__steady,tpe,16,0.04230264164534193,0.04631699798266529,0.9133286587609633
20260719,M2,case_td016_pp0_1_gamma_007__steady,tpe,17,0.04230264164534193,0.04631699798266529,0.9133286587609633
20260719,M2,case_td016_pp0_1_gamma_007__steady,tpe,18,0.04230264164534193,0.04631699798266529,0.9133286587609633
20260719,M2,case_td016_pp0_1_gamma_007__steady,tpe,19,0.04230264164534193,0.04631699798266529,0.9133286587609633
20260719,M2,case_td016_pp0_1_gamma_007__steady,tpe,20,0.04230264164534193,0.04631699798266529,0.9133286587609633
20260719,M2,case_td016_pp0_1_gamma_007__steady,tpe,21,0.04230264164534193,0.04631699798266529,0.9133286587609633
20260719,M2,case_td016_pp0_1_gamma_007__steady,tpe,22,0.04230264164534193,0.04631699798266529,0.9133286587609633
20260719,M2,case_td016_pp0_1_gamma_007__steady,tpe,23,0.04230264164534193,0.04631699798266529,0.9133286587609633
20260719,M2,case_td016_pp0_1_gamma_007__steady,tpe,24,0.04230264164534193,0.04631699798266529,0.9133286587609633
20260719,M2,case_td016_pp0_1_gamma_007__steady,tpe,25,0.04230264164534193,0.04631699798266529,0.9133286587609633
20260719,M2,case_td016_pp0_1_gamma_007__steady,tpe,26,0.04230264164534193,0.04631699798266529,0.9133286587609633
20260719,M2,case_td016_pp0_1_gamma_007__steady,tpe,27,0.04230264164534193,0.04631699798266529,0.9133286587609633
20260719,M2,case_td016_pp0_1_gamma_007__steady,tpe,28,0.04230264164534193,0.04631699798266529,0.9133286587609633
20260719,M2,case_td016_pp0_1_gamma_007__steady,tpe,29,0.04230264164534193,0.04631699798266529,0.9133286587609633
20260719,M2,case_td016_pp0_1_gamma_007__steady,tpe,30,0.04230264164534193,0.04631699798266529,0.9133286587609633
20260719,M2,case_td016_pp0_1_gamma_007__steady,tpe,31,0.04230264164534193,0.04631699798266529,0.9133286587609633
20260719,M2,case_td016_pp0_1_gamma_007__steady,tpe,32,0.04230264164534193,0.04631699798266529,0.9133286587609633
20260719,M2,case_td016_pp0_1_gamma_007__steady,tpe,33,0.04230264164534193,0.04631699798266529,0.9133286587609633
20260719,M2,case_td016_pp0_1_gamma_007__steady,tpe,34,0.04230264164534193,0.04631699798266529,0.9133286587609633
20260719,M2,case_td016_pp0_1_gamma_007__steady,tpe,35,0.04230264164534193,0.04631699798266529,0.9133286587609633
20260719,M2,case_td016_pp0_1_gamma_007__steady,tpe,36,0.04230264164534193,0.04631699798266529,0.9133286587609633
20260719,M2,case_td016_pp0_1_gamma_007__steady,tpe,37,0.04230264164534193,0.04631699798266529,0.9133286587609633
20260719,M2,case_td016_pp0_1_gamma_007__steady,tpe,38,0.04230264164534193,0.04631699798266529,0.9133286587609633
20260719,M2,case_td016_pp0_1_gamma_007__steady,tpe,39,0.04230264164534193,0.04631699798266529,0.9133286587609633
20260719,M2,case_td016_pp0_1_gamma_007__steady,tpe,40,0.04230264164534193,0.04631699798266529,0.9133286587609633
20260719,M2,case_td016_pp0_1_gamma_007__steady,tpe,41,0.04230264164534193,0.04631699798266529,0.9133286587609633
20260719,M2,case_td016_pp0_1_gamma_007__steady,tpe,42,0.04230264164534193,0.04631699798266529,0.9133286587609633
20260719,M2,case_td016_pp0_1_gamma_007__steady,tpe,43,0.04230264164534193,0.04631699798266529,0.9133286587609633
20260719,M2,case_td016_pp0_1_gamma_007__steady,tpe,44,0.04230264164534193,0.04631699798266529,0.9133286587609633
20260719,M2,case_td016_pp0_1_gamma_007__steady,tpe,45,0.04230264164534193,0.04631699798266529,0.9133286587609633
20260719,M2,case_td016_pp0_1_gamma_007__steady,tpe,46,0.04230264164534193,0.04631699798266529,0.9133286587609633
20260719,M2,case_td016_pp0_1_gamma_007__steady,tpe,47,0.04230264164534193,0.04631699798266529,0.9133286587609633
20260719,M2,case_td016_pp0_1_gamma_007__steady,tpe,48,0.04230264164534193,0.04631699798266529,0.9133286587609633
20260719,M2,case_td016_pp0_1_gamma_007__steady,tpe,49,0.04230264164534193,0.04631699798266529,0.9133286587609633
20260719,M2,case_td016_pp0_1_gamma_007__steady,tpe,50,0.04230264164534193,0.04631699798266529,0.9133286587609633
20260719,M2,case_td016_pp0_1_gamma_007__steady,tpe,51,0.04230264164534193,0.04631699798266529,0.9133286587609633
20260719,M2,case_td016_pp0_1_gamma_007__steady,tpe,52,0.04230264164534193,0.04631699798266529,0.9133286587609633
20260719,M2,case_td016_pp0_1_gamma_007__steady,tpe,53,0.04230264164534193,0.04631699798266529,0.9133286587609633
20260719,M2,case_td016_pp0_1_gamma_007__steady,tpe,54,0.04230264164534193,0.04631699798266529,0.9133286587609633
20260719,M2,case_td016_pp0_1_gamma_007__steady,tpe,55,0.04230264164534193,0.04631699798266529,0.9133286587609633
20260719,M2,case_td016_pp0_1_gamma_007__steady,tpe,56,0.04230264164534193,0.04631699798266529,0.9133286587609633
20260719,M2,case_td016_pp0_1_gamma_007__steady,tpe,57,0.04230264164534193,0.04631699798266529,0.9133286587609633
20260719,M2,case_td016_pp0_1_gamma_007__steady,tpe,58,0.04230264164534193,0.04631699798266529,0.9133286587609633
20260719,M2,case_td016_pp0_1_gamma_007__steady,tpe,59,0.04230264164534193,0.04631699798266529,0.9133286587609633
20260719,M2,case_td016_pp0_1_gamma_007__steady,tpe,60,0.04230264164534193,0.04631699798266529,0.9133286587609633
20260719,M2,case_td016_pp0_1_gamma_007__steady,tpe,61,0.04230264164534193,0.04631699798266529,0.9133286587609633
20260719,M2,case_td016_pp0_1_gamma_007__steady,tpe,62,0.04230264164534193,0.04631699798266529,0.9133286587609633
20260719,M2,case_td016_pp0_1_gamma_007__steady,tpe,63,0.04230264164534193,0.04631699798266529,0.9133286587609633
20260719,M2,case_td016_pp0_1_gamma_007__steady,tpe,64,0.04230264164534193,0.04631699798266529,0.9133286587609633
20260719,M2,case_td016_pp0_1_gamma_007__steady,tpe,65,0.04230264164534193,0.04631699798266529,0.9133286587609633
20260719,M2,case_td016_pp0_1_gamma_007__steady,tpe,66,0.04230264164534193,0.04631699798266529,0.9133286587609633
20260719,M2,case_td016_pp0_1_gamma_007__steady,tpe,67,0.04230264164534193,0.04631699798266529,0.9133286587609633
20260719,M2,case_td016_pp0_1_gamma_007__steady,tpe,68,0.04230264164534193,0.04631699798266529,0.9133286587609633
20260719,M2,case_td016_pp0_1_gamma_007__steady,tpe,69,0.04230264164534193,0.04631699798266529,0.9133286587609633
20260719,M2,case_td016_pp0_1_gamma_007__steady,tpe,70,0.04230264164534193,0.04631699798266529,0.9133286587609633
20260719,M2,case_td016_pp0_1_gamma_007__steady,tpe,71,0.04230264164534193,0.04631699798266529,0.9133286587609633
20260719,M2,case_td016_pp0_1_gamma_007__steady,tpe,72,0.04230264164534193,0.04631699798266529,0.9133286587609633
20260719,M2,case_td016_pp0_1_gamma_007__steady,tpe,73,0.04230264164534193,0.04631699798266529,0.9133286587609633
20260719,M2,case_td016_pp0_1_gamma_007__steady,tpe,74,0.04230264164534193,0.04631699798266529,0.9133286587609633
20260719,M2,case_td016_pp0_1_gamma_007__steady,tpe,75,0.04230264164534193,0.04631699798266529,0.9133286587609633
20260719,M2,case_td016_pp0_1_gamma_007__steady,tpe,76,0.04230264164534193,0.04631699798266529,0.9133286587609633
20260719,M2,case_td016_pp0_1_gamma_007__steady,tpe,77,0.04230264164534193,0.04631699798266529,0.9133286587609633
20260719,M2,case_td016_pp0_1_gamma_007__steady,tpe,78,0.04230264164534193,0.04631699798266529,0.9133286587609633
20260719,M2,case_td016_pp0_1_gamma_007__steady,tpe,79,0.04230264164534193,0.04631699798266529,0.9133286587609633
20260719,M2,case_td016_pp0_1_gamma_007__steady,tpe,80,0.04230264164534193,0.04631699798266529,0.9133286587609633
20260719,M2,case_td016_pp0_1_gamma_007__steady,tpe,81,0.04230264164534193,0.04631699798266529,0.9133286587609633
20260719,M2,case_td016_pp0_1_gamma_007__steady,tpe,82,0.04230264164534193,0.04631699798266529,0.9133286587609633
20260719,M2,case_td016_pp0_1_gamma_007__steady,tpe,83,0.04230264164534193,0.04631699798266529,0.9133286587609633
20260719,M2,case_td016_pp0_1_gamma_007__steady,tpe,84,0.04230264164534193,0.04631699798266529,0.9133286587609633
20260719,M2,case_td016_pp0_1_gamma_007__steady,tpe,85,0.04230264164534193,0.04631699798266529,0.9133286587609633
20260719,M2,case_td016_pp0_1_gamma_007__steady,tpe,86,0.04230264164534193,0.04631699798266529,0.9133286587609633
20260719,M2,case_td016_pp0_1_gamma_007__steady,tpe,87,0.04230264164534193,0.04631699798266529,0.9133286587609633
20260719,M2,case_td016_pp0_1_gamma_007__steady,tpe,88,0.04230264164534193,0.04631699798266529,0.9133286587609633
20260719,M2,case_td016_pp0_1_gamma_007__steady,tpe,89,0.04230264164534193,0.04631699798266529,0.9133286587609633
20260719,M2,case_td016_pp0_1_gamma_007__steady,tpe,90,0.04230264164534193,0.04631699798266529,0.9133286587609633
20260719,M2,case_td016_pp0_1_gamma_007__steady,tpe,91,0.04230264164534193,0.04631699798266529,0.9133286587609633
20260719,M2,case_td016_pp0_1_gamma_007__steady,tpe,92,0.04230264164534193,0.04631699798266529,0.9133286587609633
20260719,M2,case_td016_pp0_1_gamma_007__steady,tpe,93,0.04230264164534193,0.04631699798266529,0.9133286587609633
20260719,M2,case_td016_pp0_1_gamma_007__steady,tpe,94,0.04208608574352204,0.04631699798266529,0.90865314196903
20260719,M2,case_td016_pp0_1_gamma_007__steady,tpe,95,0.04208608574352204,0.04631699798266529,0.90865314196903
20260719,M2,case_td016_pp0_1_gamma_007__steady,tpe,96,0.04208608574352204,0.04631699798266529,0.90865314196903
20260719,M2,case_td016_pp0_1_gamma_007__steady,tpe,97,0.04208608574352204,0.04631699798266529,0.90865314196903
20260719,M2,case_td016_pp0_1_gamma_007__steady,tpe,98,0.04208608574352204,0.04631699798266529,0.90865314196903
20260719,M2,case_td016_pp0_1_gamma_007__steady,tpe,99,0.04208608574352204,0.04631699798266529,0.90865314196903
20260719,M2,case_td016_pp0_1_gamma_007__steady,tpe,100,0.04208608574352204,0.04631699798266529,0.90865314196903
20260719,M2,case_td016_pp0_1_gamma_007__steady,random,1,1.7278961645927335,0.04631699798266529,37.305875593220016
20260719,M2,case_td016_pp0_1_gamma_007__steady,random,2,1.7278961645927335,0.04631699798266529,37.305875593220016
20260719,M2,case_td016_pp0_1_gamma_007__steady,random,3,1.5582598806583337,0.04631699798266529,33.64336957333745
20260719,M2,case_td016_pp0_1_gamma_007__steady,random,4,1.5551789784352588,0.04631699798266529,33.576851829155764
20260719,M2,case_td016_pp0_1_gamma_007__steady,random,5,1.5261109136563258,0.04631699798266529,32.949262260638996
20260719,M2,case_td016_pp0_1_gamma_007__steady,random,6,0.22526419514291482,0.04631699798266529,4.863531855566778
20260719,M2,case_td016_pp0_1_gamma_007__steady,random,7,0.22526419514291482,0.04631699798266529,4.863531855566778
20260719,M2,case_td016_pp0_1_gamma_007__steady,random,8,0.22526419514291482,0.04631699798266529,4.863531855566778
20260719,M2,case_td016_pp0_1_gamma_007__steady,random,9,0.22526419514291482,0.04631699798266529,4.863531855566778
20260719,M2,case_td016_pp0_1_gamma_007__steady,random,10,0.22526419514291482,0.04631699798266529,4.863531855566778
20260719,M2,case_td016_pp0_1_gamma_007__steady,random,11,0.07912377871489888,0.04631699798266529,1.708309738565352
20260719,M2,case_td016_pp0_1_gamma_007__steady,random,12,0.07912377871489888,0.04631699798266529,1.708309738565352
20260719,M2,case_td016_pp0_1_gamma_007__steady,random,13,0.07912377871489888,0.04631699798266529,1.708309738565352
20260719,M2,case_td016_pp0_1_gamma_007__steady,random,14,0.07912377871489888,0.04631699798266529,1.708309738565352
20260719,M2,case_td016_pp0_1_gamma_007__steady,random,15,0.07912377871489888,0.04631699798266529,1.708309738565352
20260719,M2,case_td016_pp0_1_gamma_007__steady,random,16,0.07912377871489888,0.04631699798266529,1.708309738565352
20260719,M2,case_td016_pp0_1_gamma_007__steady,random,17,0.07912377871489888,0.04631699798266529,1.708309738565352
20260719,M2,case_td016_pp0_1_gamma_007__steady,random,18,0.07912377871489888,0.04631699798266529,1.708309738565352
20260719,M2,case_td016_pp0_1_gamma_007__steady,random,19,0.07912377871489888,0.04631699798266529,1.708309738565352
20260719,M2,case_td016_pp0_1_gamma_007__steady,random,20,0.07912377871489888,0.04631699798266529,1.708309738565352
20260719,M2,case_td016_pp0_1_gamma_007__steady,random,21,0.07912377871489888,0.04631699798266529,1.708309738565352
20260719,M2,case_td016_pp0_1_gamma_007__steady,random,22,0.07912377871489888,0.04631699798266529,1.708309738565352
20260719,M2,case_td016_pp0_1_gamma_007__steady,random,23,0.07912377871489888,0.04631699798266529,1.708309738565352
20260719,M2,case_td016_pp0_1_gamma_007__steady,random,24,0.07912377871489888,0.04631699798266529,1.708309738565352
20260719,M2,case_td016_pp0_1_gamma_007__steady,random,25,0.07912377871489888,0.04631699798266529,1.708309738565352
20260719,M2,case_td016_pp0_1_gamma_007__steady,random,26,0.07912377871489888,0.04631699798266529,1.708309738565352
20260719,M2,case_td016_pp0_1_gamma_007__steady,random,27,0.07912377871489888,0.04631699798266529,1.708309738565352
20260719,M2,case_td016_pp0_1_gamma_007__steady,random,28,0.07912377871489888,0.04631699798266529,1.708309738565352
20260719,M2,case_td016_pp0_1_gamma_007__steady,random,29,0.07912377871489888,0.04631699798266529,1.708309738565352
20260719,M2,case_td016_pp0_1_gamma_007__steady,random,30,0.07912377871489888,0.04631699798266529,1.708309738565352
20260719,M2,case_td016_pp0_1_gamma_007__steady,random,31,0.07912377871489888,0.04631699798266529,1.708309738565352
20260719,M2,case_td016_pp0_1_gamma_007__steady,random,32,0.07912377871489888,0.04631699798266529,1.708309738565352
20260719,M2,case_td016_pp0_1_gamma_007__steady,random,33,0.07912377871489888,0.04631699798266529,1.708309738565352
20260719,M2,case_td016_pp0_1_gamma_007__steady,random,34,0.07912377871489888,0.04631699798266529,1.708309738565352
20260719,M2,case_td016_pp0_1_gamma_007__steady,random,35,0.07912377871489888,0.04631699798266529,1.708309738565352
20260719,M2,case_td016_pp0_1_gamma_007__steady,random,36,0.07912377871489888,0.04631699798266529,1.708309738565352
20260719,M2,case_td016_pp0_1_gamma_007__steady,random,37,0.07912377871489888,0.04631699798266529,1.708309738565352
20260719,M2,case_td016_pp0_1_gamma_007__steady,random,38,0.07912377871489888,0.04631699798266529,1.708309738565352
20260719,M2,case_td016_pp0_1_gamma_007__steady,random,39,0.07912377871489888,0.04631699798266529,1.708309738565352
20260719,M2,case_td016_pp0_1_gamma_007__steady,random,40,0.07912377871489888,0.04631699798266529,1.708309738565352
20260719,M2,case_td016_pp0_1_gamma_007__steady,random,41,0.07912377871489888,0.04631699798266529,1.708309738565352
20260719,M2,case_td016_pp0_1_gamma_007__steady,random,42,0.07912377871489888,0.04631699798266529,1.708309738565352
20260719,M2,case_td016_pp0_1_gamma_007__steady,random,43,0.07912377871489888,0.04631699798266529,1.708309738565352
20260719,M2,case_td016_pp0_1_gamma_007__steady,random,44,0.07912377871489888,0.04631699798266529,1.708309738565352
20260719,M2,case_td016_pp0_1_gamma_007__steady,random,45,0.07912377871489888,0.04631699798266529,1.708309738565352
20260719,M2,case_td016_pp0_1_gamma_007__steady,random,46,0.07912377871489888,0.04631699798266529,1.708309738565352
20260719,M2,case_td016_pp0_1_gamma_007__steady,random,47,0.07912377871489888,0.04631699798266529,1.708309738565352
20260719,M2,case_td016_pp0_1_gamma_007__steady,random,48,0.07912377871489888,0.04631699798266529,1.708309738565352
20260719,M2,case_td016_pp0_1_gamma_007__steady,random,49,0.07912377871489888,0.04631699798266529,1.708309738565352
20260719,M2,case_td016_pp0_1_gamma_007__steady,random,50,0.07912377871489888,0.04631699798266529,1.708309738565352
20260719,M2,case_td016_pp0_1_gamma_007__steady,random,51,0.07912377871489888,0.04631699798266529,1.708309738565352
20260719,M2,case_td016_pp0_1_gamma_007__steady,random,52,0.07912377871489888,0.04631699798266529,1.708309738565352
20260719,M2,case_td016_pp0_1_gamma_007__steady,random,53,0.07912377871489888,0.04631699798266529,1.708309738565352
20260719,M2,case_td016_pp0_1_gamma_007__steady,random,54,0.07912377871489888,0.04631699798266529,1.708309738565352
20260719,M2,case_td016_pp0_1_gamma_007__steady,random,55,0.07912377871489888,0.04631699798266529,1.708309738565352
20260719,M2,case_td016_pp0_1_gamma_007__steady,random,56,0.07912377871489888,0.04631699798266529,1.708309738565352
20260719,M2,case_td016_pp0_1_gamma_007__steady,random,57,0.07912377871489888,0.04631699798266529,1.708309738565352
20260719,M2,case_td016_pp0_1_gamma_007__steady,random,58,0.07912377871489888,0.04631699798266529,1.708309738565352
20260719,M2,case_td016_pp0_1_gamma_007__steady,random,59,0.07912377871489888,0.04631699798266529,1.708309738565352
20260719,M2,case_td016_pp0_1_gamma_007__steady,random,60,0.07912377871489888,0.04631699798266529,1.708309738565352
20260719,M2,case_td016_pp0_1_gamma_007__steady,random,61,0.07912377871489888,0.04631699798266529,1.708309738565352
20260719,M2,case_td016_pp0_1_gamma_007__steady,random,62,0.07912377871489888,0.04631699798266529,1.708309738565352
20260719,M2,case_td016_pp0_1_gamma_007__steady,random,63,0.07912377871489888,0.04631699798266529,1.708309738565352
20260719,M2,case_td016_pp0_1_gamma_007__steady,random,64,0.07912377871489888,0.04631699798266529,1.708309738565352
20260719,M2,case_td016_pp0_1_gamma_007__steady,random,65,0.07912377871489888,0.04631699798266529,1.708309738565352
20260719,M2,case_td016_pp0_1_gamma_007__steady,random,66,0.07912377871489888,0.04631699798266529,1.708309738565352
20260719,M2,case_td016_pp0_1_gamma_007__steady,random,67,0.07912377871489888,0.04631699798266529,1.708309738565352
20260719,M2,case_td016_pp0_1_gamma_007__steady,random,68,0.07912377871489888,0.04631699798266529,1.708309738565352
20260719,M2,case_td016_pp0_1_gamma_007__steady,random,69,0.07912377871489888,0.04631699798266529,1.708309738565352
20260719,M2,case_td016_pp0_1_gamma_007__steady,random,70,0.07912377871489888,0.04631699798266529,1.708309738565352
20260719,M2,case_td016_pp0_1_gamma_007__steady,random,71,0.07912377871489888,0.04631699798266529,1.708309738565352
20260719,M2,case_td016_pp0_1_gamma_007__steady,random,72,0.07912377871489888,0.04631699798266529,1.708309738565352
20260719,M2,case_td016_pp0_1_gamma_007__steady,random,73,0.07912377871489888,0.04631699798266529,1.708309738565352
20260719,M2,case_td016_pp0_1_gamma_007__steady,random,74,0.07912377871489888,0.04631699798266529,1.708309738565352
20260719,M2,case_td016_pp0_1_gamma_007__steady,random,75,0.07912377871489888,0.04631699798266529,1.708309738565352
20260719,M2,case_td016_pp0_1_gamma_007__steady,random,76,0.07912377871489888,0.04631699798266529,1.708309738565352
20260719,M2,case_td016_pp0_1_gamma_007__steady,random,77,0.07912377871489888,0.04631699798266529,1.708309738565352
20260719,M2,case_td016_pp0_1_gamma_007__steady,random,78,0.07912377871489888,0.04631699798266529,1.708309738565352
20260719,M2,case_td016_pp0_1_gamma_007__steady,random,79,0.07912377871489888,0.04631699798266529,1.708309738565352
20260719,M2,case_td016_pp0_1_gamma_007__steady,random,80,0.05316142867234856,0.04631699798266529,1.1477736249712231
20260719,M2,case_td016_pp0_1_gamma_007__steady,random,81,0.05316142867234856,0.04631699798266529,1.1477736249712231
20260719,M2,case_td016_pp0_1_gamma_007__steady,random,82,0.05316142867234856,0.04631699798266529,1.1477736249712231
20260719,M2,case_td016_pp0_1_gamma_007__steady,random,83,0.05316142867234856,0.04631699798266529,1.1477736249712231
20260719,M2,case_td016_pp0_1_gamma_007__steady,random,84,0.05316142867234856,0.04631699798266529,1.1477736249712231
20260719,M2,case_td016_pp0_1_gamma_007__steady,random,85,0.05316142867234856,0.04631699798266529,1.1477736249712231
20260719,M2,case_td016_pp0_1_gamma_007__steady,random,86,0.05316142867234856,0.04631699798266529,1.1477736249712231
20260719,M2,case_td016_pp0_1_gamma_007__steady,random,87,0.05316142867234856,0.04631699798266529,1.1477736249712231
20260719,M2,case_td016_pp0_1_gamma_007__steady,random,88,0.05316142867234856,0.04631699798266529,1.1477736249712231
20260719,M2,case_td016_pp0_1_gamma_007__steady,random,89,0.05316142867234856,0.04631699798266529,1.1477736249712231
20260719,M2,case_td016_pp0_1_gamma_007__steady,random,90,0.05316142867234856,0.04631699798266529,1.1477736249712231
20260719,M2,case_td016_pp0_1_gamma_007__steady,random,91,0.05316142867234856,0.04631699798266529,1.1477736249712231
20260719,M2,case_td016_pp0_1_gamma_007__steady,random,92,0.05316142867234856,0.04631699798266529,1.1477736249712231
20260719,M2,case_td016_pp0_1_gamma_007__steady,random,93,0.05316142867234856,0.04631699798266529,1.1477736249712231
20260719,M2,case_td016_pp0_1_gamma_007__steady,random,94,0.05316142867234856,0.04631699798266529,1.1477736249712231
20260719,M2,case_td016_pp0_1_gamma_007__steady,random,95,0.05316142867234856,0.04631699798266529,1.1477736249712231
20260719,M2,case_td016_pp0_1_gamma_007__steady,random,96,0.05316142867234856,0.04631699798266529,1.1477736249712231
20260719,M2,case_td016_pp0_1_gamma_007__steady,random,97,0.05316142867234856,0.04631699798266529,1.1477736249712231
20260719,M2,case_td016_pp0_1_gamma_007__steady,random,98,0.05316142867234856,0.04631699798266529,1.1477736249712231
20260719,M2,case_td016_pp0_1_gamma_007__steady,random,99,0.05316142867234856,0.04631699798266529,1.1477736249712231
20260719,M2,case_td016_pp0_1_gamma_007__steady,random,100,0.05316142867234856,0.04631699798266529,1.1477736249712231
20260719,M3,case_td030_pa200_pp0_5_gamma_004__steady,cmaes,1,0.4420755918508906,0.050309085967164796,8.787191882981533
20260719,M3,case_td030_pa200_pp0_5_gamma_004__steady,cmaes,2,0.4420755918508906,0.050309085967164796,8.787191882981533
20260719,M3,case_td030_pa200_pp0_5_gamma_004__steady,cmaes,3,0.4420755918508906,0.050309085967164796,8.787191882981533
20260719,M3,case_td030_pa200_pp0_5_gamma_004__steady,cmaes,4,0.4420755918508906,0.050309085967164796,8.787191882981533
20260719,M3,case_td030_pa200_pp0_5_gamma_004__steady,cmaes,5,0.3872198242397918,0.050309085967164796,7.69681692274271
20260719,M3,case_td030_pa200_pp0_5_gamma_004__steady,cmaes,6,0.3233279992496961,0.050309085967164796,6.426831118751042
20260719,M3,case_td030_pa200_pp0_5_gamma_004__steady,cmaes,7,0.3087422311716662,0.050309085967164796,6.136907980661244
20260719,M3,case_td030_pa200_pp0_5_gamma_004__steady,cmaes,8,0.25859531769592087,0.050309085967164796,5.140131503575679
20260719,M3,case_td030_pa200_pp0_5_gamma_004__steady,cmaes,9,0.25859531769592087,0.050309085967164796,5.140131503575679
20260719,M3,case_td030_pa200_pp0_5_gamma_004__steady,cmaes,10,0.25859531769592087,0.050309085967164796,5.140131503575679
20260719,M3,case_td030_pa200_pp0_5_gamma_004__steady,cmaes,11,0.25859531769592087,0.050309085967164796,5.140131503575679
20260719,M3,case_td030_pa200_pp0_5_gamma_004__steady,cmaes,12,0.25859531769592087,0.050309085967164796,5.140131503575679
20260719,M3,case_td030_pa200_pp0_5_gamma_004__steady,cmaes,13,0.25859531769592087,0.050309085967164796,5.140131503575679
20260719,M3,case_td030_pa200_pp0_5_gamma_004__steady,cmaes,14,0.25859531769592087,0.050309085967164796,5.140131503575679
20260719,M3,case_td030_pa200_pp0_5_gamma_004__steady,cmaes,15,0.24221492286132537,0.050309085967164796,4.814536344775011
20260719,M3,case_td030_pa200_pp0_5_gamma_004__steady,cmaes,16,0.24221492286132537,0.050309085967164796,4.814536344775011
20260719,M3,case_td030_pa200_pp0_5_gamma_004__steady,cmaes,17,0.24221492286132537,0.050309085967164796,4.814536344775011
20260719,M3,case_td030_pa200_pp0_5_gamma_004__steady,cmaes,18,0.2222067604521816,0.050309085967164796,4.416831595732214
20260719,M3,case_td030_pa200_pp0_5_gamma_004__steady,cmaes,19,0.2222067604521816,0.050309085967164796,4.416831595732214
20260719,M3,case_td030_pa200_pp0_5_gamma_004__steady,cmaes,20,0.2222067604521816,0.050309085967164796,4.416831595732214
20260719,M3,case_td030_pa200_pp0_5_gamma_004__steady,cmaes,21,0.2222067604521816,0.050309085967164796,4.416831595732214
20260719,M3,case_td030_pa200_pp0_5_gamma_004__steady,cmaes,22,0.15998201106487037,0.050309085967164796,3.179982462199487
20260719,M3,case_td030_pa200_pp0_5_gamma_004__steady,cmaes,23,0.08808843656257323,0.050309085967164796,1.7509448814090136
20260719,M3,case_td030_pa200_pp0_5_gamma_004__steady,cmaes,24,0.08808843656257323,0.050309085967164796,1.7509448814090136
20260719,M3,case_td030_pa200_pp0_5_gamma_004__steady,cmaes,25,0.08808843656257323,0.050309085967164796,1.7509448814090136
20260719,M3,case_td030_pa200_pp0_5_gamma_004__steady,cmaes,26,0.08808843656257323,0.050309085967164796,1.7509448814090136
20260719,M3,case_td030_pa200_pp0_5_gamma_004__steady,cmaes,27,0.08808843656257323,0.050309085967164796,1.7509448814090136
20260719,M3,case_td030_pa200_pp0_5_gamma_004__steady,cmaes,28,0.08808843656257323,0.050309085967164796,1.7509448814090136
20260719,M3,case_td030_pa200_pp0_5_gamma_004__steady,cmaes,29,0.08808843656257323,0.050309085967164796,1.7509448814090136
20260719,M3,case_td030_pa200_pp0_5_gamma_004__steady,cmaes,30,0.08808843656257323,0.050309085967164796,1.7509448814090136
20260719,M3,case_td030_pa200_pp0_5_gamma_004__steady,cmaes,31,0.08808843656257323,0.050309085967164796,1.7509448814090136
20260719,M3,case_td030_pa200_pp0_5_gamma_004__steady,cmaes,32,0.08808843656257323,0.050309085967164796,1.7509448814090136
20260719,M3,case_td030_pa200_pp0_5_gamma_004__steady,cmaes,33,0.08808843656257323,0.050309085967164796,1.7509448814090136
20260719,M3,case_td030_pa200_pp0_5_gamma_004__steady,cmaes,34,0.08808843656257323,0.050309085967164796,1.7509448814090136
20260719,M3,case_td030_pa200_pp0_5_gamma_004__steady,cmaes,35,0.08808843656257323,0.050309085967164796,1.7509448814090136
20260719,M3,case_td030_pa200_pp0_5_gamma_004__steady,cmaes,36,0.08808843656257323,0.050309085967164796,1.7509448814090136
20260719,M3,case_td030_pa200_pp0_5_gamma_004__steady,cmaes,37,0.08808843656257323,0.050309085967164796,1.7509448814090136
20260719,M3,case_td030_pa200_pp0_5_gamma_004__steady,cmaes,38,0.08808843656257323,0.050309085967164796,1.7509448814090136
20260719,M3,case_td030_pa200_pp0_5_gamma_004__steady,cmaes,39,0.08808843656257323,0.050309085967164796,1.7509448814090136
20260719,M3,case_td030_pa200_pp0_5_gamma_004__steady,cmaes,40,0.08808843656257323,0.050309085967164796,1.7509448814090136
20260719,M3,case_td030_pa200_pp0_5_gamma_004__steady,cmaes,41,0.08808843656257323,0.050309085967164796,1.7509448814090136
20260719,M3,case_td030_pa200_pp0_5_gamma_004__steady,cmaes,42,0.08808843656257323,0.050309085967164796,1.7509448814090136
20260719,M3,case_td030_pa200_pp0_5_gamma_004__steady,cmaes,43,0.08808843656257323,0.050309085967164796,1.7509448814090136
20260719,M3,case_td030_pa200_pp0_5_gamma_004__steady,cmaes,44,0.08808843656257323,0.050309085967164796,1.7509448814090136
20260719,M3,case_td030_pa200_pp0_5_gamma_004__steady,cmaes,45,0.08808843656257323,0.050309085967164796,1.7509448814090136
20260719,M3,case_td030_pa200_pp0_5_gamma_004__steady,cmaes,46,0.08808843656257323,0.050309085967164796,1.7509448814090136
20260719,M3,case_td030_pa200_pp0_5_gamma_004__steady,cmaes,47,0.08808843656257323,0.050309085967164796,1.7509448814090136
20260719,M3,case_td030_pa200_pp0_5_gamma_004__steady,cmaes,48,0.08808843656257323,0.050309085967164796,1.7509448814090136
20260719,M3,case_td030_pa200_pp0_5_gamma_004__steady,cmaes,49,0.08808843656257323,0.050309085967164796,1.7509448814090136
20260719,M3,case_td030_pa200_pp0_5_gamma_004__steady,cmaes,50,0.08808843656257323,0.050309085967164796,1.7509448814090136
20260719,M3,case_td030_pa200_pp0_5_gamma_004__steady,cmaes,51,0.08808843656257323,0.050309085967164796,1.7509448814090136
20260719,M3,case_td030_pa200_pp0_5_gamma_004__steady,cmaes,52,0.08808843656257323,0.050309085967164796,1.7509448814090136
20260719,M3,case_td030_pa200_pp0_5_gamma_004__steady,cmaes,53,0.08808843656257323,0.050309085967164796,1.7509448814090136
20260719,M3,case_td030_pa200_pp0_5_gamma_004__steady,cmaes,54,0.08808843656257323,0.050309085967164796,1.7509448814090136
20260719,M3,case_td030_pa200_pp0_5_gamma_004__steady,cmaes,55,0.08808843656257323,0.050309085967164796,1.7509448814090136
20260719,M3,case_td030_pa200_pp0_5_gamma_004__steady,cmaes,56,0.08808843656257323,0.050309085967164796,1.7509448814090136
20260719,M3,case_td030_pa200_pp0_5_gamma_004__steady,cmaes,57,0.08808843656257323,0.050309085967164796,1.7509448814090136
20260719,M3,case_td030_pa200_pp0_5_gamma_004__steady,cmaes,58,0.08808843656257323,0.050309085967164796,1.7509448814090136
20260719,M3,case_td030_pa200_pp0_5_gamma_004__steady,cmaes,59,0.08808843656257323,0.050309085967164796,1.7509448814090136
20260719,M3,case_td030_pa200_pp0_5_gamma_004__steady,cmaes,60,0.08808843656257323,0.050309085967164796,1.7509448814090136
20260719,M3,case_td030_pa200_pp0_5_gamma_004__steady,cmaes,61,0.08808843656257323,0.050309085967164796,1.7509448814090136
20260719,M3,case_td030_pa200_pp0_5_gamma_004__steady,cmaes,62,0.08808843656257323,0.050309085967164796,1.7509448814090136
20260719,M3,case_td030_pa200_pp0_5_gamma_004__steady,cmaes,63,0.08808843656257323,0.050309085967164796,1.7509448814090136
20260719,M3,case_td030_pa200_pp0_5_gamma_004__steady,cmaes,64,0.08808843656257323,0.050309085967164796,1.7509448814090136
20260719,M3,case_td030_pa200_pp0_5_gamma_004__steady,cmaes,65,0.08808843656257323,0.050309085967164796,1.7509448814090136
20260719,M3,case_td030_pa200_pp0_5_gamma_004__steady,cmaes,66,0.08808843656257323,0.050309085967164796,1.7509448814090136
20260719,M3,case_td030_pa200_pp0_5_gamma_004__steady,cmaes,67,0.08808843656257323,0.050309085967164796,1.7509448814090136
20260719,M3,case_td030_pa200_pp0_5_gamma_004__steady,cmaes,68,0.08808843656257323,0.050309085967164796,1.7509448814090136
20260719,M3,case_td030_pa200_pp0_5_gamma_004__steady,cmaes,69,0.08282350651049271,0.050309085967164796,1.646293207643428
20260719,M3,case_td030_pa200_pp0_5_gamma_004__steady,cmaes,70,0.08282350651049271,0.050309085967164796,1.646293207643428
20260719,M3,case_td030_pa200_pp0_5_gamma_004__steady,cmaes,71,0.08282350651049271,0.050309085967164796,1.646293207643428
20260719,M3,case_td030_pa200_pp0_5_gamma_004__steady,cmaes,72,0.08282350651049271,0.050309085967164796,1.646293207643428
20260719,M3,case_td030_pa200_pp0_5_gamma_004__steady,cmaes,73,0.08282350651049271,0.050309085967164796,1.646293207643428
20260719,M3,case_td030_pa200_pp0_5_gamma_004__steady,cmaes,74,0.08282350651049271,0.050309085967164796,1.646293207643428
20260719,M3,case_td030_pa200_pp0_5_gamma_004__steady,cmaes,75,0.08282350651049271,0.050309085967164796,1.646293207643428
20260719,M3,case_td030_pa200_pp0_5_gamma_004__steady,cmaes,76,0.08041481176355579,0.050309085967164796,1.5984152806123348
20260719,M3,case_td030_pa200_pp0_5_gamma_004__steady,cmaes,77,0.08041481176355579,0.050309085967164796,1.5984152806123348
20260719,M3,case_td030_pa200_pp0_5_gamma_004__steady,cmaes,78,0.08041481176355579,0.050309085967164796,1.5984152806123348
20260719,M3,case_td030_pa200_pp0_5_gamma_004__steady,cmaes,79,0.08041481176355579,0.050309085967164796,1.5984152806123348
20260719,M3,case_td030_pa200_pp0_5_gamma_004__steady,cmaes,80,0.08041481176355579,0.050309085967164796,1.5984152806123348
20260719,M3,case_td030_pa200_pp0_5_gamma_004__steady,cmaes,81,0.08041481176355579,0.050309085967164796,1.5984152806123348
20260719,M3,case_td030_pa200_pp0_5_gamma_004__steady,cmaes,82,0.08041481176355579,0.050309085967164796,1.5984152806123348
20260719,M3,case_td030_pa200_pp0_5_gamma_004__steady,cmaes,83,0.08041481176355579,0.050309085967164796,1.5984152806123348
20260719,M3,case_td030_pa200_pp0_5_gamma_004__steady,cmaes,84,0.07215164112423507,0.050309085967164796,1.4341672033422799
20260719,M3,case_td030_pa200_pp0_5_gamma_004__steady,cmaes,85,0.07215164112423507,0.050309085967164796,1.4341672033422799
20260719,M3,case_td030_pa200_pp0_5_gamma_004__steady,cmaes,86,0.07179629665458298,0.050309085967164796,1.4271039768331755
20260719,M3,case_td030_pa200_pp0_5_gamma_004__steady,cmaes,87,0.07179629665458298,0.050309085967164796,1.4271039768331755
20260719,M3,case_td030_pa200_pp0_5_gamma_004__steady,cmaes,88,0.07179629665458298,0.050309085967164796,1.4271039768331755
20260719,M3,case_td030_pa200_pp0_5_gamma_004__steady,cmaes,89,0.07179629665458298,0.050309085967164796,1.4271039768331755
20260719,M3,case_td030_pa200_pp0_5_gamma_004__steady,cmaes,90,0.07179629665458298,0.050309085967164796,1.4271039768331755
20260719,M3,case_td030_pa200_pp0_5_gamma_004__steady,cmaes,91,0.07179629665458298,0.050309085967164796,1.4271039768331755
20260719,M3,case_td030_pa200_pp0_5_gamma_004__steady,cmaes,92,0.07179629665458298,0.050309085967164796,1.4271039768331755
20260719,M3,case_td030_pa200_pp0_5_gamma_004__steady,cmaes,93,0.07179629665458298,0.050309085967164796,1.4271039768331755
20260719,M3,case_td030_pa200_pp0_5_gamma_004__steady,cmaes,94,0.07179629665458298,0.050309085967164796,1.4271039768331755
20260719,M3,case_td030_pa200_pp0_5_gamma_004__steady,cmaes,95,0.07179629665458298,0.050309085967164796,1.4271039768331755
20260719,M3,case_td030_pa200_pp0_5_gamma_004__steady,cmaes,96,0.07179629665458298,0.050309085967164796,1.4271039768331755
20260719,M3,case_td030_pa200_pp0_5_gamma_004__steady,cmaes,97,0.0680520738955384,0.050309085967164796,1.3526795923097055
20260719,M3,case_td030_pa200_pp0_5_gamma_004__steady,cmaes,98,0.0680520738955384,0.050309085967164796,1.3526795923097055
20260719,M3,case_td030_pa200_pp0_5_gamma_004__steady,cmaes,99,0.0680520738955384,0.050309085967164796,1.3526795923097055
20260719,M3,case_td030_pa200_pp0_5_gamma_004__steady,cmaes,100,0.05720703885789091,0.050309085967164796,1.1371114731686478
20260719,M3,case_td030_pa200_pp0_5_gamma_004__steady,tpe,1,0.4420755918508906,0.050309085967164796,8.787191882981533
20260719,M3,case_td030_pa200_pp0_5_gamma_004__steady,tpe,2,0.4420755918508906,0.050309085967164796,8.787191882981533
20260719,M3,case_td030_pa200_pp0_5_gamma_004__steady,tpe,3,0.2330311659631814,0.050309085967164796,4.63198965918947
20260719,M3,case_td030_pa200_pp0_5_gamma_004__steady,tpe,4,0.2330311659631814,0.050309085967164796,4.63198965918947
20260719,M3,case_td030_pa200_pp0_5_gamma_004__steady,tpe,5,0.2330311659631814,0.050309085967164796,4.63198965918947
20260719,M3,case_td030_pa200_pp0_5_gamma_004__steady,tpe,6,0.2330311659631814,0.050309085967164796,4.63198965918947
20260719,M3,case_td030_pa200_pp0_5_gamma_004__steady,tpe,7,0.2330311659631814,0.050309085967164796,4.63198965918947
20260719,M3,case_td030_pa200_pp0_5_gamma_004__steady,tpe,8,0.2330311659631814,0.050309085967164796,4.63198965918947
20260719,M3,case_td030_pa200_pp0_5_gamma_004__steady,tpe,9,0.2330311659631814,0.050309085967164796,4.63198965918947
20260719,M3,case_td030_pa200_pp0_5_gamma_004__steady,tpe,10,0.2330311659631814,0.050309085967164796,4.63198965918947
20260719,M3,case_td030_pa200_pp0_5_gamma_004__steady,tpe,11,0.2330311659631814,0.050309085967164796,4.63198965918947
20260719,M3,case_td030_pa200_pp0_5_gamma_004__steady,tpe,12,0.11076029174474128,0.050309085967164796,2.201596185170829
20260719,M3,case_td030_pa200_pp0_5_gamma_004__steady,tpe,13,0.11076029174474128,0.050309085967164796,2.201596185170829
20260719,M3,case_td030_pa200_pp0_5_gamma_004__steady,tpe,14,0.11076029174474128,0.050309085967164796,2.201596185170829
20260719,M3,case_td030_pa200_pp0_5_gamma_004__steady,tpe,15,0.0906709594386631,0.050309085967164796,1.8022780119249486
20260719,M3,case_td030_pa200_pp0_5_gamma_004__steady,tpe,16,0.0906709594386631,0.050309085967164796,1.8022780119249486
20260719,M3,case_td030_pa200_pp0_5_gamma_004__steady,tpe,17,0.050669219732189644,0.050309085967164796,1.007158423932804
20260719,M3,case_td030_pa200_pp0_5_gamma_004__steady,tpe,18,0.050669219732189644,0.050309085967164796,1.007158423932804
20260719,M3,case_td030_pa200_pp0_5_gamma_004__steady,tpe,19,0.050669219732189644,0.050309085967164796,1.007158423932804
20260719,M3,case_td030_pa200_pp0_5_gamma_004__steady,tpe,20,0.050669219732189644,0.050309085967164796,1.007158423932804
20260719,M3,case_td030_pa200_pp0_5_gamma_004__steady,tpe,21,0.050669219732189644,0.050309085967164796,1.007158423932804
20260719,M3,case_td030_pa200_pp0_5_gamma_004__steady,tpe,22,0.050669219732189644,0.050309085967164796,1.007158423932804
20260719,M3,case_td030_pa200_pp0_5_gamma_004__steady,tpe,23,0.050669219732189644,0.050309085967164796,1.007158423932804
20260719,M3,case_td030_pa200_pp0_5_gamma_004__steady,tpe,24,0.050669219732189644,0.050309085967164796,1.007158423932804
20260719,M3,case_td030_pa200_pp0_5_gamma_004__steady,tpe,25,0.050669219732189644,0.050309085967164796,1.007158423932804
20260719,M3,case_td030_pa200_pp0_5_gamma_004__steady,tpe,26,0.050669219732189644,0.050309085967164796,1.007158423932804
20260719,M3,case_td030_pa200_pp0_5_gamma_004__steady,tpe,27,0.050669219732189644,0.050309085967164796,1.007158423932804
20260719,M3,case_td030_pa200_pp0_5_gamma_004__steady,tpe,28,0.050669219732189644,0.050309085967164796,1.007158423932804
20260719,M3,case_td030_pa200_pp0_5_gamma_004__steady,tpe,29,0.050669219732189644,0.050309085967164796,1.007158423932804
20260719,M3,case_td030_pa200_pp0_5_gamma_004__steady,tpe,30,0.050669219732189644,0.050309085967164796,1.007158423932804
20260719,M3,case_td030_pa200_pp0_5_gamma_004__steady,tpe,31,0.050669219732189644,0.050309085967164796,1.007158423932804
20260719,M3,case_td030_pa200_pp0_5_gamma_004__steady,tpe,32,0.050669219732189644,0.050309085967164796,1.007158423932804
20260719,M3,case_td030_pa200_pp0_5_gamma_004__steady,tpe,33,0.050669219732189644,0.050309085967164796,1.007158423932804
20260719,M3,case_td030_pa200_pp0_5_gamma_004__steady,tpe,34,0.050669219732189644,0.050309085967164796,1.007158423932804
20260719,M3,case_td030_pa200_pp0_5_gamma_004__steady,tpe,35,0.050669219732189644,0.050309085967164796,1.007158423932804
20260719,M3,case_td030_pa200_pp0_5_gamma_004__steady,tpe,36,0.050669219732189644,0.050309085967164796,1.007158423932804
20260719,M3,case_td030_pa200_pp0_5_gamma_004__steady,tpe,37,0.050669219732189644,0.050309085967164796,1.007158423932804
20260719,M3,case_td030_pa200_pp0_5_gamma_004__steady,tpe,38,0.050669219732189644,0.050309085967164796,1.007158423932804
20260719,M3,case_td030_pa200_pp0_5_gamma_004__steady,tpe,39,0.050669219732189644,0.050309085967164796,1.007158423932804
20260719,M3,case_td030_pa200_pp0_5_gamma_004__steady,tpe,40,0.050669219732189644,0.050309085967164796,1.007158423932804
20260719,M3,case_td030_pa200_pp0_5_gamma_004__steady,tpe,41,0.050669219732189644,0.050309085967164796,1.007158423932804
20260719,M3,case_td030_pa200_pp0_5_gamma_004__steady,tpe,42,0.050669219732189644,0.050309085967164796,1.007158423932804
20260719,M3,case_td030_pa200_pp0_5_gamma_004__steady,tpe,43,0.050669219732189644,0.050309085967164796,1.007158423932804
20260719,M3,case_td030_pa200_pp0_5_gamma_004__steady,tpe,44,0.050669219732189644,0.050309085967164796,1.007158423932804
20260719,M3,case_td030_pa200_pp0_5_gamma_004__steady,tpe,45,0.05064677265766859,0.050309085967164796,1.0067122406223836
20260719,M3,case_td030_pa200_pp0_5_gamma_004__steady,tpe,46,0.05064677265766859,0.050309085967164796,1.0067122406223836
20260719,M3,case_td030_pa200_pp0_5_gamma_004__steady,tpe,47,0.05064677265766859,0.050309085967164796,1.0067122406223836
20260719,M3,case_td030_pa200_pp0_5_gamma_004__steady,tpe,48,0.05064677265766859,0.050309085967164796,1.0067122406223836
20260719,M3,case_td030_pa200_pp0_5_gamma_004__steady,tpe,49,0.05064677265766859,0.050309085967164796,1.0067122406223836
20260719,M3,case_td030_pa200_pp0_5_gamma_004__steady,tpe,50,0.05064677265766859,0.050309085967164796,1.0067122406223836
20260719,M3,case_td030_pa200_pp0_5_gamma_004__steady,tpe,51,0.05064677265766859,0.050309085967164796,1.0067122406223836
20260719,M3,case_td030_pa200_pp0_5_gamma_004__steady,tpe,52,0.05064677265766859,0.050309085967164796,1.0067122406223836
20260719,M3,case_td030_pa200_pp0_5_gamma_004__steady,tpe,53,0.05064677265766859,0.050309085967164796,1.0067122406223836
20260719,M3,case_td030_pa200_pp0_5_gamma_004__steady,tpe,54,0.05064677265766859,0.050309085967164796,1.0067122406223836
20260719,M3,case_td030_pa200_pp0_5_gamma_004__steady,tpe,55,0.05064677265766859,0.050309085967164796,1.0067122406223836
20260719,M3,case_td030_pa200_pp0_5_gamma_004__steady,tpe,56,0.05064677265766859,0.050309085967164796,1.0067122406223836
20260719,M3,case_td030_pa200_pp0_5_gamma_004__steady,tpe,57,0.05064677265766859,0.050309085967164796,1.0067122406223836
20260719,M3,case_td030_pa200_pp0_5_gamma_004__steady,tpe,58,0.05064677265766859,0.050309085967164796,1.0067122406223836
20260719,M3,case_td030_pa200_pp0_5_gamma_004__steady,tpe,59,0.05064677265766859,0.050309085967164796,1.0067122406223836
20260719,M3,case_td030_pa200_pp0_5_gamma_004__steady,tpe,60,0.05064677265766859,0.050309085967164796,1.0067122406223836
20260719,M3,case_td030_pa200_pp0_5_gamma_004__steady,tpe,61,0.05064677265766859,0.050309085967164796,1.0067122406223836
20260719,M3,case_td030_pa200_pp0_5_gamma_004__steady,tpe,62,0.05064677265766859,0.050309085967164796,1.0067122406223836
20260719,M3,case_td030_pa200_pp0_5_gamma_004__steady,tpe,63,0.05064677265766859,0.050309085967164796,1.0067122406223836
20260719,M3,case_td030_pa200_pp0_5_gamma_004__steady,tpe,64,0.05064677265766859,0.050309085967164796,1.0067122406223836
20260719,M3,case_td030_pa200_pp0_5_gamma_004__steady,tpe,65,0.05064677265766859,0.050309085967164796,1.0067122406223836
20260719,M3,case_td030_pa200_pp0_5_gamma_004__steady,tpe,66,0.05064677265766859,0.050309085967164796,1.0067122406223836
20260719,M3,case_td030_pa200_pp0_5_gamma_004__steady,tpe,67,0.05064677265766859,0.050309085967164796,1.0067122406223836
20260719,M3,case_td030_pa200_pp0_5_gamma_004__steady,tpe,68,0.05064677265766859,0.050309085967164796,1.0067122406223836
20260719,M3,case_td030_pa200_pp0_5_gamma_004__steady,tpe,69,0.05064677265766859,0.050309085967164796,1.0067122406223836
20260719,M3,case_td030_pa200_pp0_5_gamma_004__steady,tpe,70,0.05046057658553898,0.050309085967164796,1.0030111979866432
20260719,M3,case_td030_pa200_pp0_5_gamma_004__steady,tpe,71,0.05046057658553898,0.050309085967164796,1.0030111979866432
20260719,M3,case_td030_pa200_pp0_5_gamma_004__steady,tpe,72,0.05046057658553898,0.050309085967164796,1.0030111979866432
20260719,M3,case_td030_pa200_pp0_5_gamma_004__steady,tpe,73,0.05046057658553898,0.050309085967164796,1.0030111979866432
20260719,M3,case_td030_pa200_pp0_5_gamma_004__steady,tpe,74,0.05046057658553898,0.050309085967164796,1.0030111979866432
20260719,M3,case_td030_pa200_pp0_5_gamma_004__steady,tpe,75,0.05046057658553898,0.050309085967164796,1.0030111979866432
20260719,M3,case_td030_pa200_pp0_5_gamma_004__steady,tpe,76,0.05046057658553898,0.050309085967164796,1.0030111979866432
20260719,M3,case_td030_pa200_pp0_5_gamma_004__steady,tpe,77,0.05046057658553898,0.050309085967164796,1.0030111979866432
20260719,M3,case_td030_pa200_pp0_5_gamma_004__steady,tpe,78,0.05046057658553898,0.050309085967164796,1.0030111979866432
20260719,M3,case_td030_pa200_pp0_5_gamma_004__steady,tpe,79,0.05046057658553898,0.050309085967164796,1.0030111979866432
20260719,M3,case_td030_pa200_pp0_5_gamma_004__steady,tpe,80,0.05046057658553898,0.050309085967164796,1.0030111979866432
20260719,M3,case_td030_pa200_pp0_5_gamma_004__steady,tpe,81,0.05046057658553898,0.050309085967164796,1.0030111979866432
20260719,M3,case_td030_pa200_pp0_5_gamma_004__steady,tpe,82,0.05046057658553898,0.050309085967164796,1.0030111979866432
20260719,M3,case_td030_pa200_pp0_5_gamma_004__steady,tpe,83,0.05046057658553898,0.050309085967164796,1.0030111979866432
20260719,M3,case_td030_pa200_pp0_5_gamma_004__steady,tpe,84,0.05046057658553898,0.050309085967164796,1.0030111979866432
20260719,M3,case_td030_pa200_pp0_5_gamma_004__steady,tpe,85,0.05046057658553898,0.050309085967164796,1.0030111979866432
20260719,M3,case_td030_pa200_pp0_5_gamma_004__steady,tpe,86,0.05046057658553898,0.050309085967164796,1.0030111979866432
20260719,M3,case_td030_pa200_pp0_5_gamma_004__steady,tpe,87,0.05046057658553898,0.050309085967164796,1.0030111979866432
20260719,M3,case_td030_pa200_pp0_5_gamma_004__steady,tpe,88,0.05046057658553898,0.050309085967164796,1.0030111979866432
20260719,M3,case_td030_pa200_pp0_5_gamma_004__steady,tpe,89,0.05046057658553898,0.050309085967164796,1.0030111979866432
20260719,M3,case_td030_pa200_pp0_5_gamma_004__steady,tpe,90,0.05046057658553898,0.050309085967164796,1.0030111979866432
20260719,M3,case_td030_pa200_pp0_5_gamma_004__steady,tpe,91,0.05046057658553898,0.050309085967164796,1.0030111979866432
20260719,M3,case_td030_pa200_pp0_5_gamma_004__steady,tpe,92,0.05046057658553898,0.050309085967164796,1.0030111979866432
20260719,M3,case_td030_pa200_pp0_5_gamma_004__steady,tpe,93,0.05046057658553898,0.050309085967164796,1.0030111979866432
20260719,M3,case_td030_pa200_pp0_5_gamma_004__steady,tpe,94,0.05046057658553898,0.050309085967164796,1.0030111979866432
20260719,M3,case_td030_pa200_pp0_5_gamma_004__steady,tpe,95,0.05046057658553898,0.050309085967164796,1.0030111979866432
20260719,M3,case_td030_pa200_pp0_5_gamma_004__steady,tpe,96,0.05046057658553898,0.050309085967164796,1.0030111979866432
20260719,M3,case_td030_pa200_pp0_5_gamma_004__steady,tpe,97,0.05046057658553898,0.050309085967164796,1.0030111979866432
20260719,M3,case_td030_pa200_pp0_5_gamma_004__steady,tpe,98,0.05046057658553898,0.050309085967164796,1.0030111979866432
20260719,M3,case_td030_pa200_pp0_5_gamma_004__steady,tpe,99,0.05046057658553898,0.050309085967164796,1.0030111979866432
20260719,M3,case_td030_pa200_pp0_5_gamma_004__steady,tpe,100,0.05046057658553898,0.050309085967164796,1.0030111979866432
20260719,M3,case_td030_pa200_pp0_5_gamma_004__steady,random,1,0.4420755918508906,0.050309085967164796,8.787191882981533
20260719,M3,case_td030_pa200_pp0_5_gamma_004__steady,random,2,0.3138650431381605,0.050309085967164796,6.238734755447766
20260719,M3,case_td030_pa200_pp0_5_gamma_004__steady,random,3,0.3138650431381605,0.050309085967164796,6.238734755447766
20260719,M3,case_td030_pa200_pp0_5_gamma_004__steady,random,4,0.3138650431381605,0.050309085967164796,6.238734755447766
20260719,M3,case_td030_pa200_pp0_5_gamma_004__steady,random,5,0.3138650431381605,0.050309085967164796,6.238734755447766
20260719,M3,case_td030_pa200_pp0_5_gamma_004__steady,random,6,0.3138650431381605,0.050309085967164796,6.238734755447766
20260719,M3,case_td030_pa200_pp0_5_gamma_004__steady,random,7,0.3138650431381605,0.050309085967164796,6.238734755447766
20260719,M3,case_td030_pa200_pp0_5_gamma_004__steady,random,8,0.3138650431381605,0.050309085967164796,6.238734755447766
20260719,M3,case_td030_pa200_pp0_5_gamma_004__steady,random,9,0.3138650431381605,0.050309085967164796,6.238734755447766
20260719,M3,case_td030_pa200_pp0_5_gamma_004__steady,random,10,0.1353051299233825,0.050309085967164796,2.6894770064336297
20260719,M3,case_td030_pa200_pp0_5_gamma_004__steady,random,11,0.1353051299233825,0.050309085967164796,2.6894770064336297
20260719,M3,case_td030_pa200_pp0_5_gamma_004__steady,random,12,0.1353051299233825,0.050309085967164796,2.6894770064336297
20260719,M3,case_td030_pa200_pp0_5_gamma_004__steady,random,13,0.1353051299233825,0.050309085967164796,2.6894770064336297
20260719,M3,case_td030_pa200_pp0_5_gamma_004__steady,random,14,0.1353051299233825,0.050309085967164796,2.6894770064336297
20260719,M3,case_td030_pa200_pp0_5_gamma_004__steady,random,15,0.1353051299233825,0.050309085967164796,2.6894770064336297
20260719,M3,case_td030_pa200_pp0_5_gamma_004__steady,random,16,0.1353051299233825,0.050309085967164796,2.6894770064336297
20260719,M3,case_td030_pa200_pp0_5_gamma_004__steady,random,17,0.1353051299233825,0.050309085967164796,2.6894770064336297
20260719,M3,case_td030_pa200_pp0_5_gamma_004__steady,random,18,0.06166478266738769,0.050309085967164796,1.2257186049381699
20260719,M3,case_td030_pa200_pp0_5_gamma_004__steady,random,19,0.06166478266738769,0.050309085967164796,1.2257186049381699
20260719,M3,case_td030_pa200_pp0_5_gamma_004__steady,random,20,0.06166478266738769,0.050309085967164796,1.2257186049381699
20260719,M3,case_td030_pa200_pp0_5_gamma_004__steady,random,21,0.06166478266738769,0.050309085967164796,1.2257186049381699
20260719,M3,case_td030_pa200_pp0_5_gamma_004__steady,random,22,0.06166478266738769,0.050309085967164796,1.2257186049381699
20260719,M3,case_td030_pa200_pp0_5_gamma_004__steady,random,23,0.06166478266738769,0.050309085967164796,1.2257186049381699
20260719,M3,case_td030_pa200_pp0_5_gamma_004__steady,random,24,0.06166478266738769,0.050309085967164796,1.2257186049381699
20260719,M3,case_td030_pa200_pp0_5_gamma_004__steady,random,25,0.06166478266738769,0.050309085967164796,1.2257186049381699
20260719,M3,case_td030_pa200_pp0_5_gamma_004__steady,random,26,0.06166478266738769,0.050309085967164796,1.2257186049381699
20260719,M3,case_td030_pa200_pp0_5_gamma_004__steady,random,27,0.06166478266738769,0.050309085967164796,1.2257186049381699
20260719,M3,case_td030_pa200_pp0_5_gamma_004__steady,random,28,0.06166478266738769,0.050309085967164796,1.2257186049381699
20260719,M3,case_td030_pa200_pp0_5_gamma_004__steady,random,29,0.06166478266738769,0.050309085967164796,1.2257186049381699
20260719,M3,case_td030_pa200_pp0_5_gamma_004__steady,random,30,0.06166478266738769,0.050309085967164796,1.2257186049381699
20260719,M3,case_td030_pa200_pp0_5_gamma_004__steady,random,31,0.06166478266738769,0.050309085967164796,1.2257186049381699
20260719,M3,case_td030_pa200_pp0_5_gamma_004__steady,random,32,0.06166478266738769,0.050309085967164796,1.2257186049381699
20260719,M3,case_td030_pa200_pp0_5_gamma_004__steady,random,33,0.06166478266738769,0.050309085967164796,1.2257186049381699
20260719,M3,case_td030_pa200_pp0_5_gamma_004__steady,random,34,0.06166478266738769,0.050309085967164796,1.2257186049381699
20260719,M3,case_td030_pa200_pp0_5_gamma_004__steady,random,35,0.06166478266738769,0.050309085967164796,1.2257186049381699
20260719,M3,case_td030_pa200_pp0_5_gamma_004__steady,random,36,0.06166478266738769,0.050309085967164796,1.2257186049381699
20260719,M3,case_td030_pa200_pp0_5_gamma_004__steady,random,37,0.06166478266738769,0.050309085967164796,1.2257186049381699
20260719,M3,case_td030_pa200_pp0_5_gamma_004__steady,random,38,0.06166478266738769,0.050309085967164796,1.2257186049381699
20260719,M3,case_td030_pa200_pp0_5_gamma_004__steady,random,39,0.06166478266738769,0.050309085967164796,1.2257186049381699
20260719,M3,case_td030_pa200_pp0_5_gamma_004__steady,random,40,0.06166478266738769,0.050309085967164796,1.2257186049381699
20260719,M3,case_td030_pa200_pp0_5_gamma_004__steady,random,41,0.06166478266738769,0.050309085967164796,1.2257186049381699
20260719,M3,case_td030_pa200_pp0_5_gamma_004__steady,random,42,0.06166478266738769,0.050309085967164796,1.2257186049381699
20260719,M3,case_td030_pa200_pp0_5_gamma_004__steady,random,43,0.06166478266738769,0.050309085967164796,1.2257186049381699
20260719,M3,case_td030_pa200_pp0_5_gamma_004__steady,random,44,0.06166478266738769,0.050309085967164796,1.2257186049381699
20260719,M3,case_td030_pa200_pp0_5_gamma_004__steady,random,45,0.06166478266738769,0.050309085967164796,1.2257186049381699
20260719,M3,case_td030_pa200_pp0_5_gamma_004__steady,random,46,0.06166478266738769,0.050309085967164796,1.2257186049381699
20260719,M3,case_td030_pa200_pp0_5_gamma_004__steady,random,47,0.06166478266738769,0.050309085967164796,1.2257186049381699
20260719,M3,case_td030_pa200_pp0_5_gamma_004__steady,random,48,0.06166478266738769,0.050309085967164796,1.2257186049381699
20260719,M3,case_td030_pa200_pp0_5_gamma_004__steady,random,49,0.06166478266738769,0.050309085967164796,1.2257186049381699
20260719,M3,case_td030_pa200_pp0_5_gamma_004__steady,random,50,0.06166478266738769,0.050309085967164796,1.2257186049381699
20260719,M3,case_td030_pa200_pp0_5_gamma_004__steady,random,51,0.06166478266738769,0.050309085967164796,1.2257186049381699
20260719,M3,case_td030_pa200_pp0_5_gamma_004__steady,random,52,0.06166478266738769,0.050309085967164796,1.2257186049381699
20260719,M3,case_td030_pa200_pp0_5_gamma_004__steady,random,53,0.06166478266738769,0.050309085967164796,1.2257186049381699
20260719,M3,case_td030_pa200_pp0_5_gamma_004__steady,random,54,0.06166478266738769,0.050309085967164796,1.2257186049381699
20260719,M3,case_td030_pa200_pp0_5_gamma_004__steady,random,55,0.06166478266738769,0.050309085967164796,1.2257186049381699
20260719,M3,case_td030_pa200_pp0_5_gamma_004__steady,random,56,0.06166478266738769,0.050309085967164796,1.2257186049381699
20260719,M3,case_td030_pa200_pp0_5_gamma_004__steady,random,57,0.06166478266738769,0.050309085967164796,1.2257186049381699
20260719,M3,case_td030_pa200_pp0_5_gamma_004__steady,random,58,0.06166478266738769,0.050309085967164796,1.2257186049381699
20260719,M3,case_td030_pa200_pp0_5_gamma_004__steady,random,59,0.06166478266738769,0.050309085967164796,1.2257186049381699
20260719,M3,case_td030_pa200_pp0_5_gamma_004__steady,random,60,0.06166478266738769,0.050309085967164796,1.2257186049381699
20260719,M3,case_td030_pa200_pp0_5_gamma_004__steady,random,61,0.06166478266738769,0.050309085967164796,1.2257186049381699
20260719,M3,case_td030_pa200_pp0_5_gamma_004__steady,random,62,0.06166478266738769,0.050309085967164796,1.2257186049381699
20260719,M3,case_td030_pa200_pp0_5_gamma_004__steady,random,63,0.06166478266738769,0.050309085967164796,1.2257186049381699
20260719,M3,case_td030_pa200_pp0_5_gamma_004__steady,random,64,0.06166478266738769,0.050309085967164796,1.2257186049381699
20260719,M3,case_td030_pa200_pp0_5_gamma_004__steady,random,65,0.06166478266738769,0.050309085967164796,1.2257186049381699
20260719,M3,case_td030_pa200_pp0_5_gamma_004__steady,random,66,0.06166478266738769,0.050309085967164796,1.2257186049381699
20260719,M3,case_td030_pa200_pp0_5_gamma_004__steady,random,67,0.06166478266738769,0.050309085967164796,1.2257186049381699
20260719,M3,case_td030_pa200_pp0_5_gamma_004__steady,random,68,0.06166478266738769,0.050309085967164796,1.2257186049381699
20260719,M3,case_td030_pa200_pp0_5_gamma_004__steady,random,69,0.06166478266738769,0.050309085967164796,1.2257186049381699
20260719,M3,case_td030_pa200_pp0_5_gamma_004__steady,random,70,0.06166478266738769,0.050309085967164796,1.2257186049381699
20260719,M3,case_td030_pa200_pp0_5_gamma_004__steady,random,71,0.06166478266738769,0.050309085967164796,1.2257186049381699
20260719,M3,case_td030_pa200_pp0_5_gamma_004__steady,random,72,0.06166478266738769,0.050309085967164796,1.2257186049381699
20260719,M3,case_td030_pa200_pp0_5_gamma_004__steady,random,73,0.06166478266738769,0.050309085967164796,1.2257186049381699
20260719,M3,case_td030_pa200_pp0_5_gamma_004__steady,random,74,0.06166478266738769,0.050309085967164796,1.2257186049381699
20260719,M3,case_td030_pa200_pp0_5_gamma_004__steady,random,75,0.06166478266738769,0.050309085967164796,1.2257186049381699
20260719,M3,case_td030_pa200_pp0_5_gamma_004__steady,random,76,0.06166478266738769,0.050309085967164796,1.2257186049381699
20260719,M3,case_td030_pa200_pp0_5_gamma_004__steady,random,77,0.06166478266738769,0.050309085967164796,1.2257186049381699
20260719,M3,case_td030_pa200_pp0_5_gamma_004__steady,random,78,0.06166478266738769,0.050309085967164796,1.2257186049381699
20260719,M3,case_td030_pa200_pp0_5_gamma_004__steady,random,79,0.06166478266738769,0.050309085967164796,1.2257186049381699
20260719,M3,case_td030_pa200_pp0_5_gamma_004__steady,random,80,0.06166478266738769,0.050309085967164796,1.2257186049381699
20260719,M3,case_td030_pa200_pp0_5_gamma_004__steady,random,81,0.06166478266738769,0.050309085967164796,1.2257186049381699
20260719,M3,case_td030_pa200_pp0_5_gamma_004__steady,random,82,0.06166478266738769,0.050309085967164796,1.2257186049381699
20260719,M3,case_td030_pa200_pp0_5_gamma_004__steady,random,83,0.06166478266738769,0.050309085967164796,1.2257186049381699
20260719,M3,case_td030_pa200_pp0_5_gamma_004__steady,random,84,0.06166478266738769,0.050309085967164796,1.2257186049381699
20260719,M3,case_td030_pa200_pp0_5_gamma_004__steady,random,85,0.056881740069373354,0.050309085967164796,1.130645468424895
20260719,M3,case_td030_pa200_pp0_5_gamma_004__steady,random,86,0.056881740069373354,0.050309085967164796,1.130645468424895
20260719,M3,case_td030_pa200_pp0_5_gamma_004__steady,random,87,0.056881740069373354,0.050309085967164796,1.130645468424895
20260719,M3,case_td030_pa200_pp0_5_gamma_004__steady,random,88,0.056881740069373354,0.050309085967164796,1.130645468424895
20260719,M3,case_td030_pa200_pp0_5_gamma_004__steady,random,89,0.056881740069373354,0.050309085967164796,1.130645468424895
20260719,M3,case_td030_pa200_pp0_5_gamma_004__steady,random,90,0.056881740069373354,0.050309085967164796,1.130645468424895
20260719,M3,case_td030_pa200_pp0_5_gamma_004__steady,random,91,0.056881740069373354,0.050309085967164796,1.130645468424895
20260719,M3,case_td030_pa200_pp0_5_gamma_004__steady,random,92,0.056881740069373354,0.050309085967164796,1.130645468424895
20260719,M3,case_td030_pa200_pp0_5_gamma_004__steady,random,93,0.056881740069373354,0.050309085967164796,1.130645468424895
20260719,M3,case_td030_pa200_pp0_5_gamma_004__steady,random,94,0.056881740069373354,0.050309085967164796,1.130645468424895
20260719,M3,case_td030_pa200_pp0_5_gamma_004__steady,random,95,0.056881740069373354,0.050309085967164796,1.130645468424895
20260719,M3,case_td030_pa200_pp0_5_gamma_004__steady,random,96,0.056881740069373354,0.050309085967164796,1.130645468424895
20260719,M3,case_td030_pa200_pp0_5_gamma_004__steady,random,97,0.056881740069373354,0.050309085967164796,1.130645468424895
20260719,M3,case_td030_pa200_pp0_5_gamma_004__steady,random,98,0.056881740069373354,0.050309085967164796,1.130645468424895
20260719,M3,case_td030_pa200_pp0_5_gamma_004__steady,random,99,0.056881740069373354,0.050309085967164796,1.130645468424895
20260719,M3,case_td030_pa200_pp0_5_gamma_004__steady,random,100,0.056881740069373354,0.050309085967164796,1.130645468424895
