bc_phi_mae,boundary_gamma_uniformity,boundary_operator_proxy_loss,objective_density_ratio,objective_main,objective_total,objective_uniformity,poisson_residual_norm,pp,pp0,series.llcoil,series.min_gap_effective,series.nncoil,series.nncoil_effective,series.pitch_effective,series.rrc,series.rrce,series.zzc,trial,value,warnings
0.0,0.6956991075389474,11.581841468811035,0.33526861936402985,1.6438109293011527,1.6438109293011527,0.5511182207623003,0.02231511101126671,2613.4032236978405,0.01858783911753423,1.0577445473656921,5.655157008433588,3.472319766657085,3.0,6.71290155579928,3.7195357084941474,23.858240375891985,2.140822495468042,0,1.6438109293011527,ood:cond:pp:2613.4 outside [505.725,2097.14]
0.0,0.8634354131812828,13.523659706115723,0.8678244013311003,0.600862161642967,0.600862161642967,0.5214428457103186,0.030168814584612846,2030.4593406433778,0.07429009780916818,0.5152896565967116,4.1527770468566185,3.016163655170557,3.0,4.66806670345333,6.833166836511441,20.83736694687143,4.988818404614882,1,0.600862161642967,
0.0,0.7867103753861213,28.88359260559082,0.12334286198805924,5.600582468841177,5.600582468841177,0.6907918705070214,0.02654184401035309,2581.656995771844,0.006565195331627712,1.0675398131484446,3.866316712606106,4.437360548180414,4.0,4.933856525754551,2.055412636114146,21.790838739132347,0.8246110676319784,2,5.600582468841177,ood:cond:pp:2581.66 outside [505.725,2097.14]
0.0,0.7236486963113676,8.641961097717285,0.6246005475563869,0.7638340752680588,0.7638340752680588,0.477091181654656,0.027123913168907166,1657.8817493048532,0.05789321806526683,0.9519092238371517,1.6301352578372077,5.679102720433051,6.0,2.5820444816743593,8.51939365495326,24.011660544999415,1.0158077823091538,3,0.7638340752680588,
0.0,0.761815211116153,10.174603462219238,0.8044623534593384,0.6228925371534585,0.6228925371534585,0.5010935963907296,0.02969413436949253,1399.4150508216196,0.08645343964792208,0.8488155545829247,1.7915690814542091,5.964262488165591,6.0,2.6403846360371337,6.526150716060495,22.3684585322833,3.2934865252559042,4,0.6228925371534585,
0.0,0.7315391252800467,9.9966402053833,0.6092841937272985,0.6984578371769186,0.6984578371769186,0.42555932017685155,0.02790648117661476,2152.378114709005,0.05282107151738755,0.779092971659151,3.360779340217353,4.519672787338006,5.0,4.139872311876504,5.833526589384837,26.532888148767352,2.7112013854441304,5,0.6984578371769186,ood:cond:pp:2152.38 outside [505.725,2097.14]
0.0,0.7987294137425285,9.647894859313965,0.5968333351458338,0.9160286086634634,0.9160286086634634,0.5467164095976127,0.026856625452637672,808.034443601717,0.09097447585084681,0.5172132603875571,6.16931715094267,3.2430425155748397,3.0,6.686530411330227,3.3709084914166088,23.43049972540729,3.0875736731245498,6,0.9160286086634634,
0.0,0.7144920408176799,9.846990585327148,0.7567630962220241,0.5689745510297226,0.5689745510297226,0.4305789429087889,0.029047612100839615,1879.553502435253,0.07232588739955495,0.9894537339227958,3.1499151836886456,5.365991992433937,5.0,4.139368917611441,4.783605637029907,25.480450225087115,2.5221964539789936,7,0.5689745510297226,
0.0,0.9675750809529141,13.64686107635498,0.08456383422689606,7.369867031401627,7.369867031401627,0.6232242139177138,0.026348792016506195,560.7334536078225,0.02507427280779568,0.5836572359774456,6.376136267660048,2.995279163448616,3.0,6.959793503637493,2.052702417481253,22.932082928393733,1.8694362648120162,8,7.369867031401627,
0.0,0.79012436914561,12.343626976013184,1.0054154115101028,0.45200838955253175,0.45200838955253175,0.45445620098797757,0.029726993292570114,2118.9502136465594,0.08468052867406536,0.9154901010574061,2.314339529287418,4.526673930189853,5.0,3.229829630344824,6.158122776537513,22.307270928261634,0.9946252621709012,9,0.45200838955253175,ood:cond:pp:2118.95 outside [505.725,2097.14]
0.0,0.7032309638957613,7.707672119140625,0.7731513175065794,0.5561229327869865,0.5561229327869865,0.42996717817988156,0.027119750156998634,1633.7623996843372,0.07990255896050324,1.0932773814789916,2.580894400456004,4.797288230171307,5.0,3.6741717819349957,7.841794003164031,26.21265291283901,1.2214445575637711,10,0.5561229327869865,
0.0,0.8827970449883765,12.571455955505371,0.6112250418687605,0.983479892675262,0.983479892675262,0.6011275385775211,0.029430843889713287,1607.3658518922393,0.05272894063186174,0.5111123046850858,4.565306812370333,3.1820182363465275,3.0,5.076419117055419,4.874146319113957,20.103403670280215,2.8108370146147275,11,0.983479892675262,
0.0,0.7349864753088537,15.307232856750488,0.07952218296648324,6.756599519835353,6.756599519835353,0.5372995432475998,0.023214703425765038,1874.728117691936,0.011667369192050293,0.7492314950977337,2.100507103541128,5.617143237077062,6.0,2.8497385986388615,5.506108685431379,22.604540277264547,4.3134248076553385,12,6.756599519835353,
0.0,0.7122750306461372,9.225537300109863,0.5703305457076364,0.762922647039452,0.762922647039452,0.43511808961872517,0.028655581176280975,1642.203146348665,0.06354123937041328,1.4038509374768768,4.565944546774669,4.17991020021358,4.0,5.969795484251546,3.2600961894860108,27.139278126492194,4.677538240852698,13,0.762922647039452,
0.0,0.7438160139563154,9.02653980255127,0.6370332584770646,0.7321440437694191,0.7321440437694191,0.46640010587700764,0.028365375474095345,1549.060287796698,0.06706435660477116,1.3742693156268353,4.118647501909308,2.6245133302384667,3.0,5.492916817536144,8.259683112423044,24.738433565031475,2.762942339041264,14,0.7321440437694191,
0.0,0.7879211670026648,13.628811836242676,1.0010689447984862,0.3567695171000217,0.3567695171000217,0.35715088401958417,0.02658896893262863,2810.8752584855924,0.08172155881792739,0.6339331171426752,4.543811448952614,3.65906350251063,4.0,5.1777445660952885,7.406231972276549,28.117210236657705,0.8036035711619183,15,0.3567695171000217,ood:cond:pp:2810.88 outside [505.725,2097.14]
0.0,0.7535473960798522,11.1531982421875,0.6906116781216696,0.6645592894776634,0.6645592894776634,0.45895240611751353,0.028742769733071327,2254.7068149170914,0.053238455421083165,0.577758051776523,4.134270383087946,4.077828456303036,4.0,4.712028434864469,5.590416798420411,24.438530537878286,1.3377450446707022,16,0.6645592894776634,ood:cond:pp:2254.71 outside [505.725,2097.14]
0.0,0.7054045693495067,7.719311237335205,0.6452767144441786,0.6730332237413459,0.6730332237413459,0.43429266732758937,0.026506148278713226,1416.5883777412562,0.07675767182701264,0.8422851877813836,3.139178460671022,5.435361299687102,5.0,3.9814636484524057,7.616501704562703,27.52381994682473,2.0132586959468766,17,0.6730332237413459,
0.0,2.3040425061053655,155.86285400390625,0.0014180322530065984,2182.5709889486493,2182.5709889486493,3.094956056805693,0.06440269201993942,936.5113284014776,0.003941291758652748,0.9070434118548033,3.0813133549751344,3.8627255791258985,4.0,3.988356766829938,5.080619542686258,21.03404661000601,0.21713111213104042,18,2182.5709889486493,
0.0,0.6823861526447307,9.295509338378906,0.5386983573308394,0.804184594801275,0.804184594801275,0.4332129202102135,0.025420386344194412,2694.5785692470004,0.040841481463527333,1.367606287546253,3.0414234714790744,5.331753762829605,5.0,4.409029759025327,6.597190437113348,28.642339232239983,4.759205138805668,19,0.804184594801275,ood:cond:pp:2694.58 outside [505.725,2097.14]
0.0,1.2483686970747556,79.82058715820312,0.004147771437943836,66.10721187493156,66.10721187493156,0.27419760525694276,0.0582105778157711,2094.677985067169,0.0032763827794618982,1.1409726957353605,2.675417257551363,3.9733448188374165,4.0,3.8163899532867234,8.325736679529925,23.59129649267682,3.4672351654188684,20,66.10721187493156,
0.0,0.8667519545914706,12.062602996826172,0.6121208702177175,0.958326239048086,0.958326239048086,0.5866114913985868,0.029151784256100655,1416.3213764509114,0.05953901528925548,0.9516839380421973,4.406809621768524,2.8429949669128614,3.0,5.3584935598107215,4.5624869909999335,20.637967670432097,3.1183724003138775,21,0.958326239048086,
0.0,0.7609991795649408,13.76836109161377,0.8871875475781369,0.5174163087523826,0.5174163087523826,0.4590453060389585,0.027965037152171135,2731.077136741787,0.06064915978236229,0.6700738619451149,4.2689803857013455,4.152395295893022,4.0,4.93905424764646,4.079012160413454,23.835229150999297,0.01260528261679661,22,0.5174163087523826,ood:cond:pp:2731.08 outside [505.725,2097.14]
0.0,0.6974426092014112,12.306078910827637,0.7556250271875068,0.5829958575310675,0.5829958575310675,0.4405262606971167,0.026539498940110207,2897.584780205153,0.05362591052792424,1.0715117886728078,11.812377585821435,2.378842169566693,2.0,12.883889374494244,3.0541790461828704,28.821957795171357,4.229524357229268,23,0.5829958575310675,ood:cond:pp:2897.58 outside [505.725,2097.14]
0.0,0.7607940846895394,11.578714370727539,0.8941400047850012,0.5232388170695952,0.5232388170695952,0.4678487583983062,0.028959129005670547,2185.8494160711266,0.07027735739272253,1.4315138008962505,1.5029584097495645,4.7053346789442205,5.0,2.934472210645815,6.812073291551793,21.48443434478087,1.1473361060843679,24,0.5232388170695952,ood:cond:pp:2185.85 outside [505.725,2097.14]
0.0,1.2041765908388402,53.020721435546875,0.003303660683092905,81.09225000133922,81.09225000133922,0.267901278032965,0.03534769266843796,1052.198358593611,0.007229036286195673,0.9137706043065142,7.567711187152256,2.183843836293375,2.0,8.481481791458771,9.266730742283077,26.22969432520062,1.6677001859714802,25,81.09225000133922,
0.0,0.7504282914657475,10.24236011505127,0.5466165827478957,0.8898427948369783,0.8898427948369783,0.4864028276966259,0.028650570660829544,1165.60652496584,0.0743776014134137,1.3983429430491892,2.2316952514291932,5.979340832408462,6.0,3.630038194478382,2.6725143847260178,24.45274355159631,4.865806656294481,26,0.8898427948369783,
0.0,0.7233210826366347,8.960770606994629,0.92658408008352,0.495034049881172,0.495034049881172,0.4586906697191651,0.028249064460396767,1970.0884087869122,0.08051717836028333,0.8851032335263366,1.70816393475502,5.499396971152436,5.0,2.5932671682813564,9.7184152261065,22.684751067513282,1.6692954196913363,27,0.495034049881172,
0.0,0.6985836804449544,7.453195095062256,0.8886997167061792,0.469094126451474,0.469094126451474,0.4168838172859576,0.0279235877096653,1549.5837479963316,0.09619628381130624,0.5671021193070725,4.699233230436254,4.427409239473931,4.0,5.2663353497433265,6.602366653092464,27.66770805206577,0.3950896489784933,28,0.469094126451474,
0.0,0.7010938370163542,7.965184211730957,0.48702700535050136,0.916550270946039,0.916550270946039,0.44638473371204,0.025688234716653824,902.3065980674128,0.07960451267572244,1.4452980968770945,3.8001483574915826,4.157404560509704,4.0,5.245446454368677,6.120245379950524,27.102031197425234,0.9968030665206395,29,0.916550270946039,
0.0,0.6989658997517698,39.2879524230957,0.05570935093905648,11.164774635113739,11.164774635113739,0.6219823483030276,0.028968483209609985,2569.069838234488,0.0054006705563036245,1.129112672510865,2.9869452145196504,5.3682268329057585,5.0,4.116057887030515,3.0252786464471315,23.605568081599706,1.3673360082333512,30,11.164774635113739,ood:cond:pp:2569.07 outside [505.725,2097.14]
0.0,0.6962348284784203,11.372967720031738,0.33898572927768233,1.5926129753344702,1.5926129753344702,0.5398730709008549,0.023922400549054146,2442.47074830455,0.02032761044410081,0.8993176973675244,4.461287403778708,4.333446869858106,4.0,5.360605101146232,2.31170598686297,23.754126391447898,0.8802344167933457,31,1.5926129753344702,ood:cond:pp:2442.47 outside [505.725,2097.14]
0.0,0.8917440182918004,14.681742668151855,0.13155475495900124,5.017627909482321,5.017627909482321,0.6600928101073923,0.027065254747867584,1174.1893625063803,0.019467579995322424,0.8900601334223975,8.208515709583851,2.1587493300144085,2.0,9.098575843006248,3.9592440494509606,22.156395735463455,3.3916876168759864,32,5.017627909482321,
0.0,0.7485767658281756,10.708189010620117,0.5516707062770516,0.8315961101304565,0.8315961101304565,0.45876721341291776,0.028425736352801323,2222.221361384709,0.042669117657580066,0.6069117936361603,4.146126665179817,4.112451660789869,4.0,4.753038458815977,6.160988113125087,25.173141948388995,1.8979285139326922,33,0.8315961101304565,ood:cond:pp:2222.22 outside [505.725,2097.14]
0.0,1.6380178951044317,103.31336975097656,0.002179197482360406,486.6839824283949,486.6839824283949,1.0605805092130942,0.05303911864757538,1178.3324278795026,0.004806158688145246,0.6299730027040958,5.452673847935812,2.5611649250358663,3.0,6.082646850639908,4.46846847158457,22.716409023504298,2.1561944534245048,34,486.6839824283949,
0.0,0.8253533584530822,14.706814765930176,1.0919062112578029,0.33003806153906956,0.33003806153906956,0.360370609345995,0.02631363831460476,2662.3242788134276,0.09201340612327723,0.890451606464185,3.4208879831609016,4.261492526392997,4.0,4.311339589625087,9.496790966351108,26.742149324851457,0.2383829266587345,35,0.33003806153906956,ood:cond:pp:2662.32 outside [505.725,2097.14]
0.0,0.717185304258557,9.505584716796875,0.6822466939991735,0.6345829819405525,0.6345829819405525,0.43294214149707916,0.02882511541247368,1563.8360254583322,0.07780703777558909,0.8948151918601872,3.102278182235633,5.7508511843142145,6.0,3.99709337409582,3.7784293368622626,27.760989581437183,3.344356870486405,36,0.6345829819405525,
0.0,0.7360489606882488,9.716443061828613,0.43125941367422843,1.1465301844290319,1.1465301844290319,0.4944519350966693,0.027693476527929306,2173.0373887361648,0.03464725079261953,0.8089784782003888,3.233396757615829,3.7165323569381687,4.0,4.042375235816218,7.529439837939198,23.69894078120407,4.790914802165835,37,1.1465301844290319,ood:cond:pp:2173.04 outside [505.725,2097.14]
0.0,0.8083083284403648,11.078527450561523,0.5572124037562259,0.9580222272828881,0.9580222272828881,0.5338218681161915,0.029888208955526352,1985.1213064929766,0.04545995951097923,1.1334826034623469,3.4891424812865965,2.5185062440360753,3.0,4.622625084748943,7.618456804847905,21.486332059094735,4.099038287945879,38,0.9580222272828881,
0.0,0.7050201694118009,7.44502592086792,0.31387062417078104,1.4748759362852075,1.4748759362852075,0.46292023069630317,0.023938996717333794,636.6097377269323,0.06795931390020961,1.2567086070913378,6.950298194233842,2.8023060579560104,3.0,8.20700680132518,2.9559622380203434,27.576982641995883,1.448389421685254,39,1.4748759362852075,
0.0,0.7433971646132133,9.485942840576172,0.3759484701589925,1.2712590408566862,1.2712590408566862,0.47792789158585935,0.027630515396595,1760.1285774956282,0.03529156151330269,0.663596001271544,2.7128678650977656,5.803848213692808,6.0,3.3764638663693094,4.49444841575858,24.753231613974435,1.829336737651281,40,1.2712590408566862,
0.0,0.9061145268327517,18.42714500427246,1.0645437528546882,0.44983523433759215,0.44983523433759215,0.4788692885280084,0.02810458093881607,2554.1025120172717,0.08148244510557992,1.367876424163315,2.998441075876203,3.158626634542442,3.0,4.366317500039518,7.01216925293279,20.111121753051343,1.3898870384759843,41,0.44983523433759215,ood:cond:pp:2554.1 outside [505.725,2097.14]
0.0,0.7513969858945753,8.653064727783203,0.3897576845487961,1.2887363363366002,1.2887363363366002,0.5022948904444519,0.0279223695397377,1804.342115234564,0.03523088457569867,1.4867155301720882,1.0790943716361876,4.6325393840271945,5.0,2.565809901808276,9.378610500118508,22.207660009159888,3.170424509221734,42,1.2887363363366002,
0.0,0.6930972686732726,8.732635498046875,0.558918691682798,0.7389734146124153,0.7389734146124153,0.413026054083541,0.026824453845620155,1449.784316481463,0.06807979566764327,1.244202103848378,3.668534713790901,4.876877916676373,5.0,4.912736817639279,4.200329305637208,28.7640133938336,1.8867675719522619,43,0.7389734146124153,
0.0,0.7830911867025607,10.521374702453613,1.0339612061465515,0.43656150236052343,0.43656150236052343,0.4513876575378374,0.029432281851768494,1959.7538630896597,0.09426405979105104,1.2885997581925999,3.6145096873692424,2.699412330543017,3.0,4.903109445561842,8.367038303926769,23.076366640612296,1.5879221485699824,44,0.43656150236052343,
0.0,0.7756983756695309,10.124156951904297,0.38943537665571915,1.3235636180749453,1.3235636180749453,0.5154424961328227,0.028423288837075233,1437.8315468110447,0.043793018206019683,1.3882793630701746,3.111799989123541,4.4052132762582294,4.0,4.5000793521937155,4.60089553689042,22.60121294566528,4.474778287638671,45,1.3235636180749453,
0.0,1.0532519280444383,19.49578857421875,0.021419052766872566,20.952317127069836,20.952317127069836,0.44877878613295663,0.024531487375497818,598.7252164591849,0.014698315427255755,1.4363036057021694,2.1974713645657693,4.7917311717555675,5.0,3.6337749702679387,7.522759118081564,25.691633969421257,0.42485683413798436,46,20.952317127069836,
0.0,0.8157538080595862,10.389055252075195,0.3728578283707071,1.5208307859334356,1.5208307859334356,0.5670536641624565,0.028632206842303276,1418.048142043364,0.03757907902946794,0.9070073840554774,2.175467888325719,3.7426225939766242,4.0,3.0824752723811963,7.670696594462865,20.00059768398765,2.9386520167129726,47,1.5208307859334356,
0.0,0.8863866199158521,15.499363899230957,0.952246571655393,0.5175745774371238,0.5175745774371238,0.4928586169404898,0.028633978217840195,2319.252215838167,0.0745891075244998,0.5717387790163824,9.722992193437703,2.4852509220147296,2.0,10.294730972454085,3.0013651656451996,23.59082711055337,1.4429449191120391,48,0.5175745774371238,ood:cond:pp:2319.25 outside [505.725,2097.14]
0.0,0.7905030462834591,10.223203659057617,0.22657723223024556,2.268106769299561,2.268106769299561,0.5139013541905786,0.02785174362361431,1279.9911962601027,0.029666442116249254,0.7338262551370293,4.062231351200895,4.340285910885897,4.0,4.796057606337924,4.7383764037308795,23.922606829082575,1.8862315296059555,49,2.268106769299561,
0.0,0.7295693964739249,11.08621883392334,0.7106184885921222,0.614758658834093,0.614758658834093,0.43685886898960324,0.029513580724596977,2429.816807615612,0.057767891910416765,1.133633635272202,4.272765581653585,4.499090453766258,4.0,5.406399216925788,4.125130242309338,25.75072711001249,4.037837589858133,50,0.614758658834093,ood:cond:pp:2429.82 outside [505.725,2097.14]
0.0,0.7329058432045201,8.131885528564453,0.2890806816451704,1.6157418515053967,1.6157418515053967,0.46707975579580985,0.026366082951426506,1523.4293234555294,0.035809747537898076,0.9482770328317621,5.309494818157809,3.064942369828896,3.0,6.257771850989571,8.085897938682347,26.85921349165106,4.663087798320966,51,1.6157418515053967,
0.0,0.7547675149108677,9.695002555847168,0.5604532225351806,0.9087300109219247,0.9087300109219247,0.5093006630356226,0.0262229535728693,1217.522058390583,0.06305462492527154,1.0536037576432848,11.32187197072157,2.171684188812743,2.0,12.375475728364854,2.4792148201470843,27.230166276876794,0.7074757247557828,52,0.9087300109219247,
0.0,0.7723489795828703,11.303853988647461,0.656885711877678,0.7055359314649221,0.7055359314649221,0.46345647259561595,0.027637308463454247,2095.242434902675,0.053104252400640595,1.2411295302072678,8.039138807931028,2.4740868878014743,2.0,9.280268338138296,6.9454006125430565,25.50593728881965,0.41125287914653585,53,0.7055359314649221,
0.0,0.7018321670631975,10.294675827026367,0.2892870008373752,1.883877652716305,1.883877652716305,0.5449813160988541,0.018167831003665924,2919.634276978957,0.0156507459845033,1.469148934250561,9.760128783475398,2.0060670144240413,2.0,11.22927771772596,3.469379413319176,25.9279348487711,4.483747891266873,54,1.883877652716305,ood:cond:pp:2919.63 outside [505.725,2097.14]
0.0,0.6952371513967326,9.155851364135742,0.6260822666768167,0.7070483667203779,0.7070483667203779,0.4426704440864353,0.023985106498003006,2874.149660406237,0.0411582513094149,0.6099961775636165,3.4885295311897315,4.668392737563925,5.0,4.098525708753348,9.238677813314737,29.73130635708148,1.39455137953761,55,0.7070483667203779,ood:cond:pp:2874.15 outside [505.725,2097.14]
0.0,0.7283697083362505,8.008355140686035,0.15727670220980056,2.8183890820216644,2.8183890820216644,0.44326694036447445,0.022595848888158798,570.390334404819,0.0501049299822792,1.430089224734673,4.536425252949968,4.4762308877212185,4.0,5.966514477684641,6.083764048201871,29.949821958940436,1.1926960848546426,56,2.8183890820216644,
0.0,0.7192255181892102,7.2752580642700195,0.21789592146616787,1.9740595507584335,1.9740595507584335,0.4301395248415983,0.023636601865291595,778.4877579693596,0.04909565078618806,1.4019927845820674,6.262266958501101,2.9808779593174632,3.0,7.664259743083169,6.480252567592387,29.473031796841894,0.5664394673160439,57,1.9740595507584335,
0.0,0.6356225682294341,8.529269218444824,0.33399654990538746,1.5437737066212804,1.5437737066212804,0.5156150918461595,0.018303783610463142,2870.7732285425604,0.015987862576475022,0.5671633949978805,3.666307910627797,3.5052255647825903,4.0,4.233471305625677,8.730962190309814,25.664847412812524,0.18750696295080027,58,1.5437737066212804,ood:cond:pp:2870.77 outside [505.725,2097.14]
0.0,0.700637968885487,10.81482982635498,0.1632981572307893,2.710571246193036,2.710571246193036,0.4426312895460869,0.02357255481183529,1951.0037488735848,0.017542492945724426,0.6885158447398432,3.4621641594501487,5.17206619491473,5.0,4.150680004189992,6.697053622241023,27.450453643190983,0.2454044154449364,59,2.710571246193036,
0.0,0.7388857416807559,6.5106611251831055,0.6651242740935686,0.702629250845917,0.702629250845917,0.46733577042579844,0.027412353083491325,1055.8688569509873,0.0984786031597667,1.4355295076887808,2.9337811841797556,3.9170436972281224,4.0,4.369310691868536,8.997294388044393,26.47453715551854,4.636978078008951,60,0.702629250845917,
0.0,0.7991227968555202,11.466383934020996,0.6822220893055223,0.7064608015460501,0.7064608015460501,0.4819631640432003,0.028280114755034447,1800.379029536044,0.06346564498376017,1.0111158555186162,8.247689249315908,2.252941393235084,2.0,9.258805104834524,6.507006081410633,25.02461629107968,2.2294470482933626,61,0.7064608015460501,
0.0,0.7195918774001053,8.430723190307617,0.33584465466428864,1.396120477544385,1.396120477544385,0.46887959965063575,0.026370873674750328,1087.2907952686314,0.05248561107240578,1.3631455138616824,4.643294212650544,3.692491377391905,4.0,6.006439726512227,2.4616510514916383,26.487409957540546,4.441110137789644,62,1.396120477544385,
0.0,0.7622838164202036,8.866188049316406,0.4137856971964243,1.2316706096921637,1.2316706096921637,0.509647681947817,0.027738718315958977,1643.364492194405,0.04093672884518461,1.024659045029957,3.50737252641788,2.8285889796789525,3.0,4.532031571447837,9.643239812851029,23.23933452719454,3.5218043227630016,63,1.2316706096921637,
0.0,0.7497978048055468,10.264716148376465,0.8972136883659221,0.518133966929673,0.518133966929673,0.46487688753663853,0.029680103063583374,1728.1570498788205,0.08612187094073738,1.3956242895343594,3.7736850349315465,4.241551336658793,4.0,5.169309324465906,3.2383429093585114,23.915580207222135,1.0872476650979879,64,0.518133966929673,
0.0,0.7378737664373637,8.838214874267578,0.25292445815298953,1.7185333911439185,1.7185333911439185,0.4346591267728952,0.026801245287060738,1589.7904848181247,0.028752076461565145,0.5964736919310171,3.7445742755247284,4.733028583347242,5.0,4.341047967455745,5.448095363184329,27.153335200463054,0.26265415868391484,65,1.7185333911439185,
0.0,0.8333945436024658,16.6697998046875,1.1614108684777171,0.38235612035210415,0.38235612035210415,0.4440725538059078,0.02653760462999344,2470.5978894993664,0.09237834375030432,0.5535697686692798,1.8883974896986744,4.837698227941646,5.0,2.441967258367954,8.867346640115603,21.077182931955374,0.021715951007560963,66,0.38235612035210415,ood:cond:pp:2470.6 outside [505.725,2097.14]
0.0,0.7135462792519545,7.771937847137451,0.2840644337114209,1.6968112125851893,1.6968112125851893,0.48200371621820126,0.02463865466415882,1069.5503118629247,0.046436917754406434,0.8931892454982416,7.724169033850249,2.176134211169423,2.0,8.61735827934849,9.847443548082968,27.08216010677995,4.744950108150409,67,1.6968112125851893,
0.0,0.7316335105997166,8.524981498718262,0.6322244002436,0.6432419620256945,0.6432419620256945,0.40667326365321127,0.02628624439239502,1562.8702118650713,0.06963880585905788,0.9068817515072756,9.205451320638172,2.484855898657101,2.0,10.112333072145448,9.640213809588719,29.864879953879615,0.10647492235912603,68,0.6432419620256945,
0.0,0.7449408797891051,12.16535758972168,0.6936320741892685,0.7076704303410323,0.7076704303410323,0.49086290843986247,0.029339781031012535,2496.9443877005215,0.04999348058560043,0.6818666887552529,2.469472970674155,5.74724897225618,6.0,3.1513396594294076,4.3710536677525615,23.27909162432901,4.87383568786988,69,0.7076704303410323,ood:cond:pp:2496.94 outside [505.725,2097.14]
0.0,0.7408505840778499,8.701881408691406,0.879221811992953,0.512801458885097,0.512801458885097,0.45086622787358477,0.028788607567548752,1493.4417437102325,0.0963587459065539,0.5006367229449743,5.889124436301088,2.5361657746611903,3.0,6.389761159246063,6.551552862612794,25.72083634035098,2.557663447397438,70,0.512801458885097,
0.0,0.7962193068468355,13.534036636352539,0.8903863616590905,0.5549628078935167,0.5549628078935167,0.49413131537642113,0.0287126787006855,2451.0628580067046,0.06489060053840089,0.9818853224696866,5.899963617682391,2.8894864399063556,3.0,6.881848940152078,2.4282675755472107,23.073814396003442,0.7087213069046977,71,0.5549628078935167,ood:cond:pp:2451.06 outside [505.725,2097.14]
0.0,0.7032627723642552,8.971569061279297,0.786917167823042,0.4762936357026326,0.4762936357026326,0.3748036388592554,0.02836100570857525,2077.9144621195096,0.07867774598985838,1.2863202187216305,3.6570210647680805,5.249919354943655,5.0,4.943341283489711,4.928851125275246,29.6455575427238,2.962668627723677,72,0.4762936357026326,
0.0,0.8165926701056153,17.079265594482422,0.9990528552319639,0.34662092398967426,0.34662092398967426,0.34629262379502557,0.027295947074890137,2532.0224202654745,0.09766444076164106,1.2229762799574713,2.6185546544266165,5.0849921427638485,5.0,3.8415309343840875,8.401826649398073,27.60948132131851,4.643637019568208,73,0.34662092398967426,ood:cond:pp:2532.02 outside [505.725,2097.14]
0.0,0.701471814928819,8.444426536560059,0.42828139613284905,1.0059343951114752,1.0059343951114752,0.43082298715639555,0.02633475326001644,1261.6822995837747,0.058244081774906475,0.8438857699716219,5.274229465262354,4.451951899347149,4.0,6.118115235233976,4.1705962529596246,28.64305719389553,2.297632606250402,74,1.0059343951114752,
0.0,0.6960000956145758,10.720544815063477,0.6031576250081563,0.8044909826750888,0.8044909826750888,0.48523487045078434,0.025507112964987755,2974.9647716809623,0.031202225218144173,1.2780082178713252,4.632765478732457,3.3945119332476072,3.0,5.9107736966037825,6.933342820226069,24.665663910037416,0.5231990965354216,75,0.8044909826750888,ood:cond:pp:2974.96 outside [505.725,2097.14]
0.0,0.8670067451160242,15.617732048034668,1.0057307865889467,0.4397406465614478,0.4397406465614478,0.4422607063613769,0.02980509214103222,2195.1763531152787,0.0949849644581191,0.7436321221615463,11.476130309057009,2.4467538258231505,2.0,12.219762431218555,2.5485433418232484,26.988068204260358,4.8316189913401235,76,0.4397406465614478,ood:cond:pp:2195.18 outside [505.725,2097.14]
0.0,0.8543763767477635,12.044085502624512,0.05834109310089827,7.966111867056072,7.966111867056072,0.4647516740880889,0.027144964784383774,796.5158083961467,0.02026741943299154,1.290458809170545,3.1005659190037917,3.578551814192455,4.0,4.391024728174337,9.299263043171772,26.863361955869117,3.8925289641574827,77,7.966111867056072,
0.0,0.7016459659711946,9.737323760986328,0.6982160917415229,0.6816528280250553,0.6816528280250553,0.4759409735082105,0.025744669139385223,2853.5337234964595,0.0416721575271249,0.6130106862015745,4.685615561014279,2.599272647058941,3.0,5.298626247215854,9.426400062786481,25.322278804434042,1.101697802658304,78,0.6816528280250553,ood:cond:pp:2853.53 outside [505.725,2097.14]
0.0,0.7052504416758045,11.636641502380371,0.4204711051177763,1.3291900845928564,1.3291900845928564,0.5588860237803489,0.02113846316933632,2991.0382984813346,0.018762047751535876,0.6114482229472907,6.6942914632031645,2.7387031003811857,3.0,7.3057396861504555,2.3579213446884975,24.275140403139865,1.7641487120882104,79,1.3291900845928564,ood:cond:pp:2991.04 outside [505.725,2097.14]
0.0,0.6336029060434458,10.012845039367676,0.3208325630206408,1.433777392357801,1.433777392357801,0.4600024755912042,0.020812321454286575,2607.532274765331,0.019788816065955925,0.6618128440035392,5.135923513751221,4.493618749392378,4.0,5.7977363577547605,5.051554207065525,28.242499638084567,0.47238119614209484,80,1.433777392357801,ood:cond:pp:2607.53 outside [505.725,2097.14]
0.0,0.7102715043145891,7.554417610168457,0.2181053672216543,2.0831709496445447,2.0831709496445447,0.45435076495770577,0.023298919200897217,645.1708828332754,0.054586041829432275,0.8544651278171344,4.900206192180838,3.6692207954172034,4.0,5.754671319997972,5.027957517627399,28.04664279761929,1.4623754774528068,81,2.0831709496445447,
0.0,0.8701078772889759,15.422830581665039,0.5214100256650064,1.1914674879762115,1.1914674879762115,0.6212430934846971,0.026199569925665855,2992.745742594704,0.023577684620473494,0.7548192670125028,4.9955974770651785,3.278176954800117,3.0,5.750416744077682,3.3107056699654995,20.561955902198545,3.8234745157955223,82,1.1914674879762115,ood:cond:pp:2992.75 outside [505.725,2097.14]
0.0,0.7587279769518664,33.52745056152344,0.07514937835765709,9.243636833794762,9.243636833794762,0.6946535618236179,0.025271685793995857,2537.3122600155766,0.005940766957302257,0.7222909096169147,2.4689117997770405,4.759403132177249,5.0,3.1912027093939552,4.548304973824573,20.50431852079435,2.8504261746941157,83,9.243636833794762,ood:cond:pp:2537.31 outside [505.725,2097.14]
0.0,0.6937491503769948,8.572869300842285,0.4141705703395176,1.3367067574725413,1.3367067574725413,0.5536246001190896,0.021686837077140808,2961.2199586487563,0.01950760972431124,1.1897571259960424,1.2961837765214443,4.535893447608769,5.0,2.485940902517487,8.893526137693097,21.323230650280532,2.9385967289825214,84,1.3367067574725413,ood:cond:pp:2961.22 outside [505.725,2097.14]
0.0,0.6914875478709479,6.829777240753174,0.40260568463579616,1.1244848642178453,1.1244848642178453,0.45272399862101587,0.024532902985811234,1007.3373381533136,0.06248831909102683,0.6717983130819676,5.746647363102771,3.070883150772051,3.0,6.418445676184739,9.048425326427106,28.303762354981323,0.9339152497191766,85,1.1244848642178453,
0.0,0.7296981813831216,8.153157234191895,0.653743515779629,0.6576803922773039,0.6576803922773039,0.4299542919066902,0.0270302202552557,1916.1215815908527,0.0617972816746544,0.7842478905116647,4.041182910748184,4.333363218781589,4.0,4.825430801259849,9.347500578507868,28.649223783547264,1.5562506712442403,86,0.6576803922773039,
0.0,0.731424208700037,9.149441719055176,0.6081527856319464,0.783028174675874,0.783028174675874,0.47620076565743114,0.027608981356024742,1126.5105174799617,0.08070353311112775,1.3430467404685555,2.1760406300070914,5.22287432255701,5.0,3.519087370475647,6.096136813826431,23.691573666204665,3.272609369531438,87,0.783028174675874,
0.0,0.7319734640847937,8.317051887512207,0.21881219142179786,1.9879700929731938,1.9879700929731938,0.4349920925244598,0.02726178988814354,1326.5917266202143,0.0332567186234895,1.4402615411822681,2.7525391180254166,5.941873123800034,6.0,4.192800659207685,3.43948131657908,28.59628527182519,2.0770346496635588,88,1.9879700929731938,
0.0,0.7339205311483101,8.875677108764648,0.8605048448137113,0.5215097494823046,0.5215097494823046,0.44876166604710793,0.029751006513834,1693.4526439962533,0.08833633743292274,0.8412203835263957,3.5416229747294268,3.8354657799945224,4.0,4.382843358255823,7.089744659776617,24.621118092799907,3.446148837613449,89,0.5215097494823046,
0.0,0.8323905323903373,13.59111213684082,0.8031715586053897,0.6602483967115883,0.6602483967115883,0.530292733853556,0.028909962624311447,2474.969657747033,0.0541522159757687,1.1655588804362567,4.204998893152263,3.284022488643566,3.0,5.370557773588519,4.832797629764973,20.94447095053053,1.6882328393770552,90,0.6602483967115883,ood:cond:pp:2474.97 outside [505.725,2097.14]
0.0,0.8430561654551199,13.207500457763672,0.4165721787524197,1.461711613515258,1.461711613515258,0.6089083915497658,0.027697645127773285,2121.4308010504446,0.02826089221283244,1.3092486309639386,7.152206631599636,2.1786079094693487,2.0,8.461455262563575,4.854823074861053,21.777733599988203,2.4429846993649145,91,1.461711613515258,ood:cond:pp:2121.43 outside [505.725,2097.14]
0.0,0.7005679115546746,8.109092712402344,0.9346115313091329,0.41630568146910857,0.41630568146910857,0.38908409045053566,0.02881735749542713,1966.9279037631272,0.09288991454098428,1.3813805482092043,6.693334018369468,3.3823534774114483,3.0,8.074714566578672,4.648243882215533,28.87238758195155,2.049286457231052,92,0.41630568146910857,
0.0,0.665972434014436,10.037200927734375,0.2098177315559954,2.13849830419283,2.13849830419283,0.44869486312208257,0.02257033996284008,2232.3398086527513,0.01898053702653781,0.9092576791400183,7.222142544668993,2.601051982358095,3.0,8.131400223809012,5.526258040266535,29.92045871169357,2.584933220905406,93,2.13849830419283,ood:cond:pp:2232.34 outside [505.725,2097.14]
0.0,0.6422911455081537,12.7398681640625,0.09808696807642953,4.725865140764157,4.725865140764157,0.46354578319564504,0.017863119021058083,2364.3893299998554,0.010927329096026131,0.7578589459320235,4.551810834871937,4.346004189344578,4.0,5.30966978080396,8.501666416482296,29.740345539698133,3.2190037655677206,94,4.725865140764157,ood:cond:pp:2364.39 outside [505.725,2097.14]
0.0,0.7195226901122149,10.439574241638184,0.3397902755725689,1.5750674350390605,1.5750674350390605,0.5351925977973017,0.02583557739853859,2446.3559199351375,0.022191133952888284,1.204109631593327,1.9858934868144165,4.624354779733643,5.0,3.1900031184077435,5.694878033502968,21.644893625541684,4.164089225457633,95,1.5750674350390605,ood:cond:pp:2446.36 outside [505.725,2097.14]
0.0,0.9640537892903298,49.126808166503906,0.020042358135589532,28.41482336426928,28.41482336426928,0.569500066226202,0.03404615819454193,1981.8275764761052,0.005998531749168862,0.8289714478375436,3.812817977638056,3.348264834333366,3.0,4.6417894254756,7.373450722657964,21.298818999084762,3.9206035648612647,96,28.41482336426928,
0.0,0.9558073233985466,21.180931091308594,0.02021175966719773,25.452621793646028,25.452621793646028,0.5144422745932528,0.025421911850571632,615.6723319892259,0.01292394476271776,1.2087625966556743,2.594492727098573,3.753883586628854,4.0,3.8032553237542475,7.529872671505995,22.742893966522985,0.38103274993208536,97,25.452621793646028,
0.0,0.6623799147006477,9.45793342590332,0.452428727950932,0.9670681044632584,0.9670681044632584,0.437529392344231,0.024907197803258896,2695.233925621074,0.03228263185187936,1.3256015209933425,3.469330933483442,4.840276331910882,5.0,4.794932454476784,4.124326851745665,28.098989124129584,4.073362118788086,98,0.9670681044632584,ood:cond:pp:2695.23 outside [505.725,2097.14]
0.0,0.7204107055828343,8.994012832641602,0.8199412206103052,0.5142270393303829,0.5142270393303829,0.42163594629937756,0.029342718422412872,1812.6396474865137,0.08483955092072386,0.5796040920343163,3.5099798572130836,5.0561108398639085,5.0,4.0895839492474,5.89223528277378,26.34015502901078,4.090681195322829,99,0.5142270393303829,
0.0,0.7284073118305016,8.507899284362793,0.8436681656045414,0.5596864174953828,0.5596864174953828,0.4721896131621071,0.028313832357525826,1330.0141604048667,0.09219677050595498,1.41475007713415,2.5656190952749696,4.053193325076397,4.0,3.9803691724091195,7.689143861785893,23.61062055142237,0.29479629281963626,100,0.5596864174953828,
0.0,0.6823974386614894,10.148752212524414,0.39432756459751617,1.154629841501454,1.154629841501454,0.4553023734108844,0.02406628057360649,2530.8920994723944,0.025465176737640944,1.2551994364197891,7.1872491989574305,3.4191523313740664,3.0,8.44244863537722,3.1209106895405796,28.448256595672238,1.0236065970228285,101,1.154629841501454,ood:cond:pp:2530.89 outside [505.725,2097.14]
0.0,0.735764660747829,12.36297607421875,0.3067489587184897,2.0072935680268986,2.0072935680268986,0.6157352118345729,0.021057551726698875,2603.782243191799,0.01484628569323199,1.072171218296213,1.697002674156269,5.678486255336585,6.0,2.769173892452482,3.759222110305891,20.374265465020784,1.6726299514003702,102,2.0072935680268986,ood:cond:pp:2603.78 outside [505.725,2097.14]
0.0,0.6967512788791153,10.71240520477295,0.16683521788067948,2.6487147970348315,2.6487147970348315,0.44189891026708583,0.024570191279053688,2040.279269935891,0.01844391885828332,0.8913337667454874,4.116828512289062,4.7471231484817356,5.0,5.008162279034549,2.8965619905191646,27.937373385691906,2.9428311003591325,103,2.6487147970348315,
0.0,0.793532819631937,14.532631874084473,0.9832413489353372,0.4176532639114237,0.4176532639114237,0.4106539585955146,0.02894625812768936,2547.8861826705233,0.08389692997950936,0.5634405089114203,3.4159726804230646,5.1537296366972924,5.0,3.9794131893344846,5.12917671588529,25.026242662557713,2.9202286073160924,104,0.4176532639114237,ood:cond:pp:2547.89 outside [505.725,2097.14]
0.0,0.7817013205755358,11.586255073547363,0.819255211845053,0.6166509772881203,0.6166509772881203,0.505194527032638,0.028592776507139206,2366.4644418231755,0.05846547877520441,0.8986739686261941,3.2401066714850915,3.3129739812204946,3.0,4.138780640111285,8.826225766217345,21.2425676865512,1.7259802231066295,105,0.6166509772881203,ood:cond:pp:2366.46 outside [505.725,2097.14]
0.0,0.8457722399334328,17.208759307861328,0.06884245876334906,8.738689625228437,8.738689625228437,0.601592880170495,0.026990283280611038,1287.7226700857098,0.013511665308615514,0.6283634455809007,2.17512871791707,5.954421239154451,6.0,2.803492163497971,4.243644529279957,21.064597510267784,3.4306497869943833,106,8.738689625228437,
0.0,0.7700836918490057,12.41269302368164,0.7854331377645345,0.650888632703064,0.650888632703064,0.5112295011192352,0.02889137901365757,2240.5876780928634,0.05784225172183069,0.5785908335965279,2.7679369792961137,5.973878677266747,6.0,3.3465278128926417,2.6191812362775018,22.69834811363335,2.2462773368063367,107,0.650888632703064,ood:cond:pp:2240.59 outside [505.725,2097.14]
0.0,0.7062243841756679,7.703550815582275,0.48380807251451813,0.9663899462760874,0.9663899462760874,0.4675472572052426,0.02590457908809185,1190.6824856084197,0.06644411842498793,0.995632217773338,2.557633923847384,4.802459085814263,5.0,3.553266141620722,8.30672312655138,26.07305383465499,3.1372024548909474,108,0.9663899462760874,
0.0,0.891705985126247,26.26887321472168,0.0336283545984949,17.977139374802587,17.977139374802587,0.6045416175624263,0.027456315234303474,1249.8339314709235,0.009797160066370764,1.4009297212301328,3.303496797292243,4.097798829580707,4.0,4.704426518522376,3.195733768889883,22.013439842979388,1.3781732965718663,109,17.977139374802587,
0.0,0.7478124790510157,10.708516120910645,0.8767558371577093,0.4732333113000368,0.4732333113000368,0.41491006801977864,0.027156785130500793,2556.1498611553,0.07104540517168606,1.2678208014242398,2.1006764310495387,5.254460015391661,5.0,3.3684972324737785,9.117055882744557,25.959542045113448,2.4952715968346757,110,0.4732333113000368,ood:cond:pp:2556.15 outside [505.725,2097.14]
0.0,0.7440488113573585,9.723738670349121,0.637073088174522,0.7607378551719972,0.7607378551719972,0.48464561468568657,0.028138060122728348,1296.3816370310174,0.07537628668398458,0.5845035770984846,7.108454816540526,2.906528441254379,3.0,7.69295839363901,2.8669092800827674,25.945784460999796,3.057540745741079,111,0.7607378551719972,
0.0,0.6918022509610232,10.840983390808105,0.6495142951910738,0.7706185267048559,0.7706185267048559,0.5005277492338882,0.025560060515999794,2983.5754749823227,0.032800672177568116,0.7095051409828348,4.615725482702006,3.142704586987685,3.0,5.325230623684841,7.814892227802061,23.790584098856584,0.09853922156652706,112,0.7706185267048559,ood:cond:pp:2983.58 outside [505.725,2097.14]
0.0,0.8469702572138941,13.009629249572754,0.06768217668616917,7.141371589071705,7.141371589071705,0.48334357367313985,0.029246121644973755,922.1804983480886,0.019604044083693862,1.3739187196952605,1.752558079668641,5.941379187673368,6.0,3.1264767993639015,5.9036220273202495,24.66248282350366,3.354244496246473,113,7.141371589071705,
0.0,0.7547998754749775,12.483817100524902,0.959914807947452,0.48144334989472454,0.48144334989472454,0.46214460075177244,0.02799856849014759,2571.698462167922,0.06736684761769934,0.9566624752620377,2.0507679466230258,5.67741081824639,6.0,3.0074304218850636,5.138723539423346,23.183306070733728,0.06799152101858386,114,0.48144334989472454,ood:cond:pp:2571.7 outside [505.725,2097.14]
0.0,0.8055881904790128,12.963753700256348,0.08516340371272593,5.600095180704963,5.600095180704963,0.47692316670406765,0.02715395763516426,1301.4735089182832,0.017938770838570532,1.189967090899998,6.850446846019784,2.52890002348117,3.0,8.040413936919782,3.4649509071358366,27.586192717895184,4.693753450798505,115,5.600095180704963,
0.0,0.719741089531776,8.646147727966309,0.39121418725667184,1.1618277220027151,1.1618277220027151,0.4545234879955627,0.026814399287104607,1359.4004251822766,0.05091015623219561,1.2309351557216064,6.035069123102646,2.893768420674116,3.0,7.266004278824252,5.142339949826125,26.940352786298885,4.531931431434452,116,1.1618277220027151,
0.0,0.8688792740836441,18.467897415161133,1.1639118472279617,0.3878390388166545,0.3878390388166545,0.45141045209620945,0.026331748813390732,2488.554884617809,0.09658885003412557,0.9145882354396464,2.5678522934662498,2.733097909265813,3.0,3.482440528905896,9.988716698584579,20.436038285302267,1.7130539946098726,117,0.3878390388166545,ood:cond:pp:2488.55 outside [505.725,2097.14]
0.0,0.740836074253508,7.900288105010986,0.16598032372164342,2.871665783473906,2.871665783473906,0.47664001636136566,0.022889703512191772,581.4631972487591,0.04856775645516779,1.1364652674120026,2.929888826700925,5.458687605730823,5.0,4.066354094112928,6.157894938354506,26.489665408919144,1.9850262995333656,118,2.871665783473906,
0.0,0.9071787292806757,15.043986320495605,0.8395599973899993,0.6419649212988614,0.6419649212988614,0.5389680676501432,0.028820862993597984,2088.1915868806645,0.06498920545491693,1.335847156199859,6.544595351421801,2.345268949125926,2.0,7.88044250762166,5.177685135417493,20.938570150660812,1.588732758313371,119,0.6419649212988614,
0.0,0.7958095370733244,9.690434455871582,0.1843102087728647,2.8700601161555355,2.8700601161555355,0.528981379199299,0.026266947388648987,857.3177482011567,0.03488685790858064,1.1278860459460804,2.187889795056039,4.8307058770894615,5.0,3.3157758410021194,5.894233695106885,22.47311290011748,1.5841904916745109,120,2.8700601161555355,
0.0,0.7632688786548752,9.249174118041992,0.31816574047893514,1.701023540355205,1.701023540355205,0.5412074142892136,0.024416670203208923,651.3643723907172,0.059024416497129244,0.7704909701753682,3.024930893068141,4.680154042316309,5.0,3.7954218632435093,3.534896822197158,22.512006138414705,0.03898056849486964,121,1.701023540355205,
0.0,0.8439789638497468,15.713229179382324,0.9091012218065555,0.5212981295975778,0.5212981295975778,0.47391276654263015,0.03142217546701431,2309.2121460143594,0.07547195676248294,1.2297795467104087,2.2841763888266136,4.918042807141493,5.0,3.5139559355370222,4.1224917200957085,21.69227139778082,4.220252336172221,122,0.5212981295975778,ood:cond:pp:2309.21 outside [505.725,2097.14]
0.0,0.786954712627204,13.070326805114746,0.8392666441916611,0.6101449977268075,0.6101449977268075,0.5120743447125065,0.029346076771616936,2477.389351142141,0.05764488700063724,1.378934528420872,0.8458713675930642,5.956485583811441,6.0,2.2248058960139363,6.934576766672119,20.283412142755736,3.1377164742098964,123,0.6101449977268075,ood:cond:pp:2477.39 outside [505.725,2097.14]
0.0,1.0389316033118874,23.53141975402832,0.012369022061982078,34.75388678956252,34.75388678956252,0.42987159243972634,0.02447541430592537,661.0474912922517,0.012095813707936248,1.2656050652184834,1.8057198408478277,4.65586617186095,5.0,3.071324906066311,9.40866417924094,24.765288709572495,1.2259665524765373,124,34.75388678956252,
0.0,0.720948428610434,8.21560001373291,0.546914319931705,0.8388374862563461,0.8388374862563461,0.4587722333291105,0.02679912932217121,1294.3781411684442,0.07101441455299523,0.5563923143628624,2.617027225287173,5.734442658881743,6.0,3.1734195396500358,7.513377470800222,26.553894708700437,3.665216907433291,125,0.8388374862563461,
0.0,0.7540543041984689,9.944231986999512,0.8657950578550144,0.6050489317682533,0.6050489317682533,0.5238483748854095,0.028827665373682976,1526.7784894134916,0.07992830730360805,0.8402360933035405,1.2551952546910417,5.722568954227683,6.0,2.095431347994582,8.010955811651982,20.583543899619475,1.7048179014560993,126,0.6050489317682533,
0.0,0.743685665772922,10.05136489868164,0.5083562501359375,0.892487613706238,0.892487613706238,0.4537016565964743,0.028217051178216934,1711.7280053539444,0.0513949328159174,0.9385797893948054,7.031213937653568,2.71949216893557,3.0,7.969793727048374,3.112233542584349,27.02161472372947,2.7615582928906726,127,0.892487613706238,
0.0,0.7356995430530325,9.483017921447754,0.4021136247471562,1.3727958382188725,1.3727958382188725,0.5520199105440015,0.026508256793022156,2429.5654908638226,0.02541069273647638,0.7187388685506969,1.6527199003701623,4.809225327401957,5.0,2.371458768920859,8.545409694380584,20.40270353898488,4.787062189038159,128,1.3727958382188725,ood:cond:pp:2429.57 outside [505.725,2097.14]
0.0,0.8239749765812157,13.819442749023438,0.9810423554168388,0.4758447864896074,0.4758447864896074,0.4668238901505872,0.03025336004793644,2252.7703873428313,0.08150578847455445,1.21833470584804,3.9652568177167806,4.231490966244144,4.0,5.183591523564821,2.27002321934697,23.004389313606254,1.4532020459369888,129,0.4758447864896074,ood:cond:pp:2252.77 outside [505.725,2097.14]
0.0,1.1047767200908567,58.25701141357422,0.005567426312510875,96.61347685128723,96.61347685128723,0.5378884131650169,0.03408586606383324,791.6911063534621,0.008446628222945092,0.8748414986284021,7.65757953991937,2.269014121347494,2.0,8.532421038547772,4.649320110658748,21.714162187754294,1.1336295323722885,130,96.61347685128723,
0.0,0.7332488293390168,11.326081275939941,0.6757570361267591,0.6704843511633852,0.6704843511633852,0.4530845179115423,0.029054315760731697,2507.1492242879876,0.05171727319137452,1.1632957234945902,6.370528691402192,2.6450701180015685,3.0,7.533824414896782,3.586531177253173,26.18800442194352,3.7028767301896375,131,0.6704843511633852,ood:cond:pp:2507.15 outside [505.725,2097.14]
0.0,0.7661892642792796,12.138154983520508,0.8098313423015856,0.524710930875072,0.524710930875072,0.42492735747087407,0.02751067467033863,2529.7762349870186,0.0651471063762038,1.1182381493838225,8.665352263892576,2.022553506574202,2.0,9.783590413276398,7.002054647313122,26.56923547386592,2.140935014109846,132,0.524710930875072,ood:cond:pp:2529.78 outside [505.725,2097.14]
0.0,0.7226530651958187,6.975574970245361,0.4090954444613611,1.2255062810021264,1.2255062810021264,0.5013490367167546,0.024528829380869865,726.7875816538948,0.08100127168146137,0.5242675850954877,2.1819489602904176,5.90641811470848,6.0,2.7062165453859053,8.989104254129066,25.226403526444496,4.4563967257515635,133,1.2255062810021264,
0.0,0.7487463499582713,8.193591117858887,0.22939350109837528,2.162704774627916,2.162704774627916,0.49611042009407036,0.0245855450630188,765.3889344913133,0.048573110610153486,1.3792691719315089,4.604195129546894,3.2133591520214044,3.0,5.983464301478403,7.156024517454246,25.106417421889454,3.648791549309267,134,2.162704774627916,
0.0,0.7125486481405084,8.525785446166992,0.6724342470148118,0.6899231876281556,0.6899231876281556,0.46392797917079753,0.026774536818265915,1469.8314139089305,0.06930010096397708,0.7545589445521268,2.432280316734003,4.799909332920755,5.0,3.18683926128613,8.460026591108399,24.39422289753905,0.5983821837642034,135,0.6899231876281556,
0.0,0.8100798021872719,11.686357498168945,0.6132418790917198,0.8634516214526542,0.8634516214526542,0.529504694844418,0.028539737686514854,1744.71923144416,0.05632599089931784,0.7926900534870167,9.73661527517296,2.4447760892015773,2.0,10.529305328659976,3.6211651752872074,24.67977583260716,3.4754556315499254,136,0.8634516214526542,
0.0,0.7593664580451903,10.618010520935059,0.5592692405985602,0.9810424517612141,0.9810424517612141,0.5486668669914438,0.026855209842324257,2505.932445424565,0.02952795206204663,1.0713293452216908,1.2914867204597225,5.730808712705237,6.0,2.3628160656814132,6.547589397013537,20.724485791102015,0.2447891466707086,137,0.9810424517612141,ood:cond:pp:2505.93 outside [505.725,2097.14]
0.0,0.7080400024566277,10.688338279724121,0.37386787823259454,1.4664743682670465,1.4664743682670465,0.5482676605464851,0.022842973470687866,2854.0471139023007,0.019980977649813107,0.9151137906649577,3.414895030576971,4.218879369259746,4.0,4.330008821241929,5.245734634031695,22.56576991899941,4.591897231593702,138,1.4664743682670465,ood:cond:pp:2854.05 outside [505.725,2097.14]
0.0,0.7315675001558586,12.568280220031738,0.7558031733257933,0.6027195327524536,0.6027195327524536,0.45553733547974384,0.028374750167131424,2878.960081817694,0.05383933892644421,1.4528857077572552,5.7060880219320556,3.3025681980173354,3.0,7.158973729689311,3.918927043575091,25.395848232643026,4.997905727396488,139,0.6027195327524536,ood:cond:pp:2878.96 outside [505.725,2097.14]
0.0,0.6979529226073369,7.814491271972656,0.34789918736542186,1.2981574396851125,1.2981574396851125,0.45162791833882726,0.025108836591243744,970.4579426535731,0.061749611366047556,1.0978438480922748,3.169960359540733,5.087387933355597,5.0,4.267804207633008,5.83743384819987,27.17645488636491,4.149057210643148,140,1.2981574396851125,
0.0,0.7804018581939421,10.136314392089844,0.8652093709898427,0.5544429501636949,0.5544429501636949,0.4797092361608832,0.03019791841506958,1432.1006634431494,0.09671780077708439,1.098405367724059,3.885162409580847,3.9551353540286973,4.0,4.983567777304906,3.9006383065585633,23.834909415778185,3.2260102356531806,141,0.5544429501636949,
0.0,0.7647198812095093,10.371119499206543,0.2718116531091633,1.8476052503888882,1.8476052503888882,0.5022006374013732,0.028292344883084297,1760.3824117253303,0.02620880944052517,1.1034079257801919,2.3301915055515425,4.721240327801002,5.0,3.4335994313317344,5.67909391648032,22.84709107313899,2.361867539009709,142,1.8476052503888882,
0.0,0.7884201609847953,9.309812545776367,0.3292073006612002,1.6645767557355828,1.6645767557355828,0.5479908204990892,0.026711480692029,1094.120026718569,0.04546884601802522,1.4543767330382686,3.3331030412872438,2.955598894977961,3.0,4.787479774325512,7.549395487948153,21.91183481092469,4.655933362891862,143,1.6645767557355828,
0.0,0.8382768092422529,17.33261489868164,0.031059783033500446,13.113820331603248,13.113820331603248,0.4073124142399038,0.02496042288839817,1061.973130510935,0.012740264979655937,1.3618523614451097,3.011779837307158,5.601944239298675,6.0,4.373632198752268,3.0997605724825004,29.341553764996107,0.5559770933820396,144,13.113820331603248,
0.0,0.7510189891670155,9.199902534484863,0.9187572726580682,0.4972666674797781,0.4972666674797781,0.4568673671974874,0.029293643310666084,1887.2382143145937,0.08812178118010716,0.5503671939882864,2.1937968538758192,5.2950073074663475,5.0,2.7441640478641056,9.740832227527939,23.461652466848467,4.258573406214654,145,0.4972666674797781,
0.0,0.7010036857869141,7.371893405914307,0.7953712589990648,0.534305152835037,0.534305152835037,0.4249709621000911,0.027262024581432343,1591.9799846640085,0.08248568951129577,1.116453341412162,5.213370017857857,3.0609336260441458,3.0,6.329823359270019,8.161400862589232,27.15087094039929,0.34277029206768284,146,0.534305152835037,
0.0,0.7068678045766925,10.033232688903809,0.7900290498510124,0.494484360137259,0.494484360137259,0.39065700920542457,0.02707395888864994,2611.1123844981425,0.06380970080201334,0.6552440580725866,5.121079848112553,3.5234112897217105,4.0,5.776323906185139,6.083974684974953,29.18927030971551,2.081493721116182,147,0.494484360137259,ood:cond:pp:2611.11 outside [505.725,2097.14]
0.0,0.7406388812465509,7.800568580627441,0.5813302711138177,0.8084397351984398,0.8084397351984398,0.46997049044209205,0.02652069553732872,1753.5777436164026,0.05991695936449259,0.762727239425148,2.2311109611193096,5.967366689844848,6.0,2.9938382005444577,9.746074834120126,27.709104037386872,3.4190360757184006,148,0.8084397351984398,
0.0,0.8249744080701522,15.43039608001709,0.9744629787719947,0.4364293478071235,0.4364293478071235,0.4252842422876485,0.0288163460791111,2709.3174465240577,0.07946779721765934,0.8047198257117045,5.365901850380851,2.8193274249557585,3.0,6.170621676092556,6.3802574098488325,24.892122438126503,3.6472790953611196,149,0.4364293478071235,ood:cond:pp:2709.32 outside [505.725,2097.14]
0.0,0.7759890613709701,9.722650527954102,0.12879430544076387,3.379002580692686,3.379002580692686,0.4351962904628632,0.02715170383453369,1242.6482031500664,0.02349606114868159,1.3238247529696339,5.618273831637666,2.6511028121230713,3.0,6.9420985846073,8.759917413190198,29.586213167012097,1.1982977369768921,150,3.379002580692686,
0.0,0.723748962194357,7.779041290283203,0.2377467776007569,1.9566573541323904,1.9566573541323904,0.4651889808137989,0.023291727527976036,638.9796496020172,0.055456030998395994,0.6050194995839131,6.916637638556843,2.508225561924007,3.0,7.521657138140756,4.897965747110622,27.46293716153289,1.0355508779603433,151,1.9566573541323904,
0.0,0.7155508111040944,7.168206691741943,0.32949453667050915,1.558305595028011,1.558305595028011,0.5134531800248165,0.025210626423358917,952.0907455486598,0.05386208778934839,1.0590691953527052,2.398888350982182,3.9324827689233968,4.0,3.457957546334887,9.870548368905418,23.702378554244966,4.885880210837445,152,1.558305595028011,
0.0,0.8406523045737218,18.655614852905273,1.0047656300976575,0.40579111300804055,0.40579111300804055,0.4077249633495536,0.02820478565990925,2620.863899265842,0.08879904718440954,1.4439231491524183,1.8522962580274638,5.061752739722224,5.0,3.296219407179882,7.208201735475816,23.689298771375228,4.864373190207734,153,0.40579111300804055,ood:cond:pp:2620.86 outside [505.725,2097.14]
0.0,0.8846468543415668,20.793254852294922,1.1021310247515061,0.4049102178764522,0.4049102178764522,0.4462641133605299,0.027128497138619423,2512.6892778427627,0.09559305607784274,1.234633523625226,2.292856328349522,3.8023340187794195,4.0,3.5274898519747477,6.7801656342402845,20.890125042139275,3.497222803338906,154,0.4049102178764522,ood:cond:pp:2512.69 outside [505.725,2097.14]
0.0,0.7434922889105168,9.253375053405762,0.6054772630880658,0.8382434530222265,0.8382434530222265,0.5075373517373873,0.027485117316246033,1246.2820696602103,0.06973457399201576,0.6904153193351793,2.0625680207586417,4.84026714363032,5.0,2.752983340093821,8.363296529010999,22.128213229480103,2.881838480423945,155,0.8382434530222265,
0.0,0.8166224663735857,14.229782104492188,0.8949660292102573,0.5053077861408439,0.5053077861408439,0.45223330289149694,0.028000524267554283,2538.6938216093886,0.0683620632070786,1.211562966535292,9.429285894877742,2.096345249017858,2.0,10.640848861413033,3.9090419527008997,25.190739675526967,1.0384649317035293,156,0.5053077861408439,ood:cond:pp:2538.69 outside [505.725,2097.14]
0.0,0.6855809567214396,24.04410171508789,0.04725385365916654,10.538817652583418,10.538817652583418,0.4979997470958179,0.020362991839647293,2192.3458967630863,0.008450024217963124,0.73851754639614,5.059902575495308,3.5841737685862745,4.0,5.798420121891448,4.090877982149436,27.28455846971523,3.3588510084391956,157,10.538817652583418,ood:cond:pp:2192.35 outside [505.725,2097.14]
0.0,0.7312594643968228,8.203935623168945,0.3032196465080366,1.544944146766719,1.544944146766719,0.4684574180572648,0.02739695832133293,1869.957578010195,0.030874623231589852,1.3613667061107857,1.7535846828941009,5.778809257360366,6.0,3.1149513890048866,6.7636014377084654,25.453309771737786,4.6573340040344196,158,1.544944146766719,
0.0,0.9253377212909826,12.80854606628418,1.0471258047502012,0.4925288412912805,0.4925288412912805,0.5157396592998162,0.02920594997704029,1637.141328540462,0.09905805808365098,0.9281493276230777,5.526623036308174,2.416256519431716,2.0,6.4547723639312515,8.087422441157077,20.99696716901958,0.6820604111650208,159,0.4925288412912805,
0.0,0.8993717445215138,14.6773681640625,1.0109206097614025,0.48485891023232597,0.48485891023232597,0.4901538651803121,0.0306946262717247,1888.3968056311314,0.0980925788095989,0.682700224114613,5.441241285867711,3.4799124694965626,3.0,6.123941509982323,4.249883689986904,22.621708219933875,4.912611870874169,160,0.48485891023232597,
0.0,0.7719874485717819,15.049725532531738,0.08052030430976358,6.130916512680091,6.130916512680091,0.49366326329875543,0.02492775395512581,1677.9487078198613,0.013691142160222089,1.3916809252955802,6.26982819425122,3.170954879803491,3.0,7.661509119546801,3.233554273114504,26.218081631754906,3.5846909668454514,161,6.130916512680091,
0.0,0.6679163724061946,7.933129787445068,0.512404096069774,1.0159156960967635,1.0159156960967635,0.5205593639415573,0.024027369916439056,2890.769710701503,0.028521519216368398,1.4067536260788949,1.4015061985714523,4.951688950300715,5.0,2.808259824650347,9.804843048778793,23.84614217203053,3.3947986618335486,162,1.0159156960967635,ood:cond:pp:2890.77 outside [505.725,2097.14]
0.0,0.7602655290361879,13.973272323608398,0.9537690040672511,0.4254229633714327,0.4254229633714327,0.40575523608211,0.027178971096873283,2978.4241580209864,0.06988349260727252,0.566615956983072,4.846064232597441,4.062328934034486,4.0,5.412680189580513,4.734091668632359,26.38481242695441,0.9209517567197156,163,0.4254229633714327,ood:cond:pp:2978.42 outside [505.725,2097.14]
0.0,0.8183810624335333,15.560304641723633,0.0796000411890728,6.595879371138948,6.595879371138948,0.5250322696208158,0.027259383350610733,1401.8211478365738,0.01449724474055943,1.3389937515112607,1.875866716833614,4.197411728801022,4.0,3.2148604683448747,8.83239590878058,21.69183778216008,2.907214217804404,164,6.595879371138948,
0.0,0.7560191691406247,10.694267272949219,0.5296152492006873,0.9023588652862985,0.9023588652862985,0.47790301530705237,0.028466278687119484,1809.2844135844698,0.0461316055466847,1.4410640621155395,6.166105458112314,3.157858797167828,3.0,7.6071695202278535,2.5690927118220657,25.390601272505627,0.20656662188201447,165,0.9023588652862985,
0.0,0.7967458020925344,10.255887985229492,0.6866587505709376,0.7972880759954241,0.7972880759954241,0.5474648341081246,0.028984978795051575,1354.989657523688,0.06942020074284773,0.9690128486002738,2.0752154273054995,4.077145528727065,4.0,3.0442282759057733,7.88262160052248,20.059534704145573,2.366360045936693,166,0.7972880759954241,
0.0,0.7204716307200533,9.020204544067383,0.4587423127324532,1.0308980315236649,1.0308980315236649,0.4729165471724994,0.026160502806305885,962.4677513989589,0.06937302432576442,0.7663966309214757,4.873458386392022,4.325766934311633,4.0,5.639855017313497,3.4713082171531173,26.030728286407104,1.4357165061598531,167,1.0308980315236649,
0.0,0.7835274152855933,11.527406692504883,0.7822790471322618,0.6756927241539017,0.6756927241539017,0.5285802604053165,0.029523849487304688,1743.0664998647658,0.06670057504667427,1.2036539047606625,1.2042881249002182,5.975332871254388,6.0,2.4079420296608807,6.0781633611154975,20.52581553908078,2.252692661161028,168,0.6756927241539017,
0.0,0.8320435083512446,21.753494262695312,1.0786525056006264,0.3200264791840234,0.3200264791840234,0.34519736363039355,0.024262987077236176,2948.6734810702033,0.09890606778048644,1.3189305085473064,6.654677461832769,2.5325594909730174,3.0,7.973607970380075,3.899137089579389,27.819961000719616,4.107576063398673,169,0.3200264791840234,ood:cond:pp:2948.67 outside [505.725,2097.14]
0.0,0.7371774966249808,8.58395004272461,0.2806866748591687,1.7823246273081976,1.7823246273081976,0.5002747731587451,0.024187106639146805,670.0231617446696,0.057127313111289164,0.9518022760844609,2.929344125125657,4.782674599987505,5.0,3.881146401210118,4.48158037816586,23.887312384216447,0.5829665364519809,170,1.7823246273081976,
0.0,0.8666293499001718,10.443465232849121,0.1257226354345651,3.9572717603556273,3.9572717603556273,0.4975186348426902,0.026240607723593712,762.5405503814901,0.03094089120392214,1.3797083825328356,4.944469995341259,3.3417735088859253,3.0,6.3241783778740945,6.527121105393586,25.49965623901587,1.5909189033954392,171,3.9572717603556273,
0.0,0.787860698095167,10.675375938415527,0.521034464242991,1.0805068289985875,1.0805068289985875,0.5629812967581722,0.02724740281701088,878.1513825424151,0.06929579570841408,1.0456651677053213,1.7906946296130504,5.6098926605996215,6.0,2.8363597973183716,4.072779858401794,21.090938642312025,0.7799022936960992,172,1.0805068289985875,
0.0,0.7079759693690529,6.980459213256836,0.32817070899580225,1.5600931640901508,1.5600931640901508,0.5119768797589692,0.023898035287857056,802.383495965817,0.058882970710069565,1.030482620696843,1.9213740321747097,4.578452806721082,5.0,2.9518566528715526,9.780114074275804,24.539397338633567,1.1053236533268052,173,1.5600931640901508,
0.0,0.8723328678195157,13.74252986907959,0.1045501945945799,5.381283979545212,5.381283979545212,0.5626142872301472,0.02847783826291561,994.7952911531121,0.02025850607755588,0.9473348277637882,2.9960077627842767,3.6668168530314507,4.0,3.943342590548065,6.201825736422388,21.97519609861465,1.4730508457257345,174,5.381283979545212,
0.0,0.7802608034162598,10.971906661987305,0.6539474220806055,0.760604172182169,0.760604172182169,0.49739513762228243,0.028948988765478134,1702.636504188777,0.06156034311822791,0.5339798968757933,6.211888701198483,2.757933919877554,3.0,6.745868598074277,4.016714032117831,24.254319826340662,2.543308203812577,175,0.760604172182169,
0.0,0.7876580771159549,9.429837226867676,0.10777878749157187,4.4495905361729235,4.4495905361729235,0.47957147282269086,0.026419488713145256,981.9168760933421,0.026079682647836954,0.7245173325861421,3.025227083458609,5.137810791512725,5.0,3.7497444160447513,8.771729932459806,27.520452012683563,4.715084781165453,176,4.4495905361729235,
0.0,2.5459030175444917,131.11578369140625,0.0037296310349468212,547.6910822256112,547.6910822256112,2.042685657832251,0.06510050594806671,1620.3582979277926,0.0036443085926575465,1.1926161663640018,10.055472265009016,2.077505030778942,2.0,11.248088431373018,7.393228093693154,29.88940495643919,0.06365737281426087,177,547.6910822256112,
0.0,0.7349421008632626,10.57806396484375,0.5703121261717815,0.760978434562352,0.760978434562352,0.4339952289861289,0.02813250571489334,2216.9176762483567,0.04534858608392867,0.7526903165737041,4.665997154050684,4.2543903971795265,4.0,5.418687470624389,5.076380104497571,26.751129986995124,1.1871080697693048,178,0.760978434562352,ood:cond:pp:2216.92 outside [505.725,2097.14]
0.0,0.7464088785379018,8.945893287658691,0.44302273419318355,1.098264478091177,1.098264478091177,0.48655613195120295,0.025215961039066315,2427.6095266036186,0.03430594061032213,1.4998518673480628,3.3478309122597616,4.325893024203246,4.0,4.847682779607824,9.800648122232039,29.191379240663338,4.1894602335995526,179,1.098264478091177,ood:cond:pp:2427.61 outside [505.725,2097.14]
0.0,0.7818988464155558,11.591612815856934,0.7078879113469778,0.7190830508596175,0.7190830508596175,0.5090301989580273,0.029302097856998444,1818.3295587439588,0.059427401462371646,1.205237887750446,3.6547625556292607,4.405206002328183,4.0,4.860000443379707,2.9392211481054114,22.379222921624237,0.24560904302276976,180,0.7190830508596175,
0.0,0.7312881853408867,8.212149620056152,0.8115312411640603,0.5620982253722049,0.5620982253722049,0.4561602704924211,0.028392381966114044,1332.0404714770202,0.09534741126146667,0.8692559578909759,2.7055038629901236,4.51789909863818,5.0,3.5747598208810993,6.7391349370749225,24.61293404148042,2.506021094039776,181,0.5620982253722049,
0.0,0.6704840459773603,8.736475944519043,0.4542060772233943,1.0107858672669123,1.0107858672669123,0.45910508368415076,0.022853679955005646,2927.9918050575643,0.02646856731728174,1.000096974866309,2.7761664782884683,5.916309144578026,6.0,3.7762634531547774,5.6837815792618125,28.341362298190475,2.2495409637882595,182,1.0107858672669123,ood:cond:pp:2927.99 outside [505.725,2097.14]
0.0,0.7691543205529375,9.522165298461914,0.6184785327446332,0.8125653738694272,0.8125653738694272,0.5025542401898576,0.027792762964963913,962.937889918122,0.091607779313397,0.6151040710712167,3.510372573437072,4.546426359338488,5.0,4.125476644508288,2.9486320627253706,23.576015285266813,4.656587239893453,183,0.8125653738694272,
0.0,0.7705420746119288,8.994878768920898,0.16095782266133066,3.274521819910802,3.274521819910802,0.5270599023898606,0.024886852130293846,554.71057908278,0.04229387160778951,1.2927627354899411,2.1177662823053387,5.644186177829727,6.0,3.41052901779528,2.718937254493987,23.182111361265665,0.6794445153494483,184,3.274521819910802,
0.0,0.7751508193347655,12.034245491027832,0.29186767296691823,2.0448658439199723,2.0448658439199723,0.5968302353944558,0.026627857238054276,1844.6929914219031,0.02308083092809026,0.9708016220998614,7.429612436506382,2.4491021063725973,2.0,8.400414058606243,6.013399374972562,22.814227492185047,0.8241261580018067,185,2.0448658439199723,
0.0,0.8103957207639958,9.480772018432617,0.14023675390684473,3.8513846937426006,3.8513846937426006,0.5401056874969696,0.024205254390835762,533.9264024389473,0.03951484661746922,0.957769377168045,4.343994418544016,4.231829925889018,4.0,5.301763795712061,2.8276435687772956,24.03469875162554,1.4996188486584883,186,3.8513846937426006,
0.0,0.7273631133187358,11.761284828186035,0.5237950157143789,1.017275208204968,1.017275208204968,0.5328436836675693,0.025930197909474373,2953.5343720395076,0.027982780065826062,0.8932504085426994,5.977068451965678,2.7517154144105005,3.0,6.870318860508378,3.209300081268192,23.820256662793327,4.138757445836302,187,1.017275208204968,ood:cond:pp:2953.53 outside [505.725,2097.14]
0.0,0.8991334280635707,15.361486434936523,1.026243896404724,0.48275440388814556,0.48275440388814556,0.49542376045271036,0.029522299766540527,2203.521594919004,0.08267920950073279,1.176490676633843,4.073999474667255,3.413915996226258,3.0,5.250490151301098,5.073518987823483,20.82498944172678,1.0274949176966093,188,0.48275440388814556,ood:cond:pp:2203.52 outside [505.725,2097.14]
0.0,0.8519487371783147,11.211104393005371,0.13135221652946039,4.548296273810989,4.548296273810989,0.5974287969977589,0.02572346292436123,598.6692314151904,0.03231668380108728,0.7455055117250521,2.3267382927880025,4.79470014507778,5.0,3.0722438045130547,5.255861160341948,20.61708018290722,1.798882364552667,189,4.548296273810989,
0.0,0.7259447613556588,8.182723045349121,0.21806132346064336,1.9682977135451296,1.9682977135451296,0.4292096043802093,0.026393242180347443,1334.9874704752583,0.03241339740277142,0.9994956507393091,4.4055070960722835,4.804151245281219,5.0,5.405002746811593,2.800243085064703,29.825256819122668,1.2895435928974548,190,1.9682977135451296,
0.0,0.7570745807326977,10.403351783752441,0.5769515192378798,0.7713052085339273,0.7713052085339273,0.44500571185973903,0.027392426505684853,1652.2027571020653,0.058596891046882864,1.4148042894698176,9.07606745847428,2.4627995226759007,2.0,10.490871747944098,6.35098248297551,27.332725978863706,1.3131182524855134,191,0.7713052085339273,
0.0,0.6982846198515851,7.0423760414123535,0.3491537548665637,1.3702754648654216,1.3702754648654216,0.47843682375928803,0.02527882158756256,1229.6933323939338,0.04861032742401283,1.3897706353979378,1.967027996548293,5.090662502686877,5.0,3.356798631946231,9.73632815380894,26.520321313540094,1.7105749983468765,192,1.3702754648654216,
0.0,0.7481074318589815,13.185432434082031,0.730597907649477,0.6855675598493464,0.6855675598493464,0.50087422477829,0.02806013636291027,2996.594269613737,0.04654187602530107,0.8684998826451295,6.33168431362944,3.2278945977526727,3.0,7.200184196274569,2.5596389395133654,24.160191528337073,4.957408961596327,193,0.6855675598493464,ood:cond:pp:2996.59 outside [505.725,2097.14]
0.0,0.8066218003937274,11.394725799560547,0.6050181340670335,0.8911440548068481,0.8911440548068481,0.5391583132241695,0.029470298439264297,2079.052370877389,0.042858128781112025,0.6961133384433542,2.4371482137044853,3.5274969138537733,4.0,3.1332615521478395,7.872887034974027,20.405933243565386,1.5548962021440882,194,0.8911440548068481,
0.0,0.6904353182240629,6.119409084320068,0.375366011810253,1.3438442131141788,1.3438442131141788,0.5044334427709569,0.022416450083255768,621.399421544295,0.08490882692916131,0.9855494202655408,2.805126876513578,5.456836709005214,5.0,3.790676296779119,9.852957646090786,28.80633912998638,1.4758599943125517,195,1.3438442131141788,
0.0,0.7483365405852811,9.765083312988281,0.31782504703438674,1.5452980247933765,1.5452980247933765,0.49113441741209984,0.027735145762562752,1853.6545082914254,0.030508024783150782,0.5734517232319207,2.893442276375737,5.310987954225161,5.0,3.4668939996076573,6.123314701862759,23.457784699901044,4.869300386201258,196,1.5452980247933765,
0.0,0.7424197562623946,8.657546997070312,0.2159239096450399,2.166635586474537,2.166635586474537,0.4678284266076559,0.02588381990790367,1082.46077273718,0.037550420915299546,0.6560474038117771,3.8639528609733924,5.024072082581997,5.0,4.520000264785169,3.8731842838263706,26.473185607752214,4.553821339468016,197,2.166635586474537,
0.0,0.7396884901200691,10.000946044921875,0.656676979794245,0.7302502336840936,0.7302502336840936,0.4795385179497122,0.02808738872408867,1373.4923299345014,0.06996407711640212,1.3611967550061204,3.230410902935767,3.5475457888697504,4.0,4.591607657941887,5.298909046599273,23.665339678366824,0.14932772417481976,198,0.7302502336840936,
0.0,0.8423058079869435,14.192859649658203,0.08078465183678796,6.6937519390184415,6.6937519390184415,0.5407524198754291,0.02799409069120884,1037.1477867035255,0.01711138237517049,1.0447079067942533,1.9005516462225223,3.588865208278697,4.0,2.9452595530167756,9.368850905903805,21.149889117970908,1.3005724053471601,199,6.6937519390184415,
0.0,0.7420407046712737,9.148294448852539,0.8192613970028493,0.5199914953259919,0.5199914953259919,0.4260089588903727,0.026960615068674088,1444.67331547527,0.09157939823769633,0.5028931828131988,11.510644297282392,2.314338483281247,2.0,12.013537480095591,5.238462305049334,29.265537265240518,0.0790771300714066,200,0.5199914953259919,
0.0,0.7088491795963741,10.213476181030273,0.6107450464362616,0.7399866662793592,0.7399866662793592,0.45194319085900164,0.02589474990963936,2926.1749279809987,0.038018713722275575,1.0065575001409726,3.866769544984599,4.478146889128306,4.0,4.8733270451255715,7.3650367626363815,26.85834494313867,2.6227838741699934,201,0.7399866662793592,ood:cond:pp:2926.17 outside [505.725,2097.14]
0.0,0.7324952141263888,10.268963813781738,0.5501430062857515,0.7798132724462027,0.7798132724462027,0.42900881804508373,0.027623375877738,2309.689872189353,0.042681213923674514,0.9809918125722846,4.4212863312900845,3.967554882968853,4.0,5.402278143862369,5.831421863126656,27.440534438576133,1.2256967816433995,202,0.7798132724462027,ood:cond:pp:2309.69 outside [505.725,2097.14]
0.0,0.7769984442075348,12.145771026611328,0.40139937495921874,1.4389394740617576,1.4389394740617576,0.5775894054925365,0.02766677364706993,2209.054055881899,0.024349031624017265,1.2790814417564955,2.1829234489497953,5.1984724696696425,5.0,3.462004890706291,3.082557329421327,20.39258178295278,1.0137207857321466,203,1.4389394740617576,ood:cond:pp:2209.05 outside [505.725,2097.14]
0.0,0.7510038994776931,7.366196155548096,0.5360797586293147,0.9710009465796552,0.9710009465796552,0.5205339530712576,0.026265600696206093,755.0494960850742,0.09075326177177477,1.2601989973434473,3.2050579945184885,3.371054103699519,3.0,4.465256991861936,9.50222788354351,22.897998859129316,3.9021939941244366,204,0.9710009465796552,
0.0,0.7173430277323718,7.590653419494629,0.24360505660438916,1.9541276242690278,1.9541276242690278,0.47603537052225703,0.023015223443508148,556.2921930562472,0.06303942070259193,0.6235639527633077,3.714240838008894,4.796935809536674,5.0,4.337804790772202,4.212164980212107,25.901188934073115,2.426853590764107,205,1.9541276242690278,
0.0,0.6796152459140047,7.95442533493042,0.46126728445744614,1.12149870020327,1.12149870020327,0.5173106599653178,0.022263456135988235,2943.399307104822,0.023305515929862422,0.9109801086693998,1.8118113589042861,5.766574647149331,6.0,2.722791467573686,8.37643022559897,24.713179031041086,2.3572729102454177,206,1.12149870020327,ood:cond:pp:2943.4 outside [505.725,2097.14]
0.0,0.7633217543112621,8.972046852111816,0.8042443096548274,0.6354206807186318,0.6354206807186318,0.5110334667049565,0.02770587056875229,1072.2673280948125,0.09706106894809266,0.6746089940869604,3.035760488302107,3.7821023852582996,4.0,3.7103694823890674,7.709730685180478,22.551208614736748,0.5207519306384767,207,0.6354206807186318,
0.0,0.8559626076261785,21.925342559814453,1.189710344302586,0.3790611226359019,0.3790611226359019,0.4509729387228837,0.02491452917456627,2629.771425728111,0.09724039972947447,1.1533333678958622,2.002304456071237,5.393042130002714,5.0,3.155637823967099,4.554694891151436,20.33288401098693,0.7045708668065293,208,0.3790611226359019,ood:cond:pp:2629.77 outside [505.725,2097.14]
0.0,0.9160555687471584,22.617212295532227,0.03827824663010853,15.876304813803152,15.876304813803152,0.6077171112375364,0.02563764527440071,1035.6330132047788,0.011366699425648455,0.9160996085759441,3.762588810408798,3.4542201057269812,3.0,4.678688418984742,7.280077168416857,21.316142425371083,1.772957571881404,209,15.876304813803152,
0.0,0.8446880286538038,13.911163330078125,0.9014057980076995,0.5679684464613473,0.5679684464613473,0.511970050725684,0.028922617435455322,2403.611920391067,0.0639606262299571,1.1901297713520933,3.4957050833445242,2.604837932363427,3.0,4.685834854696617,6.442220094915831,20.499724659005683,0.8367028150877859,210,0.5679684464613473,ood:cond:pp:2403.61 outside [505.725,2097.14]
0.0,0.703150796031163,9.130718231201172,0.6474122931030732,0.6533156993588713,0.6533156993588713,0.42296461504216487,0.027806812897324562,1637.5639766505574,0.06749010000640233,1.0020655530275246,5.634394369039088,4.432160988235111,4.0,6.636459922066612,2.1822258160688506,28.728065504335298,0.6919752033113891,211,0.6533156993588713,
0.0,0.7508212196286111,12.782671928405762,0.8744973029993257,0.5415313199040088,0.5415313199040088,0.4735676787457208,0.026875752955675125,2879.5111035769733,0.05517588739401162,0.8480185136157831,4.21583573821893,2.612696784637465,3.0,5.063854251834713,8.026362976383668,23.217925731887807,0.27099273347378494,212,0.5415313199040088,ood:cond:pp:2879.51 outside [505.725,2097.14]
0.0,0.8025236950783092,9.856919288635254,0.9018596254649064,0.5596521584934976,0.5596521584934976,0.5047276860495722,0.03016957826912403,1499.6413310667776,0.09445337609235381,0.6497712808215483,2.5847489382546947,3.588615764166516,4.0,3.234520219076243,8.466176646454972,21.404257522759945,4.511404822478272,213,0.5596521584934976,
0.0,0.8100064134238584,10.184088706970215,0.4583269555973639,1.2171444662179192,1.2171444662179192,0.5578501177238374,0.028367744758725166,1389.6201416508804,0.04944261448648142,1.322355964312714,3.073675848931975,2.7311168542704727,3.0,4.396031813244689,7.693031282118684,20.881126721852752,4.968948987013162,214,1.2171444662179192,
0.0,0.7569365718615222,9.685059547424316,0.7208858505339626,0.6500397658808659,0.6500397658808659,0.4686044695079259,0.029442017897963524,1949.3049956306459,0.06582938550569503,0.8203950538909733,4.388463895821676,3.070827166062329,3.0,5.208858949712649,8.60301286446088,24.229589713598827,4.3533629990169995,215,0.6500397658808659,
0.0,0.8457146030783018,19.33527946472168,0.06689816970305805,9.146727266040957,9.146727266040957,0.6118993128711961,0.02546936646103859,1387.4600674866945,0.011638489280200719,1.3936357683447156,1.593161402428076,5.331628130275096,5.0,2.9867971707727916,5.5695161349144096,20.503501988778368,1.1877564816723591,216,9.146727266040957,
0.0,0.7140292719123178,8.034523010253906,0.7128106852339213,0.5714735552370991,0.5714735552370991,0.4073524565016218,0.0274512879550457,1864.087558365483,0.07453243568258053,0.9574424007007851,3.2528069127767463,5.3055841197025355,5.0,4.210249313477531,8.077245019459866,29.128491586847524,3.377033706184502,217,0.5714735552370991,
0.0,0.778868953398383,10.70760440826416,0.6941968946429736,0.6955999601012545,0.6955999601012545,0.4828833322160672,0.026878703385591507,1455.9034427982028,0.07133149729960381,0.5042745718873648,8.775012590633732,2.187896420007576,2.0,9.279287162521097,7.112103457833987,25.670677782876183,0.006263845808305857,218,0.6955999601012545,
0.0,0.7165432477874579,8.176673889160156,0.842444591861148,0.5359579341694904,0.5359579341694904,0.45151486310616035,0.027772942557930946,1762.6384753177695,0.07803105581295655,1.4467243400501717,3.614769342878999,2.7199287922786595,3.0,5.061493682929171,9.283820927848911,24.468301976636422,0.2817400936687364,219,0.5359579341694904,
0.0,0.788397699289164,10.312726020812988,0.7105270026317506,0.7115303850933098,0.7115303850933098,0.5055615518017647,0.029078194871544838,1215.1427600624434,0.08666913428826808,1.238370494814606,5.116694956286958,3.458228257224359,3.0,6.355065451101564,4.607558370313143,23.672754723617835,3.929313156650246,220,0.7115303850933098,
0.0,0.8038189945789014,10.261067390441895,0.12059828317691454,4.1097762497689905,4.1097762497689905,0.4956319599633986,0.026444144546985626,846.4067206391193,0.02920620238139141,0.7703114228119567,3.4634639887413208,4.763499308699733,5.0,4.233775411553277,3.970442470869899,25.139319528636285,4.332329852214169,221,4.1097762497689905,
0.0,0.7377351671930242,8.183998107910156,0.4267949531831133,1.2196064651921086,1.2196064651921086,0.5205218842134882,0.02470436505973339,642.0163121947805,0.07691595237638743,1.2333473122708285,4.17313791570848,2.699351725154216,3.0,5.406485227979309,7.28644875318619,23.505904437124116,0.5748387452906695,222,1.2196064651921086,
0.0,0.7594408606195768,10.182082176208496,0.26708454431019857,1.8473728027848288,1.8473728027848288,0.49340472320284035,0.027761561796069145,1734.9131234871415,0.027521833159939144,1.3167155288847046,6.041007499237903,2.539703159873472,3.0,7.357723028122607,3.555940830723709,25.629109915091533,2.881243124652055,223,1.8473728027848288,
0.0,0.7299088897808584,9.634624481201172,0.26355270026317507,1.75690020514595,1.75690020514595,0.46303579315914134,0.02681579254567623,1910.0551466262,0.024435631592750705,1.3930248189206336,2.4418226233168294,5.122587973305183,5.0,3.834847442237463,5.6816201037203315,24.855857314907645,1.3995944988746445,224,1.75690020514595,
0.0,0.7242737527007675,9.984903335571289,0.5219140140722535,0.8885261423209776,0.8885261423209776,0.46373424554687576,0.027443012222647667,1380.3844073456032,0.05849390481394406,0.9052133489551774,3.056457227893878,4.595186614219234,5.0,3.9616705768490554,4.694033874261799,24.502386758507075,1.3040843469404306,225,0.8885261423209776,
0.0,0.743380616115446,10.131553649902344,0.18963291088479023,2.6267802519554118,2.6267802519554118,0.4981239854329874,0.02723628655076027,1886.8512350814685,0.019908269288740746,1.0814037250235726,1.615955864680477,5.904209991290005,6.0,2.6973595897040497,7.242337545341586,23.426495083565882,3.5949282781729694,226,2.6267802519554118,
0.0,0.8190994313809061,13.746268272399902,0.9222956586989147,0.531695059344826,0.531695059344826,0.4903800449853948,0.02999565191566944,2162.1720685139976,0.07535497560405567,0.5682333856234433,2.97643725564313,5.4017373669227275,5.0,3.544670641266573,3.8970324616037884,21.620385667936656,2.5117674570345496,227,0.531695059344826,ood:cond:pp:2162.17 outside [505.725,2097.14]
0.0,1.054695691933821,49.740089416503906,0.0019179462512761136,153.00363307312384,153.00363307312384,0.29345274448422387,0.032558515667915344,534.890643015393,0.007648275983842378,1.4548445323251156,3.583098053512177,4.691145614420534,5.0,5.037942585837293,2.565053648321303,27.754766577507766,2.7384677307847967,228,153.00363307312384,
0.0,0.8891898410489978,13.963571548461914,0.04084571582666333,10.786286921779503,10.786286921779503,0.4405736104318608,0.027401726692914963,715.7077878895827,0.01848170112561925,1.0492933656988304,2.9365593870489013,5.928966720891379,6.0,3.9858527527477317,4.946296932027955,28.861413448514345,2.359479484025267,229,10.786286921779503,
0.0,0.7388479749429062,9.164057731628418,0.44480453541988385,1.1458325408546999,1.1458325408546999,0.5096715110038599,0.026741808280348778,925.003518350514,0.06514179519279126,1.3614604205951335,1.3130355393774433,5.580133507349289,6.0,2.674495959972577,6.417472396312588,22.464448156148052,1.705068289571427,230,1.1458325408546999,
0.0,0.8505754489918275,12.337291717529297,0.06850172283832133,6.6473242483384825,6.6473242483384825,0.4553531632761354,0.026940960437059402,953.2687340602874,0.020341007468395598,1.0619332330716293,5.733839313766678,2.8455282577199394,3.0,6.7957725468383074,8.062178334298821,28.449495974813743,4.506283793490409,231,6.6473242483384825,
0.0,0.7078575745417421,8.371627807617188,0.40974172548230636,1.1250316468811519,1.1250316468811519,0.46097240821528396,0.025829097256064415,2216.2480820668184,0.035911626508382866,0.8271563128986652,3.1930293818122615,5.415671055397347,5.0,4.020185694710927,8.282167932953264,28.383096406507896,3.9502179431345836,232,1.1250316468811519,ood:cond:pp:2216.25 outside [505.725,2097.14]
0.0,0.7156633924697997,12.671222686767578,0.17765819050829762,3.0834191317865107,3.0834191317865107,0.5477946635318576,0.017220331355929375,2728.8469470003974,0.011663643306177213,0.660739862937525,8.402987720818212,2.228303743654514,2.0,9.063727583755737,6.717319526557239,24.844774694068715,4.778065073297066,233,3.0834191317865107,ood:cond:pp:2728.85 outside [505.725,2097.14]
0.0,0.7370134551683774,8.749571800231934,0.34511736166996543,1.3219358182067928,1.3219358182067928,0.4562230018765554,0.027099372819066048,1566.4095365026533,0.03864878547436172,0.5451823234175311,3.629837659851123,5.664241580152809,6.0,4.175019983268654,2.2946293099344626,27.344749209546386,1.8332519309699862,234,1.3219358182067928,
0.0,0.7662707149393787,10.51949405670166,0.592322451986863,0.8387681288394345,0.8387681288394345,0.49682119472260683,0.028269603848457336,1541.5783801680254,0.05800942611195545,1.1735097672355894,5.841973995180197,2.8632509667663464,3.0,7.015483762415787,3.3462299063106036,24.392681193557966,1.0663019039593697,235,0.8387681288394345,
0.0,0.7823324178109032,10.241528511047363,0.3085546849511712,1.7107876099461865,1.7107876099461865,0.5278715320053128,0.02803705260157585,1457.2824251329007,0.03162356899733356,0.9484294069119676,2.0406794251579585,5.947566856589194,6.0,2.989108832069926,4.532044885801466,22.466697878221023,0.8281588389959216,236,1.7107876099461865,
0.0,0.6938223365746439,6.50175142288208,0.2338497543608761,2.0454125935126766,2.0454125935126766,0.478319232559582,0.02285553701221943,608.1339989292694,0.06114962559770476,1.170285826732164,4.813470495340074,3.289787356023583,3.0,5.983756322072239,9.240645645947899,27.191914612164616,4.034692715146147,237,2.0454125935126766,
0.0,0.6253688650463978,9.016364097595215,0.2563188523609631,1.9852183476046596,1.9852183476046596,0.5088488885439538,0.017732663080096245,2854.288207691214,0.014483436005745635,1.0578849399489543,4.977066762422675,2.788684760853157,3.0,6.03495170237163,8.503467899625644,26.608323006740534,3.487970896424602,238,1.9852183476046596,ood:cond:pp:2854.29 outside [505.725,2097.14]
0.0,0.7878349967642244,10.6693754196167,0.7956434739108684,0.654590150526633,0.654590150526633,0.5208203813528486,0.028874486684799194,1343.0833865531526,0.08304638736787404,0.9131869569109469,3.2854525697633092,3.9827148269982655,4.0,4.198639526674256,5.079933070867451,21.874491177564476,1.1609752287403174,239,0.654590150526633,
0.0,0.8711313553768589,11.94168758392334,0.4425145317223829,1.3817393013432373,1.3817393013432373,0.6114397198963152,0.027755703777074814,1347.9427374262127,0.045579815058221056,1.252833730815723,8.285828384717927,2.16992730422422,2.0,9.53866211553365,3.578155156870239,22.65547938793754,3.6676037120098384,240,1.3817393013432373,
0.0,0.7149972238132924,8.813627243041992,0.4091895132348783,1.051513899340658,1.051513899340658,0.43026846063091273,0.02522249147295952,1110.247901078177,0.061894256527640586,0.9915847644155623,10.786584618581317,2.491455923011198,2.0,11.778169382996879,6.156599617604867,29.712938383598622,2.608744785575568,241,1.051513899340658,
0.0,0.8359623636972818,22.807235717773438,1.121666947604237,0.4067723113082553,0.4067723113082553,0.45626305679505114,0.025005578994750977,2603.209602952291,0.09501719150906425,1.2559722302711789,1.343779379398741,5.834467212337858,6.0,2.59975160966992,5.469948961434742,21.068458619454262,3.298173754405461,242,0.4067723113082553,ood:cond:pp:2603.21 outside [505.725,2097.14]
0.0,0.8712020757121214,11.511500358581543,0.48991275529068884,1.313999316673842,1.313999316673842,0.6437450256817643,0.026414237916469574,843.6182240588926,0.06785101411202542,0.6710071124644003,5.889703644419555,2.1185488625754623,2.0,6.560710756883955,7.2571640553444885,20.3785855691124,3.8230921168668006,243,1.313999316673842,
0.0,0.7224318174628699,8.785804748535156,0.7258553869325968,0.6172253005154755,0.6172253005154755,0.44801630933024883,0.027874033898115158,1126.2697595076224,0.09555450336437088,1.4933198102520429,4.031380140805409,3.8864394850303685,4.0,5.5246999510574515,4.177458198001081,26.276258002230886,0.7837420615839774,244,0.6172253005154755,
0.0,0.7074114881806028,13.674320220947266,0.10855759061596015,4.3909620306755945,4.3909620306755945,0.47667225853630624,0.023096127435564995,2021.4754657017302,0.013666039183817199,1.3223291788254783,3.304753593933849,4.027291407160929,4.0,4.627082772759327,6.81682254068764,25.325153631724948,3.09731158926657,245,4.3909620306755945,
0.0,0.8558740600219815,10.985533714294434,0.2854429932357483,2.1544628839696993,2.1544628839696993,0.6149763344156336,0.02608422003686428,844.3691666380121,0.04410878243491118,0.7586484795659689,4.357498833764314,2.9233945078824255,3.0,5.116147313330283,5.633719636705611,20.98216157669646,3.5962627329247137,246,2.1544628839696993,
0.0,0.6701920395430961,11.229020118713379,0.1340944928986232,3.573989679382273,3.573989679382273,0.4792523336816789,0.018240099772810936,2782.3723712094293,0.010561782850794088,1.0502839507614128,2.8697701998821934,5.978610458531554,6.0,3.920054150643606,3.3089597786597844,26.82928468252142,4.186115935403535,247,3.573989679382273,ood:cond:pp:2782.37 outside [505.725,2097.14]
0.0,1.0820471229205895,49.44565200805664,0.007444107689884344,70.24519226491785,70.24519226491785,0.5229127759166792,0.0344349667429924,1050.0241579881117,0.0072245173627502835,1.3014619578069693,2.5743596508928928,4.725579267912944,5.0,3.8758216086998623,2.2552327740572657,21.634340817556577,2.506526380328174,248,70.24519226491785,
0.0,0.7141518399944908,8.237805366516113,0.3533773340474585,1.2063939393640912,1.2063939393640912,0.4263122741034939,0.026279421523213387,1313.3237016508865,0.04866511387151831,1.4703809125764056,6.611666012943042,2.9891872694423482,3.0,8.082046925519448,4.6110712726358285,28.85721204919417,2.8449924649158325,249,1.2063939393640912,
0.0,0.7344831553529138,15.936908721923828,0.10512494698436174,4.8532078494470055,4.8532078494470055,0.5101932178772047,0.020386064425110817,2878.2192744535173,0.007638520746665017,0.9283416428859765,4.260817305092246,4.07911707680484,4.0,5.189158947978222,5.184836191324238,25.941471983237125,4.484851129877826,250,4.8532078494470055,ood:cond:pp:2878.22 outside [505.725,2097.14]
0.0,0.8309080203517567,12.82671070098877,0.6560190421297606,0.8235677979187617,0.8235677979187617,0.5402761579195823,0.03082641027867794,1940.5599008692757,0.05303459104093044,0.7130814483411515,2.5415642738461384,4.633862575299126,5.0,3.25464572218729,4.101598516244666,20.374827127181113,4.090805074686281,251,0.8235677979187617,
0.0,0.7490877873672674,9.503631591796875,0.6651732116058029,0.7450579953678124,0.7450579953678124,0.4955926196113892,0.02867801859974861,1473.272291590082,0.07069344001181399,0.6500694270254451,2.182941569146022,5.372007049808702,5.0,2.833010996171467,8.110908030644392,22.275963011501727,4.498578462154034,252,0.7450579953678124,
0.0,0.9002312776490827,13.445314407348633,0.26555822068643015,2.487241705361207,2.487241705361207,0.6605074816928043,0.028133541345596313,1338.3031467194905,0.027005183959357516,1.476111847540249,6.552726752329473,2.16167698102646,2.0,8.028838599869722,4.966444031909317,21.024121231648763,1.9616342030641276,253,2.487241705361207,
0.0,0.8222038923483045,11.59537410736084,0.43329375285468824,1.358823319483915,1.358823319483915,0.5887696555656505,0.028312021866440773,1750.0891965867486,0.036522796427886084,1.1154893340715006,8.402741637055557,2.0798597616886587,2.0,9.518230971127059,3.9632215008376255,22.999683443091744,2.875925827638071,254,1.358823319483915,
0.0,1.0472702056145773,48.83293914794922,0.003437886519261669,114.37154037030255,114.37154037030255,0.3931963768262549,0.031096508726477623,662.445954806848,0.008965327590691994,0.5305218426095772,1.9780600542940248,5.6475677084272125,6.0,2.508581896903602,6.83451948428822,21.88601086570983,3.860409711956632,255,114.37154037030255,
0.0,0.7807319413893788,10.638360023498535,0.1066976677876982,4.167885312967799,4.167885312967799,0.4447036425002648,0.027323167771100998,1125.724110580752,0.023449858243698007,1.4005522995358952,5.205225271442156,3.613052189191632,4.0,6.605777570978051,2.89023198315844,29.313342267070645,4.1162302645990465,256,4.167885312967799,
0.0,0.7290285579476388,8.655505180358887,0.5607795745698937,0.7841346099801481,0.7841346099801481,0.43972667299019697,0.026532085612416267,2095.0934411897592,0.051643078027044424,0.7005604479307433,3.2386558285044007,4.850796502483078,5.0,3.939216276435144,8.973311666200207,28.669393048375927,3.1157084917866005,257,0.7841346099801481,
0.0,0.7054073460043628,11.673815727233887,0.48892703824738454,1.0887882312884498,1.0887882312884498,0.5323380052024701,0.023312179371714592,2958.903507024524,0.021991331369699423,1.294294446238768,4.864669803679009,2.551669088592357,3.0,6.158964249917777,4.936012987970637,23.41290573772397,0.4093120378257331,258,1.0887882312884498,ood:cond:pp:2958.9 outside [505.725,2097.14]
0.0,0.6854346384604395,9.98105239868164,0.6451260956565239,0.6698455610631768,0.6698455610631768,0.4321348515015409,0.026470651850104332,2771.7857328395826,0.04353984778222799,1.4992177846264565,2.783506488060207,5.991476519433009,6.0,4.2827242726866634,2.311288729498541,28.007634365618518,1.5567491510453568,259,0.6698455610631768,ood:cond:pp:2771.79 outside [505.725,2097.14]
0.0,1.1491042518764145,45.077537536621094,0.005724304067794767,54.41763112816822,54.41763112816822,0.31150306722672844,0.03236500918865204,1377.284397703539,0.007460421267401594,0.6949362502939975,3.441099673857872,4.530076440349361,5.0,4.136035924151869,7.369242779819379,28.049422400578724,3.9086122488480903,260,54.41763112816822,
0.0,0.7600129947046155,11.470067977905273,0.8952191448985363,0.5560889820528145,0.5560889820528145,0.4978215030008181,0.028931034728884697,1768.6939981897162,0.07842175226219167,0.5729767922205887,2.727713864830939,5.786297934330165,6.0,3.3006906570515278,3.390272000904341,23.19441594321351,0.9725514770458354,261,0.5560889820528145,
0.0,0.7981124261281941,16.391000747680664,0.04885395737950497,9.334647437477003,9.334647437477003,0.4560344680632068,0.02383362129330635,1202.4846088036238,0.013499113655283869,0.737449352512291,11.311591669837108,2.177263580448389,2.0,12.0490410223494,5.258705606623484,29.356787651322282,1.3054928724059534,262,9.334647437477003,
0.0,0.7268151123503545,9.8900146484375,0.7212534935946234,0.6392972946858825,0.6392972946858825,0.4610954072377842,0.02848733589053154,1518.5338684597184,0.07435377924752597,0.9352154349804119,4.254992306366875,4.300933930304779,4.0,5.190207741347287,4.197499836760209,24.958330802149355,0.7331021220048667,263,0.6392972946858825,
0.0,0.7992304777967191,11.486756324768066,0.9969716515866629,0.4869814611051872,0.4869814611051872,0.4855067115701247,0.029580773785710335,2022.9001432867003,0.08282105019274134,0.8286795704021519,2.150534538098096,3.667910903937876,4.0,2.9792141085002477,8.676915817207878,20.59377225120887,1.2936123889231759,264,0.4869814611051872,
0.0,0.7600677881273524,11.018400192260742,0.9947323525893381,0.4094396939481365,0.4094396939481365,0.4072829100044884,0.029056860134005547,2332.704712444988,0.08835494322743476,1.0898924144502642,5.418943478760008,3.2731241810251817,3.0,6.508835893210272,6.497718177546057,26.024225857176877,2.251137754189007,265,0.4094396939481365,ood:cond:pp:2332.7 outside [505.725,2097.14]
0.0,0.7795966095100539,11.217561721801758,0.7181345428148858,0.665443397538113,0.665443397538113,0.4778778900602171,0.03008333034813404,2103.1329645190126,0.061929898328292904,0.9234787013881578,5.003494096549735,3.2591268114351744,3.0,5.926972797937893,5.957599535796868,23.738517929610545,4.393653241985763,266,0.665443397538113,ood:cond:pp:2103.13 outside [505.725,2097.14]
0.0,0.827470020562553,20.213422775268555,1.074720784305196,0.38494189924876027,0.38494189924876027,0.4137050598725594,0.025324981659650803,2986.865678532234,0.0849945474599122,1.1752657642790632,1.8031669246574307,5.224919311431372,5.0,2.978432688936494,7.649243557642945,22.541407002325414,2.488963730295418,267,0.38494189924876027,ood:cond:pp:2986.87 outside [505.725,2097.14]
0.0,0.8426827115801494,13.891233444213867,1.0472614704091177,0.4174855878453656,0.4174855878453656,0.43721657060155245,0.030004676431417465,2244.4892264503715,0.09277469415174824,0.7620818686690762,3.476431583969509,4.354226643377176,4.0,4.2385134526385855,6.271262380539199,23.22531619109354,2.2677156798564613,268,0.4174855878453656,ood:cond:pp:2244.49 outside [505.725,2097.14]
0.0,0.6667358051365334,8.781248092651367,0.3702743695217174,1.4020678672553804,1.4020678672553804,0.5191497955746449,0.019546745344996452,2942.014065522163,0.01836272991870893,0.7077769164093962,2.616284095258842,4.978571539701542,5.0,3.3240610116682383,7.271722301909815,23.892027360251006,1.9359897135300852,269,1.4020678672553804,ood:cond:pp:2942.01 outside [505.725,2097.14]
0.0,0.7853514634534788,13.693565368652344,0.1786160063727516,3.212270068696897,3.212270068696897,0.5737628510613642,0.026917029172182083,1898.5329256621694,0.01769475746448614,1.036427799069787,2.9238703960023944,4.07781027072914,4.0,3.9602981950721814,5.344083965418444,21.18527674570717,4.3891864037040875,270,3.212270068696897,
0.0,0.8338760585693272,17.779273986816406,1.1444136470409119,0.32756434043269167,0.32756434043269167,0.37486910147512753,0.02585664764046669,2704.3465960730814,0.09819918602030543,1.0859424569866496,6.735256234341453,3.137382156039207,3.0,7.821198691328102,3.1012258228334115,26.564821896817715,0.08919777225255221,271,0.32756434043269167,ood:cond:pp:2704.35 outside [505.725,2097.14]
0.0,0.7220733686976761,10.043439865112305,0.5207203126019532,0.908560526344558,0.908560526344558,0.4731059212959333,0.02774907276034355,2401.020289456198,0.03697452738396981,0.986232123000295,2.4939191552154765,5.764961647696399,6.0,3.4801512782157715,4.065011243155361,24.94591891244999,2.8282707040663535,272,0.908560526344558,ood:cond:pp:2401.02 outside [505.725,2097.14]
0.0,0.7269092404070508,6.573108196258545,0.2023496123061531,2.477065712671025,2.477065712671025,0.5012332866158467,0.024431828409433365,810.5986518735842,0.042123917607171685,0.9084535639604651,1.8874555254907812,5.595513947167051,6.0,2.7959090894512464,9.427244327738604,26.202698864446084,0.08355431434791949,273,2.477065712671025,
0.0,0.9606143330010366,18.018043518066406,1.0239279286382321,0.4815858161700251,0.4815858161700251,0.49310916721252623,0.028572091832756996,2225.962059967066,0.08634720086797533,1.344043002378752,5.004055234632837,2.2380504723325876,2.0,6.348098237011588,7.43748936263014,20.133685836653317,2.7148908776952325,274,0.4815858161700251,ood:cond:pp:2225.96 outside [505.725,2097.14]
0.0,0.7540444093376908,10.595922470092773,0.7472815211953803,0.6484338451954422,0.6484338451954422,0.4845626302322198,0.028019944205880165,2537.039768105242,0.051871659772427296,0.9053955402320946,3.7958382131772885,2.8576949741109594,3.0,4.701233753409383,9.26635130969138,23.37005256991953,2.3807278051419294,275,0.6484338451954422,ood:cond:pp:2537.04 outside [505.725,2097.14]
0.0,0.7099902555402423,8.688132286071777,0.6507896611349153,0.6651417051510069,0.6651417051510069,0.4328673449019235,0.028209146112203598,1380.8604729530975,0.08230433111216633,1.2706025959334821,3.238678660931562,4.718924994827779,5.0,4.509281256865044,4.2882549535417525,26.834661237866975,4.736679391465448,276,0.6651417051510069,
0.0,0.7268649482131997,9.983168601989746,1.0207807708201928,0.41319346951436536,0.41319346951436536,0.4217799483087437,0.02921169251203537,2136.2538470804557,0.08981439959247259,1.3058303082075302,1.9678469746312028,5.988701200092378,6.0,3.273677282838733,5.6259963302298335,25.26806002726223,0.5369042842299343,277,0.41319346951436536,ood:cond:pp:2136.25 outside [505.725,2097.14]
0.0,0.6771540336846655,9.819544792175293,0.3322144088348522,1.4631272552064416,1.4631272552064416,0.48607195613856796,0.025094686076045036,2441.2316841278835,0.02382639958988781,0.9818424389528372,3.1926900740486657,4.782513580334106,5.0,4.174532513001503,3.700396929455118,24.57305949446263,4.013580530460495,278,1.4631272552064416,ood:cond:pp:2441.23 outside [505.725,2097.14]
0.0,0.7338537767412223,9.715951919555664,0.42258945369423845,1.0291775791220996,1.0291775791220996,0.434919590915567,0.027514781802892685,1936.3492249482952,0.0394038443529791,0.9227077317731531,6.573668536618426,3.410428835991997,3.0,7.496376268391579,5.525734379514837,28.014863184689574,2.2298470695928008,279,1.0291775791220996,
0.0,0.7192864593106272,8.343265533447266,0.2832867010951128,1.5456301982053764,1.5456301982053764,0.43785647996258636,0.026475418359041214,1764.5331731211677,0.030752015922080395,0.8664382810551529,3.3669097498928684,5.202606296037393,5.0,4.233348030948021,7.153277134828632,28.32001728956874,1.6449528003914926,280,1.5456301982053764,
0.0,0.7839577260946181,9.082782745361328,0.6464723530243383,0.7762456309368795,0.7762456309368795,0.5018213395566266,0.02756519429385662,896.893697797636,0.09847927452690582,0.6506875918668725,5.172033221260599,3.3348231260016186,3.0,5.8227208131274715,6.601037288757955,24.06919972814037,4.107960922851815,281,0.7762456309368795,
0.0,0.8401748235077142,15.563165664672852,1.0862241582747896,0.4284140102823325,0.4284140102823325,0.4653536477120537,0.02980155684053898,2146.951804247765,0.09527937600571777,0.789253462389538,2.0162433840400373,5.732842907410909,6.0,2.8054968464295755,5.4599522174226545,22.292933296000108,2.3178981091898394,282,0.4284140102823325,ood:cond:pp:2146.95 outside [505.725,2097.14]
0.0,0.878075559277744,11.157537460327148,0.09527923778465319,5.8867153412555755,5.8867153412555755,0.5608817507700559,0.025963744148612022,514.0598075521671,0.031116583840547767,0.7038559743604893,1.0385557417991638,5.802441145210912,6.0,1.742411716159653,9.955182297331039,20.409652594288957,3.2057790837680593,283,5.8867153412555755,
0.0,0.7143237235523944,6.320315837860107,0.4910960235552559,0.9427880807071727,0.9427880807071727,0.4629994774905842,0.024459069594740868,793.7866804900527,0.09738498617827342,0.7341781420623825,3.406493231010475,4.912067203104073,5.0,4.140671373072857,8.080501219932774,28.783858085297062,4.5056072805086735,284,0.9427880807071727,
0.0,0.88909323499679,13.76084041595459,0.07280579827957458,7.126291667178399,7.126291667178399,0.5188353536020037,0.02759406715631485,866.227761049993,0.02032917207346362,0.9979096480181069,6.68423437724586,3.34300177222354,3.0,7.682144025263967,3.0160954533257778,26.06252752911768,3.4973074211940873,285,7.126291667178399,
0.0,0.8201562952491144,10.460678100585938,0.5287743056310764,1.113123157299992,1.113123157299992,0.5885909245831747,0.02664901129901409,1099.5437026732861,0.06130407024809218,0.5068891166696939,5.222589628663661,2.390212515442981,2.0,5.729478745333354,9.664820907662904,21.123778398329613,2.600590376958441,286,1.113123157299992,
0.0,3.5311050490900513,136.59152221679688,0.0015345024435621344,1925.8165402223908,1925.8165402223908,2.955170186823634,0.05889083072543144,814.5186037686043,0.0036513773627817134,0.7058118270299095,5.729169441768685,2.7155286916330836,3.0,6.4349812687985946,8.004680672955084,27.30962447935087,3.0156346789266433,287,1925.8165402223908,
0.0,0.8485802500501942,12.976778030395508,1.0175369614154903,0.4787110092044283,0.4787110092044283,0.48710614570201677,0.030953580513596535,1927.8992098112267,0.09221886586510859,1.3888502758937813,1.532167617224034,4.013848419933545,4.0,2.9210178931178152,8.353917426693208,20.03798899916447,3.358999774106675,288,0.4787110092044283,
0.0,0.7506476356105691,8.152957916259766,0.3426468329273332,1.4541532599795128,1.4541532599795128,0.4982610091229371,0.024697639048099518,1029.6591079763411,0.04750158903488877,0.8053191282167669,12.86454730335215,2.4194573154491885,2.0,13.669866431568916,2.3338182163481065,29.67355107948594,1.1944816225239423,289,1.4541532599795128,
0.0,0.8329176090411918,11.684438705444336,0.6448010690127672,0.9010328373374902,0.9010328373374902,0.5809869367308205,0.02763652801513672,1104.6108857832764,0.07014665038241827,0.5093080803275014,3.4229308401724325,4.3529370891002905,4.0,3.932238920499934,4.87078412799113,20.599739809990865,0.23705083374690794,290,0.9010328373374902,
0.0,0.9050371455764225,21.24336814880371,1.1075098010962003,0.3763225764903685,0.3763225764903685,0.41678094183685765,0.025081491097807884,2804.839061708608,0.08741159156982965,1.3666831058781927,5.096125397657153,2.480698669407515,2.0,6.462808503535346,9.054934336900057,21.98055134397075,0.5675694518275065,291,0.3763225764903685,ood:cond:pp:2804.84 outside [505.725,2097.14]
0.0,0.8126131246374981,11.456039428710938,0.9655519335754834,0.4689050814681581,0.4689050814681581,0.45275220807494965,0.02858278714120388,1976.568878109158,0.08684923773150674,1.3996867732661595,5.844322570083525,2.119514281737575,2.0,7.244009343349685,9.184675973852094,23.672694660551464,1.2022675571232404,292,0.4689050814681581,
0.0,0.694254684704303,9.798892974853516,0.8213580975270244,0.48041619474948927,0.48041619474948927,0.39459373174061296,0.024899298325181007,2691.7919592997882,0.06162324715656585,0.5368994968051174,3.415393918350631,5.204214204999049,5.0,3.9522934151557485,9.046841562321259,28.8083086381,0.19938241529103007,293,0.48041619474948927,ood:cond:pp:2691.79 outside [505.725,2097.14]
0.0,0.7431718028115115,9.567458152770996,0.3367146208974052,1.4071790864605638,1.4071790864605638,0.4738177726323257,0.027850762009620667,1643.3890741278738,0.03649703244090677,0.589155473025554,3.5343142987837024,4.688511303235565,5.0,4.123469771809257,4.051905919943883,24.669254778990165,4.365323068701464,294,1.4071790864605638,
0.0,2.106241020533894,117.84271240234375,0.0017876468061646313,1192.4073533336637,1192.4073533336637,2.1316031968341447,0.05117171257734299,577.4950084734428,0.004944642788158958,0.6820247266567896,2.3253527262236062,3.72851453480598,4.0,3.007377452880396,8.738681926212811,20.768191737734394,2.4491803142374917,295,1192.4073533336637,
0.0,0.7089631856207337,10.208819389343262,0.9220384648846163,0.44155810350684704,0.44155810350684704,0.40713355591481576,0.02848644182085991,2334.2678237355144,0.07928804454770993,0.8891330984960842,7.1486175234971965,3.385300757079691,3.0,8.03775062199328,3.6567623571250607,27.7700142231049,1.3016215804342153,296,0.44155810350684704,ood:cond:pp:2334.27 outside [505.725,2097.14]
0.0,0.6328863433728876,11.441790580749512,0.12660630587032648,3.5695802325056323,3.5695802325056323,0.4519313667452792,0.018253732472658157,2360.748948900845,0.013095290394148952,0.7925858179918874,7.13025377154735,3.111605259096867,3.0,7.922839589539238,5.990019675631802,29.758538444249517,3.5664200975389813,297,3.5695802325056323,ood:cond:pp:2360.75 outside [505.725,2097.14]
0.0,0.750536060487894,10.851251602172852,0.8109861316527829,0.564917292340368,0.564917292340368,0.4581400896188793,0.028871776536107063,2005.6694757013693,0.07451229685531158,0.9415549504835081,11.515380127436332,2.4021477407703875,2.0,12.456935077919841,2.686159700444364,27.600029856284046,4.221647498836915,298,0.564917292340368,
0.0,0.7637146442558229,10.141097068786621,0.7986489848184962,0.6160821796613435,0.6160821796613435,0.4920334073512984,0.028240758925676346,1371.3165453538834,0.0839893037151584,1.149033952423259,4.859826176161612,2.835539241529141,3.0,6.008860128584871,5.569430342827518,23.596010728582133,0.6650405449405322,299,0.6160821796613435,
0.0,0.6175061838373662,8.304586410522461,0.3414300900450225,1.4744195640658986,1.4744195640658986,0.5034112045231626,0.01815766468644142,2925.9457703040675,0.017282161427341493,0.6191637810429548,4.237914325849911,3.959577719272147,4.0,4.857078106892866,8.938040604249638,28.366353031821102,0.8183777759872779,300,1.4744195640658986,ood:cond:pp:2925.95 outside [505.725,2097.14]
0.0,0.6938957404870485,11.457425117492676,0.6728549736824935,0.699855797700297,0.699855797700297,0.4709014543431739,0.026645006611943245,2766.463321049361,0.04143070532527979,0.7253704951142121,6.845459503806321,3.3548012732131505,3.0,7.570829998920533,3.2051541470319824,25.91764414379358,0.37195510314409486,301,0.699855797700297,ood:cond:pp:2766.46 outside [505.725,2097.14]
0.0,1.0914814753380753,61.982826232910156,0.007438362205049536,56.45794343541739,56.45794343541739,0.4199546326248333,0.04132126644253731,1752.4861399742863,0.00525283261950309,0.9296947321483328,5.034203197680648,3.391649341208928,3.0,5.96389792982898,4.144357501760518,22.036051291247457,4.392177445504891,302,56.45794343541739,
0.0,0.7836709687249366,9.982355117797852,0.20009772209474302,2.5250460495481213,2.5250460495481213,0.5052559626989087,0.028246626257896423,1339.244178351736,0.02746047157428316,0.7127324213763465,2.6794062881828165,5.643182775906714,6.0,3.392138709559163,3.672449783013594,24.025282040368573,2.6145756647262894,303,2.5250460495481213,
0.0,0.7255049358812989,8.821640014648438,0.6212537654696914,0.734604087928755,0.734604087928755,0.45637555575516725,0.027493756264448166,1041.5439539934855,0.09029396019458147,1.4465447822829467,2.6813289740012727,4.678906636260832,5.0,4.127873756284219,4.545260150514851,25.18462893193595,2.96569931016691,304,0.734604087928755,
0.0,0.8567268185127257,14.722982406616211,0.8599209931052483,0.5875494734916545,0.5875494734916545,0.5052461267434093,0.02783348597586155,2555.251581854795,0.05820288669768807,1.121908050148431,5.34179999150402,2.405333987792311,2.0,6.463708041652451,8.26902153133356,21.196437614638462,0.605184690538807,305,0.5875494734916545,ood:cond:pp:2555.25 outside [505.725,2097.14]
0.0,6.296577711425191,204.58493041992188,2.4726893464585714e-49,0.0,0.0,0.0,0.07772240042686462,886.9155615755096,0.0030616532951603477,0.8031270731990923,1.8207248154810765,5.573916803756974,6.0,2.6238518886801687,5.660604277362717,21.40371560944373,1.591423938097657,306,0.0,
0.0,0.7248015709773792,8.231356620788574,0.8372856265089066,0.4605603837901704,0.4605603837901704,0.3856205894869353,0.028369387611746788,1946.4727600540132,0.08786412183253843,1.0326077122425659,3.219245860264788,5.250680149876518,5.0,4.251853572507354,8.011800491970032,29.271068354506802,3.8072277937880417,307,0.4605603837901704,
0.0,0.7059518138964618,9.139385223388672,0.737821968049242,0.564592067934999,0.564592067934999,0.4165684307087924,0.02764751948416233,1893.9647865573343,0.0686781906658977,0.5196962707062028,6.772108202934543,3.4854394135702718,3.0,7.291804473640746,5.8683890581336415,27.74380247905588,0.6833855639261022,308,0.564592067934999,
0.0,0.691215498149101,18.72473907470703,0.08405133273158319,6.83672195778579,6.83672195778579,0.5746355920671743,0.01973821222782135,2382.1042848339703,0.00853928566804616,1.2544476384798864,0.8770555622276943,5.294742465004979,5.0,2.1315032007075807,9.572959047363188,20.23047505090109,4.756939270118422,309,6.83672195778579,ood:cond:pp:2382.1 outside [505.725,2097.14]
0.0,0.7302321334551038,7.2986063957214355,0.6772474552493638,0.6882023762992762,0.6882023762992762,0.46608330804524983,0.027181563898921013,1009.2834093521365,0.09694817112015565,1.2126926965486127,3.2042515311094424,4.4511023860730905,4.0,4.416944227658055,8.071590492608479,25.7393674032407,2.0299436270867894,310,0.6882023762992762,
0.0,0.6899410040614468,11.231891632080078,0.6956101692150423,0.6535351653230957,0.6535351653230957,0.45460570693837926,0.02791696786880493,2828.103594109405,0.04798592051641364,1.3830385971469001,6.871293181041493,2.6348553642509644,3.0,8.254331778188392,2.17405541074979,26.93705074531497,3.6419702601029385,311,0.6535351653230957,ood:cond:pp:2828.1 outside [505.725,2097.14]
0.0,0.760701734735375,10.139699935913086,0.3532824496487374,1.4176406493232276,1.4176406493232276,0.5008275613145365,0.027010297402739525,1711.1514428828623,0.03567929407441022,1.0241234676668507,9.86893491447033,2.492270434314026,2.0,10.89305838213718,4.759834723706485,26.545951487980847,3.6353121564927005,312,1.4176406493232276,
0.0,0.7750483768045499,9.018908500671387,0.3782904019944755,1.4335244341450892,1.4335244341450892,0.5422885344616488,0.0247470885515213,689.5241106971318,0.0729076033191094,0.9322410038050005,8.245575508641796,2.037768973363687,2.0,9.177816512446796,6.260321629452867,24.61595465434646,4.275629274997656,313,1.4335244341450892,
0.0,0.695615843911893,7.871725082397461,0.9388147198599299,0.4302331902231599,0.4302331902231599,0.40390925195379984,0.028631852939724922,1658.7833909238584,0.09950788838830209,0.9255422857785641,5.176180149808533,4.290139939136286,4.0,6.101722435587098,4.076866765151204,28.483756507499592,0.040645859944280494,314,0.4302331902231599,
0.0,0.7657185805219258,10.105093002319336,0.3190293856167214,1.786979684514031,1.786979684514031,0.570099030860074,0.0185797531157732,2988.038177259714,0.01278261680259411,0.8256017452108103,2.0414447116218057,4.614751816505253,5.0,2.867046456832616,7.393987601172676,21.729219885335755,0.013173400876990149,315,1.786979684514031,ood:cond:pp:2988.04 outside [505.725,2097.14]
0.0,0.7406191538874702,10.60792064666748,0.8239276567631642,0.5230409793488681,0.5230409793488681,0.43094792850602337,0.02876487374305725,2402.262986955678,0.06908326134203127,0.9892883416038326,2.4172122188138303,5.349124298891212,5.0,3.406500560417663,7.809790822621962,24.842293624710276,4.22219511228901,316,0.5230409793488681,ood:cond:pp:2402.26 outside [505.725,2097.14]
0.0,0.6995357195899666,12.676892280578613,0.13947027012147378,3.8020822274039476,3.8020822274039476,0.5302774352800833,0.01882861740887165,2606.8639141081335,0.010966783281784988,1.2536656523269063,1.630013857794397,5.444315133019913,5.0,2.8836795101213033,7.752880865794355,22.17127841640087,4.8924230147974495,317,3.8020822274039476,ood:cond:pp:2606.86 outside [505.725,2097.14]
0.0,0.7194083797816585,8.698307037353516,0.5020407962133241,0.8550406351974958,0.8550406351974958,0.4292652812892972,0.02752959541976452,1807.039711839825,0.05302715161655818,0.8180363443900659,4.401472196402396,4.106308703892251,4.0,5.219508540792462,7.0222528156185975,27.900286978788444,4.362531553385533,318,0.8550406351974958,
0.0,0.7603716741731166,13.735182762145996,0.8744281787632947,0.46579777312972,0.46579777312972,0.40730669842981937,0.03022967465221882,2579.4215201118154,0.07560248488808594,1.3473800190503469,3.5237204221494802,4.915977253098906,5.0,4.871100441199827,2.1699792845589085,26.525481490558043,4.282848797617956,319,0.46579777312972,ood:cond:pp:2579.42 outside [505.725,2097.14]
0.0,0.945480912683251,31.33913803100586,0.008594300122207844,57.79216380119922,57.79216380119922,0.4966832004193022,0.02572767622768879,593.7009483455292,0.011195775515852945,0.9265032873532204,1.88830654104356,5.923216530362556,6.0,2.8148098283967804,5.252841565204996,22.141700535585677,1.787369187348224,320,57.79216380119922,
0.0,1.0802903375573492,45.54450225830078,0.009381868031502164,57.64317516120879,57.64317516120879,0.5408006622792243,0.033310938626527786,1198.4238423896818,0.00795342132923128,0.7060945078700359,1.9194024027086414,5.859675449575347,6.0,2.6254969105786774,5.67876997088887,21.431751434360933,2.0951643050655067,321,57.64317516120879,
0.0,1.455733370173107,101.00474548339844,0.0015962800789406251,1266.3898326992867,1266.3898326992867,2.0215128621108223,0.050089024007320404,843.2685792978522,0.00627543344850155,0.7664544214257166,1.7232755116815253,5.738726194287778,6.0,2.4897299331072418,6.038785426112551,20.977165024756,2.0443196247668323,322,1266.3898326992867,
0.0,2.71029996761429,151.15321350097656,0.0012410430440254095,2635.644164466381,2635.644164466381,3.2709478568371644,0.06123647093772888,747.3778227766793,0.005052231983719626,0.8987904569100411,1.5649867734821192,5.9349726788293875,6.0,2.4637772303921603,5.63297644269856,20.41563982505152,2.1720077320111786,323,2635.644164466381,
0.0,0.9192312454001548,23.779680252075195,0.02354921516464754,24.992743277997562,24.992743277997562,0.5885594890083631,0.024922650307416916,769.23149949437,0.012031928260891046,0.9242968606987955,1.6679998329339707,5.702831121474409,6.0,2.592296693632766,5.238109008366735,20.79188917016333,1.6253608180416013,324,24.992743277997562,
0.0,0.9635584320440941,32.246307373046875,0.021012760966080866,31.104379947543432,31.104379947543432,0.653588900835889,0.027866646647453308,1193.0865201111394,0.009103697107215335,0.7692977522947,1.763889075143761,5.910735105768417,6.0,2.533186827438461,5.170309831973046,20.36943079660381,1.6377348222748482,325,31.104379947543432,
0.0,0.9515220142200741,20.828777313232422,0.029808979302830763,19.046271988564218,19.046271988564218,0.5677499275031961,0.025688525289297104,782.8072941146909,0.013041735809331746,0.8518979296553381,2.511770802493495,5.202174193307139,5.0,3.363668732148833,5.303334632504307,22.121678293248472,2.1086044370475014,326,19.046271988564218,
0.0,1.3013390110972365,80.91527557373047,0.002682651033821938,207.99929122948421,207.99929122948421,0.5579895136510062,0.04715525358915329,1017.3763674868601,0.005514559124724759,0.9210740422371657,2.2342085650626884,5.1577095225406655,5.0,3.155282607299854,4.824489009212477,20.60090204571175,1.9053740274711228,327,207.99929122948421,
0.0,0.8372099511400176,19.334707260131836,1.0564333117645779,0.35172298277786107,0.35172298277786107,0.37157187551973136,0.026486314833164215,2732.7831837679414,0.09781415859346754,1.2112043659128193,6.571080521943778,2.7316687681242815,3.0,7.782284887856598,4.043428275937389,27.39028293950718,4.6717330693953505,328,0.35172298277786107,ood:cond:pp:2732.78 outside [505.725,2097.14]
0.0,0.8658576553229729,18.913755416870117,1.011317139548035,0.3539912118917371,0.3539912118917371,0.3579973798354939,0.026836996898055077,2687.059867265312,0.09310647023441238,1.210341971107712,11.000093052040144,2.2799318433119007,2.0,12.210435023147856,4.160537557614745,28.581407603910456,3.998124652857026,329,0.3539912118917371,ood:cond:pp:2687.06 outside [505.725,2097.14]
0.0,0.8797872779399335,19.649003982543945,0.9954664152728538,0.3875267460188913,0.3875267460188913,0.38576986068177943,0.027148673310875893,2749.3282806949996,0.08773415682835974,1.398083095940371,9.543985376035387,2.256042294247771,2.0,10.942068471975757,4.7008280169209575,26.584964960872473,4.146578955208085,330,0.3875267460188913,ood:cond:pp:2749.33 outside [505.725,2097.14]
0.0,0.8681997465775039,20.023529052734375,0.9821285642821411,0.35727047999208583,0.35727047999208583,0.35088554357501867,0.02657490037381649,2853.90016933207,0.08774087279663435,1.2612497211476132,10.954480348753723,2.121904971721495,2.0,12.215730069901337,4.451304716148121,28.882764855950796,4.316950528114429,331,0.35727047999208583,ood:cond:pp:2853.9 outside [505.725,2097.14]
0.0,0.8887669715310548,21.719131469726562,0.9918075206081302,0.3561679054722755,0.3561679054722755,0.35325000724664846,0.025858065113425255,2952.9841451709385,0.08761363256580186,1.2013330986473347,10.428936245362195,2.499471329481885,2.0,11.63026934400953,4.840458791062195,28.100997479081254,4.591036321571388,332,0.3561679054722755,ood:cond:pp:2952.98 outside [505.725,2097.14]
0.0,0.829192037616985,17.03534507751465,1.0036516220066556,0.3991097925509737,0.3991097925509737,0.40056719065252455,0.028850849717855453,2697.264887031263,0.08779800239481464,1.3531184964372247,6.548281146915343,2.5794358299658553,3.0,7.901399643352568,3.133482558305535,26.837681488363238,4.221960237793618,333,0.3991097925509737,ood:cond:pp:2697.26 outside [505.725,2097.14]
0.0,0.8890597823602092,21.45285987854004,1.027202867738217,0.35412649183351264,0.35412649183351264,0.36375974795345845,0.02557530626654625,2802.4084077184025,0.09319318372363398,1.3691551059212659,9.76764852326427,2.127146436318341,2.0,11.136803629185536,4.6666803330358295,26.9402875914069,4.334228833582344,334,0.35412649183351264,ood:cond:pp:2802.41 outside [505.725,2097.14]
0.0,0.8260919026941488,16.78676414489746,1.0212556685951673,0.3718496546932776,0.3718496546932776,0.37975356772066526,0.02829233556985855,2665.0383475489066,0.09239329036166073,1.3774198638257935,6.512317372658659,3.015007438373909,3.0,7.889737236484453,3.9300483186176356,27.599260028070994,4.1009970142578265,335,0.3718496546932776,ood:cond:pp:2665.04 outside [505.725,2097.14]
0.0,0.7970410069955866,12.976551055908203,1.0687281820257954,0.37502235107530213,0.37502235107530213,0.4007969554837473,0.02882164530456066,2414.932083004019,0.09298318632655088,1.1607270698119623,6.301945530271188,3.483744036613433,3.0,7.46267260008315,3.9803048382968855,26.368322638546335,0.6275930255044578,336,0.37502235107530213,ood:cond:pp:2414.93 outside [505.725,2097.14]
0.0,0.8360461205824171,19.090147018432617,1.0983385714596428,0.34461273621185823,0.34461273621185823,0.3785014603977311,0.02569064311683178,2986.5852580498413,0.08754326107555643,1.134519882342032,4.684830271873139,3.515462245523656,4.0,5.81935015421517,2.603465436211268,25.880866053071948,0.10458415010276687,337,0.34461273621185823,ood:cond:pp:2986.59 outside [505.725,2097.14]
0.0,0.820216824920903,16.594194412231445,1.0961394420036106,0.371197128746446,0.371197128746446,0.4068838135774717,0.027262892574071884,2658.8519763163367,0.09041394495930559,1.0451320844776169,6.962226565255364,2.9197664416281133,3.0,8.00735864973298,2.190149308822783,26.212225258021725,0.21148445098719335,338,0.371197128746446,ood:cond:pp:2658.85 outside [505.725,2097.14]
0.0,0.8035225266799608,14.075368881225586,1.0821396431911607,0.36602710221871565,0.36602710221871565,0.3960924377932555,0.028716538101434708,2454.5631082736145,0.09401409818638189,1.0892115647439522,4.915569975844054,3.5550742092609147,4.0,6.004781540588007,2.3159469889877506,26.335073151339778,0.10223378475959925,339,0.36602710221871565,ood:cond:pp:2454.56 outside [505.725,2097.14]
0.0,0.8275459081405265,17.884206771850586,1.1092544234073558,0.3474607450758541,0.3474607450758541,0.3854223684358068,0.026154056191444397,2800.565824182892,0.09113145192763246,1.0640982036473874,6.875535981309838,2.7106195010544902,3.0,7.939634184957225,2.795532486644512,26.614435041516188,0.02596967540371711,340,0.3474607450758541,ood:cond:pp:2800.57 outside [505.725,2097.14]
0.0,0.8223155379872787,17.69923210144043,1.1041358315027079,0.342829969143823,0.342829969143823,0.3785308530446627,0.026226207613945007,2810.843026524568,0.09157251565582508,1.2005350139226196,7.056574409246425,2.8147627776640904,3.0,8.257109423169045,2.3959802513855,27.167308520892632,0.2720237855082373,341,0.342829969143823,ood:cond:pp:2810.84 outside [505.725,2097.14]
0.0,0.8315574983112997,17.852373123168945,1.1065072617830654,0.3333230632614495,0.3333230632614495,0.36882439001857,0.02599363587796688,2838.4070770032286,0.09200759896340113,1.1749655068100373,6.845410259410668,2.9484103183322476,3.0,8.020375766220706,3.1215373487095177,27.182664647371634,0.18118879826120027,342,0.3333230632614495,ood:cond:pp:2838.41 outside [505.725,2097.14]
0.0,0.7893707852484962,12.91245174407959,1.0580420645105162,0.3820034950300932,0.3820034950300932,0.4041757665318725,0.02880583517253399,2419.6693388123226,0.09078433328804415,1.096251795606598,6.417652918061847,3.4942468027306828,3.0,7.513904713668445,3.802796006671022,26.344510147676356,0.3287711922879414,343,0.3820034950300932,ood:cond:pp:2419.67 outside [505.725,2097.14]
0.0,0.7952468239854392,13.650459289550781,1.0390715738303935,0.36102977585458146,0.36102977585458146,0.37513577739685416,0.0268713366240263,2722.0593244861334,0.08460976962516217,0.8628206551137125,3.652707757290856,4.075914042030268,4.0,4.515528412404569,8.55397844164022,26.616092091258498,0.5587040267612682,344,0.36102977585458146,ood:cond:pp:2722.06 outside [505.725,2097.14]
0.0,0.8301731034633544,15.511062622070312,1.1090752577375644,0.3266379124060572,0.3266379124060572,0.36226602688860793,0.026098152622580528,2692.890015270924,0.09415556485348821,0.7969328021835624,3.4369344980319294,4.042552129024802,4.0,4.233867300215492,9.29171511570619,26.227184316568156,0.5881760264239527,345,0.3266379124060572,ood:cond:pp:2692.89 outside [505.725,2097.14]
0.0,0.8062335666821138,13.240376472473145,1.059218603867151,0.32959859162649524,0.32959859162649524,0.3491169600591955,0.026205196976661682,2516.224878904065,0.09328878649793622,0.9492338376111831,2.5971692078209543,4.608845141734654,5.0,3.5464030454321374,9.786223226288064,27.518238453448753,0.3485209140136954,346,0.32959859162649524,ood:cond:pp:2516.22 outside [505.725,2097.14]
0.0,0.847355142548471,16.777114868164062,1.1289151369162842,0.30295226153531135,0.30295226153531135,0.34200739381023393,0.025288239121437073,2742.2007970161726,0.0965843817654953,0.8311731538416668,3.4283645124216213,4.266355602506075,4.0,4.259537666263288,9.815648373384521,26.85379903843767,0.18496878164232303,347,0.30295226153531135,ood:cond:pp:2742.2 outside [505.725,2097.14]
0.0,0.8370690129987199,16.473657608032227,1.107946228549057,0.3249902651271383,0.3249902651271383,0.360071738562771,0.025701453909277916,2783.631804552143,0.0926731932357848,0.9180954990467765,3.254831095404361,4.259305527304708,4.0,4.172926594451138,9.405606952081222,26.097313329885772,0.6403728503206871,348,0.3249902651271383,ood:cond:pp:2783.63 outside [505.725,2097.14]
0.0,0.7892686977188085,11.968501091003418,1.071571587424147,0.35871387328520105,0.35871387328520105,0.38438759462728717,0.028022753074765205,2434.618840162395,0.09326371553042234,1.0127907707232806,3.3174612618060726,4.472759965945183,4.0,4.330252032529353,8.59768545755466,25.91869358767207,0.6938907847161093,349,0.35871387328520105,ood:cond:pp:2434.62 outside [505.725,2097.14]
0.0,0.7731855886652297,11.545127868652344,1.0343440742110186,0.3709770870499696,0.3709770870499696,0.3837179516582013,0.027209796011447906,2465.879159171888,0.08835207197102696,0.8611730576835913,2.58250200309222,4.734799962597737,5.0,3.4436750607758113,8.822491113365217,26.040866417244274,0.5346824433394912,350,0.3709770870499696,ood:cond:pp:2465.88 outside [505.725,2097.14]
0.0,0.7801801823711594,12.34677505493164,1.032982727776932,0.364174696203406,0.364174696203406,0.3761861710715298,0.02660939283668995,2578.587832845737,0.0862725616674844,0.8244326986294932,2.649741829720185,4.731523325195476,5.0,3.4741745283496783,9.03107285223088,26.40194549397927,0.36425148118312667,351,0.364174696203406,ood:cond:pp:2578.59 outside [505.725,2097.14]
0.0,0.8196011323358234,17.054397583007812,0.9946476635056659,0.36098695893411326,0.36098695893411326,0.3590548352598315,0.027517899870872498,2545.829441685862,0.09583218259920362,1.098775120906363,2.6621800782684724,5.466011937088795,5.0,3.7609551991748353,8.253489656738687,27.058265652612864,4.888770902192266,352,0.36098695893411326,ood:cond:pp:2545.83 outside [505.725,2097.14]
0.0,0.8128215084815782,14.402888298034668,0.9511468370054592,0.4083832331671772,0.4083832331671772,0.3884324205130235,0.029050832614302635,2244.853432486221,0.09504895297073766,1.2960478519482532,2.0592607661653135,5.55593123413664,6.0,3.355308618113567,7.7967771081609385,27.92862881684234,4.943199542717084,353,0.4083832331671772,ood:cond:pp:2244.85 outside [505.725,2097.14]
0.0,0.8202758063874951,19.944515228271484,1.0294458370489592,0.3698780685469467,0.3698780685469467,0.38076943788136386,0.02516644261777401,2734.049648489805,0.09311586344057018,1.155388415121492,1.8252957357098374,5.584431964104743,6.0,2.9806841508313293,8.580817927507063,26.464922832495038,4.03346100011927,354,0.3698780685469467,ood:cond:pp:2734.05 outside [505.725,2097.14]
0.0,0.8298173234373613,18.587081909179688,0.984156820257955,0.33823975148230195,0.33823975148230195,0.3328809583036632,0.026763448491692543,2783.9346539091916,0.09113315192280956,1.1376239034682811,3.0055278896028836,5.102303628166168,5.0,4.143151793071165,7.443973546838629,28.159732512194456,4.06354529187475,355,0.33823975148230195,ood:cond:pp:2783.93 outside [505.725,2097.14]
0.0,0.824771683895345,18.160314559936523,1.0078207582051895,0.3205719407563592,0.3205719407563592,0.323079056392383,0.026692405343055725,2580.8263026543273,0.0995200165802027,1.3464221145171145,2.6215746785036407,5.147512496000243,5.0,3.967996793020755,8.681645759455298,28.521629724559077,4.360695580711535,356,0.3205719407563592,ood:cond:pp:2580.83 outside [505.725,2097.14]
0.0,0.810730664732943,15.595702171325684,0.9584178638232159,0.36042134705865686,0.36042134705865686,0.34543425752424384,0.02809954434633255,2558.3692397832456,0.09130458154500094,1.232048181048697,2.887094249681242,5.15476988821557,5.0,4.119142430729939,7.73362034183608,28.329332495485776,4.3199082929649535,357,0.36042134705865686,ood:cond:pp:2558.37 outside [505.725,2097.14]
0.0,0.8001720671677026,13.659990310668945,0.9716517905691976,0.3645588949556967,0.3645588949556967,0.3542243030516307,0.028793981298804283,2338.88459583646,0.0969132202843562,1.3415603538841383,2.636803332320251,4.667221609680562,5.0,3.978363686204389,8.145670525660199,28.037488956682147,4.241816827679577,358,0.3645588949556967,ood:cond:pp:2338.88 outside [505.725,2097.14]
0.0,0.821648701609291,17.234359741210938,0.9891589136959784,0.36011879401336566,0.36011879401336566,0.3562147150877666,0.027547869831323624,2607.9183196508898,0.09337535020650506,1.2176520996191558,2.6259272741927395,5.249685681190156,5.0,3.8435793738118953,7.864670170550351,27.082567039609827,4.5239961147514185,359,0.36011879401336566,ood:cond:pp:2607.92 outside [505.725,2097.14]
0.0,0.7146491163580595,9.98914909362793,0.9078359152402288,0.41677255491953824,0.41677255491953824,0.37836109384238753,0.026671161875128746,2522.293649549236,0.07459811557071346,0.5327960995059757,4.717539559541311,3.9905896152431897,4.0,5.250335659047288,7.662941433963542,28.664284070152693,0.19899553213321708,360,0.41677255491953824,ood:cond:pp:2522.29 outside [505.725,2097.14]
0.0,0.7452325526870603,11.734865188598633,0.9661966173304043,0.40542985278936317,0.40542985278936317,0.39172495232984644,0.02691473253071308,2710.0515486017043,0.07570412498088414,0.5207962788087899,4.208932740474857,3.6626802087091597,4.0,4.729729019283647,8.036599350214667,26.955515427349255,0.5238150289773312,361,0.40542985278936317,ood:cond:pp:2710.05 outside [505.725,2097.14]
0.0,0.8191306738260768,15.261763572692871,1.0541253643125912,0.33029711003088497,0.33029711003088497,0.34817456144270265,0.026249350979924202,2815.7771746988815,0.08777851310483184,0.7305358772221813,4.227321144445751,3.520062253456705,4.0,4.957857021667932,7.72349826424401,27.55492635091574,0.5770745668088744,362,0.33029711003088497,ood:cond:pp:2815.78 outside [505.725,2097.14]
0.0,0.8458496919440238,16.858293533325195,1.0671958261739565,0.29577422812000725,0.29577422812000725,0.31564902173949544,0.025632353499531746,2854.1389368810414,0.09296258835975357,0.5759535924024337,4.818794789569118,3.5036462099222465,4.0,5.394748381971552,7.389143934875786,28.968137462761995,0.9729728272641889,363,0.29577422812000725,ood:cond:pp:2854.14 outside [505.725,2097.14]
0.0,0.7310639503707002,10.113533973693848,0.9163774142506036,0.42434391966963275,0.42434391966963275,0.38885918385982393,0.027071552351117134,2548.1647261333355,0.07553569090593616,0.5961362927946845,4.347458221726173,3.8742377160273254,4.0,4.943594514520857,8.136321838915793,27.910699896999223,1.2774182079644816,364,0.42434391966963275,ood:cond:pp:2548.16 outside [505.725,2097.14]
0.0,0.7791392214531863,12.373560905456543,1.0412625470343868,0.36116661258186133,0.36116661258186133,0.37606926692077053,0.027479857206344604,2562.9541581344447,0.08894466743810969,0.513120476298228,6.477837284205642,3.351531686851306,3.0,6.99095776050387,6.70314109254589,27.6760143740575,0.7177959594370378,365,0.36116661258186133,ood:cond:pp:2562.95 outside [505.725,2097.14]
0.0,0.743472121451484,10.83791446685791,0.9695323205080801,0.3753734802338687,0.3753734802338687,0.36393672134833666,0.027162497863173485,2533.351521066125,0.08225772751933873,0.6310892232158581,4.694495868930533,3.8363388271389542,4.0,5.325585092146391,7.2608486521000835,28.56318902068565,0.35301264323616144,366,0.3753734802338687,ood:cond:pp:2533.35 outside [505.725,2097.14]
0.0,0.7653926837160248,12.746358871459961,0.9840207467864367,0.3660880939410105,0.3660880939410105,0.3602382795894563,0.0268551092594862,2748.206636697958,0.08028854875425409,0.6418295862169301,4.8085658342965445,3.7411961729457417,4.0,5.450395420513474,6.498229497981632,28.29981118003553,0.427930195721499,367,0.3660880939410105,ood:cond:pp:2748.21 outside [505.725,2097.14]
0.0,0.881390281158986,22.67717170715332,1.115946900080475,0.37378024316169983,0.37378024316169983,0.41711890366762505,0.02425684593617916,2921.8888103418844,0.0874793066743642,1.4904951072858748,4.497099892479752,2.3939079070483382,2.0,5.987594999765626,9.199747471302665,21.174937470833918,1.0753778504008036,368,0.37378024316169983,ood:cond:pp:2921.89 outside [505.725,2097.14]
0.0,0.9037746111656091,19.62033462524414,1.0473677735606934,0.4308569164200957,0.4308569164200957,0.4512656492741414,0.026350684463977814,2750.3270369613692,0.07815868853701673,1.3143505092044387,4.904068393507999,2.1044463735561707,2.0,6.218418902712438,8.939112457851106,21.375950263275982,0.5848937391011397,369,0.4308569164200957,ood:cond:pp:2750.33 outside [505.725,2097.14]
0.0,0.8551618652502998,16.31427764892578,1.1697491408747853,0.35919538460657996,0.35919538460657996,0.420168492549735,0.026372287422418594,2542.2155103542223,0.09700568028298129,1.2546307149832963,2.904364101420181,2.83822155970218,3.0,4.158994816403477,9.966149599214644,22.443134048425076,0.2699705434332499,370,0.35919538460657996,ood:cond:pp:2542.22 outside [505.725,2097.14]
0.0,0.9011032226588506,20.931259155273438,1.107964987928747,0.3760204732007195,0.3760204732007195,0.4166175190507969,0.025259453803300858,2832.540589321345,0.08549009595546672,1.4853978092692814,4.588308652901506,2.22769182292815,2.0,6.0737064621707875,9.877611273630448,22.025024197972023,0.036412116547903245,371,0.3760204732007195,ood:cond:pp:2832.54 outside [505.725,2097.14]
0.0,0.8557524119713629,15.942830085754395,1.0425714215803554,0.44716662177624544,0.44716662177624544,0.46620314054854534,0.028423048555850983,2549.597584404778,0.07723971989389894,1.3562109591376783,2.9899750366896347,2.6808252445214795,3.0,4.346185995827313,8.14117652195232,21.179734509434258,0.06011055161285297,372,0.44716662177624544,ood:cond:pp:2549.6 outside [505.725,2097.14]
0.0,0.904739014999958,18.367694854736328,1.0821832791395698,0.41136925449503353,0.41136925449503353,0.4451769287666356,0.027025865390896797,2502.477427853468,0.08721598336349484,1.3516740958096252,5.220987930208497,2.4060463372749332,2.0,6.572662026018122,8.412322369346523,21.557646421382767,0.5156108459955943,373,0.41136925449503353,ood:cond:pp:2502.48 outside [505.725,2097.14]
0.0,0.8420215517814638,19.890424728393555,1.2077337581834395,0.3493373065866245,0.3493373065866245,0.4219064581575444,0.02410728484392166,2767.164574636787,0.09757035826947999,1.2623145219317544,2.6481937629679795,2.902186079968764,3.0,3.910508284899734,9.302786815941417,21.03431167064062,0.26404621445449294,374,0.3493373065866245,ood:cond:pp:2767.16 outside [505.725,2097.14]
0.0,0.8542205641188046,20.158187866210938,1.1764293831698458,0.3530564836117786,0.3530564836117786,0.41534602123951947,0.024089239537715912,2932.5460747076304,0.09211137022915723,1.3523413377809022,2.527356174434476,2.506163234100676,3.0,3.8796975122153783,9.999369681200292,21.638462217846428,0.45491010975395885,375,0.3530564836117786,ood:cond:pp:2932.55 outside [505.725,2097.14]
0.0,0.8841382837453038,21.22508430480957,1.144316587641647,0.4060036280076861,0.4060036280076861,0.46459668617188393,0.026227019727230072,2652.467259562859,0.08810525365719263,1.2286333761843062,1.822651793727386,5.149838925629441,5.0,3.0512851699116923,4.771158566271613,20.027584415830074,0.5129742358636311,376,0.4060036280076861,ood:cond:pp:2652.47 outside [505.725,2097.14]
0.0,0.8536681899799899,22.964332580566406,1.1460276333819084,0.38972828580083274,0.38972828580083274,0.44663938503831635,0.024613721296191216,2929.57852948835,0.08819153366473577,1.0525565587711778,2.3917502826788395,5.333256727427302,5.0,3.4443068414500173,3.779469875187626,21.001004082437714,0.9636175147662269,377,0.38972828580083274,ood:cond:pp:2929.58 outside [505.725,2097.14]
0.0,0.8366543210088185,20.68701171875,1.1953237488309372,0.3866169802787825,0.3866169802787825,0.46213245822853083,0.024943819269537926,2655.0168590645153,0.09528845237527901,1.0983007239234566,1.6236227607476754,5.744336087475511,6.0,2.721923484671132,4.514164304003427,20.845705212030218,0.9063792099486946,378,0.3866169802787825,ood:cond:pp:2655.02 outside [505.725,2097.14]
0.0,0.8189338427425814,22.721811294555664,1.2227820431955108,0.37172013028756307,0.37172013028756307,0.4545327004099278,0.02337837964296341,2902.329485217223,0.09763761850797467,1.2774920807149734,1.4191896512613553,5.838882485299042,6.0,2.6966817319763288,4.097337483199102,20.277427875057075,0.9995418242398252,379,0.37172013028756307,ood:cond:pp:2902.33 outside [505.725,2097.14]
0.0,0.8810847207591782,19.716135025024414,1.118680603888901,0.4068127761838775,0.4068127761838775,0.4550935621311004,0.027350472286343575,2620.595216735501,0.08620007079709827,1.197812798034271,2.2926029645701385,5.132058599787469,5.0,3.4904157626044094,3.8435521245248108,21.29563093754686,0.11770124076431174,380,0.4068127761838775,ood:cond:pp:2620.6 outside [505.725,2097.14]
0.0,0.8444806829971382,20.01837730407715,1.2049667496791874,0.3845751300798152,0.3845751300798152,0.4634002444997256,0.025713855400681496,2600.8152005875554,0.0952707262128974,1.2615150910130029,1.5488788869440395,5.785634281145311,6.0,2.8103939779570424,4.0906003438627625,20.952964211605014,0.2592920665257352,381,0.3845751300798152,ood:cond:pp:2600.82 outside [505.725,2097.14]
0.0,0.8483730444420401,21.79448127746582,1.191643647910912,0.374929816426803,0.374929816426803,0.4467827341574041,0.02484840154647827,2650.892522515279,0.09732043443947398,1.2367986107237283,2.063438472466626,5.0265611624741044,5.0,3.3002370831903542,4.127171119599328,20.6283565355511,0.4631534730625435,382,0.374929816426803,ood:cond:pp:2650.89 outside [505.725,2097.14]
0.0,0.8167970242345831,22.23322868347168,1.1886034049633512,0.36172628629797693,0.36172628629797693,0.4299490955585234,0.023731466382741928,2905.305643920157,0.0951378362934283,1.198163849416119,2.2863196936157983,5.371168171263095,5.0,3.484483543031917,3.7893725844388166,21.211790299598402,0.4005939415325561,383,0.36172628629797693,ood:cond:pp:2905.31 outside [505.725,2097.14]
0.0,0.828051663572621,17.545055389404297,1.1625895828348958,0.371721040982209,0.371721040982209,0.43215900996645956,0.025642098858952522,2604.425292155433,0.09290693563257177,0.6668584979190044,1.9211739286693523,4.645114233470371,5.0,2.5880324265883567,8.525548338451625,21.465710471393407,0.41040674258420157,384,0.371721040982209,ood:cond:pp:2604.43 outside [505.725,2097.14]
0.0,0.8127328542724219,18.15073013305664,1.190738983622246,0.3501981711762839,0.3501981711762839,0.41699461441281754,0.02454814873635769,2675.0559427616995,0.0967815887250141,0.6012949341754794,2.1846507914064452,5.074870953702813,5.0,2.7859457255819247,8.10835260538905,22.038081233298673,0.025970710383537692,385,0.3501981711762839,ood:cond:pp:2675.06 outside [505.725,2097.14]
0.0,0.8160455850265083,13.153165817260742,1.0493366928029233,0.4505127943048014,0.4505127943048014,0.472739605641204,0.02888595126569271,2263.961284866746,0.0812068244620298,0.6646772933083939,2.0587216057596116,4.420979509510674,4.0,2.7233988990680054,9.828593380889238,20.72218897716126,0.16101713623863245,386,0.4505127943048014,ood:cond:pp:2263.96 outside [505.725,2097.14]
0.0,0.8332942656178646,15.92199420928955,1.1397797404136851,0.39223161012400515,0.39223161012400515,0.4470576427691803,0.027119429782032967,2427.185552635966,0.09074015809354159,0.5591600826315496,1.8164296331467251,4.577877430203031,5.0,2.3755897157782746,9.224516480516664,21.102465059408036,0.30022067363736193,387,0.39223161012400515,ood:cond:pp:2427.19 outside [505.725,2097.14]
0.0,0.8435781391344177,14.554280281066895,1.0955400254475063,0.4338182219671608,0.4338182219671608,0.4752652259334953,0.028972186148166656,2188.687813741716,0.08706603695585834,0.5000233954460851,1.891921523591645,5.122699950544674,5.0,2.39194491903773,8.364099289985145,20.323823885173795,0.2621391831721653,388,0.4338182219671608,ood:cond:pp:2188.69 outside [505.725,2097.14]
0.0,0.85306110533631,17.173154830932617,1.172074896143724,0.390505922225921,0.390505922225921,0.45770218823645553,0.027002625167369843,2352.235231913566,0.09433937336969928,0.5107700245350434,1.8672620726831157,4.585015058890796,5.0,2.378032097218159,8.531324463059665,20.42148494915046,0.09160948799033349,389,0.390505922225921,ood:cond:pp:2352.24 outside [505.725,2097.14]
0.0,0.8328946304026292,15.542475700378418,1.0865614192966049,0.4073542815656544,0.4073542815656544,0.44261544633452626,0.027686526998877525,2508.9806503519544,0.08411188179496626,0.6384833764914695,2.128268406188635,4.713056796177,5.0,2.7667517826801045,8.094396482257025,21.928155395657548,0.2881110255519396,390,0.4073542815656544,ood:cond:pp:2508.98 outside [505.725,2097.14]
0.0,0.825360416439308,16.01910400390625,1.129264020597255,0.39538415219643164,0.39538415219643164,0.4464930973897794,0.02653132751584053,2559.007446056809,0.08701790902028293,0.6511256093276898,1.6130462278996787,5.041393756840042,5.0,2.2641718372273685,9.699706521161954,21.020565707298797,0.35734566025687353,391,0.39538415219643164,ood:cond:pp:2559.01 outside [505.725,2097.14]
0.0,0.8206810617343975,19.24957275390625,1.0669179018857256,0.37805913378649747,0.37805913378649747,0.4033580578082247,0.025684429332613945,2771.5052652706845,0.09051007066945979,1.139578586229954,1.9076361247717262,5.1511851769509756,5.0,3.04721471100168,8.089437992716872,23.325511547725274,3.0969046825566933,392,0.37805913378649747,ood:cond:pp:2771.51 outside [505.725,2097.14]
0.0,0.81688857716627,18.756559371948242,1.1199397932661983,0.36022143476860147,0.36022143476860147,0.4034263191848009,0.02561257779598236,2678.945976585589,0.09616746898581213,1.1246292935421371,2.042919632368518,5.132950916414499,5.0,3.1675489259106553,7.092177278436344,22.92992190798962,1.944466542426558,393,0.36022143476860147,ood:cond:pp:2678.95 outside [505.725,2097.14]
0.0,0.8222187770283047,19.09661865234375,1.0656540226635056,0.3863071986601634,0.3863071986601634,0.4116698202360731,0.025685498490929604,2783.524035431928,0.08871701219741723,1.0960279655409675,1.8105501393568466,5.4476321921729856,5.0,2.906578104897814,8.389389743423495,22.922280267912566,3.058025973330513,394,0.3863071986601634,ood:cond:pp:2783.52 outside [505.725,2097.14]
0.0,0.8162074162701896,16.16634178161621,0.9894246715749179,0.42819278411603584,0.42819278411603584,0.4236645047947585,0.02727741189301014,2836.5470075806143,0.07671323851292866,1.2678428245909839,1.68298419596448,5.1677530392441025,5.0,2.950827020555464,8.562162447821208,23.316297550598527,2.886531009097391,395,0.42819278411603584,ood:cond:pp:2836.55 outside [505.725,2097.14]
0.0,0.8341016625552723,17.28496742248535,1.0189210773865194,0.4406119337613676,0.4406119337613676,0.44894878625749035,0.027450719848275185,2756.8894064553683,0.07694899621877664,1.1869427397599641,1.3639886906759853,4.826117802843829,5.0,2.5509314304359494,8.554292461129217,21.308949613308965,2.657806179098344,396,0.4406119337613676,ood:cond:pp:2756.89 outside [505.725,2097.14]
0.0,0.833809743981758,18.93507194519043,1.0599417915479479,0.4113379511939227,0.4113379511939227,0.43599428492014874,0.02615533582866192,2878.492720613498,0.08112006372528105,1.179818514621865,1.4369320362348736,4.727108077777121,5.0,2.6167505508567386,8.439286181710381,21.523038935994073,2.443599945238476,397,0.4113379511939227,ood:cond:pp:2878.49 outside [505.725,2097.14]
0.0,0.8182619820017648,17.545299530029297,1.0672589011897253,0.41038721317672855,0.41038721317672855,0.43798940619730886,0.025894397869706154,2878.4483432737743,0.08114815905265786,1.1068709373169339,1.233121302014739,5.5713019834474045,6.0,2.3399922393316728,8.637368517755938,22.677321953745974,2.227288948427924,398,0.41038721317672855,ood:cond:pp:2878.45 outside [505.725,2097.14]
0.0,0.7973691300537441,14.540051460266113,0.9942016524566631,0.45430456194222146,0.45430456194222146,0.45167034620155705,0.02806868962943554,2739.4535586560037,0.07294230427486605,1.152213377042294,1.4914270015024065,5.64207763003396,6.0,2.6436403785447005,6.9529141912922094,22.81475646256041,2.0704294453288195,399,0.45430456194222146,ood:cond:pp:2739.45 outside [505.725,2097.14]
0.0,0.8707202625627,15.699563980102539,1.1250188953172238,0.39946853538877547,0.39946853538877547,0.4494096503970695,0.028284071013331413,2366.837807422175,0.09343019048784937,0.8778212046164141,3.2395277837427483,2.8514647885047317,3.0,4.117348988359162,9.295896590674323,21.64794355575181,1.2218154535197812,400,0.39946853538877547,ood:cond:pp:2366.84 outside [505.725,2097.14]
0.0,0.8430088851726636,19.642425537109375,1.181918540792135,0.36494877202371745,0.36494877202371745,0.4313397200941537,0.02439134567975998,2744.7038663627804,0.09605338582160358,0.8660274205100488,2.8862031227839022,2.5568821239836454,3.0,3.752230543293951,9.803736475877152,21.060428105759005,1.3311316087026694,401,0.36494877202371745,ood:cond:pp:2744.7 outside [505.725,2097.14]
0.0,0.8918879946918424,21.447433471679688,1.108939795984949,0.4023795943947246,0.4023795943947246,0.4462147453165924,0.02478327788412571,2671.330516518374,0.0905868982985605,0.9625409310663327,4.293724831788179,2.359840931003715,2.0,5.256265762854512,9.766747916193628,20.279279441902652,2.327081432523757,402,0.4023795943947246,ood:cond:pp:2671.33 outside [505.725,2097.14]
0.0,0.8634159498406991,19.386566162109375,1.1785139852534963,0.37864173471829865,0.37864173471829865,0.44623457976615927,0.02574090100824833,2527.0444144209,0.09871983755311248,0.9737159953213343,2.8127051927284983,2.7771209524471794,3.0,3.7864211880498324,9.135099427910411,20.49436299205991,1.661073161688838,403,0.37864173471829865,ood:cond:pp:2527.04 outside [505.725,2097.14]
0.0,0.8597307782466367,19.855363845825195,1.1533008352002088,0.3865851570345682,0.3865851570345682,0.44584898448397137,0.025500427931547165,2626.3483177438284,0.0951646067286959,0.9604829341087737,2.671340767529695,2.713588161679475,3.0,3.631823701638469,9.618063152765524,20.51353425768093,2.2526143519619586,404,0.3865851570345682,ood:cond:pp:2626.35 outside [505.725,2097.14]
0.0,0.8664607081395782,19.10284423828125,1.1299672934293234,0.39479329906365873,0.39479329906365873,0.4461035156069959,0.026046598330140114,2693.813604355033,0.08918953010726187,0.8915425345621106,3.0020919790033718,2.507452572897076,3.0,3.8936345135654826,9.479004932229195,21.159908472925643,1.5544775663519108,405,0.39479329906365873,ood:cond:pp:2693.81 outside [505.725,2097.14]
0.0,0.8768747076237868,15.828154563903809,1.125067832829458,0.40503482297142435,0.40503482297142435,0.4556916505009236,0.028570543974637985,2284.4034439204643,0.09686491071470707,0.830310563678148,3.101303220687298,3.125867698818317,3.0,3.931613784365446,9.468533647510888,21.263375000607226,2.2072414620141334,406,0.40503482297142435,ood:cond:pp:2284.4 outside [505.725,2097.14]
0.0,0.8650262092388838,15.340259552001953,1.0550892973660744,0.44324858752192675,0.44324858752192675,0.46766684076701465,0.028838371858000755,2402.632380255427,0.08475466114371341,0.8047516657410083,3.0092563145918607,2.8100365770503344,3.0,3.8140079803328693,9.635277452065134,21.077301393063742,2.188388108687062,407,0.44324858752192675,ood:cond:pp:2402.63 outside [505.725,2097.14]
0.0,0.8650885091081811,14.773218154907227,1.0046829121082281,0.46930922502806627,0.46930922502806627,0.47150695888045335,0.030667144805192947,2203.854844251713,0.08633175475440234,1.1336940587929896,2.4246125723323253,4.150964543232387,4.0,3.558306631125315,6.767070131501724,21.000296656002984,3.198299165663979,408,0.46930922502806627,ood:cond:pp:2203.85 outside [505.725,2097.14]
0.0,0.9109692215968078,18.924510955810547,1.1066892141723035,0.41755243853419777,0.41755243853419777,0.4621007800771404,0.02891792170703411,2258.5791162723294,0.09943053592923917,1.1196081267502727,2.586420677609569,4.1453974814150705,4.0,3.7060288043598417,5.983087520623172,20.80720273806254,3.3090563844083194,409,0.41755243853419777,ood:cond:pp:2258.58 outside [505.725,2097.14]
0.0,0.8520069266084382,22.146804809570312,1.1286850626400156,0.38054751262667535,0.38054751262667535,0.42951829312654116,0.024907667189836502,2789.152413560918,0.0948739925351933,1.3507576033389568,2.029846745976067,3.5628227877534395,4.0,3.380604349315024,7.366582948107008,20.889000345367105,3.003844270245048,410,0.38054751262667535,ood:cond:pp:2789.15 outside [505.725,2097.14]
0.0,0.9019025322186132,18.104345321655273,1.0438919867542467,0.4471060964495348,0.4471060964495348,0.4667304713126407,0.029792213812470436,2369.0309220594595,0.08841522257405597,1.1293802291768211,2.5971451341930747,3.6717316193472223,4.0,3.7265253633698956,5.988540266286303,20.894641719765886,3.308096184221253,411,0.4471060964495348,ood:cond:pp:2369.03 outside [505.725,2097.14]
0.0,0.8851238842071268,16.887073516845703,1.0217340327772582,0.44526856255435326,0.44526856255435326,0.4549460440875922,0.030445141717791557,2343.4136020734973,0.0887224403747588,1.142424109226672,2.7367483816811333,3.691114227864377,4.0,3.879172490907805,6.233980147004823,21.750670110636044,3.8190941263301434,412,0.44526856255435326,ood:cond:pp:2343.41 outside [505.725,2097.14]
0.0,0.8588296969932553,18.89651870727539,1.1109173472605869,0.38370829370734033,0.38370829370734033,0.42626819976724467,0.026962442323565483,2527.091360421695,0.09751562663307263,1.2841880006187663,2.340654530571067,3.6054790388312963,4.0,3.624842531189833,7.435487320814984,21.934857445574316,3.0025489491977253,413,0.38370829370734033,ood:cond:pp:2527.09 outside [505.725,2097.14]
0.0,0.8928005666537653,19.165966033935547,1.1180861490527874,0.40079378204042576,0.40079378204042576,0.44812197632588185,0.02746248058974743,2430.889319106123,0.09713606751951684,1.2038373960139837,3.5449160788628653,3.466760107625053,3.0,4.748753474876849,7.187790801200824,21.434051225831368,2.9488515079040436,414,0.40079378204042576,ood:cond:pp:2430.89 outside [505.725,2097.14]
0.0,0.8670026318207963,20.333797454833984,1.0598056501076625,0.41508246211542105,0.41508246211542105,0.439906738610523,0.02676469460129738,2806.012350155468,0.08468241355530383,1.1724898308672396,2.3075677692451286,4.152380284955232,4.0,3.480057600112368,7.629596324672871,21.549826725122344,3.3664149720804613,415,0.41508246211542105,ood:cond:pp:2806.01 outside [505.725,2097.14]
0.0,0.825464740283915,20.7083797454834,1.0453097472649369,0.3670611493934255,0.3670611493934255,0.3836925973032188,0.02607901766896248,2720.390936093957,0.09539405500857792,1.4492557988317536,2.0040668270858477,5.104103505330193,5.0,3.4533226259176013,7.098119674456853,24.36473280404486,4.589751857582935,416,0.3670611493934255,ood:cond:pp:2720.39 outside [505.725,2097.14]
0.0,0.8325706752274171,19.88434410095215,1.0678331693020424,0.3874741915043338,0.3874741915043338,0.4137577939368193,0.026774344965815544,2497.052872070768,0.09890955444723044,1.401698019396292,1.5066638813495195,5.055096689343375,5.0,2.9083619007458115,7.973506596428075,22.515316100157133,4.991195756501472,417,0.3874741915043338,ood:cond:pp:2497.05 outside [505.725,2097.14]
0.0,0.8431354778926421,19.14910125732422,1.0197281385257846,0.40910391180881484,0.40910391180881484,0.4171747704524195,0.02811455726623535,2589.705321594503,0.08960140175971783,1.328476205475308,2.002463902352684,4.844316619002944,5.0,3.330940107827992,6.472158894000829,23.126859433140787,4.476704500401496,418,0.40910391180881484,ood:cond:pp:2589.71 outside [505.725,2097.14]
0.0,0.838009226340766,16.593881607055664,0.99721463992866,0.42925969153351734,0.42925969153351734,0.42806404872848414,0.029722785577178,2404.316080511748,0.0888968638321371,1.3331129194816025,1.743864643026088,5.476382136006249,5.0,3.0769775625076905,7.433566528433261,22.818454340971712,4.800387492887715,419,0.42925969153351734,ood:cond:pp:2404.32 outside [505.725,2097.14]
0.0,0.8497187371412923,19.21596336364746,0.9874839593709899,0.43323563470886217,0.43323563470886217,0.42781323990291104,0.02879144996404648,2678.1180310033233,0.08282241947665966,1.4925181548969384,1.7275727461746166,5.268593540815562,5.0,3.220090901071555,6.509993057558718,22.610447562916494,4.811140778397968,420,0.43323563470886217,ood:cond:pp:2678.12 outside [505.725,2097.14]
0.0,0.8246745959154549,15.613357543945312,0.9659589985209996,0.44315818195446455,0.44315818195446455,0.4280726336271215,0.03045857883989811,2414.6821929327198,0.084790912798549,1.4348094899420942,1.861711098453043,5.418930351085385,5.0,3.296520588395137,6.635411596914101,23.118014538889785,4.569988129989743,421,0.44315818195446455,ood:cond:pp:2414.68 outside [505.725,2097.14]
0.0,0.8341359090880445,20.190946578979492,1.0389998667812166,0.39902535007476836,0.39902535007476836,0.4145872855700126,0.02664652094244957,2670.7911149486863,0.09116521238066727,1.343559628876583,1.5817451233466746,4.674807252308858,5.0,2.9253047522232576,8.120273171081262,22.74679693219755,4.900079658189418,422,0.39902535007476836,ood:cond:pp:2670.79 outside [505.725,2097.14]
0.0,0.8314275853262587,18.203571319580078,0.9977071416142854,0.41546639204025027,0.41546639204025027,0.4145137864392782,0.02814185619354248,2474.951726015306,0.09060792976957854,1.336397521632107,1.6064601845199051,5.516204026054437,6.0,2.942857706152012,7.1970803953542735,24.854226632266347,4.697349380831721,423,0.41546639204025027,ood:cond:pp:2474.95 outside [505.725,2097.14]
0.0,0.8273079055616783,23.901594161987305,1.089353168432042,0.4143386175563111,0.4143386175563111,0.45136108583871964,0.02452291175723076,2805.6531674645025,0.08944323578622346,1.2660160679732766,1.4801604549733287,5.562363990165414,6.0,2.7461765229466053,5.036784967130538,21.513844104810172,3.844780217030875,424,0.4143386175563111,ood:cond:pp:2805.65 outside [505.725,2097.14]
0.0,0.8273460045471466,19.14642333984375,1.0635953166800791,0.4236991280194575,0.4236991280194575,0.4506444082429283,0.0271954033523798,2636.8641880421437,0.08522886873423938,1.3553823286016966,1.3325112152080476,5.688286571657489,6.0,2.687893543809744,5.876131786340111,22.003493049198575,2.7005809109309475,425,0.4236991280194575,ood:cond:pp:2636.86 outside [505.725,2097.14]
0.0,0.8680980298002227,23.262569427490234,1.123451943362986,0.4065838969295627,0.4065838969295627,0.4567774691456132,0.02539020963013172,2578.9901142874555,0.09631745050384423,1.1554632835920655,1.9963294171502657,5.4302719601375715,5.0,3.151792700742331,4.584939459714274,20.34390296342593,3.1738550782637334,426,0.4065838969295627,ood:cond:pp:2578.99 outside [505.725,2097.14]
0.0,0.88139615790039,20.929981231689453,1.0947143408660853,0.41797689584031084,0.41797689584031084,0.4575653020270783,0.02760402485728264,2362.923854338591,0.09613533969410791,1.2466913954327166,1.6268692810913437,5.45140460331253,5.0,2.87356067652406,6.057966123970404,20.425769506590704,3.437748790982821,427,0.41797689584031084,ood:cond:pp:2362.92 outside [505.725,2097.14]
0.0,0.8477548388072322,20.3265438079834,1.0586978951432238,0.4335764193548009,0.4335764193548009,0.4590264425546634,0.02804477885365486,2398.4105832311343,0.09141981676089136,1.3791564054638679,1.4253479868352783,5.550485818221574,6.0,2.804504392299146,5.034566844721055,21.861593198515934,3.7160759573920417,428,0.4335764193548009,ood:cond:pp:2398.41 outside [505.725,2097.14]
0.0,0.8746943761801137,20.69419288635254,1.0580376465406616,0.4316487951373752,0.4316487951373752,0.4567006753392606,0.027696292847394943,2516.4693178417724,0.0879323947162869,1.1518036866110752,1.6973346959574647,5.475718567599509,5.0,2.84913838256854,6.3845847242118605,20.63027663705456,3.4349517237656944,429,0.4316487951373752,ood:cond:pp:2516.47 outside [505.725,2097.14]
0.0,0.8398696961379107,21.790327072143555,1.1011018416817104,0.41735091998859136,0.41735091998859136,0.45954586662699415,0.02609030157327652,2521.4696204584407,0.09318668308812032,1.360809884987261,1.3364525191458183,5.677045807631398,6.0,2.6972624041330793,5.085218013000488,21.268792437798965,3.2475298275869644,430,0.41735091998859136,ood:cond:pp:2521.47 outside [505.725,2097.14]
0.0,0.8241735272990147,23.16208267211914,1.128595547773887,0.3870156734127921,0.3870156734127921,0.43678416593238983,0.02438189461827278,2669.09498225145,0.09822952147830824,1.28645311902253,1.2425605327717215,5.7565226675381584,6.0,2.5290136517942514,6.443693366975146,21.617775277740655,3.553704360757375,431,0.3870156734127921,ood:cond:pp:2669.09 outside [505.725,2097.14]
0.0,0.8379599202973462,16.6751708984375,1.0747408350914587,0.35991636537854593,0.35991636537854593,0.386816815090021,0.027587302029132843,2627.945857458195,0.0947924315578832,1.158289347152181,3.726522778961084,3.720733519905226,4.0,4.884812126113265,5.628619225644226,25.167867730097285,2.2319338258407853,432,0.35991636537854593,ood:cond:pp:2627.95 outside [505.725,2097.14]
0.0,0.731575555278902,9.73176097869873,0.9571615971028993,0.4304989518885636,0.4304989518885636,0.4120570643407817,0.029143933206796646,2144.9530818164453,0.08841215032006494,1.02197783735011,5.738184060615943,3.3731759258412617,3.0,6.760161897966053,6.105978894246336,26.38646458814449,2.453930240322294,433,0.4304989518885636,ood:cond:pp:2144.95 outside [505.725,2097.14]
0.0,0.7138535405535436,9.270071029663086,0.9111143887160972,0.449309654667755,0.449309654667755,0.40937249135685233,0.028748830780386925,2121.767701144443,0.08336982506299863,1.1271600530577024,5.985426831319513,2.980589876074748,3.0,7.112586884377215,5.57731847433548,26.915079127467127,1.924438248806048,434,0.449309654667755,ood:cond:pp:2121.77 outside [505.725,2097.14]
0.0,0.719173647673087,9.045173645019531,0.9253266578941645,0.4437322072507797,0.4437322072507797,0.4105972403353647,0.02844139374792576,2177.6340958754677,0.08339198364466191,1.1182577617192815,5.251140480154992,3.0957028702231066,3.0,6.369398241874273,7.378516623723272,26.48671134934609,2.0230018428358036,435,0.4437322072507797,ood:cond:pp:2177.63 outside [505.725,2097.14]
0.0,0.8146668697048095,13.90853500366211,1.0370002256563065,0.39362548656734325,0.39362548656734325,0.4081897183944084,0.02881604991853237,2509.488553318807,0.08953025464152417,1.169082300761547,5.281615788933967,3.121243863346451,3.0,6.450698089695514,5.940650307759393,25.292744576845937,2.2482886125398727,436,0.39362548656734325,ood:cond:pp:2509.49 outside [505.725,2097.14]
0.0,0.7674953544218269,11.798822402954102,0.979108168214542,0.38886933872310087,0.38886933872310087,0.38074514591197556,0.02897046133875847,2471.2902012473796,0.0871171185149683,1.1874316922144608,4.184476445161838,3.7379304799185533,4.0,5.371908137376299,5.574689728733343,27.06232227823854,2.2374828201047676,437,0.38886933872310087,ood:cond:pp:2471.29 outside [505.725,2097.14]
0.0,0.7887443121350611,12.240840911865234,1.0238756606564152,0.3987326395046239,0.3987326395046239,0.40825264469807304,0.029881158843636513,2293.3759348542353,0.09318353813489019,1.0417393793087453,3.8501271399640444,3.657773240388387,4.0,4.8918665192727895,5.627509323622234,25.194975400713393,2.395093246662821,438,0.3987326395046239,ood:cond:pp:2293.38 outside [505.725,2097.14]
0.0,0.8364147409257913,15.790250778198242,1.0799723910868477,0.36303584076844114,0.36303584076844114,0.3920686850049175,0.027400370687246323,2603.5689300345166,0.0948672203780896,1.1766733377581275,4.860558999324501,3.1716170126679413,3.0,6.037232337082628,7.247023748579414,25.3587207598273,2.44737371855675,439,0.36303584076844114,ood:cond:pp:2603.57 outside [505.725,2097.14]
0.0,0.7223104190900875,10.737649917602539,0.978437656328164,0.4472385220489171,0.4472385220489171,0.4375950113332144,0.02899196185171604,2237.3993176141153,0.0810850640010868,1.2896664706144032,1.9693182343614082,5.526425986757824,6.0,3.2589847049758114,4.9339837416678,24.487891971522668,0.7575605740740317,440,0.4472385220489171,ood:cond:pp:2237.4 outside [505.725,2097.14]
0.0,0.7948766616790787,12.878701210021973,1.0825447370424344,0.3753797204772906,0.3753797204772906,0.4063653407951511,0.028764063492417336,2397.4616916740947,0.09378067856325348,1.2492224069781372,2.030783276067708,5.734347482593487,6.0,3.280005683045845,5.68295003480051,25.362984133075578,0.8146596836091827,441,0.3753797204772906,ood:cond:pp:2397.46 outside [505.725,2097.14]
0.0,0.7803642882908252,11.874892234802246,1.0696932705483175,0.37310218445125914,0.37310218445125914,0.399104895934389,0.02920323982834816,2281.620534039093,0.09669076356399442,1.3091889041711702,2.199648413520202,5.7257701653293696,6.0,3.508837317691372,5.167310234212791,26.220334140361025,0.8950342935417284,442,0.37310218445125914,ood:cond:pp:2281.62 outside [505.725,2097.14]
0.0,0.7490073357396145,9.93728256225586,1.0670153011288253,0.37902817174655296,0.37902817174655296,0.40442885881245627,0.029428433626890182,2127.645642867335,0.09703760833844846,1.3226475570253673,2.08431721930918,5.583538938686705,6.0,3.406964776334547,5.7354495573142525,26.177238215321537,0.040661889661941,443,0.37902817174655296,ood:cond:pp:2127.65 outside [505.725,2097.14]
0.0,0.7213315937353099,9.18154525756836,1.027966496835374,0.4194560631517462,0.4194560631517462,0.431186779814458,0.02934618666768074,1943.8661363615079,0.09428956456360585,1.3086020886360052,1.7468380631628477,5.578243481390246,6.0,3.055440151798853,6.409021082340258,24.741661993133377,0.48347390242826693,444,0.4194560631517462,
0.0,0.7092932365297483,8.987855911254883,0.9917311237140309,0.4185067451652404,0.4185067451652404,0.41504616466462546,0.02907320111989975,1975.675082278573,0.09268054846150647,1.31279889757481,2.176127923594532,5.754580733572931,6.0,3.488926821169342,5.341872654904956,26.27543358192101,0.6620921938626166,445,0.4185067451652404,
0.0,0.7520481565245317,11.571916580200195,1.0122327468081866,0.40730251101090215,0.40730251101090215,0.41228493950243716,0.028661880642175674,2431.457661110133,0.08444870587671897,1.283676211713274,2.2257894498622646,5.96932076344295,6.0,3.5094656615755384,4.7282588429673496,25.78505281242058,0.7744405089116587,446,0.40730251101090215,ood:cond:pp:2431.46 outside [505.725,2097.14]
0.0,0.7417888580574227,9.860333442687988,1.0486801145137787,0.3866965318785127,0.3866965318785127,0.4055209633324398,0.029396701604127884,2108.950039737259,0.09620522620238725,1.332257765186554,2.13776281371786,5.992492133586524,6.0,3.470020578904414,5.478472911419063,26.298596384845546,0.40550758223002564,447,0.3866965318785127,ood:cond:pp:2108.95 outside [505.725,2097.14]
0.0,0.7340313031336967,9.429706573486328,0.9835532576070644,0.38588731663781195,0.38588731663781195,0.3795407273483687,0.029729288071393967,2108.4152177795986,0.09693428459633216,1.3975711609807844,4.528197468336983,3.6881114402654327,4.0,5.925768629317767,4.42329059271545,28.12636510998652,2.2503931650262885,448,0.38588731663781195,ood:cond:pp:2108.42 outside [505.725,2097.14]
0.0,0.6999706976510169,7.116134166717529,0.9147411341540336,0.4188533077216491,0.4188533077216491,0.3831423497494697,0.02862735651433468,1792.2543499859423,0.09738316226146569,1.4897793694964867,6.782094148251257,2.937683865636509,3.0,8.271873517747744,5.072988979653999,29.88860953289723,2.2122301004006,449,0.4188533077216491,
0.0,0.7077909950315234,8.497567176818848,0.7731654550101138,0.5311802707299513,0.5311802707299513,0.4106902357113183,0.028896937146782875,1705.1102345930908,0.08245953848397176,1.2686714564977772,4.497852845014277,3.6244037428858777,4.0,5.766524301512055,4.8757481742909,27.94184538033912,2.634570405791586,450,0.5311802707299513,
0.0,0.7124620403998663,9.346586227416992,0.9268331176457794,0.41844633279100246,0.41844633279100246,0.38782991918812815,0.028932828456163406,2209.377279205515,0.08670387785721863,1.36447553562004,6.780147244350488,3.3946218103846366,3.0,8.144622779970527,4.287530557755691,28.721398897667274,2.4774481394259564,451,0.41844633279100246,ood:cond:pp:2209.38 outside [505.725,2097.14]
0.0,0.7062460907347196,8.905519485473633,0.902168203667051,0.4242835204447831,0.4242835204447831,0.3827751014852025,0.028848664835095406,2141.019983129522,0.08542631781206841,1.309320675049321,4.655786939484958,3.5977397089613263,4.0,5.965107614534279,4.634914320167757,28.495344778304872,1.7864051629493536,452,0.4242835204447831,ood:cond:pp:2141.02 outside [505.725,2097.14]
0.0,0.7034146368472638,7.753528594970703,0.9418624393718599,0.43391713881794275,0.43391713881794275,0.4086902548523255,0.02901654690504074,1694.8102231664566,0.09958699733273607,1.3387607395794165,6.446146692804039,3.458709751488574,3.0,7.784907432383456,4.625946612809872,27.98066890996024,1.5778229738211433,453,0.43391713881794275,
0.0,0.7053608354116057,7.342546463012695,0.8795838136459534,0.4481379047668583,0.4481379047668583,0.39417484731414026,0.02889067307114601,1655.1889279876875,0.09772103029374239,1.3212435278196981,4.62431712065593,3.5211544006633844,4.0,5.945560648475628,5.382132363756125,29.164374957658637,2.0103188728989876,454,0.4481379047668583,
0.0,0.7325117007438534,9.074920654296875,0.9917581752832938,0.3715670937725018,0.3715670937725018,0.3685047029151329,0.0294369924813509,2102.8407702778245,0.09819361392913242,1.4808012967463497,4.587058951798959,3.7777507427540744,4.0,6.067860248545308,4.453850910204075,28.72529190438531,1.674312786739276,455,0.3715670937725018,ood:cond:pp:2102.84 outside [505.725,2097.14]
0.0,0.7955229075107695,11.859014511108398,1.014458316114579,0.4286841605759173,0.4286841605759173,0.43488221168283686,0.030001884326338768,2124.5791559150957,0.09172690779922857,0.6505041974427588,4.086575571526709,4.321623765784913,4.0,4.737079768969468,5.27317592322586,24.221494999103733,1.9049873220068516,456,0.4286841605759173,ood:cond:pp:2124.58 outside [505.725,2097.14]
0.0,0.8504084905747623,15.523959159851074,1.1023604193401049,0.37678713410965425,0.37678713410965425,0.4153552231590748,0.028503645211458206,2396.1200955909762,0.09865131071565988,0.8494523032238518,3.2951022994435997,4.046254496766991,4.0,4.144554602667451,6.997678905112659,23.575897315782463,2.2632407402216903,457,0.37678713410965425,ood:cond:pp:2396.12 outside [505.725,2097.14]
0.0,0.782234056517082,12.056139945983887,1.003307971920743,0.44131178491112877,0.44131178491112877,0.4427716319039077,0.029909772798419,2080.3488567003033,0.0890543638462337,0.6727608017369234,2.838786933611943,4.662853364912116,5.0,3.5115477353488664,5.78706025140212,23.344798928146453,1.7394434689974156,458,0.44131178491112877,
0.0,0.8604051992140781,14.114937782287598,1.076514344128586,0.4170678774670247,0.4170678774670247,0.44897955256851557,0.03022404946386814,2148.920140340715,0.096090945163082,0.7186459362420643,3.578995500031851,3.9943814374995474,4.0,4.297641436273915,5.577308755565085,22.767874500660746,1.7836309496756524,459,0.4170678774670247,ood:cond:pp:2148.92 outside [505.725,2097.14]
0.0,0.7988868005084006,12.308470726013184,0.9530440491985123,0.4772497303741569,0.4772497303741569,0.4548400155146847,0.029851818457245827,2196.143771811937,0.0811998949074136,0.7295562185158013,3.7104079182998255,4.467714228204315,4.0,4.439964136815627,5.374098033905151,23.133954581167657,2.05684069784919,460,0.4772497303741569,ood:cond:pp:2196.14 outside [505.725,2097.14]
0.0,0.8186455123542001,15.43922233581543,1.0835686865171716,0.367832230607537,0.367832230607537,0.39857148697809025,0.027567805722355843,2519.288371642976,0.09459299499615097,0.7434563790450832,2.8731818830018643,4.678956133256698,5.0,3.6166382620469477,6.381836548884424,24.46502785911916,1.7050735629152494,461,0.367832230607537,ood:cond:pp:2519.29 outside [505.725,2097.14]
0.0,0.8724972069370273,15.26423168182373,1.1012057659264414,0.39849151316168285,0.39849151316168285,0.43882115196639754,0.029521318152546883,2256.4446990078313,0.09716668669671163,0.8849662389221759,3.0299983329717124,4.370876082217879,4.0,3.914964571893888,6.831000578064476,22.49085886564003,1.7806765929945387,462,0.39849151316168285,ood:cond:pp:2256.44 outside [505.725,2097.14]
0.0,0.7485971544384824,10.712862968444824,0.9716230397807599,0.4412727821435164,0.4412727821435164,0.42875080195879645,0.029335197061300278,2117.359687856764,0.08632256318335206,0.8280217461336535,2.612810836265528,4.693312222473691,5.0,3.4408325823991817,6.842875514702651,24.04703842669856,1.8146619812020006,463,0.4412727821435164,ood:cond:pp:2117.36 outside [505.725,2097.14]
0.0,0.7980163991811261,14.621025085449219,1.0043818784392196,0.4041390471263095,0.4041390471263095,0.405909935303359,0.029446370899677277,2415.3495969618652,0.09116851646716485,0.5331361246261852,3.7261954931798287,5.0170338560733585,5.0,4.259331617806014,4.243150820025602,25.539808909055672,3.192248988285821,464,0.4041390471263095,ood:cond:pp:2415.35 outside [505.725,2097.14]
0.0,0.8117262669196659,15.283616065979004,1.0457788676947168,0.38649079812885395,0.38649079812885395,0.4041839092416203,0.027966640889644623,2469.7054194466423,0.09356336840674614,0.6079313956448366,2.8272560155979054,5.518800944169548,6.0,3.435187411242742,5.47645332102653,26.08757778848298,2.5328037736111635,465,0.38649079812885395,ood:cond:pp:2469.71 outside [505.725,2097.14]
0.0,0.7285647410317971,10.898845672607422,0.9036677985731997,0.46884814905119954,0.46884814905119954,0.42368297471821686,0.02803109586238861,2409.890899749112,0.07532433774424876,0.5256502744797585,2.853715150121074,5.6245133764891575,6.0,3.3793654246008327,5.875203053606586,26.151395601211583,2.458569507432598,466,0.46884814905119954,ood:cond:pp:2409.89 outside [505.725,2097.14]
0.0,0.7754376187073246,13.598475456237793,0.9434038350697088,0.4507743997325484,0.4507743997325484,0.42526229745893207,0.029208954423666,2494.6445857440312,0.07811591500201352,0.586880470908506,3.3755961518517132,5.01630192825605,5.0,3.9624766227602195,4.739714610411214,24.552097724212313,2.6394532756220928,467,0.4507743997325484,ood:cond:pp:2494.64 outside [505.725,2097.14]
0.0,0.7608657289910952,12.537270545959473,0.9054594552711138,0.4801160195580487,0.4801160195580487,0.43472558953596624,0.02904452756047249,2400.7325868983994,0.07401530989164698,0.6349152882749785,3.1176768887630915,5.0366723940310925,5.0,3.75259217703807,5.375446758756581,24.13840764394693,2.457006994561849,468,0.4801160195580487,ood:cond:pp:2400.73 outside [505.725,2097.14]
0.0,0.75372805903587,12.87883472442627,0.9290276931944234,0.4358165077414015,0.4358165077414015,0.4048856048430438,0.028365803882479668,2645.174399673808,0.07609585226106294,0.5624327884992754,3.711013068977024,5.305079944942598,5.0,4.2734458574762995,4.647792473778953,26.01502176116045,2.4983569367755267,469,0.4358165077414015,ood:cond:pp:2645.17 outside [505.725,2097.14]
0.0,0.7982368313927655,14.491766929626465,0.9646769036692259,0.44576843251191917,0.44576843251191917,0.43002251122908247,0.029084954410791397,2538.330534526325,0.07835838275124779,0.6758326584919252,3.0136448256492243,5.229786108938654,5.0,3.6894774841411495,5.403555127859648,23.850942548565396,2.5311296474819356,470,0.44576843251191917,ood:cond:pp:2538.33 outside [505.725,2097.14]
0.0,0.8287990670001733,16.733304977416992,1.0100763017378254,0.41918161708587126,0.41918161708587126,0.4234054175425781,0.028285009786486626,2644.9723971722315,0.08313219964262852,0.5349022272091423,3.1667740276041516,4.780289574770146,5.0,3.701676254813294,5.3366944507566325,23.8450757248231,2.807384431995221,471,0.41918161708587126,ood:cond:pp:2644.97 outside [505.725,2097.14]
0.0,0.8178721195827546,16.490856170654297,0.9963828381582095,0.42117639304439297,0.42117639304439297,0.41965292986680985,0.027503041550517082,2974.4996972896924,0.07360525984078253,0.5465425015007339,4.717602099777424,4.385960081371779,4.0,5.264144601278158,4.091603283718976,25.148181688831606,1.1868629562380948,472,0.42117639304439297,ood:cond:pp:2974.5 outside [505.725,2097.14]
0.0,0.6991643979418399,11.57324504852295,0.846727575744394,0.5006231846094159,0.5006231846094159,0.4238914554657689,0.026744773611426353,2837.442647355496,0.05879991182877105,0.6508001086014368,4.450384906313116,4.395794972499526,4.0,5.101185014914552,5.696497827271358,26.101237886929567,0.39630143424091824,473,0.5006231846094159,ood:cond:pp:2837.44 outside [505.725,2097.14]
0.0,0.7612624703579621,13.645346641540527,0.9755176501294125,0.38977334897798566,0.38977334897798566,0.380230781478076,0.02699688822031021,2889.810313843652,0.07517555369817312,0.6773756277563865,4.8811307166118425,4.344730385125212,4.0,5.558506344368229,5.197043745973145,27.43106912344606,0.4115648803135813,474,0.38977334897798566,ood:cond:pp:2889.81 outside [505.725,2097.14]
0.0,0.7076450678002794,11.586102485656738,0.8472512750940687,0.5049696033107878,0.5049696033107878,0.427836140288811,0.027617907151579857,2679.808975553839,0.062220153610321564,0.54999947858383,4.925287242250617,4.080405662604845,4.0,5.475286720834447,4.198640953107445,26.099787836445234,0.9601223036798419,475,0.5049696033107878,ood:cond:pp:2679.81 outside [505.725,2097.14]
0.0,0.7637856807905247,13.394868850708008,0.9511827245144311,0.43201208242475575,0.43201208242475575,0.41092242958393216,0.027697375044226646,2831.8546667160363,0.07200389371871385,0.5425391884817561,4.6267006337466,4.292858523554359,4.0,5.169239822228356,5.224748197680077,25.901707486593498,1.298320285524002,476,0.43201208242475575,ood:cond:pp:2831.85 outside [505.725,2097.14]
0.0,0.7273755935024308,12.656274795532227,0.9191104383713596,0.4314323788574309,0.4314323788574309,0.39653400285925183,0.02693789452314377,2925.0171963625403,0.06823225008704077,0.6290381954410253,5.100926135132737,4.395908505692052,4.0,5.729964330573763,4.50425438509737,27.42411170739242,0.8837756016345076,477,0.4314323788574309,ood:cond:pp:2925.02 outside [505.725,2097.14]
0.0,0.7773314868044704,13.712943077087402,0.9828853965025991,0.41885852899241066,0.41885852899241066,0.41168993134720094,0.02783655934035778,2745.3994957840887,0.07530706795999477,0.6321266377102661,4.314903904973453,4.136572510754925,4.0,4.947030542683719,5.603969365668891,25.39209153640377,0.5782137803767966,478,0.41885852899241066,ood:cond:pp:2745.4 outside [505.725,2097.14]
0.0,0.7325527474788411,12.628978729248047,0.9239947419361855,0.4283998616982115,0.4283998616982115,0.39583921965533647,0.027263881638646126,2872.3049054316816,0.07039565366752354,0.6026432512374746,5.254057671544975,4.449679284275397,4.0,5.85670092278245,4.063397038839398,27.490200729969196,1.2487431244204943,479,0.4283998616982115,ood:cond:pp:2872.3 outside [505.725,2097.14]
0.0,0.8454428834794695,14.578956604003906,1.047771100224025,0.4346475461047676,0.4346475461047676,0.45541113759186497,0.03022480569779873,2126.5858508244937,0.09287332101300208,0.6719033872894754,2.4876366580427423,5.428398608750312,5.0,3.1595400453322178,6.242019518268754,22.039719744929844,2.4648095414446693,480,0.4346475461047676,ood:cond:pp:2126.59 outside [505.725,2097.14]
0.0,0.7898367843147596,12.667698860168457,1.032494372186093,0.45278710449573434,0.45278710449573434,0.46750013719028216,0.030274581164121628,1997.7218681394038,0.09197253947467096,0.7176649116542986,2.201997481324031,5.868403797189333,6.0,2.919662392978329,5.407145684798836,22.925120042668812,2.089666679462698,481,0.45278710449573434,
0.0,0.8083449679988711,13.73286247253418,1.0342665898166474,0.4566346895088203,0.4566346895088203,0.4722820031102712,0.030177321285009384,2123.7388028297905,0.08769402661064864,0.8737404474116097,1.932035048256592,5.925850601755591,6.0,2.8057754956682017,5.449661453212855,22.284314427222064,2.0196878163668015,482,0.4566346895088203,ood:cond:pp:2123.74 outside [505.725,2097.14]
0.0,0.8310914188758964,14.479376792907715,1.0903102366400592,0.43044784963539484,0.43044784963539484,0.469321696797172,0.029981233179569244,2114.23703370461,0.09369544089600364,0.8928536178479517,1.7092701137108426,5.628005717290147,6.0,2.602123731558794,6.24360750486994,21.856349894222706,1.738598076477013,483,0.43044784963539484,ood:cond:pp:2114.24 outside [505.725,2097.14]
0.0,0.8203553909112301,13.09029483795166,1.074911232790308,0.43959005289523445,0.43959005289523445,0.47252028567997323,0.030735807493329048,1882.1205285790866,0.09963259864099258,0.8093618546165752,1.909689986270053,5.992030651471222,6.0,2.719051840886628,5.999024605137287,22.313335650457056,2.0804532679686947,484,0.43959005289523445,
0.0,0.8477944025215427,15.272439956665039,1.0629431563607892,0.41380432926703375,0.41380432926703375,0.43985047986686016,0.030303295701742172,2149.126545981634,0.09783158473855394,0.8661737919207025,2.7188509105609966,5.374991583227983,5.0,3.5850247024816992,5.0558535389874795,22.980977051395975,2.631860998731867,485,0.41380432926703375,ood:cond:pp:2149.13 outside [505.725,2097.14]
0.0,0.8411863494290331,14.258004188537598,1.013857744089436,0.491082042834069,0.491082042834069,0.497887332110581,0.03059968911111355,1923.546133536628,0.08936338447620912,0.7920023197979618,1.8926646726878815,5.941598506021336,6.0,2.6846669924858433,5.303628813077248,21.41163076799231,2.6163834917634907,486,0.491082042834069,
0.0,0.7754873566023239,12.289175033569336,0.9987906317289079,0.46789471476864936,0.46789471476864936,0.4673288577463965,0.030360467731952667,1970.5054599992966,0.08977006685582703,0.8516923700876288,2.2063703710168125,5.868739937069401,6.0,3.0580627411044414,4.857014751414134,23.205391198040783,2.2572120762403176,487,0.46789471476864936,
0.0,0.6955742195951632,8.504467010498047,0.9475699126737281,0.42154304003238385,0.42154304003238385,0.39944150163170383,0.028805553913116455,1831.5254245479766,0.09572287167307318,0.8482275987970259,3.860212954641635,4.711618091607793,5.0,4.708440553438661,4.056492040787892,27.598694807981193,0.5663428469243285,488,0.42154304003238385,
0.0,0.6875733433996195,8.156427383422852,0.8956893528285882,0.44799925321100403,0.44799925321100403,0.401268161176255,0.028463035821914673,1775.174372443089,0.09104750322616936,0.9576113521350154,5.335245530153321,4.366583664481311,4.0,6.292856882288336,3.566911133256391,28.738338662409735,0.46476584005360033,489,0.44799925321100403,
0.0,0.6815492091520698,7.876588344573975,0.8773282021445505,0.4400876999595646,0.4400876999595646,0.3861013505914552,0.027900217100977898,1849.0943020985092,0.08805940959354318,0.8241966885823696,5.419974128644578,4.149674118894621,4.0,6.244170817226948,4.666106969666975,29.64279023857477,0.3008462445481187,490,0.4400876999595646,
0.0,0.6890906590898649,8.062518119812012,0.7809736389934098,0.5311609690887673,0.5311609690887673,0.41482271492052064,0.027301182970404625,1406.2760061556476,0.09160040761099572,0.9673432315770968,3.796365844264839,4.545012570466361,5.0,4.763709075841936,4.264175651101524,28.082721030311205,0.4063264616395404,491,0.5311609690887673,
0.0,0.6902547825157538,8.089486122131348,0.8623012593253149,0.4741723403487857,0.4741723403487857,0.4088794062199897,0.028147157281637192,1640.448991368473,0.09069210514794838,0.9286080615685446,5.005590521790884,3.833996732257806,4.0,5.934198583359429,4.495491616479529,28.232285949917244,0.3241929496720273,492,0.4741723403487857,
0.0,0.6923622791908323,7.88067102432251,0.9311958968614742,0.4247216905268598,0.4247216905268598,0.3954990955266807,0.028554724529385567,1794.6126973570529,0.09498593496521501,0.8965422958844991,5.059720937350857,4.419253900747855,4.0,5.956263233235356,4.73779266586854,28.562845598809965,0.48786164312386354,493,0.4247216905268598,
0.0,0.680125100842091,7.84501314163208,0.8427945630423908,0.4765471264957602,0.4765471264957602,0.4016313272441011,0.027566751465201378,1603.7427505281184,0.09134209943876331,0.9428763513926741,3.782406439612588,4.669310281775144,5.0,4.725282791005262,4.7202724417073965,28.34668639673371,0.21774799631759628,494,0.4765471264957602,
0.0,0.7039320405511361,8.0271577835083,0.8283911656915415,0.5096356506298042,0.5096356506298042,0.4221776707031907,0.02799874171614647,1383.9531783866428,0.09673678220271646,0.8390509854321601,5.063183900491016,4.125966842605599,4.0,5.902234885923177,4.468745964508484,28.07768550820119,0.45173280801392257,495,0.5096356506298042,
0.0,0.7822283718352109,13.341656684875488,0.8987595700023925,0.4862556132752948,0.4862556132752948,0.4370268858985536,0.02877453714609146,2684.8727451530076,0.07065841816353162,0.77316744571528,5.279803500458272,3.2664187296428002,3.0,6.052970946173552,6.811947213721327,24.970860052241985,3.776183047385251,496,0.4862556132752948,ood:cond:pp:2684.87 outside [505.725,2097.14]
0.0,0.8708954771252546,16.9807186126709,1.0226085869021466,0.42786483864722424,0.42786483864722424,0.43753825803415297,0.028883827850222588,2568.7553382441906,0.08512484133073375,0.8284579558232178,5.066349545435106,2.6974662681797206,3.0,5.894807501258324,5.9653969043734385,23.64981940814841,3.1240982121958187,497,0.42786483864722424,ood:cond:pp:2568.76 outside [505.725,2097.14]
0.0,0.9025747628127714,17.46612548828125,0.970499244187311,0.45676552685908073,0.45676552685908073,0.44329059858755676,0.02860303409397602,2502.3484426502387,0.08266172720407625,0.7146710120915809,7.574339926579296,2.476027833606087,2.0,8.289010938670877,7.2182209510351125,23.79624282837687,3.71883537112416,498,0.45676552685908073,ood:cond:pp:2502.35 outside [505.725,2097.14]
0.0,0.8036416939899663,14.25588607788086,0.9498449632424908,0.4483969550572115,0.4483969550572115,0.42590758929436184,0.02903110347688198,2653.542325779428,0.07775559818481681,0.7630128883948979,5.502360751005194,2.610187152548128,3.0,6.265373639400092,6.39113365048923,25.187254568689507,3.721346586039459,499,0.4483969550572115,ood:cond:pp:2653.54 outside [505.725,2097.14]
0.0,0.8142028619928119,13.659247398376465,0.8774516334254083,0.48964657347835444,0.48964657347835444,0.4296411856997363,0.028720006346702576,2432.5065018282844,0.07584629897137432,0.8942200480314867,8.705989914511973,2.454453528636788,2.0,9.60020996254346,6.637608289307435,25.838028214394356,3.719616682132733,500,0.48964657347835444,ood:cond:pp:2432.51 outside [505.725,2097.14]
0.0,0.7876720305288807,13.277164459228516,0.8779198022924506,0.5138916695991272,0.5138916695991272,0.45115567297420317,0.028996694833040237,2587.436617292431,0.06858199108758095,0.8055004212544806,5.493784719075957,2.650215860407089,3.0,6.299285140330437,5.499282501049042,24.397137922040354,3.3054935712769122,501,0.5138916695991272,ood:cond:pp:2587.44 outside [505.725,2097.14]
0.0,0.8606323527391735,17.774259567260742,1.0073346455836614,0.42699101415542273,0.42699101415542273,0.4301228419116609,0.02837974950671196,2737.1821027082206,0.08255016340059142,0.7596467884304268,5.2795308950825905,3.056592970431852,3.0,6.039177683513017,6.065350883597008,24.18288393413606,3.8009504910454277,502,0.42699101415542273,ood:cond:pp:2737.18 outside [505.725,2097.14]
0.0,0.8447342612524235,16.731542587280273,1.036386807534202,0.393933767026223,0.393933767026223,0.40826775918822933,0.027878612279891968,2665.6792669659785,0.08958680290433096,0.7992357911240273,5.161820536895224,2.6526140711938684,3.0,5.961056328019251,7.173279577556684,25.056448561614438,3.9225430977772096,503,0.393933767026223,ood:cond:pp:2665.68 outside [505.725,2097.14]
0.0,0.7670798681779525,10.3770170211792,1.0234194542923636,0.41859280306651253,0.41859280306651253,0.4283960180850411,0.029025951400399208,2200.478080375481,0.09067988682783616,1.3500748833728968,3.7139471991319635,2.764348821935868,3.0,5.06402208250486,9.046633361647858,24.23869960916244,1.9451238099837405,504,0.41859280306651253,ood:cond:pp:2200.48 outside [505.725,2097.14]
0.0,0.8659394167854084,11.729689598083496,1.0148688474672118,0.47482085991596873,0.47482085991596873,0.48188089885630964,0.029176155105233192,1691.4977037988137,0.09971767549100087,1.3368641301056867,6.3230588940914085,2.365343584304519,2.0,7.659923024197095,7.49659055510401,22.8164366034982,1.374541323240384,505,0.47482085991596873,
0.0,0.8258598423649317,12.068093299865723,1.064571484111621,0.4350947535264084,0.4350947535264084,0.46318946749078854,0.029861437156796455,1986.2026327548567,0.09628166965609619,1.2341992038086422,3.3299553336417453,2.7250168718107854,3.0,4.564154537450388,8.338830994003743,22.031294606354905,2.0126040120923316,506,0.4350947535264084,
0.0,0.8147997561426397,11.006168365478516,0.9198530651195163,0.5177400173441177,0.5177400173441177,0.47624474188901816,0.02839210443198681,1716.3684446527243,0.08832605026438163,1.35920436239673,6.71209400786678,2.4299648097920112,2.0,8.07129837026351,7.542393158175207,23.684989898702227,1.2462592161532489,507,0.5177400173441177,
0.0,0.8686039132735826,13.536519050598145,1.0653558436827109,0.40092828426822846,0.40092828426822846,0.42713129054284027,0.029029689729213715,2167.2433753377977,0.09631537818830713,1.2421253082795454,6.227342354804099,2.356736942299543,2.0,7.469467663083645,9.191446837342923,24.130382163510212,1.1452194599293775,508,0.40092828426822846,ood:cond:pp:2167.24 outside [505.725,2097.14]
0.0,0.8928431279362213,13.411264419555664,1.0616085216521305,0.4297872048680661,0.4297872048680661,0.45626575918498896,0.0294562466442585,1961.234681816041,0.09864359509899821,1.398369431853098,6.484440950737047,2.4544693896387937,2.0,7.8828103825901445,7.388069821522583,23.153690586702872,1.1031596118835658,509,0.4297872048680661,
0.0,0.799692708409871,10.785755157470703,1.0578402652413164,0.43447777380211594,0.43447777380211594,0.459608083480287,0.029675476253032684,1876.2950989337087,0.09873279994024953,1.2453220813405248,3.4719745305486787,2.544848353643674,3.0,4.7172966118892035,8.452272267803231,22.60416210347084,1.7392887494695914,510,0.43447777380211594,
0.0,0.7643421144888187,10.07129955291748,1.0092418491854622,0.4366999943994643,0.4366999943994643,0.44073590988699635,0.029149016365408897,2016.8724000805992,0.09140560221523003,1.2175664175623968,4.04304016087118,2.7660207539831845,3.0,5.260606578433577,8.126421699397705,23.908241434698436,1.5951801324592725,511,0.4366999943994643,
