bc_phi_mae,boundary_gamma_uniformity,boundary_operator_proxy_loss,objective_density_reward,objective_density_reward_ratio,objective_main,objective_total,poisson_residual_norm,pp,pp0,series.llcoil,series.min_gap_effective,series.nncoil,series.nncoil_effective,series.pitch_effective,series.rrc,series.rrce,series.zzc,trial,value,warnings
0.0,0.6956991075389474,11.581841468811035,0.09492141879519102,0.33526861936402985,0.5511182207623003,0.6460396395574913,0.02231511101126671,2613.4032236978405,0.01858783911753423,1.0577445473656921,5.655157008433588,3.472319766657085,3.0,6.71290155579928,3.7195357084941474,23.858240375891985,2.140822495468042,0,0.6460396395574913,ood:cond:pp:2613.4 outside [505.725,2097.14]
0.0,0.8634354131812828,13.523659706115723,0.012313628524131795,0.8678244013311003,0.5214428457103186,0.5337564742344504,0.030168814584612846,2030.4593406433778,0.07429009780916818,0.5152896565967116,4.1527770468566185,3.016163655170557,3.0,4.66806670345333,6.833166836511441,20.83736694687143,4.988818404614882,1,0.5337564742344504,
0.0,0.7867103753861213,28.88359260559082,0.18177719572677672,0.12334286198805924,0.6907918705070214,0.8725690662337982,0.02654184401035309,2581.656995771844,0.006565195331627712,1.0675398131484446,3.866316712606106,4.437360548180414,4.0,4.933856525754551,2.055412636114146,21.790838739132347,0.8246110676319784,2,0.8725690662337982,ood:cond:pp:2581.66 outside [505.725,2097.14]
0.0,0.7236486963113676,8.641961097717285,0.04087952787623508,0.6246005475563869,0.477091181654656,0.5179707095308911,0.027123913168907166,1657.8817493048532,0.05789321806526683,0.9519092238371517,1.6301352578372077,5.679102720433051,6.0,2.5820444816743593,8.51939365495326,24.011660544999415,1.0158077823091538,3,0.5179707095308911,
0.0,0.761815211116153,10.174603462219238,0.018898854966172534,0.8044623534593384,0.5010935963907296,0.5199924513569021,0.02969413436949253,1399.4150508216196,0.08645343964792208,0.8488155545829247,1.7915690814542091,5.964262488165591,6.0,2.6403846360371337,6.526150716060495,22.3684585322833,3.2934865252559042,4,0.5199924513569021,
0.0,0.7315391252800467,9.9966402053833,0.043036017671037444,0.6092841937272985,0.42555932017685155,0.468595337847889,0.02790648117661476,2152.378114709005,0.05282107151738755,0.779092971659151,3.360779340217353,4.519672787338006,5.0,4.139872311876504,5.833526589384837,26.532888148767352,2.7112013854441304,5,0.468595337847889,ood:cond:pp:2152.38 outside [505.725,2097.14]
0.0,0.7987294137425285,9.647894859313965,0.04482938561056966,0.5968333351458338,0.5467164095976127,0.5915457952081824,0.026856625452637672,808.034443601717,0.09097447585084681,0.5172132603875571,6.16931715094267,3.2430425155748397,3.0,6.686530411330227,3.3709084914166088,23.43049972540729,3.0875736731245498,6,0.5915457952081824,
0.0,0.7144920408176799,9.846990585327148,0.024208010917952865,0.7567630962220241,0.4305789429087889,0.4547869538267418,0.029047612100839615,1879.553502435253,0.07232588739955495,0.9894537339227958,3.1499151836886456,5.365991992433937,5.0,4.139368917611441,4.783605637029907,25.480450225087115,2.5221964539789936,7,0.4547869538267418,
0.0,0.9675750809529141,13.64686107635498,0.21456306676303988,0.08456383422689606,0.6232242139177138,0.8377872806807536,0.026348792016506195,560.7334536078225,0.02507427280779568,0.5836572359774456,6.376136267660048,2.995279163448616,3.0,6.959793503637493,2.052702417481253,22.932082928393733,1.8694362648120162,8,0.8377872806807536,
0.0,0.79012436914561,12.343626976013184,-0.0004691076052060684,1.0054154115101028,0.45445620098797757,0.4539870933827715,0.029726993292570114,2118.9502136465594,0.08468052867406536,0.9154901010574061,2.314339529287418,4.526673930189853,5.0,3.229829630344824,6.158122776537513,22.307270928261634,0.9946252621709012,9,0.4539870933827715,ood:cond:pp:2118.95 outside [505.725,2097.14]
0.0,0.7032309638957613,7.707672119140625,0.02234709994159858,0.7731513175065794,0.42996717817988156,0.4523142781214801,0.027119750156998634,1633.7623996843372,0.07990255896050324,1.0932773814789916,2.580894400456004,4.797288230171307,5.0,3.6741717819349957,7.841794003164031,26.21265291283901,1.2214445575637711,10,0.4523142781214801,
0.0,0.8827970449883765,12.571455955505371,0.04275977220760196,0.6112250418687605,0.6011275385775211,0.6438873107851231,0.029430843889713287,1607.3658518922393,0.05272894063186174,0.5111123046850858,4.565306812370333,3.1820182363465275,3.0,5.076419117055419,4.874146319113957,20.103403670280215,2.8108370146147275,11,0.6438873107851231,
0.0,0.7349864753088537,15.307232856750488,0.21990234132253783,0.07952218296648324,0.5372995432475998,0.7572018845701376,0.023214703425765038,1874.728117691936,0.011667369192050293,0.7492314950977337,2.100507103541128,5.617143237077062,6.0,2.8497385986388615,5.506108685431379,22.604540277264547,4.3134248076553385,12,0.7572018845701376,
0.0,0.7122750306461372,9.225537300109863,0.048774673578114464,0.5703305457076364,0.43511808961872517,0.4838927631968396,0.028655581176280975,1642.203146348665,0.06354123937041328,1.4038509374768768,4.565944546774669,4.17991020021358,4.0,5.969795484251546,3.2600961894860108,27.139278126492194,4.677538240852698,13,0.4838927631968396,
0.0,0.7438160139563154,9.02653980255127,0.0391675786519218,0.6370332584770646,0.46640010587700764,0.5055676845289294,0.028365375474095345,1549.060287796698,0.06706435660477116,1.3742693156268353,4.118647501909308,2.6245133302384667,3.0,5.492916817536144,8.259683112423044,24.738433565031475,2.762942339041264,14,0.5055676845289294,
0.0,0.7879211670026648,13.628811836242676,-9.279777646962015e-05,1.0010689447984862,0.35715088401958417,0.3570580862431145,0.02658896893262863,2810.8752584855924,0.08172155881792739,0.6339331171426752,4.543811448952614,3.65906350251063,4.0,5.1777445660952885,7.406231972276549,28.117210236657705,0.8036035711619183,15,0.3570580862431145,ood:cond:pp:2810.88 outside [505.725,2097.14]
0.0,0.7535473960798522,11.1531982421875,0.03215321641627651,0.6906116781216696,0.45895240611751353,0.49110562253379003,0.028742769733071327,2254.7068149170914,0.053238455421083165,0.577758051776523,4.134270383087946,4.077828456303036,4.0,4.712028434864469,5.590416798420411,24.438530537878286,1.3377450446707022,16,0.49110562253379003,ood:cond:pp:2254.71 outside [505.725,2097.14]
0.0,0.7054045693495067,7.719311237335205,0.03805080132565851,0.6452767144441786,0.43429266732758937,0.4723434686532479,0.026506148278713226,1416.5883777412562,0.07675767182701264,0.8422851877813836,3.139178460671022,5.435361299687102,5.0,3.9814636484524057,7.616501704562703,27.52381994682473,2.0132586959468766,17,0.4723434686532479,
0.0,2.3040425061053655,155.86285400390625,0.569662778210916,0.0014180322530065984,3.094956056805693,3.6646188350166087,0.06440269201993942,936.5113284014776,0.003941291758652748,0.9070434118548033,3.0813133549751344,3.8627255791258985,4.0,3.988356766829938,5.080619542686258,21.03404661000601,0.21713111213104042,18,3.6646188350166087,
0.0,0.6823861526447307,9.295509338378906,0.0537308697518596,0.5386983573308394,0.4332129202102135,0.4869437899620731,0.025420386344194412,2694.5785692470004,0.040841481463527333,1.367606287546253,3.0414234714790744,5.331753762829605,5.0,4.409029759025327,6.597190437113348,28.642339232239983,4.759205138805668,19,0.4869437899620731,ood:cond:pp:2694.58 outside [505.725,2097.14]
0.0,1.2483686970747556,79.82058715820312,0.47643703666559906,0.004147771437943836,0.27419760525694276,0.7506346419225418,0.0582105778157711,2094.677985067169,0.0032763827794618982,1.1409726957353605,2.675417257551363,3.9733448188374165,4.0,3.8163899532867234,8.325736679529925,23.59129649267682,3.4672351654188684,20,0.7506346419225418,
0.0,0.8667519545914706,12.062602996826172,0.04263256260175574,0.6121208702177175,0.5866114913985868,0.6292440540003426,0.029151784256100655,1416.3213764509114,0.05953901528925548,0.9516839380421973,4.406809621768524,2.8429949669128614,3.0,5.3584935598107215,4.5624869909999335,20.637967670432097,3.1183724003138775,21,0.6292440540003426,
0.0,0.7609991795649408,13.76836109161377,0.010396912500736516,0.8871875475781369,0.4590453060389585,0.46944221853969503,0.027965037152171135,2731.077136741787,0.06064915978236229,0.6700738619451149,4.2689803857013455,4.152395295893022,4.0,4.93905424764646,4.079012160413454,23.835229150999297,0.01260528261679661,22,0.46944221853969503,ood:cond:pp:2731.08 outside [505.725,2097.14]
0.0,0.6974426092014112,12.306078910827637,0.024338733233833832,0.7556250271875068,0.4405262606971167,0.46486499393095054,0.026539498940110207,2897.584780205153,0.05362591052792424,1.0715117886728078,11.812377585821435,2.378842169566693,2.0,12.883889374494244,3.0541790461828704,28.821957795171357,4.229524357229268,23,0.46486499393095054,ood:cond:pp:2897.58 outside [505.725,2097.14]
0.0,0.7607940846895394,11.578714370727539,0.009718894776607262,0.8941400047850012,0.4678487583983062,0.47756765317491345,0.028959129005670547,2185.8494160711266,0.07027735739272253,1.4315138008962505,1.5029584097495645,4.7053346789442205,5.0,2.934472210645815,6.812073291551793,21.48443434478087,1.1473361060843679,24,0.47756765317491345,ood:cond:pp:2185.85 outside [505.725,2097.14]
0.0,1.2041765908388402,53.020721435546875,0.4962009130347326,0.003303660683092905,0.267901278032965,0.7641021910676976,0.03534769266843796,1052.198358593611,0.007229036286195673,0.9137706043065142,7.567711187152256,2.183843836293375,2.0,8.481481791458771,9.266730742283077,26.22969432520062,1.6677001859714802,25,0.7641021910676976,
0.0,0.7504282914657475,10.24236011505127,0.052463439443906135,0.5466165827478957,0.4864028276966259,0.538866267140532,0.028650570660829544,1165.60652496584,0.0743776014134137,1.3983429430491892,2.2316952514291932,5.979340832408462,6.0,3.630038194478382,2.6725143847260178,24.45274355159631,4.865806656294481,26,0.538866267140532,
0.0,0.7233210826366347,8.960770606994629,0.006623033162267611,0.92658408008352,0.4586906697191651,0.4653137028814327,0.028249064460396767,1970.0884087869122,0.08051717836028333,0.8851032335263366,1.70816393475502,5.499396971152436,5.0,2.5932671682813564,9.7184152261065,22.684751067513282,1.6692954196913363,27,0.4653137028814327,
0.0,0.6985836804449544,7.453195095062256,0.010248991654646416,0.8886997167061792,0.4168838172859576,0.427132808940604,0.0279235877096653,1549.5837479963316,0.09619628381130624,0.5671021193070725,4.699233230436254,4.427409239473931,4.0,5.2663353497433265,6.602366653092464,27.66770805206577,0.3950896489784933,28,0.427132808940604,
0.0,0.7010938370163542,7.965184211730957,0.06248939135069295,0.48702700535050136,0.44638473371204,0.508874125062733,0.025688234716653824,902.3065980674128,0.07960451267572244,1.4452980968770945,3.8001483574915826,4.157404560509704,4.0,5.245446454368677,6.120245379950524,27.102031197425234,0.9968030665206395,29,0.508874125062733,
0.0,0.6989658997517698,39.2879524230957,0.2508143802816468,0.05570935093905648,0.6219823483030276,0.8727967285846744,0.028968483209609985,2569.069838234488,0.0054006705563036245,1.129112672510865,2.9869452145196504,5.3682268329057585,5.0,4.116057887030515,3.0252786464471315,23.605568081599706,1.3673360082333512,30,0.8727967285846744,ood:cond:pp:2569.07 outside [505.725,2097.14]
0.0,0.6962348284784203,11.372967720031738,0.09396371689413857,0.33898572927768233,0.5398730709008549,0.6338367877949935,0.023922400549054146,2442.47074830455,0.02032761044410081,0.8993176973675244,4.461287403778708,4.333446869858106,4.0,5.360605101146232,2.31170598686297,23.754126391447898,0.8802344167933457,31,0.6338367877949935,ood:cond:pp:2442.47 outside [505.725,2097.14]
0.0,0.8917440182918004,14.681742668151855,0.1761786900019567,0.13155475495900124,0.6600928101073923,0.836271500109349,0.027065254747867584,1174.1893625063803,0.019467579995322424,0.8900601334223975,8.208515709583851,2.1587493300144085,2.0,9.098575843006248,3.9592440494509606,22.156395735463455,3.3916876168759864,32,0.836271500109349,
0.0,0.7485767658281756,10.708189010620117,0.05166401529472964,0.5516707062770516,0.45876721341291776,0.5104312287076473,0.028425736352801323,2222.221361384709,0.042669117657580066,0.6069117936361603,4.146126665179817,4.112451660789869,4.0,4.753038458815977,6.160988113125087,25.173141948388995,1.8979285139326922,33,0.5104312287076473,ood:cond:pp:2222.22 outside [505.725,2097.14]
0.0,1.6380178951044317,103.31336975097656,0.5323406823019947,0.002179197482360406,1.0605805092130942,1.592921191515089,0.05303911864757538,1178.3324278795026,0.004806158688145246,0.6299730027040958,5.452673847935812,2.5611649250358663,3.0,6.082646850639908,4.46846847158457,22.716409023504298,2.1561944534245048,34,1.592921191515089,
0.0,0.8253533584530822,14.706814765930176,-0.007637067292337939,1.0919062112578029,0.360370609345995,0.3527335420536571,0.02631363831460476,2662.3242788134276,0.09201340612327723,0.890451606464185,3.4208879831609016,4.261492526392997,4.0,4.311339589625087,9.496790966351108,26.742149324851457,0.2383829266587345,35,0.3527335420536571,ood:cond:pp:2662.32 outside [505.725,2097.14]
0.0,0.717185304258557,9.505584716796875,0.03321171202758821,0.6822466939991735,0.43294214149707916,0.46615385352466737,0.02882511541247368,1563.8360254583322,0.07780703777558909,0.8948151918601872,3.102278182235633,5.7508511843142145,6.0,3.99709337409582,3.7784293368622626,27.760989581437183,3.344356870486405,36,0.46615385352466737,
0.0,0.7360489606882488,9.716443061828613,0.07305228237809862,0.43125941367422843,0.4944519350966693,0.5675042174747679,0.027693476527929306,2173.0373887361648,0.03464725079261953,0.8089784782003888,3.233396757615829,3.7165323569381687,4.0,4.042375235816218,7.529439837939198,23.69894078120407,4.790914802165835,37,0.5675042174747679,ood:cond:pp:2173.04 outside [505.725,2097.14]
0.0,0.8083083284403648,11.078527450561523,0.050795844916619017,0.5572124037562259,0.5338218681161915,0.5846177130328105,0.029888208955526352,1985.1213064929766,0.04545995951097923,1.1334826034623469,3.4891424812865965,2.5185062440360753,3.0,4.622625084748943,7.618456804847905,21.486332059094735,4.099038287945879,38,0.5846177130328105,
0.0,0.7050201694118009,7.44502592086792,0.10064986579119616,0.31387062417078104,0.46292023069630317,0.5635700964874993,0.023938996717333794,636.6097377269323,0.06795931390020961,1.2567086070913378,6.950298194233842,2.8023060579560104,3.0,8.20700680132518,2.9559622380203434,27.576982641995883,1.448389421685254,39,0.5635700964874993,
0.0,0.7433971646132133,9.485942840576172,0.08497433562044868,0.3759484701589925,0.47792789158585935,0.562902227206308,0.027630515396595,1760.1285774956282,0.03529156151330269,0.663596001271544,2.7128678650977656,5.803848213692808,6.0,3.3764638663693094,4.49444841575858,24.753231613974435,1.829336737651281,40,0.562902227206308,
0.0,0.9061145268327517,18.42714500427246,-0.005432703137558538,1.0645437528546882,0.4788692885280084,0.47343658539044986,0.02810458093881607,2554.1025120172717,0.08148244510557992,1.367876424163315,2.998441075876203,3.158626634542442,3.0,4.366317500039518,7.01216925293279,20.111121753051343,1.3898870384759843,41,0.47343658539044986,ood:cond:pp:2554.1 outside [505.725,2097.14]
0.0,0.7513969858945753,8.653064727783203,0.0818410626817111,0.3897576845487961,0.5022948904444519,0.584135953126163,0.0279223695397377,1804.342115234564,0.03523088457569867,1.4867155301720882,1.0790943716361876,4.6325393840271945,5.0,2.565809901808276,9.378610500118508,22.207660009159888,3.170424509221734,42,0.584135953126163,
0.0,0.6930972686732726,8.732635498046875,0.05053027324269596,0.558918691682798,0.413026054083541,0.46355632732623697,0.026824453845620155,1449.784316481463,0.06807979566764327,1.244202103848378,3.668534713790901,4.876877916676373,5.0,4.912736817639279,4.200329305637208,28.7640133938336,1.8867675719522619,43,0.46355632732623697,
0.0,0.7830911867025607,10.521374702453613,-0.0029008488980943863,1.0339612061465515,0.4513876575378374,0.448486808639743,0.029432281851768494,1959.7538630896597,0.09426405979105104,1.2885997581925999,3.6145096873692424,2.699412330543017,3.0,4.903109445561842,8.367038303926769,23.076366640612296,1.5879221485699824,44,0.448486808639743,
0.0,0.7756983756695309,10.124156951904297,0.0819129198654515,0.38943537665571915,0.5154424961328227,0.5973554159982741,0.028423288837075233,1437.8315468110447,0.043793018206019683,1.3882793630701746,3.111799989123541,4.4052132762582294,4.0,4.5000793521937155,4.60089553689042,22.60121294566528,4.474778287638671,45,0.5973554159982741,
0.0,1.0532519280444383,19.49578857421875,0.333839947851314,0.021419052766872566,0.44877878613295663,0.7826187339842706,0.024531487375497818,598.7252164591849,0.014698315427255755,1.4363036057021694,2.1974713645657693,4.7917311717555675,5.0,3.6337749702679387,7.522759118081564,25.691633969421257,0.42485683413798436,46,0.7826187339842706,
0.0,0.8157538080595862,10.389055252075195,0.08569134684160194,0.3728578283707071,0.5670536641624565,0.6527450110040585,0.028632206842303276,1418.048142043364,0.03757907902946794,0.9070073840554774,2.175467888325719,3.7426225939766242,4.0,3.0824752723811963,7.670696594462865,20.00059768398765,2.9386520167129726,47,0.6527450110040585,
0.0,0.8863866199158521,15.499363899230957,0.0042501164483048125,0.952246571655393,0.4928586169404898,0.49710873338879463,0.028633978217840195,2319.252215838167,0.0745891075244998,0.5717387790163824,9.722992193437703,2.4852509220147296,2.0,10.294730972454085,3.0013651656451996,23.59082711055337,1.4429449191120391,48,0.49710873338879463,ood:cond:pp:2319.25 outside [505.725,2097.14]
0.0,0.7905030462834591,10.223203659057617,0.12895674653225603,0.22657723223024556,0.5139013541905786,0.6428581007228347,0.02785174362361431,1279.9911962601027,0.029666442116249254,0.7338262551370293,4.062231351200895,4.340285910885897,4.0,4.796057606337924,4.7383764037308795,23.922606829082575,1.8862315296059555,49,0.6428581007228347,
0.0,0.7295693964739249,11.08621883392334,0.029672699479362998,0.7106184885921222,0.43685886898960324,0.46653156846896626,0.029513580724596977,2429.816807615612,0.057767891910416765,1.133633635272202,4.272765581653585,4.499090453766258,4.0,5.406399216925788,4.125130242309338,25.75072711001249,4.037837589858133,50,0.46653156846896626,ood:cond:pp:2429.82 outside [505.725,2097.14]
0.0,0.7329058432045201,8.131885528564453,0.1077961859794136,0.2890806816451704,0.46707975579580985,0.5748759417752234,0.026366082951426506,1523.4293234555294,0.035809747537898076,0.9482770328317621,5.309494818157809,3.064942369828896,3.0,6.257771850989571,8.085897938682347,26.85921349165106,4.663087798320966,51,0.5748759417752234,
0.0,0.7547675149108677,9.695002555847168,0.05029212587075609,0.5604532225351806,0.5093006630356226,0.5595927889063786,0.0262229535728693,1217.522058390583,0.06305462492527154,1.0536037576432848,11.32187197072157,2.171684188812743,2.0,12.375475728364854,2.4792148201470843,27.230166276876794,0.7074757247557828,52,0.5595927889063786,
0.0,0.7723489795828703,11.303853988647461,0.03650203690036124,0.656885711877678,0.46345647259561595,0.4999585094959772,0.027637308463454247,2095.242434902675,0.053104252400640595,1.2411295302072678,8.039138807931028,2.4740868878014743,2.0,9.280268338138296,6.9454006125430565,25.50593728881965,0.41125287914653585,53,0.4999585094959772,
0.0,0.7018321670631975,10.294675827026367,0.10773421620260902,0.2892870008373752,0.5449813160988541,0.6527155323014632,0.018167831003665924,2919.634276978957,0.0156507459845033,1.469148934250561,9.760128783475398,2.0060670144240413,2.0,11.22927771772596,3.469379413319176,25.9279348487711,4.483747891266873,54,0.6527155323014632,ood:cond:pp:2919.63 outside [505.725,2097.14]
0.0,0.6952371513967326,9.155851364135742,0.040673719422971204,0.6260822666768167,0.4426704440864353,0.4833441635094065,0.023985106498003006,2874.149660406237,0.0411582513094149,0.6099961775636165,3.4885295311897315,4.668392737563925,5.0,4.098525708753348,9.238677813314737,29.73130635708148,1.39455137953761,55,0.4833441635094065,ood:cond:pp:2874.15 outside [505.725,2097.14]
0.0,0.7283697083362505,8.008355140686035,0.16066712114743034,0.15727670220980056,0.44326694036447445,0.6039340615119048,0.022595848888158798,570.390334404819,0.0501049299822792,1.430089224734673,4.536425252949968,4.4762308877212185,4.0,5.966514477684641,6.083764048201871,29.949821958940436,1.1926960848546426,56,0.6039340615119048,
0.0,0.7192255181892102,7.2752580642700195,0.13235017974360316,0.21789592146616787,0.4301395248415983,0.5624897045852014,0.023636601865291595,778.4877579693596,0.04909565078618806,1.4019927845820674,6.262266958501101,2.9808779593174632,3.0,7.664259743083169,6.480252567592387,29.473031796841894,0.5664394673160439,57,0.5624897045852014,
0.0,0.6356225682294341,8.529269218444824,0.0952516038621129,0.33399654990538746,0.5156150918461595,0.6108666957082725,0.018303783610463142,2870.7732285425604,0.015987862576475022,0.5671633949978805,3.666307910627797,3.5052255647825903,4.0,4.233471305625677,8.730962190309814,25.664847412812524,0.18750696295080027,58,0.6108666957082725,ood:cond:pp:2870.77 outside [505.725,2097.14]
0.0,0.700637968885487,10.81482982635498,0.15740374322292383,0.1632981572307893,0.4426312895460869,0.6000350327690107,0.02357255481183529,1951.0037488735848,0.017542492945724426,0.6885158447398432,3.4621641594501487,5.17206619491473,5.0,4.150680004189992,6.697053622241023,27.450453643190983,0.2454044154449364,59,0.6000350327690107,
0.0,0.7388857416807559,6.5106611251831055,0.03541944040985982,0.6651242740935686,0.46733577042579844,0.5027552108356582,0.027412353083491325,1055.8688569509873,0.0984786031597667,1.4355295076887808,2.9337811841797556,3.9170436972281224,4.0,4.369310691868536,8.997294388044393,26.47453715551854,4.636978078008951,60,0.5027552108356582,
0.0,0.7991227968555202,11.466383934020996,0.033214844582268394,0.6822220893055223,0.4819631640432003,0.5151780086254687,0.028280114755034447,1800.379029536044,0.06346564498376017,1.0111158555186162,8.247689249315908,2.252941393235084,2.0,9.258805104834524,6.507006081410633,25.02461629107968,2.2294470482933626,61,0.5151780086254687,
0.0,0.7195918774001053,8.430723190307617,0.09477231191657563,0.33584465466428864,0.46887959965063575,0.5636519115672114,0.026370873674750328,1087.2907952686314,0.05248561107240578,1.3631455138616824,4.643294212650544,3.692491377391905,4.0,6.006439726512227,2.4616510514916383,26.487409957540546,4.441110137789644,62,0.5636519115672114,
0.0,0.7622838164202036,8.866188049316406,0.07664490502309608,0.4137856971964243,0.509647681947817,0.586292586970913,0.027738718315958977,1643.364492194405,0.04093672884518461,1.024659045029957,3.50737252641788,2.8285889796789525,3.0,4.532031571447837,9.643239812851029,23.23933452719454,3.5218043227630016,63,0.586292586970913,
0.0,0.7497978048055468,10.264716148376465,0.009420821842504649,0.8972136883659221,0.46487688753663853,0.4742977093791432,0.029680103063583374,1728.1570498788205,0.08612187094073738,1.3956242895343594,3.7736850349315465,4.241551336658793,4.0,5.169309324465906,3.2383429093585114,23.915580207222135,1.0872476650979879,64,0.4742977093791432,
0.0,0.7378737664373637,8.838214874267578,0.11940183434679233,0.25292445815298953,0.4346591267728952,0.5540609611196875,0.026801245287060738,1589.7904848181247,0.028752076461565145,0.5964736919310171,3.7445742755247284,4.733028583347242,5.0,4.341047967455745,5.448095363184329,27.153335200463054,0.26265415868391484,65,0.5540609611196875,
0.0,0.8333945436024658,16.6697998046875,-0.012997177168428487,1.1614108684777171,0.4440725538059078,0.43107537663747936,0.02653760462999344,2470.5978894993664,0.09237834375030432,0.5535697686692798,1.8883974896986744,4.837698227941646,5.0,2.441967258367954,8.867346640115603,21.077182931955374,0.021715951007560963,66,0.43107537663747936,ood:cond:pp:2470.6 outside [505.725,2097.14]
0.0,0.7135462792519545,7.771937847137451,0.10931662774313178,0.2840644337114209,0.48200371621820126,0.591320343961333,0.02463865466415882,1069.5503118629247,0.046436917754406434,0.8931892454982416,7.724169033850249,2.176134211169423,2.0,8.61735827934849,9.847443548082968,27.08216010677995,4.744950108150409,67,0.591320343961333,
0.0,0.7316335105997166,8.524981498718262,0.03982574937829437,0.6322244002436,0.40667326365321127,0.44649901303150563,0.02628624439239502,1562.8702118650713,0.06963880585905788,0.9068817515072756,9.205451320638172,2.484855898657101,2.0,10.112333072145448,9.640213809588719,29.864879953879615,0.10647492235912603,68,0.44649901303150563,
0.0,0.7449408797891051,12.16535758972168,0.031774166577722716,0.6936320741892685,0.49086290843986247,0.5226370750175852,0.029339781031012535,2496.9443877005215,0.04999348058560043,0.6818666887552529,2.469472970674155,5.74724897225618,6.0,3.1513396594294076,4.3710536677525615,23.27909162432901,4.87383568786988,69,0.5226370750175852,ood:cond:pp:2496.94 outside [505.725,2097.14]
0.0,0.7408505840778499,8.701881408691406,0.011180309269170794,0.879221811992953,0.45086622787358477,0.46204653714275556,0.028788607567548752,1493.4417437102325,0.0963587459065539,0.5006367229449743,5.889124436301088,2.5361657746611903,3.0,6.389761159246063,6.551552862612794,25.72083634035098,2.557663447397438,70,0.46204653714275556,
0.0,0.7962193068468355,13.534036636352539,0.010084300170779638,0.8903863616590905,0.49413131537642113,0.5042156155472007,0.0287126787006855,2451.0628580067046,0.06489060053840089,0.9818853224696866,5.899963617682391,2.8894864399063556,3.0,6.881848940152078,2.4282675755472107,23.073814396003442,0.7087213069046977,71,0.5042156155472007,ood:cond:pp:2451.06 outside [505.725,2097.14]
0.0,0.7032627723642552,8.971569061279297,0.02081419595528441,0.786917167823042,0.3748036388592554,0.39561783481453977,0.02836100570857525,2077.9144621195096,0.07867774598985838,1.2863202187216305,3.6570210647680805,5.249919354943655,5.0,4.943341283489711,4.928851125275246,29.6455575427238,2.962668627723677,72,0.39561783481453977,
0.0,0.8165926701056153,17.079265594482422,8.230693371107515e-05,0.9990528552319639,0.34629262379502557,0.34637493072873665,0.027295947074890137,2532.0224202654745,0.09766444076164106,1.2229762799574713,2.6185546544266165,5.0849921427638485,5.0,3.8415309343840875,8.401826649398073,27.60948132131851,4.643637019568208,73,0.34637493072873665,ood:cond:pp:2532.02 outside [505.725,2097.14]
0.0,0.701471814928819,8.444426536560059,0.07365415805196084,0.42828139613284905,0.43082298715639555,0.5044771452083564,0.02633475326001644,1261.6822995837747,0.058244081774906475,0.8438857699716219,5.274229465262354,4.451951899347149,4.0,6.118115235233976,4.1705962529596246,28.64305719389553,2.297632606250402,74,0.5044771452083564,
0.0,0.6960000956145758,10.720544815063477,0.04391383550709113,0.6031576250081563,0.48523487045078434,0.5291487059578754,0.025507112964987755,2974.9647716809623,0.031202225218144173,1.2780082178713252,4.632765478732457,3.3945119332476072,3.0,5.9107736966037825,6.933342820226069,24.665663910037416,0.5231990965354216,75,0.5291487059578754,ood:cond:pp:2974.96 outside [505.725,2097.14]
0.0,0.8670067451160242,15.617732048034668,-0.0004963489181894453,1.0057307865889467,0.4422607063613769,0.4417643574431874,0.02980509214103222,2195.1763531152787,0.0949849644581191,0.7436321221615463,11.476130309057009,2.4467538258231505,2.0,12.219762431218555,2.5485433418232484,26.988068204260358,4.8316189913401235,76,0.4417643574431874,ood:cond:pp:2195.18 outside [505.725,2097.14]
0.0,0.8543763767477635,12.044085502624512,0.2468050876063097,0.05834109310089827,0.4647516740880889,0.7115567616943985,0.027144964784383774,796.5158083961467,0.02026741943299154,1.290458809170545,3.1005659190037917,3.578551814192455,4.0,4.391024728174337,9.299263043171772,26.863361955869117,3.8925289641574827,77,0.7115567616943985,
0.0,0.7016459659711946,9.737323760986328,0.031202029249880858,0.6982160917415229,0.4759409735082105,0.5071430027580914,0.025744669139385223,2853.5337234964595,0.0416721575271249,0.6130106862015745,4.685615561014279,2.599272647058941,3.0,5.298626247215854,9.426400062786481,25.322278804434042,1.101697802658304,78,0.5071430027580914,ood:cond:pp:2853.53 outside [505.725,2097.14]
0.0,0.7052504416758045,11.636641502380371,0.0752527687337734,0.4204711051177763,0.5588860237803489,0.6341387925141223,0.02113846316933632,2991.0382984813346,0.018762047751535876,0.6114482229472907,6.6942914632031645,2.7387031003811857,3.0,7.3057396861504555,2.3579213446884975,24.275140403139865,1.7641487120882104,79,0.6341387925141223,ood:cond:pp:2991.04 outside [505.725,2097.14]
0.0,0.6336029060434458,10.012845039367676,0.09874431185408146,0.3208325630206408,0.4600024755912042,0.5587467874452857,0.020812321454286575,2607.532274765331,0.019788816065955925,0.6618128440035392,5.135923513751221,4.493618749392378,4.0,5.7977363577547605,5.051554207065525,28.242499638084567,0.47238119614209484,80,0.5587467874452857,ood:cond:pp:2607.53 outside [505.725,2097.14]
0.0,0.7102715043145891,7.554417610168457,0.13226672940047557,0.2181053672216543,0.45435076495770577,0.5866174943581813,0.023298919200897217,645.1708828332754,0.054586041829432275,0.8544651278171344,4.900206192180838,3.6692207954172034,4.0,5.754671319997972,5.027957517627399,28.04664279761929,1.4623754774528068,81,0.5866174943581813,
0.0,0.8701078772889759,15.422830581665039,0.05656412449578224,0.5214100256650064,0.6212430934846971,0.6778072179804793,0.026199569925665855,2992.745742594704,0.023577684620473494,0.7548192670125028,4.9955974770651785,3.278176954800117,3.0,5.750416744077682,3.3107056699654995,20.561955902198545,3.8234745157955223,82,0.6778072179804793,ood:cond:pp:2992.75 outside [505.725,2097.14]
0.0,0.7587279769518664,33.52745056152344,0.2248149215169605,0.07514937835765709,0.6946535618236179,0.9194684833405784,0.025271685793995857,2537.3122600155766,0.005940766957302257,0.7222909096169147,2.4689117997770405,4.759403132177249,5.0,3.1912027093939552,4.548304973824573,20.50431852079435,2.8504261746941157,83,0.9194684833405784,ood:cond:pp:2537.31 outside [505.725,2097.14]
0.0,0.6937491503769948,8.572869300842285,0.07656415278973722,0.4141705703395176,0.5536246001190896,0.6301887529088268,0.021686837077140808,2961.2199586487563,0.01950760972431124,1.1897571259960424,1.2961837765214443,4.535893447608769,5.0,2.485940902517487,8.893526137693097,21.323230650280532,2.9385967289825214,84,0.6301887529088268,ood:cond:pp:2961.22 outside [505.725,2097.14]
0.0,0.6914875478709479,6.829777240753174,0.07902401946695498,0.40260568463579616,0.45272399862101587,0.5317480180879708,0.024532902985811234,1007.3373381533136,0.06248831909102683,0.6717983130819676,5.746647363102771,3.070883150772051,3.0,6.418445676184739,9.048425326427106,28.303762354981323,0.9339152497191766,85,0.5317480180879708,
0.0,0.7296981813831216,8.153157234191895,0.03691852113930243,0.653743515779629,0.4299542919066902,0.46687281304599265,0.0270302202552557,1916.1215815908527,0.0617972816746544,0.7842478905116647,4.041182910748184,4.333363218781589,4.0,4.825430801259849,9.347500578507868,28.649223783547264,1.5562506712442403,86,0.46687281304599265,
0.0,0.731424208700037,9.149441719055176,0.04319745992796934,0.6081527856319464,0.47620076565743114,0.5193982255854005,0.027608981356024742,1126.5105174799617,0.08070353311112775,1.3430467404685555,2.1760406300070914,5.22287432255701,5.0,3.519087370475647,6.096136813826431,23.691573666204665,3.272609369531438,87,0.5193982255854005,
0.0,0.7319734640847937,8.317051887512207,0.1319856968701795,0.21881219142179786,0.4349920925244598,0.5669777893946393,0.02726178988814354,1326.5917266202143,0.0332567186234895,1.4402615411822681,2.7525391180254166,5.941873123800034,6.0,4.192800659207685,3.43948131657908,28.59628527182519,2.0770346496635588,88,0.5669777893946393,
0.0,0.7339205311483101,8.875677108764648,0.013049336033016333,0.8605048448137113,0.44876166604710793,0.46181100208012427,0.029751006513834,1693.4526439962533,0.08833633743292274,0.8412203835263957,3.5416229747294268,3.8354657799945224,4.0,4.382843358255823,7.089744659776617,24.621118092799907,3.446148837613449,89,0.46181100208012427,
0.0,0.8323905323903373,13.59111213684082,0.019038335776721985,0.8031715586053897,0.530292733853556,0.549331069630278,0.028909962624311447,2474.969657747033,0.0541522159757687,1.1655588804362567,4.204998893152263,3.284022488643566,3.0,5.370557773588519,4.832797629764973,20.94447095053053,1.6882328393770552,90,0.549331069630278,ood:cond:pp:2474.97 outside [505.725,2097.14]
0.0,0.8430561654551199,13.207500457763672,0.07606194765430864,0.4165721787524197,0.6089083915497658,0.6849703392040745,0.027697645127773285,2121.4308010504446,0.02826089221283244,1.3092486309639386,7.152206631599636,2.1786079094693487,2.0,8.461455262563575,4.854823074861053,21.777733599988203,2.4429846993649145,91,0.6849703392040745,ood:cond:pp:2121.43 outside [505.725,2097.14]
0.0,0.7005679115546746,8.109092712402344,0.005873772983969398,0.9346115313091329,0.38908409045053566,0.39495786343450506,0.02881735749542713,1966.9279037631272,0.09288991454098428,1.3813805482092043,6.693334018369468,3.3823534774114483,3.0,8.074714566578672,4.648243882215533,28.87238758195155,2.049286457231052,92,0.39495786343450506,
0.0,0.665972434014436,10.037200927734375,0.13563156253113856,0.2098177315559954,0.44869486312208257,0.5843264256532211,0.02257033996284008,2232.3398086527513,0.01898053702653781,0.9092576791400183,7.222142544668993,2.601051982358095,3.0,8.131400223809012,5.526258040266535,29.92045871169357,2.584933220905406,93,0.5843264256532211,ood:cond:pp:2232.34 outside [505.725,2097.14]
0.0,0.6422911455081537,12.7398681640625,0.2016777379092387,0.09808696807642953,0.46354578319564504,0.6652235211048838,0.017863119021058083,2364.3893299998554,0.010927329096026131,0.7578589459320235,4.551810834871937,4.346004189344578,4.0,5.30966978080396,8.501666416482296,29.740345539698133,3.2190037655677206,94,0.6652235211048838,ood:cond:pp:2364.39 outside [505.725,2097.14]
0.0,0.7195226901122149,10.439574241638184,0.09375781086479255,0.3397902755725689,0.5351925977973017,0.6289504086620942,0.02583557739853859,2446.3559199351375,0.022191133952888284,1.204109631593327,1.9858934868144165,4.624354779733643,5.0,3.1900031184077435,5.694878033502968,21.644893625541684,4.164089225457633,95,0.6289504086620942,ood:cond:pp:2446.36 outside [505.725,2097.14]
0.0,0.9640537892903298,49.126808166503906,0.33961023635114107,0.020042358135589532,0.569500066226202,0.909110302577343,0.03404615819454193,1981.8275764761052,0.005998531749168862,0.8289714478375436,3.812817977638056,3.348264834333366,3.0,4.6417894254756,7.373450722657964,21.298818999084762,3.9206035648612647,96,0.909110302577343,
0.0,0.9558073233985466,21.180931091308594,0.3388791748972739,0.02021175966719773,0.5144422745932528,0.8533214494905267,0.025421911850571632,615.6723319892259,0.01292394476271776,1.2087625966556743,2.594492727098573,3.753883586628854,4.0,3.8032553237542475,7.529872671505995,22.742893966522985,0.38103274993208536,97,0.8533214494905267,
0.0,0.6623799147006477,9.45793342590332,0.06888996527873736,0.452428727950932,0.437529392344231,0.5064193576229683,0.024907197803258896,2695.233925621074,0.03228263185187936,1.3256015209933425,3.469330933483442,4.840276331910882,5.0,4.794932454476784,4.124326851745665,28.098989124129584,4.073362118788086,98,0.5064193576229683,ood:cond:pp:2695.23 outside [505.725,2097.14]
0.0,0.7204107055828343,8.994012832641602,0.01724345598168925,0.8199412206103052,0.42163594629937756,0.4388794022810668,0.029342718422412872,1812.6396474865137,0.08483955092072386,0.5796040920343163,3.5099798572130836,5.0561108398639085,5.0,4.0895839492474,5.89223528277378,26.34015502901078,4.090681195322829,99,0.4388794022810668,
0.0,0.7284073118305016,8.507899284362793,0.014765667590700589,0.8436681656045414,0.4721896131621071,0.4869552807528077,0.028313832357525826,1330.0141604048667,0.09219677050595498,1.41475007713415,2.5656190952749696,4.053193325076397,4.0,3.9803691724091195,7.689143861785893,23.61062055142237,0.29479629281963626,100,0.4869552807528077,
0.0,0.6823974386614894,10.148752212524414,0.08082857269381141,0.39432756459751617,0.4553023734108844,0.5361309461046958,0.02406628057360649,2530.8920994723944,0.025465176737640944,1.2551994364197891,7.1872491989574305,3.4191523313740664,3.0,8.44244863537722,3.1209106895405796,28.448256595672238,1.0236065970228285,101,0.5361309461046958,ood:cond:pp:2530.89 outside [505.725,2097.14]
0.0,0.735764660747829,12.36297607421875,0.10264338056849259,0.3067489587184897,0.6157352118345729,0.7183785924030655,0.021057551726698875,2603.782243191799,0.01484628569323199,1.072171218296213,1.697002674156269,5.678486255336585,6.0,2.769173892452482,3.759222110305891,20.374265465020784,1.6726299514003702,102,0.7183785924030655,ood:cond:pp:2603.78 outside [505.725,2097.14]
0.0,0.6967512788791153,10.71240520477295,0.1555424534293476,0.16683521788067948,0.44189891026708583,0.5974413636964334,0.024570191279053688,2040.279269935891,0.01844391885828332,0.8913337667454874,4.116828512289062,4.7471231484817356,5.0,5.008162279034549,2.8965619905191646,27.937373385691906,2.9428311003591325,103,0.5974413636964334,
0.0,0.793532819631937,14.532631874084473,0.0014679732096637978,0.9832413489353372,0.4106539585955146,0.4121219318051784,0.02894625812768936,2547.8861826705233,0.08389692997950936,0.5634405089114203,3.4159726804230646,5.1537296366972924,5.0,3.9794131893344846,5.12917671588529,25.026242662557713,2.9202286073160924,104,0.4121219318051784,ood:cond:pp:2547.89 outside [505.725,2097.14]
0.0,0.7817013205755358,11.586255073547363,0.017316157418266594,0.819255211845053,0.505194527032638,0.5225106844509046,0.028592776507139206,2366.4644418231755,0.05846547877520441,0.8986739686261941,3.2401066714850915,3.3129739812204946,3.0,4.138780640111285,8.826225766217345,21.2425676865512,1.7259802231066295,105,0.5225106844509046,ood:cond:pp:2366.46 outside [505.725,2097.14]
0.0,0.8457722399334328,17.208759307861328,0.2324287253786996,0.06884245876334906,0.601592880170495,0.8340216055491946,0.026990283280611038,1287.7226700857098,0.013511665308615514,0.6283634455809007,2.17512871791707,5.954421239154451,6.0,2.803492163497971,4.243644529279957,21.064597510267784,3.4306497869943833,106,0.8340216055491946,
0.0,0.7700836918490057,12.41269302368164,0.020978155921324126,0.7854331377645345,0.5112295011192352,0.5322076570405593,0.02889137901365757,2240.5876780928634,0.05784225172183069,0.5785908335965279,2.7679369792961137,5.973878677266747,6.0,3.3465278128926417,2.6191812362775018,22.69834811363335,2.2462773368063367,107,0.5322076570405593,ood:cond:pp:2240.59 outside [505.725,2097.14]
0.0,0.7062243841756679,7.703550815582275,0.06306537791030449,0.48380807251451813,0.4675472572052426,0.5306126351155471,0.02590457908809185,1190.6824856084197,0.06644411842498793,0.995632217773338,2.557633923847384,4.802459085814263,5.0,3.553266141620722,8.30672312655138,26.07305383465499,3.1372024548909474,108,0.5306126351155471,
0.0,0.891705985126247,26.26887321472168,0.29465887635138127,0.0336283545984949,0.6045416175624263,0.8992004939138076,0.027456315234303474,1249.8339314709235,0.009797160066370764,1.4009297212301328,3.303496797292243,4.097798829580707,4.0,4.704426518522376,3.195733768889883,22.013439842979388,1.3781732965718663,109,0.8992004939138076,
0.0,0.7478124790510157,10.708516120910645,0.01142426680883702,0.8767558371577093,0.41491006801977864,0.42633433482861566,0.027156785130500793,2556.1498611553,0.07104540517168606,1.2678208014242398,2.1006764310495387,5.254460015391661,5.0,3.3684972324737785,9.117055882744557,25.959542045113448,2.4952715968346757,110,0.42633433482861566,ood:cond:pp:2556.15 outside [505.725,2097.14]
0.0,0.7440488113573585,9.723738670349121,0.03916214807923131,0.637073088174522,0.48464561468568657,0.5238077627649179,0.028138060122728348,1296.3816370310174,0.07537628668398458,0.5845035770984846,7.108454816540526,2.906528441254379,3.0,7.69295839363901,2.8669092800827674,25.945784460999796,3.057540745741079,111,0.5238077627649179,
0.0,0.6918022509610232,10.840983390808105,0.037482257215563725,0.6495142951910738,0.5005277492338882,0.538010006449452,0.025560060515999794,2983.5754749823227,0.032800672177568116,0.7095051409828348,4.615725482702006,3.142704586987685,3.0,5.325230623684841,7.814892227802061,23.790584098856584,0.09853922156652706,112,0.538010006449452,ood:cond:pp:2983.58 outside [505.725,2097.14]
0.0,0.8469702572138941,13.009629249572754,0.23390513653165834,0.06768217668616917,0.48334357367313985,0.7172487102047982,0.029246121644973755,922.1804983480886,0.019604044083693862,1.3739187196952605,1.752558079668641,5.941379187673368,6.0,3.1264767993639015,5.9036220273202495,24.66248282350366,3.354244496246473,113,0.7172487102047982,
0.0,0.7547998754749775,12.483817100524902,0.0035534617421015876,0.959914807947452,0.46214460075177244,0.465698062493874,0.02799856849014759,2571.698462167922,0.06736684761769934,0.9566624752620377,2.0507679466230258,5.67741081824639,6.0,3.0074304218850636,5.138723539423346,23.183306070733728,0.06799152101858386,114,0.465698062493874,ood:cond:pp:2571.7 outside [505.725,2097.14]
0.0,0.8055881904790128,12.963753700256348,0.21394939790114723,0.08516340371272593,0.47692316670406765,0.6908725646052148,0.02715395763516426,1301.4735089182832,0.017938770838570532,1.189967090899998,6.850446846019784,2.52890002348117,3.0,8.040413936919782,3.4649509071358366,27.586192717895184,4.693753450798505,115,0.6908725646052148,
0.0,0.719741089531776,8.646147727966309,0.08151708080983043,0.39121418725667184,0.4545234879955627,0.5360405688053931,0.026814399287104607,1359.4004251822766,0.05091015623219561,1.2309351557216064,6.035069123102646,2.893768420674116,3.0,7.266004278824252,5.142339949826125,26.940352786298885,4.531931431434452,116,0.5360405688053931,
0.0,0.8688792740836441,18.467897415161133,-0.013184017761705606,1.1639118472279617,0.45141045209620945,0.43822643433450387,0.026331748813390732,2488.554884617809,0.09658885003412557,0.9145882354396464,2.5678522934662498,2.733097909265813,3.0,3.482440528905896,9.988716698584579,20.436038285302267,1.7130539946098726,117,0.43822643433450387,ood:cond:pp:2488.55 outside [505.725,2097.14]
0.0,0.740836074253508,7.900288105010986,0.1559886785433137,0.16598032372164342,0.47664001636136566,0.6326286949046793,0.022889703512191772,581.4631972487591,0.04856775645516779,1.1364652674120026,2.929888826700925,5.458687605730823,5.0,4.066354094112928,6.157894938354506,26.489665408919144,1.9850262995333656,118,0.6326286949046793,
0.0,0.9071787292806757,15.043986320495605,0.015189652494979132,0.8395599973899993,0.5389680676501432,0.5541577201451223,0.028820862993597984,2088.1915868806645,0.06498920545491693,1.335847156199859,6.544595351421801,2.345268949125926,2.0,7.88044250762166,5.177685135417493,20.938570150660812,1.588732758313371,119,0.5541577201451223,
0.0,0.7958095370733244,9.690434455871582,0.14689012178859656,0.1843102087728647,0.528981379199299,0.6758715009878955,0.026266947388648987,857.3177482011567,0.03488685790858064,1.1278860459460804,2.187889795056039,4.8307058770894615,5.0,3.3157758410021194,5.894233695106885,22.47311290011748,1.5841904916745109,120,0.6758715009878955,
0.0,0.7632688786548752,9.249174118041992,0.09946931724585696,0.31816574047893514,0.5412074142892136,0.6406767315350705,0.024416670203208923,651.3643723907172,0.059024416497129244,0.7704909701753682,3.024930893068141,4.680154042316309,5.0,3.7954218632435093,3.534896822197158,22.512006138414705,0.03898056849486964,121,0.6406767315350705,
0.0,0.8439789638497468,15.713229179382324,0.008277551711024022,0.9091012218065555,0.47391276654263015,0.48219031825365416,0.03142217546701431,2309.2121460143594,0.07547195676248294,1.2297795467104087,2.2841763888266136,4.918042807141493,5.0,3.5139559355370222,4.1224917200957085,21.69227139778082,4.220252336172221,122,0.48219031825365416,ood:cond:pp:2309.21 outside [505.725,2097.14]
0.0,0.786954712627204,13.070326805114746,0.015220007428223124,0.8392666441916611,0.5120743447125065,0.5272943521407296,0.029346076771616936,2477.389351142141,0.05764488700063724,1.378934528420872,0.8458713675930642,5.956485583811441,6.0,2.2248058960139363,6.934576766672119,20.283412142755736,3.1377164742098964,123,0.5272943521407296,ood:cond:pp:2477.39 outside [505.725,2097.14]
0.0,1.0389316033118874,23.53141975402832,0.38153292716995657,0.012369022061982078,0.42987159243972634,0.8114045196096829,0.02447541430592537,661.0474912922517,0.012095813707936248,1.2656050652184834,1.8057198408478277,4.65586617186095,5.0,3.071324906066311,9.40866417924094,24.765288709572495,1.2259665524765373,124,0.8114045196096829,
0.0,0.720948428610434,8.21560001373291,0.05241614105705153,0.546914319931705,0.4587722333291105,0.511188374386162,0.02679912932217121,1294.3781411684442,0.07101441455299523,0.5563923143628624,2.617027225287173,5.734442658881743,6.0,3.1734195396500358,7.513377470800222,26.553894708700437,3.665216907433291,125,0.511188374386162,
0.0,0.7540543041984689,9.944231986999512,0.012516979512477697,0.8657950578550144,0.5238483748854095,0.5363653543978871,0.028827665373682976,1526.7784894134916,0.07992830730360805,0.8402360933035405,1.2551952546910417,5.722568954227683,6.0,2.095431347994582,8.010955811651982,20.583543899619475,1.7048179014560993,126,0.5363653543978871,
0.0,0.743685665772922,10.05136489868164,0.05876636650248882,0.5083562501359375,0.4537016565964743,0.5124680230989631,0.028217051178216934,1711.7280053539444,0.0513949328159174,0.9385797893948054,7.031213937653568,2.71949216893557,3.0,7.969793727048374,3.112233542584349,27.02161472372947,2.7615582928906726,127,0.5124680230989631,
0.0,0.7356995430530325,9.483017921447754,0.07913024230443087,0.4021136247471562,0.5520199105440015,0.6311501528484323,0.026508256793022156,2429.5654908638226,0.02541069273647638,0.7187388685506969,1.6527199003701623,4.809225327401957,5.0,2.371458768920859,8.545409694380584,20.40270353898488,4.787062189038159,128,0.6311501528484323,ood:cond:pp:2429.57 outside [505.725,2097.14]
0.0,0.8239749765812157,13.819442749023438,0.0016624484064322786,0.9810423554168388,0.4668238901505872,0.46848633855701943,0.03025336004793644,2252.7703873428313,0.08150578847455445,1.21833470584804,3.9652568177167806,4.231490966244144,4.0,5.183591523564821,2.27002321934697,23.004389313606254,1.4532020459369888,129,0.46848633855701943,ood:cond:pp:2252.77 outside [505.725,2097.14]
0.0,1.1047767200908567,58.25701141357422,0.45086910446926326,0.005567426312510875,0.5378884131650169,0.9887575176342802,0.03408586606383324,791.6911063534621,0.008446628222945092,0.8748414986284021,7.65757953991937,2.269014121347494,2.0,8.532421038547772,4.649320110658748,21.714162187754294,1.1336295323722885,130,0.9887575176342802,
0.0,0.7332488293390168,11.326081275939941,0.03404188472773661,0.6757570361267591,0.4530845179115423,0.4871264026392789,0.029054315760731697,2507.1492242879876,0.05171727319137452,1.1632957234945902,6.370528691402192,2.6450701180015685,3.0,7.533824414896782,3.586531177253173,26.18800442194352,3.7028767301896375,131,0.4871264026392789,ood:cond:pp:2507.15 outside [505.725,2097.14]
0.0,0.7661892642792796,12.138154983520508,0.01832108381304642,0.8098313423015856,0.42492735747087407,0.4432484412839205,0.02751067467033863,2529.7762349870186,0.0651471063762038,1.1182381493838225,8.665352263892576,2.022553506574202,2.0,9.783590413276398,7.002054647313122,26.56923547386592,2.140935014109846,132,0.4432484412839205,ood:cond:pp:2529.78 outside [505.725,2097.14]
0.0,0.7226530651958187,6.975574970245361,0.0776350713241378,0.4090954444613611,0.5013490367167546,0.5789841080408924,0.024528829380869865,726.7875816538948,0.08100127168146137,0.5242675850954877,2.1819489602904176,5.90641811470848,6.0,2.7062165453859053,8.989104254129066,25.226403526444496,4.4563967257515635,133,0.5789841080408924,
0.0,0.7487463499582713,8.193591117858887,0.12788377803419923,0.22939350109837528,0.49611042009407036,0.6239941981282696,0.0245855450630188,765.3889344913133,0.048573110610153486,1.3792691719315089,4.604195129546894,3.2133591520214044,3.0,5.983464301478403,7.156024517454246,25.106417421889454,3.648791549309267,134,0.6239941981282696,
0.0,0.7125486481405084,8.525785446166992,0.03447003521819674,0.6724342470148118,0.46392797917079753,0.4983980143889943,0.026774536818265915,1469.8314139089305,0.06930010096397708,0.7545589445521268,2.432280316734003,4.799909332920755,5.0,3.18683926128613,8.460026591108399,24.39422289753905,0.5983821837642034,135,0.4983980143889943,
0.0,0.8100798021872719,11.686357498168945,0.04247363885309852,0.6132418790917198,0.529504694844418,0.5719783336975165,0.028539737686514854,1744.71923144416,0.05632599089931784,0.7926900534870167,9.73661527517296,2.4447760892015773,2.0,10.529305328659976,3.6211651752872074,24.67977583260716,3.4754556315499254,136,0.5719783336975165,
0.0,0.7593664580451903,10.618010520935059,0.05047581317910735,0.5592692405985602,0.5486668669914438,0.5991426801705512,0.026855209842324257,2505.932445424565,0.02952795206204663,1.0713293452216908,1.2914867204597225,5.730808712705237,6.0,2.3628160656814132,6.547589397013537,20.724485791102015,0.2447891466707086,137,0.5991426801705512,ood:cond:pp:2505.93 outside [505.725,2097.14]
0.0,0.7080400024566277,10.688338279724121,0.08545636934177081,0.37386787823259454,0.5482676605464851,0.6337240298882559,0.022842973470687866,2854.0471139023007,0.019980977649813107,0.9151137906649577,3.414895030576971,4.218879369259746,4.0,4.330008821241929,5.245734634031695,22.56576991899941,4.591897231593702,138,0.6337240298882559,ood:cond:pp:2854.05 outside [505.725,2097.14]
0.0,0.7315675001558586,12.568280220031738,0.024318257796055925,0.7558031733257933,0.45553733547974384,0.47985559327579974,0.028374750167131424,2878.960081817694,0.05383933892644421,1.4528857077572552,5.7060880219320556,3.3025681980173354,3.0,7.158973729689311,3.918927043575091,25.395848232643026,4.997905727396488,139,0.47985559327579974,ood:cond:pp:2878.96 outside [505.725,2097.14]
0.0,0.6979529226073369,7.814491271972656,0.09170931713816562,0.34789918736542186,0.45162791833882726,0.5433372354769929,0.025108836591243744,970.4579426535731,0.061749611366047556,1.0978438480922748,3.169960359540733,5.087387933355597,5.0,4.267804207633008,5.83743384819987,27.17645488636491,4.149057210643148,140,0.5433372354769929,
0.0,0.7804018581939421,10.136314392089844,0.012575757082109574,0.8652093709898427,0.4797092361608832,0.49228499324299274,0.03019791841506958,1432.1006634431494,0.09671780077708439,1.098405367724059,3.885162409580847,3.9551353540286973,4.0,4.983567777304906,3.9006383065585633,23.834909415778185,3.2260102356531806,141,0.49228499324299274,
0.0,0.7647198812095093,10.371119499206543,0.1131463856262825,0.2718116531091633,0.5022006374013732,0.6153470230276558,0.028292344883084297,1760.3824117253303,0.02620880944052517,1.1034079257801919,2.3301915055515425,4.721240327801002,5.0,3.4335994313317344,5.67909391648032,22.84709107313899,2.361867539009709,142,0.6153470230276558,
0.0,0.7884201609847953,9.309812545776367,0.09650610844546727,0.3292073006612002,0.5479908204990892,0.6444969289445565,0.026711480692029,1094.120026718569,0.04546884601802522,1.4543767330382686,3.3331030412872438,2.955598894977961,3.0,4.787479774325512,7.549395487948153,21.91183481092469,4.655933362891862,143,0.6444969289445565,
0.0,0.8382768092422529,17.33261489868164,0.30156031646767767,0.031059783033500446,0.4073124142399038,0.7088727307075815,0.02496042288839817,1061.973130510935,0.012740264979655937,1.3618523614451097,3.011779837307158,5.601944239298675,6.0,4.373632198752268,3.0997605724825004,29.341553764996107,0.5559770933820396,144,0.7088727307075815,
0.0,0.7510189891670155,9.199902534484863,0.007359842025029055,0.9187572726580682,0.4568673671974874,0.4642272092225164,0.029293643310666084,1887.2382143145937,0.08812178118010716,0.5503671939882864,2.1937968538758192,5.2950073074663475,5.0,2.7441640478641056,9.740832227527939,23.461652466848467,4.258573406214654,145,0.4642272092225164,
0.0,0.7010036857869141,7.371893405914307,0.01988602128796833,0.7953712589990648,0.4249709621000911,0.44485698338805946,0.027262024581432343,1591.9799846640085,0.08248568951129577,1.116453341412162,5.213370017857857,3.0609336260441458,3.0,6.329823359270019,8.161400862589232,27.15087094039929,0.34277029206768284,146,0.44485698338805946,
0.0,0.7068678045766925,10.033232688903809,0.020471387828484008,0.7900290498510124,0.39065700920542457,0.4111283970339086,0.02707395888864994,2611.1123844981425,0.06380970080201334,0.6552440580725866,5.121079848112553,3.5234112897217105,4.0,5.776323906185139,6.083974684974953,29.18927030971551,2.081493721116182,147,0.4111283970339086,ood:cond:pp:2611.11 outside [505.725,2097.14]
0.0,0.7406388812465509,7.800568580627441,0.04711541236196479,0.5813302711138177,0.46997049044209205,0.5170859028040569,0.02652069553732872,1753.5777436164026,0.05991695936449259,0.762727239425148,2.2311109611193096,5.967366689844848,6.0,2.9938382005444577,9.746074834120126,27.709104037386872,3.4190360757184006,148,0.5170859028040569,
0.0,0.8249744080701522,15.43039608001709,0.002246931139019983,0.9744629787719947,0.4252842422876485,0.42753117342666846,0.0288163460791111,2709.3174465240577,0.07946779721765934,0.8047198257117045,5.365901850380851,2.8193274249557585,3.0,6.170621676092556,6.3802574098488325,24.892122438126503,3.6472790953611196,149,0.42753117342666846,ood:cond:pp:2709.32 outside [505.725,2097.14]
0.0,0.7759890613709701,9.722650527954102,0.17802066772183445,0.12879430544076387,0.4351962904628632,0.6132169581846976,0.02715170383453369,1242.6482031500664,0.02349606114868159,1.3238247529696339,5.618273831637666,2.6511028121230713,3.0,6.9420985846073,8.759917413190198,29.586213167012097,1.1982977369768921,150,0.6132169581846976,
0.0,0.723748962194357,7.779041290283203,0.12477707214809403,0.2377467776007569,0.4651889808137989,0.5899660529618929,0.023291727527976036,638.9796496020172,0.055456030998395994,0.6050194995839131,6.916637638556843,2.508225561924007,3.0,7.521657138140756,4.897965747110622,27.46293716153289,1.0355508779603433,151,0.5899660529618929,
0.0,0.7155508111040944,7.168206691741943,0.09643035640429554,0.32949453667050915,0.5134531800248165,0.6098835364291121,0.025210626423358917,952.0907455486598,0.05386208778934839,1.0590691953527052,2.398888350982182,3.9324827689233968,4.0,3.457957546334887,9.870548368905418,23.702378554244966,4.885880210837445,152,0.6098835364291121,
0.0,0.8406523045737218,18.655614852905273,-0.000412954157162152,1.0047656300976575,0.4077249633495536,0.40731200919239147,0.02820478565990925,2620.863899265842,0.08879904718440954,1.4439231491524183,1.8522962580274638,5.061752739722224,5.0,3.296219407179882,7.208201735475816,23.689298771375228,4.864373190207734,153,0.40731200919239147,ood:cond:pp:2620.86 outside [505.725,2097.14]
0.0,0.8846468543415668,20.793254852294922,-0.00844664557175868,1.1021310247515061,0.4462641133605299,0.43781746778877123,0.027128497138619423,2512.6892778427627,0.09559305607784274,1.234633523625226,2.292856328349522,3.8023340187794195,4.0,3.5274898519747477,6.7801656342402845,20.890125042139275,3.497222803338906,154,0.43781746778877123,ood:cond:pp:2512.69 outside [505.725,2097.14]
0.0,0.7434922889105168,9.253375053405762,0.043580432172489796,0.6054772630880658,0.5075373517373873,0.5511177839098771,0.027485117316246033,1246.2820696602103,0.06973457399201576,0.6904153193351793,2.0625680207586417,4.84026714363032,5.0,2.752983340093821,8.363296529010999,22.128213229480103,2.881838480423945,155,0.5511177839098771,
0.0,0.8166224663735857,14.229782104492188,0.00963868983213119,0.8949660292102573,0.45223330289149694,0.4618719927236281,0.028000524267554283,2538.6938216093886,0.0683620632070786,1.211562966535292,9.429285894877742,2.096345249017858,2.0,10.640848861413033,3.9090419527008997,25.190739675526967,1.0384649317035293,156,0.4618719927236281,ood:cond:pp:2538.69 outside [505.725,2097.14]
0.0,0.6855809567214396,24.04410171508789,0.265112553601672,0.04725385365916654,0.4979997470958179,0.7631123006974899,0.020362991839647293,2192.3458967630863,0.008450024217963124,0.73851754639614,5.059902575495308,3.5841737685862745,4.0,5.798420121891448,4.090877982149436,27.28455846971523,3.3588510084391956,157,0.7631123006974899,ood:cond:pp:2192.35 outside [505.725,2097.14]
0.0,0.7312594643968228,8.203935623168945,0.10364853257791495,0.3032196465080366,0.4684574180572648,0.5721059506351798,0.02739695832133293,1869.957578010195,0.030874623231589852,1.3613667061107857,1.7535846828941009,5.778809257360366,6.0,3.1149513890048866,6.7636014377084654,25.453309771737786,4.6573340040344196,158,0.5721059506351798,
0.0,0.9253377212909826,12.80854606628418,-0.003999772444000628,1.0471258047502012,0.5157396592998162,0.5117398868558156,0.02920594997704029,1637.141328540462,0.09905805808365098,0.9281493276230777,5.526623036308174,2.416256519431716,2.0,6.4547723639312515,8.087422441157077,20.99696716901958,0.6820604111650208,159,0.5117398868558156,
0.0,0.8993717445215138,14.6773681640625,-0.0009434101298011372,1.0109206097614025,0.4901538651803121,0.489210455050511,0.0306946262717247,1888.3968056311314,0.0980925788095989,0.682700224114613,5.441241285867711,3.4799124694965626,3.0,6.123941509982323,4.249883689986904,22.621708219933875,4.912611870874169,160,0.489210455050511,
0.0,0.7719874485717819,15.049725532531738,0.21881891849090074,0.08052030430976358,0.49366326329875543,0.7124821817896562,0.02492775395512581,1677.9487078198613,0.013691142160222089,1.3916809252955802,6.26982819425122,3.170954879803491,3.0,7.661509119546801,3.233554273114504,26.218081631754906,3.5846909668454514,161,0.7124821817896562,
0.0,0.6679163724061946,7.933129787445068,0.05807748144769111,0.512404096069774,0.5205593639415573,0.5786368453892484,0.024027369916439056,2890.769710701503,0.028521519216368398,1.4067536260788949,1.4015061985714523,4.951688950300715,5.0,2.808259824650347,9.804843048778793,23.84614217203053,3.3947986618335486,162,0.5786368453892484,ood:cond:pp:2890.77 outside [505.725,2097.14]
0.0,0.7602655290361879,13.973272323608398,0.004111359106638785,0.9537690040672511,0.40575523608211,0.4098665951887488,0.027178971096873283,2978.4241580209864,0.06988349260727252,0.566615956983072,4.846064232597441,4.062328934034486,4.0,5.412680189580513,4.734091668632359,26.38481242695441,0.9209517567197156,163,0.4098665951887488,ood:cond:pp:2978.42 outside [505.725,2097.14]
0.0,0.8183810624335333,15.560304641723633,0.2198173415072843,0.0796000411890728,0.5250322696208158,0.7448496111281001,0.027259383350610733,1401.8211478365738,0.01449724474055943,1.3389937515112607,1.875866716833614,4.197411728801022,4.0,3.2148604683448747,8.83239590878058,21.69183778216008,2.907214217804404,164,0.7448496111281001,
0.0,0.7560191691406247,10.694267272949219,0.05520790375129661,0.5296152492006873,0.47790301530705237,0.533110919058349,0.028466278687119484,1809.2844135844698,0.0461316055466847,1.4410640621155395,6.166105458112314,3.157858797167828,3.0,7.6071695202278535,2.5690927118220657,25.390601272505627,0.20656662188201447,165,0.533110919058349,
0.0,0.7967458020925344,10.255887985229492,0.032651808210832925,0.6866587505709376,0.5474648341081246,0.5801166423189575,0.028984978795051575,1354.989657523688,0.06942020074284773,0.9690128486002738,2.0752154273054995,4.077145528727065,4.0,3.0442282759057733,7.88262160052248,20.059534704145573,2.366360045936693,166,0.5801166423189575,
0.0,0.7204716307200533,9.020204544067383,0.06768624005351798,0.4587423127324532,0.4729165471724994,0.5406027872260174,0.026160502806305885,962.4677513989589,0.06937302432576442,0.7663966309214757,4.873458386392022,4.325766934311633,4.0,5.639855017313497,3.4713082171531173,26.030728286407104,1.4357165061598531,167,0.5406027872260174,
0.0,0.7835274152855933,11.527406692504883,0.02132766038226704,0.7822790471322618,0.5285802604053165,0.5499079207875835,0.029523849487304688,1743.0664998647658,0.06670057504667427,1.2036539047606625,1.2042881249002182,5.975332871254388,6.0,2.4079420296608807,6.0781633611154975,20.52581553908078,2.252692661161028,168,0.5499079207875835,
0.0,0.8320435083512446,21.753494262695312,-0.006576311326461266,1.0786525056006264,0.34519736363039355,0.3386210523039323,0.024262987077236176,2948.6734810702033,0.09890606778048644,1.3189305085473064,6.654677461832769,2.5325594909730174,3.0,7.973607970380075,3.899137089579389,27.819961000719616,4.107576063398673,169,0.3386210523039323,ood:cond:pp:2948.67 outside [505.725,2097.14]
0.0,0.7371774966249808,8.58395004272461,0.11035564085928706,0.2806866748591687,0.5002747731587451,0.6106304140180322,0.024187106639146805,670.0231617446696,0.057127313111289164,0.9518022760844609,2.929344125125657,4.782674599987505,5.0,3.881146401210118,4.48158037816586,23.887312384216447,0.5829665364519809,170,0.6106304140180322,
0.0,0.8666293499001718,10.443465232849121,0.1801173047502795,0.1257226354345651,0.4975186348426902,0.6776359395929697,0.026240607723593712,762.5405503814901,0.03094089120392214,1.3797083825328356,4.944469995341259,3.3417735088859253,3.0,6.3241783778740945,6.527121105393586,25.49965623901587,1.5909189033954392,171,0.6776359395929697,
0.0,0.787860698095167,10.675375938415527,0.05662670979862866,0.521034464242991,0.5629812967581722,0.6196080065568008,0.02724740281701088,878.1513825424151,0.06929579570841408,1.0456651677053213,1.7906946296130504,5.6098926605996215,6.0,2.8363597973183716,4.072779858401794,21.090938642312025,0.7799022936960992,172,0.6196080065568008,
0.0,0.7079759693690529,6.980459213256836,0.09678003693518415,0.32817070899580225,0.5119768797589692,0.6087569166941533,0.023898035287857056,802.383495965817,0.058882970710069565,1.030482620696843,1.9213740321747097,4.578452806721082,5.0,2.9518566528715526,9.780114074275804,24.539397338633567,1.1053236533268052,173,0.6087569166941533,
0.0,0.8723328678195157,13.74252986907959,0.19613503090255005,0.1045501945945799,0.5626142872301472,0.7587493181326972,0.02847783826291561,994.7952911531121,0.02025850607755588,0.9473348277637882,2.9960077627842767,3.6668168530314507,4.0,3.943342590548065,6.201825736422388,21.97519609861465,1.4730508457257345,174,0.7587493181326972,
0.0,0.7802608034162598,10.971906661987305,0.036891433582298475,0.6539474220806055,0.49739513762228243,0.5342865712045809,0.028948988765478134,1702.636504188777,0.06156034311822791,0.5339798968757933,6.211888701198483,2.757933919877554,3.0,6.745868598074277,4.016714032117831,24.254319826340662,2.543308203812577,175,0.5342865712045809,
0.0,0.7876580771159549,9.429837226867676,0.1934933413027243,0.10777878749157187,0.47957147282269086,0.6730648141254152,0.026419488713145256,981.9168760933421,0.026079682647836954,0.7245173325861421,3.025227083458609,5.137810791512725,5.0,3.7497444160447513,8.771729932459806,27.520452012683563,4.715084781165453,176,0.6730648141254152,
0.0,2.5459030175444917,131.11578369140625,0.4856668259928168,0.0037296310349468212,2.042685657832251,2.528352483825068,0.06510050594806671,1620.3582979277926,0.0036443085926575465,1.1926161663640018,10.055472265009016,2.077505030778942,2.0,11.248088431373018,7.393228093693154,29.88940495643919,0.06365737281426087,177,2.528352483825068,
0.0,0.7349421008632626,10.57806396484375,0.0487774788397372,0.5703121261717815,0.4339952289861289,0.4827727078258661,0.02813250571489334,2216.9176762483567,0.04534858608392867,0.7526903165737041,4.665997154050684,4.2543903971795265,4.0,5.418687470624389,5.076380104497571,26.751129986995124,1.1871080697693048,178,0.4827727078258661,ood:cond:pp:2216.92 outside [505.725,2097.14]
0.0,0.7464088785379018,8.945893287658691,0.07071479738233176,0.44302273419318355,0.48655613195120295,0.5572709293335347,0.025215961039066315,2427.6095266036186,0.03430594061032213,1.4998518673480628,3.3478309122597616,4.325893024203246,4.0,4.847682779607824,9.800648122232039,29.191379240663338,4.1894602335995526,179,0.5572709293335347,ood:cond:pp:2427.61 outside [505.725,2097.14]
0.0,0.7818988464155558,11.591612815856934,0.03000710081721586,0.7078879113469778,0.5090301989580273,0.5390372997752431,0.029302097856998444,1818.3295587439588,0.059427401462371646,1.205237887750446,3.6547625556292607,4.405206002328183,4.0,4.860000443379707,2.9392211481054114,22.379222921624237,0.24560904302276976,180,0.5390372997752431,
0.0,0.7312881853408867,8.212149620056152,0.018138951334155367,0.8115312411640603,0.4561602704924211,0.47429922182657647,0.028392381966114044,1332.0404714770202,0.09534741126146667,0.8692559578909759,2.7055038629901236,4.51789909863818,5.0,3.5747598208810993,6.7391349370749225,24.61293404148042,2.506021094039776,181,0.47429922182657647,
0.0,0.6704840459773603,8.736475944519043,0.06854941185375933,0.4542060772233943,0.45910508368415076,0.5276544955379101,0.022853679955005646,2927.9918050575643,0.02646856731728174,1.000096974866309,2.7761664782884683,5.916309144578026,6.0,3.7762634531547774,5.6837815792618125,28.341362298190475,2.2495409637882595,182,0.5276544955379101,ood:cond:pp:2927.99 outside [505.725,2097.14]
0.0,0.7691543205529375,9.522165298461914,0.04173507400805445,0.6184785327446332,0.5025542401898576,0.544289314197912,0.027792762964963913,962.937889918122,0.091607779313397,0.6151040710712167,3.510372573437072,4.546426359338488,5.0,4.125476644508288,2.9486320627253706,23.576015285266813,4.656587239893453,183,0.544289314197912,
0.0,0.7705420746119288,8.994878768920898,0.15865758229074423,0.16095782266133066,0.5270599023898606,0.6857174846806048,0.024886852130293846,554.71057908278,0.04229387160778951,1.2927627354899411,2.1177662823053387,5.644186177829727,6.0,3.41052901779528,2.718937254493987,23.182111361265665,0.6794445153494483,184,0.6857174846806048,
0.0,0.7751508193347655,12.034245491027832,0.1069628008924652,0.29186767296691823,0.5968302353944558,0.703793036286921,0.026627857238054276,1844.6929914219031,0.02308083092809026,0.9708016220998614,7.429612436506382,2.4491021063725973,2.0,8.400414058606243,6.013399374972562,22.814227492185047,0.8241261580018067,185,0.703793036286921,
0.0,0.8103957207639958,9.480772018432617,0.17062762990290503,0.14023675390684473,0.5401056874969696,0.7107333173998747,0.024205254390835762,533.9264024389473,0.03951484661746922,0.957769377168045,4.343994418544016,4.231829925889018,4.0,5.301763795712061,2.8276435687772956,24.03469875162554,1.4996188486584883,186,0.7107333173998747,
0.0,0.7273631133187358,11.761284828186035,0.05616772770298228,0.5237950157143789,0.5328436836675693,0.5890114113705516,0.025930197909474373,2953.5343720395076,0.027982780065826062,0.8932504085426994,5.977068451965678,2.7517154144105005,3.0,6.870318860508378,3.209300081268192,23.820256662793327,4.138757445836302,187,0.5890114113705516,ood:cond:pp:2953.53 outside [505.725,2097.14]
0.0,0.8991334280635707,15.361486434936523,-0.0022501174329282673,1.026243896404724,0.49542376045271036,0.4931736430197821,0.029522299766540527,2203.521594919004,0.08267920950073279,1.176490676633843,4.073999474667255,3.413915996226258,3.0,5.250490151301098,5.073518987823483,20.82498944172678,1.0274949176966093,188,0.4931736430197821,ood:cond:pp:2203.52 outside [505.725,2097.14]
0.0,0.8519487371783147,11.211104393005371,0.17631251884525626,0.13135221652946039,0.5974287969977589,0.7737413158430151,0.02572346292436123,598.6692314151904,0.03231668380108728,0.7455055117250521,2.3267382927880025,4.79470014507778,5.0,3.0722438045130547,5.255861160341948,20.61708018290722,1.798882364552667,189,0.7737413158430151,
0.0,0.7259447613556588,8.182723045349121,0.13228427128328593,0.21806132346064336,0.4292096043802093,0.5614938756634952,0.026393242180347443,1334.9874704752583,0.03241339740277142,0.9994956507393091,4.4055070960722835,4.804151245281219,5.0,5.405002746811593,2.800243085064703,29.825256819122668,1.2895435928974548,190,0.5614938756634952,
0.0,0.7570745807326977,10.403351783752441,0.04777213574391667,0.5769515192378798,0.44500571185973903,0.4927778476036557,0.027392426505684853,1652.2027571020653,0.058596891046882864,1.4148042894698176,9.07606745847428,2.4627995226759007,2.0,10.490871747944098,6.35098248297551,27.332725978863706,1.3131182524855134,191,0.4927778476036557,
0.0,0.6982846198515851,7.0423760414123535,0.09139665662231006,0.3491537548665637,0.47843682375928803,0.5698334803815981,0.02527882158756256,1229.6933323939338,0.04861032742401283,1.3897706353979378,1.967027996548293,5.090662502686877,5.0,3.356798631946231,9.73632815380894,26.520321313540094,1.7105749983468765,192,0.5698334803815981,
0.0,0.7481074318589815,13.185432434082031,0.02726431517860843,0.730597907649477,0.50087422477829,0.5281385399568984,0.02806013636291027,2996.594269613737,0.04654187602530107,0.8684998826451295,6.33168431362944,3.2278945977526727,3.0,7.200184196274569,2.5596389395133654,24.160191528337073,4.957408961596327,193,0.5281385399568984,ood:cond:pp:2996.59 outside [505.725,2097.14]
0.0,0.8066218003937274,11.394725799560547,0.04364632162910281,0.6050181340670335,0.5391583132241695,0.5828046348532723,0.029470298439264297,2079.052370877389,0.042858128781112025,0.6961133384433542,2.4371482137044853,3.5274969138537733,4.0,3.1332615521478395,7.872887034974027,20.405933243565386,1.5548962021440882,194,0.5828046348532723,
0.0,0.6904353182240629,6.119409084320068,0.08510901078167302,0.375366011810253,0.5044334427709569,0.5895424535526299,0.022416450083255768,621.399421544295,0.08490882692916131,0.9855494202655408,2.805126876513578,5.456836709005214,5.0,3.790676296779119,9.852957646090786,28.80633912998638,1.4758599943125517,195,0.5895424535526299,
0.0,0.7483365405852811,9.765083312988281,0.09956237601340273,0.31782504703438674,0.49113441741209984,0.5906967934255025,0.027735145762562752,1853.6545082914254,0.030508024783150782,0.5734517232319207,2.893442276375737,5.310987954225161,5.0,3.4668939996076573,6.123314701862759,23.457784699901044,4.869300386201258,196,0.5906967934255025,
0.0,0.7424197562623946,8.657546997070312,0.1331398529579117,0.2159239096450399,0.4678284266076559,0.6009682795655675,0.02588381990790367,1082.46077273718,0.037550420915299546,0.6560474038117771,3.8639528609733924,5.024072082581997,5.0,4.520000264785169,3.8731842838263706,26.473185607752214,4.553821339468016,197,0.6009682795655675,
0.0,0.7396884901200691,10.000946044921875,0.03652964157986953,0.656676979794245,0.4795385179497122,0.5160681595295817,0.02808738872408867,1373.4923299345014,0.06996407711640212,1.3611967550061204,3.230410902935767,3.5475457888697504,4.0,4.591607657941887,5.298909046599273,23.665339678366824,0.14932772417481976,198,0.5160681595295817,
0.0,0.8423058079869435,14.192859649658203,0.21853422847811843,0.08078465183678796,0.5407524198754291,0.7592866483535475,0.02799409069120884,1037.1477867035255,0.01711138237517049,1.0447079067942533,1.9005516462225223,3.588865208278697,4.0,2.9452595530167756,9.368850905903805,21.149889117970908,1.3005724053471601,199,0.7592866483535475,
0.0,0.7420407046712737,9.148294448852539,0.017315501659298724,0.8192613970028493,0.4260089588903727,0.44332446054967145,0.026960615068674088,1444.67331547527,0.09157939823769633,0.5028931828131988,11.510644297282392,2.314338483281247,2.0,12.013537480095591,5.238462305049334,29.265537265240518,0.0790771300714066,200,0.44332446054967145,
0.0,0.7088491795963741,10.213476181030273,0.04282800935363018,0.6107450464362616,0.45194319085900164,0.4947712002126318,0.02589474990963936,2926.1749279809987,0.038018713722275575,1.0065575001409726,3.866769544984599,4.478146889128306,4.0,4.8733270451255715,7.3650367626363815,26.85834494313867,2.6227838741699934,201,0.4947712002126318,ood:cond:pp:2926.17 outside [505.725,2097.14]
0.0,0.7324952141263888,10.268963813781738,0.05190488073099323,0.5501430062857515,0.42900881804508373,0.480913698776077,0.027623375877738,2309.689872189353,0.042681213923674514,0.9809918125722846,4.4212863312900845,3.967554882968853,4.0,5.402278143862369,5.831421863126656,27.440534438576133,1.2256967816433995,202,0.480913698776077,ood:cond:pp:2309.69 outside [505.725,2097.14]
0.0,0.7769984442075348,12.145771026611328,0.07928466162230935,0.40139937495921874,0.5775894054925365,0.6568740671148459,0.02766677364706993,2209.054055881899,0.024349031624017265,1.2790814417564955,2.1829234489497953,5.1984724696696425,5.0,3.462004890706291,3.082557329421327,20.39258178295278,1.0137207857321466,203,0.6568740671148459,ood:cond:pp:2209.05 outside [505.725,2097.14]
0.0,0.7510038994776931,7.366196155548096,0.05415411812276303,0.5360797586293147,0.5205339530712576,0.5746880711940207,0.026265600696206093,755.0494960850742,0.09075326177177477,1.2601989973434473,3.2050579945184885,3.371054103699519,3.0,4.465256991861936,9.50222788354351,22.897998859129316,3.9021939941244366,204,0.5746880711940207,
0.0,0.7173430277323718,7.590653419494629,0.1226627402254096,0.24360505660438916,0.47603537052225703,0.5986981107476667,0.023015223443508148,556.2921930562472,0.06303942070259193,0.6235639527633077,3.714240838008894,4.796935809536674,5.0,4.337804790772202,4.212164980212107,25.901188934073115,2.426853590764107,205,0.5986981107476667,
0.0,0.6796152459140047,7.95442533493042,0.06720946935731989,0.46126728445744614,0.5173106599653178,0.5845201293226376,0.022263456135988235,2943.399307104822,0.023305515929862422,0.9109801086693998,1.8118113589042861,5.766574647149331,6.0,2.722791467573686,8.37643022559897,24.713179031041086,2.3572729102454177,206,0.5845201293226376,ood:cond:pp:2943.4 outside [505.725,2097.14]
0.0,0.7633217543112621,8.972046852111816,0.018922400643918126,0.8042443096548274,0.5110334667049565,0.5299558673488747,0.02770587056875229,1072.2673280948125,0.09706106894809266,0.6746089940869604,3.035760488302107,3.7821023852582996,4.0,3.7103694823890674,7.709730685180478,22.551208614736748,0.5207519306384767,207,0.5299558673488747,
0.0,0.8559626076261785,21.925342559814453,-0.015088247541801346,1.189710344302586,0.4509729387228837,0.43588469118108236,0.02491452917456627,2629.771425728111,0.09724039972947447,1.1533333678958622,2.002304456071237,5.393042130002714,5.0,3.155637823967099,4.554694891151436,20.33288401098693,0.7045708668065293,208,0.43588469118108236,ood:cond:pp:2629.77 outside [505.725,2097.14]
0.0,0.9160555687471584,22.617212295532227,0.28340959273864413,0.03827824663010853,0.6077171112375364,0.8911267039761805,0.02563764527440071,1035.6330132047788,0.011366699425648455,0.9160996085759441,3.762588810408798,3.4542201057269812,3.0,4.678688418984742,7.280077168416857,21.316142425371083,1.772957571881404,209,0.8911267039761805,
0.0,0.8446880286538038,13.911163330078125,0.009015930558832165,0.9014057980076995,0.511970050725684,0.5209859812845162,0.028922617435455322,2403.611920391067,0.0639606262299571,1.1901297713520933,3.4957050833445242,2.604837932363427,3.0,4.685834854696617,6.442220094915831,20.499724659005683,0.8367028150877859,210,0.5209859812845162,ood:cond:pp:2403.61 outside [505.725,2097.14]
0.0,0.703150796031163,9.130718231201172,0.037763811689147324,0.6474122931030732,0.42296461504216487,0.4607284267313122,0.027806812897324562,1637.5639766505574,0.06749010000640233,1.0020655530275246,5.634394369039088,4.432160988235111,4.0,6.636459922066612,2.1822258160688506,28.728065504335298,0.6919752033113891,211,0.4607284267313122,
0.0,0.7508212196286111,12.782671928405762,0.011648305114549031,0.8744973029993257,0.4735676787457208,0.4852159838602698,0.026875752955675125,2879.5111035769733,0.05517588739401162,0.8480185136157831,4.21583573821893,2.612696784637465,3.0,5.063854251834713,8.026362976383668,23.217925731887807,0.27099273347378494,212,0.4852159838602698,ood:cond:pp:2879.51 outside [505.725,2097.14]
0.0,0.8025236950783092,9.856919288635254,0.008972211034907003,0.9018596254649064,0.5047276860495722,0.5136998970844792,0.03016957826912403,1499.6413310667776,0.09445337609235381,0.6497712808215483,2.5847489382546947,3.588615764166516,4.0,3.234520219076243,8.466176646454972,21.404257522759945,4.511404822478272,213,0.5136998970844792,
0.0,0.8100064134238584,10.184088706970215,0.06776491996586594,0.4583269555973639,0.5578501177238374,0.6256150376897034,0.028367744758725166,1389.6201416508804,0.04944261448648142,1.322355964312714,3.073675848931975,2.7311168542704727,3.0,4.396031813244689,7.693031282118684,20.881126721852752,4.968948987013162,214,0.6256150376897034,
0.0,0.7569365718615222,9.685059547424316,0.02842669973516225,0.7208858505339626,0.4686044695079259,0.49703116924308816,0.029442017897963524,1949.3049956306459,0.06582938550569503,0.8203950538909733,4.388463895821676,3.070827166062329,3.0,5.208858949712649,8.60301286446088,24.229589713598827,4.3533629990169995,215,0.49703116924308816,
0.0,0.8457146030783018,19.33527946472168,0.23491715282531694,0.06689816970305805,0.6118993128711961,0.8468164656965131,0.02546936646103859,1387.4600674866945,0.011638489280200719,1.3936357683447156,1.593161402428076,5.331628130275096,5.0,2.9867971707727916,5.5695161349144096,20.503501988778368,1.1877564816723591,216,0.8468164656965131,
0.0,0.7140292719123178,8.034523010253906,0.02940515974503649,0.7128106852339213,0.4073524565016218,0.43675761624665826,0.0274512879550457,1864.087558365483,0.07453243568258053,0.9574424007007851,3.2528069127767463,5.3055841197025355,5.0,4.210249313477531,8.077245019459866,29.128491586847524,3.377033706184502,217,0.43675761624665826,
0.0,0.778868953398383,10.70760440826416,0.031703466678711434,0.6941968946429736,0.4828833322160672,0.5145867988947787,0.026878703385591507,1455.9034427982028,0.07133149729960381,0.5042745718873648,8.775012590633732,2.187896420007576,2.0,9.279287162521097,7.112103457833987,25.670677782876183,0.006263845808305857,218,0.5145867988947787,
0.0,0.7165432477874579,8.176673889160156,0.014891730670618076,0.842444591861148,0.45151486310616035,0.4664065937767784,0.027772942557930946,1762.6384753177695,0.07803105581295655,1.4467243400501717,3.614769342878999,2.7199287922786595,3.0,5.061493682929171,9.283820927848911,24.468301976636422,0.2817400936687364,219,0.4664065937767784,
0.0,0.788397699289164,10.312726020812988,0.02968388252798433,0.7105270026317506,0.5055615518017647,0.535245434329749,0.029078194871544838,1215.1427600624434,0.08666913428826808,1.238370494814606,5.116694956286958,3.458228257224359,3.0,6.355065451101564,4.607558370313143,23.672754723617835,3.929313156650246,220,0.535245434329749,
0.0,0.8038189945789014,10.261067390441895,0.18373177494348458,0.12059828317691454,0.4956319599633986,0.6793637349068832,0.026444144546985626,846.4067206391193,0.02920620238139141,0.7703114228119567,3.4634639887413208,4.763499308699733,5.0,4.233775411553277,3.970442470869899,25.139319528636285,4.332329852214169,221,0.6793637349068832,
0.0,0.7377351671930242,8.183998107910156,0.07395614494308617,0.4267949531831133,0.5205218842134882,0.5944780291565743,0.02470436505973339,642.0163121947805,0.07691595237638743,1.2333473122708285,4.17313791570848,2.699351725154216,3.0,5.406485227979309,7.28644875318619,23.505904437124116,0.5748387452906695,222,0.5944780291565743,
0.0,0.7594408606195768,10.182082176208496,0.1146702486143745,0.26708454431019857,0.49340472320284035,0.6080749718172148,0.027761561796069145,1734.9131234871415,0.027521833159939144,1.3167155288847046,6.041007499237903,2.539703159873472,3.0,7.357723028122607,3.555940830723709,25.629109915091533,2.881243124652055,223,0.6080749718172148,
0.0,0.7299088897808584,9.634624481201172,0.11582650596122268,0.26355270026317507,0.46303579315914134,0.578862299120364,0.02681579254567623,1910.0551466262,0.024435631592750705,1.3930248189206336,2.4418226233168294,5.122587973305183,5.0,3.834847442237463,5.6816201037203315,24.855857314907645,1.3995944988746445,224,0.578862299120364,
0.0,0.7242737527007675,9.984903335571289,0.0564802083228967,0.5219140140722535,0.46373424554687576,0.5202144538697725,0.027443012222647667,1380.3844073456032,0.05849390481394406,0.9052133489551774,3.056457227893878,4.595186614219234,5.0,3.9616705768490554,4.694033874261799,24.502386758507075,1.3040843469404306,225,0.5202144538697725,
0.0,0.743380616115446,10.131553649902344,0.1444172576872411,0.18963291088479023,0.4981239854329874,0.6425412431202285,0.02723628655076027,1886.8512350814685,0.019908269288740746,1.0814037250235726,1.615955864680477,5.904209991290005,6.0,2.6973595897040497,7.242337545341586,23.426495083565882,3.5949282781729694,226,0.6425412431202285,
0.0,0.8190994313809061,13.746268272399902,0.007025967121527249,0.9222956586989147,0.4903800449853948,0.49740601210692204,0.02999565191566944,2162.1720685139976,0.07535497560405567,0.5682333856234433,2.97643725564313,5.4017373669227275,5.0,3.544670641266573,3.8970324616037884,21.620385667936656,2.5117674570345496,227,0.49740601210692204,ood:cond:pp:2162.17 outside [505.725,2097.14]
0.0,1.054695691933821,49.740089416503906,0.5434327135416498,0.0019179462512761136,0.29345274448422387,0.8368854580258737,0.032558515667915344,534.890643015393,0.007648275983842378,1.4548445323251156,3.583098053512177,4.691145614420534,5.0,5.037942585837293,2.565053648321303,27.754766577507766,2.7384677307847967,228,0.8368854580258737,
0.0,0.8891898410489978,13.963571548461914,0.27777069769369117,0.04084571582666333,0.4405736104318608,0.718344308125552,0.027401726692914963,715.7077878895827,0.01848170112561925,1.0492933656988304,2.9365593870489013,5.928966720891379,6.0,3.9858527527477317,4.946296932027955,28.861413448514345,2.359479484025267,229,0.718344308125552,
0.0,0.7388479749429062,9.164057731628418,0.07036615862972019,0.44480453541988385,0.5096715110038599,0.58003766963358,0.026741808280348778,925.003518350514,0.06514179519279126,1.3614604205951335,1.3130355393774433,5.580133507349289,6.0,2.674495959972577,6.417472396312588,22.464448156148052,1.705068289571427,230,0.58003766963358,
0.0,0.8505754489918275,12.337291717529297,0.2328597011474503,0.06850172283832133,0.4553531632761354,0.6882128644235856,0.026940960437059402,953.2687340602874,0.020341007468395598,1.0619332330716293,5.733839313766678,2.8455282577199394,3.0,6.7957725468383074,8.062178334298821,28.449495974813743,4.506283793490409,231,0.6882128644235856,
0.0,0.7078575745417421,8.371627807617188,0.07749796160330949,0.40974172548230636,0.46097240821528396,0.5384703698185934,0.025829097256064415,2216.2480820668184,0.035911626508382866,0.8271563128986652,3.1930293818122615,5.415671055397347,5.0,4.020185694710927,8.282167932953264,28.383096406507896,3.9502179431345836,232,0.5384703698185934,ood:cond:pp:2216.25 outside [505.725,2097.14]
0.0,0.7156633924697997,12.671222686767578,0.15008295311980457,0.17765819050829762,0.5477946635318576,0.6978776166516621,0.017220331355929375,2728.8469470003974,0.011663643306177213,0.660739862937525,8.402987720818212,2.228303743654514,2.0,9.063727583755737,6.717319526557239,24.844774694068715,4.778065073297066,233,0.6978776166516621,ood:cond:pp:2728.85 outside [505.725,2097.14]
0.0,0.7370134551683774,8.749571800231934,0.09240663845882711,0.34511736166996543,0.4562230018765554,0.5486296403353825,0.027099372819066048,1566.4095365026533,0.03864878547436172,0.5451823234175311,3.629837659851123,5.664241580152809,6.0,4.175019983268654,2.2946293099344626,27.344749209546386,1.8332519309699862,234,0.5486296403353825,
0.0,0.7662707149393787,10.51949405670166,0.04548836102230989,0.592322451986863,0.49682119472260683,0.5423095557449167,0.028269603848457336,1541.5783801680254,0.05800942611195545,1.1735097672355894,5.841973995180197,2.8632509667663464,3.0,7.015483762415787,3.3462299063106036,24.392681193557966,1.0663019039593697,235,0.5423095557449167,
0.0,0.7823324178109032,10.241528511047363,0.10213357101472531,0.3085546849511712,0.5278715320053128,0.6300051030200381,0.02803705260157585,1457.2824251329007,0.03162356899733356,0.9484294069119676,2.0406794251579585,5.947566856589194,6.0,2.989108832069926,4.532044885801466,22.466697878221023,0.8281588389959216,236,0.6300051030200381,
0.0,0.6938223365746439,6.50175142288208,0.12621261638887357,0.2338497543608761,0.478319232559582,0.6045318489484556,0.02285553701221943,608.1339989292694,0.06114962559770476,1.170285826732164,4.813470495340074,3.289787356023583,3.0,5.983756322072239,9.240645645947899,27.191914612164616,4.034692715146147,237,0.6045318489484556,
0.0,0.6253688650463978,9.016364097595215,0.11824389001930918,0.2563188523609631,0.5088488885439538,0.627092778563263,0.017732663080096245,2854.288207691214,0.014483436005745635,1.0578849399489543,4.977066762422675,2.788684760853157,3.0,6.03495170237163,8.503467899625644,26.608323006740534,3.487970896424602,238,0.627092778563263,ood:cond:pp:2854.29 outside [505.725,2097.14]
0.0,0.7878349967642244,10.6693754196167,0.019856299015057515,0.7956434739108684,0.5208203813528486,0.5406766803679061,0.028874486684799194,1343.0833865531526,0.08304638736787404,0.9131869569109469,3.2854525697633092,3.9827148269982655,4.0,4.198639526674256,5.079933070867451,21.874491177564476,1.1609752287403174,239,0.5406766803679061,
0.0,0.8711313553768589,11.94168758392334,0.07081449258951672,0.4425145317223829,0.6114397198963152,0.682254212485832,0.027755703777074814,1347.9427374262127,0.045579815058221056,1.252833730815723,8.285828384717927,2.16992730422422,2.0,9.53866211553365,3.578155156870239,22.65547938793754,3.6676037120098384,240,0.682254212485832,
0.0,0.7149972238132924,8.813627243041992,0.07761510099519375,0.4091895132348783,0.43026846063091273,0.5078835616261065,0.02522249147295952,1110.247901078177,0.061894256527640586,0.9915847644155623,10.786584618581317,2.491455923011198,2.0,11.778169382996879,6.156599617604867,29.712938383598622,2.608744785575568,241,0.5078835616261065,
0.0,0.8359623636972818,22.807235717773438,-0.009972784523125408,1.121666947604237,0.45626305679505114,0.44629027227192575,0.025005578994750977,2603.209602952291,0.09501719150906425,1.2559722302711789,1.343779379398741,5.834467212337858,6.0,2.59975160966992,5.469948961434742,21.068458619454262,3.298173754405461,242,0.44629027227192575,ood:cond:pp:2603.21 outside [505.725,2097.14]
0.0,0.8712020757121214,11.511500358581543,0.06197625063486282,0.48991275529068884,0.6437450256817643,0.7057212763166271,0.026414237916469574,843.6182240588926,0.06785101411202542,0.6710071124644003,5.889703644419555,2.1185488625754623,2.0,6.560710756883955,7.2571640553444885,20.3785855691124,3.8230921168668006,243,0.7057212763166271,
0.0,0.7224318174628699,8.785804748535156,0.02782997914182525,0.7258553869325968,0.44801630933024883,0.4758462884720741,0.027874033898115158,1126.2697595076224,0.09555450336437088,1.4933198102520429,4.031380140805409,3.8864394850303685,4.0,5.5246999510574515,4.177458198001081,26.276258002230886,0.7837420615839774,244,0.4758462884720741,
0.0,0.7074114881806028,13.674320220947266,0.19286796084012295,0.10855759061596015,0.47667225853630624,0.6695402193764292,0.023096127435564995,2021.4754657017302,0.013666039183817199,1.3223291788254783,3.304753593933849,4.027291407160929,4.0,4.627082772759327,6.81682254068764,25.325153631724948,3.09731158926657,245,0.6695402193764292,
0.0,0.8558740600219815,10.985533714294434,0.10889612262912891,0.2854429932357483,0.6149763344156336,0.7238724570447626,0.02608422003686428,844.3691666380121,0.04410878243491118,0.7586484795659689,4.357498833764314,2.9233945078824255,3.0,5.116147313330283,5.633719636705611,20.98216157669646,3.5962627329247137,246,0.7238724570447626,
0.0,0.6701920395430961,11.229020118713379,0.1745178115480259,0.1340944928986232,0.4792523336816789,0.6537701452297048,0.018240099772810936,2782.3723712094293,0.010561782850794088,1.0502839507614128,2.8697701998821934,5.978610458531554,6.0,3.920054150643606,3.3089597786597844,26.82928468252142,4.186115935403535,247,0.6537701452297048,ood:cond:pp:2782.37 outside [505.725,2097.14]
0.0,1.0820471229205895,49.44565200805664,0.4256374705584359,0.007444107689884344,0.5229127759166792,0.9485502464751151,0.0344349667429924,1050.0241579881117,0.0072245173627502835,1.3014619578069693,2.5743596508928928,4.725579267912944,5.0,3.8758216086998623,2.2552327740572657,21.634340817556577,2.506526380328174,248,0.9485502464751151,
0.0,0.7141518399944908,8.237805366516113,0.09035226199799645,0.3533773340474585,0.4263122741034939,0.5166645361014903,0.026279421523213387,1313.3237016508865,0.04866511387151831,1.4703809125764056,6.611666012943042,2.9891872694423482,3.0,8.082046925519448,4.6110712726358285,28.85721204919417,2.8449924649158325,249,0.5166645361014903,
0.0,0.7344831553529138,15.936908721923828,0.19565884204266826,0.10512494698436174,0.5101932178772047,0.705852059919873,0.020386064425110817,2878.2192744535173,0.007638520746665017,0.9283416428859765,4.260817305092246,4.07911707680484,4.0,5.189158947978222,5.184836191324238,25.941471983237125,4.484851129877826,250,0.705852059919873,ood:cond:pp:2878.22 outside [505.725,2097.14]
0.0,0.8309080203517567,12.82671070098877,0.03661671085296144,0.6560190421297606,0.5402761579195823,0.5768928687725438,0.03082641027867794,1940.5599008692757,0.05303459104093044,0.7130814483411515,2.5415642738461384,4.633862575299126,5.0,3.25464572218729,4.101598516244666,20.374827127181113,4.090805074686281,251,0.5768928687725438,
0.0,0.7490877873672674,9.503631591796875,0.035413049871875796,0.6651732116058029,0.4955926196113892,0.531005669483265,0.02867801859974861,1473.272291590082,0.07069344001181399,0.6500694270254451,2.182941569146022,5.372007049808702,5.0,2.833010996171467,8.110908030644392,22.275963011501727,4.498578462154034,252,0.531005669483265,
0.0,0.9002312776490827,13.445314407348633,0.11516804998171704,0.26555822068643015,0.6605074816928043,0.7756755316745213,0.028133541345596313,1338.3031467194905,0.027005183959357516,1.476111847540249,6.552726752329473,2.16167698102646,2.0,8.028838599869722,4.966444031909317,21.024121231648763,1.9616342030641276,253,0.7756755316745213,
0.0,0.8222038923483045,11.59537410736084,0.07264351449882314,0.43329375285468824,0.5887696555656505,0.6614131700644736,0.028312021866440773,1750.0891965867486,0.036522796427886084,1.1154893340715006,8.402741637055557,2.0798597616886587,2.0,9.518230971127059,3.9632215008376255,22.999683443091744,2.875925827638071,254,0.6614131700644736,
0.0,1.0472702056145773,48.83293914794922,0.4927416925962189,0.003437886519261669,0.3931963768262549,0.8859380694224739,0.031096508726477623,662.445954806848,0.008965327590691994,0.5305218426095772,1.9780600542940248,5.6475677084272125,6.0,2.508581896903602,6.83451948428822,21.88601086570983,3.860409711956632,255,0.8859380694224739,
0.0,0.7807319413893788,10.638360023498535,0.1943690146680637,0.1066976677876982,0.4447036425002648,0.6390726571683285,0.027323167771100998,1125.724110580752,0.023449858243698007,1.4005522995358952,5.205225271442156,3.613052189191632,4.0,6.605777570978051,2.89023198315844,29.313342267070645,4.1162302645990465,256,0.6390726571683285,
0.0,0.7290285579476388,8.655505180358887,0.05024156263635831,0.5607795745698937,0.43972667299019697,0.4899682356265553,0.026532085612416267,2095.0934411897592,0.051643078027044424,0.7005604479307433,3.2386558285044007,4.850796502483078,5.0,3.939216276435144,8.973311666200207,28.669393048375927,3.1157084917866005,257,0.4899682356265553,
0.0,0.7054073460043628,11.673815727233887,0.06215118901401765,0.48892703824738454,0.5323380052024701,0.5944891942164877,0.023312179371714592,2958.903507024524,0.021991331369699423,1.294294446238768,4.864669803679009,2.551669088592357,3.0,6.158964249917777,4.936012987970637,23.41290573772397,0.4093120378257331,258,0.5944891942164877,ood:cond:pp:2958.9 outside [505.725,2097.14]
0.0,0.6854346384604395,9.98105239868164,0.0380710780665752,0.6451260956565239,0.4321348515015409,0.47020592956811613,0.026470651850104332,2771.7857328395826,0.04353984778222799,1.4992177846264565,2.783506488060207,5.991476519433009,6.0,4.2827242726866634,2.311288729498541,28.007634365618518,1.5567491510453568,259,0.47020592956811613,ood:cond:pp:2771.79 outside [505.725,2097.14]
0.0,1.1491042518764145,45.077537536621094,0.44845546102514855,0.005724304067794767,0.31150306722672844,0.759958528251877,0.03236500918865204,1377.284397703539,0.007460421267401594,0.6949362502939975,3.441099673857872,4.530076440349361,5.0,4.136035924151869,7.369242779819379,28.049422400578724,3.9086122488480903,260,0.759958528251877,
0.0,0.7600129947046155,11.470067977905273,0.009614127736762484,0.8952191448985363,0.4978215030008181,0.5074356307375806,0.028931034728884697,1768.6939981897162,0.07842175226219167,0.5729767922205887,2.727713864830939,5.786297934330165,6.0,3.3006906570515278,3.390272000904341,23.19441594321351,0.9725514770458354,261,0.5074356307375806,
0.0,0.7981124261281941,16.391000747680664,0.26222005016193745,0.04885395737950497,0.4560344680632068,0.7182545182251443,0.02383362129330635,1202.4846088036238,0.013499113655283869,0.737449352512291,11.311591669837108,2.177263580448389,2.0,12.0490410223494,5.258705606623484,29.356787651322282,1.3054928724059534,262,0.7182545182251443,
0.0,0.7268151123503545,9.8900146484375,0.028382414040672634,0.7212534935946234,0.4610954072377842,0.48947782127845685,0.02848733589053154,1518.5338684597184,0.07435377924752597,0.9352154349804119,4.254992306366875,4.300933930304779,4.0,5.190207741347287,4.197499836760209,24.958330802149355,0.7331021220048667,263,0.48947782127845685,
0.0,0.7992304777967191,11.486756324768066,0.0002634380938409758,0.9969716515866629,0.4855067115701247,0.4857701496639657,0.029580773785710335,2022.9001432867003,0.08282105019274134,0.8286795704021519,2.150534538098096,3.667910903937876,4.0,2.9792141085002477,8.676915817207878,20.59377225120887,1.2936123889231759,264,0.4857701496639657,
0.0,0.7600677881273524,11.018400192260742,0.0004587513744509252,0.9947323525893381,0.4072829100044884,0.40774166137893936,0.029056860134005547,2332.704712444988,0.08835494322743476,1.0898924144502642,5.418943478760008,3.2731241810251817,3.0,6.508835893210272,6.497718177546057,26.024225857176877,2.251137754189007,265,0.40774166137893936,ood:cond:pp:2332.7 outside [505.725,2097.14]
0.0,0.7795966095100539,11.217561721801758,0.028758836575443175,0.7181345428148858,0.4778778900602171,0.5066367266356603,0.03008333034813404,2103.1329645190126,0.061929898328292904,0.9234787013881578,5.003494096549735,3.2591268114351744,3.0,5.926972797937893,5.957599535796868,23.738517929610545,4.393653241985763,266,0.5066367266356603,ood:cond:pp:2103.13 outside [505.725,2097.14]
0.0,0.827470020562553,20.213422775268555,-0.00625912957846527,1.074720784305196,0.4137050598725594,0.40744593029409415,0.025324981659650803,2986.865678532234,0.0849945474599122,1.1752657642790632,1.8031669246574307,5.224919311431372,5.0,2.978432688936494,7.649243557642945,22.541407002325414,2.488963730295418,267,0.40744593029409415,ood:cond:pp:2986.87 outside [505.725,2097.14]
0.0,0.8426827115801494,13.891233444213867,-0.004011025156969695,1.0472614704091177,0.43721657060155245,0.43320554544458273,0.030004676431417465,2244.4892264503715,0.09277469415174824,0.7620818686690762,3.476431583969509,4.354226643377176,4.0,4.2385134526385855,6.271262380539199,23.22531619109354,2.2677156798564613,268,0.43320554544458273,ood:cond:pp:2244.49 outside [505.725,2097.14]
0.0,0.6667358051365334,8.781248092651367,0.08629526977511233,0.3702743695217174,0.5191497955746449,0.6054450653497573,0.019546745344996452,2942.014065522163,0.01836272991870893,0.7077769164093962,2.616284095258842,4.978571539701542,5.0,3.3240610116682383,7.271722301909815,23.892027360251006,1.9359897135300852,269,0.6054450653497573,ood:cond:pp:2942.01 outside [505.725,2097.14]
0.0,0.7853514634534788,13.693565368652344,0.14961592502691953,0.1786160063727516,0.5737628510613642,0.7233787760882837,0.026917029172182083,1898.5329256621694,0.01769475746448614,1.036427799069787,2.9238703960023944,4.07781027072914,4.0,3.9602981950721814,5.344083965418444,21.18527674570717,4.3891864037040875,270,0.7233787760882837,
0.0,0.8338760585693272,17.779273986816406,-0.011716605618190564,1.1444136470409119,0.37486910147512753,0.363152495856937,0.02585664764046669,2704.3465960730814,0.09819918602030543,1.0859424569866496,6.735256234341453,3.137382156039207,3.0,7.821198691328102,3.1012258228334115,26.564821896817715,0.08919777225255221,271,0.363152495856937,ood:cond:pp:2704.35 outside [505.725,2097.14]
0.0,0.7220733686976761,10.043439865112305,0.05667909614956338,0.5207203126019532,0.4731059212959333,0.5297850174454967,0.02774907276034355,2401.020289456198,0.03697452738396981,0.986232123000295,2.4939191552154765,5.764961647696399,6.0,3.4801512782157715,4.065011243155361,24.94591891244999,2.8282707040663535,272,0.5297850174454967,ood:cond:pp:2401.02 outside [505.725,2097.14]
0.0,0.7269092404070508,6.573108196258545,0.13877952467253052,0.2023496123061531,0.5012332866158467,0.6400128112883772,0.024431828409433365,810.5986518735842,0.042123917607171685,0.9084535639604651,1.8874555254907812,5.595513947167051,6.0,2.7959090894512464,9.427244327738604,26.202698864446084,0.08355431434791949,273,0.6400128112883772,
0.0,0.9606143330010366,18.018043518066406,-0.0020538777935368356,1.0239279286382321,0.49310916721252623,0.4910552894189894,0.028572091832756996,2225.962059967066,0.08634720086797533,1.344043002378752,5.004055234632837,2.2380504723325876,2.0,6.348098237011588,7.43748936263014,20.133685836653317,2.7148908776952325,274,0.4910552894189894,ood:cond:pp:2225.96 outside [505.725,2097.14]
0.0,0.7540444093376908,10.595922470092773,0.025303151372157606,0.7472815211953803,0.4845626302322198,0.5098657816043775,0.028019944205880165,2537.039768105242,0.051871659772427296,0.9053955402320946,3.7958382131772885,2.8576949741109594,3.0,4.701233753409383,9.26635130969138,23.37005256991953,2.3807278051419294,275,0.5098657816043775,ood:cond:pp:2537.04 outside [505.725,2097.14]
0.0,0.7099902555402423,8.688132286071777,0.03731187103262939,0.6507896611349153,0.4328673449019235,0.4701792159345529,0.028209146112203598,1380.8604729530975,0.08230433111216633,1.2706025959334821,3.238678660931562,4.718924994827779,5.0,4.509281256865044,4.2882549535417525,26.834661237866975,4.736679391465448,276,0.4701792159345529,
0.0,0.7268649482131997,9.983168601989746,-0.0017864960674747528,1.0207807708201928,0.4217799483087437,0.41999345224126894,0.02921169251203537,2136.2538470804557,0.08981439959247259,1.3058303082075302,1.9678469746312028,5.988701200092378,6.0,3.273677282838733,5.6259963302298335,25.26806002726223,0.5369042842299343,277,0.41999345224126894,ood:cond:pp:2136.25 outside [505.725,2097.14]
0.0,0.6771540336846655,9.819544792175293,0.09571630704293288,0.3322144088348522,0.48607195613856796,0.5817882631815008,0.025094686076045036,2441.2316841278835,0.02382639958988781,0.9818424389528372,3.1926900740486657,4.782513580334106,5.0,4.174532513001503,3.700396929455118,24.57305949446263,4.013580530460495,278,0.5817882631815008,ood:cond:pp:2441.23 outside [505.725,2097.14]
0.0,0.7338537767412223,9.715951919555664,0.0748162691138868,0.42258945369423845,0.434919590915567,0.5097358600294538,0.027514781802892685,1936.3492249482952,0.0394038443529791,0.9227077317731531,6.573668536618426,3.410428835991997,3.0,7.496376268391579,5.525734379514837,28.014863184689574,2.2298470695928008,279,0.5097358600294538,
0.0,0.7192864593106272,8.343265533447266,0.1095547625943768,0.2832867010951128,0.43785647996258636,0.5474112425569632,0.026475418359041214,1764.5331731211677,0.030752015922080395,0.8664382810551529,3.3669097498928684,5.202606296037393,5.0,4.233348030948021,7.153277134828632,28.32001728956874,1.6449528003914926,280,0.5474112425569632,
0.0,0.7839577260946181,9.082782745361328,0.03789000867665901,0.6464723530243383,0.5018213395566266,0.5397113482332856,0.02756519429385662,896.893697797636,0.09847927452690582,0.6506875918668725,5.172033221260599,3.3348231260016186,3.0,5.8227208131274715,6.601037288757955,24.06919972814037,4.107960922851815,281,0.5397113482332856,
0.0,0.8401748235077142,15.563165664672852,-0.007183891506597116,1.0862241582747896,0.4653536477120537,0.4581697562054566,0.02980155684053898,2146.951804247765,0.09527937600571777,0.789253462389538,2.0162433840400373,5.732842907410909,6.0,2.8054968464295755,5.4599522174226545,22.292933296000108,2.3178981091898394,282,0.4581697562054566,ood:cond:pp:2146.95 outside [505.725,2097.14]
0.0,0.878075559277744,11.157537460327148,0.20420034515653188,0.09527923778465319,0.5608817507700559,0.7650820959265877,0.025963744148612022,514.0598075521671,0.031116583840547767,0.7038559743604893,1.0385557417991638,5.802441145210912,6.0,1.742411716159653,9.955182297331039,20.409652594288957,3.2057790837680593,283,0.7650820959265877,
0.0,0.7143237235523944,6.320315837860107,0.06176671647443327,0.4910960235552559,0.4629994774905842,0.5247661939650174,0.024459069594740868,793.7866804900527,0.09738498617827342,0.7341781420623825,3.406493231010475,4.912067203104073,5.0,4.140671373072857,8.080501219932774,28.783858085297062,4.5056072805086735,284,0.5247661939650174,
0.0,0.88909323499679,13.76084041595459,0.22756680638863572,0.07280579827957458,0.5188353536020037,0.7464021599906394,0.02759406715631485,866.227761049993,0.02032917207346362,0.9979096480181069,6.68423437724586,3.34300177222354,3.0,7.682144025263967,3.0160954533257778,26.06252752911768,3.4973074211940873,285,0.7464021599906394,
0.0,0.8201562952491144,10.460678100585938,0.05534593127700747,0.5287743056310764,0.5885909245831747,0.6439368558601822,0.02664901129901409,1099.5437026732861,0.06130407024809218,0.5068891166696939,5.222589628663661,2.390212515442981,2.0,5.729478745333354,9.664820907662904,21.123778398329613,2.600590376958441,286,0.6439368558601822,
0.0,3.5311050490900513,136.59152221679688,0.5628064831310579,0.0015345024435621344,2.955170186823634,3.517976669954692,0.05889083072543144,814.5186037686043,0.0036513773627817134,0.7058118270299095,5.729169441768685,2.7155286916330836,3.0,6.4349812687985946,8.004680672955084,27.30962447935087,3.0156346789266433,287,3.517976669954692,
0.0,0.8485802500501942,12.976778030395508,-0.0015100387337011864,1.0175369614154903,0.48710614570201677,0.48559610696831557,0.030953580513596535,1927.8992098112267,0.09221886586510859,1.3888502758937813,1.532167617224034,4.013848419933545,4.0,2.9210178931178152,8.353917426693208,20.03798899916447,3.358999774106675,288,0.48559610696831557,
0.0,0.7506476356105691,8.152957916259766,0.09303065559934184,0.3426468329273332,0.4982610091229371,0.5912916647222789,0.024697639048099518,1029.6591079763411,0.04750158903488877,0.8053191282167669,12.86454730335215,2.4194573154491885,2.0,13.669866431568916,2.3338182163481065,29.67355107948594,1.1944816225239423,289,0.5912916647222789,
0.0,0.8329176090411918,11.684438705444336,0.0381148502375035,0.6448010690127672,0.5809869367308205,0.619101786968324,0.02763652801513672,1104.6108857832764,0.07014665038241827,0.5093080803275014,3.4229308401724325,4.3529370891002905,4.0,3.932238920499934,4.87078412799113,20.599739809990865,0.23705083374690794,290,0.619101786968324,
0.0,0.9050371455764225,21.24336814880371,-0.008869515654987442,1.1075098010962003,0.41678094183685765,0.4079114261818702,0.025081491097807884,2804.839061708608,0.08741159156982965,1.3666831058781927,5.096125397657153,2.480698669407515,2.0,6.462808503535346,9.054934336900057,21.98055134397075,0.5675694518275065,291,0.4079114261818702,ood:cond:pp:2804.84 outside [505.725,2097.14]
0.0,0.8126131246374981,11.456039428710938,0.0030448724227619003,0.9655519335754834,0.45275220807494965,0.45579708049771156,0.02858278714120388,1976.568878109158,0.08684923773150674,1.3996867732661595,5.844322570083525,2.119514281737575,2.0,7.244009343349685,9.184675973852094,23.672694660551464,1.2022675571232404,292,0.45579708049771156,
0.0,0.694254684704303,9.798892974853516,0.01709349138412343,0.8213580975270244,0.39459373174061296,0.4116872231247364,0.024899298325181007,2691.7919592997882,0.06162324715656585,0.5368994968051174,3.415393918350631,5.204214204999049,5.0,3.9522934151557485,9.046841562321259,28.8083086381,0.19938241529103007,293,0.4116872231247364,ood:cond:pp:2691.79 outside [505.725,2097.14]
0.0,0.7431718028115115,9.567458152770996,0.09454760503411326,0.3367146208974052,0.4738177726323257,0.568365377666439,0.027850762009620667,1643.3890741278738,0.03649703244090677,0.589155473025554,3.5343142987837024,4.688511303235565,5.0,4.123469771809257,4.051905919943883,24.669254778990165,4.365323068701464,294,0.568365377666439,
0.0,2.106241020533894,117.84271240234375,0.5495436565359567,0.0017876468061646313,2.1316031968341447,2.6811468533701013,0.05117171257734299,577.4950084734428,0.004944642788158958,0.6820247266567896,2.3253527262236062,3.72851453480598,4.0,3.007377452880396,8.738681926212811,20.768191737734394,2.4491803142374917,295,2.6811468533701013,
0.0,0.7089631856207337,10.208819389343262,0.007050192201706645,0.9220384648846163,0.40713355591481576,0.4141837481165224,0.02848644182085991,2334.2678237355144,0.07928804454770993,0.8891330984960842,7.1486175234971965,3.385300757079691,3.0,8.03775062199328,3.6567623571250607,27.7700142231049,1.3016215804342153,296,0.4141837481165224,ood:cond:pp:2334.27 outside [505.725,2097.14]
0.0,0.6328863433728876,11.441790580749512,0.1795089325817667,0.12660630587032648,0.4519313667452792,0.6314402993270458,0.018253732472658157,2360.748948900845,0.013095290394148952,0.7925858179918874,7.13025377154735,3.111605259096867,3.0,7.922839589539238,5.990019675631802,29.758538444249517,3.5664200975389813,297,0.6314402993270458,ood:cond:pp:2360.75 outside [505.725,2097.14]
0.0,0.750536060487894,10.851251602172852,0.0181973144840739,0.8109861316527829,0.4581400896188793,0.4763374041029532,0.028871776536107063,2005.6694757013693,0.07451229685531158,0.9415549504835081,11.515380127436332,2.4021477407703875,2.0,12.456935077919841,2.686159700444364,27.600029856284046,4.221647498836915,298,0.4763374041029532,
0.0,0.7637146442558229,10.141097068786621,0.01952881120901608,0.7986489848184962,0.4920334073512984,0.5115622185603145,0.028240758925676346,1371.3165453538834,0.0839893037151584,1.149033952423259,4.859826176161612,2.835539241529141,3.0,6.008860128584871,5.569430342827518,23.596010728582133,0.6650405449405322,299,0.5115622185603145,
0.0,0.6175061838373662,8.304586410522461,0.09333964148042495,0.3414300900450225,0.5034112045231626,0.5967508460035875,0.01815766468644142,2925.9457703040675,0.017282161427341493,0.6191637810429548,4.237914325849911,3.959577719272147,4.0,4.857078106892866,8.938040604249638,28.366353031821102,0.8183777759872779,300,0.5967508460035875,ood:cond:pp:2925.95 outside [505.725,2097.14]
0.0,0.6938957404870485,11.457425117492676,0.03441570659553044,0.6728549736824935,0.4709014543431739,0.5053171609387043,0.026645006611943245,2766.463321049361,0.04143070532527979,0.7253704951142121,6.845459503806321,3.3548012732131505,3.0,7.570829998920533,3.2051541470319824,25.91764414379358,0.37195510314409486,301,0.5053171609387043,ood:cond:pp:2766.46 outside [505.725,2097.14]
0.0,1.0914814753380753,61.982826232910156,0.42570453556851007,0.007438362205049536,0.4199546326248333,0.8456591681933434,0.04132126644253731,1752.4861399742863,0.00525283261950309,0.9296947321483328,5.034203197680648,3.391649341208928,3.0,5.96389792982898,4.144357501760518,22.036051291247457,4.392177445504891,302,0.8456591681933434,
0.0,0.7836709687249366,9.982355117797852,0.13975157106567562,0.20009772209474302,0.5052559626989087,0.6450075337645843,0.028246626257896423,1339.244178351736,0.02746047157428316,0.7127324213763465,2.6794062881828165,5.643182775906714,6.0,3.392138709559163,3.672449783013594,24.025282040368573,2.6145756647262894,303,0.6450075337645843,
0.0,0.7255049358812989,8.821640014648438,0.04134619319127874,0.6212537654696914,0.45637555575516725,0.497721748946446,0.027493756264448166,1041.5439539934855,0.09029396019458147,1.4465447822829467,2.6813289740012727,4.678906636260832,5.0,4.127873756284219,4.545260150514851,25.18462893193595,2.96569931016691,304,0.497721748946446,
0.0,0.8567268185127257,14.722982406616211,0.013108289712827638,0.8599209931052483,0.5052461267434093,0.5183544164562369,0.02783348597586155,2555.251581854795,0.05820288669768807,1.121908050148431,5.34179999150402,2.405333987792311,2.0,6.463708041652451,8.26902153133356,21.196437614638462,0.605184690538807,305,0.5183544164562369,ood:cond:pp:2555.25 outside [505.725,2097.14]
0.0,6.296577711425191,204.58493041992188,6.0,1e-30,0.0,6.0,0.07772240042686462,886.9155615755096,0.0030616532951603477,0.8031270731990923,1.8207248154810765,5.573916803756974,6.0,2.6238518886801687,5.660604277362717,21.40371560944373,1.591423938097657,306,6.0,
0.0,0.7248015709773792,8.231356620788574,0.01542527283237631,0.8372856265089066,0.3856205894869353,0.4010458623193116,0.028369387611746788,1946.4727600540132,0.08786412183253843,1.0326077122425659,3.219245860264788,5.250680149876518,5.0,4.251853572507354,8.011800491970032,29.271068354506802,3.8072277937880417,307,0.4010458623193116,
0.0,0.7059518138964618,9.139385223388672,0.02640968363031942,0.737821968049242,0.4165684307087924,0.44297811433911183,0.02764751948416233,1893.9647865573343,0.0686781906658977,0.5196962707062028,6.772108202934543,3.4854394135702718,3.0,7.291804473640746,5.8683890581336415,27.74380247905588,0.6833855639261022,308,0.44297811433911183,
0.0,0.691215498149101,18.72473907470703,0.21509107918521458,0.08405133273158319,0.5746355920671743,0.7897266712523889,0.01973821222782135,2382.1042848339703,0.00853928566804616,1.2544476384798864,0.8770555622276943,5.294742465004979,5.0,2.1315032007075807,9.572959047363188,20.23047505090109,4.756939270118422,309,0.7897266712523889,ood:cond:pp:2382.1 outside [505.725,2097.14]
0.0,0.7302321334551038,7.2986063957214355,0.03385052362979248,0.6772474552493638,0.46608330804524983,0.4999338316750423,0.027181563898921013,1009.2834093521365,0.09694817112015565,1.2126926965486127,3.2042515311094424,4.4511023860730905,4.0,4.416944227658055,8.071590492608479,25.7393674032407,2.0299436270867894,310,0.4999338316750423,
0.0,0.6899410040614468,11.231891632080078,0.03152681552314169,0.6956101692150423,0.45460570693837926,0.48613252246152094,0.02791696786880493,2828.103594109405,0.04798592051641364,1.3830385971469001,6.871293181041493,2.6348553642509644,3.0,8.254331778188392,2.17405541074979,26.93705074531497,3.6419702601029385,311,0.48613252246152094,ood:cond:pp:2828.1 outside [505.725,2097.14]
0.0,0.760701734735375,10.139699935913086,0.09037558737860063,0.3532824496487374,0.5008275613145365,0.5912031486931372,0.027010297402739525,1711.1514428828623,0.03567929407441022,1.0241234676668507,9.86893491447033,2.492270434314026,2.0,10.89305838213718,4.759834723706485,26.545951487980847,3.6353121564927005,312,0.5912031486931372,
0.0,0.7750483768045499,9.018908500671387,0.0844349355023373,0.3782904019944755,0.5422885344616488,0.6267234699639861,0.0247470885515213,689.5241106971318,0.0729076033191094,0.9322410038050005,8.245575508641796,2.037768973363687,2.0,9.177816512446796,6.260321629452867,24.61595465434646,4.275629274997656,313,0.6267234699639861,
0.0,0.695615843911893,7.871725082397461,0.005484021926358144,0.9388147198599299,0.40390925195379984,0.409393273880158,0.028631852939724922,1658.7833909238584,0.09950788838830209,0.9255422857785641,5.176180149808533,4.290139939136286,4.0,6.101722435587098,4.076866765151204,28.483756507499592,0.040645859944280494,314,0.409393273880158,
0.0,0.7657185805219258,10.105093002319336,0.0992338624961371,0.3190293856167214,0.570099030860074,0.669332893356211,0.0185797531157732,2988.038177259714,0.01278261680259411,0.8256017452108103,2.0414447116218057,4.614751816505253,5.0,2.867046456832616,7.393987601172676,21.729219885335755,0.013173400876990149,315,0.669332893356211,ood:cond:pp:2988.04 outside [505.725,2097.14]
0.0,0.7406191538874702,10.60792064666748,0.016822183788690433,0.8239276567631642,0.43094792850602337,0.4477701122947138,0.02876487374305725,2402.262986955678,0.06908326134203127,0.9892883416038326,2.4172122188138303,5.349124298891212,5.0,3.406500560417663,7.809790822621962,24.842293624710276,4.22219511228901,316,0.4477701122947138,ood:cond:pp:2402.26 outside [505.725,2097.14]
0.0,0.6995357195899666,12.676892280578613,0.17110367159380746,0.13947027012147378,0.5302774352800833,0.7013811068738908,0.01882861740887165,2606.8639141081335,0.010966783281784988,1.2536656523269063,1.630013857794397,5.444315133019913,5.0,2.8836795101213033,7.752880865794355,22.17127841640087,4.8924230147974495,317,0.7013811068738908,ood:cond:pp:2606.86 outside [505.725,2097.14]
0.0,0.7194083797816585,8.698307037353516,0.05985219806484548,0.5020407962133241,0.4292652812892972,0.4891174793541427,0.02752959541976452,1807.039711839825,0.05302715161655818,0.8180363443900659,4.401472196402396,4.106308703892251,4.0,5.219508540792462,7.0222528156185975,27.900286978788444,4.362531553385533,318,0.4891174793541427,
0.0,0.7603716741731166,13.735182762145996,0.011655171107320643,0.8744281787632947,0.40730669842981937,0.41896186953714,0.03022967465221882,2579.4215201118154,0.07560248488808594,1.3473800190503469,3.5237204221494802,4.915977253098906,5.0,4.871100441199827,2.1699792845589085,26.525481490558043,4.282848797617956,319,0.41896186953714,ood:cond:pp:2579.42 outside [505.725,2097.14]
0.0,0.8208756147202437,16.90196990966797,-0.002382748589668806,1.0278121397655349,0.36572290961841347,0.36334016102874467,0.027993595227599144,2647.7071436205333,0.0955665163068199,1.4423067227014346,6.913217127111864,2.9496474265397756,3.0,8.355523849813299,3.4913743774216677,28.557945926861564,4.30352131264924,320,0.36334016102874467,ood:cond:pp:2647.71 outside [505.725,2097.14]
0.0,0.8379010052658368,21.293039321899414,-0.003315131717216301,1.0389045745698937,0.3608746230369577,0.3575594913197414,0.025537896901369095,2999.6520102840423,0.0920984566489578,1.2218979432182502,6.755000070958842,2.8810347132922125,3.0,7.976898014177093,3.9173027831055416,27.84799682563682,4.611316430366522,321,0.3575594913197414,ood:cond:pp:2999.65 outside [505.725,2097.14]
0.0,0.8366539753054325,18.318462371826172,-0.0013470892443032366,1.0156298257824565,0.37966786195962554,0.37832077271532233,0.027625957503914833,2792.9539127839153,0.09030366134264868,1.282257856773931,6.423106202460291,2.7504317007570096,3.0,7.705364059234221,4.277318238329223,27.393410416031887,4.5604717500678476,322,0.37832077271532233,ood:cond:pp:2792.95 outside [505.725,2097.14]
0.0,0.8383610045940278,17.826194763183594,-0.0005207120871983852,1.0060129249407312,0.392383853156525,0.3918631410693266,0.02841314673423767,2737.1461041983794,0.08899531086355804,1.4145938922582553,6.238864761545804,2.962341910701161,3.0,7.6534586538040585,3.8715092549152317,26.831885216327407,4.688159857312194,323,0.3918631410693266,ood:cond:pp:2737.15 outside [505.725,2097.14]
0.0,0.8345662198394321,19.33989906311035,-0.004905859628890642,1.0581062949953237,0.37442060273283884,0.3695147431039482,0.026563022285699844,2749.8648046383096,0.09646087498448759,1.4401002960470097,6.47039728423826,2.711671605596025,3.0,7.91049758028527,3.4766418205834073,27.208134561439216,4.141512943342617,324,0.3695147431039482,ood:cond:pp:2749.86 outside [505.725,2097.14]
0.0,0.8320571435005937,21.954769134521484,-0.005347478641410396,1.0634997525936882,0.3726497364160468,0.36730225777463643,0.02487284503877163,2996.5457227659704,0.09332880496731932,1.2851011876429141,6.507176660253746,2.9361697771830286,3.0,7.79227784789666,3.4088426441897175,26.785676187879698,4.153886947575864,325,0.36730225777463643,ood:cond:pp:2996.55 outside [505.725,2097.14]
0.0,0.8755975012569194,21.390201568603516,-0.0034069312548499105,1.0400031537507883,0.3465767605999834,0.34316982934513346,0.025212209671735764,2757.7658305041355,0.09754097685472798,1.367701365003552,11.130326754898139,2.1710539481346247,2.0,12.49802811990169,3.541867444720979,28.53792368452436,4.624756562348518,326,0.34316982934513346,ood:cond:pp:2757.77 outside [505.725,2097.14]
0.0,0.8809302948082297,22.292831420898438,-0.0023794170401105694,1.0277727178806795,0.3777812522903259,0.3754018352502153,0.025441884994506836,2894.283534835209,0.08948982133779011,1.4368774775853799,10.540185330193863,2.1230402589252115,2.0,11.977062807779243,3.0630218214291487,27.017147436987635,4.421526152772139,327,0.3754018352502153,ood:cond:pp:2894.28 outside [505.725,2097.14]
0.0,0.8125702833150422,15.049503326416016,0.0010860270365156328,0.9875744937686235,0.36678982673522065,0.36787585377173626,0.028324151411652565,2384.9881724418333,0.097623682037213,1.1152501373229842,2.6114869475470157,5.284101419915112,5.0,3.72673708487,8.546117835756073,27.179803260106073,4.952232750453205,328,0.36787585377173626,ood:cond:pp:2384.99 outside [505.725,2097.14]
0.0,0.7893230657193049,12.383722305297852,0.00565495294183993,0.936969027992257,0.36424052786366157,0.3698954808055015,0.02866332232952118,2306.4249118297594,0.09246648212119096,1.1143877425178768,2.8271524188973065,4.832364495102732,5.0,3.9415401614151833,8.66322711743343,28.370927924509346,4.423389259814813,329,0.3698954808055015,ood:cond:pp:2306.42 outside [505.725,2097.14]
0.0,0.7994102315215638,13.263677597045898,0.0057472904112173435,0.9359734894621223,0.39395766000360494,0.3997049504148223,0.028536807745695114,2413.4164856342445,0.08658119572723362,1.3021288673505358,2.132064673595809,4.808474946038602,5.0,3.4341935409463447,9.203517576739642,26.374485281471365,4.539939305105339,330,0.3997049504148223,ood:cond:pp:2413.42 outside [505.725,2097.14]
0.0,0.8174881421680662,15.59855842590332,0.006276499970402665,0.9302881739782934,0.3532362372499427,0.3595127372203453,0.027576275169849396,2593.095239672537,0.08658855296679159,1.165295492557778,2.7783626875587992,4.674337623512326,5.0,3.9436581801165773,8.953994275966805,28.67228517654969,4.673696388759916,331,0.3595127372203453,ood:cond:pp:2593.1 outside [505.725,2097.14]
0.0,0.83024124594858,18.182151794433594,0.0038857288890541217,0.956249796093699,0.3565196146772646,0.36040534356631876,0.02657337486743927,2763.3444869217337,0.0864491632583582,1.1053788700574996,2.6040950197023536,5.051903981272717,5.0,3.7094738897598534,9.34314835088088,27.890517799680147,4.888878509688664,332,0.36040534356631876,ood:cond:pp:2763.34 outside [505.725,2097.14]
0.0,0.7747271609062255,11.820890426635742,0.00767014183168856,0.9154809062139766,0.3906070584310503,0.3982772002627389,0.02943333238363266,2323.959502247706,0.08665113755958247,1.2571642678473895,2.541041670320193,5.131868481756687,5.0,3.7982059381675826,7.636172118124219,26.62720180896213,4.599120425222866,333,0.3982772002627389,ood:cond:pp:2323.96 outside [505.725,2097.14]
0.0,0.8174835357619828,15.98396110534668,0.0018523903621756193,0.978899368162342,0.3720547163598814,0.373907106722057,0.027680790051817894,2504.6204527047826,0.09256147540987616,1.2732008773314307,2.2388867264988246,4.679579088109172,5.0,3.5120876038302553,9.169369892854514,26.729807912005793,4.68726142024056,334,0.373907106722057,ood:cond:pp:2504.62 outside [505.725,2097.14]
0.0,0.806596791240784,13.790237426757812,0.004658528994607587,0.947779596319899,0.39895604697726383,0.40361457597187145,0.02872740849852562,2268.5868343479037,0.09168520458127294,1.2814656352359584,1.877874776469636,5.56744009016474,6.0,3.1593404117055943,8.43273787843632,27.388780348669886,4.504153361565489,335,0.40361457597187145,ood:cond:pp:2268.59 outside [505.725,2097.14]
0.0,0.77616813823102,10.982439994812012,-0.002109107456706319,1.0245792053635514,0.3827777346861701,0.38066862722946376,0.02698374353349209,2373.50987012579,0.08990353541085226,0.9652362192894978,2.36207074565782,4.607854406967223,5.0,3.3273069649473177,9.909115241843487,26.545650066580077,0.7586877531158699,336,0.38066862722946376,ood:cond:pp:2373.51 outside [505.725,2097.14]
0.0,0.8160949601699731,15.747624397277832,-0.00442715067502172,1.052290751353938,0.36570219163155393,0.36127504095653223,0.02558356709778309,2960.5158101272254,0.08200924038329585,0.9390290318195673,2.497754358742757,4.639572615877446,5.0,3.4367833905623244,8.874276528294068,26.05819348110569,0.12643020337777394,337,0.36127504095653223,ood:cond:pp:2960.52 outside [505.725,2097.14]
0.0,0.786649014276137,12.93017578125,-0.003898494462411189,1.0459055614763904,0.3793786308495483,0.3754801363871371,0.0271688811480999,2623.980666946554,0.08617511113768252,0.8496412339551522,3.6068403725405904,4.043876811981903,4.0,4.456481606495743,8.563626260072494,26.389552686055467,0.25566036653999963,338,0.3754801363871371,ood:cond:pp:2623.98 outside [505.725,2097.14]
0.0,0.7713165534318568,11.307868003845215,-0.004063604936455865,1.0478956190051547,0.37334584181768427,0.3692822368812284,0.027247067540884018,2414.2052572190823,0.09139957110866359,0.8937207142214875,2.677124128715112,4.679184579614705,5.0,3.5708448429365993,8.658176364690522,26.51240057937352,0.12358888212539718,339,0.3692822368812284,ood:cond:pp:2414.21 outside [505.725,2097.14]
0.0,0.8166080214835957,15.016118049621582,-0.0059544630116703,1.0709576935206733,0.3620479545418743,0.356093491530204,0.026216089725494385,2769.5004927945597,0.08721634082944425,0.8686073531249228,3.574674516529348,3.8347298714082805,4.0,4.443281869654271,9.018634990932844,26.79176246954993,0.0313943493322882,340,0.356093491530204,ood:cond:pp:2769.5 outside [505.725,2097.14]
0.0,0.8211066770266991,15.092687606811523,-0.005090873570826594,1.0603625182156295,0.35053231682794606,0.34544144325711945,0.02626318484544754,2780.053707723659,0.08785640241772988,1.005044163400155,3.6515323922802225,3.9388731480178807,4.0,4.6565765556803775,8.718329726204866,27.344635948926374,0.32884545594723463,341,0.34544144325711945,ood:cond:pp:2780.05 outside [505.725,2097.14]
0.0,0.8329299732579005,15.809081077575684,-0.006129926066120023,1.0731233143745786,0.34768265378329505,0.34155272771717504,0.02587522380053997,2808.3580399093,0.08848778535648304,0.9794746562875727,3.5446079331218634,4.072520688686038,4.0,4.524082589409436,9.263661717767633,27.359992075405376,0.2190364083986753,342,0.34155272771717504,ood:cond:pp:2808.36 outside [505.725,2097.14]
0.0,0.7595723541366258,10.457951545715332,-0.0008600052885280622,1.0099503556125888,0.38868723129824906,0.38782722600972097,0.02692224644124508,2378.3743533827183,0.08671261020373884,0.9007609450841334,2.448466809614434,4.618357173084473,5.0,3.3492277546985676,9.775698802217258,26.521837575710098,0.3974465410377511,343,0.38782722600972097,ood:cond:pp:2378.37 outside [505.725,2097.14]
0.0,0.7435830545225716,12.199488639831543,0.003933156595906612,0.955727795963199,0.3870266701808018,0.3909598267767084,0.02683713100850582,2797.423993394476,0.0753341799116162,0.6063021657922028,6.563309114642325,3.473485018147901,3.0,7.169611280434528,6.482319161761162,27.991153003064746,0.9874915070796397,344,0.3909598267767084,ood:cond:pp:2797.42 outside [505.725,2097.14]
0.0,0.8046753596216181,14.300341606140137,-0.003999794995985489,1.0471260766252692,0.3683738085620262,0.3643740135660407,0.02658730000257492,2774.001191924259,0.08694539323580519,0.5404143128620527,6.1723780372732735,3.440123105142435,3.0,6.712792350135326,7.463868177968424,27.602245228374404,1.0301608701639033,345,0.3643740135660407,ood:cond:pp:2774 outside [505.725,2097.14]
0.0,0.785316766563701,12.45106029510498,-0.0003032798101956767,1.003497740718185,0.3467053137733339,0.34640203396313823,0.026728957891464233,2632.1400190970303,0.08589107055756053,0.6927153482896733,4.5001583017791065,4.006416117852287,4.0,5.19287365006878,8.121804764979883,28.893299365255,0.6831898086997346,346,0.34640203396313823,ood:cond:pp:2632.14 outside [505.725,2097.14]
0.0,0.8300717587644457,15.7642240524292,-0.005463454415428353,1.0649207076364269,0.3342877608951037,0.32882430647967537,0.025788677856326103,2813.5974896164207,0.0898997318337072,0.574654664520157,4.4423216882541405,3.663926578623708,4.0,5.016976352774297,8.16095453914673,28.22885995024392,0.44640013038701576,347,0.32882430647967537,ood:cond:pp:2813.6 outside [505.725,2097.14]
0.0,0.8134604616753364,15.009860038757324,-0.0028420867982771273,1.0332619434717358,0.35705101149097984,0.3542089246927027,0.026471035555005074,2846.866370173938,0.08514228174355334,0.6615770097252667,4.302666605748811,3.6568765034223407,4.0,4.964243615474078,7.615399779795709,27.47237424169202,1.1057310810822707,348,0.3542089246927027,ood:cond:pp:2846.87 outside [505.725,2097.14]
0.0,0.7715759820791572,11.998836517333984,-0.0002985202401794941,1.0034427539856885,0.37488458244119943,0.3745860622010199,0.027935706079006195,2566.6108003515865,0.0858605749995599,0.7562722814017707,4.432048649470506,3.8703309420628162,4.0,5.188320930872276,6.540470775989215,27.293754499478318,1.1832139869038727,349,0.3745860622010199,ood:cond:pp:2566.61 outside [505.725,2097.14]
0.0,0.7461242904889687,11.247490882873535,0.0031119234560865114,0.964806859951715,0.3823752413886219,0.3854871648447084,0.027588985860347748,2591.712671659297,0.07988620201371495,0.6046545683620815,4.53943432215714,4.13237093871537,4.0,5.144088890519222,6.839571766973637,27.415927329050525,0.9527132200066897,350,0.3854871648447084,ood:cond:pp:2591.71 outside [505.725,2097.14]
0.0,0.7448474546737904,11.566145896911621,0.003812378118744287,0.9570576728581682,0.37774135618727056,0.38155373430601486,0.02706298790872097,2682.2171422299434,0.0773567492895844,0.5679142093079834,4.5970656300856945,4.129094301313109,4.0,5.164979839393678,7.117087048210805,27.777006405785517,0.7059644181512847,351,0.38155373430601486,ood:cond:pp:2682.22 outside [505.725,2097.14]
0.0,0.8287921856766567,17.494741439819336,-0.009624914992987144,1.117183659764665,0.3792039674536665,0.3695790524606794,0.026389475911855698,2709.6386431416167,0.09598146834200512,0.9617412979355413,4.80343805154897,3.518401950364153,4.0,5.765179349484511,2.9528888301740253,26.01360622811207,0.633249565067284,352,0.3695790524606794,ood:cond:pp:2709.64 outside [505.725,2097.14]
0.0,0.7915102907553753,13.096270561218262,-0.005671706341133958,1.0674770129630033,0.38788895798374856,0.3822172516426146,0.029052650555968285,2416.5344689808335,0.09522764036945786,1.1590140289774316,4.937934248708887,3.6083212474119986,4.0,6.096948277686318,2.4961762815962776,26.883969392341548,0.672860610709597,353,0.3822172516426146,ood:cond:pp:2416.53 outside [505.725,2097.14]
0.0,0.8353144587496465,19.304014205932617,-0.01091439658185063,1.1338927615981904,0.37554671624941893,0.3646323196675683,0.025063704699277878,2892.9360708081786,0.09336711708443783,1.0183545921506703,4.516656984612291,3.636821977380102,4.0,5.535011576762961,3.2802171009424006,25.420263407994245,0.01078831594077936,354,0.3646323196675683,ood:cond:pp:2892.94 outside [505.725,2097.14]
0.0,0.831569276801844,19.463706970214844,-0.009897433739536754,1.1206943145485786,0.3741175135824313,0.3642200798428945,0.02516469731926918,2941.516365813542,0.09145883457154697,1.0005900804974595,7.323310041975772,3.1546936414415265,3.0,8.323900122473232,2.143372720273968,27.115073087693663,0.032682492285301644,355,0.3642200798428945,ood:cond:pp:2941.52 outside [505.725,2097.14]
0.0,0.838284675716743,17.71185874938965,-0.011436397568946845,1.1407277008069252,0.35272942970277305,0.3412930321338262,0.025652959942817688,2743.720183592828,0.09953086472839101,1.209388291546293,6.822586830842921,3.199902509275602,3.0,8.031975122389214,3.381044932890638,27.476970300058284,0.24893690430526363,356,0.3412930321338262,ood:cond:pp:2743.72 outside [505.725,2097.14]
0.0,0.815351856721229,16.619516372680664,-0.007992569617054938,1.0963844014398503,0.3835905857199131,0.3755980161028582,0.026853447780013084,2721.850470839281,0.09162382889739261,1.0950143580778753,7.1888701604933125,3.207159901490929,3.0,8.283884518571188,2.4330195152714182,27.284673070984983,0.2192535041509037,357,0.3755980161028582,ood:cond:pp:2721.85 outside [505.725,2097.14]
0.0,0.8151591902621224,14.855660438537598,-0.009293779748210721,1.1129326891706723,0.3874548017541649,0.3781610220059542,0.02791011892259121,2508.1063073889504,0.09702192495501895,1.2045265309133166,6.844726746781957,2.7196116229559197,3.0,8.049253277695273,2.845069699095537,26.992829532181354,0.1624215758523511,358,0.3781610220059542,ood:cond:pp:2508.11 outside [505.725,2097.14]
0.0,0.8312695390102318,18.35407829284668,-0.010257206063995761,1.1253458930552234,0.39235078921788813,0.38209358315389236,0.025961199775338173,2770.103626210875,0.09361686297703213,1.0806182766483343,6.7439944803927805,3.3020756944655147,3.0,7.824612757041115,2.5640693439856896,26.037907615109035,0.36778067561567235,359,0.38209358315389236,ood:cond:pp:2770.1 outside [505.725,2097.14]
0.0,0.6931449839970905,7.915466785430908,0.02070014581115008,0.7879511087065272,0.3966351828761205,0.4173353286872706,0.028155460953712463,1684.0326246937925,0.0847008874654083,1.2796344949349672,4.82699857084405,3.713879590144008,4.0,6.106633065779017,4.904953343902527,29.331485607018596,1.4446784182023509,360,0.4173353286872706,
0.0,0.6992256353137127,8.39508056640625,0.01117822102915683,0.8792429502794876,0.40545824577506373,0.41663646680422056,0.028602570295333862,1917.8547070789214,0.08557010115472762,1.267940935975622,6.207978573685859,3.385970183609978,3.0,7.47591950966148,5.278611260153651,27.706369789138094,1.7694979150464651,361,0.41663646680422056,
0.0,0.7140428474591767,8.522706031799316,0.002056953577281776,0.9765966543054135,0.3871113196301881,0.38916827320746983,0.02899150177836418,2049.5188670437983,0.0950593725397426,1.4723275199127903,6.297981265790319,3.2433522283575233,3.0,7.770308785703109,4.965510174182994,28.276436531292322,1.8227574528780082,362,0.38916827320746983,
0.0,0.7257402833935048,8.708560943603516,0.00013573151471457111,0.9984385535158884,0.3705527990976726,0.37068853061238716,0.028951143845915794,2097.292234570078,0.09913354147230542,1.321690513975368,7.008078820030444,3.2269361848230647,3.0,8.329769334005812,4.631155844814771,29.62046384683221,2.2186557133333227,363,0.37068853061238716,ood:cond:pp:2097.29 outside [505.725,2097.14]
0.0,0.7046267922676328,8.039050102233887,0.019949447960629266,0.7947906697914174,0.4018084890000653,0.4217579369606946,0.028734859079122543,1716.2508644108282,0.0854377286790992,1.3413581075962402,4.467756748131269,3.5975276909281435,4.0,5.809114855727509,5.378333748854777,28.614793171764813,2.523101094033615,364,0.4217579369606946,
0.0,0.6992926591660247,7.9927473068237305,0.007417358553767759,0.918149088131022,0.4088577438078486,0.41627510236161636,0.029035337269306183,1734.668708907619,0.0959758541727404,1.260461036776912,6.888353524492075,3.0748216617521242,3.0,8.148814561268987,3.9451530024848744,28.391596686291837,1.9634788455061716,365,0.41627510236161636,
0.0,0.6932445590018984,7.738360404968262,0.015016068102769203,0.8412395056223764,0.39477422219263947,0.4097902902954087,0.028609072789549828,1697.8034144068993,0.0907205826862577,1.3754189625869928,4.807700814156282,3.5596288020397724,4.0,6.183119776743275,4.502860562039068,29.235339669012166,1.5986955293052953,366,0.4097902902954087,
0.0,0.6911727493756814,8.237656593322754,0.007826399681593784,0.9138354503338626,0.3947071985595797,0.40253359824117346,0.02869340218603611,1965.3706954728955,0.08917300350330633,1.385885207972414,7.028986155782302,3.46448614784656,3.0,8.414871363754717,3.7402414079206165,28.984855499184768,1.6736130817906327,367,0.40253359824117346,
0.0,0.722927310010813,10.11148738861084,0.01598153298820293,0.8319406306414077,0.3742646652639015,0.39024619825210444,0.028868110850453377,2293.8060719987566,0.07874546109439293,1.4101322201293125,3.304819220523935,5.151579843874792,5.0,4.714951440653247,5.105997127203083,28.68075433046932,3.4648334322062198,368,0.39024619825210444,ood:cond:pp:2293.81 outside [505.725,2097.14]
0.0,0.7070181345125547,9.252077102661133,0.02891840220015961,0.7168164924853732,0.39182411127430805,0.42074251347446767,0.02818426303565502,2082.698743378422,0.06942484295704546,1.2339876220478765,3.560364116834408,4.856421358886693,5.0,4.794351738882284,4.8380010195177805,28.8097597139292,2.9507290853398374,369,0.42074251347446767,
0.0,0.7181449092334932,8.2511625289917,0.015998658024365106,0.8317766220066555,0.3947715604043528,0.4107702184287179,0.02838299609720707,1826.6168227299831,0.08827183470301,1.174267827826734,2.7591670077560213,5.604638124174359,6.0,3.933434835582755,5.894044690276638,29.494653703773167,2.620640138334174,370,0.4107702184287179,
0.0,0.7073565995884504,9.081254005432129,0.018988344887129128,0.8036339501272375,0.37250814055875825,0.3914964854458874,0.02796342223882675,2183.8627910162836,0.07675625037549545,1.4050349221127192,3.2796280062300758,4.982092427092014,5.0,4.684662928342795,5.803005783710279,29.226320425424255,2.3758342419905283,371,0.3914964854458874,ood:cond:pp:2183.86 outside [505.725,2097.14]
0.0,0.7016132110497972,9.070329666137695,0.03581561183985814,0.6620974889618723,0.4010634784719214,0.43687909031177957,0.027938108891248703,1835.7004892238815,0.06850587431392766,1.275848071981116,3.6574127115861543,5.444144060002954,5.0,4.93326078356727,4.0175290415928,28.68383295942915,2.400673922216944,372,0.43687909031177957,
0.0,0.6975154227787498,8.598134994506836,0.0275375627935628,0.7283031461382865,0.3969740873379263,0.42451165013148906,0.028330164030194283,1777.7189810026052,0.07848213778352356,1.271311208653063,3.654695848588209,5.163957173023132,5.0,4.9260070572412715,4.29633283987904,28.926368126085396,2.878109737050126,373,0.42451165013148906,
0.0,0.7268767256457603,9.848845481872559,0.008221033446652417,0.9096929578919895,0.39085748258941855,0.399078516036071,0.028995580971240997,2103.4173890834763,0.08883651268950872,1.1819516347751922,2.714474586013905,5.669861543214203,6.0,3.896426220789097,5.211946603967309,28.590503928701892,2.6144305115387723,374,0.399078516036071,ood:cond:pp:2103.42 outside [505.725,2097.14]
0.0,0.7331418500417968,10.13719654083252,0.011315628109760726,0.8778531249320313,0.36215190670630715,0.37346753481606787,0.02836945466697216,2306.9198709897664,0.08337752464918596,1.27197845062434,3.3380277173117023,5.26604449092092,5.0,4.610006167936042,5.928203004431138,28.97823384411135,2.814485836416271,375,0.37346753481606787,ood:cond:pp:2306.92 outside [505.725,2097.14]
0.0,0.7202150405883044,8.217132568359375,0.019318826558632148,0.8005820845205212,0.4045927659748752,0.42391159253350735,0.02814316190779209,1969.168593888761,0.08062438733808337,1.10790772053101,2.857550359331369,5.007476945503245,5.0,3.965458079862379,8.22826416709021,28.055554566402105,3.6156311628451436,376,0.42391159253350735,
0.0,0.731791595922932,9.745404243469238,0.01593903660783569,0.8323477635556908,0.37415610121891923,0.3900951378267549,0.028354449197649956,2246.279863814252,0.08076581628542208,0.9318309031178815,3.4753600050910167,5.1908947473011064,5.0,4.407190908208898,7.236575476006222,29.272530017050713,4.06627444174774,377,0.3900951378267549,ood:cond:pp:2246.28 outside [505.725,2097.14]
0.0,0.7651826392481619,9.609286308288574,0.010359443058339347,0.8875703476738369,0.397721488973196,0.40808093203153534,0.028648696839809418,1971.7181933904176,0.09239898335577251,0.9775750682701603,2.540275678053157,5.6019741073493154,6.0,3.5178507463233175,7.971269904822023,29.07837438276193,4.009036136930207,378,0.40808093203153534,
0.0,0.8010154608903828,13.251246452331543,0.003351109219640602,0.9621536991321747,0.3817639651910376,0.3851150744106782,0.028876882046461105,2219.0308195431253,0.0962497026907789,1.1567664250616772,2.3121448019701756,5.696520505172845,6.0,3.4689112270318527,7.554443084017698,28.367910446208814,4.102198751221337,379,0.3851150744106782,ood:cond:pp:2219.03 outside [505.725,2097.14]
0.0,0.7090266530591776,8.226499557495117,0.02515079493089252,0.7485934543358636,0.3884566783732186,0.41360747330411113,0.02776956744492054,1937.2965510614033,0.07750143899740142,1.0770871423809747,3.3909561891237323,4.989696619661274,5.0,4.468043331504707,7.300657725343407,29.64087438286694,3.220358167745824,380,0.41360747330411113,
0.0,0.7514472928941126,8.84554672241211,0.011005299727823138,0.8809951171237793,0.39503660353697934,0.4060419032648025,0.028491267934441566,1917.5165349134577,0.09236992688536441,1.1407894353597066,2.4700046180887174,5.643272301019115,6.0,3.610794053448424,7.547705944681359,29.212470265371902,3.3619489935072475,381,0.4060419032648025,
0.0,0.7369490293105825,8.633362770080566,0.008437932338149304,0.9074241604497901,0.376617287546462,0.38505521988461133,0.029050739482045174,1967.5938568411812,0.09572977912797406,1.116072955070432,3.1284004381986414,4.884199182347909,5.0,4.2444733932690735,7.5842767204179244,28.80664368676329,3.565810400044056,382,0.38505521988461133,
0.0,0.7564491276512061,10.525946617126465,0.007482319337413091,0.9174626715531679,0.3513759286396992,0.3588582479771123,0.02865644544363022,2222.006978246059,0.09215209564081983,1.0774381937628228,3.3804774261302395,5.2288061911369,5.0,4.457915619893062,7.246478185257413,29.536056284722722,3.5032508685140686,383,0.3588582479771123,ood:cond:pp:2222.01 outside [505.725,2097.14]
0.0,0.8324244316842939,20.747079849243164,-0.002608330134811874,1.030484943558736,0.39317810067926534,0.39056977054445347,0.026576140895485878,2754.6913019219087,0.09164205735439479,1.4881243054595048,1.941365646639687,4.869168745250949,5.0,3.4294899520991917,6.866403433811837,24.013853194307796,4.722067904699796,384,0.39056977054445347,ood:cond:pp:2754.69 outside [505.725,2097.14]
0.0,0.818951687151735,21.85613441467285,-0.004891301522991381,1.0579289644822412,0.3731901686353252,0.36829886711233384,0.025136401876807213,2825.321952528175,0.0962267827195951,1.421640243003167,2.214263881445847,5.298925465483392,5.0,3.635904124449014,6.449207700749262,24.62872832299433,4.269918313698646,385,0.36829886711233384,ood:cond:pp:2825.32 outside [505.725,2097.14]
0.0,0.7858843825642282,12.962814331054688,0.00765933442727303,0.9155948218674554,0.43442295042714946,0.44208228485442247,0.029940150678157806,2414.227294633222,0.07779777370384612,1.4859124771926773,1.523221356721986,4.645034021291252,5.0,3.0091338339146634,8.169448476249451,23.21511764582277,4.428751464345348,386,0.44208228485442247,ood:cond:pp:2414.23 outside [505.725,2097.14]
0.0,0.8357964784369275,17.890262603759766,-0.00067114156815511,1.0077567316266829,0.40992495168618337,0.40925381011802825,0.028217649087309837,2577.4515624024416,0.08907819429183707,1.3789138269621872,1.832738478998204,4.80193194198361,5.0,3.211652305960391,7.565371575876878,23.623633105678834,4.592473949307152,387,0.40925381011802825,ood:cond:pp:2577.45 outside [505.725,2097.14]
0.0,0.8192540878243243,14.992379188537598,0.0033891233865790057,0.9617327005894252,0.4360203864374102,0.4394095098239892,0.030790653079748154,2338.953823508192,0.08473075054065028,1.3189468730656697,1.8974962264172157,5.3467544623252525,5.0,3.2164430994828854,6.704954385345357,22.787169882759784,4.547684884556933,388,0.4394095098239892,ood:cond:pp:2338.95 outside [505.725,2097.14]
0.0,0.8399949775411969,18.76164436340332,-0.0033764879386892254,1.0396387052221763,0.41769289725950526,0.41431640932081604,0.028051503002643585,2502.501241680042,0.09333700486860927,1.3298443825778181,1.8741363610980148,4.809069570671374,5.0,3.203980743675833,6.8721795584198775,22.892083276799042,4.347118534184839,389,0.41431640932081604,ood:cond:pp:2502.5 outside [505.725,2097.14]
0.0,0.8249243257870085,16.540937423706055,0.004513763822606855,0.9493605498401375,0.40738108349527646,0.41189484731788334,0.02931343764066696,2659.24666011843,0.08123521435308875,1.459350803265907,2.1557267553617354,4.937111307957578,5.0,3.6150775586276422,6.4352515776172385,24.51063937075545,4.5782313394309435,390,0.41189484731788334,ood:cond:pp:2659.25 outside [505.725,2097.14]
0.0,0.835803333992073,18.394149780273438,0.0005469480284929322,0.9937228124932032,0.4121251896955987,0.4126721377240916,0.02780807577073574,2709.2734558232846,0.08467380263802703,1.472170530405188,1.6268475245643041,5.265448268620621,5.0,3.099018054969492,8.040561616522167,23.53565189136963,4.659660781894364,391,0.4126721377240916,ood:cond:pp:2709.27 outside [505.725,2097.14]
0.0,0.8206810617343975,19.24957275390625,-0.005626200449136654,1.0669179018857256,0.4033580578082247,0.39773185735908806,0.025684429332613945,2771.5052652706845,0.09051007066945979,1.139578586229954,1.9076361247717262,5.1511851769509756,5.0,3.04721471100168,8.089437992716872,23.325511547725274,3.0969046825566933,392,0.39773185735908806,ood:cond:pp:2771.51 outside [505.725,2097.14]
0.0,0.81688857716627,18.756559371948242,-0.009838935220629168,1.1199397932661983,0.4034263191848009,0.3935873839641717,0.02561257779598236,2678.945976585589,0.09616746898581213,1.1246292935421371,2.042919632368518,5.132950916414499,5.0,3.1675489259106553,7.092177278436344,22.92992190798962,1.944466542426558,393,0.3935873839641717,ood:cond:pp:2678.95 outside [505.725,2097.14]
0.0,0.8222187770283047,19.09661865234375,-0.0055232457342314556,1.0656540226635056,0.4116698202360731,0.40614657450184166,0.025685498490929604,2783.524035431928,0.08871701219741723,1.0960279655409675,1.8105501393568466,5.4476321921729856,5.0,2.906578104897814,8.389389743423495,22.922280267912566,3.058025973330513,394,0.40614657450184166,ood:cond:pp:2783.52 outside [505.725,2097.14]
0.0,0.8162074162701896,16.16634178161621,0.0009234529170159437,0.9894246715749179,0.4236645047947585,0.42458795771177443,0.02727741189301014,2836.5470075806143,0.07671323851292866,1.2678428245909839,1.68298419596448,5.1677530392441025,5.0,2.950827020555464,8.562162447821208,23.316297550598527,2.886531009097391,395,0.42458795771177443,ood:cond:pp:2836.55 outside [505.725,2097.14]
0.0,0.8341016625552723,17.28496742248535,-0.0016281092285780755,1.0189210773865194,0.44894878625749035,0.44732067702891226,0.027450719848275185,2756.8894064553683,0.07694899621877664,1.1869427397599641,1.3639886906759853,4.826117802843829,5.0,2.5509314304359494,8.554292461129217,21.308949613308965,2.657806179098344,396,0.44732067702891226,ood:cond:pp:2756.89 outside [505.725,2097.14]
0.0,0.833809743981758,18.93507194519043,-0.005056403184340956,1.0599417915479479,0.43599428492014874,0.43093788173580777,0.02615533582866192,2878.492720613498,0.08112006372528105,1.179818514621865,1.4369320362348736,4.727108077777121,5.0,2.6167505508567386,8.439286181710381,21.523038935994073,2.443599945238476,397,0.43093788173580777,ood:cond:pp:2878.49 outside [505.725,2097.14]
0.0,0.8182619820017648,17.545299530029297,-0.005653957121799727,1.0672589011897253,0.43798940619730886,0.43233544907550914,0.025894397869706154,2878.4483432737743,0.08114815905265786,1.1068709373169339,1.233121302014739,5.5713019834474045,6.0,2.3399922393316728,8.637368517755938,22.677321953745974,2.227288948427924,398,0.43233544907550914,ood:cond:pp:2878.45 outside [505.725,2097.14]
0.0,0.7973691300537441,14.540051460266113,0.0005051038716280281,0.9942016524566631,0.45167034620155705,0.4521754500731851,0.02806868962943554,2739.4535586560037,0.07294230427486605,1.152213377042294,1.4914270015024065,5.64207763003396,6.0,2.6436403785447005,6.9529141912922094,22.81475646256041,2.0704294453288195,399,0.4521754500731851,ood:cond:pp:2739.45 outside [505.725,2097.14]
0.0,0.7293833222034695,9.466134071350098,0.0016712468389829948,0.9809429850794963,0.3958596982023548,0.3975309450413378,0.028755810111761093,2210.9876352493543,0.09000197280924754,1.053125383627032,5.98438028123972,3.3914910602640997,3.0,7.037505664866752,6.1052232983362575,27.217740292936515,1.7598992130989157,400,0.3975309450413378,ood:cond:pp:2210.99 outside [505.725,2097.14]
0.0,0.8216735332694373,14.368936538696289,-0.005975341985758165,1.0712151592100398,0.38072481851882445,0.3747494765330663,0.027635471895337105,2588.8536941899597,0.09403497425188023,1.0413315995206665,5.371008977200361,3.096908395743014,3.0,6.412340576721028,7.1095707141237865,26.34659244428687,1.869215368281804,401,0.3747494765330663,ood:cond:pp:2588.85 outside [505.725,2097.14]
0.0,0.7948966154455025,13.080323219299316,-3.2476041815924284e-05,1.000373964155991,0.41318985376800493,0.413157377726189,0.028916407376527786,2515.4803443455535,0.08563058599192765,1.1378451100769504,4.912792519907641,2.8998672027630836,3.0,6.050637629984592,7.036418987734646,25.18833187768842,2.865165192102891,402,0.413157377726189,ood:cond:pp:2515.48 outside [505.725,2097.14]
0.0,0.8238534185971431,13.606255531311035,-0.006676746852710358,1.07990048013137,0.40241911576818507,0.3957423689154747,0.02906131185591221,2371.1942422480793,0.09813447974486054,1.1490201743319521,5.424324255549205,3.317147224206548,3.0,6.573344429881157,5.787217132232544,25.507250421876016,2.1991569212679725,403,0.3957423689154747,ood:cond:pp:2371.19 outside [505.725,2097.14]
0.0,0.8154846618072712,13.794075012207031,-0.003640323433549114,1.042801427887857,0.4027095953311076,0.3990692718975585,0.028782954439520836,2470.4981455710076,0.09266853107559242,1.1357871131193915,5.128649415421973,3.2536144334388433,3.0,6.264436528541364,6.742367334315667,25.53567691993976,2.790698111541093,404,0.3990692718975585,ood:cond:pp:2470.5 outside [505.725,2097.14]
0.0,0.7675278186437663,11.914186477661133,0.0015910768378001644,0.9818488048372012,0.3990784449970464,0.4006695218348466,0.02849932760000229,2537.9634321822123,0.08348221836604788,1.0668467135727284,5.608734814379419,3.0474788446564443,3.0,6.675581527952148,6.467353952127509,26.494098535983955,2.092561325931045,405,0.4006695218348466,ood:cond:pp:2537.96 outside [505.725,2097.14]
0.0,0.7445419391523812,9.73558521270752,0.0010087244294419487,0.9884538057072014,0.3961569692953461,0.39716569372478805,0.029630806297063828,2128.5532717476435,0.09528264384876636,1.0056147426887658,4.0446027880317805,3.6658939705776854,4.0,5.050217530720547,6.446645047503751,26.647515170385937,2.7453252215932675,406,0.39716569372478805,ood:cond:pp:2128.55 outside [505.725,2097.14]
0.0,0.7256241181196467,9.76878547668457,0.011994358919629607,0.8710201568175392,0.4188162678882243,0.4308106268078539,0.028694532811641693,2246.7822080826063,0.0766638801745567,0.9800558447516261,5.551677415117862,3.350062848809703,3.0,6.531733259869488,6.776411798958792,26.371611578567254,2.7264718682661964,407,0.4308106268078539,ood:cond:pp:2246.78 outside [505.725,2097.14]
0.0,0.8373703416462274,14.558438301086426,-0.003519221454091295,1.041348527524632,0.4556876491971216,0.45216842774303034,0.028477273881435394,2495.4567620324347,0.0795222694158866,1.2657436410459564,3.02903054729783,2.832250826149627,3.0,4.294774188343786,9.014731362091126,21.899053927122484,0.3110949669375359,408,0.45216842774303034,ood:cond:pp:2495.46 outside [505.725,2097.14]
0.0,0.8555627528123212,18.249771118164062,-0.014933951963489026,1.1875988265872066,0.4287533774828532,0.4138194255193642,0.026004111394286156,2539.9298422242623,0.09895074321352237,1.2516577090032395,3.222078146474782,2.8267912160328756,3.0,4.473735855478021,8.252282533647469,21.673490100081533,0.4167635074526377,409,0.4138194255193642,ood:cond:pp:2539.93 outside [505.725,2097.14]
0.0,0.8329190566515864,22.630495071411133,-0.012756204182301781,1.1581932270483069,0.38909695129315897,0.3763407471108572,0.023478826507925987,2971.1138109953476,0.09219235227948089,1.4828071855919238,4.6028254194850025,2.2554609891284234,2.0,6.085632605076926,9.597777259174762,21.769042469328614,0.1255741925095921,410,0.3763407471108572,ood:cond:pp:2971.11 outside [505.725,2097.14]
0.0,0.9027470252778365,19.031274795532227,-0.005262992822212901,1.0624658117102028,0.44464194696936366,0.4393789541471508,0.026595983654260635,2629.691328941759,0.08261252639491899,1.261429811429788,5.497593672117432,2.3622677353591732,2.0,6.75902348354722,8.257585507826954,21.775632474921395,0.41584742312405004,411,0.4393789541471508,ood:cond:pp:2629.69 outside [505.725,2097.14]
0.0,0.9009506023139309,18.15277099609375,-0.003520820175176239,1.0413676947169237,0.43332355086412444,0.4298027306889482,0.027295134961605072,2608.8727582423403,0.083068200316901,1.2744736914796388,5.865187989719496,2.3812762337415934,2.0,7.139661681199135,8.496283849997425,22.775607212395695,0.9033678516886773,412,0.4298027306889482,ood:cond:pp:2608.87 outside [505.725,2097.14]
0.0,0.8527826532337358,20.18679428100586,-0.012450172561172753,1.1541197229049307,0.3826842529614308,0.37023408040025807,0.024517374113202095,2758.143189348251,0.0961104968891628,1.416237582871733,5.2467512855346055,2.29729391780239,2.0,6.662988868406338,9.664789023870624,22.9907667606833,0.12433838426051537,413,0.37023408040025807,ood:cond:pp:2758.14 outside [505.725,2097.14]
0.0,0.8844814851470931,20.319713592529297,-0.012416282068449337,1.1536694977923745,0.4000747833914653,0.38765850132301594,0.02494763396680355,2679.962138416534,0.0955475243351561,1.3358869782669505,5.1550384830375755,2.161252446546795,2.0,6.490925461304526,9.423896026285192,22.405746948894244,0.07310804175799873,414,0.38765850132301594,ood:cond:pp:2679.96 outside [505.725,2097.14]
0.0,0.8489240227858699,17.247936248779297,-0.006167547566597882,1.0735882207408052,0.43786223479226344,0.43169468722566556,0.026290055364370346,2984.8154699578654,0.07707592102344189,1.3045394131202064,2.9246020518664118,2.8336392421734455,3.0,4.229141464986618,9.85356640302188,22.540990797981735,0.47148678701885094,415,0.43169468722566556,ood:cond:pp:2984.82 outside [505.725,2097.14]
0.0,0.6918240694411733,7.7821044921875,0.005624733069191898,0.9372950741675186,0.3925507847047667,0.3981755177739586,0.02860894612967968,1758.3104277519733,0.0974398368551874,0.9804833564748957,5.31761810253435,4.332490704744255,4.0,6.298101459009246,3.96678470413224,29.159190540169224,0.30662620137566987,416,0.3981755177739586,
0.0,0.7055884534043044,7.974556922912598,0.00854334125507812,0.9063236101746526,0.42050990753504547,0.4290532487901236,0.02877478115260601,1534.9723637287843,0.09932633639750268,0.9148236942750427,4.702076858269466,4.283483888757437,4.0,5.616900552544509,4.842171626103463,27.309773836281497,0.6579410194636557,417,0.4290532487901236,
0.0,0.6947600088309271,8.352155685424805,0.009287165898683414,0.8985953574613393,0.41831682171371876,0.42760398761240215,0.028500566259026527,1627.6248132525193,0.09433136311099748,0.813731514934823,5.331391796462411,4.072703818417006,4.0,6.145123311397233,3.3408239236762167,27.92131716926515,0.20769528766514972,418,0.42760398761240215,
0.0,0.6905928137311719,8.080449104309082,0.0172000715708261,0.8203508683689671,0.41879798813119745,0.43599805970202354,0.027649007737636566,1442.2355721697643,0.09395329151658577,0.8201330979982998,3.8420030057991856,4.704769335420311,5.0,4.6621361037974856,4.302231558108648,27.612912077096077,0.49095935502253185,419,0.43599805970202354,
0.0,0.6956076192840861,8.582636833190918,0.009749906349017517,0.8938208234552059,0.4189132209113599,0.4286631272603774,0.02878354862332344,1716.0375226613396,0.09069360204816126,1.0402126314521816,4.966349171499507,4.496980740229624,4.0,6.006561802951689,3.3786580872341054,27.40490529904086,0.500369856846223,420,0.4286631272603774,
0.0,0.6864198155679923,8.240041732788086,0.018861501777278824,0.8048083824520956,0.4179487585392647,0.4368102603165435,0.027616070583462715,1452.6016845907359,0.09174994178469052,0.9605383596102506,3.9211407700746816,4.647317550499447,5.0,4.881679129684932,3.5040766265894883,27.91247227501415,0.2893304089054208,421,0.4368102603165435,
0.0,0.6979746102573459,8.092069625854492,0.006870719628379045,0.9239456005176502,0.41073988131762285,0.4176106009460019,0.028694016858935356,1708.7106066067026,0.09517054060829774,0.8345561307411403,4.803522986150176,3.903194451722919,4.0,5.6380791168913165,4.9889382007566505,27.541254668321915,0.5782027656513041,422,0.4176106009460019,
0.0,0.6817570007060493,7.664310455322266,0.01709837917129884,0.8213118787654697,0.39597283096887087,0.41307121014016973,0.02741459384560585,1512.8712176733225,0.09487148967425404,0.8246679158603426,4.291919872811867,4.744591225468499,5.0,5.11658778867221,4.065745425029661,29.64868436839071,0.4007878125215789,423,0.41307121014016973,
0.0,0.735104978998486,12.942878723144531,0.00793379822016453,0.9127062172390543,0.40839190377206597,0.4163257019922305,0.027253897860646248,2941.3929460945674,0.06713333676753244,0.6035062167838166,5.013060486887737,3.904756507930737,4.0,5.616566703671554,4.300927674328155,26.76719448901437,1.4675582193451295,424,0.4163257019922305,ood:cond:pp:2941.39 outside [505.725,2097.14]
0.0,0.6893892889784964,11.39824104309082,0.013603422717244388,0.8550330192270048,0.40702744900293103,0.42063087172017544,0.026541633531451225,2851.212468605208,0.061095565371172084,0.6720022229930698,4.866725210583288,4.093962184685463,4.0,5.538727433576358,5.140274493537728,27.29518422784316,0.3233589132452024,425,0.42063087172017544,ood:cond:pp:2851.21 outside [505.725,2097.14]
0.0,0.8041610842377248,15.504613876342773,-0.0005058930984777793,1.0058413038040759,0.41466681764240154,0.4141609245439238,0.027751822024583817,2820.291542231262,0.07698177580535896,0.5187715064784205,4.895368925016279,3.7062808918880625,4.0,5.414140431494699,3.849082166911891,25.50564389289069,0.7966330805779881,426,0.4141609245439238,ood:cond:pp:2820.29 outside [505.725,2097.14]
0.0,0.7774068168172423,13.46782398223877,0.0018095510361265021,0.9793822862518216,0.4102913177891382,0.4121008688252647,0.028092436492443085,2704.8517868739423,0.07672087222851548,0.5886945542948409,4.479258438099226,3.7380338626908873,4.0,5.0679529923940665,5.322108831168021,25.593920800744286,1.0605267932970759,427,0.4121008688252647,ood:cond:pp:2704.85 outside [505.725,2097.14]
0.0,0.7219493152964855,11.766151428222656,0.009043894566610023,0.9011156393414098,0.4031812194227686,0.4122251139893786,0.027711844071745872,2723.8116156910664,0.06996511290953256,0.690224192950406,5.020641730895445,3.8869088944636903,4.0,5.7108659238458515,4.298709551918671,27.14217324730208,1.3388539597062963,428,0.4122251139893786,ood:cond:pp:2723.81 outside [505.725,2097.14]
0.0,0.732395078346334,12.224969863891602,0.010069488933499172,0.890538203884551,0.42198377894221123,0.4320532678757104,0.027331585064530373,2786.887967567904,0.06496880935831809,0.5159665577676813,4.525461928130971,3.7745669452643065,4.0,5.041428485898653,5.648727431409477,25.814441375004087,1.057729726079949,429,0.4320532678757104,ood:cond:pp:2786.89 outside [505.725,2097.14]
0.0,0.7472543350259983,12.965585708618164,0.004661849099867828,0.9477433689670922,0.4044318164504359,0.40909366555030374,0.027745692059397697,2789.5595263338,0.07249643845383057,0.6761622486366679,4.862236230022283,4.077072312038351,4.0,5.5383984786589515,4.349360720198105,26.502954634833912,0.8703078299012189,430,0.40909366555030374,ood:cond:pp:2789.56 outside [505.725,2097.14]
0.0,0.7945353931854581,14.454569816589355,-0.00011932017844900391,1.0013746683124172,0.3805345548456401,0.38041523466719107,0.02719147503376007,2868.432718538608,0.0797211308010266,0.6191704771626748,4.6736864405237,4.196490710921363,4.0,5.292856917686375,5.7078360741727625,26.879263744918262,1.1764823630716292,431,0.38041523466719107,ood:cond:pp:2868.43 outside [505.725,2097.14]
0.0,0.74265688443491,12.49243450164795,0.008729975661966765,0.904378276094569,0.38108047193286115,0.3898104475948279,0.02713908441364765,2906.3535295113493,0.07075595510595023,0.7236409907745033,5.038576602872722,3.9710206286017553,4.0,5.762217593647225,5.2148757330731215,28.263746107662023,2.06228979276796,432,0.3898104475948279,ood:cond:pp:2906.35 outside [505.725,2097.14]
0.0,0.7097638069486305,9.702337265014648,0.024221414485925175,0.7566463258803314,0.39334490215388385,0.41756631663980903,0.027587629854679108,2423.3607538695996,0.064200570187127,0.5873294809724324,5.306668068110792,3.6234630345377905,4.0,5.893997549083224,5.692235401675232,29.26822559800813,2.2842862072494685,433,0.41756631663980903,ood:cond:pp:2423.36 outside [505.725,2097.14]
0.0,0.6974411174168277,9.425779342651367,0.029271404700857873,0.7139091964460491,0.40081255586033576,0.43008396056119363,0.027224337682127953,2400.1753731975978,0.05901986079299426,0.6925116966800248,7.487616065520988,3.230876984771277,3.0,8.180127762201012,5.163574981764376,29.703958268367415,1.7547942157332228,434,0.43008396056119363,ood:cond:pp:2400.18 outside [505.725,2097.14]
0.0,0.7051505072837925,9.100417137145996,0.027989051886581726,0.7245272772255693,0.40358645086171835,0.4315755027483001,0.026852700859308243,2456.041767928622,0.05904262750603458,0.6836094053416039,6.778418947232117,3.3459899789196355,3.0,7.4620283525737205,6.964773131152168,29.350858188873328,1.8533578097629784,435,0.4315755027483001,ood:cond:pp:2456.04 outside [505.725,2097.14]
0.0,0.7019092184774379,10.825345993041992,0.014302679819674783,0.8481772136068034,0.402368454715546,0.41667113453522076,0.026909224689006805,2787.8962253719615,0.06534936033184974,0.7344339443838693,6.878824143203916,3.3715309720429802,3.0,7.613258087587785,5.526906815188289,28.366681077951647,2.0786445794670474,436,0.41667113453522076,ood:cond:pp:2787.9 outside [505.725,2097.14]
0.0,0.6972273587902545,10.473577499389648,0.01953787439479851,0.7985656551101638,0.38327126622901814,0.4028091406238167,0.02678411640226841,2749.697873300534,0.06286999687098428,0.7527833358367833,5.41331250546308,3.9882175886150826,4.0,6.166095841299863,5.160946236162239,29.82532960136169,2.0678387870319423,437,0.4028091406238167,ood:cond:pp:2749.7 outside [505.725,2097.14]
0.0,0.7124974777363091,10.445798873901367,0.01512078839158097,0.8402258874002219,0.39418484825461625,0.40930563664619724,0.027745241299271584,2571.78360690739,0.06910290639415256,0.6070910229310675,5.160990204388962,3.9080603490849164,4.0,5.768081227320029,5.21376583105113,28.286090740331247,2.2254492135899957,438,0.40930563664619724,ood:cond:pp:2571.78 outside [505.725,2097.14]
0.0,0.7341982126922602,11.790650367736816,0.008795076700272438,0.9037006954564238,0.38990021305178285,0.3986952897520553,0.02671203948557377,2881.9766020876714,0.07083279646854905,0.74202498138045,6.453903169816838,3.42190412136447,3.0,7.195928151197289,6.83328025600831,28.421064709600177,2.2777296854839246,439,0.3986952897520553,ood:cond:pp:2881.98 outside [505.725,2097.14]
0.0,0.6780502452379316,9.348819732666016,0.02388679655905697,0.759566875829219,0.4141845387654492,0.43807133532450615,0.024886026978492737,2790.45207234021,0.05321521962096243,0.5704820797114911,3.3634312822969994,4.777996476094271,5.0,3.9339133620084903,8.347615667995708,28.01718247803816,0.5374966116062797,440,0.43807133532450615,ood:cond:pp:2790.45 outside [505.725,2097.14]
0.0,0.7377978370814531,12.233633995056152,0.009093484197244747,0.90060131968158,0.37034304309598626,0.379436527293231,0.02480509504675865,2949.5509981241025,0.06712086215492089,0.5442905855056286,3.414274190744361,5.184650072529914,5.0,3.9585647762499896,9.079040585480268,28.871864466730216,0.5780089863934613,441,0.379436527293231,ood:cond:pp:2949.55 outside [505.725,2097.14]
0.0,0.7398483651788772,11.962870597839355,0.009435312274996678,0.8970640211410053,0.35277584990820327,0.36221116218319993,0.025073321536183357,2834.407112188829,0.07030830940811093,0.5831247683884987,3.6436233591466807,5.167874525108981,5.0,4.2267481275351795,8.575477471819825,29.709218109495726,0.6350355555898909,442,0.36221116218319993,ood:cond:pp:2834.41 outside [505.725,2097.14]
0.0,0.730799336551208,11.178770065307617,0.009925009714920607,0.8920207386301846,0.3613297250557686,0.3712547347706892,0.02497752197086811,2681.3590274844337,0.07068821220247444,0.5918405648875759,3.515522795546173,4.889698189337485,5.0,4.107363360433749,9.130310528166179,29.66712733033492,0.02885000706579259,443,0.3712547347706892,ood:cond:pp:2681.36 outside [505.725,2097.14]
0.0,0.7138936838035413,9.487071990966797,0.013756080206673372,0.8535315891641473,0.40169506050841486,0.4154511407150882,0.025328228250145912,2498.6857275419106,0.06767825043862978,0.5827447478290563,3.112640696970955,4.879341315240744,5.0,3.6953854448000114,9.78810648190852,28.26503370590858,0.3430294464213545,444,0.4154511407150882,ood:cond:pp:2498.69 outside [505.725,2097.14]
0.0,0.7043677968463524,9.660356521606445,0.017650127233993583,0.8161112485590621,0.3788717322704592,0.3965218595044528,0.025307241827249527,2530.303208885943,0.06591587787780445,0.585462592850575,3.617953594637155,5.224222336308159,5.0,4.20341618748773,8.74595150425809,29.763032441696737,0.4697608652708838,445,0.3965218595044528,ood:cond:pp:2530.3 outside [505.725,2097.14]
0.0,0.6938589992710587,9.586256980895996,0.01596627020918519,0.8320868314592078,0.40809333126287295,0.4240596014720581,0.024120157584547997,2983.342338843746,0.05689945257445657,0.5666028001041903,2.956293873062025,5.644211645707706,6.0,3.5228966731662155,8.146709007127013,29.284089046124308,0.5494730899102744,446,0.4240596014720581,ood:cond:pp:2983.34 outside [505.725,2097.14]
0.0,0.732828495857643,10.038378715515137,0.009197250654371188,0.8995260537877634,0.38776238707287136,0.3969596377272426,0.024680711328983307,2662.775957026148,0.06977649513836215,0.5980641163495299,2.8863196389781596,5.689530293331679,6.0,3.4843837553276895,8.879352476057893,29.78565500802403,0.2877115822661514,447,0.3969596377272426,ood:cond:pp:2662.78 outside [505.725,2097.14]
0.0,0.8288419324130235,19.193849563598633,-0.0050497247053859565,1.0598602969963242,0.4048249505831245,0.39977522587773856,0.0264953151345253,2689.3734966869947,0.0923395696316022,0.6092114391056069,3.2711763616549776,5.459487599551277,5.0,3.8803878007605848,4.904223426385206,24.306162430188127,3.121335315111329,448,0.39977522587773856,ood:cond:pp:2689.37 outside [505.725,2097.14]
0.0,0.7906857187686405,13.322970390319824,-0.00010693266558660306,1.0012318659329664,0.390758240132112,0.39065130746652543,0.029228074476122856,2373.2126288933387,0.09291073288840951,0.680534815013334,3.440504496715876,4.709060024922353,5.0,4.12103931172921,5.553921813323756,26.159118371969807,3.0831722504856405,449,0.39065130746652543,ood:cond:pp:2373.21 outside [505.725,2097.14]
0.0,0.74638666134389,11.99749755859375,0.012215545795544154,0.8688049187637297,0.44105906158699476,0.45327460738253894,0.029652249068021774,2286.068513500487,0.07392153778647688,0.5095070610981886,3.2415856470691224,5.395779902171721,5.0,3.751092708167311,5.356681007960656,24.11214454879721,3.505512555876627,450,0.45327460738253894,ood:cond:pp:2286.07 outside [505.725,2097.14]
0.0,0.8145263374306783,16.779727935791016,0.002467852931513507,0.9719876242469061,0.41160957463816805,0.4140774275696816,0.0282569769769907,2790.3355581129113,0.07932214219992675,0.5836118556574186,3.449060581611152,5.165997969670481,5.0,4.0326724372685705,4.768463391425447,24.931825577768297,3.3483902895109967,451,0.4140774275696816,ood:cond:pp:2790.34 outside [505.725,2097.14]
0.0,0.7985902636910808,15.163751602172852,0.0026709623708157017,0.9697173994605999,0.41707470841296,0.4197456707837757,0.028349880129098892,2721.9782620369183,0.07769654259265327,0.5409493756358729,3.3747082584473125,5.36911586824717,5.0,3.9156576340831855,5.115847153837514,24.69413532425344,2.6573473130343936,452,0.4197456707837757,ood:cond:pp:2721.98 outside [505.725,2097.14]
0.0,0.8173612734376864,14.44743824005127,-0.004626973582017516,1.0547143816473454,0.4214238826204866,0.41679690903846905,0.029599282890558243,2275.7685020738527,0.09571494818924997,0.5637213698327905,3.245496044736008,5.230085910774418,5.0,3.8092174145687983,5.1068794464796285,24.15296651932362,2.4487651239061834,453,0.41679690903846905,ood:cond:pp:2275.77 outside [505.725,2097.14]
0.0,0.7745181571569374,12.15115737915039,-0.00024137916034812237,1.0027828452269614,0.4064458345694773,0.4062044554091292,0.02963227592408657,2236.147206895084,0.0933406446899442,0.550171744487007,3.3567359814739337,5.2925305599492285,5.0,3.9069077259609406,5.863065197425882,25.397603827230586,2.8812610229840283,454,0.4062044554091292,ood:cond:pp:2236.15 outside [505.725,2097.14]
0.0,0.8203094804362595,19.037261962890625,-0.007287688000598954,1.0875229734432434,0.4104380464966333,0.4031503584960343,0.02568843960762024,2683.7990491852206,0.09394197202090623,0.6735902439388847,2.6599322949119553,5.5491269020399185,6.0,3.33352253885084,4.934783743873831,24.93591897697887,2.5452549368243162,455,0.4031503584960343,ood:cond:pp:2683.8 outside [505.725,2097.14]
0.0,0.6913673044547712,9.489114761352539,0.007354688737275481,0.9188117836091959,0.4060634091372962,0.4134180978745717,0.02831391431391239,2214.3577532002387,0.0811666110249959,0.7775554272697668,7.92495028316469,3.3526978794874274,3.0,8.702505710434457,2.6586758998117217,28.766193031115094,0.9388932225846055,456,0.4134180978745717,ood:cond:pp:2214.36 outside [505.725,2097.14]
0.0,0.7658764774918124,11.931918144226074,-0.001988885237228552,1.023162056571764,0.3795013263409272,0.37751244110369864,0.02837851643562317,2485.898692876119,0.08992434163953802,0.9765035330508599,6.935968622314242,3.077328610469506,3.0,7.912472155365101,4.383178881698521,28.120595347793824,1.2971466407994443,457,0.37751244110369864,ood:cond:pp:2485.9 outside [505.725,2097.14]
0.0,0.6932366860314572,9.507092475891113,0.011502674145920365,0.8759647486786871,0.40452450846186244,0.4160271826077828,0.028484920039772987,2170.127453985446,0.07778647554207757,0.7998120315639314,5.379422151478527,3.6939274786146306,4.0,6.179234183042459,3.172560227987981,27.889496960157814,0.7733493695751696,458,0.4160271826077828,ood:cond:pp:2170.13 outside [505.725,2097.14]
0.0,0.7252160355935727,10.474687576293945,0.0011086267082771168,0.987317571829393,0.4142266560872559,0.415335282795533,0.02897696942090988,2238.698737625858,0.0866860852794089,0.8456971660690723,7.270890767437981,3.0254555512020627,3.0,8.116587933507054,2.9628087321509455,27.312572532672107,0.8175368502534064,459,0.415335282795533,ood:cond:pp:2238.7 outside [505.725,2097.14]
0.0,0.6973246096634788,10.152138710021973,0.017516626417707615,0.817366563716641,0.4259194589857638,0.4434360854034714,0.028205422684550285,2285.92236909708,0.06785243156505166,0.8566074483428094,7.449744085886526,3.49878834190683,3.0,8.306351534229336,2.759598010491012,27.67865261317902,1.090746598426944,460,0.4434360854034714,ood:cond:pp:2285.92 outside [505.725,2097.14]
0.0,0.7527274597016447,12.125319480895996,0.0011208616822126996,0.9871785077321269,0.35693420775046203,0.35805506943267473,0.027818713337183,2609.0669689281185,0.08479153289788002,0.8705076088720912,5.440089732542968,3.710030246959213,4.0,6.310597341415059,3.7673365254702853,29.009725891130522,0.7389794634930033,461,0.35805506943267473,ood:cond:pp:2609.07 outside [505.725,2097.14]
0.0,0.7485985567131437,11.086119651794434,-0.0008423090757002814,1.0097446141549036,0.4009532067564791,0.40011089768077884,0.02884441241621971,2346.223296292974,0.08804664368077618,1.012017468749184,6.5943346455844996,3.401950195920393,3.0,7.606352114333684,4.216500554650336,27.03555689765139,0.8145824935722928,462,0.40011089768077884,ood:cond:pp:2346.22 outside [505.725,2097.14]
0.0,0.692999721372641,9.245392799377441,0.015441604459139141,0.8371282108445527,0.3919797606232961,0.4074213650824352,0.028058070689439774,2207.138285141907,0.07433139434780253,0.9550729759606617,5.13576726589469,3.7243863361762055,4.0,6.090840241855352,4.228375491288512,28.59173645870992,0.8485678817797546,463,0.4074213650824352,ood:cond:pp:2207.14 outside [505.725,2097.14]
0.0,0.7709440747719339,13.656785011291504,0.009021255406755871,0.9013505394001349,0.39904442208734864,0.4080656774941045,0.030645474791526794,2446.8849344031573,0.08287407137574143,1.2663410081412878,3.72813380518788,4.779281472474972,5.0,4.994474813329168,2.0666736704101627,27.039047737056002,4.554869178587684,464,0.4080656774941045,ood:cond:pp:2446.88 outside [505.725,2097.14]
0.0,0.7753171732785373,13.823064804077148,0.006799204129286071,0.9247066468016617,0.38067393734184324,0.3874731414711293,0.030008496716618538,2501.2407568879344,0.08526892331532272,1.3655702973354311,3.5941644541026205,5.281048560571161,5.0,4.959734751438051,2.7881428592930515,27.58681661648331,3.8954239639130273,465,0.3874731414711293,ood:cond:pp:2501.24 outside [505.725,2097.14]
0.0,0.7090485538468151,10.797828674316406,0.02258418901281147,0.7710438099484525,0.40277336018103627,0.4253575491938477,0.029014576226472855,2441.426237190404,0.06702989265282534,1.2564096905736495,3.6694357307259153,5.386760992890771,5.0,4.925845421299565,3.0214073227140865,27.650634429211912,3.8211896977344617,466,0.4253575491938477,ood:cond:pp:2441.43 outside [505.725,2097.14]
0.0,0.7334536007848949,12.485191345214844,0.01616301136594381,0.8302042325510581,0.4194832566855006,0.43564626805144446,0.02996853180229664,2526.1799231853233,0.0698214699105901,1.3376424849214004,3.401193156617773,4.778549544657664,5.0,4.738835641539174,2.3571583445167716,26.051336552212643,4.0020734659239565,467,0.43564626805144446,ood:cond:pp:2526.18 outside [505.725,2097.14]
0.0,0.7215747832417183,11.719377517700195,0.020852999037160883,0.7865657013289253,0.4274175395163053,0.44827053855346616,0.029900653287768364,2432.2679243396915,0.06572086480022356,1.401369251586327,3.180349029490549,4.798920010432706,5.0,4.581718281076876,2.729055066562877,25.63764647194726,3.819627184863713,468,0.44827053855346616,ood:cond:pp:2432.27 outside [505.725,2097.14]
0.0,0.7224225956595982,12.24216365814209,0.017544070248433324,0.8171083503708376,0.4012638179263131,0.41880788817474646,0.028967754915356636,2676.7097371151,0.06780140716963952,1.305208266622931,3.7369668818710844,5.067327561344213,5.0,5.042175148494016,2.3033848466907023,27.51426058916078,3.8609771270773905,469,0.41880788817474646,ood:cond:pp:2676.71 outside [505.725,2097.14]
0.0,0.7447173550888133,13.135563850402832,0.014221343334518436,0.8489718364617092,0.42328440597404393,0.43750574930856234,0.030194342136383057,2569.8658719676177,0.07006393765982437,1.4556534530742626,3.0652831879689746,4.992033725340268,5.0,4.520936641043237,2.745498171349539,25.350181376565725,3.8937498377837994,470,0.43750574930856234,ood:cond:pp:2569.87 outside [505.725,2097.14]
0.0,0.7870699922865145,15.341731071472168,0.00904426800499882,0.9011117651216913,0.4182988355445966,0.4273431035495954,0.03023204766213894,2676.5077346135236,0.07483775455120512,1.2686840587321075,3.258901778278882,4.542537191171759,5.0,4.52758583701099,2.7063853677684833,25.34431455282343,4.170004622297085,471,0.4273431035495954,ood:cond:pp:2676.51 outside [505.725,2097.14]
0.0,0.8050592222295738,14.076910972595215,-0.007882878828506197,1.0950006932814234,0.42795161338165766,0.42006873455315147,0.0290480088442564,2400.6626495442456,0.09215935982961712,1.2415539846611119,1.9330995726427171,5.909822817292474,6.0,3.174653557303829,4.983507945316451,24.031429289139425,0.8281228316710676,472,0.42006873455315147,ood:cond:pp:2400.66 outside [505.725,2097.14]
0.0,0.6930772809335065,9.001935958862305,0.0052239878565750394,0.9416295104073776,0.43058151365923225,0.43580550151580727,0.027850691229104996,2144.1357356812996,0.07864232950468096,1.3775781560586866,1.6884356770027389,5.9148513853233124,6.0,3.0660138330614255,6.588402488868833,24.984485487237386,0.09327737618638211,473,0.43580550151580727,ood:cond:pp:2144.14 outside [505.725,2097.14]
0.0,0.7514793292501218,10.150314331054688,-0.004684093382875262,1.0554082068208017,0.3983711555022083,0.393687062119333,0.028939248993992805,2242.1512400049396,0.09359301135014803,1.412251050181614,1.9586436691822628,5.888742123081048,6.0,3.3708947193638767,6.088948407570619,26.31431672375388,0.10746510689353393,474,0.393687062119333,ood:cond:pp:2242.15 outside [505.725,2097.14]
0.0,0.6960159823038267,9.279417037963867,0.009569064727126833,0.8956837114209278,0.4434487907326917,0.45301785545981854,0.028527678921818733,1849.0959740084918,0.0817649519410009,1.2460642785029257,2.06935069183843,5.753593209670469,6.0,3.315414970341356,5.0905456147049195,24.983035436753052,0.6173620831778476,475,0.45301785545981854,
0.0,0.7387223774702383,10.328564643859863,-0.0024483138975542338,1.0285882751158189,0.42685797743035614,0.4244096635328019,0.029333874583244324,2133.676825111907,0.09069733986117282,1.2363308901417298,1.8750528144622312,5.862220102510896,6.0,3.111383704603961,6.1166528592775515,24.784955086901316,0.9317250303959653,476,0.4244096635328019,ood:cond:pp:2133.68 outside [505.725,2097.14]
0.0,0.7351731251494996,10.331380844116211,-0.0008771894379905459,1.010150183787546,0.40450249975948666,0.4036253103214961,0.02865208499133587,2308.0472513640198,0.08725389352659045,1.3491855400377595,2.13601450346314,5.914909434708401,6.0,3.485200043500899,5.396159046694845,26.30735930770024,0.5463960350232074,477,0.4036253103214961,ood:cond:pp:2308.05 outside [505.725,2097.14]
0.0,0.7260082605866786,9.46683406829834,-0.003684674659176869,1.0433340311460078,0.43572039914916666,0.4320357244899898,0.02949703484773636,1971.860426777681,0.09371308162906093,1.3532150090833799,1.6100291758241565,5.782311251724199,6.0,2.9632441849075364,6.495874027266366,24.275339136711587,0.26236916365005875,478,0.4320357244899898,
0.0,0.7298069950598643,10.208863258361816,-0.0001199568995773164,1.0013820089392522,0.40799475341327607,0.40787479651369873,0.02898125723004341,2209.386720427223,0.08922904411263115,1.314748240792005,2.254942864181352,5.942402369268164,6.0,3.5696911049733573,4.955301700436872,26.373448330277014,0.8856418976870667,479,0.40787479651369873,ood:cond:pp:2209.39 outside [505.725,2097.14]
0.0,0.7626273212009651,11.062134742736816,0.00951326120143463,0.8962593389085848,0.4207020043451014,0.43021526554653605,0.02714427560567856,2535.783907732029,0.07305275329728951,1.1504707263241771,2.0318304818674036,5.009369607219091,5.0,3.1823012081915807,9.794822453085281,25.706328494043184,2.642183029089505,480,0.43021526554653605,ood:cond:pp:2535.78 outside [505.725,2097.14]
0.0,0.7426183718284912,9.541777610778809,0.012077780757523153,0.8701840050460012,0.4295044508316999,0.44158223158922305,0.02672533318400383,2406.919925046939,0.07174189031054048,1.1962322506890004,1.7342538702090349,5.5829225244632505,6.0,2.9304861208980353,9.00881206639394,26.591728791782153,2.267040167107534,481,0.44158223158922305,ood:cond:pp:2406.92 outside [505.725,2097.14]
0.0,0.7390540427429885,9.59001636505127,0.014441965565462745,0.8468181781107945,0.44108963989838024,0.45553160546384297,0.02649678662419319,2532.936859737326,0.06551558136312646,1.3523077864463116,1.4647061638751182,5.657805237692662,6.0,2.8170139503214298,9.048839474406826,25.950923176335404,2.197061304011638,482,0.45553160546384297,ood:cond:pp:2532.94 outside [505.725,2097.14]
0.0,0.7575368704454393,10.812322616577148,0.007624806173457597,0.9159588625834656,0.41614949979608146,0.4237743059695391,0.027050353586673737,2523.4350906121454,0.07424914385308821,1.3714209568826536,1.773907272164601,5.26956026499712,5.0,3.1453282290472546,9.796317498099773,25.522958643336047,1.9159715641218493,483,0.4237743059695391,ood:cond:pp:2523.44 outside [505.725,2097.14]
0.0,0.767347300649126,10.36495590209961,0.0043012298362408,0.9516863730778433,0.4251249748085212,0.429426204644762,0.027480589225888252,2291.318585486622,0.08288919696609444,1.287929193651277,1.4477199509465666,5.744071858121443,6.0,2.7356491445978435,9.566049531983335,25.979944399570396,2.257826755613531,484,0.429426204644762,ood:cond:pp:2291.32 outside [505.725,2097.14]
0.0,0.776470261756612,12.445505142211914,0.006177804564114088,0.931345835961459,0.38798838280175174,0.39416618736586584,0.027602532878518105,2558.3246028891695,0.08026827017878344,1.3447411309554045,2.249159963807024,4.939752802475639,5.0,3.5939010947624284,8.678080326697172,26.647585800509315,2.8092344863767034,485,0.39416618736586584,ood:cond:pp:2558.32 outside [505.725,2097.14]
0.0,0.7378496818506146,9.50700569152832,0.015698568574577146,0.8346553031950757,0.4491995687431529,0.46489813731773005,0.027377596125006676,2332.7441904441635,0.06794491560731608,1.2705696588326636,1.4239112900063589,5.678332851160456,6.0,2.6944809488390224,8.911353824071515,25.07823951710565,2.793756979408327,486,0.46489813731773005,ood:cond:pp:2332.74 outside [505.725,2097.14]
0.0,0.7359437425255754,9.316428184509277,0.016681563943315082,0.8252626313156578,0.4288110308973562,0.44549259484067133,0.026863543316721916,2379.703516906832,0.06853674043511152,1.3302597091223305,1.7332604213991143,5.583360687498327,6.0,3.063520130521445,8.490879164025454,26.871999947154123,2.434585563885154,487,0.44549259484067133,ood:cond:pp:2379.7 outside [505.725,2097.14]
0.0,0.7006351496619868,7.747859001159668,0.006813780925158002,0.9245514741066185,0.4124939112957877,0.4193076922209457,0.028016963973641396,1722.3257816204498,0.09463175209173752,0.5366417987626706,3.5034890860009726,4.848887391945439,5.0,4.040130884763643,6.581991928729152,26.78264635254737,0.8679096659128598,488,0.4193076922209457,
0.0,0.6887059163421692,7.685296535491943,0.01494453655583011,0.8419325831393958,0.40516848895034924,0.42011302550617935,0.027353929355740547,1665.974729515562,0.0887079191683858,0.6206932020986301,3.745282635057022,4.5038529648189565,5.0,4.365975837155652,6.092411021197651,27.922290206975912,0.7122448304225277,489,0.42011302550617935,
0.0,0.6923071153605539,7.482305526733398,0.015850343646758202,0.8331981207995302,0.40147745858729106,0.41732780223404925,0.02729118801653385,1739.8946591709823,0.08492191435613816,0.5181762436382168,4.890607487744961,4.286943419232267,4.0,5.408783731383178,7.191606857608235,28.826741783140946,0.461041160870853,490,0.41732780223404925,
0.0,0.7078942084740182,7.699827671051025,0.026520102651617375,0.7368846107836527,0.43196984474612665,0.458489947397744,0.026365194469690323,1297.0763632281207,0.08940846571043833,0.6281712607612892,3.467228146405631,4.682281870804006,5.0,4.09539940716692,6.789675539042784,27.266672574877383,0.6226875919565514,491,0.458489947397744,
0.0,0.6998980382798613,7.721845626831055,0.017260197922022977,0.8197831932270483,0.42304499247686456,0.44030519039888755,0.0275255274027586,1531.249348440946,0.08825761907747948,0.5984068277598386,4.50040466975582,3.971266032595451,4.0,5.098811497515658,7.020991504420789,27.416237494483422,0.49681954344300006,492,0.44030519039888755,
0.0,0.695291832719556,7.184281349182129,0.009895622660951247,0.892322587924397,0.40566228548107164,0.41555790814202287,0.027354920282959938,1685.413054429526,0.09369803104236706,0.573767221579402,3.522933696333867,4.556523201085501,5.0,4.096700917913269,7.2632925538098,27.746797143376142,0.7476387103586146,493,0.41555790814202287,
0.0,0.6966243037049671,7.362996578216553,0.018743377484190023,0.8059036311634078,0.42069034709895886,0.4394337245831489,0.02658972330391407,1494.5431076005916,0.08908118146056182,0.6093707026162498,3.4476024197139967,4.806579582112789,5.0,4.0569731223302465,7.2457723296486565,27.530637941299887,0.3336946723412061,494,0.4394337245831489,
0.0,0.7126609074784017,7.527332782745361,0.0203915109453635,0.790755907845227,0.43623482029029265,0.45662633123565616,0.027300631627440453,1274.753535459116,0.0959164073322911,0.5295904112608613,4.537257388818544,4.263236142943244,4.0,5.0668478000794055,6.994245852449744,27.261637052767366,0.6922719561383051,495,0.45662633123565616,
0.0,0.7822283718352109,13.341656684875488,0.009271294442345571,0.8987595700023925,0.4370268858985536,0.4462981803408992,0.02877453714609146,2684.8727451530076,0.07065841816353162,0.77316744571528,5.279803500458272,3.2664187296428002,3.0,6.052970946173552,6.811947213721327,24.970860052241985,3.776183047385251,496,0.4462981803408992,ood:cond:pp:2684.87 outside [505.725,2097.14]
0.0,0.8708954771252546,16.9807186126709,-0.0019418870402318448,1.0226085869021466,0.43753825803415297,0.4355963709939211,0.028883827850222588,2568.7553382441906,0.08512484133073375,0.8284579558232178,5.066349545435106,2.6974662681797206,3.0,5.894807501258324,5.9653969043734385,23.64981940814841,3.1240982121958187,497,0.4355963709939211,ood:cond:pp:2568.76 outside [505.725,2097.14]
0.0,0.9025747628127714,17.46612548828125,0.0026009596997208896,0.970499244187311,0.44329059858755676,0.44589155828727767,0.02860303409397602,2502.3484426502387,0.08266172720407625,0.7146710120915809,7.574339926579296,2.476027833606087,2.0,8.289010938670877,7.2182209510351125,23.79624282837687,3.71883537112416,498,0.44589155828727767,ood:cond:pp:2502.35 outside [505.725,2097.14]
0.0,0.8036416939899663,14.25588607788086,0.004469455174445305,0.9498449632424908,0.42590758929436184,0.43037704446880715,0.02903110347688198,2653.542325779428,0.07775559818481681,0.7630128883948979,5.502360751005194,2.610187152548128,3.0,6.265373639400092,6.39113365048923,25.187254568689507,3.721346586039459,499,0.43037704446880715,ood:cond:pp:2653.54 outside [505.725,2097.14]
0.0,0.8142028619928119,13.659247398376465,0.011355362645445875,0.8774516334254083,0.4296411856997363,0.4409965483451822,0.028720006346702576,2432.5065018282844,0.07584629897137432,0.8942200480314867,8.705989914511973,2.454453528636788,2.0,9.60020996254346,6.637608289307435,25.838028214394356,3.719616682132733,500,0.4409965483451822,ood:cond:pp:2432.51 outside [505.725,2097.14]
0.0,0.7876720305288807,13.277164459228516,0.011309030990221429,0.8779198022924506,0.45115567297420317,0.4624647039644246,0.028996694833040237,2587.436617292431,0.06858199108758095,0.8055004212544806,5.493784719075957,2.650215860407089,3.0,6.299285140330437,5.499282501049042,24.397137922040354,3.3054935712769122,501,0.4624647039644246,ood:cond:pp:2587.44 outside [505.725,2097.14]
0.0,0.8606323527391735,17.774259567260742,-0.000634754207437549,1.0073346455836614,0.4301228419116609,0.42948808770422336,0.02837974950671196,2737.1821027082206,0.08255016340059142,0.7596467884304268,5.2795308950825905,3.056592970431852,3.0,6.039177683513017,6.065350883597008,24.18288393413606,3.8009504910454277,502,0.42948808770422336,ood:cond:pp:2737.18 outside [505.725,2097.14]
0.0,0.8447342612524235,16.731542587280273,-0.0031043752179167796,1.036386807534202,0.40826775918822933,0.40516338397031254,0.027878612279891968,2665.6792669659785,0.08958680290433096,0.7992357911240273,5.161820536895224,2.6526140711938684,3.0,5.961056328019251,7.173279577556684,25.056448561614438,3.9225430977772096,503,0.40516338397031254,ood:cond:pp:2665.68 outside [505.725,2097.14]
0.0,0.8149668720082938,16.57299041748047,-0.011356090410201863,1.1396735052308764,0.4218323607234342,0.41047627031323236,0.025373907759785652,2711.3221067851878,0.08970428548592059,0.6331952798640825,1.906531589416829,4.902634719334496,5.0,2.5397268692809116,9.546941697836692,22.24557604424125,0.5081643852339239,504,0.41047627031323236,ood:cond:pp:2711.32 outside [505.725,2097.14]
0.0,0.8580369075007529,16.143211364746094,-0.014133966035613227,1.1767110457402614,0.45396262064592946,0.4398286546103162,0.02806977555155754,2202.3417302085204,0.09970791591065073,0.6237591152445919,1.9611870200224208,4.503629481703148,5.0,2.5849461352670127,7.996898891292844,20.921629567627907,0.2129605487999329,505,0.4398286546103162,ood:cond:pp:2202.34 outside [505.725,2097.14]
0.0,0.8393187231884235,18.440078735351562,-0.015125555976385817,1.1902214694303674,0.45023387180451063,0.4351083158281248,0.025474222376942635,2497.046659164563,0.09590471428792471,0.5504277066873444,1.7198968164066633,4.8633027692094135,5.0,2.2703245230940077,8.839139330192577,20.190761945662615,0.5430768036985959,506,0.4351083158281248,ood:cond:pp:2497.05 outside [505.725,2097.14]
0.0,0.8155956520570474,13.484848976135254,-0.006342871992164785,1.075757443939361,0.45318793146129555,0.4468450594691308,0.02894953452050686,2227.2124710624307,0.08709890136613185,0.6397162756935102,2.097771931286656,4.56825070719064,5.0,2.7374882069801663,8.04270149436404,21.73014252926487,0.14659088089424463,507,0.4468450594691308,ood:cond:pp:2227.21 outside [505.725,2097.14]
0.0,0.8393980034321573,17.87852668762207,-0.014949122486065553,1.1878062672640668,0.41793696846855205,0.4029878459824865,0.02483312599360943,2678.0874017475044,0.0959420251513412,0.5560891572546152,2.557158609347272,4.495022839698171,4.0,3.113247766601887,9.691755173531757,22.144746239939305,0.0943156632655301,508,0.4029878459824865,ood:cond:pp:2678.09 outside [505.725,2097.14]
0.0,0.8351018988917835,17.749267578125,-0.015471255119215852,1.1949680003045,0.43577392339468124,0.42030266827546536,0.02581343799829483,2472.0787082257475,0.09851905172179931,0.6676910652644699,2.0017473537946584,4.592755287037423,5.0,2.6694384190591283,7.888378157711417,21.235570253007058,0.07255504356298559,509,0.42030266827546536,ood:cond:pp:2472.08 outside [505.725,2097.14]
0.0,0.8349366411576484,16.982990264892578,-0.015200749246686063,1.191252283750571,0.44512550889612806,0.429924759649442,0.02619239129126072,2387.1391253434153,0.09861778962077364,0.5583725453585643,1.7959171199003618,4.683134251042302,5.0,2.3542896652589262,8.952580603992065,20.724028930286696,0.4016709317050386,510,0.429924759649442,ood:cond:pp:2387.14 outside [505.725,2097.14]
0.0,0.8270067603130938,16.06344985961914,-0.011089301694019544,1.136178347325837,0.43404599513498676,0.4229566934409672,0.026607854291796684,2527.716426490306,0.09050755593177831,0.5385472555180739,2.1236990163458485,4.9043066513818125,5.0,2.662246271863922,8.626730035586538,21.93796139490615,0.32711305866646834,511,0.4229566934409672,ood:cond:pp:2527.72 outside [505.725,2097.14]
