bc_phi_mae,boundary_gamma_uniformity,boundary_operator_proxy_loss,objective_density_ratio,objective_main,objective_total,objective_uniformity,poisson_residual_norm,pp,pp0,series.llcoil,series.min_gap_effective,series.nncoil,series.nncoil_effective,series.pitch_effective,series.rrc,series.rrce,series.zzc,trial,value,warnings
0.0,0.9172942462342452,17.39535140991211,0.44389508701490055,0.7098220129858717,0.7098220129858717,0.3150865042194554,0.024766990914940834,2613.4032236978405,0.01858783911753423,1.7616847326239378,2.701922453385706,3.472319766657085,3.0,4.463607186009644,3.8689553441118316,17.259776902140764,-0.43386151178309085,0,0.7098220129858717,ood:cond:pp:2613.4 outside [505.725,2097.14]
,,,,inf,inf,,,2030.4593406433778,0.07429009780916818,0.24281103847079236,-0.5311259416905607,3.016163655170557,3.0,-0.2883149032197683,10.874625382150741,10.009680672491436,6.970927851998695,1,inf,series.rrce must be > series.rrc
0.0,1.2952130617678448,34.963539123535156,0.27453561523556186,2.083326604158987,2.083326604158987,0.5719473510094013,0.03311771899461746,2581.656995771844,0.006565195331627712,1.7891114768156446,1.2542221588495555,4.437360548180414,4.0,3.0433336356652,0.12467843125682809,12.29801297391763,-3.8560112241568563,2,2.083326604158987,ood:cond:pp:2581.66 outside [505.725,2097.14]
,,,,inf,inf,,,1657.8817493048532,0.05789321806526683,1.4653458267440247,-0.9721208960183976,5.679102720433051,6.0,0.4932249307256272,14.668635723644837,17.6279853079986,-3.3588997659962,3,inf,coil_series_v1 requires non-overlapping coils with min gap; pitch=0.4932249307256272, llcoil=1.4653458267440247, min_gap=0.0
,,,,inf,inf,,,1399.4150508216196,0.08645343964792208,1.176683552832189,-0.593273325108222,5.964262488165591,6.0,0.5834102277239671,10.183839111136113,13.684300477479916,2.563064965665351,4,inf,coil_series_v1 requires non-overlapping coils with min gap; pitch=0.5834102277239671, llcoil=1.176683552832189, min_gap=0.0
0.0,0.731879196910734,9.441136360168457,0.6947803284478996,0.3926762152030185,0.3926762152030185,0.2728237097724313,0.02745608240365982,2152.378114709005,0.05282107151738755,0.9814603206456229,2.029239025539529,4.519672787338006,5.0,3.010699346185152,8.625434826115884,23.678931557041643,1.0491236021547383,5,0.3926762152030185,ood:cond:pp:2152.38 outside [505.725,2097.14]
0.0,1.0801723857438637,14.801521301269531,0.801706504238072,0.4188163809206206,0.4188163809206206,0.33576781666551153,0.027033569291234016,808.034443601717,0.09097447585084681,0.2481971290851599,4.134687949344882,3.2430425155748397,3.0,4.382885078430042,3.0845441056873697,16.233199340977496,2.027691550123828,6,0.4188163809206206,
0.0,0.7497298679786227,10.83996295928955,0.874772256177475,0.22816878920457864,0.22816878920457864,0.19959572652177196,0.02911023236811161,1879.553502435253,0.07232588739955495,1.570470454983828,1.4075231163945283,5.365991992433937,5.0,2.9779935713783563,6.26311268331729,21.15308054020907,0.557710780345384,7,0.22816878920457864,
0.0,1.0247623084776987,16.702848434448242,0.22564364391936756,2.3655196244440413,2.3655196244440413,0.5337644678223273,0.026072129607200623,560.7334536078225,0.02507427280779568,0.43424026073684757,4.538565935533864,2.995279163448616,3.0,4.972806196270711,0.11858043933281959,15.036999028144955,-1.139465711488758,8,2.3655196244440413,
,,,,inf,inf,,,2118.9502136465594,0.08468052867406536,1.363372282960737,-0.5270374868370336,4.526673930189853,5.0,0.8363347961237035,9.355776247209404,13.537450227827922,-3.413974318355657,9,inf,coil_series_v1 requires non-overlapping coils with min gap; pitch=0.8363347961237035, llcoil=1.363372282960737, min_gap=0.0
0.0,0.713623073151403,7.332551002502441,0.8862737784578583,0.43897200228403627,0.43897200228403627,0.3890493751014844,0.025688936933875084,1633.7623996843372,0.07990255896050324,1.8611766681411763,0.0920894285977345,4.797288230171307,5.0,1.9532660967389108,13.14403650711907,22.910366990813625,-2.824244150334195,10,0.43897200228403627,
0.0,1.1769184114320295,21.551105499267578,0.7943528960716967,0.5187790512578887,0.5187790512578887,0.41209364178803104,0.027062537148594856,1607.3658518922393,0.05272894063186174,0.23111445311824036,0.3626654104371296,3.1820182363465275,3.0,0.5937798635553699,6.466829218006404,8.248168808672514,1.3081762379982917,11,0.5187790512578887,
0.0,0.8083011012380116,17.474071502685547,0.12574619244581406,2.9558300073943373,2.9558300073943373,0.3716843689469203,0.02356502041220665,1874.728117691936,0.011667369192050293,0.8978481862736543,0.16251050092872976,5.617143237077062,6.0,1.060358687202384,7.8887445422206035,14.250896665434908,5.214904499903881,12,2.9558300073943373,
,,,,inf,inf,,,1642.203146348665,0.06354123937041328,2.7307826249352547,2.843980144374181,4.17991020021358,4.0,5.5747627693094355,2.835216426343524,25.134267503581267,6.161599426217014,13,inf,coil_series_v1 coil rectangle must stay within chamber bbox; part_id='coil_01' rect=(2.835216426343524, 5.565999051278778, 20.161599426217016, 22.89238205115227)
,,,,inf,inf,,,1549.060287796698,0.06706435660477116,2.647954083755139,-0.8853028993805767,2.6245133302384667,3.0,1.7626511843745625,14.084287002951852,19.37224055607554,1.1836500815072872,14,inf,coil_series_v1 requires non-overlapping coils with min gap; pitch=1.7626511843745625, llcoil=2.647954083755139, min_gap=0.0
0.0,0.8240600179959624,18.729570388793945,1.046499372861188,0.27408838057363044,0.27408838057363044,0.2868333183788429,0.023160995915532112,2810.8752584855924,0.08172155881792739,0.5750127279994905,3.254307929589573,3.65906350251063,4.0,3.8293206575890637,12.164021937622236,27.48130456797849,-3.9106307149790123,15,0.27408838057363044,ood:cond:pp:2810.88 outside [505.725,2097.14]
0.0,0.8402551234511817,14.754672050476074,0.836543156507434,0.25069922360163316,0.25069922360163316,0.20972071984567323,0.028078671544790268,2254.7068149170914,0.053238455421083165,0.41772254497426425,2.2257863286412256,4.077828456303036,4.0,2.64350887361549,8.078437796445925,18.652473290907885,-2.521862883856174,16,0.25069922360163316,ood:cond:pp:2254.71 outside [505.725,2097.14]
0.0,0.7236912567136169,6.695888519287109,0.7468857481119997,0.605793294614481,0.605793294614481,0.45245837804936967,0.024971794337034225,1416.5883777412562,0.07675767182701264,1.1583985257878742,1.5256092816347793,5.435361299687102,5.0,2.6840078074226534,12.63712883526608,26.05716787237935,-0.7655273905381206,17,0.605793294614481,
,,,,inf,inf,,,936.5113284014776,0.003941291758652748,1.3397215531934492,-0.452142079950864,3.8627255791258985,4.0,0.8875794732425852,6.931393971044081,10.481711864014422,-5.435459108459295,18,inf,coil_series_v1 requires non-overlapping coils with min gap; pitch=0.8875794732425852, llcoil=1.3397215531934492, min_gap=0.0
,,,,inf,inf,,,2694.5785692470004,0.040841481463527333,2.6292976051295085,1.0502895296446781,5.331753762829605,5.0,3.6795871347741866,10.343678483505032,28.741614157375963,6.3739333608947355,19,inf,coil_series_v1 coil rectangle must stay within chamber bbox; part_id='coil_01' rect=(10.343678483505032, 12.97297608863454, 20.373933360894736, 23.003230966024244)
,,,,inf,inf,,,2094.677985067169,0.0032763827794618982,1.9947235480590095,-1.3981725346885028,3.9733448188374165,4.0,0.5965510133705068,14.232907528942333,16.61911158242436,3.0148114300890576,20,inf,coil_series_v1 requires non-overlapping coils with min gap; pitch=0.5965510133705068, llcoil=1.9947235480590095, min_gap=0.0
,,,,inf,inf,,,1416.3213764509114,0.05953901528925548,1.4647150265181523,-0.20953946675575907,2.8429949669128614,3.0,1.2551755597623933,5.76559572974985,9.53112240903703,2.107768240816082,21,inf,coil_series_v1 requires non-overlapping coils with min gap; pitch=1.2551755597623933, llcoil=1.4647150265181523, min_gap=0.0
0.0,0.9350842178664661,23.581501007080078,0.9937677572555009,0.2001950037727354,0.2001950037727354,0.19894733991298783,0.021199630573391914,2731.077136741787,0.06064915978236229,0.6762068134463216,2.45548633692069,4.152395295893022,4.0,3.1316931503670116,4.677777360930271,17.204549962398318,-5.967226265196329,22,0.2001950037727354,ood:cond:pp:2731.08 outside [505.725,2097.14]
0.0,0.6849591706958427,12.104787826538086,0.7468406203878605,0.29815507607698044,0.29815507607698044,0.2226743219891218,0.026497695595026016,2897.584780205153,0.05362591052792424,1.8002330082838618,11.600164918966039,2.378842169566693,2.0,13.4003979272499,2.3719028539114584,29.172698708411257,4.996763328796096,23,0.29815507607698044,ood:cond:pp:2897.58 outside [505.725,2097.14]
,,,,inf,inf,,,2185.8494160711266,0.07027735739272253,2.808238642509502,-2.661143138212991,4.7053346789442205,5.0,0.1470955042965109,10.827164905991534,11.562642427474088,-3.0169261241806433,24,inf,coil_series_v1 requires non-overlapping coils with min gap; pitch=0.1470955042965109, llcoil=2.808238642509502, min_gap=0.0
0.0,1.2858732258510273,74.313232421875,0.0024830489799021016,348.1690255550959,348.1690255550959,0.8645207437380896,0.044718705117702484,1052.198358593611,0.007229036286195673,1.3585576920582398,1.9420034131140436,2.183843836293375,2.0,3.3005611051722834,16.350144170136925,22.951266380481492,-1.6639795164741518,25,348.1690255550959,
,,,,inf,inf,,,1165.60652496584,0.0743776014134137,2.7153602405377297,0.14687761916187103,5.979340832408462,6.0,2.8622378596996008,1.51315736563354,18.686584523831144,6.651097306365649,26,inf,coil_series_v1 coil rectangle must stay within chamber bbox; part_id='coil_01' rect=(1.51315736563354, 4.22851760617127, 20.65109730636565, 23.36645754690338)
,,,,inf,inf,,,1970.0884087869122,0.08051717836028333,1.2782890538737424,-1.8628953932152936,5.499396971152436,5.0,-0.5846063393415513,17.36643425873963,14.443402562031874,-1.6598319088025262,27,inf,series.rrce must be > series.rrc
0.0,0.7158047523653478,8.46033000946045,0.9557124058259502,0.29830188152174647,0.29830188152174647,0.28509080885155585,0.026373397558927536,1549.5837479963316,0.09619628381130624,0.38788593405980315,3.6239076548151474,4.427409239473931,4.0,4.0117935888749505,10.355324969458042,26.402499324957844,-4.972766912655917,28,0.29830188152174647,
0.0,0.701442245486605,7.377514839172363,0.5640352976833416,0.5810964712895453,0.5810964712895453,0.3277589211665381,0.02488032542169094,902.3065980674128,0.07960451267572244,2.8468346712558645,1.0967460209771067,4.157404560509704,4.0,3.9435806922329713,9.27055210488868,25.044874873820564,-3.408312027046337,29,0.5810964712895453,
0.0,1.0547956553767812,37.0445556640625,0.16841465069613415,2.760761624140308,2.760761624140308,0.46495270458488197,0.032040562480688095,2569.069838234488,0.0054006705563036245,1.9615154830304211,0.9077818052362299,5.3682268329057585,5.0,2.869297288266651,2.3068769545060457,16.6533633958393,-2.4449263785932867,30,2.760761624140308,ood:cond:pp:2569.07 outside [505.725,2097.14]
0.0,0.9653533689220865,20.039302825927734,0.4747705785185661,0.6781635858628468,0.6781635858628468,0.321972117990329,0.02420651912689209,2442.47074830455,0.02032761044410081,1.3180895526290684,2.759051664629249,4.333446869858106,4.0,4.077141217258317,0.7013384704416823,17.009903339474953,-3.711390516337301,31,0.6781635858628468,ood:cond:pp:2442.47 outside [505.725,2097.14]
0.0,1.0033534196619414,17.628103256225586,0.22834358558495643,2.1564118591744292,2.1564118591744292,0.4924028159218113,0.02733718231320381,1174.1893625063803,0.019467579995322424,1.292168373582713,3.091356953341102,2.1587493300144085,2.0,4.383525326923815,4.408299111264661,13.17534976511229,2.818387803877565,32,2.1564118591744292,
0.0,0.7686030992679491,10.976189613342285,0.6766052350891074,0.34056273254355485,0.34056273254355485,0.23042652771522074,0.027823640033602715,2222.221361384709,0.042669117657580066,0.4993530221812489,2.263976333219286,4.112451660789869,4.0,2.763329355400535,9.362223254531445,20.415540676133585,-1.065385863775,33,0.34056273254355485,ood:cond:pp:2222.22 outside [505.725,2097.14]
0.0,1.4835563050996212,114.73883056640625,0.005249926817819833,179.28449826933712,179.28449826933712,0.9412304954835664,0.0594470240175724,1178.3324278795026,0.004806158688145246,0.5639244075714683,2.4245181242102074,2.5611649250358663,3.0,2.9884425317816756,5.554054061065283,14.51938165641031,-0.393894421096288,34,179.28449826933712,
0.0,0.888066943440536,20.34592628479004,1.1352990943958194,0.30365246451486994,0.30365246451486994,0.3447363679747905,0.02252914197742939,2662.3242788134276,0.09201340612327723,1.2932644980997179,0.535080178238658,4.261492526392997,4.0,1.828344676338376,16.867779674289995,24.1811583796435,-5.3802043906872905,35,0.30365246451486994,ood:cond:pp:2662.32 outside [505.725,2097.14]
0.0,0.7170742181876025,9.596790313720703,0.7218096893645464,0.2887528689375796,0.2887528689375796,0.2084246186309559,0.02894604578614235,1563.8360254583322,0.07780703777558909,1.3054825372085241,2.4653356273763345,5.7508511843142145,6.0,3.7708181645848584,4.001466007940091,26.626374995449243,2.6953278632646533,36,0.2887528689375796,
0.0,0.7783492991931179,9.077981948852539,0.491569763982653,0.5681032069901218,0.5681032069901218,0.2792623593779225,0.028077982366085052,2173.0373887361648,0.03464725079261953,1.0651397389610886,0.04391482092055332,3.7165323569381687,4.0,1.109054559881642,12.441239635363196,16.877457874889764,6.456378485631172,37,0.5681032069901218,ood:cond:pp:2173.04 outside [505.725,2097.14]
,,,,inf,inf,,,1985.1213064929766,0.04545995951097923,1.973751289694571,-2.3318615793880455,2.5185062440360753,3.0,-0.35811028969347447,12.641527810907785,11.567196941827362,4.657499548659285,38,inf,series.rrce must be > series.rrc
0.0,0.7206848648511128,8.378674507141113,0.36184371592864956,0.514131676429169,0.514131676429169,0.18603531627575662,0.023531530052423477,636.6097377269323,0.06795931390020961,2.3187840998557454,5.69249700189237,2.8023060579560104,3.0,8.011281101748116,2.150915035545773,26.18475834079012,-2.23418750361834,39,0.514131676429169,
0.0,0.8257120729891755,11.528024673461914,0.528190359404608,0.4119027923494746,0.4119027923494746,0.2175630839308306,0.02791515178978443,1760.1285774956282,0.03529156151330269,0.658068803560323,1.6411390194533169,5.803848213692808,6.0,2.29920782301364,5.6125089354568045,19.407755873538644,-1.2437244821066695,40,0.4119027923494746,
,,,,inf,inf,,,2554.1025120172717,0.08148244510557992,2.630053987657282,-3.6336168582491335,3.158626634542442,3.0,-1.0035628705918516,11.277380819098779,8.266692207323224,-2.386293699962441,41,inf,series.rrce must be > series.rrc
,,,,inf,inf,,,1804.342115234564,0.03523088457569867,2.962803484481847,-3.62350140513843,4.6325393840271945,5.0,-0.6606979206565828,16.60187362526664,13.298384021983727,2.243103723976507,42,inf,series.rrce must be > series.rrc
0.0,0.6755627590136467,8.420557022094727,0.5923965767174887,0.42080968564539684,0.42080968564539684,0.24928621722589564,0.026031868532299995,1449.784316481463,0.06807979566764327,2.283765890775458,2.532812350727926,4.876877916676373,5.0,4.816578241503384,4.950740937683718,29.03363214520064,-1.0944043129241185,43,0.42080968564539684,
,,,,inf,inf,,,1959.7538630896597,0.09426405979105104,2.40807932293928,-2.055598071727854,2.699412330543017,3.0,0.3524812512114259,14.325836183835232,15.38327993746951,-1.8714024137180463,44,inf,coil_series_v1 requires non-overlapping coils with min gap; pitch=0.3524812512114259, llcoil=2.40807932293928, min_gap=0.0
,,,,inf,inf,,,1437.8315468110447,0.043793018206019683,2.687182216596489,-0.5894581886981811,4.4052132762582294,4.0,2.097724027898308,5.852014958003444,14.242911069596676,5.634423547860543,45,inf,coil_series_v1 requires non-overlapping coils with min gap; pitch=2.097724027898308, llcoil=2.687182216596489, min_gap=0.0
,,,,inf,inf,,,598.7252164591849,0.014698315427255755,2.821650095966074,-0.974907393780575,4.7917311717555675,5.0,1.8467427021854992,12.42620801568352,21.659921526611015,-4.89537223124124,46,inf,coil_series_v1 requires non-overlapping coils with min gap; pitch=1.8467427021854992, llcoil=2.821650095966074, min_gap=0.0
,,,,inf,inf,,,1418.048142043364,0.03757907902946794,1.3396206753553366,-2.529028899348108,3.7426225939766242,4.0,-1.1894082239927712,12.759067337541447,8.001434441570362,1.6404952434537288,47,inf,series.rrce must be > series.rrc
0.0,1.0341399240447458,22.682384490966797,1.0541435801618264,0.22627249047495396,0.22627249047495396,0.23852369320140074,0.023150384426116943,2319.252215838167,0.0745891075244998,0.40086858124587066,6.7815881400673215,2.4852509220147296,2.0,7.1824567213131925,2.2530716227016994,16.617985065328085,-2.248343210308698,48,0.22627249047495396,ood:cond:pp:2319.25 outside [505.725,2097.14]
0.0,0.9170486500420709,13.524700164794922,0.34242136770427267,0.824086560156579,0.824086560156579,0.28218484703552515,0.028754262253642082,1279.9911962601027,0.029666442116249254,0.8547135143836819,1.9585138559672444,4.340285910885897,4.0,2.8132273703509263,6.161346908394479,17.414256389798183,-1.095798023024515,49,0.824086560156579,
0.0,0.7898028181146745,12.780510902404785,0.756892918478197,0.2573704814026242,0.2573704814026242,0.19480189479897073,0.030829070135951042,2429.816807615612,0.057767891910416765,1.9741741787621658,2.280876325946327,4.499090453766258,4.0,4.2550505047084926,4.7815430451960115,21.80174506402998,4.498377733631145,50,0.2573704814026242,ood:cond:pp:2429.82 outside [505.725,2097.14]
0.0,0.7491701881450388,6.867471694946289,0.3061832850161065,1.346500910291756,1.346500910291756,0.4122760719903076,0.025073381140828133,1523.4293234555294,0.035809747537898076,1.4551756919289338,2.134438314046822,3.064942369828896,3.0,3.589614005975756,13.693270362035284,24.46211237996255,6.124028275634512,51,1.346500910291756,
0.0,0.7774251890004443,10.452997207641602,0.6549841783109526,0.2890324503372536,0.2890324503372536,0.18931168198934725,0.025636805221438408,1217.522058390583,0.06305462492527154,1.7500905214011977,10.386992338185484,2.171684188812743,2.0,12.137082859586682,1.0782333453309396,25.352399064504304,-4.1605631156349645,52,0.2890324503372536,
0.0,0.7700162442238938,12.356392860412598,0.7572649295874201,0.27335441452412845,0.27335441452412845,0.2070017114670246,0.02624877355992794,2095.242434902675,0.053104252400640595,2.27516268458035,2.7683863728922913,2.4740868878014743,2.0,5.043549057472641,11.127151378221876,21.21424949316716,-4.930742514219007,53,0.27335441452412845,
,,,,inf,inf,,,2919.634276978957,0.0156507459845033,2.913617015901571,6.546852962639673,2.0060670144240413,2.0,9.460469978541244,3.3061036799681465,22.227043637050635,5.657744517293869,54,inf,coil_series_v1 coil rectangle must stay within chamber bbox; part_id='coil_01' rect=(3.3061036799681465, 6.219720695869718, 19.65774451729387, 22.571361533195443)
0.0,0.7702026018774908,12.551499366760254,0.7127827139748272,0.7886549796023775,0.7886549796023775,0.5621396367507446,0.02129247970879078,2874.149660406237,0.0411582513094149,0.5079892971781261,2.5056327382293535,4.668392737563925,5.0,3.0136220354074794,16.287025079958156,31.355135256995553,-2.3741664132022136,55,0.7886549796023775,ood:cond:pp:2874.15 outside [505.725,2097.14]
0.0,0.7701812929766159,8.149380683898926,0.15559896227042652,2.451580783250571,2.451580783250571,0.3814634257959083,0.02179763652384281,570.390334404819,0.0501049299822792,2.8042498292570843,2.8685260689936247,4.4762308877212185,4.0,5.672775898250709,9.18846910845421,31.879572701457047,-2.8989901793779294,56,2.451580783250571,
0.0,0.7139593185935038,6.93707275390625,0.231153257847786,1.559759803081793,1.559759803081793,0.36054355994237763,0.02205868437886238,778.4877579693596,0.04909565078618806,2.725579796829789,4.159322881616102,2.9808779593174632,3.0,6.884902678445891,10.080568277082872,30.735276312420545,-4.527257384978286,57,1.559759803081793,
0.0,0.9127112677622202,11.788795471191406,0.39101989501886814,1.0767806759485208,1.0767806759485208,0.4210426668677365,0.019633673131465912,2870.7732285425604,0.015987862576475022,0.38805750599406535,1.2246847096441782,3.5052255647825903,4.0,1.6127422156382436,15.144664928197079,21.595633790750053,-5.51248189632792,58,1.0767806759485208,ood:cond:pp:2870.77 outside [505.725,2097.14]
0.0,0.6426631593349842,9.022685050964355,0.21829335205548656,1.6209668329156022,1.6209668329156022,0.3538462835279126,0.018480950966477394,1951.0037488735848,0.017542492945724426,0.7278443652715609,2.3346992534516513,5.17206619491473,5.0,3.062543618723212,10.5683706500423,25.88108874365836,-5.361948519843166,59,1.6209668329156022,
,,,,inf,inf,,,1055.8688569509873,0.0984786031597667,2.819482621528586,-0.8707384214924345,3.9170436972281224,4.0,1.9487442000361517,15.743912373099885,23.538889173244492,6.056143002823273,60,inf,coil_series_v1 requires non-overlapping coils with min gap; pitch=1.9487442000361517, llcoil=2.819482621528586, min_gap=0.0
0.0,0.8226598652587966,11.803749084472656,0.8031765366006326,0.25625886101386414,0.25625886101386414,0.20582110446233828,0.027994854375720024,1800.379029536044,0.06346564498376017,1.6311243954521255,3.3280333122565318,2.252941393235084,2.0,4.959157707708657,10.140763683173926,20.05907909859124,-0.20343767443725724,61,0.25625886101386414,
,,,,inf,inf,,,1087.2907952686314,0.05248561107240578,2.6168074388127107,3.0159598192475703,3.692491377391905,4.0,5.632767258060281,1.0387148658561862,23.56978389809731,5.546886358253074,62,inf,coil_series_v1 coil rectangle must stay within chamber bbox; part_id='coil_01' rect=(1.0387148658561862, 3.6555223046688967, 19.546886358253076, 22.163693797065786)
,,,,inf,inf,,,1643.364492194405,0.04093672884518461,1.6690453260838798,-2.1433408972998533,2.8285889796789525,3.0,-0.47429557121597377,17.197289578914816,15.774402865266895,3.156691239183804,63,inf,series.rrce must be > series.rrc
0.0,0.9725852087700612,18.230167388916016,1.0524694976575526,0.18773533805858547,0.18773533805858547,0.19758571693909027,0.029256945475935936,1728.1570498788205,0.08612187094073738,2.7077480106962057,0.9450322271229123,4.241551336658793,4.0,3.652780237819118,2.7862715460566507,17.397392497333122,-3.1731560707452315,64,0.18773533805858547,
0.0,0.6992883163941596,8.476625442504883,0.3224509192107746,0.6977640281527641,0.6977640281527641,0.2249946522700716,0.02402610145509243,1589.7904848181247,0.028752076461565145,0.4701263374068478,3.01183164538247,4.733028583347242,5.0,3.481957982789318,7.758214567164741,25.168004481111332,-5.317099187421821,65,0.6977640281527641,
,,,,inf,inf,,,2470.5978894993664,0.09237834375030432,0.3499953522739833,-1.3232535329874264,4.837698227941646,5.0,-0.973258180713443,15.451529940260109,10.585239036692894,-5.943538527380341,66,inf,series.rrce must be > series.rrc
0.0,0.743651420493222,6.095340728759766,0.283778377876803,1.763758587529406,1.763758587529406,0.5005165509353761,0.022244155406951904,1069.5503118629247,0.046436917754406434,1.3009298873950765,2.369288249147525,2.176134211169423,2.0,3.6702181365426014,17.656747983186676,24.99718425627188,6.336870281191063,67,1.763758587529406,
0.0,0.7555266559957032,6.785360813140869,0.7062553853338668,0.5897280325898157,0.5897280325898157,0.4164985988989034,0.02218608744442463,1562.8702118650713,0.06963880585905788,1.3392689042203714,5.903346504647861,2.484855898657101,2.0,7.242615408868232,17.190481071574617,31.67571188931108,-5.723165201866272,68,0.5897280325898157,
0.0,1.0442139773430907,22.470966339111328,0.8050645531285641,0.30253173454555515,0.30253173454555515,0.24355757567912673,0.03067060001194477,2496.9443877005215,0.04999348058560043,0.7092267285147082,1.0465981291430175,5.74724897225618,6.0,1.7558248576577258,5.334870752443264,15.869819898389618,6.671972788461689,69,0.30253173454555515,ood:cond:pp:2496.94 outside [505.725,2097.14]
0.0,0.7741242097127458,9.33449935913086,1.008065182640808,0.23148891040470448,0.23148891040470448,0.23335591074644008,0.02820577472448349,1493.4417437102325,0.0963587459065539,0.20178282424592806,3.6278882677419273,2.5361657746611903,3.0,3.8296710919878554,10.240993940878786,21.730007216842353,0.6499249632333388,70,0.23148891040470448,
0.0,1.0489718418607226,24.401369094848633,1.012725498002968,0.24565824929702484,0.24565824929702484,0.24878437285786675,0.022277062758803368,2451.0628580067046,0.06489060053840089,1.5492789029151224,3.2552385988938894,2.8894864399063556,3.0,4.804517501809012,0.9636020449812241,15.37715455040826,-4.157324602047786,71,0.24565824929702484,ood:cond:pp:2451.06 outside [505.725,2097.14]
0.0,0.7142545001098257,9.120168685913086,0.7936092640064849,0.3326802672617482,0.3326802672617482,0.2640181420510767,0.027355756610631943,2077.9144621195096,0.07867774598985838,2.4016966124205656,2.5101880017129985,5.249919354943655,5.0,4.911884614133564,6.589915031869303,31.149338102537122,1.7029384320815595,72,0.3326802672617482,
,,,,inf,inf,,,2532.0224202654745,0.09766444076164106,2.2243335838809197,0.14739545812283117,5.0849921427638485,5.0,2.371729042003751,14.404109961145664,26.262755171164418,6.07345625087734,73,inf,coil_series_v1 coil rectangle must stay within chamber bbox; part_id='coil_01' rect=(14.404109961145664, 16.628443545026585, 20.073456250877342, 22.297789834758262)
0.0,0.6968802789725737,8.493891716003418,0.45585822559739453,0.4938720257038054,0.4938720257038054,0.22513562530952755,0.026097765192389488,1261.6822995837747,0.058244081774906475,1.1628801559205413,4.801993768126989,4.451951899347149,4.0,5.96487392404753,4.883841569159156,28.743337265349275,-0.026155223748954626,74,0.4938720257038054,
0.0,0.7479724310421119,14.135405540466309,0.6792595775953985,0.3666434115674512,0.3666434115674512,0.24904604886944273,0.024080704897642136,2974.9647716809623,0.031202225218144173,2.378423010039711,0.3207676694873385,3.3945119332476072,3.0,2.6991906795270495,11.100021345508654,19.197593384089803,-4.639682349007904,75,0.3666434115674512,ood:cond:pp:2974.96 outside [505.725,2097.14]
0.0,0.9323970503148759,18.887144088745117,1.0294519524015655,0.17621927702878484,0.17621927702878484,0.1814092787880749,0.029150675982236862,2195.1763531152787,0.0949849644581191,0.8821699420523295,10.886400643508944,2.4467538258231505,2.0,11.768570585561273,1.2342225191023088,24.771363690224856,6.562209377484322,76,0.17621927702878484,ood:cond:pp:2195.18 outside [505.725,2097.14]
,,,,inf,inf,,,796.5158083961467,0.02026741943299154,2.4132846656775255,-0.40110295394017736,3.578551814192455,4.0,2.012181711737348,16.423341847136488,24.47206869408588,4.120575306809455,77,inf,coil_series_v1 requires non-overlapping coils with min gap; pitch=2.012181711737348, llcoil=2.4132846656775255, min_gap=0.0
0.0,0.7270713600147093,11.413138389587402,0.7674000702145771,0.5015079251097161,0.5015079251097161,0.384857216942363,0.02304467372596264,2853.5337234964595,0.0416721575271249,0.5164299213644086,0.8382597417596294,2.599272647058941,3.0,1.354689663124038,16.709400141269583,20.773469130641697,-3.1355857130884095,78,0.5015079251097161,ood:cond:pp:2853.53 outside [505.725,2097.14]
0.0,1.052931472802709,21.101806640625,0.5236101880193955,0.6362651149407043,0.6362651149407043,0.3331548964642845,0.022834571078419685,2991.0382984813346,0.018762047751535876,0.512055024252414,5.306282956409772,2.7387031003811857,3.0,5.818337980662187,0.8053230255491193,18.26033696753568,-1.413213348570653,79,0.6362651149407043,ood:cond:pp:2991.04 outside [505.725,2097.14]
0.0,0.6441552989182444,9.780231475830078,0.35039086526428687,0.6980217855095558,0.6980217855095558,0.24458045739801573,0.01894623413681984,2607.532274765331,0.019788816065955925,0.6530759632099099,4.5759245781664735,4.493618749392378,4.0,5.229000541376384,6.865996965897431,27.781999131402966,-4.771808890030553,80,0.6980217855095558,ood:cond:pp:2607.53 outside [505.725,2097.14]
0.0,0.7165959172541363,7.368556022644043,0.23632953460636433,1.0562358295958982,1.0562358295958982,0.24961972204296579,0.022443588823080063,645.1708828332754,0.054586041829432275,1.192502357887976,3.9322572170181846,3.6692207954172034,4.0,5.124759574906161,6.812904414661649,27.311942714286292,-2.197823758622702,81,1.0562358295958982,
0.0,1.1442644323391877,26.770734786987305,0.6321076734492855,0.7324944228978951,0.7324944228978951,0.46301534547256556,0.02505193091928959,2992.745742594704,0.023577684620473494,0.9134939476350077,1.219708188316369,3.278176954800117,3.0,2.1332021359513766,2.949087757422374,9.348694165276504,3.941033741068358,82,0.7324944228978951,ood:cond:pp:2992.75 outside [505.725,2097.14]
,,,,inf,inf,,,2537.3122600155766,0.005940766957302257,0.8224145469273609,-0.12707889516713144,4.759403132177249,5.0,0.6953356517602295,5.7336861911052885,9.210364449906436,1.4111080542047008,83,inf,coil_series_v1 requires non-overlapping coils with min gap; pitch=0.6953356517602295, llcoil=0.8224145469273609, min_gap=0.0
,,,,inf,inf,,,2961.2199586487563,0.01950760972431124,2.131319952788919,-2.9982560026161558,4.535893447608769,5.0,-0.8669360498272372,15.510433809809467,11.17575356067328,1.6403514953545564,84,inf,series.rrce must be > series.rrc
0.0,0.7180917464765025,5.905399322509766,0.47534894817614093,1.1018453754093431,1.1018453754093431,0.5237610402535764,0.021808156743645668,1007.3373381533136,0.06248831909102683,0.6810352766295091,3.342322279201884,3.070883150772051,3.0,4.023357555831393,15.858956984460988,27.92902965195517,-3.5718203507301407,85,1.1018453754093431,
0.0,0.7882552018835213,8.60788631439209,0.7402908579359087,0.6995111687869707,0.6995111687869707,0.5178417232770568,0.023936016485095024,1916.1215815908527,0.0617972816746544,0.995894093432661,2.0606711012850227,4.333363218781589,4.0,3.0565651947176837,16.5318763016427,28.758137080513436,-1.9537482547649754,86,0.6995111687869707,
,,,,inf,inf,,,1126.5105174799617,0.08070353311112775,2.560530873311956,-1.0318370797556107,5.22287432255701,5.0,1.5286937935563454,9.21630783110947,16.859776798891197,2.508784360781739,87,inf,coil_series_v1 requires non-overlapping coils with min gap; pitch=1.5286937935563454, llcoil=2.560530873311956, min_gap=0.0
0.0,0.7216078948122033,8.125079154968262,0.23358113265775698,0.9775916504030548,0.9775916504030548,0.22834696497791154,0.026908665895462036,1326.5917266202143,0.0332567186234895,2.8327323153103507,1.3993096330359047,5.941873123800034,6.0,4.2320419483462555,3.23883296230293,28.631084652380462,-0.599709910874747,88,0.9775916504030548,
0.0,0.7833062960751793,9.776140213012695,0.9782708707758516,0.2691846263720681,0.2691846263720681,0.2633354788404753,0.02968662604689598,1693.4526439962533,0.08833633743292274,1.155417073873908,0.7542724106816905,3.8354657799945224,4.0,1.9096894845555985,11.451925484497387,19.09068342271978,2.9599869777949657,89,0.2691846263720681,
,,,,inf,inf,,,2474.969657747033,0.0541522159757687,2.0635648652215184,-0.7659196604541585,3.284022488643566,3.0,1.29764520476736,6.373794666971189,10.266730281273269,-1.6105946176196566,90,inf,coil_series_v1 requires non-overlapping coils with min gap; pitch=1.29764520476736, llcoil=2.0635648652215184, min_gap=0.0
0.0,1.0321766699379844,18.046085357666016,0.5485791822167115,0.6681101523094247,0.6681101523094247,0.36651132098458683,0.028319260105490685,2121.4308010504446,0.02826089221283244,2.4658961666990287,0.45570819406813,2.1786079094693487,2.0,2.9216043607671587,6.423351918437369,12.266560639971686,0.3517602183487778,91,0.6681101523094247,ood:cond:pp:2121.43 outside [505.725,2097.14]
0.0,0.6872130235846965,7.054014205932617,0.9493968003403177,0.23666100526214115,0.23666100526214115,0.2246852011611999,0.027536742389202118,1966.9279037631272,0.09288991454098428,2.6678655349857716,5.110528285580484,3.3823534774114483,3.0,7.778393820566255,5.95854873498495,29.29373019668372,-0.6718552111992651,92,0.23666100526214115,
0.0,0.6644307258897947,9.938698768615723,0.22393748756792975,1.4788059706049437,1.4788059706049437,0.33116009365772486,0.021767348051071167,2232.3398086527513,0.01898053702653781,1.3459215015920512,6.612418604229571,2.601051982358095,3.0,7.958340105821622,7.934080590599704,31.80910090806457,0.7208263743540559,93,1.4788059706049437,ood:cond:pp:2232.34 outside [505.725,2097.14]
0.0,0.6308666460742689,8.716483116149902,0.12067546839358892,4.295491419078403,4.295491419078403,0.5183604389779283,0.017454776912927628,2364.3893299998554,0.010927329096026131,0.9220050486096658,3.265014915937922,4.346004189344578,4.0,4.187019964547588,14.628749437085165,31.376829295275517,2.369409790476073,94,4.295491419078403,ood:cond:pp:2364.39 outside [505.725,2097.14]
,,,,inf,inf,,,2446.3559199351375,0.022191133952888284,2.1715069684613155,-1.4446531432776417,4.624354779733643,5.0,0.7268538251836738,8.313475575381677,11.947744701300046,4.826631986189845,95,inf,coil_series_v1 requires non-overlapping coils with min gap; pitch=0.7268538251836738, llcoil=2.1715069684613155, min_gap=0.0
,,,,inf,inf,,,1981.8275764761052,0.005998531749168862,1.121120053945122,-1.4454862300041176,3.348264834333366,3.0,-0.3243661760589956,12.090264125980418,11.117165597803432,4.193569268639289,96,inf,series.rrce must be > series.rrc
,,,,inf,inf,,,615.6723319892259,0.01292394476271776,2.1845352706358883,-1.6493522684442183,3.753883586628854,4.0,0.5351830021916699,12.44221351088849,14.58294551965517,-5.009314850176578,97,inf,coil_series_v1 requires non-overlapping coils with min gap; pitch=0.5351830021916699, llcoil=2.1845352706358883, min_gap=0.0
0.0,0.6489392382093175,9.10974407196045,0.44272407459391716,0.6588117478285327,0.6588117478285327,0.29167182138898823,0.02467142418026924,2695.233925621074,0.03228263185187936,2.511684258781359,2.0198834375152934,4.840276331910882,5.0,4.531567696296652,4.779735416427746,27.437573897911005,4.590741508849025,98,0.6588117478285327,ood:cond:pp:2695.23 outside [505.725,2097.14]
0.0,0.746202058527863,9.393927574157715,0.8846591943218659,0.29334377760603997,0.29334377760603997,0.2595092699562919,0.029540354385972023,1812.6396474865137,0.08483955092072386,0.4228914576960856,2.4688770789808885,5.0561108398639085,5.0,2.8917685366769743,8.757529386241005,23.216372069625876,4.635771107839355,99,0.29334377760603997,
,,,,inf,inf,,,1330.0141604048667,0.09219677050595498,2.76130021597562,-1.795071307376761,4.053193325076397,4.0,0.9662289085988589,12.80057368901826,16.665489323413695,-5.233529638668946,100,inf,coil_series_v1 requires non-overlapping coils with min gap; pitch=0.9662289085988589, llcoil=2.76130021597562, min_gap=0.0
0.0,0.6829943507664072,10.707544326782227,0.41925242348558606,0.48070309083582147,0.48070309083582147,0.20153593580992996,0.02310921996831894,2530.8920994723944,0.025465176737640944,2.3145584219754096,6.270030504073613,3.4191523313740664,3.0,8.584588926049022,2.522049051466304,28.27581582961337,-3.3386228477406457,101,0.48070309083582147,ood:cond:pp:2530.89 outside [505.725,2097.14]
,,,,inf,inf,,,2603.782243191799,0.01484628569323199,1.8020794112293965,-0.9787481832524595,5.678486255336585,6.0,0.823331227976937,3.958249748188255,8.898237116049877,-1.6511621263590381,102,inf,coil_series_v1 requires non-overlapping coils with min gap; pitch=0.823331227976937, llcoil=1.8020794112293965, min_gap=0.0
0.0,0.6984733475744678,10.644294738769531,0.18131414078536415,1.1316355071899236,1.1316355071899236,0.20518151966835077,0.024349583312869072,2040.279269935891,0.01844391885828332,1.2957345468873644,3.7107517825111263,4.7471231484817356,5.0,5.0064863293984905,2.01726447866812,27.049696125660574,1.6513608609337442,103,1.1316355071899236,
0.0,0.8812725291257869,19.145523071289062,1.0969351967832126,0.18401302682276952,0.18401302682276952,0.20185036578850926,0.027078906074166298,2547.8861826705233,0.08389692997950936,0.37763342495197677,2.2268335309273457,5.1537296366972924,5.0,2.6044669558793223,7.040647610741902,20.062982390138515,1.5925943790218398,104,0.18401302682276952,ood:cond:pp:2547.89 outside [505.725,2097.14]
,,,,inf,inf,,,2366.4644418231755,0.05846547877520441,1.3162871121533433,-2.7752356209087248,3.3129739812204946,3.0,-1.4589485087553815,15.359007973989028,10.982162447722883,-1.5124514199227628,105,inf,series.rrce must be > series.rrc
0.0,0.9399243814613826,19.9371280670166,0.17922727615884776,3.2097743740472557,3.2097743740472557,0.5752791181449602,0.02638799138367176,1287.7226700857098,0.013511665308615514,0.559417647626522,0.35838799133394084,5.954421239154451,6.0,0.9178056389604629,5.048200190879904,10.555034024642682,2.919689446185396,106,3.2097743740472557,
0.0,1.1078044420967947,24.19874382019043,0.9957756158520039,0.2812138751335373,0.2812138751335373,0.2800259196972266,0.026541544124484062,2240.5876780928634,0.05784225172183069,0.420054334070278,1.7604252811123322,5.973878677266747,6.0,2.1804796151826102,1.393157781624379,14.476035472720039,-0.15967892430352482,107,0.2812138751335373,ood:cond:pp:2240.59 outside [505.725,2097.14]
0.0,0.7295510006567382,7.065218448638916,0.5581991254975348,0.8807104281200291,0.8807104281200291,0.49161179079315975,0.025257373228669167,1190.6824856084197,0.06644411842498793,1.5877702097653463,0.08927022392092732,4.802459085814263,5.0,1.6770404336862736,14.190127034740607,22.575329203171975,2.156726382716462,108,0.8807104281200291,
,,,,inf,inf,,,1249.8339314709235,0.009797160066370764,2.722603219444372,-0.18713955865729792,4.097798829580707,4.0,2.535463660787074,2.690400980002237,12.832255623150534,-2.416749428913148,109,inf,coil_series_v1 requires non-overlapping coils with min gap; pitch=2.535463660787074, llcoil=2.722603219444372, min_gap=0.0
,,,,inf,inf,,,2556.1498611553,0.07104540517168606,2.3498982439878713,-1.0919932095684668,5.254460015391661,5.0,1.2579050344194045,16.013375736175252,22.302900908272274,0.48770615177015664,110,inf,coil_series_v1 requires non-overlapping coils with min gap; pitch=1.2579050344194045, llcoil=2.3498982439878713, min_gap=0.0
0.0,0.835266938917255,11.351679801940918,0.7557783157123876,0.2759167472571998,0.2759167472571998,0.208531894518887,0.028269078582525253,1296.3816370310174,0.07537628668398458,0.43661001587575676,6.336502259528672,2.906528441254379,3.0,6.773112275404428,1.9505458801862265,22.26988270639951,1.9496059389268057,111,0.2759167472571998,
0.0,0.8157724781656892,18.34762954711914,0.7215119374209817,0.35157410775664627,0.35157410775664627,0.25366491563455085,0.022187529131770134,2983.5754749823227,0.032800672177568116,0.7866143947519373,0.5513503801484507,3.142704586987685,3.0,1.337964774900388,13.083507512554638,17.097401837255802,-5.743798023927029,112,0.35157410775664627,ood:cond:pp:2983.58 outside [505.725,2097.14]
,,,,inf,inf,,,922.1804983480886,0.019604044083693862,2.6469724151467298,-0.9125042126570257,5.941379187673368,6.0,1.734468202489704,8.783149561470562,19.189958776408787,2.7210356902408304,113,inf,coil_series_v1 requires non-overlapping coils with min gap; pitch=1.734468202489704, llcoil=2.6469724151467298, min_gap=0.0
,,,,inf,inf,,,2571.698462167922,0.06736684761769934,1.4786549307337056,-0.049020496390635326,5.67741081824639,6.0,1.4296344343430702,7.062127963702528,15.63993456976095,-5.823222045351682,114,inf,coil_series_v1 requires non-overlapping coils with min gap; pitch=1.4296344343430702, llcoil=1.4786549307337056, min_gap=0.0
,,,,inf,inf,,,1301.4735089182832,0.017938770838570532,2.1319078545199948,5.504999806110941,2.52890002348117,3.0,7.6369076606309365,3.2961395410556324,26.20686252294844,6.203758972076114,115,inf,coil_series_v1 coil rectangle must stay within chamber bbox; part_id='coil_01' rect=(3.2961395410556324, 5.428047395575627, 20.203758972076116, 22.33566682659611)
,,,,inf,inf,,,1359.4004251822766,0.05091015623219561,2.246618436020498,3.615575497315684,2.893768420674116,3.0,5.862193933336182,7.070264887108781,24.656846687117326,5.783021721729574,116,inf,coil_series_v1 coil rectangle must stay within chamber bbox; part_id='coil_01' rect=(7.070264887108781, 9.316883323129279, 19.783021721729575, 22.029640157750073)
,,,,inf,inf,,,2488.554884617809,0.09658885003412557,1.3608470592310098,-4.336887288260965,2.733097909265813,3.0,-2.9760402290299552,17.974612571815303,9.046491884725437,-1.5460596140143306,117,inf,series.rrce must be > series.rrc
0.0,0.7471658417321057,7.3404154777526855,0.1934150684852229,1.792967718705154,1.792967718705154,0.34678697410515125,0.02286558784544468,581.4631972487591,0.04856775645516779,1.9821027487536074,0.8618839252680544,5.458687605730823,5.0,2.8439866740216617,9.355263611297637,23.575196981405945,-0.8389316212132494,118,1.792967718705154,
,,,,inf,inf,,,2088.1915868806645,0.06498920545491693,2.5403720373596057,-0.9889836339113112,2.345268949125926,2.0,1.5513884034482945,7.149791554689358,10.252568361585947,-1.869294828385236,119,inf,coil_series_v1 requires non-overlapping coils with min gap; pitch=1.5513884034482945, llcoil=2.5403720373596057, min_gap=0.0
,,,,inf,inf,,,857.3177482011567,0.03488685790858064,1.9580809286490248,-0.9233918993907324,4.8307058770894615,5.0,1.0346890292582924,8.76202581399049,13.935470960281952,-1.8811047216462722,120,inf,coil_series_v1 requires non-overlapping coils with min gap; pitch=1.0346890292582924, llcoil=1.9580809286490248, min_gap=0.0
0.0,1.0179643526025495,14.459492683410645,0.5795426532747869,0.6527483278464504,0.6527483278464504,0.37829549784081234,0.024110309779644012,651.3643723907172,0.059024416497129244,0.9573747164910309,1.1576846599593067,4.680154042316309,5.0,2.1150593764503376,3.453517849943606,14.028814732195293,-5.898650521913339,121,0.6527483278464504,
,,,,inf,inf,,,2309.2121460143594,0.07547195676248294,2.2433827307891447,-0.78621373389742,4.918042807141493,5.0,1.4571689968917247,4.775606370215344,12.061451354673968,4.972656074047775,122,inf,coil_series_v1 requires non-overlapping coils with min gap; pitch=1.4571689968917247, llcoil=2.2433827307891447, min_gap=0.0
,,,,inf,inf,,,2477.389351142141,0.05764488700063724,2.661016679578442,-3.06478477664486,5.956485583811441,6.0,-0.40376809706641775,11.10279772501227,8.680189142613763,2.1580628329457294,123,inf,series.rrce must be > series.rrc
,,,,inf,inf,,,661.0474912922517,0.012095813707936248,2.3436941826117534,-1.79025448267538,4.65586617186095,5.0,0.5534396999363735,16.669494403292116,19.436692902973984,-2.8124869635610033,124,inf,coil_series_v1 requires non-overlapping coils with min gap; pitch=0.5534396999363735, llcoil=2.3436941826117534, min_gap=0.0
0.0,0.746370225978085,7.317405700683594,0.6291404280488183,0.6998471106863849,0.6998471106863849,0.44030211078596093,0.026120882481336594,1294.3781411684442,0.07101441455299523,0.3578984802160147,1.5294761850474095,5.734442658881743,6.0,1.8873746652634242,12.4050993093005,23.729347300881045,3.5295639593265573,125,0.6998471106863849,
,,,,inf,inf,,,1526.7784894134916,0.07992830730360805,1.1526610612499135,-1.8400185974382832,5.722568954227683,6.0,-0.6873575361883697,13.524650576216958,9.40050535908674,-1.5674734562141417,126,inf,series.rrce must be > series.rrc
0.0,0.7671037543817648,10.64818286895752,0.5692580839587652,0.31222429159826187,0.31222429159826187,0.17773620200060936,0.028620481491088867,1711.7280053539444,0.0513949328159174,1.4280234103054548,6.021759878406526,2.71949216893557,3.0,7.449783288711981,2.502525470814785,24.851875336950727,1.1800515615157483,127,0.31222429159826187,
,,,,inf,inf,,,2429.5654908638226,0.02541069273647638,0.8124688319419513,-1.9646054957004715,4.809225327401957,5.0,-1.1521366637585202,14.727171812356318,8.966488493563716,6.446361691499213,128,inf,series.rrce must be > series.rrc
0.0,1.0076418324584706,24.049482345581055,1.1401232090909865,0.19071309554470345,0.19071309554470345,0.21743642650810321,0.02419683337211609,2252.7703873428313,0.08150578847455445,2.2113371763745118,1.4394083509065694,4.231490966244144,4.0,3.650745527281081,0.6075522435306826,15.210534352655007,-2.2216746805638294,129,0.19071309554470345,ood:cond:pp:2252.77 outside [505.725,2097.14]
0.0,1.108438623638773,84.30973052978516,0.013980413689878768,50.696341805670336,50.696341805670336,0.7087558310067669,0.04048767685890198,791.6911063534621,0.008446628222945092,1.2495561961595258,1.8269533046545334,2.269014121347494,2.0,3.0765095008140593,5.960970248982184,12.113989250610302,-3.05256321583205,130,50.696341805670336,
0.0,0.7820385980704669,12.533440589904785,0.7188587653743946,0.26114626714201483,0.26114626714201483,0.1877272831798406,0.02981368824839592,2507.1492242879876,0.05171727319137452,2.0572280257848528,4.369943795496751,2.6450701180015685,3.0,6.427171821281604,3.569695148819639,22.851210612664453,3.6274794984930576,131,0.26114626714201483,ood:cond:pp:2507.15 outside [505.725,2097.14]
0.0,0.7795709882331906,12.372725486755371,0.8951868291030644,0.2532683517377187,0.2532683517377187,0.22672249270424802,0.02726055309176445,2529.7762349870186,0.0651471063762038,1.9310668182747028,4.324704272137138,2.022553506574202,2.0,6.255771090411841,11.254622956454526,23.766165137278207,-0.4335689633144,132,0.2532683517377187,ood:cond:pp:2529.78 outside [505.725,2097.14]
0.0,0.773004117441061,6.469151496887207,0.47473608247007054,1.1275577651566029,1.1275577651566029,0.5352923561891535,0.023566624149680138,726.7875816538948,0.08100127168146137,0.26794923826736544,0.5350314103453668,5.90641811470848,6.0,0.8029806486127322,15.725484571790398,20.54336846346679,5.586631486954065,133,1.1275577651566029,
0.0,0.7627941984468606,7.638664722442627,0.26291025181595196,1.1819879609240445,1.1819879609240445,0.3107567524499641,0.02469353936612606,765.3889344913133,0.048573110610153486,2.6619536814082245,0.2228285346793193,3.2133591520214044,3.0,2.884782216087544,11.601055164272054,20.255401812534686,3.486858028204095,134,1.1819879609240445,
,,,,inf,inf,,,1469.8314139089305,0.06930010096397708,0.912765044745955,-0.11055001992599056,4.799909332920755,5.0,0.8022150248199644,14.535059829993898,18.54613495409372,-4.444206322213072,135,inf,coil_series_v1 requires non-overlapping coils with min gap; pitch=0.8022150248199644, llcoil=0.912765044745955, min_gap=0.0
0.0,0.9549541486966729,15.260140419006348,0.713092885796361,0.3608801971847472,0.3608801971847472,0.25734110123723114,0.02891683392226696,1744.71923144416,0.05632599089931784,1.0195321497636467,6.772388027166835,2.4447760892015773,2.0,7.791920176930482,3.6476216443962164,19.23146199825718,3.0361846420298058,136,0.3608801971847472,
,,,,inf,inf,,,2505.932445424565,0.02952795206204663,1.7997221666207337,-1.8819405407266703,5.730808712705237,6.0,-0.08221837410593658,10.232076143280459,9.73876589864484,-5.363548218656158,137,inf,series.rrce must be > series.rrc
0.0,1.0269707816243752,18.733678817749023,0.46375700788363133,0.6919390109216945,0.6919390109216945,0.32089156534300434,0.027450092136859894,2854.0471139023007,0.019980977649813107,1.3623186138618815,0.3514176058949363,4.218879369259746,4.0,1.7137362197568178,7.302902926571314,14.157847805598585,5.938932802143624,138,0.6919390109216945,ood:cond:pp:2854.05 outside [505.725,2097.14]
,,,,inf,inf,,,2878.960081817694,0.05383933892644421,2.868079981720314,2.6760699883794534,3.3025681980173354,3.0,5.544149970099768,4.317585848043955,20.950035758343258,6.9945548912308695,139,inf,coil_series_v1 coil rectangle must stay within chamber bbox; part_id='coil_01' rect=(4.317585848043955, 7.18566582976427, 20.99455489123087, 23.862634872951183)
0.0,0.6971592347115524,7.227171421051025,0.3648763445086875,0.9580454043669618,0.9580454043669618,0.3495681050187644,0.02488362230360508,970.4579426535731,0.061749611366047556,1.8739627746583691,1.4438903391068454,5.087387933355597,5.0,3.3178531137652145,8.634226158449708,25.22349172727578,4.787548747672185,140,0.9580454043669618,
0.0,1.0091221138835627,15.738153457641602,1.0171218747018986,0.21393779849535882,0.21393779849535882,0.2176008146751964,0.030601494014263153,1432.1006634431494,0.09671780077708439,1.8755350296273652,1.356301572400354,3.9551353540286973,4.0,3.231836602027719,4.276436189756767,17.203782597867644,2.38762661269827,141,0.21393779849535882,
,,,,inf,inf,,,1760.3824117253303,0.02620880944052517,1.8895421921845375,-0.5785307394939652,4.721240327801002,5.0,1.3110114526905723,8.27796131208072,14.83301857553358,0.14085560142524312,142,inf,coil_series_v1 requires non-overlapping coils with min gap; pitch=1.3110114526905723, llcoil=1.8895421921845375, min_gap=0.0
,,,,inf,inf,,,1094.120026718569,0.04546884601802522,2.8722548525071527,-2.838166953061848,2.955598894977961,3.0,0.034087899445304735,12.486139847883344,12.588403546219258,6.1054267435188425,143,inf,coil_series_v1 requires non-overlapping coils with min gap; pitch=0.034087899445304735, llcoil=2.8722548525071527, min_gap=0.0
0.0,0.7369698234992266,21.816490173339844,0.02540599833287523,5.15579002672972,5.15579002672972,0.13098799282375,0.027348056435585022,1061.973130510935,0.012740264979655937,2.6131866120463068,2.0443580126045315,5.601944239298675,6.0,4.657544624650838,2.474461288085626,30.419729035990652,-4.554459557206697,144,5.15579002672972,
,,,,inf,inf,,,1887.2382143145937,0.08812178118010716,0.34102814316720187,-0.5628094614675107,5.2950073074663475,5.0,-0.22178131830030878,17.416872511937864,16.30796592043632,5.0722908561581015,145,inf,series.rrce must be > series.rrc
0.0,0.715759511083722,7.346597194671631,0.8680045281184412,0.40500666111717165,0.40500666111717165,0.351547615767836,0.024890687316656113,1591.9799846640085,0.08248568951129577,1.9260693559540536,1.8402434160901204,3.0609336260441458,3.0,3.766312772044174,13.863151940825775,25.162090256958297,-5.108797240624025,146,0.40500666111717165,
0.0,0.7066662928495405,10.093971252441406,0.8272273376730077,0.351680075664919,0.351680075664919,0.29091937270493284,0.025272510945796967,2611.1123844981425,0.06380970080201334,0.6346833626032424,4.581643062927652,3.5234112897217105,4.0,5.2163264255308945,9.188943041193644,30.05424874331722,-0.5881163250979267,147,0.351680075664919,ood:cond:pp:2611.11 outside [505.725,2097.14]
0.0,0.8520314031045134,9.800768852233887,0.6497197756905013,0.9901878517377969,0.9901878517377969,0.6433446289225407,0.024473058059811592,1753.5777436164026,0.05991695936449259,0.9356362703904142,0.5765606151026199,5.967366689844848,6.0,1.512196885493034,17.428668376770283,26.501849689728488,2.8894937968678427,148,0.9901878517377969,
0.0,0.8887239051668251,19.612232208251953,1.0427530564766965,0.21312185399505226,0.21312185399505226,0.22223346465532098,0.02746417373418808,2709.3174465240577,0.07946779721765934,1.0532155119927726,2.241956047788473,2.8193274249557585,3.0,3.2951715597812457,9.855579172159873,19.74109385150361,3.4829256479389112,149,0.21312185399505226,ood:cond:pp:2709.32 outside [505.725,2097.14]
0.0,0.8113174801268895,9.092763900756836,0.15614441274882918,3.1361410377273695,3.1361410377273695,0.48969090063344384,0.02528478018939495,1242.6482031500664,0.02349606114868159,2.5067093083149747,2.7589898320687234,2.6511028121230713,3.0,5.265699140383698,15.209814179677943,31.00691160082904,-2.8844258838600805,150,3.1361410377273695,
0.0,0.7242649667805794,8.17074966430664,0.27563698530416314,0.6630351289292495,0.6630351289292495,0.18275700408881548,0.02204310894012451,638.9796496020172,0.055456030998395994,0.49405459883495667,5.969487486725054,2.508225561924007,3.0,6.463542085560011,6.5204229309989,25.911049187678934,-3.3075677173031073,151,0.6630351289292495,
,,,,inf,inf,,,952.0907455486598,0.05386208778934839,1.7653937469875742,-1.9711500719498936,3.9324827689233968,4.0,-0.20575632496231933,17.70873383003719,16.885708530187912,6.703288548177355,152,inf,series.rrce must be > series.rrc
,,,,inf,inf,,,2620.863899265842,0.08879904718440954,2.8429848176267716,-1.8158121883307807,5.061752739722224,5.0,1.0271726292959908,11.718453904820587,16.85431705130054,6.6473702945401065,153,inf,coil_series_v1 requires non-overlapping coils with min gap; pitch=1.0271726292959908, llcoil=2.8429848176267716, min_gap=0.0
,,,,inf,inf,,,2512.6892778427627,0.09559305607784274,2.256973866150633,-2.4117420101272273,3.8023340187794195,4.0,-0.15476814397659444,10.75537267704064,10.136300101134262,3.0927792886811556,154,inf,series.rrce must be > series.rrc
,,,,inf,inf,,,1246.2820696602103,0.06973457399201576,0.733162894138502,-0.9751039820430026,4.84026714363032,5.0,-0.24194108790450067,14.31741719027475,13.107711750752246,1.4927800491022571,155,inf,series.rrce must be > series.rrc
0.0,0.9148695294580488,20.076311111450195,0.9723121904743698,0.178439900438487,0.178439900438487,0.17349929046337376,0.02496638149023056,2538.6938216093886,0.0683620632070786,2.1923763062988173,5.88883910754503,2.096345249017858,2.0,8.081215413843847,4.295344393577024,20.45777522126472,-3.2999911775708237,156,0.178439900438487,ood:cond:pp:2538.69 outside [505.725,2097.14]
0.0,0.6828355370786628,24.314537048339844,0.0595751471869334,3.8349186715424013,3.8349186715424013,0.22846584430705766,0.020656486973166466,2192.3458967630863,0.008450024217963124,0.8678491299091919,4.3267670869608885,3.5841737685862745,4.0,5.194616216870081,4.704475459836232,25.482940327316555,2.733012621941908,157,3.8349186715424013,ood:cond:pp:2192.35 outside [505.725,2097.14]
,,,,inf,inf,,,1869.957578010195,0.030874623231589852,2.6118267771102,-0.8835200742224261,5.778809257360366,6.0,1.7283067028877739,10.718103234844047,21.08794345217069,6.109068410489492,158,inf,coil_series_v1 requires non-overlapping coils with min gap; pitch=1.7283067028877739, llcoil=2.6118267771102, min_gap=0.0
,,,,inf,inf,,,1637.141328540462,0.09905805808365098,1.3988181173446173,-3.0508077608228357,2.416256519431716,2.0,-1.6519896434782186,13.696700492603426,10.392721205646989,-4.226642930970946,159,inf,series.rrce must be > series.rrc
0.0,1.121318458766033,24.558692932128906,1.1000008908498857,0.22494413083566137,0.22494413083566137,0.24743874431068075,0.025547167286276817,1888.3968056311314,0.0980925788095989,0.7115606275209163,2.365059847602673,3.4799124694965626,3.0,3.076620475123589,5.062238302470533,14.2920997278413,6.7727908642728405,160,0.22494413083566137,
0.0,0.8055974338085605,16.457897186279297,0.09176745462664189,2.10859011082896,2.10859011082896,0.19349994732168238,0.02616320550441742,1677.9487078198613,0.013691142160222089,2.6967065908276244,4.0192596764070885,3.170954879803491,3.0,6.715966267234713,2.775497114507634,22.923395916211774,3.320196513798173,161,2.10859011082896,
,,,,inf,inf,,,2890.769710701503,0.028521519216368398,2.7389101530209055,-2.804941282396709,4.951688950300715,5.0,-0.0660311293758035,17.560896859752287,17.23074121287327,2.826476520767226,162,inf,series.rrce must be > series.rrc
0.0,0.7961358956378202,19.9793701171875,1.0034973986207953,0.19189480283850438,0.19189480283850438,0.19256593545728956,0.023954102769494057,2978.4241580209864,0.06988349260727252,0.38652467955260156,3.906436213014346,4.062328934034486,4.0,4.292960892566947,6.151706254422807,23.323549824690595,-3.605525432528739,163,0.19189480283850438,ood:cond:pp:2978.42 outside [505.725,2097.14]
,,,,inf,inf,,,1401.8211478365738,0.01449724474055943,2.54918250423153,-3.3773025336245586,4.197411728801022,4.0,-0.8281200293930286,15.372890794756302,12.060410677184187,1.558756966291451,164,inf,series.rrce must be > series.rrc
0.0,0.7971737453282092,12.836516380310059,0.638633181375151,0.2992510147979282,0.2992510147979282,0.19111162761014328,0.02712230198085308,1809.2844135844698,0.0461316055466847,2.8349793739235105,3.717348776881109,3.157858797167828,3.0,6.55232815080462,1.2804586015996477,20.937443054013507,-5.462926783106762,165,0.2992510147979282,
,,,,inf,inf,,,1354.989657523688,0.06942020074284773,1.5132359760807665,-2.786489803887318,4.077145528727065,4.0,-1.2732538278065517,13.235898601175581,8.142883289949374,0.15253611943540157,166,inf,series.rrce must be > series.rrc
0.0,0.7699743866895592,10.495150566101074,0.5741539218235658,0.33286627577988187,0.33286627577988187,0.1911164776818238,0.02588697336614132,962.4677513989589,0.06937302432576442,0.945910566580132,3.8449155331155014,4.325766934311633,4.0,4.790826099695633,3.310443488594514,22.473747887377048,-2.267137083984382,167,0.33286627577988187,
,,,,inf,inf,,,1743.0664998647658,0.06670057504667427,2.1702309333298544,-2.15588264478252,5.975332871254388,6.0,0.014348288547334498,9.17586756250987,9.261957293793877,-0.14299908098132796,168,inf,coil_series_v1 requires non-overlapping coils with min gap; pitch=0.014348288547334498, llcoil=2.1702309333298544, min_gap=0.0
0.0,0.8440501897153433,22.382896423339844,1.0663579774274246,0.1918170329627364,0.1918170329627364,0.2045456233062732,0.024699194356799126,2948.6734810702033,0.09890606778048644,2.493005423932458,5.0052772261253615,2.5325594909730174,3.0,7.49828265005782,4.273058451553625,26.767906401727082,4.679697764836549,169,0.1918170329627364,ood:cond:pp:2948.67 outside [505.725,2097.14]
0.0,0.8874403935261441,12.767242431640625,0.4570808357836582,0.5837647916923571,0.5837647916923571,0.2668276988878157,0.024471085518598557,670.0231617446696,0.057127313111289164,1.4650463730364904,0.8841524012127675,4.782674599987505,5.0,2.349198774249258,5.583555850873184,17.329549722119474,-4.48428700522485,170,0.5837647916923571,
0.0,0.8445725461078039,9.55782699584961,0.15499302178427088,1.5576662645665489,1.5576662645665489,0.24142740127658696,0.02643384225666523,762.5405503814901,0.03094089120392214,2.6631834710919398,1.0078673577422346,3.3417735088859253,3.0,3.6710508288341743,10.186022487135567,21.19917497363809,-1.8636108511718588,171,1.5576662645665489,
,,,,inf,inf,,,878.1513825424151,0.06929579570841408,1.7278624695748996,-0.7354461262174293,5.6098926605996215,6.0,0.9924163433574703,4.663754681404036,10.618252741548858,-3.972254036390142,172,inf,coil_series_v1 requires non-overlapping coils with min gap; pitch=0.9924163433574703, llcoil=1.7278624695748996, min_gap=0.0
,,,,inf,inf,,,802.383495965817,0.058882970710069565,1.6853513379511598,-1.4074919488311601,4.578452806721082,5.0,0.27785938911999963,17.505256667120562,18.89455361272056,-3.1261585013503064,173,inf,coil_series_v1 requires non-overlapping coils with min gap; pitch=0.27785938911999963, llcoil=1.6853513379511598, min_gap=0.0
,,,,inf,inf,,,994.7952911531121,0.02025850607755588,1.4525375177386068,-0.6309468353074104,3.6668168530314507,4.0,0.8215906824311965,9.454107906950373,12.740470636675159,-2.17006780111309,174,inf,coil_series_v1 requires non-overlapping coils with min gap; pitch=0.8215906824311965, llcoil=1.4525375177386068, min_gap=0.0
0.0,0.9410949514017741,14.978157043457031,0.8084949754440806,0.30239257249801393,0.30239257249801393,0.24448287547625414,0.028499815613031387,1702.636504188777,0.06156034311822791,0.29514371125222116,4.2624432923986015,2.757933919877554,3.0,4.557587003650823,4.537606572265121,18.21036758321759,0.6126013299127004,175,0.30239257249801393,
0.0,0.8498593041494504,8.023442268371582,0.11206819221783451,4.875031458555053,4.875031458555053,0.5463359625653379,0.024631381034851074,981.9168760933421,0.026079682647836954,0.828648531241198,1.33388996524,5.137810791512725,5.0,2.162538496481198,15.236392348034562,26.049084830440552,6.259220431030178,176,4.875031458555053,
0.0,1.8356916767502007,192.14659118652344,,inf,inf,0.0,0.069203682243824,1620.3582979277926,0.0036443085926575465,2.139325265819205,7.660579076503025,2.077505030778942,2.0,9.799904342322229,12.134763210809597,31.734571895454053,-5.834490830682922,177,inf,
0.0,0.734542986996548,10.818829536437988,0.6466784662009928,0.3174184182223933,0.3174184182223933,0.20526765584000256,0.02715493179857731,2216.9176762483567,0.04534858608392867,0.9075328864063714,3.4126812970108187,4.2543903971795265,4.0,4.32021418341719,6.921855235119534,24.202711968788293,-2.9135190185998074,178,0.3174184182223933,ood:cond:pp:2216.92 outside [505.725,2097.14]
0.0,0.8164311236867968,9.511858940124512,0.46416081648147717,1.3972527419521776,1.3972527419521776,0.6485499735355055,0.022595733404159546,2427.6095266036186,0.03430594061032213,2.9995852285745754,0.1273777470679076,4.325893024203246,4.0,3.126962975642483,17.551458275022085,30.059310177592018,4.892596607358836,179,1.3972527419521776,ood:cond:pp:2427.61 outside [505.725,2097.14]
0.0,1.056063710812633,23.276872634887695,0.8988032894859621,0.30466789556320373,0.30466789556320373,0.27383650673297305,0.024472536519169807,1818.3295587439588,0.059427401462371646,2.174666085701248,0.7245557714639999,4.405206002328183,4.0,2.899221857165248,2.1132475832371753,13.710135011898167,-5.361416488140799,180,0.30466789556320373,
0.0,0.7616770013558388,8.78471565246582,0.9843357377826928,0.28214965911497497,0.28214965911497497,0.27772999287007416,0.028723791241645813,1332.0404714770202,0.09534741126146667,1.2339166820947323,0.4476809361321539,4.51789909863818,5.0,1.6815976182268861,10.663053608418576,19.071041699553007,0.515654844503417,181,0.28214965911497497,
0.0,0.7229597540120151,8.855125427246094,0.49690075275514833,0.7400430866979235,0.7400430866979235,0.3677279668514417,0.022337371483445168,2927.9918050575643,0.02646856731728174,1.6002715296256653,1.688188630760679,5.916309144578026,6.0,3.2884601603863444,8.288508553339078,28.019269515657143,-0.15119349415052508,182,0.7400430866979235,ood:cond:pp:2927.99 outside [505.725,2097.14]
0.0,1.0965859658653851,16.1118221282959,0.7780610073509421,0.34208172788659064,0.34208172788659064,0.26616045379579156,0.02982199937105179,962.937889918122,0.091607779313397,0.5222913989994067,2.3673115097022466,4.546426359338488,5.0,2.889602908701653,2.1344221411320836,16.58243668464035,6.107126823722977,183,0.34208172788659064,
,,,,inf,inf,,,554.71057908278,0.04229387160778951,2.419735659371835,-0.08315925196748086,5.644186177829727,6.0,2.3365764074043542,1.617608822611471,15.637067267037597,-4.233444260091435,184,inf,coil_series_v1 requires non-overlapping coils with min gap; pitch=2.3365764074043542, llcoil=2.419735659371835, min_gap=0.0
0.0,0.9258499795615502,16.3009033203125,0.3964323607918628,0.8153172711131405,0.8153172711131405,0.3232181505817615,0.02640344388782978,1844.6929914219031,0.02308083092809026,1.5182445418796118,1.3437541518983094,2.4491021063725973,2.0,2.861998693777921,9.030148593688265,14.754145981244108,-3.8572719891953025,185,0.8153172711131405,
0.0,0.9170040195595923,12.586813926696777,0.24850823285099338,1.396558791506491,1.396558791506491,0.347056357349797,0.024281363934278488,533.9264024389473,0.03951484661746922,1.481754256070526,2.47351548746757,4.231829925889018,4.0,3.955269743538096,1.8621980297489151,17.6832770039013,-2.1009909934879305,186,1.396558791506491,
0.0,1.024717272142387,19.89663314819336,0.6026031804121228,0.48938328273208503,0.48938328273208503,0.2949039226148795,0.028648976236581802,2953.5343720395076,0.027982780065826062,1.3011011439195583,3.5147957920306263,2.7517154144105005,3.0,4.815896935950184,2.720925182853432,17.168615990703984,4.760769359174384,187,0.48938328273208503,ood:cond:pp:2953.53 outside [505.725,2097.14]
,,,,inf,inf,,,2203.521594919004,0.08267920950073279,2.09417389457476,-1.0726549153942837,3.413915996226258,3.0,1.0215189791804764,6.915417722602838,9.979974660144267,-3.328513213988816,188,inf,coil_series_v1 requires non-overlapping coils with min gap; pitch=1.0215189791804764, llcoil=2.09417389457476, min_gap=0.0
,,,,inf,inf,,,598.6692314151904,0.03231668380108728,0.8874154328301458,-0.45635446718855677,4.79470014507778,5.0,0.431060965641589,7.325687610769383,9.480992438977328,-1.3229058521630659,189,inf,coil_series_v1 requires non-overlapping coils with min gap; pitch=0.431060965641589, llcoil=0.8874154328301458, min_gap=0.0
0.0,0.7176371287634854,8.437163352966309,0.2303423406059847,1.0036362943212973,1.0036362943212973,0.23117993315108457,0.025796201080083847,1334.9874704752583,0.03241339740277142,1.5985878220700653,4.357426062829698,4.804151245281219,5.0,5.956013884899764,1.8005469413955815,31.5806163658944,-2.6471866584666177,190,1.0036362943212973,
0.0,0.7395366752175944,9.644278526306152,0.6494942671208831,0.3127524343428418,0.3127524343428418,0.20313091313377613,0.026663633063435555,1652.2027571020653,0.058596891046882864,2.761452010515489,5.142963870773508,2.4627995226759007,2.0,7.9044158812889975,9.789710586694898,25.598542349272893,-2.585892543537665,191,0.3127524343428418,
,,,,inf,inf,,,1229.6933323939338,0.04861032742401283,2.6913577791142256,-1.4429512178290023,5.090662502686877,5.0,1.2484065612852233,17.406738346070114,23.64877115249623,-1.552505004298121,192,inf,coil_series_v1 requires non-overlapping coils with min gap; pitch=1.2484065612852233, llcoil=2.6913577791142256, min_gap=0.0
,,,,inf,inf,,,2996.594269613737,0.04654187602530107,1.2317996714063624,4.343291013294938,3.2278945977526727,3.0,5.5750906847013,1.2591876139050722,17.984459668008974,6.889263300150452,193,inf,coil_series_v1 coil rectangle must stay within chamber bbox; part_id='coil_01' rect=(1.2591876139050722, 2.4909872853114345, 20.889263300150454, 22.121062971556817)
,,,,inf,inf,,,2079.052370877389,0.042858128781112025,0.7491173476413917,-1.8090563586750514,3.5274969138537733,4.0,-1.0599390110336597,13.21399582869156,8.974239784556922,-1.9572698744253705,194,inf,series.rrce must be > series.rrc
0.0,0.7462100057425141,6.578694820404053,0.4827964857337544,1.5314429950090584,1.5314429950090584,0.739375296091949,0.020497949793934822,621.399421544295,0.08490882692916131,1.5595383767435143,0.7336734649090946,5.456836709005214,5.0,2.293211841652609,17.66915470370427,29.135213911967313,-2.1627640147873657,195,1.5314429950090584,
0.0,0.8580131777314993,11.864222526550293,0.3986047990278422,0.61976455391954,0.61976455391954,0.2470411254596785,0.029427094385027885,1853.6545082914254,0.030508024783150782,0.40566482504937806,0.9985802150648818,5.310987954225161,5.0,1.4042450401142599,9.277458079191208,16.298683279762507,6.66018100412327,196,0.61976455391954,
0.0,0.7774333799523404,9.899560928344727,0.23465785804703726,0.8419593940411175,0.8419593940411175,0.19757238796827006,0.026498137041926384,1082.46077273718,0.037550420915299546,0.6369327306729757,3.2272634333262205,5.024072082581997,5.0,3.864196163999196,4.214664638609333,23.535645458605316,5.8399354826168395,197,0.8419593940411175,
,,,,inf,inf,,,1373.4923299345014,0.06996407711640212,2.6113509140171374,-0.26778344570913415,3.5475457888697504,4.0,2.343567468308003,7.422545354848364,16.796815228080376,-5.611747917145468,198,inf,coil_series_v1 requires non-overlapping coils with min gap; pitch=2.343567468308003, llcoil=2.6113509140171374, min_gap=0.0
,,,,inf,inf,,,1037.1477867035255,0.01711138237517049,1.725182139023909,-3.1802273028122547,3.588865208278697,4.0,-1.4550451637883457,16.579914538283564,10.759733883130181,-2.6185117460973837,199,inf,series.rrce must be > series.rrc
0.0,0.7111882833318012,8.75044059753418,0.8057162390814805,0.21221267144902972,0.21221267144902972,0.1709831955253461,0.024710673838853836,1444.67331547527,0.09157939823769633,0.20810091187695676,11.267273713231164,2.314338483281247,2.0,11.47537462510812,7.286540186361003,30.237289436577242,-5.794399461814343,200,0.21221267144902972,
0.0,0.6894981020460937,8.624053955078125,0.6871795582073837,0.5666725563173275,0.5666725563173275,0.3894057968983899,0.024878904223442078,2926.1749279809987,0.038018713722275575,1.6183610003947226,1.478812786505515,4.478146889128306,4.0,3.0971737869002376,12.071332715931858,24.460027863532808,0.8192380728419826,201,0.5666725563173275,ood:cond:pp:2926.17 outside [505.725,2097.14]
0.0,0.7186044888908488,9.249189376831055,0.6196912418336864,0.4456088064463635,0.4456088064463635,0.2761398746387738,0.02628984861075878,2309.689872189353,0.042681213923674514,1.5467770752023968,2.7623687899345386,3.967554882968853,4.0,4.309145865136935,8.620699192034976,25.857282652582718,-2.8131883677271614,202,0.4456088064463635,ood:cond:pp:2309.69 outside [505.725,2097.14]
,,,,inf,inf,,,2209.054055881899,0.024349031624017265,2.3814280369181873,-1.0801395793404491,5.1984724696696425,5.0,1.3012884575777381,2.435753991197986,8.942196279086676,-3.3643259570964186,203,inf,coil_series_v1 requires non-overlapping coils with min gap; pitch=1.3012884575777381, llcoil=2.3814280369181873, min_gap=0.0
,,,,inf,inf,,,755.0494960850742,0.09075326177177477,2.3285571925616524,-2.970162351249165,3.371054103699519,3.0,-0.6416051586875126,16.880012737972898,14.95519726191036,4.145704384723535,204,inf,series.rrce must be > series.rrc
0.0,0.7570526716028175,8.882089614868164,0.31407875099984894,0.6583832863074596,0.6583832863074596,0.20678420024262284,0.02375054731965065,556.2921930562472,0.06303942070259193,0.5459790677372615,2.891117379522386,4.796935809536674,5.0,3.4370964472596475,4.97737120547724,22.16285344177548,0.30981933598667855,205,0.6583832863074596,
,,,,inf,inf,,,2943.399307104822,0.023305515929862422,1.3507443042743195,-0.5233006931241656,5.766574647149331,6.0,0.8274436111501539,14.346968007597685,19.311629674498608,0.12890956663808595,206,inf,coil_series_v1 requires non-overlapping coils with min gap; pitch=0.8274436111501539, llcoil=1.3507443042743195, min_gap=0.0
,,,,inf,inf,,,1072.2673280948125,0.09706106894809266,0.6889051834434892,-0.3699035250154601,3.7821023852582996,4.0,0.3190016584280291,12.846894041656075,14.122900675368191,-4.64604498033996,207,inf,coil_series_v1 requires non-overlapping coils with min gap; pitch=0.3190016584280291, llcoil=0.6889051834434892, min_gap=0.0
,,,,inf,inf,,,2629.771425728111,0.09724039972947447,2.0293334301084145,-1.4191618058528341,5.393042130002714,5.0,0.6101716242555802,5.74806350509073,8.798921626368632,-4.168115746303024,208,inf,coil_series_v1 requires non-overlapping coils with min gap; pitch=0.6101716242555802, llcoil=2.0293334301084145, min_gap=0.0
,,,,inf,inf,,,1035.6330132047788,0.011366699425648455,1.3650789040126432,-1.6055561733617536,3.4542201057269812,3.0,-0.2404772693491104,11.880173628937928,11.158741820890597,-1.3903103131083494,209,inf,series.rrce must be > series.rrc
,,,,inf,inf,,,2403.611920391067,0.0639606262299571,2.1323633597858613,-2.3975820371015204,2.604837932363427,3.0,-0.26521867731565923,9.99499521356062,9.199339181613642,-3.8245726807717566,210,inf,series.rrce must be > series.rrc
0.0,0.6828577862059746,9.494293212890625,0.6976622603410603,0.2626648611297861,0.2626648611297861,0.18325136072797726,0.02646576426923275,1637.5639766505574,0.06749010000640233,1.6057835484770688,5.528553732585381,4.432160988235111,4.0,7.13433728106245,0.4100080861549138,28.947357210404714,-4.200864471390388,211,0.2626648611297861,
,,,,inf,inf,,,2879.5111035769733,0.05517588739401162,1.1744518381241926,-0.45321681823503257,2.612696784637465,3.0,0.7212350198891601,13.559316696863252,15.723021756530732,-5.29541889296816,212,inf,coil_series_v1 requires non-overlapping coils with min gap; pitch=0.7212350198891601, llcoil=1.1744518381241926, min_gap=0.0
,,,,inf,inf,,,1499.6413310667776,0.09445337609235381,0.6193595863003354,-1.4140294362752905,3.588615764166516,4.0,-0.7946698499749552,14.54889745452369,11.37021805462387,5.729652538443506,213,inf,series.rrce must be > series.rrc
,,,,inf,inf,,,1389.6201416508804,0.04944261448648142,2.5025967000755998,-3.400802117515745,2.7311168542704727,3.0,-0.8982054174401449,12.80932038476704,10.114704132446604,6.919267366234221,214,inf,series.rrce must be > series.rrc
0.0,0.7984844131111538,9.76777172088623,0.7851733707672357,0.3820935208735008,0.3820935208735008,0.30000965773256777,0.0289051104336977,1949.3049956306459,0.06582938550569503,1.0971061508947253,0.0009726383053421106,3.070827166062329,3.0,1.0980787892000674,14.856778945036979,18.15101531263718,5.318743797444197,215,0.3820935208735008,
,,,,inf,inf,,,1387.4600674866945,0.011638489280200719,2.702180151365204,-2.466781457463073,5.331628130275096,5.0,0.23539869390213147,8.031411303557421,9.208404773068079,-2.9118331476518664,216,inf,coil_series_v1 requires non-overlapping coils with min gap; pitch=0.23539869390213147, llcoil=2.702180151365204, min_gap=0.0
0.0,0.8001918469652882,9.48629379272461,0.7726268880734253,0.6282305708177236,0.6282305708177236,0.4853878309234894,0.025976166129112244,1864.087558365483,0.07453243568258053,1.4808387219621981,1.766076980967673,5.3055841197025355,5.0,3.246915702929871,13.673801293784697,29.908379808434052,2.780287636079704,217,0.6282305708177236,
0.0,0.7827752698948348,11.450919151306152,0.8052345949133252,0.25823703368824863,0.25823703368824863,0.20794139321357558,0.02499941736459732,1455.9034427982028,0.07133149729960381,0.21196880128462145,4.841728148103562,2.187896420007576,2.0,5.053696949388184,11.502232780126471,21.60962667890284,-5.983714000898405,218,0.25823703368824863,
,,,,inf,inf,,,1762.6384753177695,0.07803105581295655,2.850828152140481,-2.072385600051361,2.7199287922786595,3.0,0.7784425520891199,16.38859708766005,18.72392474392741,-5.267475756461286,219,inf,coil_series_v1 requires non-overlapping coils with min gap; pitch=0.7784425520891199, llcoil=2.850828152140481, min_gap=0.0
0.0,0.9695369686681409,13.55834674835205,0.8440192727894844,0.2885147569404707,0.2885147569404707,0.2435120153419309,0.029851410537958145,1215.1427600624434,0.08666913428826808,2.267437385480897,1.381764282345182,3.458228257224359,3.0,3.649201667826079,5.867006333204571,16.81461133668281,4.216214207290639,220,0.2885147569404707,
0.0,0.8659259816996631,12.241877555847168,0.15065570453123317,1.4216335309060784,1.4216335309060784,0.2141772011838799,0.027582865208387375,846.4067206391193,0.02920620238139141,0.9568719838734789,2.2233022779804843,4.763499308699733,5.0,3.180174261853963,4.433495559457272,20.334366868727088,5.26405761575684,221,1.4216335309060784,
,,,,inf,inf,,,642.0163121947805,0.07691595237638743,2.2533724743583203,-0.7468188228820043,2.699351725154216,3.0,1.506553651476316,11.894509694668928,16.414170649097876,-4.50541926224426,222,inf,coil_series_v1 requires non-overlapping coils with min gap; pitch=1.506553651476316, llcoil=2.2533724743583203, min_gap=0.0
0.0,0.8076463204225547,11.707653999328613,0.32456083539090397,0.6432081665945215,0.6432081665945215,0.20876017988016962,0.02885264717042446,1734.9131234871415,0.027521833159939144,2.486803480877173,3.5161954948199403,2.539703159873472,3.0,6.002998975697113,3.5008668691283455,21.509863796219683,1.4912321240953421,223,0.6432081665945215,
,,,,inf,inf,,,1910.0551466262,0.024435631592750705,2.700469492977774,-0.42638702849625343,5.122587973305183,5.0,2.2740824644815207,8.283645233370747,19.65405755577835,-2.3610543029259246,224,inf,coil_series_v1 requires non-overlapping coils with min gap; pitch=2.2740824644815207, llcoil=2.700469492977774, min_gap=0.0
0.0,0.8229600275208194,12.16787052154541,0.693363877129562,0.29669549001710793,0.29669549001710793,0.20571793528511723,0.027704399079084396,1380.3844073456032,0.05849390481394406,1.3345973770744965,1.21423302359109,4.595186614219234,5.0,2.5488304006655866,6.061576217089048,18.80572822041698,-2.6093806979548804,225,0.29669549001710793,
,,,,inf,inf,,,1886.8512350814685,0.019908269288740746,1.8279304300660035,-1.089875642809413,5.904209991290005,6.0,0.7380547872565906,11.795259477018568,16.223588200558112,3.346813523249722,226,inf,coil_series_v1 requires non-overlapping coils with min gap; pitch=0.7380547872565906, llcoil=1.8279304300660035, min_gap=0.0
0.0,1.1030738199730659,26.320005416870117,1.1252772282577843,0.23676687246156386,0.23676687246156386,0.2664283699868129,0.023995110765099525,2162.1720685139976,0.07535497560405567,0.3910534797456412,1.1330670331422485,5.4017373669227275,5.0,1.5241205128878899,4.268323038608524,11.888925603047973,0.5305953882898287,227,0.23676687246156386,ood:cond:pp:2162.17 outside [505.725,2097.14]
0.0,1.005821102060839,49.9483642578125,0.0019353335298892816,111.34494177807288,111.34494177807288,0.21548959920667432,0.034659355878829956,534.890643015393,0.007648275983842378,2.873564690510324,2.1944491249488176,4.691145614420534,5.0,5.068013815459142,1.271370708722932,26.611439786018643,1.1200161000404707,228,111.34494177807288,
0.0,0.8787941831710485,13.682583808898926,0.040209424014828944,5.950700250821312,5.950700250821312,0.23927422957042307,0.026453755795955658,715.7077878895827,0.01848170112561925,1.738021423956725,2.0350159392718625,5.928966720891379,6.0,3.7730373632285876,6.629168097062898,29.267392276434425,0.13464665846569446,229,5.950700250821312,
,,,,inf,inf,,,925.003518350514,0.06514179519279126,2.6120891776663737,-1.949528730491041,5.580133507349289,6.0,0.6625604471753329,9.939312891703324,13.914675574755321,-1.5668224471142898,230,inf,coil_series_v1 requires non-overlapping coils with min gap; pitch=0.6625604471753329, llcoil=2.6120891776663737, min_gap=0.0
0.0,0.8406331092904336,9.532999992370605,0.06830399673623815,6.167877643164022,6.167877643164022,0.4212906944081916,0.02551349252462387,953.2687340602874,0.020341007468395598,1.773413052600562,3.106216643192984,2.8455282577199394,3.0,4.879629695793546,13.639901252172347,28.278790339552984,5.716337863075063,231,6.167877643164022,
0.0,0.7874601505556348,8.728139877319336,0.4466127318835109,1.2816791358902169,1.2816791358902169,0.5724142202780274,0.024568410590291023,2216.2480820668184,0.035911626508382866,1.1160376761162625,1.6808730291785583,5.415671055397347,5.0,2.7969107052948208,14.134877849144845,28.119431375618948,4.270566652149917,232,1.2816791358902169,ood:cond:pp:2216.25 outside [505.725,2097.14]
0.0,0.8042807880516845,12.117734909057617,0.20839414034058948,1.3762345824908304,1.3762345824908304,0.28679922272516667,0.01855657994747162,2728.8469470003974,0.011663643306177213,0.6500716162250699,3.856673549280492,2.228303743654514,2.0,4.506745165505562,10.613968934753789,19.627459265764912,6.422969190572372,233,1.3762345824908304,ood:cond:pp:2728.85 outside [505.725,2097.14]
0.0,0.7595900268385707,10.35455322265625,0.42677552071964026,0.3767605947668414,0.3767605947668414,0.16079219901826008,0.026820678263902664,1566.4095365026533,0.03864878547436172,0.32651050556908723,3.834236520357377,5.664241580152809,6.0,4.160747025926464,0.6629159473525408,25.627398102911325,-1.2335449794780358,234,0.3767605947668414,
0.0,0.8816162210765973,13.66254711151123,0.7399545458476544,0.3132791384143157,0.3132791384143157,0.23181232258890944,0.027640903368592262,1541.5783801680254,0.05800942611195545,2.08582734825965,3.085311843520438,2.8632509667663464,3.0,5.171139191780088,3.0290172891988583,18.54243486453912,-3.227615049705639,235,0.3132791384143157,
,,,,inf,inf,,,1457.2824251329007,0.03162356899733356,1.4556023393535094,-0.08510668690731693,5.947566856589194,6.0,1.3704956524461924,5.697100993053298,13.920074907730454,-3.8467870186106037,236,inf,coil_series_v1 requires non-overlapping coils with min gap; pitch=1.3704956524461924, llcoil=1.4556023393535094, min_gap=0.0
0.0,0.7288477552261341,5.879482269287109,0.2475965260235784,2.2685126989135367,2.2685126989135367,0.5616758634913636,0.02141958847641945,608.1339989292694,0.06114962559770476,2.0768003148500593,0.9129138070873761,3.289787356023583,3.0,2.9897141219374355,16.29145270338277,25.260595069195077,4.490201059379984,237,2.2685126989135367,
0.0,0.6673173604965462,7.741978168487549,0.295666119346704,1.590787399782008,1.590787399782008,0.47034193719918005,0.017832091078162193,2854.288207691214,0.014483436005745635,1.7620778318570722,1.3136463154827878,2.788684760853157,3.0,3.07572414733986,14.632802774157696,23.859975216177276,3.068724330703965,238,1.590787399782008,ood:cond:pp:2854.29 outside [505.725,2097.14]
0.0,1.1090350230073849,20.005605697631836,1.0301422635247106,0.27433420932597025,0.27433420932597025,0.2826032633573168,0.027187364175915718,1343.0833865531526,0.08304638736787404,1.356923479350651,0.035308874825092484,3.9827148269982655,4.0,1.3922323541757435,6.929849409451765,12.498778826154739,-2.9814644052751746,239,0.27433420932597025,
0.0,1.025159899227827,15.651285171508789,0.5571386890058004,0.6719611315054178,0.6719611315054178,0.3743755438697827,0.028883449733257294,1347.9427374262127,0.045579815058221056,2.307934446284024,3.1032162677620074,2.16992730422422,2.0,5.411150714046031,3.550849102958038,14.3731505310501,3.5357696512255785,240,0.6719611315054178,
0.0,0.68770561530538,7.491242408752441,0.39918785052423267,0.5982262663190467,0.5982262663190467,0.23880465737903744,0.02457091398537159,1110.247901078177,0.061894256527640586,1.5764373403635743,9.402914150149298,2.491455923011198,2.0,10.979351490512872,9.35234913961095,31.311052120636695,0.7827364424964767,241,0.5982262663190467,
,,,,inf,inf,,,2603.209602952291,0.09501719150906425,2.316722244759301,-1.8572363241822916,5.834467212337858,6.0,0.45948592057700965,7.80738516322817,10.564300686690228,2.575251761454199,242,inf,coil_series_v1 requires non-overlapping coils with min gap; pitch=0.45948592057700965, llcoil=2.316722244759301, min_gap=0.0
,,,,inf,inf,,,843.6182240588926,0.06785101411202542,0.6788199149003207,-2.138826794227991,2.1185488625754623,2.0,-1.4600068793276701,11.8286191245251,8.908605365869759,3.940039503853683,243,inf,series.rrce must be > series.rrc
0.0,0.7374160998944161,9.810077667236328,0.816961170584553,0.23429208426605014,0.23429208426605014,0.19140753542068706,0.027446607127785683,1126.2697595076224,0.09555450336437088,2.98129546870572,1.5596390962572038,3.8864394850303685,4.0,4.540934564962924,4.899280945502432,23.063019205354127,-3.962270639881659,244,0.23429208426605014,
,,,,inf,inf,,,2021.4754657017302,0.013666039183817199,2.5025217007113394,-0.016892200813168667,4.027291407160929,4.0,2.4856294998981707,10.83785071654719,20.780368716139872,2.0530101320930836,245,inf,coil_series_v1 requires non-overlapping coils with min gap; pitch=2.4856294998981707, llcoil=2.5025217007113394, min_gap=0.0
,,,,inf,inf,,,844.3691666380121,0.04410878243491118,0.9242157427847129,-0.19710954229008837,2.9233945078824255,3.0,0.7271062004946245,8.175869182587626,10.357187784071499,3.3502831056042552,246,inf,coil_series_v1 requires non-overlapping coils with min gap; pitch=0.7271062004946245, llcoil=0.9242157427847129, min_gap=0.0
0.0,0.6954376146599807,11.64450740814209,0.13934078929169827,1.5654585888055401,1.5654585888055401,0.2181322353676321,0.01905318722128868,2782.3723712094293,0.010561782850794088,1.7407950621319557,1.8333922272125258,5.978610458531554,6.0,3.5741872893444815,2.9451595019845147,24.390283238051403,4.883901432049193,247,1.5654585888055401,ood:cond:pp:2782.37 outside [505.725,2097.14]
,,,,inf,inf,,,1050.0241579881117,0.0072245173627502835,2.444093481859514,-0.17446463775812626,4.725579267912944,5.0,2.269628844101388,0.5742737416288479,11.922417962135786,0.5169685888532527,248,inf,coil_series_v1 requires non-overlapping coils with min gap; pitch=2.269628844101388, llcoil=2.444093481859514, min_gap=0.0
0.0,0.7048395827673302,7.64564323425293,0.35029885412645245,0.7133283012187991,0.7133283012187991,0.24987808653291424,0.026131151244044304,1313.3237016508865,0.04866511387151831,2.9170665552139354,4.877066296331197,2.9891872694423482,3.0,7.7941328515451325,5.874910363430614,29.257308918066013,1.3969804087811646,249,0.7133283012187991,
0.0,0.8415054109214692,16.986801147460938,0.12002910640668676,2.167965963327063,2.167965963327063,0.26021901729825925,0.022997543215751648,2878.2192744535173,0.007638520746665017,1.3993566000807343,2.3740562322416565,4.07911707680484,4.0,3.7734128323223906,7.165881430479535,22.259532759769098,5.660612937682346,250,2.167965963327063,ood:cond:pp:2878.22 outside [505.725,2097.14]
0.0,1.2433145258469642,27.889484405517578,0.8199950021370643,0.44202806606274403,0.44202806606274403,0.3624608049757622,0.027356905862689018,1940.5599008692757,0.05303459104093044,0.7966280553552241,0.037569633381611345,4.633862575299126,5.0,0.8341976887368354,4.7285966615504975,8.899585105234674,4.63609319418433,251,0.44202806606274403,
,,,,inf,inf,,,1473.272291590082,0.07069344001181399,0.6201943956712463,-0.6776407639403943,5.372007049808702,5.0,-0.05744636826914799,13.749543068949883,13.462311227604143,5.69630400160049,252,inf,series.rrce must be > series.rrc
,,,,inf,inf,,,1338.3031467194905,0.027005183959357516,2.933113173112697,-1.0414172310321614,2.16167698102646,2.0,1.8916959420805357,6.674499071795964,10.457890955957035,-0.8997510720332684,253,inf,coil_series_v1 requires non-overlapping coils with min gap; pitch=1.8916959420805357, llcoil=2.933113173112697, min_gap=0.0
0.0,1.0158436244333489,16.555810928344727,0.5546677835453263,0.6257390389131929,0.6257390389131929,0.34707728579176345,0.029169030487537384,1750.0891965867486,0.036522796427886084,1.9233701354002017,3.467625807867563,2.0798597616886587,2.0,5.3909959432677645,4.4172483768846575,15.199240263420187,1.4774071518589853,254,0.6257390389131929,
,,,,inf,inf,,,662.445954806848,0.008965327590691994,0.28546115930681626,-0.010668286297632779,5.6475677084272125,6.0,0.2747928730091835,10.877668839648496,12.526426077703597,4.037065251087244,255,inf,coil_series_v1 requires non-overlapping coils with min gap; pitch=0.2747928730091835, llcoil=0.28546115930681626, min_gap=0.0
0.0,0.7780015705619447,10.853669166564941,0.09975630541273238,2.456546921141703,2.456546921141703,0.24505604492611913,0.027619261294603348,1125.724110580752,0.023449858243698007,2.7215464387005066,4.365703431015259,3.613052189191632,4.0,7.087249869715765,2.00302196210649,30.35202144096955,4.7021986879575195,256,2.456546921141703,
0.0,0.8299505586342462,10.07055950164795,0.6361732652307858,0.9094808453333623,0.9094808453333623,0.5785873990405803,0.024683263152837753,2095.0934411897592,0.051643078027044424,0.7615692542060812,1.8617491592242708,4.850796502483078,5.0,2.623318413430352,15.689951248950464,28.806543316102225,2.1008420786451616,257,0.9094808453333623,
0.0,0.9660988216313451,21.12339973449707,0.5816473999245574,0.4424541933339054,0.4424541933339054,0.2573523311383835,0.022819440811872482,2958.903507024524,0.021991331369699423,2.4240244494685506,0.7709570663993159,2.551669088592357,3.0,3.1949815158678665,6.606029222933932,16.190973770537532,-4.9357887016530935,258,0.4424541933339054,ood:cond:pp:2958.9 outside [505.725,2097.14]
0.0,0.6419375378245448,9.724664688110352,0.6952197060156362,0.2707403807331742,0.2707403807331742,0.18822404789987876,0.02551165409386158,2771.7857328395826,0.04353984778222799,2.997809796954078,1.42184400906471,5.991476519433009,6.0,4.419653806018788,0.7003996413717171,27.218322477484445,-1.9524522072820725,259,0.2707403807331742,ood:cond:pp:2771.79 outside [505.725,2097.14]
0.0,1.205293399236785,42.21607208251953,0.005669300904089085,29.567151178011237,29.567151178011237,0.16762507690483777,0.03186633437871933,1377.284397703539,0.007460421267401594,0.745821500823193,2.3017420005358735,4.530076440349361,5.0,3.0475635013590665,12.080796254593603,27.318613761388935,4.1623918470050345,260,29.567151178011237,
0.0,1.0451516540727765,21.90268325805664,1.1122031933652101,0.21996862348269006,0.21996862348269006,0.24464980547759743,0.026242122054100037,1768.6939981897162,0.07842175226219167,0.40433501821764845,1.6854126920619605,5.786297934330165,6.0,2.089747710279609,3.1281120020347672,15.666598263712421,-3.471366159680828,261,0.21996862348269006,
0.0,0.7453702378893662,17.192100524902344,0.04902102669083796,2.026694113314446,2.026694113314446,0.09935062622295161,0.022319097071886063,1202.4846088036238,0.013499113655283869,0.864858187034415,10.697243187100906,2.177263580448389,2.0,11.56210137413532,7.3320876149028384,30.45629036317348,-2.6057185317445213,262,2.026694113314446,
0.0,0.8307795661214666,13.16074275970459,0.861384343007638,0.22045578858811002,0.22045578858811002,0.1898971646151999,0.02821320667862892,1518.5338684597184,0.07435377924752597,1.4186032179451533,2.3203016051668417,4.300933930304779,4.0,3.7389048231119952,4.9443746327104705,19.89999392515845,-4.093934482787347,263,0.22045578858811002,
,,,,inf,inf,,,2022.9001432867003,0.08282105019274134,1.1203027971260253,-2.5198045935801368,3.667910903937876,4.0,-1.3995017964541114,15.023060588717726,9.42505340290128,-2.6366077887997426,264,inf,series.rrce must be > series.rrc
0.0,0.8136740788690625,12.359349250793457,1.079190832595456,0.22204398330073535,0.22204398330073535,0.23962783121113213,0.028637876734137535,2332.704712444988,0.08835494322743476,1.8516987604607393,2.261059958787887,3.2731241810251817,3.0,4.112758719248626,10.119865899478627,22.458142057224507,-0.14704183910858148,265,0.22204398330073535,ood:cond:pp:2332.7 outside [505.725,2097.14]
0.0,0.9147556278941278,14.43289852142334,0.8110712222779057,0.2772769491906009,0.2772769491906009,0.22489135408950947,0.030834302306175232,2103.1329645190126,0.061929898328292904,1.3857403638868417,1.3035409946206094,3.2591268114351744,3.0,2.689281358507451,8.904598955542953,16.972443031065307,5.423498429162983,266,0.2772769491906009,ood:cond:pp:2103.13 outside [505.725,2097.14]
,,,,inf,inf,,,2986.865678532234,0.0849945474599122,2.0907441399813766,-1.813028379804504,5.224919311431372,5.0,0.27771576017687283,12.710798004696628,14.099376805580992,0.47130569876808703,267,inf,coil_series_v1 requires non-overlapping coils with min gap; pitch=0.27771576017687283, llcoil=2.0907441399813766, min_gap=0.0
0.0,0.9358947384098193,20.08757972717285,1.1942584009582684,0.1731385291040959,0.1731385291040959,0.2067721429121242,0.02637995220720768,2244.4892264503715,0.09277469415174824,0.9338292322734134,0.5987753933294109,4.354226643377176,4.0,1.5326046256028243,9.610340356213198,15.740758858624496,-0.10393923237320024,268,0.1731385291040959,ood:cond:pp:2244.49 outside [505.725,2097.14]
0.0,0.7463525056264916,9.282642364501953,0.4855873818721672,0.626298881210944,0.626298881210944,0.30412283399668977,0.02076294645667076,2942.014065522163,0.01836272991870893,0.7817753659463094,0.3141227311147574,4.978571539701542,5.0,1.0958980970610668,11.861375179297085,17.34086566460242,-0.9664267448217787,269,0.626298881210944,ood:cond:pp:2942.01 outside [505.725,2097.14]
,,,,inf,inf,,,1898.5329256621694,0.01769475746448614,1.7019978373954037,-0.8718790205189773,4.07781027072914,4.0,0.8301188168764264,7.5241889221915,10.844664189697205,5.411884649630627,270,inf,coil_series_v1 requires non-overlapping coils with min gap; pitch=0.8301188168764264, llcoil=1.7019978373954037, min_gap=0.0
0.0,0.922343766803392,23.62225914001465,1.1631970014383,0.1423517503003539,0.1423517503003539,0.16558312909886527,0.023198341950774193,2704.3465960730814,0.09819918602030543,1.840638879562619,5.251965937433162,3.137382156039207,3.0,7.092604816995781,2.477758101375176,23.75557255236252,-5.768085792143364,271,0.1423517503003539,ood:cond:pp:2704.35 outside [505.725,2097.14]
0.0,0.8008387993300827,11.779428482055664,0.6357267998792866,0.32157675006672737,0.32157675006672737,0.20443495823550176,0.02893330529332161,2401.020289456198,0.03697452738396981,1.5614499444008256,0.9758717377292423,5.764961647696399,6.0,2.537321682130068,4.646275297099562,19.87020538987997,1.353503830572519,272,0.32157675006672737,ood:cond:pp:2401.02 outside [505.725,2097.14]
,,,,inf,inf,,,810.5986518735842,0.042123917607171685,1.343669979089302,-0.31447372287951136,5.595513947167051,6.0,1.0291962562097907,16.71129973741186,22.886477274670604,-5.782758782695409,273,inf,coil_series_v1 requires non-overlapping coils with min gap; pitch=1.0291962562097907, llcoil=1.343669979089302, min_gap=0.0
,,,,inf,inf,,,2225.962059967066,0.08634720086797533,2.5633204066605053,-4.520072935635434,2.2380504723325876,2.0,-1.9567525289749286,12.234351065917815,8.320846007967958,1.0587162820076044,274,inf,series.rrce must be > series.rrc
,,,,inf,inf,,,2537.039768105242,0.051871659772427296,1.3351075126498646,-1.4221622723161094,2.8576949741109594,3.0,-0.08705475966624476,16.349290446805604,16.08812616780687,0.18989229336901658,275,inf,series.rrce must be > series.rrc
,,,,inf,inf,,,1380.8604729530975,0.08230433111216633,2.3576872686137498,1.4932353964686107,4.718924994827779,5.0,3.8509226650823605,5.148573645468943,24.403186970880746,6.315366417810164,276,inf,coil_series_v1 coil rectangle must stay within chamber bbox; part_id='coil_01' rect=(5.148573645468943, 7.506260914082693, 20.315366417810164, 22.673053686423913)
,,,,inf,inf,,,2136.2538470804557,0.08981439959247259,2.4563248629810848,-0.3755161425790474,5.988701200092378,6.0,2.0808087204020373,8.158491743017125,20.64334406542935,-4.604048861002171,277,inf,coil_series_v1 requires non-overlapping coils with min gap; pitch=2.0808087204020373, llcoil=2.4563248629810848, min_gap=0.0
0.0,0.8111802148491644,12.88960075378418,0.4028682635248407,0.5664046976786986,0.5664046976786986,0.22818647700612965,0.028639055788517,2441.2316841278835,0.02382639958988781,1.5491588290679439,1.4807311100193155,4.782513580334106,5.0,3.0298899390872593,3.825893091274015,18.97534278671031,4.435309379197289,278,0.5664046976786986,ood:cond:pp:2441.23 outside [505.725,2097.14]
0.0,0.7374797112056289,9.109980583190918,0.464807820595578,0.5360679010750089,0.5360679010750089,0.2491685527899208,0.027259714901447296,1936.3492249482952,0.0394038443529791,1.3835816489648287,5.050674780817371,3.410428835991997,3.0,6.4342564297822,7.932902353908384,27.23567164325498,-0.20239761905871845,279,0.5360679010750089,
0.0,0.7264737465842155,7.360807418823242,0.33913266855123686,1.324111605373002,1.324111605373002,0.44904950218980844,0.0252603217959404,1764.5331731211677,0.030752015922080395,1.226027186954428,2.0486064013656815,5.202606296037393,5.0,3.274633588320109,11.594873553364422,27.968041494964968,-1.7231227189821192,280,1.324111605373002,
0.0,0.8949272139853913,10.017833709716797,0.7733260426698888,0.3280998762465617,0.3280998762465617,0.2537281788982338,0.028366336598992348,896.893697797636,0.09847927452690582,0.6219252572272431,1.8493232253832503,3.3348231260016186,3.0,2.4712484826104935,10.3523338997054,17.76607934753688,4.6806983994147195,281,0.3280998762465617,
,,,,inf,inf,,,2146.951804247765,0.09527937600571777,1.0099096946907062,-0.056885124490825056,5.732842907410909,6.0,0.9530245701998812,7.784892489200972,13.50303991040026,0.026535083893581835,282,inf,coil_series_v1 requires non-overlapping coils with min gap; pitch=0.9530245701998812, llcoil=1.0099096946907062, min_gap=0.0
,,,,inf,inf,,,514.0598075521671,0.031116583840547767,0.77079672820937,-2.2567957186595926,5.802441145210912,6.0,-1.4859989904502227,17.899160168994836,8.9831662262935,2.335025617796955,283,inf,series.rrce must be > series.rrc
0.0,0.7619075423008727,5.871999740600586,0.525137085215904,1.100070158175206,1.100070158175206,0.5776876363971261,0.023147521540522575,793.7866804900527,0.09738498617827342,0.8556987977746711,2.224327534198171,4.912067203104073,5.0,3.0800263319728423,13.681127744848741,29.081259404712952,5.714578929322551,284,1.100070158175206,
0.0,0.9265735780081624,15.095710754394531,0.08740007118996021,2.6359678300463845,2.6359678300463845,0.23038377600049895,0.02814757451415062,866.227761049993,0.02032917207346362,1.594147014450699,5.160470085515776,3.34300177222354,3.0,6.754617099966475,2.286214769983,22.550066069882426,3.0929992951046277,285,2.6359678300463845,
,,,,inf,inf,,,1099.5437026732861,0.06130407024809218,0.21928952667514304,-3.4936789698003747,2.390212515442981,2.0,-3.274389443125232,17.245847042241536,10.697068155991072,0.7615349800919464,286,inf,series.rrce must be > series.rrc
0.0,3.71387495451709,132.97952270507812,,inf,inf,0.0,0.06132076308131218,814.5186037686043,0.0036513773627817134,0.7762731156837466,3.234582629747302,2.7155286916330836,3.0,4.010855745431049,13.510531514148939,25.543098750442084,1.8406501652092722,287,inf,
,,,,inf,inf,,,1927.8992098112267,0.09221886586510859,2.6887807725025876,-4.240065925518836,4.013848419933545,4.0,-1.5512851530162486,14.29631421005972,8.091173597994725,2.7333994126773558,288,inf,series.rrce must be > series.rrc
0.0,0.7226003202500829,7.653930187225342,0.39597041936205657,0.6792719612281223,0.6792719612281223,0.2689716033483862,0.023853199556469917,1029.6591079763411,0.04750158903488877,1.0548935590069473,14.17782224298456,2.4194573154491885,2.0,15.232715801991507,0.7510909867832396,31.216522590766253,-2.89434778143775,289,0.6792719612281223,
0.0,1.1470240826763638,22.192598342895508,0.8955196298122069,0.43227371261418973,0.43227371261418973,0.3871095950978075,0.02296868897974491,1104.6108857832764,0.07014665038241827,0.22606262491700396,0.5189651890825047,4.3529370891002905,4.0,0.7450278139995086,6.459264287980043,9.439375543978077,-5.383667832258039,290,0.43227371261418973,
,,,,inf,inf,,,2804.839061708608,0.08741159156982965,2.62671269645894,-4.186852212706606,2.480698669407515,2.0,-1.5601395162476663,15.87360225802513,12.753323225529797,-4.524319425248483,291,inf,series.rrce must be > series.rrc
,,,,inf,inf,,,1976.568878109158,0.08684923773150674,2.7191229651452464,-2.394649843067097,2.119514281737575,2.0,0.3244731220781496,16.165520941167216,16.814467185323515,-2.8741043514795748,292,inf,coil_series_v1 requires non-overlapping coils with min gap; pitch=0.3244731220781496, llcoil=2.7191229651452464, min_gap=0.0
0.0,0.7925670201486874,17.10807228088379,0.8909390357609903,0.48726798637033186,0.48726798637033186,0.43412606993398284,0.020788714289665222,2691.7919592997882,0.06162324715656585,0.3033185910543287,2.353590852189106,5.204214204999049,5.0,2.6569094432434346,15.85539351522283,29.139940731440003,-5.481605720243322,293,0.48726798637033186,ood:cond:pp:2691.79 outside [505.725,2097.14]
0.0,0.869069895372753,12.572834014892578,0.4150613649263817,0.5269792695691367,0.5269792695691367,0.2187287349152735,0.02999856323003769,1643.3890741278738,0.03649703244090677,0.4496353244715513,2.4682493054689805,4.688511303235565,5.0,2.9178846299405317,4.616788319873738,19.206211469576395,5.349839978623807,294,0.5269792695691367,
,,,,inf,inf,,,577.4950084734428,0.004944642788158958,0.7096692346390108,-2.0392627754930808,3.72851453480598,4.0,-1.32959354085407,15.162034333978825,9.843660170562545,0.3678688170174791,295,inf,series.rrce must be > series.rrc
0.0,0.727752932226358,12.774802207946777,0.9602447509271504,0.19669258532431808,0.19669258532431808,0.1888730226039671,0.02778337150812149,2334.2678237355144,0.07928804454770993,1.2895726757890358,6.350533601517756,3.385300757079691,3.0,7.640106277306792,3.7277153035313866,26.648034135451763,-2.6157838908710405,296,0.19669258532431808,ood:cond:pp:2334.27 outside [505.725,2097.14]
0.0,0.6333448694547581,11.651623725891113,0.13040697924313263,2.5648854352511083,2.5648854352511083,0.3344789617158045,0.018131187185645103,2360.748948900845,0.013095290394148952,1.0192402903772848,6.461742374965146,3.111605259096867,3.0,7.480982665342431,8.977544270171554,31.420492266198845,3.2726922536013525,297,2.5648854352511083,ood:cond:pp:2360.75 outside [505.725,2097.14]
0.0,0.7738521023534572,11.582991600036621,0.83557648684309,0.22364567859824433,0.22364567859824433,0.18687307042075985,0.029453344643115997,2005.6694757013693,0.07451229685531158,1.4363538613538227,10.911752303187122,2.4021477407703875,2.0,12.348106164540944,1.5438593259998186,26.240071655081707,4.976283496975977,298,0.22364567859824433,
0.0,0.9389613603380093,14.438559532165527,0.9610531484293113,0.23400073470124572,0.23400073470124572,0.2248871428194042,0.028369976207613945,1371.3165453538834,0.0839893037151584,2.017295066785125,0.8491074256266087,2.835539241529141,3.0,2.8664024924117335,8.031218271361915,16.630425748597116,-4.270894583154616,299,0.23400073470124572,
0.0,0.7311113571941397,9.742393493652344,0.4003516776231449,1.3775131794060917,1.3775131794060917,0.551489712323221,0.017493685707449913,2925.9457703040675,0.017282161427341493,0.5336585869202733,2.5835053922819666,3.959577719272147,4.0,3.11716397920224,15.610591359561685,28.079247276370644,-3.8722177824330775,300,1.3775131794060917,ood:cond:pp:2925.95 outside [505.725,2097.14]
0.0,0.8107568410026993,18.871301651000977,0.7378961624072663,0.24708868326582223,0.24708868326582223,0.18232579115611475,0.02413419634103775,2766.463321049361,0.04143070532527979,0.831037386319794,5.6658789851077485,3.3548012732131505,3.0,6.496916371427543,2.7115968308219607,22.20234594510459,-5.032916731825353,301,0.24708868326582223,ood:cond:pp:2766.46 outside [505.725,2097.14]
0.0,1.0726577039296181,58.787452697753906,0.028562541205871313,21.458279261695385,21.458279261695385,0.6129029856192683,0.03792639076709747,1752.4861399742863,0.00525283261950309,1.4031452500153316,1.2840943233289128,3.391649341208928,3.0,2.6872395733442445,4.824804378961165,12.886523098993898,5.419661358312718,302,21.458279261695385,
0.0,0.917188890830384,13.634049415588379,0.31791242919612894,0.9208141381604027,0.9208141381604027,0.2927382595007135,0.02893763966858387,1339.244178351736,0.02746047157428316,0.7956507798537702,1.5206267009968952,5.643182775906714,6.0,2.3162774808506654,3.763012011780586,17.660676896884578,0.7978967282883529,303,0.9208141381604027,
0.0,0.7647044517021482,9.784616470336914,0.7287946027241929,0.2881293590330012,0.2881293590330012,0.20998712174963247,0.028512252494692802,1041.5439539934855,0.09029396019458147,2.8503253903922503,0.0929294292053231,4.678906636260832,5.0,2.9432548195975734,5.7268353386584145,20.44310943664628,1.7108182064339656,304,0.2881293590330012,
,,,,inf,inf,,,2555.251581854795,0.05820288669768807,1.9413425404156066,-3.5582666255997073,2.405333987792311,2.0,-1.6169240851841007,14.105298445500509,10.871450275132307,-4.426519804599102,305,inf,series.rrce must be > series.rrc
,,,,inf,inf,,,886.9155615755096,0.0030616532951603477,1.0487558049574583,-0.5266628318576528,5.573916803756974,6.0,0.5220929730998055,8.236359624066113,11.368917462664946,-1.8622977609460918,306,inf,coil_series_v1 requires non-overlapping coils with min gap; pitch=0.5220929730998055, llcoil=1.0487558049574583, min_gap=0.0
0.0,0.8501247527895552,11.068317413330078,0.8830948749276022,0.5053632212727102,0.5053632212727102,0.44628367068283414,0.02688935212790966,1946.4727600540132,0.08786412183253843,1.6913015942791847,1.6535009944975654,5.250680149876518,5.0,3.34480258877675,13.526551106932574,30.250564050816322,3.8987922638489074,307,0.5053632212727102,
0.0,0.6838183152966949,9.496870040893555,0.7935008014072568,0.2838225569757558,0.2838225569757558,0.22521342641771905,0.025299644097685814,1893.9647865573343,0.0686781906658977,0.25514955797736794,5.705267298333771,3.4854394135702718,3.0,5.960416856311139,8.703875380800694,26.585125949734113,-4.223197533792135,308,0.2838225569757558,
,,,,inf,inf,,,2382.1042848339703,0.00853928566804616,2.3124533877436817,-4.009656934624592,5.294742465004979,5.0,-1.6972035468809097,17.039157856567172,8.553140122162624,6.368042102307898,309,inf,series.rrce must be > series.rrc
,,,,inf,inf,,,1009.2834093521365,0.09694817112015565,2.1955395503361155,-0.16718876048396547,4.4511023860730905,4.0,2.02835078985215,13.66107860836908,21.77448176777768,-0.7221465695743481,310,inf,coil_series_v1 requires non-overlapping coils with min gap; pitch=2.02835078985215, llcoil=2.1955395503361155, min_gap=0.0
0.0,0.7214756443807183,12.398687362670898,0.7246414865670566,0.27171003819417755,0.27171003819417755,0.19689236599222057,0.02878379635512829,2828.103594109405,0.04798592051641364,2.6725080720113206,5.413257632844978,2.6348553642509644,3.0,8.085765704856298,0.39162467418702707,24.648921788755924,3.4691226762676397,311,0.27171003819417755,ood:cond:pp:2828.1 outside [505.725,2097.14]
0.0,0.7916490987361495,10.819829940795898,0.3872496167232161,0.49043790430328704,0.49043790430328704,0.18992189046798524,0.027924126014113426,1711.1514428828623,0.03567929407441022,1.6675457094671817,7.082782011940043,2.492270434314026,2.0,8.750327721407224,6.20962812833959,23.710283571154037,3.451811606881021,312,0.49043790430328704,
0.0,0.8164627181465772,9.406538009643555,0.44677753911237406,0.5604794096781315,0.5604794096781315,0.2504096113791517,0.02550363913178444,689.5241106971318,0.0729076033191094,1.4102748106540013,3.3360089414272744,2.037768973363687,2.0,4.7462837520812755,9.585723666268951,19.078291170431502,5.116636114993906,313,0.5604794096781315,
0.0,0.7045379039993604,10.413496971130371,0.9523608594893688,0.2104333849242881,0.2104333849242881,0.2004085193317522,0.027782650664448738,1658.7833909238584,0.09950788838830209,1.3915184001799794,4.530497948922225,4.290139939136286,4.0,5.922016349102204,4.672950221590208,28.361015617999023,-5.8943207641448705,314,0.2104333849242881,
,,,,inf,inf,,,2988.038177259714,0.01278261680259411,1.1116848865902689,-1.1089537621568104,4.614751816505253,5.0,0.002731124433458376,12.136472102638521,12.150127724805813,-5.965749157719825,315,inf,coil_series_v1 requires non-overlapping coils with min gap; pitch=0.002731124433458376, llcoil=1.1116848865902689, min_gap=0.0
,,,,inf,inf,,,2402.262986955678,0.06908326134203127,1.570007356490731,-0.260112286809681,5.349124298891212,5.0,1.30989506968105,13.072029350899415,19.621504699304666,4.977707291951425,316,inf,coil_series_v1 requires non-overlapping coils with min gap; pitch=1.30989506968105, llcoil=1.570007356490731, min_gap=0.0
,,,,inf,inf,,,2606.8639141081335,0.010966783281784988,2.3102638265153375,-2.2568465762503798,5.444315133019913,5.0,0.053417250264957514,12.943981948037298,13.211068199362085,6.72029983847337,317,inf,coil_series_v1 requires non-overlapping coils with min gap; pitch=0.053417250264957514, llcoil=2.3102638265153375, min_gap=0.0
0.0,0.7391354528503687,7.454785346984863,0.5267590497505847,0.7509640256181359,0.7509640256181359,0.39557709653148304,0.02649254910647869,1807.039711839825,0.05302715161655818,1.0905017642921844,2.824653214195422,4.106308703892251,4.0,3.9151549784876063,11.300068835141845,26.96068874909227,5.3425820388023855,318,0.7509640256181359,
0.0,0.8404904284344409,17.818645477294922,0.8999135355406512,0.2054165845589623,0.2054165845589623,0.18485716486914092,0.03173113986849785,2579.4215201118154,0.07560248488808594,2.5726640533409717,2.083076384075381,4.915977253098906,5.0,4.655740437416353,0.3824533902575442,23.661155577339308,5.135406873806685,319,0.2054165845589623,ood:cond:pp:2579.42 outside [505.725,2097.14]
0.0,0.8112577121666724,18.081459045410156,1.0961105428962752,0.15643011409964058,0.15643011409964058,0.1714646972910833,0.025738412514328957,2410.64696299744,0.09533588993910799,2.186092279194178,3.8055188148265455,3.5544700916059657,4.0,5.9916110940207234,1.5602919990203028,25.526736375103198,-4.780460082235372,320,0.15643011409964058,ood:cond:pp:2410.65 outside [505.725,2097.14]
0.0,0.8965405899160909,24.183727264404297,1.1449928416635275,0.14757660743698262,0.14757660743698262,0.1689741591123336,0.023043544963002205,2999.553716483431,0.09167930250842576,1.5689476966412612,5.532461510143669,3.485857378358402,3.0,7.10140920678493,2.518630911809019,23.82285853216381,-4.32322078047687,321,0.14757660743698262,ood:cond:pp:2999.55 outside [505.725,2097.14]
0.0,0.8755409374732779,21.600515365600586,1.1215337079714744,0.1516505666723267,0.1516505666723267,0.17008122235598988,0.023642459884285927,2653.687312167008,0.08978694003339757,1.7379554545971672,4.729773033086057,3.3552543658231997,3.0,6.467728487683225,3.3286656860623025,22.731851149111975,-4.398752147869299,322,0.1516505666723267,ood:cond:pp:2653.69 outside [505.725,2097.14]
0.0,0.8690483961065175,21.12118148803711,1.1237929553021597,0.14926198073854982,0.14926198073854982,0.16773956244842894,0.024728188291192055,2560.3045170580854,0.08840746609444028,2.1084963539532757,2.6336524451568226,3.5671645757673502,4.0,4.742148799110098,2.4155954733808227,21.384190669821216,-4.20906745945622,323,0.14926198073854982,ood:cond:pp:2560.3 outside [505.725,2097.14]
0.0,0.8918096374937415,22.24704360961914,1.1656671916178438,0.1418822253774336,0.1418822253774336,0.16538745519620301,0.023411747068166733,2581.586624837203,0.096278866998879,2.179914284561788,4.740100832756658,3.3164942706622145,3.0,6.920015117318447,1.5271437461342174,22.28718909808956,-5.021128596441095,324,0.1418822253774336,ood:cond:pp:2581.59 outside [505.725,2097.14]
0.0,0.8925881637814425,24.68765640258789,1.189003817194222,0.1364213340461349,0.1364213340461349,0.1622054869275825,0.022726545110344887,2994.3559884557317,0.09297653399810987,1.7459167810303207,3.228756569544255,3.5409924422492183,4.0,4.974673350574576,1.3745955992484153,21.27328900154672,-5.002746625026059,325,0.1364213340461349,ood:cond:pp:2994.36 outside [505.725,2097.14]
0.0,0.8454875945845909,20.42919158935547,1.139606256055097,0.15274198724971175,0.15274198724971175,0.17406572423205938,0.02432095631957054,2594.8073532312933,0.09741768446807215,1.9771972776401072,5.957729920043274,2.775876613200814,3.0,7.934927197683382,1.6739014004437534,25.478682993493898,-4.303255042850602,326,0.15274198724971175,ood:cond:pp:2594.81 outside [505.725,2097.14]
0.0,0.8919445472679581,23.415531158447266,1.145589776112517,0.14578845209710062,0.14578845209710062,0.16701376019770792,0.022954896092414856,2823.24142250226,0.08892885873551508,2.1708903928692247,4.906550024253651,2.727862923991401,3.0,7.077440417122876,0.5964987480371351,21.828819999405763,-4.605160190859323,327,0.14578845209710062,ood:cond:pp:2823.24 outside [505.725,2097.14]
0.0,0.9601007024018194,21.240001678466797,1.2064869737913915,0.17714080040389224,0.17714080040389224,0.21371806821427683,0.026642801240086555,2097.4549786267303,0.09687355169929898,0.6321960328968494,0.32271116434234093,4.55333592052844,5.0,0.9549071972391904,9.9349955255187,14.709531511714651,1.3628689832181622,328,0.17714080040389224,ood:cond:pp:2097.45 outside [505.725,2097.14]
0.0,0.9015188866030964,15.70341968536377,1.133523116871767,0.19248131909676477,0.19248131909676477,0.21818202476215398,0.029139269143342972,2018.8917180146564,0.08994609583811362,0.6297813274425487,1.2126534968048914,4.10159899571606,4.0,1.84243482424744,10.19849140929275,17.56823070628251,-0.3885128997814826,329,0.19248131909676477,
,,,,inf,inf,,,2125.8832918191415,0.0820406311695999,1.1554564769739941,-0.8148006219090873,4.077709446651929,4.0,0.3406558550649068,11.414144942731728,12.776768362991355,-0.002531713668729507,330,inf,coil_series_v1 requires non-overlapping coils with min gap; pitch=0.3406558550649068, llcoil=1.1554564769739941, min_gap=0.0
0.0,0.8620994429074856,15.52545166015625,1.0898054065224387,0.2138455143724355,0.2138455143724355,0.2330499977236521,0.028565095737576485,2305.562045857434,0.08205051384879172,0.7723230275542726,1.0873696212423485,3.9435721241256534,4.0,1.8596926487966212,10.852717515992845,18.29148811117933,0.44043437588776513,331,0.2138455143724355,ood:cond:pp:2305.56 outside [505.725,2097.14]
0.0,0.892606322849569,18.642093658447266,1.1171215950920803,0.2060059860699796,0.2060059860699796,0.2301337357570125,0.026980331167578697,2475.8112931066307,0.0818632773506145,0.6045564845534925,0.5671765709822361,4.321138481886044,4.0,1.1717330555357286,11.728314184549514,16.41524640669243,1.1530574388758592,332,0.2060059860699796,ood:cond:pp:2475.81 outside [505.725,2097.14]
0.0,1.0460023797504125,22.239500045776367,1.1218177395262876,0.20530261281781592,0.20530261281781592,0.2303121130301229,0.02698340266942978,2036.426308432603,0.0821345811743189,1.0295555983651847,0.34436199366535614,4.4011029823700145,4.0,1.3739175920305409,7.8876176608470265,13.38328802896919,0.19345962105365566,333,0.20530261281781592,
,,,,inf,inf,,,2217.0872588896796,0.0900736964402216,1.0744581049204998,-0.5014005993495525,3.9488135887225,4.0,0.5730575055709473,11.33731265399019,13.62954267627398,0.48535797010434445,334,inf,coil_series_v1 requires non-overlapping coils with min gap; pitch=0.5730575055709473, llcoil=1.0744581049204998, min_gap=0.0
0.0,0.9429503452527364,18.183866500854492,1.152451140947863,0.19044174828619423,0.19044174828619423,0.21947481009653028,0.028736917302012444,1981.053640532801,0.08889663765125856,1.0975994270531775,0.008637753490532862,4.836674590778068,5.0,1.1062371805437103,9.679890621549253,15.211076524267805,-0.12104476013940202,335,0.19044174828619423,
0.0,0.8181406966824918,12.29908275604248,0.933548125694107,0.20024518540619804,0.20024518540619804,0.1869385175152251,0.031257737427949905,1906.3619444276408,0.09138295474023128,1.0915668579632052,5.917166728686237,2.8012963484645246,3.0,7.008733586649441,3.273564710425216,24.29976547037354,6.749862760151341,336,0.20024518540619804,
0.0,0.9029216323095618,19.97431755065918,1.0057269292801094,0.1852864798915717,0.1852864798915717,0.18634760245847115,0.029463861137628555,2493.3678844290766,0.08466770311346423,1.0181867330474,6.400117393544878,2.8313256840985366,3.0,7.418304126592278,0.8749572854581822,23.129869665235017,5.239275853294432,337,0.1852864798915717,ood:cond:pp:2493.37 outside [505.725,2097.14]
0.0,0.9530790076364303,19.924072265625,1.0147754931488118,0.18922793750401481,0.18922793750401481,0.19202387359816916,0.028899751603603363,2156.832741248405,0.08821138500812933,0.7679008990270378,11.117207676439891,2.267348402733634,2.0,11.88510857546693,0.15491460618062303,23.92513175711448,5.548031980484538,338,0.18922793750401481,ood:cond:pp:2156.83 outside [505.725,2097.14]
0.0,0.8565072293454452,14.178857803344727,0.9912049056827315,0.1879962886132621,0.1879962886132621,0.18634284352361202,0.031069129705429077,1947.0573315209333,0.09265555173823564,0.8913234437727764,7.057309402846015,2.868828462315154,3.0,7.948632846618792,0.3740681612214288,24.219966701077805,5.2324873812804675,339,0.1879962886132621,
0.0,0.9160806812192956,18.90023422241211,1.0157610202194962,0.17815666167570335,0.17815666167570335,0.18096459242261206,0.02886335551738739,2302.352567096411,0.08909710303070563,0.8210060327023954,11.019431857744841,2.0693377365863497,2.0,11.840437890447237,1.2095594566067163,24.89043523750119,5.012216616338633,340,0.17815666167570335,ood:cond:pp:2302.35 outside [505.725,2097.14]
0.0,0.8932890953674784,18.428407669067383,1.0072587359048204,0.18746419327069017,0.18746419327069017,0.18882494634125233,0.029438190162181854,2312.9057820255102,0.08964156895286365,1.2030291014730454,11.648889188137705,2.1679357821502467,2.0,12.851918289610751,0.5134950087831599,26.21733158800466,5.722885468404953,341,0.18746419327069017,ood:cond:pp:2312.91 outside [505.725,2097.14]
0.0,0.8935558850283073,17.95336151123047,0.9981636137501184,0.18357973149770757,0.18357973149770757,0.18324260820302823,0.02952045202255249,2341.210114211151,0.0901786524152596,1.131434481557815,11.106910565480023,2.2944671025896803,2.0,12.238345047037837,1.7774961974785835,26.25418629155426,5.460530183679617,342,0.18357973149770757,ood:cond:pp:2341.21 outside [505.725,2097.14]
0.0,0.8166839082244466,12.396735191345215,0.9251529384423379,0.20046493272427465,0.20046493272427465,0.18546072156450827,0.03093978948891163,1911.2264276845694,0.0886686065162084,0.911036090188185,6.181727548513669,2.8112398824677567,3.0,7.092763638701854,2.964324576180028,24.24261549228559,5.886786873737064,343,0.20046493272427465,
0.0,0.9252938327971624,20.326749801635742,0.9446022722654436,0.20198770030386692,0.20198770030386692,0.1907980406767041,0.02490195818245411,2598.4288672820944,0.06197468430076742,2.1150096425174945,6.854339002844609,2.1875037770392805,2.0,8.969348645362103,2.216540569917404,20.155237860641613,-2.821882544184748,344,0.20198770030386692,ood:cond:pp:2598.43 outside [505.725,2097.14]
0.0,0.9478937928598042,21.04638671875,1.0345668613076129,0.17458694528504007,0.17458694528504007,0.18062186800882785,0.024096684530377388,2569.259558066885,0.0735858976249564,1.930523654313074,5.467893018187455,2.1676085587203238,2.0,7.398416672500529,4.4250258563837415,19.2218592013848,-2.7109422001656625,345,0.17458694528504007,ood:cond:pp:2569.26 outside [505.725,2097.14]
0.0,0.8052463997650676,15.78774642944336,0.9582063303272677,0.19289562199142865,0.19289562199142865,0.18483380608460265,0.027728935703635216,2392.594421700026,0.07253157494671174,2.3569665535104116,3.1147020974024873,2.5053147064018533,3.0,5.471668650912899,5.905383177159527,22.320389129898224,-3.6130669599725014,346,0.19289562199142865,ood:cond:pp:2392.59 outside [505.725,2097.14]
0.0,0.904530332427503,21.07923126220703,1.0344757605273258,0.1606546122672705,0.1606546122672705,0.1661933022074073,0.023656535893678665,2618.5703398121336,0.07654023622285841,2.0263966389557666,5.339735543462584,2.3010726968445754,2.0,7.366132182418351,5.993470169034928,20.72573453387163,-4.22872012358557,347,0.1606546122672705,ood:cond:pp:2618.57 outside [505.725,2097.14]
0.0,0.9452737964964808,21.27634620666504,1.030229982976964,0.1747808184650353,0.1747808184650353,0.18006443963193317,0.02419489622116089,2660.001347348104,0.07178278613270456,2.2697792055300736,4.802319230895897,2.2968684179930214,2.0,7.0720984364259705,4.7659719604951345,18.910168833347075,-2.514459651777907,348,0.1747808184650353,ood:cond:pp:2660 outside [505.725,2097.14]
0.0,0.9811264684142252,20.619522094726562,1.0143235006264886,0.19601587303852033,0.19601587303852033,0.19882350651878927,0.025466423481702805,2310.988382958356,0.07250107938871111,2.534925966224285,5.53212390882755,2.424160958358043,2.0,8.067049875051834,2.347381701930524,18.481481452034192,-2.3130040966417424,349,0.19601587303852033,ood:cond:pp:2310.99 outside [505.725,2097.14]
0.0,0.9094040545316848,19.25479507446289,0.9629427255701813,0.19967597502615436,0.19967597502615436,0.19227652762256855,0.026515953242778778,2342.2487019678492,0.06652670640286616,2.110396369713155,3.141049400740849,2.580427265414449,3.0,5.251445770454004,3.0203589316454718,18.774696243007483,-2.9123060905744182,350,0.19967597502615436,ood:cond:pp:2342.25 outside [505.725,2097.14]
0.0,0.8830475834006556,19.413209915161133,0.9394778046051477,0.19546447362756048,0.19546447362756048,0.1836345345619213,0.026145994663238525,2454.957375641698,0.06399725367873561,2.0075233643616803,3.324649206552442,2.5784732582668557,3.0,5.332172570914122,3.6447683144290997,19.641286027171468,-3.5538529753984713,351,0.19546447362756048,ood:cond:pp:2454.96 outside [505.725,2097.14]
0.0,0.8904788221392494,22.92070198059082,1.1448417223106462,0.175837230440761,0.175837230440761,0.2013057977441348,0.02450108341872692,2561.693204090911,0.08924119567354655,0.2016859807434225,1.8038432539210245,5.534749431022239,6.0,2.005529234664447,6.706889377258283,18.740064785244964,2.849234684308186,352,0.175837230440761,ood:cond:pp:2561.69 outside [505.725,2097.14]
0.0,0.8815319207463705,18.388912200927734,1.0680744565831954,0.18595115797689346,0.18595115797689346,0.1986096820071864,0.028936225920915604,2260.71719489127,0.08791056307165024,0.6180367276604732,1.9069049784124212,5.624668728070084,6.0,2.5249417060728945,5.679286142958351,20.828936379395717,3.029487134454438,353,0.18595115797689346,ood:cond:pp:2260.72 outside [505.725,2097.14]
0.0,0.8787283322985641,21.63990020751953,1.210080545184524,0.17044882148402246,0.17044882148402246,0.20625680282744552,0.023768803104758263,2749.9134108948538,0.08462642792438407,0.32117024604159233,1.3242737590375833,5.653169458038187,6.0,1.6454440050791757,7.443377986487128,17.316042016962182,0.016687260811359544,354,0.17044882148402246,ood:cond:pp:2749.91 outside [505.725,2097.14]
0.0,0.879327494834418,20.41752815246582,1.1036683312554423,0.1685024324362763,0.1685024324362763,0.18597079841942799,0.02592039294540882,2799.7984163142405,0.08125798974252553,0.2836776455368606,3.015943778114666,5.171041122099612,5.0,3.2996214236515264,4.885478129983153,21.383585248240784,0.11631802960425836,355,0.1685024324362763,ood:cond:pp:2799.8 outside [505.725,2097.14]
0.0,0.8272733310611973,17.719980239868164,1.1462237751187967,0.18745509671505864,0.18745509671505864,0.21486548862199367,0.02575787529349327,2596.690065059376,0.09550647465068335,0.7243533064150272,2.192026283494016,5.216249989933687,5.0,2.916379589909043,7.670240608370662,22.252138557915877,1.100396762933526,356,0.18745509671505864,ood:cond:pp:2596.69 outside [505.725,2097.14]
0.0,0.8683563815777952,17.608623504638672,1.0641002907096777,0.18142475880066333,0.18142475880066333,0.19305413858171902,0.028019985184073448,2574.2330021882944,0.08154923235634928,0.4829632654503444,2.7677250924321637,5.223507382149014,5.0,3.2506883578825083,5.537183418727418,21.79062520813996,0.9653206618174391,357,0.18142475880066333,ood:cond:pp:2574.23 outside [505.725,2097.14]
0.0,0.8748652702711027,17.216384887695312,1.1216032852983173,0.1758180418607218,0.1758180418607218,0.19719809336570265,0.028339501470327377,2354.748358241509,0.09107777582253804,0.7140923967587312,2.2110884797771813,4.735959103614006,5.0,2.9251808765359124,6.464296332331685,21.090200715011246,0.7067035474182337,358,0.1758180418607218,ood:cond:pp:2354.75 outside [505.725,2097.14]
0.0,0.9062351833943642,22.084705352783203,1.1272588165364887,0.16911207875685388,0.16911207875685388,0.19063308176147659,0.025556696578860283,2623.7820820559386,0.08506727124537775,0.4525798504481191,2.1406886656925117,5.3184231751236,5.0,2.593268516140631,5.832045533334528,18.79838811403768,1.6412025057750854,359,0.16911207875685388,ood:cond:pp:2623.78 outside [505.725,2097.14]
0.0,0.8673985504580494,14.69408130645752,0.909511630240335,0.20787558333968756,0.20787558333968756,0.18906526069043986,0.029007745906710625,1445.2617708094858,0.07899842769352344,2.41905220227041,0.6502481703033318,4.573077449391352,5.0,3.0693003725737418,3.3638678348523863,18.710369697721095,-4.745136972219854,360,0.20787558333968756,
0.0,1.0282767646597661,21.04372215270996,1.0424292292919506,0.22319648541194398,0.22319648541194398,0.23266654026864486,0.026742374524474144,1679.0838531946147,0.08010443710369412,2.388224567414184,0.21295713472967126,4.245168042857323,4.0,2.6011817021438555,4.204598146417416,14.609324954992838,-3.900606280425158,361,0.22319648541194398,
0.0,0.9822394289010792,20.06846046447754,1.131495620562454,0.1757478245940666,0.1757478245940666,0.19885789385156472,0.026859577745199203,1810.7480131594916,0.09217882522764181,2.9270472646813026,0.20990035246093974,4.102550087604868,4.0,3.1369476171422424,3.500120702983437,16.047911171552407,-3.762131482063146,362,0.1757478245940666,
0.0,0.9407924564157135,17.48017120361328,1.12851432964554,0.15678127380040158,0.15678127380040158,0.17692991410383405,0.02974528819322586,1858.5213806857714,0.09736290048256355,2.5299241449348684,1.6430244495847526,4.086134044070409,4.0,4.172948594519621,2.747823461904935,19.43961783998342,-2.732796004879328,363,0.15678127380040158,
0.0,0.920373874574395,14.390430450439453,0.9421643997788351,0.22899804072044586,0.22899804072044586,0.21575380158590812,0.029247550293803215,1477.4800105265215,0.07993600302874615,2.5817736628406505,0.5364248211988039,4.456725550175488,4.0,3.1181984840394543,4.428973745994949,16.901767682152766,-1.941238015058567,364,0.22899804072044586,
0.0,1.043680028378973,20.203081130981445,1.0940803155143197,0.2098640372789911,0.2098640372789911,0.22960811212130755,0.02772962674498558,1495.8978550233123,0.09334497956091968,2.3685053696865386,1.4150459704209521,3.9340195209994686,4.0,3.7835513401074907,1.204317066662668,16.33852242709263,-3.3962558612299207,365,0.2098640372789911,
0.0,0.9278900239994017,15.644432067871094,0.9745947169480549,0.20230101004124723,0.20230101004124723,0.19716149561945495,0.02935914508998394,1459.0325605225926,0.08665803964214872,2.6715680192206337,1.3305776066145114,4.418826661287117,4.0,4.002145625835145,2.459159075659604,18.467741579000183,-4.344692483352199,366,0.20230101004124723,
0.0,0.9643522031232015,19.475988388061523,1.0450408500190493,0.19120029511353828,0.19120029511353828,0.19981211892934514,0.027983957901597023,1726.5998415885888,0.08468886087706409,2.6991600972337673,1.5739320984029361,4.323684007093904,4.0,4.273092195636703,0.7432659788930882,17.835634761439902,-4.149906846890322,367,0.19120029511353828,
0.0,1.000552846479264,25.116497039794922,1.163189068322529,0.19067764044535596,0.19067764044535596,0.22179414693957175,0.024067891761660576,2468.6619972220783,0.08157350357908899,2.5580107803160215,0.340784959119123,4.133151455175281,4.0,2.8987957394351445,1.6818780993860325,13.27706105712661,-0.9160461889092182,368,0.19067764044535596,ood:cond:pp:2468.66 outside [505.725,2097.14]
0.0,1.0391726574920086,24.53307342529297,1.082793312487446,0.2253762019028548,0.2253762019028548,0.24403584421423158,0.023921599611639977,2257.5546686017437,0.07225288544174152,2.064805905688001,1.0503241190590868,3.8379929701871816,4.0,3.1151300247470877,1.2989716599992187,13.75949175898757,-2.252717490761812,369,0.2253762019028548,ood:cond:pp:2257.55 outside [505.725,2097.14]
0.0,0.9807403115896007,22.109621047973633,1.1786929775604018,0.1667881651914791,0.1667881651914791,0.19659203905138067,0.025928819552063942,2001.4727479533049,0.09109987718770607,1.8975904818688016,0.8049917587360975,4.5862097354748474,5.0,2.702582240604899,2.8078216403208933,16.32073284334539,-3.1109487529765363,370,0.1667881651914791,
0.0,0.9747039878969231,23.45794677734375,1.1238431550183492,0.17790313131238455,0.17790313131238455,0.19993521638175393,0.023780453950166702,2358.7187162396053,0.07958429286019152,2.5437383458695604,0.6161420985781425,3.963664038392503,4.0,3.159880444447703,2.6777474244672534,15.317269202258064,-3.7474440834700156,371,0.17790313131238455,ood:cond:pp:2358.72 outside [505.725,2097.14]
0.0,1.0763859273876224,24.393489837646484,1.0505618434168111,0.253957128892687,0.253957128892687,0.266797669478342,0.023516247048974037,2010.5564144472032,0.07133391679862372,2.1820151655010713,1.1084530996001805,4.425715671303443,4.0,3.290468265101252,0.1267008893624259,13.288573949767432,-3.682860914881335,372,0.253957128892687,
0.0,1.0590698182589686,23.574140548706055,1.115080963623868,0.21994878016590305,0.21994878016590305,0.2452606977352895,0.02457207441329956,1952.574906225927,0.08131018026821962,2.1693119481825223,1.2483164116756198,4.145528784323621,4.0,3.417628359858142,0.5250490990112859,14.195562538443854,-2.441527796315062,373,0.21994878016590305,
0.0,0.9973290101515346,25.213869094848633,1.2633228063488076,0.17403608851040608,0.17403608851040608,0.21986375974293568,0.02345118299126625,2278.273314306798,0.09166455517420478,1.9191051413244844,0.3021554496279968,4.651433154514692,5.0,2.221260590952481,1.833256181900291,12.939559136662696,-3.127093782644582,374,0.17403608851040608,ood:cond:pp:2278.27 outside [505.725,2097.14]
0.0,0.9609321531041375,24.757003784179688,1.1979380661651766,0.16991444485285798,0.16991444485285798,0.20354698148056224,0.023176562041044235,2481.775796213088,0.08620556713388203,2.1711802257020985,0.7120433308009098,4.247616102221409,4.0,2.883223556503008,2.8566262239446027,14.389520449956635,-2.606949937963085,375,0.16991444485285798,ood:cond:pp:2481.78 outside [505.725,2097.14]
0.0,0.8976394221712347,23.18547821044922,1.0241654410978183,0.16645342633529617,0.16645342633529617,0.1704758468049318,0.025479134172201157,2831.5650085448397,0.0894342074444629,2.7038454471401017,6.852336938541329,2.2893562865997445,2.0,9.556182385681431,4.760101720574024,23.872466491936887,4.181546524385014,376,0.16645342633529617,ood:cond:pp:2831.57 outside [505.725,2097.14]
0.0,0.883306808699717,23.561565399169922,1.009754090967998,0.18419763487315935,0.18419763487315935,0.18599431535980224,0.025205407291650772,2992.8419998832255,0.08951069040587811,2.2108303583833417,10.305899459651416,2.472774088397606,2.0,12.516729818034758,2.528802165635053,27.56226180170457,5.353219049531763,377,0.18419763487315935,ood:cond:pp:2992.84 outside [505.725,2097.14]
0.0,0.848209901770727,20.43893814086914,1.0393438324869284,0.2018776798694942,0.2018776798694942,0.20982032148912935,0.026437338441610336,2833.0488591903063,0.09580175800498456,2.3389140208097223,5.258329024166871,2.883853448445814,3.0,7.597243044976594,4.181864630470605,26.973593765400388,5.204399457006179,378,0.2018776798694942,ood:cond:pp:2833.05 outside [505.725,2097.14]
,,,,inf,inf,,,2976.9832299455197,0.09788417765005733,2.8406498198259698,4.35118557241622,2.978399846269345,3.0,7.19183539224219,3.244004283660874,24.819510460387445,5.446622254163119,379,inf,coil_series_v1 coil rectangle must stay within chamber bbox; part_id='coil_01' rect=(3.244004283660874, 6.0846541034868435, 19.446622254163117, 22.287272073989087)
0.0,0.8611754586025111,19.709373474121094,0.9954069860708142,0.1883470799753495,0.1883470799753495,0.18748199921350125,0.026678556576371193,2813.0156829386074,0.08774535702213715,2.617547828320003,10.385488280092027,2.2715759607577724,2.0,13.00303610841203,2.672987226643719,28.67905944346778,3.1538367371267833,380,0.1883470799753495,ood:cond:pp:2813.02 outside [505.725,2097.14]
0.0,0.8384522332052302,19.563079833984375,1.0510166320373158,0.1968081176586334,0.1968081176586334,0.20684860497918064,0.026609860360622406,2801.503839721898,0.09578604463833011,2.795914248660452,5.254525277721648,2.9251516421156145,3.0,8.0504395263821,3.228845720154111,27.38016429930041,3.5219728841064843,381,0.1968081176586334,ood:cond:pp:2801.5 outside [505.725,2097.14]
0.0,0.8689696943890308,23.178970336914062,1.0549524978683003,0.16247044097456098,0.16247044097456098,0.17139859753587736,0.02409365214407444,2830.648521628768,0.09760300965339802,2.7267081038504832,8.692588351076552,2.166078523444408,2.0,11.419296454927034,3.311129965561384,26.149722875415453,4.052012541102186,382,0.16247044097456098,ood:cond:pp:2830.65 outside [505.725,2097.14]
0.0,0.8341183262716966,21.68808937072754,1.0491329071949653,0.19786486373669002,0.19786486373669002,0.20758653972380928,0.025367844849824905,2978.715335325008,0.09566824429416415,2.6185307721891773,5.984860595865917,2.5106855322333987,3.0,8.603391368055094,2.551083261450233,28.36125736561552,3.8893577591242185,383,0.19786486373669002,ood:cond:pp:2978.72 outside [505.725,2097.14]
0.0,0.7925021584499968,18.886810302734375,1.0114584103479562,0.18801725629351887,0.18801725629351887,0.19017163516862687,0.024837598204612732,2904.7327431544772,0.07343166433644967,0.7013373920667654,3.97861769894571,3.869744939563211,4.0,4.679955091012475,5.382660075678855,24.102480439728758,-3.168071411840666,384,0.18801725629351887,ood:cond:pp:2904.73 outside [505.725,2097.14]
0.0,0.7915598713195984,21.719663619995117,1.0259665184799656,0.17667305615102624,0.17667305615102624,0.18126064032848385,0.022840304300189018,2942.4692459691482,0.07823273593156624,0.5043473287992815,4.779205439272815,4.299501659795654,4.0,5.283552768072096,4.44396967628806,25.578180748576443,-5.100012479175729,385,0.17667305615102624,ood:cond:pp:2942.47 outside [505.725,2097.14]
0.0,0.7543250448186136,16.811664581298828,0.9050283143956205,0.24001857651837769,0.24001857651837769,0.2172236077300636,0.0251754242926836,2722.8298318962347,0.0589340899574265,0.6947838185617569,2.772967106988545,3.645610215603514,4.0,3.467750925550302,8.314511421163488,22.185515123364695,-4.421351494634887,386,0.24001857651837769,ood:cond:pp:2722.83 outside [505.725,2097.14]
0.0,0.7911565381954341,18.826814651489258,0.9966768698240077,0.20066583056942697,0.20066583056942697,0.19999899189257114,0.024520864710211754,2810.037198488852,0.07074681646816813,0.3777503807768449,3.6749030771466695,3.802508136295872,4.0,4.0526534579235145,6.955338395325196,23.165952227019254,-3.721799402497637,387,0.20066583056942697,ood:cond:pp:2810.04 outside [505.725,2097.14]
0.0,0.8383119587172116,20.863792419433594,0.9754963610732933,0.18290089407418234,0.18290089407418234,0.17841915660641675,0.024414822459220886,2682.612765642456,0.06619422344621338,0.20007029316500385,3.834689900681059,4.3473306566375145,4.0,4.034760193846063,5.019399716629275,21.15844049201353,-3.913173751342857,388,0.18290089407418234,ood:cond:pp:2682.61 outside [505.725,2097.14]
0.0,0.8617360291280709,22.352474212646484,1.0512632088816043,0.1694082272431765,0.1694082272431765,0.17809263658260574,0.02280375175178051,2769.9927848437314,0.0752065938507616,0.23235925098351695,3.7712848194316844,3.809645764983636,4.0,4.003644070415201,5.3956563560469455,21.41023263770775,-4.77015200969182,389,0.1694082272431765,ood:cond:pp:2769.99 outside [505.725,2097.14]
0.0,0.7283949192748471,16.90146827697754,0.8985608092506372,0.2077242885363699,0.2077242885363699,0.1866529048082534,0.02531580813229084,2853.7386355942867,0.06253373821253126,0.6160824631690868,4.604467252821443,3.9376875022698403,4.0,5.22054971599053,4.412568399241007,25.294767263203127,-3.782655109267057,390,0.2077242885363699,ood:cond:pp:2853.74 outside [505.725,2097.14]
0.0,0.764076904056391,17.430673599243164,0.9743504159976352,0.2226354272085847,0.2226354272085847,0.21692492111649572,0.02493668906390667,2880.4669228282387,0.0661345882585179,0.6540668878106659,3.0785034436643492,4.266024462932883,4.0,3.7325703314750154,8.024515986777097,22.954797312677158,-3.4347240547747813,391,0.2226354272085847,ood:cond:pp:2880.47 outside [505.725,2097.14]
0.0,0.6902864730303998,9.344894409179688,0.9590971802130146,0.21512639302895187,0.21512639302895187,0.20632711694346445,0.027663880959153175,2207.627083279655,0.08480356775725753,1.18964857725153,6.747595510069705,3.311566622599295,3.0,7.937244087321235,4.718152782447724,28.52988504441143,-1.0351374149917243,392,0.21512639302895187,ood:cond:pp:2207.63 outside [505.725,2097.14]
0.0,0.7343074945336051,12.670024871826172,1.0007485089806447,0.18674231577062822,0.18674231577062822,0.18688209407104892,0.02813544124364853,2029.8816996854334,0.09046096607360987,1.147790557725643,7.220927353517465,3.2933323620628174,3.0,8.368717911243108,2.474316175316533,27.580469909045856,-4.031476579330076,393,0.18674231577062822,
0.0,0.6972664520892923,9.672937393188477,0.9512854020981011,0.22115669034169755,0.22115669034169755,0.210383131098387,0.027927709743380547,2230.7072186500664,0.08301050928521497,1.0677068393223679,4.474564598508458,3.608013637821304,4.0,5.542271437830825,5.3930442215376235,27.562129972860927,-1.1362220589797931,394,0.22115669034169755,ood:cond:pp:2230.71 outside [505.725,2097.14]
0.0,0.6726715428444807,9.395451545715332,0.8533187702135953,0.25614227797604744,0.25614227797604744,0.21857101364222967,0.026426326483488083,2332.529398333601,0.0710067356007264,1.5487884446624134,6.02654110362917,3.3281344848924217,3.0,7.575329548291584,5.7817828064324805,28.50777145130723,-1.5821089659859102,395,0.25614227797604744,ood:cond:pp:2332.53 outside [505.725,2097.14]
0.0,0.758203293919258,12.255607604980469,0.9026280916961541,0.20302160617285833,0.20302160617285833,0.18325300495289526,0.027989255264401436,2179.5596524621396,0.07124249330657438,1.3222682071355587,4.653085481343371,2.986499248492148,3.0,5.97535368847893,5.7640753363754955,23.690136401812286,-2.176793523983433,396,0.20302160617285833,ood:cond:pp:2179.56 outside [505.725,2097.14]
0.0,0.7789098956570252,14.763839721679688,0.9690070073471706,0.1919210678260173,0.1919210678260173,0.18597285958096238,0.027679821476340294,2413.079464772947,0.07541356081307879,1.3023203767488805,4.930559479442264,2.8874895234254403,3.0,6.232879856191144,5.505311207683116,24.203950776256548,-2.7337297320190896,397,0.1919210678260173,ood:cond:pp:2413.08 outside [505.725,2097.14]
0.0,0.7077390637383654,12.226309776306152,0.9253337744665906,0.2255873306343705,0.2255873306343705,0.2087435761277448,0.026908384636044502,2412.9942451544284,0.0754416561404556,1.0980671602950738,4.157741228473796,3.731683429095723,4.0,5.25580838876887,5.950996463785621,26.9742300188611,-3.296138323726525,398,0.2255873306343705,ood:cond:pp:2412.99 outside [505.725,2097.14]
0.0,0.6798752277427877,11.146234512329102,0.8125716215672286,0.22576709604445955,0.22576709604445955,0.18345193532937074,0.02711934596300125,2146.0768815872207,0.06723580136266379,1.2250259915260822,5.060748661167298,3.802459075682278,4.0,6.28577465269338,2.160974229242231,27.304072840015753,-3.7039730317841966,399,0.22576709604445955,ood:cond:pp:2146.08 outside [505.725,2097.14]
0.0,0.8609378103411819,22.226985931396484,0.9466304188301476,0.1872431329453318,0.1872431329453318,0.17725004536310845,0.0226421058177948,2596.242433245159,0.0626734835530631,0.5732591271412713,3.495321054237036,4.2707621751319405,4.0,4.068580181378307,3.794663882708222,20.06898460822145,-5.822603013352106,400,0.1872431329453318,ood:cond:pp:2596.24 outside [505.725,2097.14]
0.0,0.9102176328284758,24.18441390991211,1.0514582854989212,0.1792378126831594,0.1792378126831594,0.18846108322041155,0.021458644419908524,2948.026339260773,0.06681716873702014,0.5402365316434482,2.4407095191645864,3.9761795106108546,4.0,2.9809460508080345,6.054445568230164,17.978229771462303,-5.677625852670575,401,0.1792378126831594,ood:cond:pp:2948.03 outside [505.725,2097.14]
0.0,0.9662217067283446,23.919538497924805,1.0253618459918226,0.2129173463439468,0.2129173463439468,0.21831732329090953,0.02184615470468998,2879.717574832231,0.05818212617421493,0.8104743612010432,1.5166631957418126,3.7791383176309243,4.0,2.327137556942856,5.889854183854597,15.19840441162602,-4.356778285380221,402,0.2129173463439468,ood:cond:pp:2879.72 outside [505.725,2097.14]
0.0,0.9883781714068133,24.774261474609375,1.0969093166186485,0.18664329212206793,0.18664329212206793,0.20473076601307233,0.021868424490094185,2745.390801155013,0.07102918314228257,0.8417645411150478,2.3794001860602974,4.1964183390743885,4.0,3.221164727175345,3.0791500089748673,15.963808917676248,-5.240051100221931,403,0.18664329212206793,ood:cond:pp:2745.39 outside [505.725,2097.14]
0.0,0.9694476050637243,24.052305221557617,1.063766839745144,0.19185776761065745,0.19185776761065745,0.20409193113174734,0.022087037563323975,2837.840266162473,0.06541322419972116,0.8047119697198781,1.8962366676219589,4.1328855483066835,4.0,2.700948637341837,5.228237963661895,16.032032513029243,-4.455537941590507,404,0.19185776761065745,ood:cond:pp:2837.84 outside [505.725,2097.14]
0.0,0.8845098214552438,23.31684684753418,0.9559265349262249,0.20109708566680337,0.20109708566680337,0.19223404028522956,0.02148124948143959,2900.6487706126786,0.05597479765532412,0.6116788509892215,2.8190177834599703,3.926749959524285,4.0,3.430696634449192,4.60945785373854,18.33224439153531,-5.381420202778187,405,0.20109708566680337,ood:cond:pp:2900.65 outside [505.725,2097.14]
0.0,0.8885672902009173,21.62700843811035,1.0310667966397142,0.18045086487432152,0.18045086487432152,0.18605689519683263,0.023798324167728424,2519.4980903850324,0.06809908001243883,0.4402293325141261,2.38728696663887,4.545165085445526,5.0,2.827516299152996,4.562862818335084,18.700444314100064,-4.515712329772622,406,0.18045086487432152,ood:cond:pp:2519.5 outside [505.725,2097.14]
0.0,0.8912469979216054,21.44075584411621,0.8683909098718067,0.23736255058335648,0.23736255058335648,0.20612348127057367,0.023865001276135445,2629.5662905948902,0.0489693335251533,0.36866441829013485,2.814695002866439,4.2293339636775436,4.0,3.183359421156574,5.304838009108926,18.038275693735223,-4.540716004939496,407,0.23736255058335648,ood:cond:pp:2629.57 outside [505.725,2097.14]
0.0,0.7635897356027738,12.959908485412598,0.8032548273497158,0.22871963576482907,0.22871963576482907,0.18372015153776763,0.03158619627356529,2270.5870865207658,0.06771316273414288,2.2900335518107098,2.1432807946023558,5.264607777551874,5.0,4.4333143464130655,1.2989900448381462,23.465561776903474,4.3582054158518755,408,0.22871963576482907,ood:cond:pp:2270.59 outside [505.725,2097.14]
0.0,0.8918672864401567,19.418014526367188,0.9763286879738452,0.18078264261805477,0.18078264261805477,0.17650328027572995,0.032028716057538986,2325.311358541382,0.08714163653177867,2.2505929420911026,2.2808305355333274,5.259040715734558,5.0,4.53142347762443,0.2670912038830444,22.924208592005193,4.64617418458716,409,0.18078264261805477,ood:cond:pp:2325.31 outside [505.725,2097.14]
0.0,0.8540320151029255,21.088701248168945,0.9760741129882466,0.1979917655749192,0.1979917655749192,0.19325463696251613,0.029174409806728363,2855.884655829971,0.08038324559773717,2.8978114765394185,1.3152784154750456,4.676466022072926,5.0,4.213089892014464,2.088084818125862,23.15353427819818,3.8526226877626546,410,0.1979917655749192,ood:cond:pp:2855.88 outside [505.725,2097.14]
0.0,0.8194395095124682,15.939092636108398,0.8612190480872315,0.20844775237072688,0.20844775237072688,0.17951917487264035,0.0320642925798893,2435.763164328512,0.07080341971317528,2.2779548288854383,2.3010615787814124,4.785374853666709,5.0,4.579016407666851,0.27426825328660426,23.16935029162086,4.643677664100787,411,0.20844775237072688,ood:cond:pp:2435.76 outside [505.725,2097.14]
,,,,inf,inf,,,2410.14584434255,0.07125909363515728,2.314477693025021,2.679915684019306,4.804757462183864,5.0,4.994393377044327,0.5973227763375426,25.569289661559175,5.972272313583904,412,inf,coil_series_v1 coil rectangle must stay within chamber bbox; part_id='coil_01' rect=(0.5973227763375426, 2.9118004693625634, 19.972272313583904, 22.286750006608926)
0.0,0.805939805534131,16.130022048950195,0.9397986406150948,0.21425898415381697,0.21425898415381697,0.20136030204732833,0.030611656606197357,2593.8236026907475,0.08430139020741909,2.711416588922885,2.0699622079879627,4.7191222731507825,5.0,4.781378796910848,2.178778592895201,26.085672577449436,3.8492548530396165,413,0.21425898415381697,ood:cond:pp:2593.82 outside [505.725,2097.14]
0.0,0.8119822124707744,16.163429260253906,0.9512973017717574,0.20240832686067725,0.20240832686067725,0.1925504951986982,0.03115498460829258,2497.6215613751756,0.08373841765341239,2.4864348960294933,2.079339345503934,4.58040334194454,5.0,4.565774241533427,1.8527538214885566,24.681625029155693,3.7096415056760437,414,0.20240832686067725,ood:cond:pp:2497.62 outside [505.725,2097.14]
0.0,0.764393433532567,15.129709243774414,0.8359692410992879,0.24964082387636488,0.24964082387636488,0.20869205008332575,0.0300441887229681,2872.7445924245208,0.06526681434169818,2.3986617136186097,2.115726330666963,5.266023519274719,5.0,4.514388044285573,2.434270045537807,25.00621026696567,4.79530651253473,415,0.24964082387636488,ood:cond:pp:2872.74 outside [505.725,2097.14]
0.0,0.6892232366654791,9.643330574035645,0.9414068522482547,0.21626965118286182,0.21626965118286182,0.20359773155688599,0.02744271792471409,1758.3104277519733,0.0974398368551874,1.545353398129708,4.84384452989744,4.332490704744255,4.0,6.389197928027149,4.425265584297541,29.982057296406136,-5.202771876423259,416,0.21626965118286182,
0.0,0.7120357803067101,9.501791000366211,0.9634951825504225,0.217137298535253,0.217137298535253,0.20921074109072918,0.028281595557928085,1534.9723637287843,0.09932633639750268,1.3615063439701194,3.425636418115581,4.283483888757437,4.0,4.7871427620857006,6.394886158732791,25.543457207075594,-4.289353349394495,417,0.217137298535253,
0.0,0.7085544570950258,11.061202049255371,0.935817061830119,0.19527216565087277,0.19527216565087277,0.18273902431660405,0.027942100539803505,1627.6248132525193,0.09433136311099748,1.078448241817504,4.920128602673715,4.072703818417006,4.0,5.998576844491219,3.016853828271487,27.011161206236363,-5.45999225207061,418,0.19527216565087277,
0.0,0.6815692479406825,9.266274452209473,0.8775319400571171,0.23365501949630224,0.23365501949630224,0.20503974256267363,0.026785340160131454,1442.2355721697643,0.09395329151658577,1.0963726743952393,3.121820921461985,4.704769335420311,5.0,4.218193595857224,5.180021005744457,26.27098898503058,-4.723505676941417,419,0.23365501949630224,
0.0,0.7169629280691401,11.046845436096191,0.9426127508709683,0.18939943321724814,0.18939943321724814,0.17853032075831252,0.028535926714539528,1716.0375226613396,0.09069360204816126,1.712595368066109,3.9548526372892225,4.496980740229624,4.0,5.6674480053553316,3.101980696276737,25.771772717698063,-4.69903837219982,420,0.18939943321724814,
0.0,0.6769013607994996,9.663676261901855,0.8529989095867347,0.22417700238892907,0.22417700238892907,0.19122273859217934,0.026775505393743515,1452.6016845907359,0.09174994178469052,1.4895074069087018,3.231644803132821,4.647317550499447,5.0,4.721152210041523,3.3841724098263484,26.989933460033964,-5.247740936845906,421,0.22417700238892907,
0.0,0.7099154935220666,10.014383316040039,0.9719531194474286,0.21794331350880577,0.21794331350880577,0.21183068342759268,0.02819782868027687,1708.7106066067026,0.09517054060829774,1.1367571660751927,3.706717896992342,3.903194451722919,4.0,4.843475063067535,6.725110951702463,26.0990112039726,-4.4966728093066095,422,0.21794331350880577,
0.0,0.6598744010304135,8.293224334716797,0.8309363293980527,0.2592444147743022,0.2592444147743022,0.21541560242950497,0.025701606646180153,1512.8712176733225,0.09487148967425404,1.1090701644089591,4.192712891155235,4.744591225468499,5.0,5.3017830555641945,4.647927206316737,31.15684248413771,-4.957951687443895,423,0.2592444147743022,
0.0,0.693810382000678,8.70595932006836,0.8346310805300335,0.2032770049580844,0.2032770049580844,0.16966130629507498,0.0255129337310791,1647.1168799874818,0.08733367482918618,0.3934372856979399,11.624159491105363,2.27885195116035,2.0,12.017596776803304,6.3119211991765445,30.347114752783153,-4.2842052631808984,424,0.2032770049580844,
0.0,0.692824793670281,8.287203788757324,0.7168126717608975,0.24715382085745286,0.24715382085745286,0.177162990664745,0.023866860195994377,1478.327900565123,0.08226163206626183,0.5214458433862237,11.054818223106052,2.4329294149969956,2.0,11.576264066492275,8.200451542398083,31.352979675382635,-5.959862755611445,425,0.24715382085745286,
0.0,0.7586441294828519,10.479562759399414,0.8900014975381656,0.17933554644691396,0.17933554644691396,0.15960890489957869,0.026202935725450516,1420.4538268104347,0.09560687708689691,0.23508107410814666,11.08916182844835,2.1172256190238476,2.0,11.324242902556497,5.2952688074899505,27.943754612602945,-5.266761999268431,426,0.17933554644691396,
0.0,0.7463888503038018,9.069403648376465,0.7857010530170777,0.2295074261892405,0.2295074261892405,0.1803242264321255,0.024994218721985817,1204.3875668615701,0.09538770447967501,0.36575655426394726,9.385418823312527,2.1430832851070933,2.0,9.751175377576475,8.609578802066242,28.11192955721919,-4.880294821246533,427,0.2295074261892405,
0.0,0.7108518787975923,8.309356689453125,0.7225295220824455,0.25022479208030746,0.25022479208030746,0.18079479943496382,0.024437425658106804,1239.8742957541133,0.08971251442816665,0.5554999177997293,11.821775305345453,2.2643179526794053,2.0,12.377275223145181,6.3069304237552055,31.061480870045568,-4.4726901327502055,428,0.25022479208030746,
0.0,0.7212927392940826,8.844980239868164,0.7616079853442839,0.24533275890641312,0.24533275890641312,0.1868473882496682,0.02469017542898655,1357.9330303647516,0.08551535895394867,0.2298390540441676,9.36394553195651,2.17283358015952,2.0,9.593784586000679,9.34447065260952,28.532039824610877,-4.884391071448944,429,0.24533275890641312,
0.0,0.7179540113710992,8.905211448669434,0.795714465835029,0.21098591284532933,0.21098591284532933,0.16788454293843721,0.024923283606767654,1362.93333298142,0.09183895986054949,0.5292202949499607,11.182189716293143,2.419175341722733,2.0,11.711410011243103,6.42089555238393,29.843715574870135,-5.1588667706589915,430,0.21098591284532933,
0.0,0.706433017672655,6.925879001617432,0.8879264025342273,0.3079382489210766,0.3079382489210766,0.2734265015671809,0.025084704160690308,1510.5586947744291,0.09790807810441676,0.42271139216519404,6.605005616344006,2.5164223395450005,3.0,7.0277170085092004,9.477465098826912,30.560616124354514,-4.710480158498595,431,0.3079382489210766,
0.0,0.897453333377728,25.10626983642578,1.118935287428814,0.17317040740120915,0.17317040740120915,0.1937664795796368,0.023774150758981705,2983.8437228696694,0.08641405152159623,1.2447269235581393,2.017182348485808,3.266936763835803,3.0,3.261909272043947,7.900106530380752,17.685834346512593,3.432995434233534,432,0.17317040740120915,ood:cond:pp:2983.84 outside [505.725,2097.14]
0.0,0.8868463287020457,17.347023010253906,1.009267049680097,0.21267267820387964,0.21267267820387964,0.2146435264783943,0.02930355630815029,2517.333859030576,0.079858666602773,0.863054696112341,3.0157123109177877,2.9193791697718385,3.0,3.8787670070301288,8.9741657847355,20.610466805825887,4.0101861118854565,433,0.21267267820387964,ood:cond:pp:2517.33 outside [505.725,2097.14]
0.0,0.8320188405385116,14.341933250427246,0.9658448804060039,0.21604909551333376,0.21604909551333376,0.20866991281790118,0.029290933161973953,2494.9397170768334,0.07467795720864026,1.1575649000935995,3.54058905332778,2.526793120005325,3.0,4.69815395342138,7.784679839936075,21.879141700200215,2.6335069339432176,434,0.21604909551333376,ood:cond:pp:2494.94 outside [505.725,2097.14]
0.0,0.8370480492325234,14.193782806396484,0.9865170194919906,0.2681657058175103,0.2681657058175103,0.2645500328330562,0.028566783294081688,2548.8995804816695,0.07470072392168058,1.1326384843460209,1.8719226345376845,2.6419061141536835,3.0,3.0045611188837054,11.837375676058608,20.851059032709724,2.889772278420582,435,0.2681657058175103,ood:cond:pp:2548.9 outside [505.725,2097.14]
0.0,0.9019981966795632,23.478439331054688,1.0782089469549614,0.1880784509105988,0.1880784509105988,0.20278786850123712,0.025185156613588333,2869.428966352067,0.08100745674749574,1.2749471936643642,1.8528402441921297,2.6674471072770283,3.0,3.127787437856494,8.602176465139877,17.98553877870936,3.4755178796511608,436,0.1880784509105988,ood:cond:pp:2869.43 outside [505.725,2097.14]
0.0,0.8752282526552357,19.181041717529297,1.0145621443550061,0.21101222609761483,0.21101222609761483,0.21408501659471948,0.027936531230807304,2832.534194996445,0.07852809328663028,1.3263254897325232,3.4915945435075897,3.28413372384913,3.0,4.817920033240113,7.778765162331266,22.232525262051603,3.447422819319889,437,0.21101222609761483,ood:cond:pp:2832.53 outside [505.725,2097.14]
0.0,0.9355001956291062,23.443416595458984,1.0845359319099372,0.1824126158114911,0.1824126158114911,0.19783303628124485,0.025350933894515038,2660.691541491291,0.08476100280979856,0.9183870135965195,2.3660408214568056,3.2039764843189644,3.0,3.284427835053325,7.8976092508312705,17.750892755991245,3.8572099283708274,438,0.1824126158114911,ood:cond:pp:2660.69 outside [505.725,2097.14]
0.0,0.871887657583067,23.070392608642578,1.108779858833456,0.2062605714393123,0.2062605714393123,0.2286975672833887,0.024452896788716316,2960.298697629643,0.08649089288419505,1.29620209725479,0.9045862063717767,2.717820256598518,3.0,2.2007883036265667,11.541516706984925,18.143881617864626,3.9931391552950424,439,0.2062605714393123,ood:cond:pp:2960.3 outside [505.725,2097.14]
0.0,1.0908721500934793,19.53080177307129,0.9903848686090706,0.2514634649196972,0.2514634649196972,0.24904561066447592,0.029905099421739578,1533.246133976809,0.08693517735524277,1.8302762843666094,1.322716565283517,3.5289176251239187,4.0,3.1529928496501265,2.719407865492191,15.331379264092696,2.8816237617382785,440,0.2514634649196972,
0.0,1.0351151477664258,18.22085189819336,1.0571279272790786,0.19349737933511124,0.19349737933511124,0.20455148355045977,0.03098081238567829,1693.3085080367887,0.0956641694992566,1.7170329061850647,1.539721700509659,3.9355712215595617,4.0,3.2567546066947237,4.4045820250407886,17.431600451819683,3.0413375251764014,441,0.19349737933511124,
0.0,0.94497197864033,14.653597831726074,1.0069226839187224,0.19105184010384835,0.19105184010384835,0.19237443160497758,0.031400855630636215,1577.4673504017867,0.09766502648695842,1.884939098325557,2.1762729005710266,3.9187956741386283,4.0,4.061211998896583,3.244392473718422,19.489240469304754,3.2661559425160864,442,0.19105184010384835,
0.0,0.888988783178209,12.408501625061035,1.004275559247272,0.1956667564585569,0.1956667564585569,0.19650334126851704,0.030215144157409668,1423.492459230029,0.09790350295429098,1.922623326317309,1.7931527483110092,3.6406193383671335,4.0,3.715776074628318,4.522705950696709,19.38581024920998,0.8763632975482556,443,0.1956667564585569,
0.0,1.0002017271273826,14.417863845825195,0.977952830864086,0.24387285135313871,0.24387285135313871,0.23849614535169847,0.030052833259105682,1239.7129527242016,0.09601405897309995,1.8832960148270954,0.5922503436611983,3.6302624642703916,4.0,2.4755463584882937,6.038241882005224,15.940427315958399,2.114967080169098,444,0.24387285135313871,
0.0,0.9001255551752475,12.391249656677246,0.8986115941966787,0.22401648254166173,0.22401648254166173,0.2013038085030951,0.030163247138261795,1271.5218986412667,0.09490776444548629,1.8950470798557482,2.1010332223374824,3.9751434853378074,4.0,3.9960803021932305,3.6371579202757935,19.621479129048716,2.6145860720608236,445,0.22401648254166173,
0.0,0.9938150557339838,17.32370948791504,1.004577667901957,0.20092656802029113,0.20092656802029113,0.20184634312136798,0.03090076521039009,1727.3044774728269,0.08924788174335221,1.8135035594434479,2.2335060502644284,4.395132794737354,4.0,4.047009609707876,2.256526843416179,18.444565282247684,2.9288391726519643,446,0.20092656802029113,
0.0,0.8904702134189033,12.480615615844727,0.9714084005063409,0.20058717651062388,0.20058717651062388,0.19485206829626822,0.030322734266519547,1404.796856099953,0.09733119059470281,1.9495319091686314,1.9836084304901362,4.4404514423613275,4.0,3.9331403396587676,3.944508497432533,19.677069856067604,1.8968849678269257,447,0.20058717651062388,
0.0,1.072685261465971,23.61272621154785,1.2218661640452595,0.20703800006904263,0.20703800006904263,0.2529727269559633,0.024389464408159256,1910.1813122061876,0.08686439191428452,0.5212670430360598,1.3648060578582468,5.861369056848972,6.0,1.8860731008943066,2.6219671006595795,13.938405706025419,-2.948488719413213,448,0.20703800006904263,
0.0,0.9744710278917458,17.85919189453125,1.0481197442701609,0.19131417734296544,0.19131417734296544,0.20052016663196515,0.029588494449853897,1594.0204444125313,0.08743555517109182,0.731078856385275,2.1292634426207506,5.325787346700705,5.0,2.860342299006026,4.0837884712713155,18.385499966301445,-3.0477126874400033,449,0.19131417734296544,
0.0,1.1212101245518857,20.58308219909668,0.9870947714069439,0.3121409384828304,0.3121409384828304,0.30811268831845845,0.027709834277629852,1506.8763290196798,0.06844636006915919,0.22796690009756848,1.410827455149577,5.815900741630115,6.0,1.6387943552471453,3.6399966592043422,13.472762790687215,-1.9496278934234388,450,0.3121409384828304,
0.0,1.0529244881016244,22.830656051635742,1.1126412053966255,0.2209572887703759,0.2209572887703759,0.24584618411864131,0.025738811120390892,2011.1433736321042,0.07384696448260906,0.44596080639356406,1.741287566642719,5.651904901750372,6.0,2.187248373036283,2.3165070220001214,15.439997260217819,-2.358145785974077,451,0.2209572887703759,
0.0,1.0590979391040896,23.158193588256836,1.1015777601731969,0.229234820059958,0.229234820059958,0.25251997963535433,0.024445336312055588,1942.7860775561112,0.07222136487533558,0.3204606855513392,1.6414426751744766,5.796870565539072,6.0,1.9619033607258158,3.0981204874272703,14.869540651782165,-4.154857524813244,452,0.229234820059958,
0.0,1.143271729660203,23.0902099609375,1.1826911378578493,0.23444535638358632,0.23444535638358632,0.2772764453067927,0.024650976061820984,1496.5763175930456,0.09023977047193227,0.3874490092983014,1.361349719714793,5.697644597700779,6.0,1.7487987290130944,3.0779431458720286,13.570735519950595,-4.697171216546591,453,0.23444535638358632,
0.0,1.035395348246375,18.849727630615234,1.0984829346650045,0.21381413883607003,0.21381413883607003,0.2348711827015169,0.028858846053481102,1456.9550224142765,0.08786546697262651,0.34759010711062,1.6154938884604162,5.742211472806869,6.0,1.9630839955710362,4.779361085501099,16.557865058927316,-3.572681878944195,454,0.21381413883607003,
0.0,1.0465543340471297,22.69606590270996,1.2158135868653093,0.18857069855842798,0.18857069855842798,0.22926681739201932,0.024700060486793518,1904.6068647044135,0.08846679430358853,0.7106500273861016,1.4158655731662662,5.9253448122003185,6.0,2.1265156005523678,2.6907278150089864,15.449821418323191,-4.446297702959446,455,0.18857069855842798,
0.0,0.7801782571475465,12.309319496154785,0.8102656208739263,0.21724542348748532,0.21724542348748532,0.17602649794410635,0.02719031274318695,1398.6237979244427,0.07623234572481193,1.1061857385114646,3.7918500016454004,4.268331052712515,4.0,4.898035740156865,2.6986801037554584,22.290823064382916,-5.037028213196332,456,0.21724542348748532,
0.0,0.8092898954705301,12.500444412231445,0.9716475644391713,0.1961942260392199,0.1961942260392199,0.19063164188803627,0.029182501137256622,1670.1647376003232,0.08499007633935406,1.6632404346985248,1.8774037681542524,3.992961783694594,4.0,3.540644202852777,6.5788118130007565,20.741388624411865,-4.105569325837751,457,0.1961942260392199,
0.0,0.8118890655048155,13.376568794250488,0.8186890292096672,0.22916855215627047,0.22916855215627047,0.18761777949020206,0.02738998457789421,1354.3934987096504,0.0728522102418936,1.1685042305351256,2.0978622998515535,4.609560651839718,5.0,3.266366530386679,3.854919842152042,20.18675249408544,-5.467442231020866,458,0.22916855215627047,
0.0,0.9402762245335075,16.88865089416504,0.9360876330983375,0.2206180640043285,0.2206180640043285,0.20651784135254941,0.02848917618393898,1422.9647823500623,0.08175181997922493,1.2969826071495199,2.55780611575074,3.94108872442715,4.0,3.8547887229002598,3.3829789765187113,18.80213386811975,-5.35255478125745,459,0.2206180640043285,
0.0,0.8414417163202312,13.519674301147461,0.7582076698533733,0.26883077228453967,0.26883077228453967,0.20382955343874362,0.02736557088792324,1470.1884138212836,0.0629181662648677,1.3275313975159837,2.8612114046221335,4.414421515131918,4.0,4.188742802138117,2.925754852783861,19.68072606133633,-4.642209436006253,460,0.26883077228453967,
0.0,0.7464090946593248,13.055487632751465,0.9266679034524204,0.1957047964516986,0.1957047964516986,0.18135335342347825,0.028315212577581406,1793.3330136523227,0.07985726759769605,1.3664518469979727,2.1699752363885705,4.6256634201843,5.0,3.536427083386543,5.193166511487226,22.875301928419944,-5.556803986834498,461,0.1957047964516986,
0.0,0.9226663176402657,16.427915573120117,0.972546932670541,0.20571856464346483,0.20571856464346483,0.20007095903738814,0.02907186932861805,1530.489341017178,0.08311237838059221,1.7626794546538322,1.2206982370780874,4.317583369145481,4.0,2.9833776917319197,6.203785577142341,18.13729634407002,-5.360236108628345,462,0.20571856464346483,
0.0,0.7215756756266201,10.806591987609863,0.7460072530786829,0.2570227626899041,0.2570227626899041,0.19174084517298953,0.02651316486299038,1391.4043298661109,0.06939712904761856,1.6032348748459697,1.525089746360483,4.640019509401293,5.0,3.1283246212064526,6.230504184578237,21.8721272906105,-5.271874099288945,463,0.2570227626899041,
0.0,0.8069480621832857,11.677562713623047,1.0899783744564597,0.1976483646796133,0.1976483646796133,0.21543244324746247,0.02921193093061447,2200.16812673633,0.09510907365495945,1.6247895299153738,3.563341608426387,3.1364284004012477,3.0,5.1881311383417605,8.12630763379433,23.690701048819612,0.5602111514127124,464,0.1976483646796133,ood:cond:pp:2200.17 outside [505.725,2097.14]
0.0,0.8030146043739262,11.330525398254395,1.1091453023632296,0.2501957634780919,0.2501957634780919,0.27750345573290736,0.02773187682032585,2254.523949221107,0.0974399556835019,1.902631539658975,1.6233954849407095,3.638195488497437,4.0,3.5260270245996845,10.901238261046418,25.005346359445156,-1.1543464067413964,465,0.2501957634780919,ood:cond:pp:2254.52 outside [505.725,2097.14]
0.0,0.7406649188996189,9.028877258300781,0.9718026503499382,0.3307472102600234,0.3307472102600234,0.321421015526539,0.026861118152737617,2194.709429523577,0.07968811554398895,1.596981840725987,1.7430391469345747,3.7439079208170463,4.0,3.3400209876605618,11.798425159351543,25.15850910999379,-1.3473554988056673,466,0.3307472102600234,ood:cond:pp:2194.71 outside [505.725,2097.14]
0.0,0.8241671072006597,13.350004196166992,1.0476878446394213,0.20994356320086455,0.20994356320086455,0.21995531922583392,0.028964893892407417,2279.463115518496,0.08240512579162425,1.8244336648996888,2.201105682778172,3.135696472583939,3.0,4.025539347677861,9.243576162161958,21.32019420519554,-0.8770577015129807,467,0.20994356320086455,ood:cond:pp:2279.46 outside [505.725,2097.14]
0.0,0.8020506134739138,12.268407821655273,1.0128352611129785,0.23283800776457111,0.23283800776457111,0.2358265443912551,0.028699301183223724,2185.5511166728643,0.07841405369237217,2.0028686115614835,1.2149195606450465,3.1560669383589817,3.0,3.21778817220653,10.673973495939034,20.327338012558624,-1.3514180322696139,468,0.23283800776457111,ood:cond:pp:2185.55 outside [505.725,2097.14]
0.0,0.754351822041557,11.353655815124512,1.0043452666251933,0.23804464458343583,0.23804464458343583,0.23907901203285023,0.02757430262863636,2429.9929294482727,0.08043902180766227,1.7336178536639746,3.5312023260465946,3.4244744892704877,3.0,5.264820179710569,9.03675135473937,24.831211893871078,-1.243908182514052,469,0.23804464458343583,ood:cond:pp:2429.99 outside [505.725,2097.14]
0.0,0.8467141339699109,14.620318412780762,1.0732493190362982,0.2163725810459803,0.2163725810459803,0.2322217252657246,0.028541043400764465,2323.14906430079,0.08264111688144925,2.154864375727703,0.8118704433463009,3.349180653266543,3.0,2.966734819074004,10.737217326420934,19.637421783642946,-1.1586991346773896,470,0.2163725810459803,ood:cond:pp:2323.15 outside [505.725,2097.14]
0.0,0.8709491541463096,16.6701717376709,1.1233835545079507,0.20085037839753983,0.20085037839753983,0.2256320120084952,0.02765529789030552,2429.7909269466963,0.08728741831485524,1.6313500715696694,1.3808367963377612,2.8996841190980347,3.0,3.0121868679074306,10.586780802939147,19.62334140666144,-0.440436694942848,471,0.20085037839753983,ood:cond:pp:2429.79 outside [505.725,2097.14]
0.0,0.8595158525655816,15.374223709106445,0.922884782612795,0.20418876327835586,0.20418876327835586,0.18844270241012093,0.031171150505542755,2270.078278165159,0.0782340640888216,1.2563801554238514,6.2749476765968675,2.743036978798461,3.0,7.531327832020719,0.6781743875248112,23.27215788358697,5.667652615723763,472,0.20418876327835586,ood:cond:pp:2270.08 outside [505.725,2097.14]
0.0,0.7448769899017941,10.571242332458496,0.7084433646736924,0.2698616271232661,0.2698616271232661,0.19118167911552403,0.029987884685397148,2013.5513643022132,0.06342871607681011,1.6372478353370608,5.641734266611625,2.7519095036100807,3.0,7.278982101948685,3.7225464531760233,25.559492759022078,3.612192658531104,473,0.2698616271232661,
0.0,0.7039115071651764,9.353692054748535,0.8507081898951223,0.26222629208815323,0.26222629208815323,0.22307805428522245,0.02969219908118248,2111.566868625853,0.07980435794621218,1.7343319388812568,6.924324906320942,2.705841701476971,3.0,8.658656845202199,2.7751171910550747,28.75108772666167,3.651877618320028,474,0.26222629208815323,ood:cond:pp:2111.57 outside [505.725,2097.14]
0.0,0.7889423941120917,10.954194068908691,0.7290520388335121,0.2711546407556112,0.2711546407556112,0.19768584368204686,0.028984516859054565,1718.5116026294054,0.06684895785836062,1.2690089781809304,11.068388681925821,2.4673817502254622,2.0,12.337397660106753,0.881217317646174,25.55601263785968,5.0781269190723055,475,0.2711546407556112,
0.0,0.7578012339194263,10.919027328491211,0.8238824889669543,0.2326799705801771,0.2326799705801771,0.191700953294354,0.03065110743045807,2003.0924537328208,0.07663269796675291,1.2417554907695814,6.175894246203889,2.6590456187512714,3.0,7.417649736973471,2.8276705872951022,25.080619798215515,5.957441671867121,476,0.2326799705801771,
0.0,0.7070621430152882,9.812007904052734,0.7957149860393419,0.28470103828611554,0.28470103828611554,0.22654088270522257,0.02983318641781807,2177.4628799849334,0.07286105433507983,1.5577485104784645,7.533399964832823,2.7520119273232204,3.0,9.091148475311288,1.460944502199069,28.73438992813293,4.879625493754436,477,0.28470103828611554,ood:cond:pp:2177.46 outside [505.725,2097.14]
0.0,0.779582688957189,11.133841514587402,0.8540745620546197,0.2146877696293499,0.2146877696293499,0.1833593628246701,0.030375627800822258,1841.2760553985945,0.07993587220803383,1.5690310238062017,5.201140658883668,2.5180525453902503,3.0,6.7701716826898695,3.547026469690555,23.85754151776016,4.085164758484388,478,0.2146877696293499,
0.0,0.7079223211733074,9.541095733642578,0.7923753393764168,0.2849968058414645,0.2849968058414645,0.2258244407498252,0.029957592487335205,2078.8023490481364,0.0750244579155626,1.4613240725903522,7.961454079871746,2.8005211137416497,3.0,9.422778152462099,0.624669124930898,28.893003582317192,5.828541052998002,479,0.2849968058414645,
0.0,1.1329415698469776,24.522991180419922,1.0816613479026955,0.23420568486226226,0.23420568486226226,0.2533312367745885,0.02585858479142189,1868.0308522078603,0.09404658175235378,0.38298041724074117,1.9045187413920617,3.2348220613239924,3.0,2.287499158632803,6.821889729374257,13.684387205272666,6.291583989708546,480,0.23420568486226226,
0.0,1.1344319531840146,22.94264030456543,1.040317004705183,0.222054361330158,0.222054361330158,0.23100692806071238,0.029071537777781487,1739.1668695227704,0.09329817918306635,0.5111126854622461,2.2053683934825656,3.8083749785681524,4.0,2.7164810789448115,4.943423604066943,15.80934791984619,5.735709560775874,481,0.222054361330158,
0.0,1.1385108628456952,24.837688446044922,1.049223227668783,0.22855312501904917,0.22855312501904917,0.23980324752627363,0.027514932677149773,1865.1838042131571,0.08974343268360314,0.948124185582717,1.3599584043611594,3.8832576917975636,4.0,2.3080825899438766,5.039084082998484,14.271414442773992,5.632017169148658,482,0.22855312501904917,
0.0,1.122329495654963,24.351228713989258,1.0989976768325644,0.2276966359672652,0.2276966359672652,0.2502380739506146,0.025925835594534874,1855.6820350879766,0.09472962931329798,1.0016410628044747,1.13797122531173,3.4950127191020215,3.0,2.1396122881162047,6.825462699226925,13.24429956357554,5.215507581802229,483,0.2276966359672652,
0.0,1.1518407233610477,23.107587814331055,1.0799380410653185,0.22400661502633235,0.22400661502633235,0.2419132650172103,0.028431398794054985,1623.5655299624532,0.09966243923616426,0.7678641257566203,1.2486144251707587,3.9695243122263446,4.0,2.016478550927379,6.275151174828457,14.341065378537973,5.722057428823549,484,0.22400661502633235,
0.0,1.1143565041392036,24.021574020385742,1.0882384210810716,0.21120386704430416,0.21120386704430416,0.22984016279851013,0.026639465242624283,1890.5715473650007,0.0981660903718162,0.926937550208177,3.003191938058488,3.16520525658054,3.0,3.930129488266665,4.153016275991389,15.943404740791383,6.5391153779676525,485,0.21120386704430416,
0.0,1.1881885921955784,25.26040267944336,1.0349951195081624,0.27427625967508124,0.27427625967508124,0.28387459016066247,0.0266118086874485,1664.9911349199947,0.09113039685025372,0.719257428264503,1.147358326217802,3.903785305265357,4.0,1.866615754482305,4.710510642693368,12.176973660622588,6.516181314123567,486,0.27427625967508124,
0.0,1.1188438745852762,21.78171157836914,1.0078979369542285,0.22576942399775138,0.22576942399775138,0.2275525366746781,0.03024463728070259,1711.9504613826632,0.09146828359064348,0.8863895690755704,2.30770285312132,3.8088131416032276,4.0,3.1940924221968907,3.7056290039513606,16.481998692738923,5.983972852424305,487,0.22576942399775138,
0.0,1.0266024192819885,24.738388061523438,1.1344293127847427,0.21630551003635115,0.21630551003635115,0.2453833111020911,0.022345159202814102,2491.994249462285,0.07871577357966972,0.3050733629149812,3.790462801618245,2.9078871993389823,3.0,4.095536164533226,2.207228492884247,14.493836986483927,-1.1081877977021501,488,0.21630551003635115,ood:cond:pp:2491.99 outside [505.725,2097.14]
0.0,1.031704471976335,23.456274032592773,1.0392608598990296,0.22239900401940185,0.22239900401940185,0.2311305801578913,0.023615356534719467,2435.6431973573976,0.06959207294089216,0.5460976549655676,4.828339273759119,2.567941711885792,3.0,5.374436928724687,1.105671450938371,17.22898223711243,-1.6041351057159043,489,0.22239900401940185,ood:cond:pp:2435.64 outside [505.725,2097.14]
0.0,0.9788869447619367,21.396364212036133,0.9571501855211143,0.21741911386213708,0.21741911386213708,0.20810274516898078,0.02376478724181652,2509.563127012818,0.06376098773459729,0.2521218692510028,7.658280099272161,2.35423138210271,2.0,7.910401968523163,3.578862082862186,19.399666019908512,-2.404468612541004,490,0.21741911386213708,ood:cond:pp:2509.56 outside [505.725,2097.14]
0.0,1.0573506986531347,22.32110023498535,1.013763435658172,0.25322929586773973,0.25322929586773973,0.25671460098817955,0.024442588910460472,2066.744831069956,0.07067103263066032,0.5675416014500285,3.7594528332119825,2.743738956021642,3.0,4.326994434662011,2.674516616089919,15.655499920075954,-1.889463973924584,491,0.25322929586773973,
0.0,1.0427510935122781,22.75874137878418,1.0089254705231754,0.24714419239592397,0.24714419239592397,0.2493500706001278,0.02334044687449932,2300.9178162827816,0.06889853494274092,0.48218964886231325,5.927549445607697,2.0432099458595867,2.0,6.409739094470011,3.1949775381904315,16.014455727130454,-2.290478882838405,492,0.24714419239592397,ood:cond:pp:2300.92 outside [505.725,2097.14]
0.0,0.9995898178805765,23.285459518432617,1.0983093164755924,0.19353180857375624,0.19353180857375624,0.2125577883909274,0.02347523905336857,2455.081522271362,0.0772776858677426,0.41153355746658254,3.944347770919176,2.619835110730138,3.0,4.355881328385759,3.7401548993157046,16.80779888447298,-1.491370399292824,493,0.19353180857375624,ood:cond:pp:2455.08 outside [505.725,2097.14]
0.0,1.0336582904181055,22.84325408935547,1.0263130395778595,0.2259645100751311,0.2259645100751311,0.23191032317192964,0.02338704653084278,2264.211575442427,0.07016695975110812,0.5136294591512058,3.6824646756944057,2.8662033906929407,3.0,4.196094134845612,3.700734394953133,16.289016799489968,-2.810193823198522,494,0.2259645100751311,ood:cond:pp:2264.21 outside [505.725,2097.14]
0.0,1.0545432438883386,21.95155906677246,1.0808463828210848,0.23472372506636544,0.23472372506636544,0.2537002892002719,0.023932218551635742,2044.4220033009515,0.08069435906486194,0.2848529309751991,5.96945449190297,2.330873766280492,2.0,6.254307422878169,3.1347998212555797,15.643414667011918,-1.6677685731162701,495,0.23472372506636544,
0.0,0.7378013407966496,10.243021965026855,0.7981591660032437,0.2802582948960529,0.2802582948960529,0.22369072691972472,0.02832258865237236,1865.260308398548,0.06351650834542723,1.4821237909938394,0.8691488876821323,5.813083297120979,6.0,2.3512726786759717,7.234414742030403,21.34205081408623,0.8928610556081265,496,0.2802582948960529,
0.0,0.8748494756351862,14.351205825805664,0.9775418694569386,0.20292436001128428,0.20292436001128428,0.19836705824378364,0.030048679560422897,1745.0401951480462,0.07798293151262936,1.636937219296065,0.9314381251567343,5.244130835657899,5.0,2.5683753444527992,5.329676545997653,18.17155326826165,-0.8025595158843977,497,0.20292436001128428,
0.0,0.7882808751634977,11.145670890808105,0.9131654152826794,0.2397571256905253,0.2397571256905253,0.21893791524817008,0.029193947091698647,1676.2869847427514,0.07551981738597185,1.318333776847482,0.7565539883172232,5.0226924010842655,5.0,2.0748877651647053,8.148530650986421,18.522969476809948,0.7437570973292906,498,0.2397571256905253,
0.0,0.7386025671480957,10.48919677734375,0.8322488048793604,0.24255890628803492,0.24255890628803492,0.20186935987106183,0.028906816616654396,1832.8229102035025,0.07061368836671242,1.4536910304967696,1.6610716552636497,5.156851720026307,5.0,3.1147626857604194,6.287584224758184,21.86139765356028,0.7502862561090669,499,0.24255890628803492,
0.0,0.7171707284619948,9.330395698547363,0.715859852536383,0.31832092637048864,0.31832092637048864,0.22787317141082283,0.02790309488773346,1603.9773607270895,0.06870438915326993,1.8210710774792178,1.4951493707513375,5.001118096114967,5.0,3.3162204482305553,6.842152162099147,23.423254403251924,0.7457885059515801,500,0.31832092637048864,
0.0,0.795457782484586,12.233644485473633,0.7805700177773321,0.2385221553144015,0.2385221553144015,0.18618324301404995,0.029199765995144844,1764.381528567654,0.06144008126947656,1.5726561225036009,1.5641835901133097,5.196880427885267,5.0,3.1368397126169105,4.2809191385177625,19.965117701602317,-0.3309315822735549,501,0.2385221553144015,
0.0,0.8152291354778133,12.77962875366211,0.9680703794818935,0.20846040575820612,0.20846040575820612,0.2018043441092961,0.02958933636546135,1919.417880951705,0.07540825358248703,1.4442659505962503,0.8717899046339705,5.6032575379100305,6.0,2.316055855230221,5.554572999250683,19.45090813063201,0.9572564091245863,502,0.20846040575820612,
0.0,0.7369638763515545,9.838530540466309,0.9430969310351487,0.2461148700231937,0.2461148700231937,0.2321101786009885,0.02917552925646305,1845.388678616739,0.08244489308622657,1.5551151581383318,1.1448949770457009,5.199278638672047,5.0,2.7000101351840327,8.047412560659955,21.547463236580118,1.2733971866272187,503,0.2461148700231937,
0.0,0.7239107190660128,7.187359809875488,0.9738297565060166,0.2978636336974914,0.2978636336974914,0.29006846987562535,0.027739746496081352,1734.1659609960539,0.09176360173560523,0.4623949847501515,3.7874461887869986,2.601102266054041,3.0,4.24984117353715,11.770082820751238,24.51960634136269,1.5786492829091099,504,0.2978636336974914,
0.0,0.9047413809872024,11.376433372497559,0.9515094150803198,0.2160502302925027,0.2160502302925027,0.20557382825358764,0.02794744074344635,1225.1855844193865,0.09972851660228743,0.4438057203711302,5.968038590499341,2.2020970284226924,2.0,6.411844310870471,8.282486506027578,21.10617512776852,0.09513481737638307,505,0.2160502302925027,
0.0,0.845973042817909,10.970622062683105,1.0428556667774052,0.21622761227818127,0.21622761227818127,0.22549419077804897,0.028872579336166382,1519.8905133754295,0.0967003982232883,0.2993426894760328,2.715426257548179,2.5617703159289587,3.0,3.014768947024212,10.177527493551977,19.221834334624614,1.754097808391447,506,0.21622761227818127,
0.0,0.8251030723341979,10.547327041625977,0.8445453294008488,0.22673627537036004,0.22673627537036004,0.19148906236978228,0.02713834121823311,1250.056325273297,0.08968918856478052,0.47524136040974335,6.927338976250465,2.2667182539101844,2.0,7.4025803366602085,8.385542362937771,23.19070303625819,-0.23839866105016827,507,0.22673627537036004,
0.0,0.7827054105763304,9.450297355651855,1.0252694447007535,0.2207497074782052,0.2207497074782052,0.2263279300040332,0.028013600036501884,1700.9312559583705,0.09673010522345696,0.310495759140203,5.771369906225908,2.193490386417716,2.0,6.08186566536611,12.09591314106513,24.25964447179735,-0.501102027232234,508,0.2207497074782052,
0.0,0.8963965498017652,11.855437278747559,1.0195001187691473,0.18362403625516632,0.18362403625516632,0.18720472677101227,0.028656011447310448,1494.9225624366138,0.09878194004455698,0.5303517553903396,6.408283160604846,2.291222833756967,2.0,6.938634915995185,8.038314855469368,21.915584687459738,-0.6104576321513445,509,0.18362403625516632,
0.0,0.8751331689892173,10.954548835754395,1.0026107103695512,0.21059443100676595,0.21059443100676595,0.21114423207156505,0.02833903394639492,1409.9829795542814,0.09886055539978855,0.3149940385636616,4.7669789454873595,2.381601797761847,2.0,5.081972984051021,10.432770359600823,20.596716327702865,1.0434781255723227,510,0.21059443100676595,
0.0,0.7300057827752197,8.196413040161133,0.9542304087641942,0.24792749579530138,0.24792749579530138,0.23657995565663348,0.02787933684885502,1550.560280701172,0.09240316761764363,0.2759381753929008,4.399695205260665,2.6027741981013577,3.0,4.675633380653566,9.699606580688393,23.72650672264909,0.6687957213454931,511,0.24792749579530138,
